stage,complete_id,structure_id,cv_seed,fold,n_train,n_validation,positive_train,positive_validation,log_loss,brier_score,roc_auc,mean_probability,observed_prevalence,prevalence_bias,max_depth,min_samples_leaf,max_features,criterion,max_samples,strategy,sampling_ratio,k_neighbors,calibration,calibration_folds,mdi_GrLivArea,mdi_LotArea,mdi_OverallQual,mdi_OverallCond,mdi_YearBuilt,mdi_YearRemodAdd,mdi_TotalBsmtSF,mdi_GarageArea,mdi_BedroomAbvGr,mdi_Fireplaces,mdi_WoodDeckSF,mdi_OpenPorchSF
imbalance_screen,s48|none|r=None|k=None|cal=none|folds=None,48,9618,1,240,60,38,9,0.4290855504712417,0.13423654711025415,0.6296296296296295,0.12549346773124223,0.15,-0.024506532268757764,8,1,4,log_loss,0.7,none,,,none,,0.14319403301885053,0.1350977693863447,0.10869449380035383,0.0767121351205455,0.09465651930972035,0.06203887299022968,0.1016695223252396,0.12816916299940131,0.027385805356358237,0.035575656629896646,0.03285014296213075,0.053955886100928774
imbalance_screen,s48|none|r=None|k=None|cal=none|folds=None,48,9618,2,240,60,38,9,0.34279328533748615,0.10871427199832083,0.8464052287581699,0.15938506361981641,0.15,0.00938506361981642,8,1,4,log_loss,0.7,none,,,none,,0.14221067913274626,0.14973854454787594,0.0932037068135408,0.07573486004525104,0.07850579822783889,0.053430372070418404,0.10239251204278815,0.105541777716076,0.05262438306191665,0.027250380660050665,0.056594019730790986,0.06277296595070622
imbalance_screen,s48|none|r=None|k=None|cal=none|folds=None,48,9618,3,240,60,38,9,0.29113821892649744,0.08428932297355714,0.8660130718954248,0.17637910209085947,0.15,0.026379102090859474,8,1,4,log_loss,0.7,none,,,none,,0.13304562607945836,0.13809792281863675,0.09857421770859039,0.060179842771390706,0.08359973350240908,0.08191717124041835,0.1116291767894584,0.10474191970170622,0.04831198455399481,0.0286439983951635,0.051569821620830306,0.05968858481794316
imbalance_screen,s48|none|r=None|k=None|cal=none|folds=None,48,9618,4,240,60,37,10,0.3701674353822436,0.10934476542175094,0.762,0.16480312622641088,0.16666666666666666,-0.0018635404402557731,8,1,4,log_loss,0.7,none,,,none,,0.14069275761870542,0.14174344974381203,0.09531518412460993,0.04750795546615681,0.09935051522483661,0.06461183097911473,0.10372836789505469,0.0997079124437694,0.05129851462764785,0.023494726027250733,0.06514634103942489,0.06740244480961691
imbalance_screen,s48|none|r=None|k=None|cal=none|folds=None,48,9618,5,240,60,37,10,0.3393736267907262,0.1067526389536471,0.838,0.16676179331067328,0.16666666666666666,9.512664400662674e-05,8,1,4,log_loss,0.7,none,,,none,,0.1286664289793345,0.14008014819855827,0.09100356743836095,0.07173305500337174,0.09387605610424891,0.06603885492538698,0.09970743034292788,0.10686739286873953,0.04151563639619101,0.03395344867641573,0.055793647740559636,0.07076433332590489
imbalance_screen,s48|balanced|r=None|k=None|cal=none|folds=None,48,9618,1,240,60,38,9,0.43089436118187496,0.13888151533211918,0.6274509803921569,0.1496777344807465,0.15,-0.00032226551925348956,8,1,4,log_loss,0.7,balanced,,,none,,0.14814435554177313,0.1585772818026184,0.09463377092926907,0.06012368271695827,0.07463137630419367,0.054902157076271094,0.09339691159568705,0.13850544896237577,0.031159528348892664,0.04895230665235049,0.029441305901928488,0.06753187416768199
imbalance_screen,s48|balanced|r=None|k=None|cal=none|folds=None,48,9618,2,240,60,38,9,0.3755713374165667,0.12110621718547257,0.7723311546840959,0.20687049536988902,0.15,0.05687049536988903,8,1,4,log_loss,0.7,balanced,,,none,,0.14168247469382983,0.18831780503953002,0.07099705469885753,0.07214197184120803,0.07035079741479122,0.05807621131064118,0.10235003530272509,0.09905157823994218,0.04893482681728832,0.029716646992238135,0.06049681619296819,0.057883781455980055
imbalance_screen,s48|balanced|r=None|k=None|cal=none|folds=None,48,9618,3,240,60,38,9,0.3030213466876736,0.08906736475697173,0.8769063180827887,0.21007493982449482,0.15,0.06007493982449483,8,1,4,log_loss,0.7,balanced,,,none,,0.14231344615900482,0.16052175934352572,0.08151605817641502,0.057319316391502964,0.08253180467113827,0.07822206859137223,0.10755305916650391,0.11092416627361044,0.0408373147456635,0.031597475602163444,0.052363485855976395,0.05430004502312333
imbalance_screen,s48|balanced|r=None|k=None|cal=none|folds=None,48,9618,4,240,60,37,10,0.3634996957960813,0.11189188030946166,0.7859999999999999,0.18641021961136175,0.16666666666666666,0.019743552944695097,8,1,4,log_loss,0.7,balanced,,,none,,0.14503456533979808,0.17002623781787196,0.09095201894594186,0.04208566686613745,0.09776894664730038,0.06153277706067424,0.10628083651580021,0.09583841596318578,0.04725020285775583,0.021619827916814317,0.06366644944840873,0.05794405462031129
imbalance_screen,s48|balanced|r=None|k=None|cal=none|folds=None,48,9618,5,240,60,37,10,0.33044789153177623,0.10360261935388691,0.862,0.20020284266808772,0.16666666666666666,0.03353617600142106,8,1,4,log_loss,0.7,balanced,,,none,,0.13616681366768096,0.1730954168224087,0.08040341076364531,0.058397064501293804,0.08257948999702384,0.07104952786149234,0.10144478170012004,0.10651494702597167,0.036952328038977966,0.0393166650034669,0.056092820846252285,0.05798673377166617
imbalance_screen,s48|balanced_subsample|r=None|k=None|cal=none|folds=None,48,9618,1,240,60,38,9,0.4460933168503213,0.14255414140266914,0.6034858387799564,0.14941731154241839,0.15,-0.0005826884575816094,8,1,4,log_loss,0.7,balanced_subsample,,,none,,0.14783545981485546,0.153944220074779,0.09574522886156037,0.05813024647079839,0.07579162127029884,0.05488677924574504,0.09630480768947358,0.14241079284453836,0.031652754433645534,0.04651291437683167,0.028199016230066577,0.06858615868740711
imbalance_screen,s48|balanced_subsample|r=None|k=None|cal=none|folds=None,48,9618,2,240,60,38,9,0.37371890590842965,0.12004316894697875,0.7788671023965141,0.2064852608313838,0.15,0.056485260831383804,8,1,4,log_loss,0.7,balanced_subsample,,,none,,0.14285814103695582,0.18886435739963106,0.07127532580300346,0.0710819778931099,0.07267763972082951,0.05938331766810193,0.10012986787576555,0.09702000621808902,0.04948628082660357,0.03044670877311011,0.057174131354190014,0.05960224543061016
imbalance_screen,s48|balanced_subsample|r=None|k=None|cal=none|folds=None,48,9618,3,240,60,38,9,0.3071389275715492,0.09011529248126844,0.8638344226579522,0.2098955714535604,0.15,0.05989557145356039,8,1,4,log_loss,0.7,balanced_subsample,,,none,,0.14226418696242119,0.1589464170394948,0.08043044824120359,0.05852267915493921,0.08146991754024192,0.08116419253246018,0.10584810691178125,0.10791810940894069,0.043088123673577984,0.030563222713661343,0.05083352839387337,0.05895106742740476
imbalance_screen,s48|balanced_subsample|r=None|k=None|cal=none|folds=None,48,9618,4,240,60,37,10,0.36163873243639016,0.11077435989458806,0.794,0.18798185169974552,0.16666666666666666,0.02131518503307886,8,1,4,log_loss,0.7,balanced_subsample,,,none,,0.15019200344535583,0.17149804860906892,0.08854759334546673,0.04380054927149004,0.09661252559163865,0.05969462738025724,0.1058813672452044,0.09738212975867377,0.045903854751274224,0.022501204059727973,0.060661321354899135,0.05732477518694297
imbalance_screen,s48|balanced_subsample|r=None|k=None|cal=none|folds=None,48,9618,5,240,60,37,10,0.3305929454516975,0.10351750354703361,0.862,0.2005258660948435,0.16666666666666666,0.033859199428176834,8,1,4,log_loss,0.7,balanced_subsample,,,none,,0.1402469829267515,0.17159898234361534,0.08185550479465695,0.05604795340446239,0.08569380638346057,0.0703033751249872,0.10304521456634926,0.10693365539463884,0.036988555039716244,0.04072775303639604,0.05031817792357974,0.05624003906138596
imbalance_screen,s48|random_over|r=0.2|k=None|cal=none|folds=None,48,9618,1,240,60,38,9,0.43599706151630185,0.13595162944940511,0.6100217864923747,0.12883907613274523,0.15,-0.021160923867254766,8,1,4,log_loss,0.7,random_over,0.2,,none,,0.14618350529325058,0.14262282451257052,0.10958450476701374,0.07051775575851356,0.09122420903903519,0.058948471483596415,0.1090357960363704,0.11627438743478222,0.027512605827067146,0.03949065518236251,0.03575612093240767,0.052849163733030155
imbalance_screen,s48|random_over|r=0.2|k=None|cal=none|folds=None,48,9618,2,240,60,38,9,0.3482935627143282,0.11100791082809898,0.8289760348583878,0.15769742336828135,0.15,0.007697423368281359,8,1,4,log_loss,0.7,random_over,0.2,,none,,0.14177003068378535,0.14526216671676828,0.09682359477837363,0.07911890594049219,0.08088456504986735,0.054756302840294487,0.09984517340339522,0.09935802157943839,0.06012523968490312,0.026906782012617224,0.05581183447666662,0.05933738283339815
imbalance_screen,s48|random_over|r=0.2|k=None|cal=none|folds=None,48,9618,3,240,60,38,9,0.28672142611376983,0.08306683820917807,0.8747276688453158,0.178928747208334,0.15,0.028928747208333994,8,1,4,log_loss,0.7,random_over,0.2,,none,,0.13624845560650556,0.14362843853410207,0.09528510708848942,0.05727622998451422,0.0843562442141966,0.07908130266531521,0.11069374904059517,0.10269239178850197,0.04627805608614025,0.02752840413000776,0.0554792388801485,0.06145238198148325
imbalance_screen,s48|random_over|r=0.2|k=None|cal=none|folds=None,48,9618,4,240,60,37,10,0.3751599141410488,0.10691571248317479,0.75,0.16729522801225274,0.16666666666666666,0.0006285613455860872,8,1,4,log_loss,0.7,random_over,0.2,,none,,0.13795024414090054,0.14807406398052164,0.09407663563194185,0.0532044694218532,0.10070093708936717,0.060746258123922335,0.10253858352100459,0.10177063153222425,0.054558047407717775,0.021510071163986892,0.060858001451509505,0.0640120565350501
imbalance_screen,s48|random_over|r=0.2|k=None|cal=none|folds=None,48,9618,5,240,60,37,10,0.35170425601784194,0.11011239127927858,0.804,0.1788935646683826,0.16666666666666666,0.012226898001715947,8,1,4,log_loss,0.7,random_over,0.2,,none,,0.12836265170065952,0.14356384161327695,0.08979829268902326,0.062360749110986824,0.10264446858630441,0.0666173764388606,0.10348289251954586,0.10095198667975355,0.042658355781405845,0.03465586087225008,0.05589258793201248,0.0690109360759207
imbalance_screen,s48|random_over|r=0.3|k=None|cal=none|folds=None,48,9618,1,240,60,38,9,0.4234096890071848,0.13491262616915928,0.6557734204793029,0.14909808626209373,0.15,-0.000901913737906268,8,1,4,log_loss,0.7,random_over,0.3,,none,,0.16548084689780743,0.14832746780182213,0.1162033932903852,0.06404378108156913,0.08239905668685105,0.05798235131318089,0.10406888138765384,0.11044851111310605,0.02665843509179352,0.033851638962955684,0.03294458358204388,0.05759105279083114
imbalance_screen,s48|random_over|r=0.3|k=None|cal=none|folds=None,48,9618,2,240,60,38,9,0.3616083820024284,0.11449154557475885,0.8311546840958606,0.19066335460518313,0.15,0.04066335460518314,8,1,4,log_loss,0.7,random_over,0.3,,none,,0.14694398724605562,0.16015019125044147,0.0864607692132574,0.0864206255892266,0.0802705158374495,0.057516247578392105,0.08769127065449002,0.10009508308099237,0.05673874980235686,0.02071660179816724,0.0626607899768618,0.05433516797230913
imbalance_screen,s48|random_over|r=0.3|k=None|cal=none|folds=None,48,9618,3,240,60,38,9,0.3031641207685525,0.0894173083287352,0.855119825708061,0.2079132314922565,0.15,0.057913231492256495,8,1,4,log_loss,0.7,random_over,0.3,,none,,0.1429441111388178,0.15093845112357063,0.10192285235025535,0.04658344627040521,0.08304558111369867,0.07733775360527126,0.10457121489220482,0.09441793699301554,0.04915611728573539,0.03691608131441267,0.052460474041353365,0.05970597987125926
imbalance_screen,s48|random_over|r=0.3|k=None|cal=none|folds=None,48,9618,4,240,60,37,10,0.369045939039832,0.10991890696233611,0.7540000000000001,0.18587853015596548,0.16666666666666666,0.01921186348929882,8,1,4,log_loss,0.7,random_over,0.3,,none,,0.14859123421757886,0.14815267710092506,0.10552751851828988,0.03575071938634924,0.09960695971825646,0.0633496280988583,0.102496280003361,0.09389365759056954,0.05624397717930034,0.021581458540424214,0.06387641038606467,0.060929479260022436
imbalance_screen,s48|random_over|r=0.3|k=None|cal=none|folds=None,48,9618,5,240,60,37,10,0.34155080763967965,0.10525291998421678,0.81,0.20722364835087775,0.16666666666666666,0.040556981684211096,8,1,4,log_loss,0.7,random_over,0.3,,none,,0.13979044030226223,0.15273601220281352,0.08942835717325297,0.06032245436014208,0.0907739629202813,0.06822911798048904,0.09984374833041425,0.10080105967905273,0.03219505110620447,0.03215246237931563,0.0576414792561499,0.07608585430962178
imbalance_screen,s48|random_over|r=0.4|k=None|cal=none|folds=None,48,9618,1,240,60,38,9,0.4252788119780243,0.137092665841781,0.6470588235294117,0.17027763004501814,0.15,0.020277630045018147,8,1,4,log_loss,0.7,random_over,0.4,,none,,0.1752857167927751,0.16333978776001407,0.10264673884445533,0.06390773436078387,0.07562828192368569,0.053304234454055695,0.10682372432420066,0.11768451483559039,0.028149788518053002,0.037189856147499645,0.02442975648542787,0.05160986555345869
imbalance_screen,s48|random_over|r=0.4|k=None|cal=none|folds=None,48,9618,2,240,60,38,9,0.37880481835772756,0.12072499211620184,0.7832244008714597,0.2127538523151858,0.15,0.06275385231518579,8,1,4,log_loss,0.7,random_over,0.4,,none,,0.15820595137831553,0.16203475577934756,0.10029010576070566,0.0887049826190655,0.08623138385739494,0.049855218832110706,0.09029977453648573,0.08924393421897779,0.04525625939357764,0.01730030954081491,0.06128256631336676,0.05129475776983739
imbalance_screen,s48|random_over|r=0.4|k=None|cal=none|folds=None,48,9618,3,240,60,38,9,0.32089803813643564,0.09613355619114915,0.8572984749455338,0.23019074034935672,0.15,0.08019074034935672,8,1,4,log_loss,0.7,random_over,0.4,,none,,0.12922405145323362,0.1643670022333779,0.08637182278742618,0.048096426386860916,0.0775482963934281,0.07685991382414126,0.10930282683099142,0.09737473128012324,0.059778871965987496,0.040848531958739116,0.05582787667222325,0.05439964821346759
imbalance_screen,s48|random_over|r=0.4|k=None|cal=none|folds=None,48,9618,4,240,60,37,10,0.3744190898212899,0.1126610282519398,0.76,0.20476821257310238,0.16666666666666666,0.03810154590643572,8,1,4,log_loss,0.7,random_over,0.4,,none,,0.1649239210562316,0.15796716009056133,0.09998074391457872,0.037164834879321124,0.08449878372395472,0.05925521508357748,0.09606541200355394,0.10283831247704223,0.05921458815587481,0.020921831326643586,0.0619950959345406,0.05517410135411978
imbalance_screen,s48|random_over|r=0.4|k=None|cal=none|folds=None,48,9618,5,240,60,37,10,0.34913290081058707,0.1096861782150507,0.8220000000000001,0.22961122110114482,0.16666666666666666,0.06294455443447816,8,1,4,log_loss,0.7,random_over,0.4,,none,,0.13835661612286776,0.155740956252972,0.09456434797220739,0.0707834076453441,0.08031783480523284,0.05888019725372422,0.104968127306118,0.1011128872957552,0.033306417773246715,0.03620546828992763,0.05362695141877429,0.07213678786382993
imbalance_screen,s48|smote|r=0.2|k=2|cal=none|folds=None,48,9618,1,240,60,38,9,0.4277919098184956,0.13325620760442491,0.6296296296296297,0.12451221782926719,0.15,-0.025487782170732803,8,1,4,log_loss,0.7,smote,0.2,2.0,none,,0.14718389687158212,0.13106125678422717,0.10192244628577292,0.07987765768548553,0.0949973392751231,0.06620178954195778,0.09911661524005497,0.120375680279974,0.024540878815793327,0.041017557796635795,0.03485079329529804,0.058854088128095165
imbalance_screen,s48|smote|r=0.2|k=2|cal=none|folds=None,48,9618,2,240,60,38,9,0.34363845615111355,0.10996044315955535,0.8681917211328976,0.16330391718804588,0.15,0.013303917188045883,8,1,4,log_loss,0.7,smote,0.2,2.0,none,,0.14792010646754855,0.14982293550180123,0.09339112686355741,0.07429211385457736,0.08575186971856365,0.05910363254621979,0.10366111531853259,0.10564515576829847,0.04364139645810047,0.023187466310805857,0.0543870749445994,0.05919600624739525
imbalance_screen,s48|smote|r=0.2|k=2|cal=none|folds=None,48,9618,3,240,60,38,9,0.2989807524537666,0.08705728622935968,0.8594771241830065,0.18072150305550283,0.15,0.030721503055502836,8,1,4,log_loss,0.7,smote,0.2,2.0,none,,0.14832401549106203,0.1328084240412883,0.09771585476349869,0.05781857553766054,0.07736227561938816,0.07686535207174525,0.10813298523405335,0.09694698075100246,0.059524189891778614,0.030175997852218993,0.054220373385487186,0.060104975360816604
imbalance_screen,s48|smote|r=0.2|k=2|cal=none|folds=None,48,9618,4,240,60,37,10,0.38362854887035175,0.11353614450091094,0.744,0.1655906047432538,0.16666666666666666,-0.0010760619234128632,8,1,4,log_loss,0.7,smote,0.2,2.0,none,,0.1387802199064008,0.13330605854917996,0.0978902910611711,0.053129932072772376,0.10533229413236715,0.06478547245376638,0.10062008061330209,0.10215540885719343,0.05225081613482167,0.020462054320000724,0.07174447748836536,0.05954289441065896
imbalance_screen,s48|smote|r=0.2|k=2|cal=none|folds=None,48,9618,5,240,60,37,10,0.34988688675313334,0.11008276919770693,0.8180000000000001,0.17964613594575704,0.16666666666666666,0.012979469279090383,8,1,4,log_loss,0.7,smote,0.2,2.0,none,,0.12231206105441303,0.1466083523521158,0.08788767682217567,0.06878401839656156,0.0964783813848578,0.06217504324650434,0.10323087534677478,0.09983824251795492,0.04238178586226158,0.034652790951344166,0.060293790329767644,0.07535698173526881
imbalance_screen,s48|smote|r=0.2|k=3|cal=none|folds=None,48,9618,1,240,60,38,9,0.43649150083411575,0.13504415275426943,0.6056644880174292,0.12218092797225419,0.15,-0.027819072027745806,8,1,4,log_loss,0.7,smote,0.2,3.0,none,,0.14544205800160617,0.14137575787907383,0.10298037155726064,0.07742245918671803,0.09366305489633253,0.06200300889602715,0.10130704128157887,0.12219803362791057,0.024596112489463536,0.04117270968081514,0.03198876235516084,0.055850630148052714
imbalance_screen,s48|smote|r=0.2|k=3|cal=none|folds=None,48,9618,2,240,60,38,9,0.33947486399027216,0.10774918271929208,0.855119825708061,0.16241067549975421,0.15,0.01241067549975422,8,1,4,log_loss,0.7,smote,0.2,3.0,none,,0.13939021459291462,0.14994300425054483,0.0887098831272268,0.0795551862147804,0.0896539766685164,0.057627949876934606,0.10101938953332876,0.0995693603041562,0.051740440341429175,0.02511190510833388,0.05590362768788684,0.06177506229394748
imbalance_screen,s48|smote|r=0.2|k=3|cal=none|folds=None,48,9618,3,240,60,38,9,0.29716766160623176,0.08668885350387888,0.8572984749455339,0.18001584576675148,0.15,0.03001584576675148,8,1,4,log_loss,0.7,smote,0.2,3.0,none,,0.13951357198361963,0.14206982226400408,0.10720999987020804,0.060328155044685736,0.07825262770585585,0.08254806159460513,0.10589849644759027,0.09351904288195391,0.051623527861556294,0.028995669549810824,0.05323465925952819,0.056806365536582026
imbalance_screen,s48|smote|r=0.2|k=3|cal=none|folds=None,48,9618,4,240,60,37,10,0.39253908833205703,0.11554787310529767,0.732,0.16919036844557292,0.16666666666666666,0.002523701778906262,8,1,4,log_loss,0.7,smote,0.2,3.0,none,,0.13904771412879355,0.13172710675461569,0.09841369881848963,0.048468966855157725,0.10884758848317451,0.06978903665373953,0.09941739986579112,0.09204187159159548,0.040609656977597434,0.02921897513914706,0.07824493850135049,0.06417304623054758
imbalance_screen,s48|smote|r=0.2|k=3|cal=none|folds=None,48,9618,5,240,60,37,10,0.3494844730506054,0.1104175026057113,0.8200000000000001,0.1788482296498987,0.16666666666666666,0.01218156298323203,8,1,4,log_loss,0.7,smote,0.2,3.0,none,,0.13507235617382513,0.13928201878801746,0.09252369319335337,0.07414995224361326,0.08826881083202508,0.060845078264244706,0.09976704574442338,0.10889981015524172,0.04266117831916275,0.032621724623769915,0.054877064019954555,0.07103126764236879
imbalance_screen,s48|smote|r=0.2|k=4|cal=none|folds=None,48,9618,1,240,60,38,9,0.4330800608966265,0.13417257156926657,0.607843137254902,0.12403293156734706,0.15,-0.025967068432652937,8,1,4,log_loss,0.7,smote,0.2,4.0,none,,0.1452152566800686,0.1330670903420328,0.10152320532201582,0.0794949239141262,0.09542666837077328,0.06477678792692952,0.09625076424120807,0.12126776935062009,0.024425272648492077,0.04283812924255304,0.035215797717763606,0.060498334243416926
imbalance_screen,s48|smote|r=0.2|k=4|cal=none|folds=None,48,9618,2,240,60,38,9,0.3437970323704456,0.10862340660738366,0.826797385620915,0.16620110183169629,0.15,0.01620110183169629,8,1,4,log_loss,0.7,smote,0.2,4.0,none,,0.12477510601390761,0.15951730367880038,0.09357930227293848,0.07933497025242539,0.08407825888018469,0.05541578470532374,0.10348036035115951,0.10549480324255055,0.05027055855454799,0.027621489828289516,0.056159607520755904,0.06027245469911637
imbalance_screen,s48|smote|r=0.2|k=4|cal=none|folds=None,48,9618,3,240,60,38,9,0.2911352927916264,0.08415822592112798,0.8616557734204793,0.17851474445749596,0.15,0.028514744457495966,8,1,4,log_loss,0.7,smote,0.2,4.0,none,,0.14296092785106249,0.13810448729521596,0.10027869377664017,0.06294141318192328,0.08612134978510742,0.07990586345389186,0.10835762420041065,0.0952537273186634,0.04443039192782577,0.028637776591491474,0.0548738581353031,0.05813388648246446
imbalance_screen,s48|smote|r=0.2|k=4|cal=none|folds=None,48,9618,4,240,60,37,10,0.38001026223598333,0.11206712013716634,0.742,0.16382308808579127,0.16666666666666666,-0.002843578580875389,8,1,4,log_loss,0.7,smote,0.2,4.0,none,,0.13881665516946262,0.14783841679184026,0.09761412813481402,0.044680881945785095,0.10834593663929948,0.06403895852777636,0.10624186666275308,0.09479863487571666,0.04045045998358112,0.024846685994427666,0.0770708344541309,0.055256540820412835
imbalance_screen,s48|smote|r=0.2|k=4|cal=none|folds=None,48,9618,5,240,60,37,10,0.3469183118794643,0.10977873480893194,0.8200000000000001,0.1783315521838565,0.16666666666666666,0.011664885517189832,8,1,4,log_loss,0.7,smote,0.2,4.0,none,,0.13886780726485762,0.1402305034256602,0.09313515262309607,0.07930467362422675,0.08287434685114661,0.06222370981180595,0.09944998936652946,0.10019301589101154,0.04052712622172243,0.03392663722103906,0.06078416541265414,0.06848287228625034
imbalance_screen,s48|smote|r=0.3|k=2|cal=none|folds=None,48,9618,1,240,60,38,9,0.4364062807000429,0.13992357856926602,0.6252723311546841,0.15674929691215572,0.15,0.006749296912155728,8,1,4,log_loss,0.7,smote,0.3,2.0,none,,0.14497615064227473,0.14888328742583734,0.11261947319866278,0.08518593820327369,0.07190485706704973,0.0540303989914151,0.10262190760969021,0.10758131903706504,0.031202210528272736,0.05186923998447191,0.028108916088976314,0.06101630122301029
imbalance_screen,s48|smote|r=0.3|k=2|cal=none|folds=None,48,9618,2,240,60,38,9,0.347357257399484,0.11043324120296047,0.8289760348583878,0.18277118525169542,0.15,0.03277118525169542,8,1,4,log_loss,0.7,smote,0.3,2.0,none,,0.16424877726132445,0.15287129680446046,0.08807412124455188,0.07902922207728666,0.07753782222357301,0.059328510553283746,0.08463620392784309,0.10415483326372324,0.06296148231619748,0.030414142733773648,0.05445895991778935,0.04228462767619288
imbalance_screen,s48|smote|r=0.3|k=2|cal=none|folds=None,48,9618,3,240,60,38,9,0.30374642619412523,0.09092340495732269,0.8725490196078431,0.212242761893891,0.15,0.062242761893891,8,1,4,log_loss,0.7,smote,0.3,2.0,none,,0.14924168779926547,0.13193344294652568,0.09947297136004561,0.06894006974863698,0.07264017788081498,0.06817488898488139,0.10974607307111404,0.08494023615563988,0.06094784575871423,0.04314766765582933,0.05941316494772117,0.05140177369081118
imbalance_screen,s48|smote|r=0.3|k=2|cal=none|folds=None,48,9618,4,240,60,37,10,0.36950960513279113,0.11189137028137469,0.7860000000000001,0.19681075987000168,0.16666666666666666,0.030144093203335026,8,1,4,log_loss,0.7,smote,0.3,2.0,none,,0.1510647098945035,0.1481705399505856,0.08714453469064747,0.054917734186079106,0.09186851232980064,0.06600293783625624,0.10427410021983267,0.08507439203196468,0.06985705563593768,0.030062764858246948,0.06546173245071385,0.04610098591543155
imbalance_screen,s48|smote|r=0.3|k=2|cal=none|folds=None,48,9618,5,240,60,37,10,0.34520875876505464,0.1093531104929942,0.8340000000000001,0.20037319549216173,0.16666666666666666,0.033706528825495075,8,1,4,log_loss,0.7,smote,0.3,2.0,none,,0.12292836673897457,0.15702449923092637,0.09869589827890456,0.058103103181011015,0.1005592752338465,0.06432077444376591,0.10359518146950888,0.09014743285438942,0.035195992191037244,0.06367508438116586,0.05666723045746748,0.04908716153900232
imbalance_screen,s48|smote|r=0.3|k=3|cal=none|folds=None,48,9618,1,240,60,38,9,0.4542800711833346,0.14268632564754208,0.5838779956427015,0.15027566686854113,0.15,0.00027566686854113565,8,1,4,log_loss,0.7,smote,0.3,3.0,none,,0.14954141218539496,0.14243929945128678,0.11312566317421933,0.08373828148672843,0.07139754911732415,0.058587519896170205,0.09839908444811436,0.09990227205888838,0.02574222485083162,0.06881418656482989,0.030044105040736128,0.05826840172547565
imbalance_screen,s48|smote|r=0.3|k=3|cal=none|folds=None,48,9618,2,240,60,38,9,0.34656758295424706,0.10922019291514862,0.8442265795206971,0.18817107207420394,0.15,0.03817107207420395,8,1,4,log_loss,0.7,smote,0.3,3.0,none,,0.14723670834112015,0.14604788789909015,0.10462402693295053,0.087108097520328,0.06554857591008914,0.05467436175255401,0.0978093790160864,0.09855404243978394,0.0744629528773957,0.026848458237087747,0.05525859832969312,0.04182691074382118
imbalance_screen,s48|smote|r=0.3|k=3|cal=none|folds=None,48,9618,3,240,60,38,9,0.30228100418631504,0.0889217658393139,0.8681917211328977,0.20593153252268478,0.15,0.05593153252268479,8,1,4,log_loss,0.7,smote,0.3,3.0,none,,0.13298551591477326,0.15146093329198387,0.08872024628505515,0.0530566643946497,0.08087023694418592,0.07668770078738502,0.10989186847032321,0.093540221092347,0.052988378123613525,0.04620013734040969,0.06031540906329232,0.05328268829198139
imbalance_screen,s48|smote|r=0.3|k=3|cal=none|folds=None,48,9618,4,240,60,37,10,0.36358248229475026,0.11230999196872754,0.786,0.1900460418135253,0.16666666666666666,0.023379375146858644,8,1,4,log_loss,0.7,smote,0.3,3.0,none,,0.13803855954053046,0.1180813876648862,0.1354373636335534,0.05024903558857133,0.10281365296348192,0.06995381643853198,0.09034814400896687,0.09257854466292735,0.043900458099548366,0.037720476875806715,0.0659804609541115,0.05489809956908379
imbalance_screen,s48|smote|r=0.3|k=3|cal=none|folds=None,48,9618,5,240,60,37,10,0.3505683548162396,0.11063496287475716,0.8240000000000001,0.19597458753090857,0.16666666666666666,0.029307920864241915,8,1,4,log_loss,0.7,smote,0.3,3.0,none,,0.1172006206032397,0.14353505688454082,0.09924510332525611,0.08078605378341132,0.09370332791992388,0.05988990044244407,0.08879019988659183,0.09952985460926393,0.07103898479180387,0.0534786935679195,0.04590876135762286,0.04689344282798212
imbalance_screen,s48|smote|r=0.3|k=4|cal=none|folds=None,48,9618,1,240,60,38,9,0.4333218259171722,0.13841263566186396,0.6383442265795206,0.14844403307006968,0.15,-0.0015559669299303192,8,1,4,log_loss,0.7,smote,0.3,4.0,none,,0.12315252447831829,0.12172582750626827,0.14089512214549635,0.09151486507362969,0.09650605048887295,0.05001599126743886,0.08948899997343517,0.11443490611500001,0.030399091363899934,0.053756020195040846,0.032325032931021895,0.055785568461577825
imbalance_screen,s48|smote|r=0.3|k=4|cal=none|folds=None,48,9618,2,240,60,38,9,0.345836198458676,0.10917259257685719,0.8311546840958606,0.18836561272584385,0.15,0.03836561272584385,8,1,4,log_loss,0.7,smote,0.3,4.0,none,,0.12440859477474575,0.15268181479798612,0.10571418301729725,0.0822435467139255,0.07345133206951508,0.054111330290497396,0.08590897938967156,0.09552376608488007,0.07502916184716948,0.0407311587339728,0.054320747745660404,0.05587538453467861
imbalance_screen,s48|smote|r=0.3|k=4|cal=none|folds=None,48,9618,3,240,60,38,9,0.3120705151215382,0.09324870813866616,0.8507625272331154,0.20391634150932764,0.15,0.05391634150932764,8,1,4,log_loss,0.7,smote,0.3,4.0,none,,0.13423407577690513,0.13155612028197583,0.1256217501022267,0.05928345610866337,0.07286438301386787,0.07409027593286593,0.10737955502850906,0.0899691312536301,0.06434123419675103,0.037891189168211284,0.05039289416457656,0.052375934971817084
imbalance_screen,s48|smote|r=0.3|k=4|cal=none|folds=None,48,9618,4,240,60,37,10,0.3771424121604297,0.11629677914163175,0.756,0.18943911818809608,0.16666666666666666,0.022772451521429427,8,1,4,log_loss,0.7,smote,0.3,4.0,none,,0.12280020183154162,0.14143538982821396,0.11011945586560576,0.04187124115844558,0.10802438003574427,0.06346383954474408,0.08746135205016756,0.09362818867942661,0.05416900170697368,0.030115899615646865,0.08311520049640042,0.06379584918708962
imbalance_screen,s48|smote|r=0.3|k=4|cal=none|folds=None,48,9618,5,240,60,37,10,0.3506023293729394,0.11186892494446696,0.8280000000000001,0.19359738452259123,0.16666666666666666,0.026930717855924574,8,1,4,log_loss,0.7,smote,0.3,4.0,none,,0.13877692527188443,0.16534801429556878,0.08474369436457568,0.08552776799379357,0.07124039584866818,0.061421579370355764,0.09094321756211778,0.09431326639487245,0.04179816538215689,0.05333218153204704,0.06208759028096598,0.05046720170299364
imbalance_screen,s48|smote|r=0.4|k=2|cal=none|folds=None,48,9618,1,240,60,38,9,0.4398049198461934,0.14388691640503928,0.6470588235294117,0.1763849523364014,0.15,0.026384952336401396,8,1,4,log_loss,0.7,smote,0.4,2.0,none,,0.14570868585368313,0.1517192386932472,0.13442347739437951,0.08450272498579496,0.06792448764394524,0.04798205977965443,0.10160061880279382,0.08961262983996597,0.03494952655806866,0.05627281774436984,0.026010886035331318,0.059292846668765935
imbalance_screen,s48|smote|r=0.4|k=2|cal=none|folds=None,48,9618,2,240,60,38,9,0.36331933902202684,0.11462114947191587,0.809368191721133,0.21606517236918227,0.15,0.06606517236918227,8,1,4,log_loss,0.7,smote,0.4,2.0,none,,0.1283252796539388,0.17436165836167175,0.09539461455015957,0.07070708176696333,0.07387196094542238,0.05504078327842562,0.08289009828857893,0.08964274393743264,0.09698956045620648,0.03906474582518234,0.05564669626654542,0.03806477666947262
imbalance_screen,s48|smote|r=0.4|k=2|cal=none|folds=None,48,9618,3,240,60,38,9,0.31333816979217033,0.09421140376360979,0.8616557734204793,0.22927020714858312,0.15,0.07927020714858313,8,1,4,log_loss,0.7,smote,0.4,2.0,none,,0.14897263639607222,0.1297189632896873,0.09454227477046818,0.08445585299988995,0.07197130971556569,0.07417006185253533,0.10536685214855317,0.08751992191603367,0.06834712792875301,0.041327099771054546,0.050710019570961294,0.04289787964042543
imbalance_screen,s48|smote|r=0.4|k=2|cal=none|folds=None,48,9618,4,240,60,37,10,0.36764398833119244,0.11390907565800636,0.792,0.2073960259248502,0.16666666666666666,0.04072935925818355,8,1,4,log_loss,0.7,smote,0.4,2.0,none,,0.12633944392773253,0.1495197863261602,0.09345298183304075,0.055558492268611426,0.09824461366219621,0.0640268603216018,0.10207559015747912,0.0836423298851788,0.0727826038835611,0.038522949462053334,0.0711575975196185,0.044676750752766316
imbalance_screen,s48|smote|r=0.4|k=2|cal=none|folds=None,48,9618,5,240,60,37,10,0.34827845648580136,0.10966332201295399,0.8460000000000001,0.22204049577347593,0.16666666666666666,0.05537382910680927,8,1,4,log_loss,0.7,smote,0.4,2.0,none,,0.11840192355381055,0.16667747256286036,0.10869346220688113,0.05815869459682827,0.08870140588255124,0.06661770974439823,0.09689168491610192,0.08486405852862638,0.037004349992877834,0.0679948482656768,0.057257116974309345,0.04873727277507796
imbalance_screen,s48|smote|r=0.4|k=3|cal=none|folds=None,48,9618,1,240,60,38,9,0.4451781567983825,0.14142546491901153,0.6034858387799564,0.16962392500342233,0.15,0.019623925003422332,8,1,4,log_loss,0.7,smote,0.4,3.0,none,,0.1465200796514836,0.14462569316409016,0.10498433694667267,0.07354510910412718,0.06999801181351364,0.05629710832496995,0.09555354999322625,0.10035901519874685,0.03137926027908568,0.08466862278930523,0.028788178869418354,0.06328103386536045
imbalance_screen,s48|smote|r=0.4|k=3|cal=none|folds=None,48,9618,2,240,60,38,9,0.37137035584457945,0.11681211012768467,0.7832244008714597,0.21510235885783893,0.15,0.06510235885783894,8,1,4,log_loss,0.7,smote,0.4,3.0,none,,0.12889073265127943,0.15375854858475552,0.11403293958702289,0.09966278640984486,0.06373577243738698,0.05045498589656476,0.09405715601517121,0.09027383499803429,0.08186895346548989,0.029466244768374915,0.05614605274523732,0.037651992440838035
imbalance_screen,s48|smote|r=0.4|k=3|cal=none|folds=None,48,9618,3,240,60,38,9,0.311306604476505,0.09108213988744174,0.8638344226579521,0.22006133451422605,0.15,0.07006133451422605,8,1,4,log_loss,0.7,smote,0.4,3.0,none,,0.11828491450820067,0.14542838364962915,0.09984002037306046,0.05165282401861296,0.08288917351558785,0.07739587962613081,0.10774884860822005,0.09380793529778228,0.056231783799007735,0.04926879055083128,0.05662071262892636,0.06083073342401035
imbalance_screen,s48|smote|r=0.4|k=3|cal=none|folds=None,48,9618,4,240,60,37,10,0.37696870404685673,0.11864980945864817,0.768,0.20746053148446217,0.16666666666666666,0.04079386481779551,8,1,4,log_loss,0.7,smote,0.4,3.0,none,,0.1350490158206103,0.13014513437240122,0.13670907504943508,0.047768856749864544,0.0986676503888088,0.06408509728575632,0.09093362707928725,0.09088668841761492,0.0530527984779862,0.045952651930586806,0.06336156223850281,0.04338784218914584
imbalance_screen,s48|smote|r=0.4|k=3|cal=none|folds=None,48,9618,5,240,60,37,10,0.3608955606562638,0.11476805596485162,0.81,0.22079124907041997,0.16666666666666666,0.05412458240375331,8,1,4,log_loss,0.7,smote,0.4,3.0,none,,0.1041731475614389,0.16408416275507381,0.11586010761681224,0.08283384390813713,0.08491555369300813,0.05867191672392166,0.08275808047317772,0.09033938246239986,0.056614183778369555,0.06452275087305966,0.052639099856366084,0.04258777029823514
imbalance_screen,s48|smote|r=0.4|k=4|cal=none|folds=None,48,9618,1,240,60,38,9,0.4368646933018047,0.14040379202456804,0.6361655773420479,0.1629269688172253,0.15,0.012926968817225298,8,1,4,log_loss,0.7,smote,0.4,4.0,none,,0.12018759733706612,0.14130094430433096,0.14413094039682264,0.0748838210094497,0.08464308249500167,0.051626485503901136,0.0894675183641175,0.11647812423225347,0.03603895705780507,0.06020789604917633,0.02821223930180833,0.052822393948267175
imbalance_screen,s48|smote|r=0.4|k=4|cal=none|folds=None,48,9618,2,240,60,38,9,0.35498014625211227,0.11307737397419036,0.8224400871459695,0.21011662945015971,0.15,0.06011662945015972,8,1,4,log_loss,0.7,smote,0.4,4.0,none,,0.14139452733464616,0.14780706889408954,0.09987043039428703,0.08445620030041741,0.06808525681315872,0.054347630657833844,0.08583119820958128,0.10533335211484662,0.06160064491834286,0.06092895629954672,0.05086897049713439,0.03947576356611544
imbalance_screen,s48|smote|r=0.4|k=4|cal=none|folds=None,48,9618,3,240,60,38,9,0.32929098038032995,0.1008282343635628,0.8289760348583879,0.22555613538372712,0.15,0.07555613538372713,8,1,4,log_loss,0.7,smote,0.4,4.0,none,,0.13797126339995328,0.13496254542071426,0.11632926408111548,0.059079316267420606,0.07492496794736353,0.07437764570032272,0.10359982351714232,0.07997510887381826,0.06505646536850046,0.06426568599888376,0.04555711586925773,0.04390079755550787
imbalance_screen,s48|smote|r=0.4|k=4|cal=none|folds=None,48,9618,4,240,60,37,10,0.40269875324084836,0.12432194334434245,0.738,0.2071346335606794,0.16666666666666666,0.04046796689401275,8,1,4,log_loss,0.7,smote,0.4,4.0,none,,0.12467328998055409,0.14646368336573903,0.11280726644585602,0.04828688114948744,0.09304252238600542,0.056140777010656735,0.09732300954800624,0.0926045526875894,0.06385109466695493,0.03491655104124056,0.08368367528118748,0.046206696436722657
imbalance_screen,s48|smote|r=0.4|k=4|cal=none|folds=None,48,9618,5,240,60,37,10,0.36280606094932977,0.11620931417377947,0.8,0.21538899955862242,0.16666666666666666,0.048722332891955766,8,1,4,log_loss,0.7,smote,0.4,4.0,none,,0.13740867186436018,0.15896992687716247,0.10246100652594517,0.07851662893068691,0.06576783089618683,0.05409697076259936,0.09731874478338044,0.09512491980385847,0.052930466601787726,0.06076542474517175,0.04905702070338302,0.04758238750547769
imbalance_screen,s48|smote|r=0.7|k=10|cal=none|folds=None,48,9618,1,240,60,38,9,0.45549394794978415,0.15142460781669156,0.6296296296296297,0.20705106102763146,0.15,0.05705106102763147,8,1,4,log_loss,0.7,smote,0.7,10.0,none,,0.11326920530234705,0.146352367344993,0.11194445358133145,0.07518941928777391,0.057990900145257845,0.044180243965738865,0.08886933939163613,0.08636399114720067,0.0608681100037587,0.10986102103018577,0.03591469156863492,0.06919625723114173
imbalance_screen,s48|smote|r=0.7|k=10|cal=none|folds=None,48,9618,2,240,60,38,9,0.40885846930622244,0.1335634169913349,0.7505446623093682,0.2509893851118514,0.15,0.10098938511185143,8,1,4,log_loss,0.7,smote,0.7,10.0,none,,0.11573726576616565,0.1449399980076681,0.08299602105079641,0.08170671518845865,0.04887958365382398,0.03684793179212919,0.08299715104416243,0.06275588327066442,0.14903832001266976,0.09697295644228653,0.06401314750532784,0.03311502626584707
imbalance_screen,s48|smote|r=0.7|k=10|cal=none|folds=None,48,9618,3,240,60,38,9,0.34190008722776183,0.10511355242459536,0.8464052287581699,0.25959809889338975,0.15,0.10959809889338976,8,1,4,log_loss,0.7,smote,0.7,10.0,none,,0.08553571278747181,0.13756918288185482,0.11335677412076901,0.06709986167100086,0.07090042329737929,0.06764934248931898,0.08988586553011566,0.0699434412986307,0.05941592884713494,0.1570381968095323,0.04591818004848845,0.03568709021830306
imbalance_screen,s48|smote|r=0.7|k=10|cal=none|folds=None,48,9618,4,240,60,37,10,0.42561342363113386,0.13629693238585464,0.7340000000000001,0.23355698524041762,0.16666666666666666,0.06689031857375097,8,1,4,log_loss,0.7,smote,0.7,10.0,none,,0.11766142454871714,0.14599959299582402,0.09359071281900509,0.05652385953576192,0.0786569355442499,0.04943090446968657,0.07098782350803585,0.06426222497322134,0.1462347057785631,0.035095455853156765,0.10871547530156114,0.032840884672217144
imbalance_screen,s48|smote|r=0.7|k=10|cal=none|folds=None,48,9618,5,240,60,37,10,0.3579749327303502,0.11332922745720997,0.832,0.24418011361155997,0.16666666666666666,0.07751344694489332,8,1,4,log_loss,0.7,smote,0.7,10.0,none,,0.10715351650204567,0.1307827850873714,0.07251021646991823,0.07289801996401647,0.05926121831684061,0.05789744664997882,0.07711280843454066,0.07529523423937487,0.1484663966203476,0.08048980539530066,0.08148370987821425,0.03664884244205076
imbalance_screen,s69|none|r=None|k=None|cal=none|folds=None,69,9618,1,240,60,38,9,0.43376732073134294,0.1348585260614131,0.644880174291939,0.11893655084549921,0.15,-0.03106344915450078,8,2,4,log_loss,1.0,none,,,none,,0.14639990346091555,0.1385065991810009,0.11646584296916065,0.08424755243032801,0.0887286215149283,0.0553849176424482,0.10636527156224068,0.12158222541309348,0.02347247877728129,0.038080560730268005,0.029136355698395323,0.05162967061993946
imbalance_screen,s69|none|r=None|k=None|cal=none|folds=None,69,9618,2,240,60,38,9,0.34740877690537714,0.1108814831888223,0.8224400871459695,0.15646179730517226,0.15,0.006461797305172268,8,2,4,log_loss,1.0,none,,,none,,0.14845571229357996,0.15746996502947616,0.0909716043925071,0.08671786517578359,0.07564185020924856,0.056264038136303464,0.10226998061760044,0.0921198963707106,0.04979396356594392,0.022976682664640747,0.058279152619963366,0.05903928892424222
imbalance_screen,s69|none|r=None|k=None|cal=none|folds=None,69,9618,3,240,60,38,9,0.2934481708763335,0.0879813593918691,0.8681917211328976,0.1738214441145396,0.15,0.023821444114539597,8,2,4,log_loss,1.0,none,,,none,,0.13673146829509625,0.14379035689286596,0.10414029970503146,0.054253116890825716,0.07526167914230507,0.08335392947600108,0.1154044566355762,0.1015579802461878,0.045461807549500716,0.028883015757280524,0.05511546195545947,0.0560464274538697
imbalance_screen,s69|none|r=None|k=None|cal=none|folds=None,69,9618,4,240,60,37,10,0.3776004228161821,0.11259634012989526,0.746,0.16106947303057986,0.16666666666666666,-0.005597193636086795,8,2,4,log_loss,1.0,none,,,none,,0.14369891959538852,0.15057515775018832,0.0998626823234419,0.05036974917223843,0.10477834374051372,0.06361509248398017,0.10343424281322122,0.09604125101777315,0.047082887248229406,0.019834803881978714,0.0662069369365017,0.05449993303654478
imbalance_screen,s69|none|r=None|k=None|cal=none|folds=None,69,9618,5,240,60,37,10,0.3416702291931507,0.10721035066834525,0.822,0.1693481944037408,0.16666666666666666,0.002681527737074141,8,2,4,log_loss,1.0,none,,,none,,0.13398763432534413,0.14330170062192885,0.09120483504397421,0.07879209893240241,0.08455666776564216,0.0618683569737394,0.1087146757243018,0.1054258746123002,0.03730105543248321,0.03235962384551532,0.05629229353899792,0.0661951831833704
imbalance_screen,s69|balanced|r=None|k=None|cal=none|folds=None,69,9618,1,240,60,38,9,0.4430775433330146,0.14454051977585242,0.6187363834422658,0.17556352506578854,0.15,0.025563525065788545,8,2,4,log_loss,1.0,balanced,,,none,,0.148178740284601,0.1654327825180653,0.0972612185116837,0.0606033916949344,0.06979477950181304,0.052591409574219435,0.10323346230010215,0.13515188436679854,0.029206974469671177,0.04618865668237092,0.025673960669771578,0.06668273942596865
imbalance_screen,s69|balanced|r=None|k=None|cal=none|folds=None,69,9618,2,240,60,38,9,0.3886290593997863,0.12524845271499194,0.789760348583878,0.23321346210156305,0.15,0.08321346210156305,8,2,4,log_loss,1.0,balanced,,,none,,0.15525286955587977,0.1959737878167554,0.07601465730880612,0.0703967336946325,0.06750651275790122,0.051257313035093545,0.10365626944187689,0.09292763781207712,0.05298527154594645,0.028181517310972497,0.056256391093483474,0.04959103862657496
imbalance_screen,s69|balanced|r=None|k=None|cal=none|folds=None,69,9618,3,240,60,38,9,0.31651019217406984,0.09429727756985957,0.8725490196078431,0.23386224638106318,0.15,0.08386224638106318,8,2,4,log_loss,1.0,balanced,,,none,,0.14784354412149756,0.16549825814520158,0.08530532499530806,0.0572986510279395,0.07273386571432684,0.0813424176905518,0.11044198444215715,0.10823229732120392,0.04172260811116835,0.03117516973268263,0.04786412317570411,0.0505417555222586
imbalance_screen,s69|balanced|r=None|k=None|cal=none|folds=None,69,9618,4,240,60,37,10,0.37139436043029667,0.11623436870862121,0.786,0.21126852604639307,0.16666666666666666,0.04460185937972641,8,2,4,log_loss,1.0,balanced,,,none,,0.1454028242813928,0.1748413657852243,0.09063739498003277,0.04481733852466403,0.10321083648298204,0.05844049071210258,0.10475151169186095,0.0955579754562728,0.044931502377334426,0.022475715414706207,0.06251253516185415,0.05242050913157288
imbalance_screen,s69|balanced|r=None|k=None|cal=none|folds=None,69,9618,5,240,60,37,10,0.3424257401838882,0.10749095986589736,0.864,0.23513280978761836,0.16666666666666666,0.0684661431209517,8,2,4,log_loss,1.0,balanced,,,none,,0.14753896180534137,0.179792782652486,0.08199465075002861,0.05875383391754017,0.07653934398823713,0.06828176528352008,0.10739522736460805,0.10728062536980014,0.030807942537294204,0.034754602869635456,0.0520837227355326,0.054776540725976
imbalance_screen,s69|balanced_subsample|r=None|k=None|cal=none|folds=None,69,9618,1,240,60,38,9,0.45183359440978876,0.14698793282840192,0.607843137254902,0.17774826815938694,0.15,0.02774826815938694,8,2,4,log_loss,1.0,balanced_subsample,,,none,,0.1483814715143841,0.16663345456838966,0.09951890561731908,0.0601872800421362,0.06831291362752254,0.0523910440995986,0.09671751104801632,0.13587623354335288,0.02997667196294981,0.0454956547461029,0.024802017305423436,0.0717068419248044
imbalance_screen,s69|balanced_subsample|r=None|k=None|cal=none|folds=None,69,9618,2,240,60,38,9,0.3905540019914946,0.1260979068630688,0.7745098039215687,0.2314606109840569,0.15,0.08146061098405691,8,2,4,log_loss,1.0,balanced_subsample,,,none,,0.14938711665058038,0.19816758242550572,0.07440618357515046,0.06994067809847869,0.06696585165707174,0.05356110596229359,0.1049692703396955,0.09337129290651501,0.05395989520395215,0.027473142748948055,0.057227695543356466,0.05057018488845224
imbalance_screen,s69|balanced_subsample|r=None|k=None|cal=none|folds=None,69,9618,3,240,60,38,9,0.31283134970469945,0.0935629480195781,0.8747276688453159,0.23334457595766103,0.15,0.08334457595766104,8,2,4,log_loss,1.0,balanced_subsample,,,none,,0.1457045413303982,0.16341850023339527,0.08583335193730154,0.057966775749232896,0.0708210523120223,0.0809265730290828,0.11299874428680647,0.11019297284549684,0.04067826390798993,0.03253390741916093,0.04928273174072296,0.04964258520838993
imbalance_screen,s69|balanced_subsample|r=None|k=None|cal=none|folds=None,69,9618,4,240,60,37,10,0.3706654349825054,0.11653756073300008,0.79,0.21097294727039975,0.16666666666666666,0.044306280603733095,8,2,4,log_loss,1.0,balanced_subsample,,,none,,0.14307348643363177,0.17115618409352087,0.09467356594112532,0.04486287462449507,0.10187895466631373,0.06284895560409347,0.1040515641716897,0.0982905746706318,0.04165263085621525,0.02249488066399855,0.06189243342724657,0.05312389484703786
imbalance_screen,s69|balanced_subsample|r=None|k=None|cal=none|folds=None,69,9618,5,240,60,37,10,0.3416477476996575,0.10708136924629606,0.866,0.2344269897124386,0.16666666666666666,0.06776032304577195,8,2,4,log_loss,1.0,balanced_subsample,,,none,,0.14431248739997335,0.1852404940737415,0.08292506154224923,0.056727174182177195,0.0767398074730971,0.06800057636492646,0.10831901955988932,0.10429873736445477,0.032197238231385976,0.034821689221643776,0.051796145407265536,0.05462156917919582
imbalance_screen,s69|random_over|r=0.2|k=None|cal=none|folds=None,69,9618,1,240,60,38,9,0.43910979878739925,0.1362209522799498,0.6013071895424836,0.12476442865805255,0.15,-0.02523557134194744,8,2,4,log_loss,1.0,random_over,0.2,,none,,0.14906710050711783,0.15022042486631676,0.11871948597770993,0.07739733724868254,0.08421237219599648,0.05176624512017594,0.10276067585762177,0.11220980587387519,0.022317252299500448,0.042184481161989106,0.033353645842401115,0.055791173048612926
imbalance_screen,s69|random_over|r=0.2|k=None|cal=none|folds=None,69,9618,2,240,60,38,9,0.34972759220854716,0.11147952042101929,0.8137254901960784,0.15670328385220686,0.15,0.006703283852206865,8,2,4,log_loss,1.0,random_over,0.2,,none,,0.14293846289357307,0.1534582388857436,0.09783898372901763,0.0916214919531578,0.07420794311564159,0.052108304908094934,0.10203212993071362,0.08762531345814727,0.062373737905246564,0.02149435206830698,0.05691770667936921,0.057383334472987685
imbalance_screen,s69|random_over|r=0.2|k=None|cal=none|folds=None,69,9618,3,240,60,38,9,0.29329756971220206,0.08689064640376894,0.8572984749455339,0.17599393354463982,0.15,0.02599393354463983,8,2,4,log_loss,1.0,random_over,0.2,,none,,0.14023860316389125,0.15136930607312632,0.10066505747875719,0.05534494111237633,0.07956971015644776,0.07987077903880557,0.11504565964258606,0.09633975327126884,0.04457223657243497,0.025937993810770953,0.05722471523036161,0.05382124444917292
imbalance_screen,s69|random_over|r=0.2|k=None|cal=none|folds=None,69,9618,4,240,60,37,10,0.36714410167387634,0.10859583246503123,0.764,0.1669231902490746,0.16666666666666666,0.00025652358240793594,8,2,4,log_loss,1.0,random_over,0.2,,none,,0.13840748880353906,0.1495622869558547,0.0991932754912919,0.055603447511352606,0.10234587378796978,0.0634402671987646,0.10204235691007785,0.09503084363684121,0.05388135491479702,0.018503289478048322,0.06587622560142511,0.05611328971003783
imbalance_screen,s69|random_over|r=0.2|k=None|cal=none|folds=None,69,9618,5,240,60,37,10,0.341031648660095,0.10630342058520911,0.826,0.1741296964124037,0.16666666666666666,0.007463029745737038,8,2,4,log_loss,1.0,random_over,0.2,,none,,0.13098548581523703,0.14910336684595435,0.0943450720156151,0.06376465639556401,0.09664841571134256,0.06813333855565736,0.09918375749325661,0.09917402646641607,0.03870532141896222,0.03470341256482751,0.05585653916965928,0.06939660754750793
imbalance_screen,s69|random_over|r=0.3|k=None|cal=none|folds=None,69,9618,1,240,60,38,9,0.4167065390522906,0.13262635605545217,0.673202614379085,0.14651054370534258,0.15,-0.0034894562946574115,8,2,4,log_loss,1.0,random_over,0.3,,none,,0.16288552283722046,0.1487644776157947,0.12354724267712049,0.07418788863320913,0.0793670325050279,0.05183769950490049,0.10739601961445792,0.11534221921015915,0.022823430857447403,0.030179906507553967,0.026438689423960365,0.05722987061314805
imbalance_screen,s69|random_over|r=0.3|k=None|cal=none|folds=None,69,9618,2,240,60,38,9,0.36740351674387944,0.11767702285538975,0.8006535947712419,0.18260607399778248,0.15,0.03260607399778248,8,2,4,log_loss,1.0,random_over,0.3,,none,,0.15549638851555075,0.1756720730083026,0.08767404781371294,0.09124458775929394,0.0733544356257826,0.054207938402856135,0.08578284261307592,0.09866149771002523,0.053657288086110255,0.01797266039344036,0.059493120881109335,0.04678311919073992
imbalance_screen,s69|random_over|r=0.3|k=None|cal=none|folds=None,69,9618,3,240,60,38,9,0.30259110670505457,0.09021554197077662,0.8529411764705882,0.20356079426153664,0.15,0.05356079426153665,8,2,4,log_loss,1.0,random_over,0.3,,none,,0.13593634834930737,0.16184715642163544,0.11334012811515187,0.04300585071269779,0.08283735809164043,0.07595308847367625,0.10406101717427826,0.09650500911294609,0.043812437420191,0.03558430136581797,0.053463702067564324,0.053653602695093165
imbalance_screen,s69|random_over|r=0.3|k=None|cal=none|folds=None,69,9618,4,240,60,37,10,0.3918945537763098,0.1115997181483845,0.74,0.18225802005800376,0.16666666666666666,0.015591353391337104,8,2,4,log_loss,1.0,random_over,0.3,,none,,0.15759488414767747,0.15817123580084907,0.1099772464988776,0.034759985014562685,0.0957424013550197,0.05798523650718398,0.09639262725074334,0.091934140273584,0.05741822515760966,0.01633885498626859,0.0663777936013088,0.05730736940631509
imbalance_screen,s69|random_over|r=0.3|k=None|cal=none|folds=None,69,9618,5,240,60,37,10,0.33864033993843823,0.1046205277694883,0.8160000000000001,0.20749125253985948,0.16666666666666666,0.04082458587319282,8,2,4,log_loss,1.0,random_over,0.3,,none,,0.14006744872652113,0.15059500632044376,0.08999756579447166,0.061604004440956706,0.0881295647808346,0.06755120650123393,0.10663722482649328,0.1009328888375515,0.028188604803546156,0.033019566813557964,0.05357134289042198,0.07970557526396743
imbalance_screen,s69|random_over|r=0.4|k=None|cal=none|folds=None,69,9618,1,240,60,38,9,0.4315931090219154,0.1379188281115621,0.6383442265795206,0.16833348619428617,0.15,0.01833348619428618,8,2,4,log_loss,1.0,random_over,0.4,,none,,0.18172286941138388,0.16077468655088828,0.10529705117415528,0.06773984609171659,0.0700979485244048,0.05211858280332798,0.09924560497470993,0.12459449289535342,0.025462961457386142,0.03518578558814735,0.02279081464627469,0.05496935588225166
imbalance_screen,s69|random_over|r=0.4|k=None|cal=none|folds=None,69,9618,2,240,60,38,9,0.3817740692801758,0.12233754866040515,0.761437908496732,0.20835815497219257,0.15,0.05835815497219257,8,2,4,log_loss,1.0,random_over,0.4,,none,,0.16044335805117563,0.17722415668027314,0.10464358101293446,0.0916045364841936,0.0809858461023169,0.04392005937408075,0.08625832649268843,0.09023625862174257,0.04022698295323671,0.013948276509383486,0.06495274708005444,0.045555870637919785
imbalance_screen,s69|random_over|r=0.4|k=None|cal=none|folds=None,69,9618,3,240,60,38,9,0.3135499811582899,0.09392755574205407,0.8660130718954249,0.22441652212940774,0.15,0.07441652212940775,8,2,4,log_loss,1.0,random_over,0.4,,none,,0.12859742040156366,0.17863603479773627,0.08194261214469405,0.046330815308097996,0.07294193417306302,0.0742538678568591,0.10730948128005234,0.09762755010479615,0.06095147916342814,0.041149565054307335,0.058778152504664484,0.051481087210737436
imbalance_screen,s69|random_over|r=0.4|k=None|cal=none|folds=None,69,9618,4,240,60,37,10,0.3772664181164951,0.1134202662175344,0.758,0.20018289707325226,0.16666666666666666,0.033516230406585606,8,2,4,log_loss,1.0,random_over,0.4,,none,,0.17008594685002143,0.16674936109616253,0.10020421218952125,0.03280766535581614,0.07920386702783153,0.06147027052388919,0.09636092916543076,0.10176989462735919,0.060366214937232855,0.018843213490368566,0.06058427482567483,0.05155414991069179
imbalance_screen,s69|random_over|r=0.4|k=None|cal=none|folds=None,69,9618,5,240,60,37,10,0.3480341339260347,0.10973041846590643,0.8180000000000001,0.226982273751217,0.16666666666666666,0.06031560708455033,8,2,4,log_loss,1.0,random_over,0.4,,none,,0.13886118584127666,0.16184495675255467,0.09212313398465825,0.07043372965062841,0.07625566469272625,0.06126891907905011,0.10777636383421137,0.09469306893271866,0.03277204564493077,0.035454840001875716,0.05171978562020666,0.07679630596516242
imbalance_screen,s69|smote|r=0.2|k=2|cal=none|folds=None,69,9618,1,240,60,38,9,0.42896124627184673,0.13278740037419992,0.6230936819172113,0.12725969007221502,0.15,-0.022740309927784974,8,2,4,log_loss,1.0,smote,0.2,2.0,none,,0.14894522647448488,0.1374541821156915,0.10820645728745339,0.08605556694201913,0.0870708021863048,0.05967354689253568,0.09552403020789287,0.11973876371174526,0.024584945217234103,0.040285951904236623,0.03012487991396385,0.062335647146437904
imbalance_screen,s69|smote|r=0.2|k=2|cal=none|folds=None,69,9618,2,240,60,38,9,0.3457446974329928,0.11123857729164488,0.8355119825708062,0.16255571896119578,0.15,0.012555718961195783,8,2,4,log_loss,1.0,smote,0.2,2.0,none,,0.14685749677104898,0.15854747142507838,0.09529249802237437,0.08357451400658258,0.07427729379446288,0.05244703344779969,0.09812258902304456,0.10794330498601377,0.04485324678246837,0.024772847088099466,0.05979066573184381,0.05352103892118315
imbalance_screen,s69|smote|r=0.2|k=2|cal=none|folds=None,69,9618,3,240,60,38,9,0.29416439787787646,0.08729173965453067,0.8616557734204794,0.1800493213176087,0.15,0.030049321317608707,8,2,4,log_loss,1.0,smote,0.2,2.0,none,,0.14316922137185933,0.1421071098015212,0.10496297207298402,0.05314568882542613,0.08017356916066129,0.08020824694541397,0.10931817717449693,0.09867853402594563,0.059137506556392536,0.027797209249218482,0.05100652374367991,0.05029524107240065
imbalance_screen,s69|smote|r=0.2|k=2|cal=none|folds=None,69,9618,4,240,60,37,10,0.388074275815388,0.11384460710134477,0.742,0.16807224340656138,0.16666666666666666,0.0014055767398947205,8,2,4,log_loss,1.0,smote,0.2,2.0,none,,0.13951228658251977,0.138698862266725,0.10125260846571488,0.05615946519319198,0.1047323687735496,0.0650642915146727,0.09680473484781027,0.09765984796868282,0.05251195373513375,0.01678069455487473,0.07363719305119659,0.05718569304592787
imbalance_screen,s69|smote|r=0.2|k=2|cal=none|folds=None,69,9618,5,240,60,37,10,0.3533034382249179,0.11144170359703151,0.81,0.17722837431754945,0.16666666666666666,0.010561707650882796,8,2,4,log_loss,1.0,smote,0.2,2.0,none,,0.12588027832576815,0.15278559107024725,0.08927190560311371,0.07624120773464191,0.09584480184244301,0.05742903327625677,0.10649485389229033,0.101187096478672,0.030736586594563884,0.03694547108020886,0.05994391387072622,0.06723926023106791
imbalance_screen,s69|smote|r=0.2|k=3|cal=none|folds=None,69,9618,1,240,60,38,9,0.4384515131121277,0.13535790448455387,0.616557734204793,0.1255741182720823,0.15,-0.02442588172791768,8,2,4,log_loss,1.0,smote,0.2,3.0,none,,0.1520091874080083,0.1433249879880705,0.10366091938111116,0.08576071307912192,0.08325800970928322,0.05996532462410871,0.09892622938974908,0.11923652170122696,0.02433641657452321,0.042866742571479224,0.031156324240644014,0.055498623332673594
imbalance_screen,s69|smote|r=0.2|k=3|cal=none|folds=None,69,9618,2,240,60,38,9,0.34667253950415344,0.11073658928784617,0.8289760348583879,0.16507261862824457,0.15,0.015072618628244577,8,2,4,log_loss,1.0,smote,0.2,3.0,none,,0.14043913488088608,0.16270900031776442,0.09082954694711592,0.08660124084952386,0.07640572456316715,0.053352008816586985,0.10210655671104325,0.08880541506367814,0.05907648625992445,0.024022965150128372,0.05744004728180549,0.05821187315837587
imbalance_screen,s69|smote|r=0.2|k=3|cal=none|folds=None,69,9618,3,240,60,38,9,0.29629060530922574,0.08841539244073739,0.8616557734204793,0.17820289098474393,0.15,0.028202890984743934,8,2,4,log_loss,1.0,smote,0.2,3.0,none,,0.13577860631210992,0.14568376812500544,0.11877301514281986,0.0633601256185202,0.08134935972494725,0.08194830133238622,0.10853607810473881,0.09524010556842563,0.04727097394018643,0.028195967990876872,0.04727759693424877,0.046586101205734705
imbalance_screen,s69|smote|r=0.2|k=3|cal=none|folds=None,69,9618,4,240,60,37,10,0.3937103034133797,0.11576190241959786,0.7260000000000001,0.17271021137477327,0.16666666666666666,0.006043544708106613,8,2,4,log_loss,1.0,smote,0.2,3.0,none,,0.1474742365170778,0.1381019658272709,0.1034297806838342,0.052429564418950136,0.11741370275351652,0.0657306028491508,0.09540490645485089,0.08730114083854032,0.03669900333104419,0.022224529019318623,0.08077651813271011,0.053014049173735645
imbalance_screen,s69|smote|r=0.2|k=3|cal=none|folds=None,69,9618,5,240,60,37,10,0.34230547467153566,0.10802539777698608,0.834,0.17349745122951857,0.16666666666666666,0.00683078456285191,8,2,4,log_loss,1.0,smote,0.2,3.0,none,,0.13627771139981007,0.14564027357691278,0.09303228553321136,0.08367711495742093,0.08603739303988246,0.05895104443898356,0.1074052276850979,0.10266752669542248,0.033940518418225846,0.030845455312768673,0.05243113869969408,0.06909431024256986
imbalance_screen,s69|smote|r=0.2|k=4|cal=none|folds=None,69,9618,1,240,60,38,9,0.4267743594981069,0.13170418351197616,0.6427015250544662,0.12639178148355004,0.15,-0.023608218516449953,8,2,4,log_loss,1.0,smote,0.2,4.0,none,,0.14743717284750396,0.13912990082850463,0.10609924675180443,0.08629826533575242,0.08717448610622229,0.05903002148423124,0.09809543652761757,0.11958446463308608,0.024174044329299968,0.04151449151644734,0.03091111132452859,0.06055135831500156
imbalance_screen,s69|smote|r=0.2|k=4|cal=none|folds=None,69,9618,2,240,60,38,9,0.3481224029363137,0.11046408226393598,0.8115468409586057,0.1653117816153994,0.15,0.015311781615399395,8,2,4,log_loss,1.0,smote,0.2,4.0,none,,0.12524419644198292,0.17721635881608888,0.10140435448896254,0.08211589887142638,0.07658766229433996,0.050360334386551873,0.0959575551022837,0.09608920511127404,0.04999817161055559,0.025921404599054874,0.056829188790460124,0.062275669487019125
imbalance_screen,s69|smote|r=0.2|k=4|cal=none|folds=None,69,9618,3,240,60,38,9,0.28718771720015185,0.08383082161941677,0.8681917211328977,0.1751955518647833,0.15,0.02519555186478331,8,2,4,log_loss,1.0,smote,0.2,4.0,none,,0.13896609934149967,0.14795186897162033,0.10996547215346537,0.061965212531687124,0.08856020208719835,0.0804930315341472,0.11265059841550498,0.0907106503013698,0.04172963738684174,0.024960295800428273,0.049377038270152836,0.052669893206084416
imbalance_screen,s69|smote|r=0.2|k=4|cal=none|folds=None,69,9618,4,240,60,37,10,0.38687642947152984,0.11379152318485855,0.75,0.1640577347878182,0.16666666666666666,-0.0026089318788484472,8,2,4,log_loss,1.0,smote,0.2,4.0,none,,0.14550016338440305,0.1528121323497004,0.10089360023396263,0.047062636397562106,0.10573077714124654,0.06000207687473942,0.10480138745051269,0.09679767686942506,0.03517814888342151,0.021801410062329815,0.07769918100039253,0.05172080935230413
imbalance_screen,s69|smote|r=0.2|k=4|cal=none|folds=None,69,9618,5,240,60,37,10,0.3413302080176846,0.10820636786785585,0.83,0.1739950202310969,0.16666666666666666,0.0073283535644302344,8,2,4,log_loss,1.0,smote,0.2,4.0,none,,0.13869209380148584,0.1479156424819893,0.09289477591589844,0.09006894895416073,0.07740125825373965,0.06080538151930986,0.09700326976116529,0.10138711298418446,0.03394707253824698,0.03127662379556801,0.06210642384081262,0.06650139615343885
imbalance_screen,s69|smote|r=0.3|k=2|cal=none|folds=None,69,9618,1,240,60,38,9,0.4406922296526283,0.1421422631428291,0.6187363834422658,0.15787715800528968,0.15,0.00787715800528968,8,2,4,log_loss,1.0,smote,0.3,2.0,none,,0.14333655795942477,0.16763473373542062,0.11207245560759328,0.08746805618140384,0.061978738820544436,0.04994146818087372,0.10694416489315088,0.09911019401883979,0.031326636587322584,0.05342973519077433,0.025872149809400096,0.06088510901525149
imbalance_screen,s69|smote|r=0.3|k=2|cal=none|folds=None,69,9618,2,240,60,38,9,0.36093823068158304,0.11476839112997284,0.7941176470588236,0.19019827302642942,0.15,0.04019827302642942,8,2,4,log_loss,1.0,smote,0.3,2.0,none,,0.16138176416316563,0.16045066693914972,0.08117362265287578,0.08180388813484567,0.07506875130751928,0.055807488725593,0.08862032972050742,0.10563614332651428,0.06311113423141491,0.028770098303482438,0.05849770680667545,0.039678405688256466
imbalance_screen,s69|smote|r=0.3|k=2|cal=none|folds=None,69,9618,3,240,60,38,9,0.2998191796882972,0.09066456977674432,0.8660130718954249,0.20726591639830583,0.15,0.05726591639830583,8,2,4,log_loss,1.0,smote,0.3,2.0,none,,0.1485355447684414,0.13421484601861322,0.10417824708991218,0.06727350152843205,0.07395503411183224,0.06513184644972488,0.10556197613062769,0.08441947970324368,0.06139893244056076,0.04920797652364722,0.05463746714754875,0.05148514808741586
imbalance_screen,s69|smote|r=0.3|k=2|cal=none|folds=None,69,9618,4,240,60,37,10,0.3605192881841113,0.11023097813298159,0.7879999999999999,0.19817338774799045,0.16666666666666666,0.031506721081323796,8,2,4,log_loss,1.0,smote,0.3,2.0,none,,0.15790644961871855,0.16371802325687093,0.08378764424659785,0.05151177217769925,0.09462226440997663,0.061232861104168965,0.09672662542244963,0.08411882220423918,0.0727828247027794,0.027929097898695528,0.06667496992902738,0.038988645028776775
imbalance_screen,s69|smote|r=0.3|k=2|cal=none|folds=None,69,9618,5,240,60,37,10,0.34002101289191183,0.10911007281451218,0.842,0.1948378200074657,0.16666666666666666,0.028171153340799032,8,2,4,log_loss,1.0,smote,0.3,2.0,none,,0.1216645280770113,0.16926185613931327,0.09889876915016804,0.06177704947255536,0.10440387626328945,0.0596716578657311,0.10587567622466544,0.09032607338798139,0.029523584400668847,0.06736703162211778,0.05192954114878586,0.03930035624771216
imbalance_screen,s69|smote|r=0.3|k=3|cal=none|folds=None,69,9618,1,240,60,38,9,0.4499115519937148,0.14202923562023997,0.6013071895424836,0.1497013326078322,0.15,-0.0002986673921678007,8,2,4,log_loss,1.0,smote,0.3,3.0,none,,0.14307381959001686,0.14756799503909754,0.12365929967519773,0.09158129371018658,0.06551192319249392,0.05383308846474968,0.10170144110113988,0.09016593753495246,0.02382816644629955,0.07567654285153934,0.02788655106004311,0.05551394133428346
imbalance_screen,s69|smote|r=0.3|k=3|cal=none|folds=None,69,9618,2,240,60,38,9,0.3473089368468974,0.11099037892193533,0.8398692810457516,0.1823158773913078,0.15,0.03231587739130781,8,2,4,log_loss,1.0,smote,0.3,3.0,none,,0.1547558252052765,0.14927992335362042,0.10628259512015796,0.09085472502607587,0.05820498475712288,0.05190833256264385,0.09439278968830758,0.09394730726904502,0.08080226293031739,0.02464216084412231,0.05735006131351419,0.03757903192979617
imbalance_screen,s69|smote|r=0.3|k=3|cal=none|folds=None,69,9618,3,240,60,38,9,0.30023188476833446,0.08863078648409806,0.8638344226579521,0.20636631681077858,0.15,0.05636631681077858,8,2,4,log_loss,1.0,smote,0.3,3.0,none,,0.13023967394175906,0.15707726572176656,0.10052231637522187,0.051878496813749064,0.07812118210305855,0.08046436397747993,0.11210863144733782,0.09098788210821222,0.04652596947111188,0.04729133075691699,0.05640388524806769,0.048379002035318454
imbalance_screen,s69|smote|r=0.3|k=3|cal=none|folds=None,69,9618,4,240,60,37,10,0.38497721446791827,0.11648717109013944,0.764,0.18966955775444336,0.16666666666666666,0.0230028910877767,8,2,4,log_loss,1.0,smote,0.3,3.0,none,,0.1440559433476517,0.11356422230337615,0.1449738360558761,0.04847777020948012,0.100755842056939,0.06850173954153609,0.09159579798210965,0.08624564435933448,0.044730417179625,0.03378601132007804,0.07287503016060345,0.05043774548339024
imbalance_screen,s69|smote|r=0.3|k=3|cal=none|folds=None,69,9618,5,240,60,37,10,0.3446615336006567,0.10992046935818478,0.8260000000000001,0.19337113692813754,0.16666666666666666,0.02670447026147088,8,2,4,log_loss,1.0,smote,0.3,3.0,none,,0.11314604721172238,0.15206003773016352,0.10162041395887716,0.07996669605517108,0.09511360594462402,0.05969214881863822,0.08761110156266057,0.0966679879919219,0.07618573512279266,0.054533159249937735,0.04526632367225053,0.03813674268124007
imbalance_screen,s69|smote|r=0.3|k=4|cal=none|folds=None,69,9618,1,240,60,38,9,0.43211812518174303,0.13621838597346367,0.6514161220043573,0.1448734709146862,0.15,-0.005126529085313802,8,2,4,log_loss,1.0,smote,0.3,4.0,none,,0.12415741481469851,0.11726343601322486,0.14749321654985936,0.10171543847935004,0.0916629056826506,0.044428327693005226,0.08381771678654505,0.11869123685696242,0.030752109347847927,0.05698860875274525,0.030152914197795908,0.05287667482531468
imbalance_screen,s69|smote|r=0.3|k=4|cal=none|folds=None,69,9618,2,240,60,38,9,0.350415441054275,0.11096311353269275,0.8028322440087147,0.18854318524022726,0.15,0.03854318524022726,8,2,4,log_loss,1.0,smote,0.3,4.0,none,,0.12685132571820923,0.15893560681036129,0.10439516494491778,0.08256485078755592,0.0705273840441206,0.056502428117964076,0.09004889718152115,0.0887428326417913,0.0837974640151836,0.04057506638790315,0.05099518992095633,0.046063789429515715
imbalance_screen,s69|smote|r=0.3|k=4|cal=none|folds=None,69,9618,3,240,60,38,9,0.3088802682543825,0.0940914288650549,0.8703703703703703,0.20097510936590635,0.15,0.05097510936590635,8,2,4,log_loss,1.0,smote,0.3,4.0,none,,0.13622197857637078,0.14056164118687584,0.13669690688669717,0.05428001094526016,0.06694332632972222,0.07944801177901938,0.1156175182207322,0.08293129720073968,0.058123638172365356,0.04036899193802227,0.046640608169488895,0.04216607059470612
imbalance_screen,s69|smote|r=0.3|k=4|cal=none|folds=None,69,9618,4,240,60,37,10,0.38587785379331285,0.11841337408990783,0.7420000000000001,0.18497539054935333,0.16666666666666666,0.018308723882686673,8,2,4,log_loss,1.0,smote,0.3,4.0,none,,0.12579687034021225,0.15540894153979898,0.10905740868235096,0.03878774856485494,0.11148764179962777,0.05975937218602632,0.08368662269781194,0.0885621844492049,0.05513817816614982,0.03025849175431061,0.08712366231439941,0.05493287750525217
imbalance_screen,s69|smote|r=0.3|k=4|cal=none|folds=None,69,9618,5,240,60,37,10,0.3434966382973311,0.11036715756518344,0.8320000000000001,0.19363494001508116,0.16666666666666666,0.026968273348414507,8,2,4,log_loss,1.0,smote,0.3,4.0,none,,0.14044928373068433,0.1691363182965872,0.09079181611664176,0.08323809369244288,0.06751482157895469,0.05906769988584648,0.09099738717456501,0.09199456407846913,0.04232534626972267,0.05311542135596722,0.06440209836157897,0.046967149458539616
imbalance_screen,s69|smote|r=0.4|k=2|cal=none|folds=None,69,9618,1,240,60,38,9,0.45374439356247476,0.14666248023080844,0.6187363834422658,0.1771058495439606,0.15,0.027105849543960614,8,2,4,log_loss,1.0,smote,0.4,2.0,none,,0.14644956760183367,0.1574244229623827,0.14403609428601252,0.09102492507039858,0.05678642511844428,0.045288825246441615,0.10468401516123486,0.08504444448140273,0.032313967407119386,0.05883230324662471,0.022243735645350603,0.05587127377275449
imbalance_screen,s69|smote|r=0.4|k=2|cal=none|folds=None,69,9618,2,240,60,38,9,0.3695636604994646,0.11900839179419175,0.7854030501089324,0.21173532740678544,0.15,0.061735327406785445,8,2,4,log_loss,1.0,smote,0.4,2.0,none,,0.12365145449877168,0.1814696479413771,0.09518250252345334,0.07022866284754954,0.06911905040905036,0.05174315024229761,0.08520436860376886,0.08200538349350295,0.10766503828222854,0.03852349297661322,0.060046612050115064,0.03516063613127172
imbalance_screen,s69|smote|r=0.4|k=2|cal=none|folds=None,69,9618,3,240,60,38,9,0.3164787658456631,0.09490298440561871,0.84640522875817,0.2198462101955974,0.15,0.06984621019559742,8,2,4,log_loss,1.0,smote,0.4,2.0,none,,0.14758196747209362,0.13289911442560748,0.0981390514782799,0.08461833605245614,0.07157844910498025,0.0720827547250022,0.10342867404873382,0.08748601949627784,0.07249766243026742,0.04199568727956056,0.0480811863578035,0.039611097128937255
imbalance_screen,s69|smote|r=0.4|k=2|cal=none|folds=None,69,9618,4,240,60,37,10,0.37566582277468213,0.11761573252366064,0.774,0.20590567730506482,0.16666666666666666,0.03923901063839816,8,2,4,log_loss,1.0,smote,0.4,2.0,none,,0.12661090226001007,0.15712632455536868,0.09472356268283734,0.05221406401333223,0.09313574852035425,0.066978392449176,0.09890437313878428,0.08008292118679274,0.07809522618559858,0.03723842789514783,0.0756044316685664,0.03928562544403163
imbalance_screen,s69|smote|r=0.4|k=2|cal=none|folds=None,69,9618,5,240,60,37,10,0.34949032312653666,0.11101039313127914,0.8460000000000001,0.21895992206486709,0.16666666666666666,0.05229325539820043,8,2,4,log_loss,1.0,smote,0.4,2.0,none,,0.11221888330341985,0.17292258104611813,0.11138519789141381,0.05990703113203598,0.08665135781282701,0.06266022355083416,0.10234069177284072,0.08246715968182666,0.033792780496800505,0.07126784760301973,0.05893712943929819,0.04544911626956528
imbalance_screen,s69|smote|r=0.4|k=3|cal=none|folds=None,69,9618,1,240,60,38,9,0.4474546582326295,0.1415637558783047,0.616557734204793,0.1706599929566524,0.15,0.020659992956652412,8,2,4,log_loss,1.0,smote,0.4,3.0,none,,0.14493935926804064,0.1556330902943525,0.11001204625136933,0.07462586319980327,0.06400469507975315,0.04926399628740795,0.09205100828304842,0.09750310352880506,0.0339210668915469,0.09126075884964437,0.023662725137110853,0.06312228692911748
imbalance_screen,s69|smote|r=0.4|k=3|cal=none|folds=None,69,9618,2,240,60,38,9,0.3690372903375201,0.11661558508052977,0.7875816993464052,0.2139974889491837,0.15,0.0639974889491837,8,2,4,log_loss,1.0,smote,0.4,3.0,none,,0.1261099294707322,0.16069973447967575,0.116900572510263,0.10128413828094436,0.05901305364364539,0.044243218040522385,0.09767100332933802,0.08578892252451954,0.0864533859588923,0.02765856952981255,0.0545060312825082,0.039671440949146354
imbalance_screen,s69|smote|r=0.4|k=3|cal=none|folds=None,69,9618,3,240,60,38,9,0.31187937953465644,0.09216426887812273,0.8594771241830066,0.22073669248947622,0.15,0.07073669248947623,8,2,4,log_loss,1.0,smote,0.4,3.0,none,,0.11906777522162308,0.16088124194762818,0.10008681402023364,0.0513063352183305,0.07721706669246958,0.07548477695451628,0.11239347415218691,0.09151143113550053,0.055566456390901034,0.054058483848791264,0.054219996214226414,0.0482061482035927
imbalance_screen,s69|smote|r=0.4|k=3|cal=none|folds=None,69,9618,4,240,60,37,10,0.3816513139276996,0.11874126856350241,0.77,0.20477591713664725,0.16666666666666666,0.03810925046998059,8,2,4,log_loss,1.0,smote,0.4,3.0,none,,0.1393758801269881,0.1374300846894427,0.14620225494791173,0.043931420087653696,0.09531567655275368,0.062339163141020476,0.09234170043005586,0.08169683237120748,0.05404575064173764,0.050281633538222896,0.06230600729836478,0.03473359617464097
imbalance_screen,s69|smote|r=0.4|k=3|cal=none|folds=None,69,9618,5,240,60,37,10,0.3486426416380987,0.11069037082661917,0.8260000000000001,0.2157700196679348,0.16666666666666666,0.04910335300126814,8,2,4,log_loss,1.0,smote,0.4,3.0,none,,0.11276451820048555,0.15985764289559112,0.12197609994627719,0.0878325058709552,0.08640147980729346,0.05447434558285098,0.08307982660639537,0.0813706912525593,0.05492824697055074,0.06608892697804843,0.05307918377874626,0.03814653211024652
imbalance_screen,s69|smote|r=0.4|k=4|cal=none|folds=None,69,9618,1,240,60,38,9,0.43619912261067634,0.13854296308197836,0.6339869281045752,0.16334710726163545,0.15,0.01334710726163546,8,2,4,log_loss,1.0,smote,0.4,4.0,none,,0.12160520840521459,0.14016742876535013,0.16032772912115975,0.08123080891386372,0.07798404939762224,0.04236802860940514,0.08376306619121597,0.11287577312944867,0.03454783562975687,0.06145423544408131,0.024802728158035223,0.05887310823484637
imbalance_screen,s69|smote|r=0.4|k=4|cal=none|folds=None,69,9618,2,240,60,38,9,0.3592422727788455,0.1155788754106987,0.8159041394335511,0.2105325511064527,0.15,0.0605325511064527,8,2,4,log_loss,1.0,smote,0.4,4.0,none,,0.14178366974998796,0.152938563599045,0.10573657748416965,0.0834193414600422,0.062459227575082675,0.051907669420050685,0.08927300406332674,0.09356812218115673,0.06065466979960635,0.0657407980763299,0.05411319658821909,0.03840516000298311
imbalance_screen,s69|smote|r=0.4|k=4|cal=none|folds=None,69,9618,3,240,60,38,9,0.33546155926066656,0.1043329453476097,0.818082788671024,0.21860543564854362,0.15,0.06860543564854363,8,2,4,log_loss,1.0,smote,0.4,4.0,none,,0.1432796871439631,0.14064461505996426,0.12378872977419969,0.05731360532518703,0.07094633103073619,0.07383594268792336,0.10690783172307869,0.07952294055378806,0.05988295646187619,0.06355923118300394,0.04110605901992272,0.03921207003635672
imbalance_screen,s69|smote|r=0.4|k=4|cal=none|folds=None,69,9618,4,240,60,37,10,0.4014754973892681,0.12455103134312875,0.74,0.2042713905268142,0.16666666666666666,0.03760472386014754,8,2,4,log_loss,1.0,smote,0.4,4.0,none,,0.11824885300250346,0.15515534479426404,0.11236724362043529,0.045280822301801714,0.09220763331089582,0.06187029510041472,0.08935268792178722,0.08718574524749009,0.0663558222067146,0.034218553848934276,0.09276957226267926,0.04498742638207937
imbalance_screen,s69|smote|r=0.4|k=4|cal=none|folds=None,69,9618,5,240,60,37,10,0.35410859067479006,0.11415950382114852,0.8140000000000001,0.21530746446618243,0.16666666666666666,0.04864079779951577,8,2,4,log_loss,1.0,smote,0.4,4.0,none,,0.14415107424017135,0.16383290605865994,0.10660328427317135,0.07345888860605743,0.06309529041141648,0.05482795885348223,0.0977550177251618,0.09338465428233275,0.055401254819222166,0.05637443875153304,0.04920020026659039,0.04191503171220097
imbalance_screen,s69|smote|r=0.7|k=10|cal=none|folds=None,69,9618,1,240,60,38,9,0.4529633466162666,0.1501470231846668,0.6405228758169934,0.20549026231848233,0.15,0.055490262318482336,8,2,4,log_loss,1.0,smote,0.7,10.0,none,,0.11393680712652683,0.14879096482719764,0.11656640272382823,0.07553536691696833,0.05490643307598688,0.03769648044861421,0.08463507110475908,0.08341559800427183,0.0641205455187369,0.121040509196136,0.033025406480123955,0.06633041457685025
imbalance_screen,s69|smote|r=0.7|k=10|cal=none|folds=None,69,9618,2,240,60,38,9,0.4059679070230786,0.13241455283204268,0.761437908496732,0.2436204413789663,0.15,0.0936204413789663,8,2,4,log_loss,1.0,smote,0.7,10.0,none,,0.11155289751492613,0.14284424494175801,0.08052011955693932,0.07996871868536157,0.04532975907062864,0.03634107336803913,0.08057288559636627,0.060550500206839705,0.16522264300716533,0.10134024087571206,0.06581133057250953,0.029945586603754296
imbalance_screen,s69|smote|r=0.7|k=10|cal=none|folds=None,69,9618,3,240,60,38,9,0.34455651967961914,0.10576871822801119,0.84640522875817,0.2555609848425958,0.15,0.10556098484259582,8,2,4,log_loss,1.0,smote,0.7,10.0,none,,0.07983760234578624,0.1350518380894424,0.11555353004345875,0.07327026417561251,0.07074889990742676,0.06315724104613,0.08921253217926317,0.06511181496041618,0.05975822810586111,0.17126596149072312,0.043309886815468795,0.03372220084041074
imbalance_screen,s69|smote|r=0.7|k=10|cal=none|folds=None,69,9618,4,240,60,37,10,0.4285699416499034,0.1377446507158983,0.73,0.22822894868722582,0.16666666666666666,0.06156228202055916,8,2,4,log_loss,1.0,smote,0.7,10.0,none,,0.1169575448731479,0.14448956534212154,0.09639532717634619,0.05183717314617355,0.07576972993241678,0.05016935185197682,0.06874931833439235,0.061861142346367144,0.15498944135495696,0.03451313962476199,0.11453790213179788,0.02973036388554101
imbalance_screen,s69|smote|r=0.7|k=10|cal=none|folds=None,69,9618,5,240,60,37,10,0.35748556727259306,0.11405239382814084,0.838,0.23761600002169211,0.16666666666666666,0.07094933335502546,8,2,4,log_loss,1.0,smote,0.7,10.0,none,,0.1027807784910047,0.1369289972929376,0.0724008962746974,0.07312110974204837,0.04836698688152463,0.05287483047563756,0.07749191695415664,0.07385500915166307,0.16226694807497458,0.08698413669863092,0.08237320202560652,0.03055518793711794
imbalance_screen,s46|none|r=None|k=None|cal=none|folds=None,46,9618,1,240,60,38,9,0.43291597147129635,0.13528455290101699,0.644880174291939,0.1226919817755221,0.15,-0.027308018224477898,10,2,6,log_loss,0.7,none,,,none,,0.15422488484643776,0.14059165300181545,0.10947833161953859,0.0697880578594143,0.09487398024248583,0.06175070076854265,0.10903794915838758,0.12381008614352693,0.01914680977411641,0.0357843451549248,0.03274747131258264,0.0487657301182271
imbalance_screen,s46|none|r=None|k=None|cal=none|folds=None,46,9618,2,240,60,38,9,0.3479701580379805,0.11069835687716208,0.8224400871459695,0.16800680342992036,0.15,0.018006803429920365,10,2,6,log_loss,0.7,none,,,none,,0.1537782290048744,0.1574709304926118,0.09267347587591866,0.07302215264034213,0.07738505510343766,0.058175135427670506,0.10914458424364384,0.10178193323798684,0.04297600922623151,0.023092346225280648,0.053789445565759646,0.05671070295624226
imbalance_screen,s46|none|r=None|k=None|cal=none|folds=None,46,9618,3,240,60,38,9,0.2965940289560041,0.08699208551538788,0.8572984749455338,0.1755267429431056,0.15,0.025526742943105613,10,2,6,log_loss,0.7,none,,,none,,0.13978824900530618,0.14688046292953058,0.09943553811017004,0.053300358183659344,0.08071299927091898,0.08387560727740964,0.11366390956555532,0.10862823130504146,0.04199015831415317,0.02531290147525188,0.05158058616037164,0.054830998402631684
imbalance_screen,s46|none|r=None|k=None|cal=none|folds=None,46,9618,4,240,60,37,10,0.37640914251857116,0.11220796699716308,0.768,0.16842253799313792,0.16666666666666666,0.0017558713264712589,10,2,6,log_loss,0.7,none,,,none,,0.1470716999564568,0.1503955471938607,0.09080269920383681,0.043286087663235,0.10381622221498037,0.06705878334471911,0.10056270590469507,0.10876450837057389,0.041698912555170616,0.01866187534131079,0.07173151224656774,0.05614944600459297
imbalance_screen,s46|none|r=None|k=None|cal=none|folds=None,46,9618,5,240,60,37,10,0.3400177728299035,0.10708850225074508,0.828,0.16749893540133287,0.16666666666666666,0.0008322687346662139,10,2,6,log_loss,0.7,none,,,none,,0.1356451211018317,0.15235263865107437,0.08705594409652977,0.07250815467703764,0.085426817289688,0.061348149909077734,0.1076746245192549,0.1131123452793243,0.031475241045368405,0.029778203267849957,0.06083923481346239,0.06278352534950098
imbalance_screen,s46|balanced|r=None|k=None|cal=none|folds=None,46,9618,1,240,60,38,9,0.4452855646549572,0.14028803143247248,0.6318082788671024,0.14336838360858048,0.15,-0.006631616391419515,10,2,6,log_loss,0.7,balanced,,,none,,0.16345282883483206,0.1665893966776281,0.09313662031782725,0.05704999684549514,0.07659878743256518,0.05208624558037039,0.09592374243804548,0.12975299061765116,0.023867289842852135,0.049827830698993096,0.028722431114550053,0.06299183959918993
imbalance_screen,s46|balanced|r=None|k=None|cal=none|folds=None,46,9618,2,240,60,38,9,0.3735108498489951,0.12047202188190628,0.7636165577342048,0.1998798863779145,0.15,0.04987988637791452,10,2,6,log_loss,0.7,balanced,,,none,,0.1567255840420716,0.19296141729865873,0.0711514782321185,0.06557364471288535,0.06981487398463948,0.0588311961052728,0.1028168431699294,0.10239900631857608,0.04164679813128663,0.026162917401827402,0.05697530558400201,0.05494093501873204
imbalance_screen,s46|balanced|r=None|k=None|cal=none|folds=None,46,9618,3,240,60,38,9,0.3065518034083663,0.09038798095302177,0.8681917211328976,0.21032979669292462,0.15,0.060329796692924625,10,2,6,log_loss,0.7,balanced,,,none,,0.14752132404633303,0.17452906641785737,0.08149373802252716,0.056808667713982026,0.07044075150160688,0.07941878066179621,0.10857275774041777,0.1105038036764758,0.037199766599363644,0.030263741451488493,0.052088725243758516,0.05115887692439302
imbalance_screen,s46|balanced|r=None|k=None|cal=none|folds=None,46,9618,4,240,60,37,10,0.3694073539282635,0.11297450835610906,0.784,0.1929760719530652,0.16666666666666666,0.02630940528639855,10,2,6,log_loss,0.7,balanced,,,none,,0.16062548674906316,0.17783837359596155,0.08377567896328064,0.045033716824317,0.09517018765868195,0.06186421731095474,0.1085001963724164,0.09739815591793059,0.03833834090429999,0.02078380594580996,0.05977635465006663,0.05089548510721745
imbalance_screen,s46|balanced|r=None|k=None|cal=none|folds=None,46,9618,5,240,60,37,10,0.3394016761676194,0.10774099944137018,0.846,0.19918623624863793,0.16666666666666666,0.032519569581971275,10,2,6,log_loss,0.7,balanced,,,none,,0.14677250603730224,0.18577279439899186,0.08592283937795955,0.05383781200689776,0.07507061568641465,0.06616455739111637,0.10360740311840032,0.1130049678183128,0.02674949367437493,0.03468294778009354,0.05531234475085603,0.05310171795927996
imbalance_screen,s46|balanced_subsample|r=None|k=None|cal=none|folds=None,46,9618,1,240,60,38,9,0.451449142125606,0.14166104592195633,0.6078431372549019,0.14276248266208924,0.15,-0.007237517337910754,10,2,6,log_loss,0.7,balanced_subsample,,,none,,0.16560960239075256,0.16522043715166715,0.09371989945136473,0.055218019150820995,0.07632978561693184,0.05416101207999102,0.09427929258565096,0.12781668576028743,0.025346927201533136,0.05020570141781603,0.0299855242281307,0.062107112965053404
imbalance_screen,s46|balanced_subsample|r=None|k=None|cal=none|folds=None,46,9618,2,240,60,38,9,0.3753556643176688,0.12118552941230237,0.7505446623093681,0.19796734285432238,0.15,0.04796734285432239,10,2,6,log_loss,0.7,balanced_subsample,,,none,,0.15555295018268925,0.19924764122325608,0.06994027308374107,0.06428288218642582,0.07370115712373228,0.05746259235656921,0.10078571680075826,0.10051241849544071,0.041870388687045144,0.027237208627750448,0.05476470277049663,0.05464206846209511
imbalance_screen,s46|balanced_subsample|r=None|k=None|cal=none|folds=None,46,9618,3,240,60,38,9,0.3035378117507568,0.08905545064161309,0.8725490196078431,0.20781809782038269,0.15,0.05781809782038269,10,2,6,log_loss,0.7,balanced_subsample,,,none,,0.14875733535911212,0.17348504438583284,0.08076651523692964,0.05680592848587686,0.0714417487949933,0.07457437793891282,0.11102683396001753,0.10949400633389825,0.035830001016928285,0.028896898680237176,0.053123154781210234,0.05579815502605097
imbalance_screen,s46|balanced_subsample|r=None|k=None|cal=none|folds=None,46,9618,4,240,60,37,10,0.38215878705771605,0.11419883375205868,0.768,0.19356101616669197,0.16666666666666666,0.02689434950002531,10,2,6,log_loss,0.7,balanced_subsample,,,none,,0.1587786829156705,0.1766831204331398,0.08169922094295436,0.04455883592726237,0.09938962313583807,0.060896210124110374,0.10534277392874997,0.10053668046974061,0.03693438110836974,0.021616702527256667,0.06288426400843215,0.050679504478475246
imbalance_screen,s46|balanced_subsample|r=None|k=None|cal=none|folds=None,46,9618,5,240,60,37,10,0.3356952447828323,0.10660078479330232,0.846,0.1960249678496939,0.16666666666666666,0.029358301183027236,10,2,6,log_loss,0.7,balanced_subsample,,,none,,0.14353652840512005,0.18693375723034739,0.08131199778601023,0.055804693827027324,0.07602418416771899,0.06451915325648229,0.10480729447571295,0.1102852165333213,0.027137419701112896,0.03703787976807338,0.059631501784181806,0.05297037306489136
imbalance_screen,s46|random_over|r=0.2|k=None|cal=none|folds=None,46,9618,1,240,60,38,9,0.4383480111421827,0.13705828783990637,0.6274509803921569,0.12599102185268612,0.15,-0.02400897814731387,10,2,6,log_loss,0.7,random_over,0.2,,none,,0.15605057552890067,0.1464872564661215,0.11743825317442139,0.0646168752676537,0.08963169882219453,0.05932626572679543,0.11194564326734113,0.1133221725177163,0.01789668652933437,0.039717989407813736,0.03423219869593044,0.04933438459577663
imbalance_screen,s46|random_over|r=0.2|k=None|cal=none|folds=None,46,9618,2,240,60,38,9,0.3540772803502021,0.1125058335228939,0.8115468409586056,0.1683917596754822,0.15,0.018391759675482205,10,2,6,log_loss,0.7,random_over,0.2,,none,,0.14689129662729172,0.15913435111159932,0.09585150182899702,0.07625025331118912,0.0728346961285307,0.05556945933866869,0.10609899730821569,0.0984452241501609,0.05575772973292017,0.023742439661033093,0.05349494404791934,0.05592910675347431
imbalance_screen,s46|random_over|r=0.2|k=None|cal=none|folds=None,46,9618,3,240,60,38,9,0.293162822397141,0.08629758522321376,0.8703703703703703,0.17800152723001225,0.15,0.028001527230012258,10,2,6,log_loss,0.7,random_over,0.2,,none,,0.14569569254690257,0.15548340793745274,0.09501519038076964,0.05220522285766277,0.08302809996943858,0.0770773150445995,0.11353048784906697,0.10984951724785254,0.03782977581053935,0.021492989823650038,0.05250633631782345,0.05628596421424192
imbalance_screen,s46|random_over|r=0.2|k=None|cal=none|folds=None,46,9618,4,240,60,37,10,0.36654164298709546,0.10812791104181724,0.7759999999999999,0.17255401415096397,0.16666666666666666,0.005887347484297312,10,2,6,log_loss,0.7,random_over,0.2,,none,,0.14166291240562998,0.14821733129402836,0.0952417075178047,0.04839300699434183,0.10128187433179883,0.06138367488199934,0.10661747536056862,0.10580093775875711,0.04713597669040411,0.01581303423110229,0.07000523267682053,0.05844683585674415
imbalance_screen,s46|random_over|r=0.2|k=None|cal=none|folds=None,46,9618,5,240,60,37,10,0.3408295742416853,0.10716413542778769,0.8320000000000001,0.17357840387965487,0.16666666666666666,0.0069117372129882115,10,2,6,log_loss,0.7,random_over,0.2,,none,,0.13180117284044035,0.16032294397896418,0.08998158049980678,0.060037693539604475,0.0956767158496407,0.06701641592517824,0.1051763249626259,0.10161166263637403,0.03260690267164809,0.03416498681787316,0.05997000883634135,0.061633591441502746
imbalance_screen,s46|random_over|r=0.3|k=None|cal=none|folds=None,46,9618,1,240,60,38,9,0.42845505407832546,0.13584583366520853,0.6492374727668845,0.14425882804389273,0.15,-0.005741171956107266,10,2,6,log_loss,0.7,random_over,0.3,,none,,0.18536642881267906,0.1537582079622626,0.12581405354400882,0.058252674296270096,0.08284665219916812,0.05642735748400173,0.11242843208367245,0.1018854487193913,0.016628505240713437,0.033468142501541745,0.0287212830938858,0.04440281406240477
imbalance_screen,s46|random_over|r=0.3|k=None|cal=none|folds=None,46,9618,2,240,60,38,9,0.3660185584064231,0.11714370521091545,0.8028322440087146,0.18767956125840984,0.15,0.03767956125840985,10,2,6,log_loss,0.7,random_over,0.3,,none,,0.1580086966243275,0.18052778266379396,0.07882456611136382,0.07397161946150631,0.07651305831974507,0.053116649997321574,0.09294338737410796,0.11137707083165896,0.05141108281407686,0.01684057750557847,0.06157794869719806,0.04488755959932167
imbalance_screen,s46|random_over|r=0.3|k=None|cal=none|folds=None,46,9618,3,240,60,38,9,0.3040061617452434,0.0902384466424663,0.8638344226579521,0.20858715004189998,0.15,0.05858715004189999,10,2,6,log_loss,0.7,random_over,0.3,,none,,0.1358183448330099,0.16962262340962897,0.10181543812327737,0.039583228358368076,0.07962351580585601,0.08097889951992197,0.10689868863596297,0.10082068518122474,0.04027951813011094,0.03607610959280568,0.05413300197016902,0.05434994643966428
imbalance_screen,s46|random_over|r=0.3|k=None|cal=none|folds=None,46,9618,4,240,60,37,10,0.39003607382188055,0.11264766719133738,0.748,0.18973189114137926,0.16666666666666666,0.023065224474712598,10,2,6,log_loss,0.7,random_over,0.3,,none,,0.1601544353542237,0.15469564258421042,0.10478877883021372,0.032452712588236066,0.09462201433546666,0.05921627023621323,0.10497424625084996,0.09308603489641479,0.05508004405827389,0.014590231330660812,0.07190919676277926,0.05443039277245738
imbalance_screen,s46|random_over|r=0.3|k=None|cal=none|folds=None,46,9618,5,240,60,37,10,0.3503173285834294,0.10962449114144869,0.788,0.20718136225015218,0.16666666666666666,0.04051469558348553,10,2,6,log_loss,0.7,random_over,0.3,,none,,0.14053153425084042,0.1604789271061577,0.08635534783917781,0.050287986276018756,0.09179867160159921,0.06367414229899764,0.10376257976343073,0.10719029788492601,0.026327459411002157,0.031413232223906504,0.05746108717581929,0.08071873416812388
imbalance_screen,s46|random_over|r=0.4|k=None|cal=none|folds=None,46,9618,1,240,60,38,9,0.4269848699247391,0.1373824985388551,0.6470588235294117,0.17089012924665872,0.15,0.02089012924665873,10,2,6,log_loss,0.7,random_over,0.4,,none,,0.20748333559755053,0.1652319630246137,0.09878867465722967,0.05876979151986203,0.07291553482795372,0.053582579325784564,0.1062671768087273,0.11982764014912341,0.015988178792836365,0.03577256281762504,0.025102846777194807,0.04026971570149893
imbalance_screen,s46|random_over|r=0.4|k=None|cal=none|folds=None,46,9618,2,240,60,38,9,0.3780118125663782,0.12147789256455886,0.7766884531590414,0.20504372201731555,0.15,0.055043722017315555,10,2,6,log_loss,0.7,random_over,0.4,,none,,0.16300855719225898,0.18411483252429275,0.10278664837251783,0.07861560287485961,0.07954323197816346,0.04926370690504992,0.09167564513662402,0.09466150716593498,0.03499326932573751,0.012525980878587998,0.06294207229988613,0.04586894534608686
imbalance_screen,s46|random_over|r=0.4|k=None|cal=none|folds=None,46,9618,3,240,60,38,9,0.31447333507442554,0.09387445840019988,0.8638344226579521,0.2291694253227344,0.15,0.07916942532273441,10,2,6,log_loss,0.7,random_over,0.4,,none,,0.12761826847699637,0.18844657597002057,0.0797127125723703,0.04232833831777027,0.07351158706172377,0.07075269915153339,0.11394623674186226,0.09799043792233326,0.05929393161840265,0.04042994817531948,0.05750027406767701,0.048468989923990624
imbalance_screen,s46|random_over|r=0.4|k=None|cal=none|folds=None,46,9618,4,240,60,37,10,0.3837607750258965,0.11385177703651429,0.766,0.206462452378434,0.16666666666666666,0.03979578571176734,10,2,6,log_loss,0.7,random_over,0.4,,none,,0.17036194476497882,0.16645460826396438,0.09262050862024039,0.029792723559234385,0.0817833872275936,0.06222127089719743,0.10018726583403641,0.10740119322606916,0.056657578016750955,0.016626632545566036,0.06668041477955465,0.04921247226481368
imbalance_screen,s46|random_over|r=0.4|k=None|cal=none|folds=None,46,9618,5,240,60,37,10,0.35354178541288855,0.11208242625467424,0.8220000000000001,0.22277103704817938,0.16666666666666666,0.056104370381512725,10,2,6,log_loss,0.7,random_over,0.4,,none,,0.14532941392948986,0.16680842989535408,0.08861512380756345,0.06301373297151083,0.0781322756676435,0.0655997555823682,0.10776843853314433,0.10287970055365717,0.024395290578539917,0.03183115898945516,0.05369158937892262,0.0719350901123508
imbalance_screen,s46|smote|r=0.2|k=2|cal=none|folds=None,46,9618,1,240,60,38,9,0.4262869812889869,0.13328821975691843,0.65359477124183,0.12565245604493722,0.15,-0.024347543955062778,10,2,6,log_loss,0.7,smote,0.2,2.0,none,,0.1546970903107281,0.148504706677329,0.10771768622291313,0.07156757712522031,0.09028525073996164,0.06428099792979526,0.09868160334737525,0.12538439213700261,0.01692880013496825,0.039502146188362494,0.03339271466820466,0.049057034518139316
imbalance_screen,s46|smote|r=0.2|k=2|cal=none|folds=None,46,9618,2,240,60,38,9,0.3487823690012969,0.11120935120885166,0.8355119825708062,0.1700895407263949,0.15,0.020089540726394906,10,2,6,log_loss,0.7,smote,0.2,2.0,none,,0.15698439882776224,0.1480425514751854,0.0900932922619976,0.07856402700867564,0.07878778706807456,0.060694394767474534,0.10579074867485841,0.10974533615755437,0.035201269069676855,0.024245317573729053,0.05643695338327123,0.05541392373174024
imbalance_screen,s46|smote|r=0.2|k=2|cal=none|folds=None,46,9618,3,240,60,38,9,0.2984462959595884,0.08841058882050641,0.8529411764705883,0.18375181214022554,0.15,0.033751812140225546,10,2,6,log_loss,0.7,smote,0.2,2.0,none,,0.14207630976956373,0.1421168376104543,0.092525006607725,0.05223527097563963,0.07913644203540977,0.07939071679015193,0.11659189540189019,0.10227789857345762,0.05348203630416199,0.029924214593571898,0.0555229429680662,0.05472042836990786
imbalance_screen,s46|smote|r=0.2|k=2|cal=none|folds=None,46,9618,4,240,60,37,10,0.3876370392685092,0.11393648799546337,0.752,0.16803931206337078,0.16666666666666666,0.0013726453967041197,10,2,6,log_loss,0.7,smote,0.2,2.0,none,,0.14848473360969539,0.1421592424311518,0.09988266464201796,0.047614678104518485,0.09744311247693116,0.06080954226427277,0.10245040030363076,0.09868304260606331,0.04910455067631844,0.01624582279937237,0.08152036941228735,0.05560184067374018
imbalance_screen,s46|smote|r=0.2|k=2|cal=none|folds=None,46,9618,5,240,60,37,10,0.35103086758988866,0.11064113778923895,0.8140000000000001,0.17382636496642506,0.16666666666666666,0.007159698299758405,10,2,6,log_loss,0.7,smote,0.2,2.0,none,,0.12090199367127431,0.1601096524678397,0.09354364055252935,0.06968941742722483,0.08796114704027963,0.060861599359867236,0.11493995518362757,0.10067113805717821,0.03156323520240723,0.03577667385368133,0.061480329391058075,0.06250121779303261
imbalance_screen,s46|smote|r=0.2|k=3|cal=none|folds=None,46,9618,1,240,60,38,9,0.4357879657570235,0.13624261283762554,0.6252723311546842,0.12430841785121195,0.15,-0.025691582148788042,10,2,6,log_loss,0.7,smote,0.2,3.0,none,,0.16002984331750522,0.15151743156255726,0.10606000962375012,0.06914141401007834,0.08722981302233816,0.06239616125029329,0.1084002795158912,0.12072623658376425,0.01616758722551964,0.040551151494793256,0.03251194756237971,0.04526812483112954
imbalance_screen,s46|smote|r=0.2|k=3|cal=none|folds=None,46,9618,2,240,60,38,9,0.3435598918806296,0.10912599864223055,0.8420479302832244,0.16803850288913044,0.15,0.018038502889130448,10,2,6,log_loss,0.7,smote,0.2,3.0,none,,0.153035082995368,0.14507030100388468,0.08794660342380993,0.08372433243435518,0.07582163764792901,0.05630952727709472,0.11278762459156934,0.09613450442474976,0.04705125146404599,0.02499484172495283,0.05909664233817018,0.05802765067407042
imbalance_screen,s46|smote|r=0.2|k=3|cal=none|folds=None,46,9618,3,240,60,38,9,0.29608356721952833,0.0871893774990368,0.8594771241830065,0.18110685654207906,0.15,0.031106856542079064,10,2,6,log_loss,0.7,smote,0.2,3.0,none,,0.13241261581521938,0.14657367953424374,0.11043090176750325,0.05516847802287436,0.08274934415701538,0.08142497401752477,0.11412157527282593,0.10181772485622949,0.04474423356865165,0.026570298609032695,0.05368596477927022,0.05030020959960905
imbalance_screen,s46|smote|r=0.2|k=3|cal=none|folds=None,46,9618,4,240,60,37,10,0.40528918262133545,0.11861207245372797,0.736,0.173403802106414,0.16666666666666666,0.006737135439747355,10,2,6,log_loss,0.7,smote,0.2,3.0,none,,0.15337779013925484,0.13681954617023775,0.10100327743458408,0.04590725830692076,0.11053346571177111,0.06144220280036688,0.10430178672947975,0.08878577181231091,0.03575000073241855,0.02219723068774948,0.08750759743850538,0.05237407203640066
imbalance_screen,s46|smote|r=0.2|k=3|cal=none|folds=None,46,9618,5,240,60,37,10,0.34296213709940654,0.10838814065477699,0.8220000000000001,0.17122376624111493,0.16666666666666666,0.004557099574448276,10,2,6,log_loss,0.7,smote,0.2,3.0,none,,0.13285831108131646,0.1520991311860552,0.09547885852516615,0.07624529943481281,0.07681249786084422,0.06218459677837001,0.1136504342602251,0.109496319057844,0.0325163419662301,0.03079092230237564,0.057630830867652555,0.060236456679107896
imbalance_screen,s46|smote|r=0.2|k=4|cal=none|folds=None,46,9618,1,240,60,38,9,0.4336375366847625,0.13466436537528811,0.6274509803921569,0.12384284285431343,0.15,-0.02615715714568656,10,2,6,log_loss,0.7,smote,0.2,4.0,none,,0.1565424559890317,0.14697133441899451,0.1077286242206856,0.07030299080829776,0.08765610501681567,0.06350931525639983,0.09889085603213572,0.12487957600340785,0.017181843518438752,0.04142472098788591,0.03476135368572697,0.05015082406217982
imbalance_screen,s46|smote|r=0.2|k=4|cal=none|folds=None,46,9618,2,240,60,38,9,0.35308992326708066,0.11170161339345087,0.7875816993464052,0.17093180251892745,0.15,0.020931802518927456,10,2,6,log_loss,0.7,smote,0.2,4.0,none,,0.13577007008213604,0.16148688206255293,0.0913223585673422,0.07888136346748917,0.07957511955160708,0.05567753289161333,0.10554908836567672,0.10869801658686631,0.03871861204071829,0.027288089292573165,0.05957450166992096,0.05745836542150386
imbalance_screen,s46|smote|r=0.2|k=4|cal=none|folds=None,46,9618,3,240,60,38,9,0.2884447997451189,0.08393467517665706,0.8769063180827886,0.17841280232945086,0.15,0.02841280232945087,10,2,6,log_loss,0.7,smote,0.2,4.0,none,,0.13226413645307455,0.15074578076815764,0.09448062901842802,0.05921339296421229,0.08713740709459988,0.08675754155774792,0.11766000821387486,0.09617911429996605,0.03862242621059432,0.024890494753237243,0.05523618086004485,0.05681288780606242
imbalance_screen,s46|smote|r=0.2|k=4|cal=none|folds=None,46,9618,4,240,60,37,10,0.39007795273638274,0.1146744159135178,0.7359999999999999,0.1667757147149289,0.16666666666666666,0.00010904804826225578,10,2,6,log_loss,0.7,smote,0.2,4.0,none,,0.14940514342109734,0.16133289313806387,0.0990295716261314,0.039322485884551055,0.10316456531000236,0.059008266706622695,0.10220461751517836,0.09404325553856416,0.03499222429393373,0.022337294707554946,0.0864748839673679,0.048684797890932316
imbalance_screen,s46|smote|r=0.2|k=4|cal=none|folds=None,46,9618,5,240,60,37,10,0.34095878435846044,0.10841100012196102,0.822,0.17194687672494727,0.16666666666666666,0.00528021005828061,10,2,6,log_loss,0.7,smote,0.2,4.0,none,,0.13309001866516337,0.15463435249262109,0.09853263334109713,0.08214470587104122,0.07345184420754756,0.0600253138879267,0.10941583904737356,0.09775892938496962,0.03159420616208296,0.03295373635754343,0.068330981926287,0.05806743865634618
imbalance_screen,s46|smote|r=0.3|k=2|cal=none|folds=None,46,9618,1,240,60,38,9,0.4444009055289919,0.14339083489685434,0.6339869281045751,0.15611114291986025,0.15,0.006111142919860257,10,2,6,log_loss,0.7,smote,0.3,2.0,none,,0.15068970132730358,0.170470794907084,0.12320952890252712,0.07261507845999651,0.06906181372975187,0.0546225044390651,0.1057008773212783,0.10595268924845624,0.020991248683172255,0.04622186927513581,0.029051201880474883,0.051412691825754336
imbalance_screen,s46|smote|r=0.3|k=2|cal=none|folds=None,46,9618,2,240,60,38,9,0.3496604337485137,0.11094132380065337,0.8246187363834422,0.18981576740311062,0.15,0.03981576740311063,10,2,6,log_loss,0.7,smote,0.3,2.0,none,,0.17258483900651664,0.15554564422446246,0.078844734957455,0.08030187714531396,0.07601404568287272,0.05403904429121431,0.09024984733371116,0.11207135931204329,0.05713794208171171,0.026315582025788025,0.057367817681991895,0.03952726625691873
imbalance_screen,s46|smote|r=0.3|k=2|cal=none|folds=None,46,9618,3,240,60,38,9,0.30644384910645683,0.09320364223172235,0.8572984749455338,0.20688526492642415,0.15,0.05688526492642415,10,2,6,log_loss,0.7,smote,0.3,2.0,none,,0.14839997808725258,0.14170685395103322,0.09645230154011454,0.06575170423211243,0.07190332341964087,0.07235390057453708,0.10700380238000451,0.0917370064560023,0.058038865859070865,0.04395140231156162,0.05527475398991083,0.04742610719875917
imbalance_screen,s46|smote|r=0.3|k=2|cal=none|folds=None,46,9618,4,240,60,37,10,0.3704084802712334,0.11344228682334533,0.788,0.1947761651271434,0.16666666666666666,0.02810949846047675,10,2,6,log_loss,0.7,smote,0.3,2.0,none,,0.1605563775365507,0.15845582082690468,0.08627167559057092,0.04924621951433611,0.09028030087671507,0.057700401859150284,0.10275353428635892,0.08832464868882944,0.07038516782974318,0.02266275285387603,0.07560326559736419,0.0377598345396005
imbalance_screen,s46|smote|r=0.3|k=2|cal=none|folds=None,46,9618,5,240,60,37,10,0.34481343467533176,0.1110508595889037,0.8340000000000001,0.19999619527038034,0.16666666666666666,0.03332952860371369,10,2,6,log_loss,0.7,smote,0.3,2.0,none,,0.11928032973779808,0.17955081992557645,0.09479005180265643,0.05468972308849671,0.09721909183090927,0.06062893886737002,0.1096822524434745,0.09785492930583846,0.02937202300716034,0.05873345898999029,0.05849667886516644,0.0397017021355629
imbalance_screen,s46|smote|r=0.3|k=3|cal=none|folds=None,46,9618,1,240,60,38,9,0.45967345492002737,0.14440056651411745,0.579520697167756,0.1489022595191921,0.15,-0.0010977404808079072,10,2,6,log_loss,0.7,smote,0.3,3.0,none,,0.15356573049663869,0.15990612933655896,0.1313131050060576,0.0720447262408,0.0673866999574389,0.056830954542097877,0.10387152601196853,0.09325372159531876,0.016227436026475636,0.06805031757834906,0.02489794776142184,0.052651705446874336
imbalance_screen,s46|smote|r=0.3|k=3|cal=none|folds=None,46,9618,2,240,60,38,9,0.3517615720646618,0.1119897086951687,0.8333333333333334,0.1886156399585337,0.15,0.038615639958533704,10,2,6,log_loss,0.7,smote,0.3,3.0,none,,0.16055102185644288,0.1518459824568339,0.09773729307672326,0.08852600661392188,0.06279009146021411,0.05089186006304159,0.10280273577428248,0.10364352875096262,0.07017992918515994,0.021913697437717736,0.05166300079249146,0.03745485253220824
imbalance_screen,s46|smote|r=0.3|k=3|cal=none|folds=None,46,9618,3,240,60,38,9,0.3026585290292608,0.08969222314596134,0.8703703703703703,0.20600135164063643,0.15,0.05600135164063644,10,2,6,log_loss,0.7,smote,0.3,3.0,none,,0.14034399661005176,0.15703767095742055,0.08866499327408654,0.04868376168842265,0.07788423220421718,0.08093183679849757,0.11696923641479463,0.09501983274170425,0.04193540696236727,0.044800117208969994,0.058969776119219657,0.04875913902024809
imbalance_screen,s46|smote|r=0.3|k=3|cal=none|folds=None,46,9618,4,240,60,37,10,0.38805688130163085,0.1175138015875368,0.758,0.18952597144406477,0.16666666666666666,0.022859304777398115,10,2,6,log_loss,0.7,smote,0.3,3.0,none,,0.14765780124455852,0.12335920831641724,0.15268008814005338,0.042618871330736816,0.09578280192484981,0.06362635844413786,0.09679552113467361,0.08544273257827587,0.03810952426034816,0.027125314719929666,0.07832465465308192,0.048477123252937133
imbalance_screen,s46|smote|r=0.3|k=3|cal=none|folds=None,46,9618,5,240,60,37,10,0.3439004637388063,0.10994320201535064,0.8340000000000001,0.19556357299572802,0.16666666666666666,0.02889690632906136,10,2,6,log_loss,0.7,smote,0.3,3.0,none,,0.1115918655613105,0.15850549688374993,0.10677256716680951,0.07712571856308138,0.09107624122410482,0.05873413032382472,0.08948742397857971,0.10429878075240313,0.06570983909794875,0.04694613980599627,0.047068854386751235,0.04268294225543996
imbalance_screen,s46|smote|r=0.3|k=4|cal=none|folds=None,46,9618,1,240,60,38,9,0.43532705378992365,0.13823475448550185,0.6361655773420479,0.14530582822065444,0.15,-0.004694171779345557,10,2,6,log_loss,0.7,smote,0.3,4.0,none,,0.1268371213514585,0.12921107292409456,0.16629326325207805,0.08413625041501899,0.09341686442627385,0.047433867460650786,0.09125675080139808,0.11240762566686606,0.024894716056088183,0.04678296406424094,0.030970082656456257,0.04635942092537575
imbalance_screen,s46|smote|r=0.3|k=4|cal=none|folds=None,46,9618,2,240,60,38,9,0.3472561213603108,0.11006039705347688,0.8202614379084967,0.19330157517407803,0.15,0.04330157517407804,10,2,6,log_loss,0.7,smote,0.3,4.0,none,,0.13230387796785822,0.16608041898603046,0.09893114539744731,0.07912183345293061,0.06986217544402785,0.058551495017081186,0.09326228970538915,0.0938811273099323,0.07629726184071514,0.0342388229792148,0.05150813216791374,0.04596141973145929
imbalance_screen,s46|smote|r=0.3|k=4|cal=none|folds=None,46,9618,3,240,60,38,9,0.31221494580204495,0.09455742784035906,0.8616557734204794,0.20816911124980814,0.15,0.05816911124980814,10,2,6,log_loss,0.7,smote,0.3,4.0,none,,0.1332660805964983,0.1440029049231688,0.13702308610280745,0.053518965191049254,0.06920601597294768,0.07655065959911923,0.11303093099881113,0.08613851953872444,0.054074780365294985,0.0339184320644584,0.053083660893558364,0.04618596375356196
imbalance_screen,s46|smote|r=0.3|k=4|cal=none|folds=None,46,9618,4,240,60,37,10,0.39941050503798164,0.1202363939817098,0.746,0.19079802608516802,0.16666666666666666,0.024131359418501364,10,2,6,log_loss,0.7,smote,0.3,4.0,none,,0.12599842074499015,0.15364833116289364,0.11082482386702151,0.03825452109364604,0.11197901981690436,0.059492626866469264,0.08544084918164667,0.09311350444077697,0.05391603631714635,0.02605160207108816,0.08945011671340855,0.0518301477240082
imbalance_screen,s46|smote|r=0.3|k=4|cal=none|folds=None,46,9618,5,240,60,37,10,0.3423254038419206,0.11046333858170397,0.832,0.18896076421932642,0.16666666666666666,0.022294097552659764,10,2,6,log_loss,0.7,smote,0.3,4.0,none,,0.13420305290718354,0.1768431632763844,0.09328617221895386,0.08284088818206926,0.06510171029941418,0.05861519002090318,0.10060931212309426,0.09873089502152127,0.03422686864334168,0.05017501542029994,0.06103114665788176,0.044336585228952764
imbalance_screen,s46|smote|r=0.4|k=2|cal=none|folds=None,46,9618,1,240,60,38,9,0.45450954982749325,0.14925422843940922,0.6383442265795207,0.17450605614005624,0.15,0.024506056140056243,10,2,6,log_loss,0.7,smote,0.4,2.0,none,,0.16009923676442261,0.16725364469604706,0.15319757590887575,0.07590975885276767,0.06123402571493604,0.04785435818772953,0.09984142748606123,0.07843847712012021,0.027426071202848557,0.05316602528211854,0.027389352784838485,0.048190045999234266
imbalance_screen,s46|smote|r=0.4|k=2|cal=none|folds=None,46,9618,2,240,60,38,9,0.3675896876124348,0.11878299185013023,0.8159041394335512,0.21613803777799587,0.15,0.06613803777799587,10,2,6,log_loss,0.7,smote,0.4,2.0,none,,0.12582254027507422,0.1867118882267668,0.08650790330576266,0.07069216949475846,0.06784137639959363,0.05794654969488327,0.08329037530646127,0.08723512525988145,0.10304627445366091,0.03506072942023243,0.0569476503532966,0.03889741780962826
imbalance_screen,s46|smote|r=0.4|k=2|cal=none|folds=None,46,9618,3,240,60,38,9,0.32037575011658076,0.09688282339014322,0.8420479302832242,0.2289798564687709,0.15,0.0789798564687709,10,2,6,log_loss,0.7,smote,0.4,2.0,none,,0.15433558001714878,0.1413898670411065,0.08911269332895051,0.08931822083666711,0.06883277707971927,0.07187797863540885,0.11287427973719821,0.08205600593593389,0.06705352654223477,0.03792096138301235,0.0462254197956126,0.03900268966700735
imbalance_screen,s46|smote|r=0.4|k=2|cal=none|folds=None,46,9618,4,240,60,37,10,0.37497468590898886,0.11746816949532733,0.784,0.20664599033305303,0.16666666666666666,0.039979323666386374,10,2,6,log_loss,0.7,smote,0.4,2.0,none,,0.12727383301534403,0.1692038665775673,0.09334583100115064,0.05072134927251691,0.09470217907284312,0.0604909076853656,0.10140053013593898,0.07873171803216619,0.07313891696187443,0.03182471966119278,0.081841879259203,0.03732426932483711
imbalance_screen,s46|smote|r=0.4|k=2|cal=none|folds=None,46,9618,5,240,60,37,10,0.34457245339834147,0.11024259986749399,0.8440000000000001,0.2128813926452286,0.16666666666666666,0.04621472597856194,10,2,6,log_loss,0.7,smote,0.4,2.0,none,,0.11909808885068916,0.18106549812893394,0.10849517432060368,0.05601160147450959,0.08640245369986567,0.06128811609307366,0.10307904946534453,0.08340570484415921,0.03144363298098264,0.06767467778215616,0.06325478628904206,0.03878121607063969
imbalance_screen,s46|smote|r=0.4|k=3|cal=none|folds=None,46,9618,1,240,60,38,9,0.4506015750119195,0.14272261068624773,0.6078431372549019,0.1686638098309462,0.15,0.018663809830946204,10,2,6,log_loss,0.7,smote,0.4,3.0,none,,0.15773291787626273,0.1552313418539732,0.11302867484088955,0.06602622574297416,0.06901577590792463,0.05397391181751215,0.09202361183218684,0.09484902162780456,0.027099395062347174,0.08749923955312289,0.027219217948649156,0.056300665936352925
imbalance_screen,s46|smote|r=0.4|k=3|cal=none|folds=None,46,9618,2,240,60,38,9,0.37282261062362115,0.11843473577069696,0.7745098039215685,0.21323683969062404,0.15,0.06323683969062405,10,2,6,log_loss,0.7,smote,0.4,3.0,none,,0.14225865133142068,0.15905125781160537,0.09996950175008737,0.10189666482131866,0.06578676391745432,0.05064904864410829,0.10409104948888243,0.08356420818014414,0.07637792004360626,0.025998221773007285,0.052715790818931615,0.0376409214194338
imbalance_screen,s46|smote|r=0.4|k=3|cal=none|folds=None,46,9618,3,240,60,38,9,0.3109747453909565,0.0927145651455239,0.855119825708061,0.21909751693009896,0.15,0.06909751693009897,10,2,6,log_loss,0.7,smote,0.4,3.0,none,,0.12806457048165343,0.1603427086340886,0.09354918713514965,0.051366744670729624,0.07502219519007991,0.07754824584846466,0.11635540713433168,0.09214186575702563,0.04961145349794894,0.04714554502185169,0.056666451756814715,0.052185624871861534
imbalance_screen,s46|smote|r=0.4|k=3|cal=none|folds=None,46,9618,4,240,60,37,10,0.3675339885648253,0.11632651268984036,0.798,0.2037994478244593,0.16666666666666666,0.037132781157792644,10,2,6,log_loss,0.7,smote,0.4,3.0,none,,0.1401722744044059,0.13798881030706225,0.15991058294084143,0.04384815146726956,0.09254723219273596,0.058232073071687665,0.09695612692527568,0.08601148743425016,0.04575348474952501,0.037108402096018414,0.06586480612250485,0.03560656828842302
imbalance_screen,s46|smote|r=0.4|k=3|cal=none|folds=None,46,9618,5,240,60,37,10,0.3541730305907432,0.11415308574976933,0.812,0.2154713165103691,0.16666666666666666,0.04880464984370245,10,2,6,log_loss,0.7,smote,0.4,3.0,none,,0.1167856580762582,0.16992618261903553,0.12529869747881955,0.08338757622646305,0.0764126200712874,0.0574823970273223,0.08546726200458778,0.08296733969278941,0.04763420498627182,0.0595954135130351,0.05443305911172567,0.04060958919240438
imbalance_screen,s46|smote|r=0.4|k=4|cal=none|folds=None,46,9618,1,240,60,38,9,0.4340870252886898,0.140395206327601,0.6623093681917211,0.16413678965994577,0.15,0.014136789659945775,10,2,6,log_loss,0.7,smote,0.4,4.0,none,,0.12011058412831818,0.1475166363108655,0.16967920593812402,0.06185950287065629,0.08379682338758884,0.04957772890262262,0.09170976762272288,0.11337123619293879,0.030348253168075653,0.056454522082705134,0.028271984485040445,0.04730375491034174
imbalance_screen,s46|smote|r=0.4|k=4|cal=none|folds=None,46,9618,2,240,60,38,9,0.35014316897726966,0.1113240761992543,0.8442265795206971,0.21656777943175143,0.15,0.06656777943175143,10,2,6,log_loss,0.7,smote,0.4,4.0,none,,0.1584682996531188,0.14650481652839498,0.10231312595913751,0.08779088036301033,0.06418594613624701,0.05596346761889977,0.09310838467682724,0.0999786680971593,0.05006452226209006,0.052876317463346756,0.049577696331181524,0.03916787491058659
imbalance_screen,s46|smote|r=0.4|k=4|cal=none|folds=None,46,9618,3,240,60,38,9,0.33008800362899005,0.1021611742966543,0.8311546840958606,0.22252601072165168,0.15,0.07252601072165168,10,2,6,log_loss,0.7,smote,0.4,4.0,none,,0.1480760642211169,0.14495870371276465,0.12107339725200769,0.05772541968548476,0.06969281348706435,0.073568701085392,0.10352400083745791,0.08352716405309545,0.055831340426401914,0.06064919172306922,0.04292101306795999,0.038452190448185104
imbalance_screen,s46|smote|r=0.4|k=4|cal=none|folds=None,46,9618,4,240,60,37,10,0.40406306579934465,0.1254993710227964,0.74,0.2071564337613417,0.16666666666666666,0.040489767094675055,10,2,6,log_loss,0.7,smote,0.4,4.0,none,,0.1251842935319023,0.15709743444293195,0.1084628979303721,0.04487645504259745,0.09041380245556452,0.05292498655374581,0.09349672060114671,0.09370278745705257,0.06369584963394088,0.029308880637658852,0.10316791727693445,0.03766797443615238
imbalance_screen,s46|smote|r=0.4|k=4|cal=none|folds=None,46,9618,5,240,60,37,10,0.35411871650165566,0.11585799031376004,0.808,0.2077420817523511,0.16666666666666666,0.041075415085684436,10,2,6,log_loss,0.7,smote,0.4,4.0,none,,0.14295934951402658,0.1756407943147786,0.10773402168105911,0.07778402711942159,0.06229977284401364,0.053628085955899824,0.09510974058122632,0.09252794602867613,0.04405761659610718,0.05452374044948739,0.05243414252992575,0.041300762385377894
imbalance_screen,s46|smote|r=0.7|k=10|cal=none|folds=None,46,9618,1,240,60,38,9,0.45129763870955525,0.15164191222890755,0.6557734204793029,0.20595100516889334,0.15,0.05595100516889334,10,2,6,log_loss,0.7,smote,0.7,10.0,none,,0.11528403162197758,0.16443785892110915,0.1216089487657789,0.06683517951387408,0.06077741596170105,0.04020115848698135,0.09399304199036171,0.07885059761241515,0.05138025890313319,0.11222898653209251,0.03612733989873478,0.058275181791840464
imbalance_screen,s46|smote|r=0.7|k=10|cal=none|folds=None,46,9618,2,240,60,38,9,0.40440619143484074,0.1324796067002721,0.7570806100217864,0.24137139083431838,0.15,0.09137139083431839,10,2,6,log_loss,0.7,smote,0.7,10.0,none,,0.11840312849257625,0.14760162503790458,0.07335773350737018,0.08188152696915242,0.049070373476854744,0.03728894419599339,0.08053323654893803,0.07041507187916726,0.15533686345712122,0.09465388315657244,0.06347633875286472,0.027981274525484812
imbalance_screen,s46|smote|r=0.7|k=10|cal=none|folds=None,46,9618,3,240,60,38,9,0.3311237896011739,0.10023029120563792,0.8529411764705883,0.25014546364454693,0.15,0.10014546364454693,10,2,6,log_loss,0.7,smote,0.7,10.0,none,,0.07365648517797106,0.14500347759136029,0.10560403405261014,0.07022471417657757,0.07124463163580247,0.06598116443084519,0.08898784659935008,0.0710830256336726,0.049886306622882175,0.18429050624497414,0.042488091904879385,0.03154971592907497
imbalance_screen,s46|smote|r=0.7|k=10|cal=none|folds=None,46,9618,4,240,60,37,10,0.42636210558134313,0.13749475832292973,0.7460000000000001,0.23197178937004403,0.16666666666666666,0.06530512270337738,10,2,6,log_loss,0.7,smote,0.7,10.0,none,,0.11421262417626776,0.15235902884081373,0.09239522864895294,0.04952984727094704,0.06921476075412897,0.044837531676166935,0.06821608707713801,0.06245883557483859,0.1781620175124728,0.022958535170185267,0.11543083173644131,0.03022467156164663
imbalance_screen,s46|smote|r=0.7|k=10|cal=none|folds=None,46,9618,5,240,60,37,10,0.37155815988086033,0.12039432001218728,0.802,0.2391943252674499,0.16666666666666666,0.07252765860078325,10,2,6,log_loss,0.7,smote,0.7,10.0,none,,0.10281260266102023,0.1424559674557018,0.06403299648565369,0.06869120690968045,0.05247797525847386,0.05408506037825801,0.07454111359260551,0.07487959398734825,0.16883728464461825,0.08472626429448402,0.07636045494856408,0.036099479383591905
imbalance_screen,s70|none|r=None|k=None|cal=none|folds=None,70,9618,1,240,60,38,9,0.43423438809964865,0.13606096607735624,0.6209150326797386,0.12258934151860523,0.15,-0.027410658481394762,5,1,6,log_loss,1.0,none,,,none,,0.16874240753201683,0.14255271676373923,0.13859182872047732,0.09985116475784235,0.08637983124781408,0.03892814364970107,0.09191404054976361,0.12229834723280825,0.015311590107221001,0.03279793697975033,0.018684238084385425,0.04394775437448031
imbalance_screen,s70|none|r=None|k=None|cal=none|folds=None,70,9618,2,240,60,38,9,0.3486072013802037,0.11063804321253091,0.8202614379084967,0.14888961706756682,0.15,-0.0011103829324331793,5,1,6,log_loss,1.0,none,,,none,,0.15210720188289975,0.1834480351605396,0.11635374658380457,0.09955270021800842,0.0699674911171678,0.03377073559162275,0.08885970619568566,0.07824422808741428,0.054789056863666946,0.01763057822636884,0.04720070558465993,0.0580758144881616
imbalance_screen,s70|none|r=None|k=None|cal=none|folds=None,70,9618,3,240,60,38,9,0.30037116409747744,0.08951811549789124,0.8572984749455338,0.17265852850280297,0.15,0.022658528502802977,5,1,6,log_loss,1.0,none,,,none,,0.1439015106937443,0.16503089969286222,0.1526858590226271,0.05857164887265523,0.06331011190948627,0.06599658884630977,0.10632206055597501,0.08213142393570318,0.053504894977963444,0.023434965660719446,0.03399999501951174,0.05111004081244217
imbalance_screen,s70|none|r=None|k=None|cal=none|folds=None,70,9618,4,240,60,37,10,0.3699117692661173,0.10906871977003357,0.752,0.15568959396978244,0.16666666666666666,-0.010977072696884221,5,1,6,log_loss,1.0,none,,,none,,0.14800424893520492,0.17128216508518052,0.11848170591981036,0.0555522704916914,0.10149648787931571,0.043420178808715224,0.08936729229438523,0.08122104506895998,0.053274823359259094,0.019927861680110105,0.0632466377479281,0.05472528272943952
imbalance_screen,s70|none|r=None|k=None|cal=none|folds=None,70,9618,5,240,60,37,10,0.35065642331980196,0.10988166666887549,0.828,0.16421526274459258,0.16666666666666666,-0.0024514039220740746,5,1,6,log_loss,1.0,none,,,none,,0.14231007017297326,0.1575207250064153,0.10249424035754312,0.09538497447800948,0.08329881219584058,0.04131276310522835,0.09134106255283157,0.09437904852670106,0.040879959379526654,0.028695838143965445,0.046914077735538316,0.07546842834542684
imbalance_screen,s70|balanced|r=None|k=None|cal=none|folds=None,70,9618,1,240,60,38,9,0.466542757847486,0.15797913751210405,0.5947712418300654,0.23417035614029216,0.15,0.08417035614029217,5,1,6,log_loss,1.0,balanced,,,none,,0.18841638019672555,0.17859957407844684,0.11140626099677597,0.06341398082988155,0.061054138687855294,0.0321286103187257,0.07760565636248469,0.13569772364512048,0.025756046772857477,0.04165054512121462,0.016213554104152667,0.06805752888575917
imbalance_screen,s70|balanced|r=None|k=None|cal=none|folds=None,70,9618,2,240,60,38,9,0.435776050775358,0.1447798119636527,0.7113289760348583,0.27893265204584616,0.15,0.12893265204584617,5,1,6,log_loss,1.0,balanced,,,none,,0.16971792729530066,0.24861481434572916,0.07967587806184254,0.07483828244174567,0.05835972516942622,0.033558688830714965,0.08663962673571353,0.08281720088054466,0.0554044250287076,0.020710721626597088,0.050738503827379454,0.03892420575629865
imbalance_screen,s70|balanced|r=None|k=None|cal=none|folds=None,70,9618,3,240,60,38,9,0.364460175955946,0.11317709456010074,0.8812636165577342,0.29281131692056306,0.15,0.14281131692056306,5,1,6,log_loss,1.0,balanced,,,none,,0.16191892765005508,0.1979553374225797,0.09767113412144005,0.06584315140010251,0.05505175584630578,0.060240308471881714,0.11104252825783271,0.09356088587062797,0.04412846649751019,0.02599491629133048,0.039737732523168395,0.046854855647165516
imbalance_screen,s70|balanced|r=None|k=None|cal=none|folds=None,70,9618,4,240,60,37,10,0.39314926816146534,0.12412424537279712,0.788,0.2674043506285185,0.16666666666666666,0.10073768396185181,5,1,6,log_loss,1.0,balanced,,,none,,0.16489550994030114,0.20115404573152815,0.10116200236682839,0.04987124946827931,0.0919717751747819,0.04149063515439767,0.10064216375931906,0.08123740565855707,0.04544938387223557,0.019007079248683105,0.053866574487464805,0.04925217513762399
imbalance_screen,s70|balanced|r=None|k=None|cal=none|folds=None,70,9618,5,240,60,37,10,0.3791213761552823,0.11959353431291858,0.8580000000000001,0.2850873508483123,0.16666666666666666,0.11842068418164567,5,1,6,log_loss,1.0,balanced,,,none,,0.15400813616654205,0.2111116544220128,0.09728334743822419,0.07101829707959077,0.06343452787831406,0.050401391351992494,0.09428297912728247,0.10164731006534546,0.030579511364936588,0.03423761638768598,0.04601741391137597,0.045977814806697354
imbalance_screen,s70|balanced_subsample|r=None|k=None|cal=none|folds=None,70,9618,1,240,60,38,9,0.46390893385960025,0.15699524818451904,0.6100217864923747,0.23685442994656966,0.15,0.08685442994656967,5,1,6,log_loss,1.0,balanced_subsample,,,none,,0.18375350579863658,0.178700709605628,0.11209984296380865,0.062002426888802364,0.06174951673035815,0.030698022383501767,0.07811716426373684,0.13709200853664977,0.025573239685615146,0.04326215144735388,0.01889460815043905,0.06805680354546981
imbalance_screen,s70|balanced_subsample|r=None|k=None|cal=none|folds=None,70,9618,2,240,60,38,9,0.4377589277618812,0.1452754419604994,0.7156862745098039,0.27966473216502336,0.15,0.12966473216502336,5,1,6,log_loss,1.0,balanced_subsample,,,none,,0.16678584341025304,0.2507070145446564,0.07871343290084275,0.07714838675716074,0.05602119594052414,0.033984824327499746,0.08542436504356157,0.08269154708594452,0.056975279853847774,0.02059800720221355,0.05122794256134878,0.039722160372147174
imbalance_screen,s70|balanced_subsample|r=None|k=None|cal=none|folds=None,70,9618,3,240,60,38,9,0.3628516925101219,0.11265491212907792,0.8812636165577342,0.2919294967596324,0.15,0.14192949675963243,5,1,6,log_loss,1.0,balanced_subsample,,,none,,0.16058485747535378,0.20039325240929204,0.09871330289773449,0.06668429609552783,0.05492728499565492,0.05890140028662995,0.10747588393360152,0.09609480780909462,0.04255239887825197,0.02844238142207726,0.040564118530620114,0.044666015266161686
imbalance_screen,s70|balanced_subsample|r=None|k=None|cal=none|folds=None,70,9618,4,240,60,37,10,0.3890495279830787,0.12249736875123242,0.798,0.2655792681836562,0.16666666666666666,0.09891260151698952,5,1,6,log_loss,1.0,balanced_subsample,,,none,,0.16344849026453498,0.20194882181437293,0.10013832579143164,0.04739718467165376,0.09179914337111571,0.04157952198748896,0.10176213481653631,0.08384737622568841,0.0430077252513909,0.02135833266633064,0.05365062254504203,0.05006232059441355
imbalance_screen,s70|balanced_subsample|r=None|k=None|cal=none|folds=None,70,9618,5,240,60,37,10,0.37927944947797826,0.11966655167872103,0.8600000000000001,0.2861516010570478,0.16666666666666666,0.11948493439038113,5,1,6,log_loss,1.0,balanced_subsample,,,none,,0.15929204580262732,0.2088530542282628,0.09533214518956695,0.07033772068199719,0.0627705407558909,0.05023401500858114,0.09449535369104496,0.10161807303349221,0.030185639551487793,0.034144122407514854,0.04457203165760323,0.048165257991930624
imbalance_screen,s70|random_over|r=0.2|k=None|cal=none|folds=None,70,9618,1,240,60,38,9,0.43477735492299624,0.1363129148203752,0.6122004357298475,0.12677954959446866,0.15,-0.023220450405531334,5,1,6,log_loss,1.0,random_over,0.2,,none,,0.17010413022641102,0.15145506443188203,0.14427856183010868,0.08509345718860653,0.08460275231022889,0.03912798364387559,0.09763514293767181,0.10420358126003615,0.015785453866946554,0.040155202635365636,0.022369316939537014,0.04518935272933015
imbalance_screen,s70|random_over|r=0.2|k=None|cal=none|folds=None,70,9618,2,240,60,38,9,0.35216905831221607,0.11233980447994941,0.8202614379084967,0.14774063926683384,0.15,-0.0022593607331661547,5,1,6,log_loss,1.0,random_over,0.2,,none,,0.14849772090196905,0.1789339498260838,0.12744064201045838,0.10471711681856476,0.06381440644936326,0.031166442924412598,0.08252853001384818,0.07557780240043235,0.07279885351382423,0.014382640840162378,0.04413632138151407,0.056005572919367
imbalance_screen,s70|random_over|r=0.2|k=None|cal=none|folds=None,70,9618,3,240,60,38,9,0.28856801593588494,0.08575751776651167,0.8856209150326797,0.17648866405319896,0.15,0.026488664053198968,5,1,6,log_loss,1.0,random_over,0.2,,none,,0.15633615086434519,0.17302316235995369,0.1443416630675906,0.0619695671303456,0.05765350358762999,0.054923576924395645,0.10704691300832143,0.07682273855921082,0.04929524655419953,0.020184751645085805,0.0445114128515246,0.05389131344739713
imbalance_screen,s70|random_over|r=0.2|k=None|cal=none|folds=None,70,9618,4,240,60,37,10,0.36304976455659965,0.10617768899302911,0.756,0.1588595409284537,0.16666666666666666,-0.007807125738212961,5,1,6,log_loss,1.0,random_over,0.2,,none,,0.14398883718530994,0.17071577034636545,0.11930669330107986,0.06392714224035732,0.09587866013985645,0.04224592149340143,0.09292517308505484,0.083396477095746,0.05984853898741321,0.012782204828558083,0.053980113812536035,0.06100446748432132
imbalance_screen,s70|random_over|r=0.2|k=None|cal=none|folds=None,70,9618,5,240,60,37,10,0.34919656031346374,0.10898244738109016,0.834,0.1705747723168217,0.16666666666666666,0.003908105650155036,5,1,6,log_loss,1.0,random_over,0.2,,none,,0.1350900749419447,0.16607353240515935,0.11433549131965898,0.07284236935184246,0.09742450854132254,0.0481571480800526,0.09030764058039485,0.08804503001394458,0.039571798320035344,0.03410276956041438,0.04614298372265668,0.06790665316257367
imbalance_screen,s70|random_over|r=0.3|k=None|cal=none|folds=None,70,9618,1,240,60,38,9,0.41217131609339125,0.1334070403270559,0.6666666666666666,0.16213868407241597,0.15,0.012138684072415973,5,1,6,log_loss,1.0,random_over,0.3,,none,,0.2017322532281068,0.1618102101544189,0.15094957969403539,0.08518961749410513,0.0682168890067994,0.03483880735937436,0.09759375928883891,0.09376554579891112,0.014077373161531707,0.03146853927545308,0.018359684093697724,0.041997741444727614
imbalance_screen,s70|random_over|r=0.3|k=None|cal=none|folds=None,70,9618,2,240,60,38,9,0.3774454639575715,0.12016033702349523,0.7396514161220042,0.17916785303487928,0.15,0.029167853034879287,5,1,6,log_loss,1.0,random_over,0.3,,none,,0.1755054029494005,0.21042724229293192,0.10257357339350297,0.10514089172224735,0.060650471045420755,0.0313306158210868,0.06756098500712372,0.08947957245444438,0.06502206077337945,0.012872177235548071,0.04627390666546965,0.03316310063944456
imbalance_screen,s70|random_over|r=0.3|k=None|cal=none|folds=None,70,9618,3,240,60,38,9,0.31142186364866403,0.09304864670155803,0.8616557734204793,0.21344445334141549,0.15,0.06344445334141549,5,1,6,log_loss,1.0,random_over,0.3,,none,,0.14227867739985503,0.206774129805744,0.14621795079061245,0.04025845443130703,0.06315078168973244,0.05722734627127407,0.09850755388639308,0.07749465446882037,0.04714000357714468,0.03931800118855525,0.04008765715772515,0.04154478933283666
imbalance_screen,s70|random_over|r=0.3|k=None|cal=none|folds=None,70,9618,4,240,60,37,10,0.3679551447329754,0.10905917305821941,0.76,0.18734336878590613,0.16666666666666666,0.02067670211923947,5,1,6,log_loss,1.0,random_over,0.3,,none,,0.16871911389636418,0.1757812437413029,0.12830565813845451,0.036293989726712474,0.09238946621865844,0.03765621544461648,0.08418244052492839,0.07635865654993527,0.07049577594889192,0.015618221789301275,0.05382920589044904,0.060370012130385155
imbalance_screen,s70|random_over|r=0.3|k=None|cal=none|folds=None,70,9618,5,240,60,37,10,0.35281103564651767,0.10856752431640124,0.818,0.21635386584265132,0.16666666666666666,0.04968719917598466,5,1,6,log_loss,1.0,random_over,0.3,,none,,0.15638698109384402,0.16577898393331197,0.10347077357541686,0.07755228432898599,0.08029170803346052,0.04766725667430592,0.09191655004327016,0.09013475657285254,0.026630236004309225,0.030171227596167496,0.03794548449479379,0.09205375764928156
imbalance_screen,s70|random_over|r=0.4|k=None|cal=none|folds=None,70,9618,1,240,60,38,9,0.4160824137852503,0.1345317293893483,0.65359477124183,0.19108551778183316,0.15,0.04108551778183317,5,1,6,log_loss,1.0,random_over,0.4,,none,,0.2202920824383848,0.1771490274801073,0.12550834571256797,0.08564396816745744,0.055584914236600544,0.03571210739160782,0.0883738062340709,0.10890601725749052,0.017294658320456728,0.03502407735060854,0.011982329157752835,0.03852866625289459
imbalance_screen,s70|random_over|r=0.4|k=None|cal=none|folds=None,70,9618,2,240,60,38,9,0.3848378604345077,0.12365934214968267,0.7331154684095861,0.21044042477063826,0.15,0.06044042477063827,5,1,6,log_loss,1.0,random_over,0.4,,none,,0.19383562523612735,0.211972663739302,0.14104443823253102,0.1058544122103777,0.06780853381536282,0.021372036469519042,0.0653853904214322,0.06287251327514574,0.041767365265119094,0.009337627171079515,0.04456097294097042,0.03418842122303322
imbalance_screen,s70|random_over|r=0.4|k=None|cal=none|folds=None,70,9618,3,240,60,38,9,0.3247517799689946,0.096332732411434,0.8790849673202614,0.24220999138567476,0.15,0.09220999138567476,5,1,6,log_loss,1.0,random_over,0.4,,none,,0.1280778818544922,0.2330162017712989,0.11048934724142913,0.04491012018350729,0.05494979148261163,0.046580914368536494,0.102478248598003,0.07235035240325265,0.07499108264239224,0.050348426678649465,0.047206731367760844,0.034600901408066057
imbalance_screen,s70|random_over|r=0.4|k=None|cal=none|folds=None,70,9618,4,240,60,37,10,0.3855868345389002,0.11430553018335983,0.754,0.2142930339925855,0.16666666666666666,0.04762636732591885,5,1,6,log_loss,1.0,random_over,0.4,,none,,0.19443913262013224,0.20163853225658437,0.11462952249953501,0.03019622794873137,0.07060247015289006,0.04088420285077571,0.08748270269478461,0.08296057181370259,0.07034842584474686,0.015321756742836505,0.05113843766929854,0.04035801690598212
imbalance_screen,s70|random_over|r=0.4|k=None|cal=none|folds=None,70,9618,5,240,60,37,10,0.3578270231441936,0.1111114453507261,0.836,0.23369899587845103,0.16666666666666666,0.06703232921178437,5,1,6,log_loss,1.0,random_over,0.4,,none,,0.14719452304926622,0.17522174386567327,0.11397155319599514,0.09130192166740532,0.07172520595086698,0.04013966266325362,0.09616018646959716,0.08787196177155818,0.024344298720023288,0.031500246837404676,0.04062526426503689,0.07994343154391935
imbalance_screen,s70|smote|r=0.2|k=2|cal=none|folds=None,70,9618,1,240,60,38,9,0.4231272461426872,0.13243448353168114,0.6361655773420479,0.12978527126560452,0.15,-0.020214728734395476,5,1,6,log_loss,1.0,smote,0.2,2.0,none,,0.16730833101450487,0.15017589201981987,0.12789889318185316,0.09300719268467794,0.08010741662496391,0.041814281302555066,0.08825353434704533,0.12166933568084112,0.016210749973400267,0.044863608691238566,0.019841054224871826,0.048849710254228004
imbalance_screen,s70|smote|r=0.2|k=2|cal=none|folds=None,70,9618,2,240,60,38,9,0.34758635468344656,0.11063353032805123,0.826797385620915,0.15516186239484311,0.15,0.00516186239484312,5,1,6,log_loss,1.0,smote,0.2,2.0,none,,0.16899854142534912,0.1686806097441887,0.11161555243571002,0.10445108045151687,0.06137141606135742,0.03653191878815904,0.09252251653016755,0.09619638886821633,0.04340572912296053,0.017318269784160133,0.05302473466225474,0.045883242125959636
imbalance_screen,s70|smote|r=0.2|k=2|cal=none|folds=None,70,9618,3,240,60,38,9,0.2976714992628125,0.08868777913304568,0.8616557734204793,0.17749054129946681,0.15,0.02749054129946682,5,1,6,log_loss,1.0,smote,0.2,2.0,none,,0.1535744802651918,0.15945756920251086,0.1324951132099295,0.05765937801989605,0.06278733481729534,0.06162446336128468,0.10548803309885665,0.07977998681343422,0.06975829869716306,0.02830636073326885,0.044133137192494225,0.04493584458867483
imbalance_screen,s70|smote|r=0.2|k=2|cal=none|folds=None,70,9618,4,240,60,37,10,0.3785141644702167,0.1108849876168855,0.734,0.16015647608204178,0.16666666666666666,-0.006510190584624875,5,1,6,log_loss,1.0,smote,0.2,2.0,none,,0.14766478334424765,0.15665058242623486,0.12700213331812046,0.05995351955259204,0.09523672603180904,0.04464586269202002,0.08993934774271677,0.07964705346968087,0.05913360149345197,0.011394025255020679,0.07275493056347208,0.05597743411063361
imbalance_screen,s70|smote|r=0.2|k=2|cal=none|folds=None,70,9618,5,240,60,37,10,0.35412326179217524,0.11062389124305667,0.8140000000000001,0.17419187766673525,0.16666666666666666,0.007525211000068588,5,1,6,log_loss,1.0,smote,0.2,2.0,none,,0.12602350227181588,0.1609769259000101,0.11051869313396602,0.08903792049871463,0.09616184280810466,0.03984176944664612,0.10010300383868843,0.08252965299324189,0.03702909944962641,0.03910319888968575,0.05007262695056352,0.06860176381893665
imbalance_screen,s70|smote|r=0.2|k=3|cal=none|folds=None,70,9618,1,240,60,38,9,0.4274555292248355,0.13406036123929402,0.6252723311546841,0.1294694212830438,0.15,-0.020530578716956183,5,1,6,log_loss,1.0,smote,0.2,3.0,none,,0.16518340273771512,0.15661617626404742,0.1273244859641102,0.09242933090579147,0.07900059299897644,0.040382588424521464,0.09578996684317115,0.1186304031648139,0.01748318046504151,0.04760309556391562,0.01591204960155939,0.04364472706633625
imbalance_screen,s70|smote|r=0.2|k=3|cal=none|folds=None,70,9618,2,240,60,38,9,0.35044706762179434,0.11131411016006353,0.8093681917211328,0.15360258855610306,0.15,0.00360258855610307,5,1,6,log_loss,1.0,smote,0.2,3.0,none,,0.16014597871843994,0.16573973123552255,0.10969757469102676,0.11867684352552997,0.06375660155367872,0.030445540004158358,0.09022338135138182,0.07480427962142105,0.06289392771575437,0.01754964265099252,0.050455375626836683,0.055611123305257276
imbalance_screen,s70|smote|r=0.2|k=3|cal=none|folds=None,70,9618,3,240,60,38,9,0.3019703764599179,0.09002384134454451,0.8616557734204793,0.1763323345373432,0.15,0.02633233453734321,5,1,6,log_loss,1.0,smote,0.2,3.0,none,,0.14171696747152215,0.1663120782611427,0.15936288757101053,0.06428754065424588,0.05958537052463095,0.06466055880671474,0.10376903639396982,0.07555404256462098,0.05419026549191982,0.025873431457851166,0.04451350963931447,0.040174311163056815
imbalance_screen,s70|smote|r=0.2|k=3|cal=none|folds=None,70,9618,4,240,60,37,10,0.3730698177643681,0.11009073761015704,0.7380000000000001,0.1642427678434989,0.16666666666666666,-0.002423898823167764,5,1,6,log_loss,1.0,smote,0.2,3.0,none,,0.1554334144124884,0.14752498695133245,0.1282818835170228,0.05946115331992305,0.11136019829474852,0.04935378608486073,0.08958376160869441,0.07295488733679863,0.0374394198391585,0.019959865474136754,0.07653189736133201,0.05211474579950368
imbalance_screen,s70|smote|r=0.2|k=3|cal=none|folds=None,70,9618,5,240,60,37,10,0.35256631701433744,0.11130203966916576,0.82,0.16927154086372434,0.16666666666666666,0.0026048741970576827,5,1,6,log_loss,1.0,smote,0.2,3.0,none,,0.13884382109210908,0.152064329084278,0.11776633798121533,0.1065119583375951,0.0810120632289563,0.039126734331454166,0.10151134429876374,0.09215561325951373,0.034958205567437575,0.032200493379360214,0.04172496376109368,0.062124135678223155
imbalance_screen,s70|smote|r=0.2|k=4|cal=none|folds=None,70,9618,1,240,60,38,9,0.4250001090001403,0.13275314690374687,0.6339869281045751,0.13054346384623236,0.15,-0.019456536153767634,5,1,6,log_loss,1.0,smote,0.2,4.0,none,,0.1660921141370318,0.1481991256743382,0.1283075959245962,0.09384345471249224,0.07813610199035378,0.04111737151169898,0.0901678186696427,0.12056716974501905,0.017147709641880213,0.04759790908397106,0.019861170735297796,0.04896245817367793
imbalance_screen,s70|smote|r=0.2|k=4|cal=none|folds=None,70,9618,2,240,60,38,9,0.3483290075035128,0.10975229191349573,0.8071895424836601,0.15674116900974505,0.15,0.006741169009745057,5,1,6,log_loss,1.0,smote,0.2,4.0,none,,0.13358437412332164,0.18939204841288546,0.12117337538923609,0.10709745141138247,0.06722603685532465,0.031571318746006646,0.08972182863276643,0.08576527793611999,0.05286030489221153,0.021110904688807802,0.04959300788245843,0.050904071029479026
imbalance_screen,s70|smote|r=0.2|k=4|cal=none|folds=None,70,9618,3,240,60,38,9,0.2922083979707294,0.08626902500125831,0.8703703703703703,0.1748197041405493,0.15,0.024819704140549292,5,1,6,log_loss,1.0,smote,0.2,4.0,none,,0.14118149276016914,0.1680022295091805,0.1398717020569495,0.06442683604235529,0.07143188078265733,0.06578447138171852,0.10886420978236555,0.07095368177552229,0.04957766549341015,0.02556630608531106,0.043690726983247455,0.05064879734711317
imbalance_screen,s70|smote|r=0.2|k=4|cal=none|folds=None,70,9618,4,240,60,37,10,0.3813391250679072,0.11222592078024084,0.74,0.16089561112615267,0.16666666666666666,-0.005771055540513992,5,1,6,log_loss,1.0,smote,0.2,4.0,none,,0.15383583227883665,0.18130621002654865,0.11856500480430686,0.053952677910051844,0.0943677121060454,0.0390986429344793,0.09401517407541879,0.07546140585489064,0.04270194675510835,0.019794732692106215,0.0760665865515128,0.050834074010694744
imbalance_screen,s70|smote|r=0.2|k=4|cal=none|folds=None,70,9618,5,240,60,37,10,0.3504376038312667,0.11050076699993937,0.8180000000000001,0.1681779244343438,0.16666666666666666,0.0015112577676771322,5,1,6,log_loss,1.0,smote,0.2,4.0,none,,0.13617639261859574,0.15675834152567375,0.11473573302810747,0.12162889396959478,0.07278952595240369,0.038133249003482875,0.09325412150447078,0.07617847658849841,0.03529500257491479,0.03468950575571108,0.05334710062334137,0.06701365685520523
imbalance_screen,s70|smote|r=0.3|k=2|cal=none|folds=None,70,9618,1,240,60,38,9,0.4196445996120636,0.13654418685141023,0.644880174291939,0.17190656482217706,0.15,0.021906564822177066,5,1,6,log_loss,1.0,smote,0.3,2.0,none,,0.17158596478659935,0.18368096586617227,0.1398596715587349,0.1015799639317876,0.05323365555317248,0.03306646528085606,0.09053299785628642,0.09163895345315327,0.02123527170646036,0.0509708955124633,0.0141237320617215,0.04849146243259252
imbalance_screen,s70|smote|r=0.3|k=2|cal=none|folds=None,70,9618,2,240,60,38,9,0.3624654568970478,0.11422503983652581,0.789760348583878,0.18117770428859126,0.15,0.031177704288591263,5,1,6,log_loss,1.0,smote,0.3,2.0,none,,0.18720236443416685,0.16782094396553704,0.08648379365478805,0.0959444875084727,0.06702006731215374,0.04043437826507915,0.07473165174248757,0.10272563175883577,0.07369711795863731,0.02672715212725856,0.0511929665520733,0.026019444720510078
imbalance_screen,s70|smote|r=0.3|k=2|cal=none|folds=None,70,9618,3,240,60,38,9,0.30269448133988147,0.09057153264341143,0.8703703703703703,0.21268561249223392,0.15,0.06268561249223392,5,1,6,log_loss,1.0,smote,0.3,2.0,none,,0.1511021711817898,0.16515453843220487,0.12643553068844193,0.07666842767304907,0.05347722711840835,0.05056800475835217,0.09961816335352867,0.06240244315869361,0.06912736304630386,0.05918486834319449,0.04529263690709818,0.04096862533893511
imbalance_screen,s70|smote|r=0.3|k=2|cal=none|folds=None,70,9618,4,240,60,37,10,0.3553200589904832,0.10830632653655224,0.792,0.19554684538281608,0.16666666666666666,0.028880178716149424,5,1,6,log_loss,1.0,smote,0.3,2.0,none,,0.17545470949029546,0.1750303475726235,0.10110261022339014,0.06035090871084592,0.0836571623656019,0.04043752291691349,0.08732886634232821,0.0627141450324088,0.09544258665606413,0.023272118506333078,0.06454616493564941,0.03066285724754618
imbalance_screen,s70|smote|r=0.3|k=2|cal=none|folds=None,70,9618,5,240,60,37,10,0.3512767170362304,0.11118112144065441,0.846,0.2010896625157484,0.16666666666666666,0.03442299584908173,5,1,6,log_loss,1.0,smote,0.3,2.0,none,,0.11266973240366633,0.18994052705672634,0.12420112040546714,0.06934910239882447,0.10537291375168878,0.036537882561459324,0.09757569892349607,0.07777044835007374,0.03522420669708198,0.0798300399888947,0.0393916935310258,0.03213663393159532
imbalance_screen,s70|smote|r=0.3|k=3|cal=none|folds=None,70,9618,1,240,60,38,9,0.4416649332809694,0.14185607118955568,0.6013071895424836,0.163800043791865,0.15,0.013800043791865002,5,1,6,log_loss,1.0,smote,0.3,3.0,none,,0.15523625829902454,0.15629042051686565,0.1579246722010309,0.0986907146524379,0.06050256830925552,0.03418116449968177,0.09385410485236723,0.07242037346990171,0.018931204621974635,0.090937837503756,0.015328708766922489,0.04570197230678165
imbalance_screen,s70|smote|r=0.3|k=3|cal=none|folds=None,70,9618,2,240,60,38,9,0.35584439650051536,0.1125441341397942,0.7941176470588235,0.18706704032002966,0.15,0.037067040320029665,5,1,6,log_loss,1.0,smote,0.3,3.0,none,,0.1810020587815889,0.1560083315532875,0.12203203082671686,0.12185837613326689,0.04534395893224349,0.028792010186952703,0.08605276957585499,0.07687121126305121,0.09149341420429431,0.016211003940940688,0.0486126225177005,0.02572221208410195
imbalance_screen,s70|smote|r=0.3|k=3|cal=none|folds=None,70,9618,3,240,60,38,9,0.31149699116409835,0.09258991302127283,0.8594771241830065,0.21309002296648552,0.15,0.06309002296648553,5,1,6,log_loss,1.0,smote,0.3,3.0,none,,0.13186339250057816,0.18443446555531148,0.12109589118709319,0.05370075264376658,0.0603137266483146,0.060092587308645876,0.11231319838613682,0.07946502264969235,0.054458066097712685,0.06344817438971363,0.04304436179833075,0.035770360834704036
imbalance_screen,s70|smote|r=0.3|k=3|cal=none|folds=None,70,9618,4,240,60,37,10,0.37521155890147123,0.11270267966968328,0.76,0.1880330227477752,0.16666666666666666,0.02136635608110854,5,1,6,log_loss,1.0,smote,0.3,3.0,none,,0.15649041574291436,0.12182623978915134,0.19292040144122616,0.04703748335415832,0.09810421651425336,0.043727402249127294,0.08720750861163808,0.0698690491085358,0.044246619984621496,0.02668622709311979,0.06940479948603316,0.042479636625220876
imbalance_screen,s70|smote|r=0.3|k=3|cal=none|folds=None,70,9618,5,240,60,37,10,0.3497415993102361,0.1100966861774489,0.8440000000000001,0.1947541785012069,0.16666666666666666,0.028087511834540252,5,1,6,log_loss,1.0,smote,0.3,3.0,none,,0.10554855500103061,0.16007247357621185,0.1372529570162208,0.09992883043974314,0.09508782153616832,0.039392375404258724,0.07303784715830115,0.08347368247019225,0.08215362421556739,0.056492536576008286,0.03355308275508506,0.034006213851212296
imbalance_screen,s70|smote|r=0.3|k=4|cal=none|folds=None,70,9618,1,240,60,38,9,0.42348641239798906,0.13613265287941997,0.6623093681917211,0.15723344001242975,0.15,0.007233440012429759,5,1,6,log_loss,1.0,smote,0.3,4.0,none,,0.12709677763668267,0.12819416044207807,0.19733377676786656,0.1075394501242388,0.08763971785223063,0.030944153172524125,0.07322190644999588,0.10510231341427906,0.021631046163881198,0.05833100765231448,0.020285004068162072,0.04268068625574643
imbalance_screen,s70|smote|r=0.3|k=4|cal=none|folds=None,70,9618,2,240,60,38,9,0.35325249811731213,0.11145508294202688,0.8006535947712418,0.1869440004533395,0.15,0.03694400045333951,5,1,6,log_loss,1.0,smote,0.3,4.0,none,,0.13238092346663896,0.18554334445932305,0.12630436057707706,0.09895735995822169,0.05155142178266032,0.03512415323463306,0.07569484553440857,0.07559643384980257,0.10334135659079466,0.03527901712094252,0.03874238552188841,0.04148439790360922
imbalance_screen,s70|smote|r=0.3|k=4|cal=none|folds=None,70,9618,3,240,60,38,9,0.3152513286755058,0.09542104355370336,0.8442265795206971,0.20734720021926686,0.15,0.05734720021926687,5,1,6,log_loss,1.0,smote,0.3,4.0,none,,0.14626321612530202,0.1567850133539017,0.18410021065597224,0.05985285890598222,0.053358524246811256,0.058493855429755076,0.10925192338225599,0.06686312590803262,0.06223794064198033,0.03673029446386065,0.035890655761874765,0.030172381124271157
imbalance_screen,s70|smote|r=0.3|k=4|cal=none|folds=None,70,9618,4,240,60,37,10,0.38463897269364783,0.11615264830588008,0.736,0.18629991666702017,0.16666666666666666,0.019633250000353514,5,1,6,log_loss,1.0,smote,0.3,4.0,none,,0.11939518575284687,0.17715616875253712,0.14152840259769334,0.04087431871929283,0.1085609915332784,0.03825209620896037,0.07322387470115295,0.07014867363541745,0.06963684435067247,0.024690163711517155,0.08434471495315181,0.05218856508347903
imbalance_screen,s70|smote|r=0.3|k=4|cal=none|folds=None,70,9618,5,240,60,37,10,0.35316708401689867,0.11255409891528032,0.832,0.195282954219895,0.16666666666666666,0.028616287553228342,5,1,6,log_loss,1.0,smote,0.3,4.0,none,,0.1440570481726613,0.1914957817010357,0.11000007453776942,0.1079337167872285,0.058563688457286406,0.04118404262498931,0.09014036762203871,0.07413186723700715,0.039965528315948726,0.061943044292430145,0.04908429933848024,0.03150054091312438
imbalance_screen,s70|smote|r=0.4|k=2|cal=none|folds=None,70,9618,1,240,60,38,9,0.42188361397293406,0.13923526511375087,0.664488017429194,0.1991050220916118,0.15,0.0491050220916118,5,1,6,log_loss,1.0,smote,0.4,2.0,none,,0.16623904439178352,0.18408723631635235,0.18378877447138442,0.10200209839523532,0.0464901741418315,0.0248449573366985,0.08662973266650982,0.06655329577009386,0.0245054356179673,0.058895738213338045,0.014071089790674892,0.041892422888130526
imbalance_screen,s70|smote|r=0.4|k=2|cal=none|folds=None,70,9618,2,240,60,38,9,0.3803645050506662,0.12021302675538267,0.7745098039215687,0.21569110315626222,0.15,0.06569110315626223,5,1,6,log_loss,1.0,smote,0.4,2.0,none,,0.12683993746891972,0.20193944892238958,0.09737809174797106,0.08426030494583564,0.05921278727471284,0.030172388666572604,0.06832804201740035,0.07645412795004274,0.14419695682596692,0.03890419249496453,0.052098208151892623,0.02021551353333145
imbalance_screen,s70|smote|r=0.4|k=2|cal=none|folds=None,70,9618,3,240,60,38,9,0.3184634373961252,0.09569776181992215,0.8616557734204793,0.23626160789556666,0.15,0.08626160789556667,5,1,6,log_loss,1.0,smote,0.4,2.0,none,,0.17484207173120186,0.14881665391340027,0.11131544528400154,0.10865511905834513,0.055163804396514284,0.053972066756579194,0.10230482101071245,0.0631705007663455,0.0754303119032466,0.045458476929226256,0.037653852774032784,0.023216875476394276
imbalance_screen,s70|smote|r=0.4|k=2|cal=none|folds=None,70,9618,4,240,60,37,10,0.3797872253062301,0.11598591037873657,0.758,0.21491410929964,0.16666666666666666,0.04824744263297334,5,1,6,log_loss,1.0,smote,0.4,2.0,none,,0.1333527791153954,0.18440881993533928,0.11156047233780494,0.054548264352989456,0.08308960771790926,0.04410129035546941,0.0950783947563341,0.06474248674128903,0.09398061370515597,0.03271989870879222,0.07469850975566228,0.027718862517858617
imbalance_screen,s70|smote|r=0.4|k=2|cal=none|folds=None,70,9618,5,240,60,37,10,0.3486206157037498,0.10915418156317788,0.872,0.22711646829531784,0.16666666666666666,0.060449801628651184,5,1,6,log_loss,1.0,smote,0.4,2.0,none,,0.10844985287142156,0.2023376127910458,0.13973384340396733,0.0690342817963174,0.07856225191421035,0.0431522476155852,0.09898946479684956,0.06847610744791424,0.03413511460994318,0.08083289197743243,0.04786201634049183,0.028434314434820942
imbalance_screen,s70|smote|r=0.4|k=3|cal=none|folds=None,70,9618,1,240,60,38,9,0.4330270898287078,0.14118674464714986,0.6296296296296295,0.1965425882589629,0.15,0.0465425882589629,5,1,6,log_loss,1.0,smote,0.4,3.0,none,,0.16369875518940832,0.16415503082362845,0.13254434032268955,0.08555408372326442,0.05118170625848952,0.03319680936664031,0.08200523022815699,0.08298616087964249,0.024912797486640697,0.11524388045159144,0.013635336070556628,0.05088586919929132
imbalance_screen,s70|smote|r=0.4|k=3|cal=none|folds=None,70,9618,2,240,60,38,9,0.38148961947428206,0.1200262787038308,0.761437908496732,0.2203443606768101,0.15,0.0703443606768101,5,1,6,log_loss,1.0,smote,0.4,3.0,none,,0.14225647615422438,0.17428466053266822,0.12592732983841246,0.13679475800862467,0.0425350860754275,0.023634855452199625,0.08911816424402311,0.07292463037683658,0.10514173003738142,0.02309594198542018,0.04061330745428335,0.0236730598404985
imbalance_screen,s70|smote|r=0.4|k=3|cal=none|folds=None,70,9618,3,240,60,38,9,0.32510353513404106,0.09770785443557278,0.8681917211328977,0.23160814404083493,0.15,0.08160814404083494,5,1,6,log_loss,1.0,smote,0.4,3.0,none,,0.11929815337199197,0.18776424334148492,0.1182886984603442,0.05576566938479118,0.06293497126269443,0.06403675990140421,0.1106968184262008,0.07908677191728467,0.06419056645878933,0.05827469309685414,0.043351784565447415,0.0363108698127128
imbalance_screen,s70|smote|r=0.4|k=3|cal=none|folds=None,70,9618,4,240,60,37,10,0.36303478668763256,0.11137868132697128,0.784,0.21280092904498135,0.16666666666666666,0.046134262378314694,5,1,6,log_loss,1.0,smote,0.4,3.0,none,,0.14436076942092602,0.14401171659775908,0.20744755346515784,0.04538433752275147,0.08429021639411649,0.04074663272580938,0.09332473520464597,0.0634947028597186,0.055330450552494394,0.039286605921139695,0.0593448693409766,0.02297740999450445
imbalance_screen,s70|smote|r=0.4|k=3|cal=none|folds=None,70,9618,5,240,60,37,10,0.3545687732887443,0.11125545270936656,0.8280000000000001,0.2260751134004426,0.16666666666666666,0.05940844673377593,5,1,6,log_loss,1.0,smote,0.4,3.0,none,,0.11120142595805702,0.18225575635502686,0.16091785808592263,0.10626825098894746,0.06890253250174289,0.03365777650947933,0.07146375243526801,0.06159739593558676,0.05201980337010477,0.0801739448243996,0.042438864481148544,0.02910263855431598
imbalance_screen,s70|smote|r=0.4|k=4|cal=none|folds=None,70,9618,1,240,60,38,9,0.43679280017077016,0.14243393328640022,0.6274509803921569,0.1864869864476006,0.15,0.036486986447600595,5,1,6,log_loss,1.0,smote,0.4,4.0,none,,0.12136330259777343,0.1528589326795025,0.20660792738813055,0.0793335910417168,0.06935931780175883,0.02864972221246137,0.07041873499622595,0.11303192999812281,0.028294508102179126,0.06539710646777391,0.014617496759996827,0.05006742995435782
imbalance_screen,s70|smote|r=0.4|k=4|cal=none|folds=None,70,9618,2,240,60,38,9,0.36269758334164237,0.11530392532790419,0.8093681917211328,0.2157354638717113,0.15,0.06573546387171131,5,1,6,log_loss,1.0,smote,0.4,4.0,none,,0.1634856724938515,0.16456224216553755,0.11809741650957767,0.1031336856955456,0.04940670192200327,0.03400646797913415,0.07917001008377172,0.08100278615691799,0.06826467513975974,0.06893204539947519,0.045523070138077604,0.024415226316348175
imbalance_screen,s70|smote|r=0.4|k=4|cal=none|folds=None,70,9618,3,240,60,38,9,0.3386711369581999,0.10607067383162298,0.8333333333333333,0.23106484860175325,0.15,0.08106484860175325,5,1,6,log_loss,1.0,smote,0.4,4.0,none,,0.16554202140871074,0.17431872055711126,0.16271901748644457,0.06552542511712872,0.04643861961427813,0.05342363258540926,0.09904055719458402,0.05729529510312265,0.06059429994053999,0.06672360051585599,0.0246784452933721,0.02370036518344258
imbalance_screen,s70|smote|r=0.4|k=4|cal=none|folds=None,70,9618,4,240,60,37,10,0.39598096797078547,0.12092634235016009,0.746,0.21531391633504443,0.16666666666666666,0.04864724966837777,5,1,6,log_loss,1.0,smote,0.4,4.0,none,,0.12984538923744962,0.1888120198243865,0.13693726992990138,0.049200450901953005,0.07858319738393607,0.03406539321103354,0.08399156596723627,0.06819169251117692,0.07685211873997418,0.024310765803551876,0.09111432288394004,0.03809581360546058
imbalance_screen,s70|smote|r=0.4|k=4|cal=none|folds=None,70,9618,5,240,60,37,10,0.35665485981206546,0.11426867063924069,0.8180000000000001,0.2195700200291233,0.16666666666666666,0.052903353362456634,5,1,6,log_loss,1.0,smote,0.4,4.0,none,,0.1436679271246634,0.18029411661531902,0.1340782529155507,0.10017728792014927,0.0446237468789193,0.03549149226701279,0.09551868810435184,0.08135957778422948,0.04926164617268599,0.06836431402059927,0.036685692490299765,0.030477257706219167
imbalance_screen,s70|smote|r=0.7|k=10|cal=none|folds=None,70,9618,1,240,60,38,9,0.474277137724679,0.16113904886475078,0.6274509803921569,0.24576637140975627,0.15,0.09576637140975627,5,1,6,log_loss,1.0,smote,0.7,10.0,none,,0.12309763962604389,0.17346223348334844,0.13570414505345754,0.07301356901394168,0.03964146350440705,0.020642293974006146,0.07704563429944208,0.06399284260907434,0.05494750014300436,0.15392431585241934,0.019061837997957708,0.06546652444289747
imbalance_screen,s70|smote|r=0.7|k=10|cal=none|folds=None,70,9618,2,240,60,38,9,0.4205784343846534,0.13793665969514285,0.7352941176470588,0.2653322535639056,0.15,0.11533225356390561,5,1,6,log_loss,1.0,smote,0.7,10.0,none,,0.12508707738896296,0.1461750548481323,0.07799365294073737,0.08816955236207291,0.028972492379766318,0.018045458449101288,0.06714493167837754,0.04707767656325935,0.21481487384289766,0.11711478780113936,0.05468448327052709,0.014719958475025819
imbalance_screen,s70|smote|r=0.7|k=10|cal=none|folds=None,70,9618,3,240,60,38,9,0.35894151008901526,0.11307125452564531,0.8507625272331154,0.2713820612380033,0.15,0.1213820612380033,5,1,6,log_loss,1.0,smote,0.7,10.0,none,,0.06520591939451022,0.13775462756867107,0.13766240345674796,0.06587226822527185,0.05741405890048691,0.043631273525102765,0.07910405217327662,0.05538983037052294,0.05772126568242936,0.25180705234801054,0.02495200324321123,0.023485245111758646
imbalance_screen,s70|smote|r=0.7|k=10|cal=none|folds=None,70,9618,4,240,60,37,10,0.4324014525674022,0.1388303390430517,0.73,0.2442518795377961,0.16666666666666666,0.07758521287112943,5,1,6,log_loss,1.0,smote,0.7,10.0,none,,0.11500267539550547,0.16380311353680582,0.1062316480086905,0.04946743359924707,0.05381793756513918,0.026905982976547956,0.05453653201730181,0.04472910567860627,0.24130860272614865,0.017822951031899608,0.11007885455723784,0.016295162906869814
imbalance_screen,s70|smote|r=0.7|k=10|cal=none|folds=None,70,9618,5,240,60,37,10,0.365358406322967,0.11488818429003392,0.838,0.2525157856961716,0.16666666666666666,0.08584911902950496,5,1,6,log_loss,1.0,smote,0.7,10.0,none,,0.10598846917426848,0.14275582404165688,0.074599717822443,0.07882774554542911,0.033158895989694986,0.03231364195401995,0.0631345897193314,0.05116977573706544,0.22602701128481417,0.10158928583563437,0.06785123793158898,0.022583804964053225
imbalance_screen,s41|none|r=None|k=None|cal=none|folds=None,41,9618,1,240,60,38,9,0.4294098087271739,0.13373758064400454,0.6230936819172113,0.12681701273387766,0.15,-0.023182987266122335,5,1,3,log_loss,1.0,none,,,none,,0.14623809694251844,0.12935263429126598,0.12439703697428234,0.10627555382443356,0.08897015886982072,0.04136312424333783,0.0816276853521972,0.12165647386019507,0.03032850022996565,0.041231747091654496,0.027332050304777214,0.06122693801555157
imbalance_screen,s41|none|r=None|k=None|cal=none|folds=None,41,9618,2,240,60,38,9,0.35793636459378764,0.11279831224172801,0.8115468409586056,0.14672575149248052,0.15,-0.0032742485075194783,5,1,3,log_loss,1.0,none,,,none,,0.14350234649720192,0.15596467944371195,0.11077826871784183,0.09977765881711119,0.07362041921898989,0.04048286607706167,0.08494278716074978,0.08227664769392365,0.06793929105291154,0.024442813535862078,0.05335631823350377,0.06291590355113089
imbalance_screen,s41|none|r=None|k=None|cal=none|folds=None,41,9618,3,240,60,38,9,0.2989472528478324,0.0879624234479426,0.855119825708061,0.17041117946304654,0.15,0.020411179463046547,5,1,3,log_loss,1.0,none,,,none,,0.13690607376679448,0.1372182749783397,0.13417668690151546,0.06884591689620277,0.07246948841280448,0.06171816176741257,0.09708597105889297,0.09206109663425784,0.06423199278163129,0.03332648981828929,0.04051876296831885,0.06144108401554006
imbalance_screen,s41|none|r=None|k=None|cal=none|folds=None,41,9618,4,240,60,37,10,0.3673462318837554,0.10896549208339096,0.746,0.15645230051347303,0.16666666666666666,-0.010214366153193627,5,1,3,log_loss,1.0,none,,,none,,0.14546086888873053,0.1384545661571101,0.10648792345016532,0.05702323374327642,0.11091740809322193,0.05403967518280765,0.08401527252877934,0.08695349225980878,0.05995050639069838,0.020917440201665114,0.06505679591686042,0.07072281718687609
imbalance_screen,s41|none|r=None|k=None|cal=none|folds=None,41,9618,5,240,60,37,10,0.353207656366238,0.11052494122995818,0.836,0.1661943698430727,0.16666666666666666,-0.000472296823593954,5,1,3,log_loss,1.0,none,,,none,,0.13217799114685105,0.1485250125289961,0.10223392082421616,0.09653512494652784,0.07991580793898356,0.049143572415926054,0.09056239903770369,0.09901816901716748,0.04510304508384176,0.03582172653444055,0.045926859528523996,0.07503637099682166
imbalance_screen,s41|balanced|r=None|k=None|cal=none|folds=None,41,9618,1,240,60,38,9,0.47813542061442865,0.16050673384038075,0.5773420479302833,0.2473043372063882,0.15,0.0973043372063882,5,1,3,log_loss,1.0,balanced,,,none,,0.15886501969290834,0.14606591114065323,0.09840485167916406,0.07218175528771413,0.07096427455677139,0.038307811709175715,0.08047879937069757,0.14535463985835095,0.04063302186788639,0.04786941009401235,0.022978597844746845,0.07789590689791893
imbalance_screen,s41|balanced|r=None|k=None|cal=none|folds=None,41,9618,2,240,60,38,9,0.44345491352553895,0.14451140882538066,0.7200435729847494,0.29755440310487485,0.15,0.14755440310487486,5,1,3,log_loss,1.0,balanced,,,none,,0.16166100989363758,0.19250539813601722,0.08717240008862498,0.07549674857762852,0.0669629086437003,0.03840893436398595,0.09093799692534438,0.08173915691820709,0.06788996642418461,0.02911574351216,0.055860042910524134,0.05224969360598529
imbalance_screen,s41|balanced|r=None|k=None|cal=none|folds=None,41,9618,3,240,60,38,9,0.3783839705684283,0.11575737772753002,0.8703703703703703,0.30488959503919477,0.15,0.15488959503919478,5,1,3,log_loss,1.0,balanced,,,none,,0.14930438613541,0.16753970336756505,0.10142964747371186,0.06849517352876779,0.06257061150850676,0.058471736140261035,0.0939374994574305,0.09895080362958779,0.05747001664791666,0.040770039750853186,0.0470578109069191,0.054002571453070435
imbalance_screen,s41|balanced|r=None|k=None|cal=none|folds=None,41,9618,4,240,60,37,10,0.39384118355980163,0.12321341279937074,0.804,0.27947553181410817,0.16666666666666666,0.11280886514744151,5,1,3,log_loss,1.0,balanced,,,none,,0.15415034896210808,0.16834551075032692,0.0976559290329529,0.052294916293061496,0.0970450146669124,0.05465816946768918,0.09063842028551976,0.09138098429844609,0.05456374617354829,0.023851502057717282,0.05544569397452164,0.05996976403719612
imbalance_screen,s41|balanced|r=None|k=None|cal=none|folds=None,41,9618,5,240,60,37,10,0.40125512460474944,0.1258023421157882,0.864,0.3067539688070946,0.16666666666666666,0.14008730214042794,5,1,3,log_loss,1.0,balanced,,,none,,0.1460803606830535,0.18115988082005846,0.09356172519458884,0.07892295373223283,0.07257429375302253,0.05544163310033064,0.0867897029813706,0.10039260849804538,0.04164445886408808,0.03958915800876892,0.046943681787054735,0.05689954257738533
imbalance_screen,s41|balanced_subsample|r=None|k=None|cal=none|folds=None,41,9618,1,240,60,38,9,0.4780493111652825,0.16059334602473946,0.5860566448801743,0.249105761865868,0.15,0.099105761865868,5,1,3,log_loss,1.0,balanced_subsample,,,none,,0.15805837227539593,0.14980269599564677,0.0986234724166219,0.07135161632849055,0.06522297013347185,0.04138269244376408,0.0825603024453695,0.14272908487711264,0.04083927095404332,0.04953687746771117,0.022595768385853292,0.07729687627651902
imbalance_screen,s41|balanced_subsample|r=None|k=None|cal=none|folds=None,41,9618,2,240,60,38,9,0.44075731931149487,0.14371843229872508,0.724400871459695,0.2955095121895409,0.15,0.14550951218954092,5,1,3,log_loss,1.0,balanced_subsample,,,none,,0.16470931655074725,0.1982277213946931,0.08759365113956888,0.07250270205229797,0.06738873540284912,0.040054819525842514,0.08667467502207565,0.08051569219121148,0.06515446358207427,0.028044804427047938,0.056187285754430376,0.052946132957161655
imbalance_screen,s41|balanced_subsample|r=None|k=None|cal=none|folds=None,41,9618,3,240,60,38,9,0.37656900270077187,0.11524580661608688,0.8747276688453159,0.304606946419205,0.15,0.154606946419205,5,1,3,log_loss,1.0,balanced_subsample,,,none,,0.15127726597761898,0.16773530999632072,0.10452613721304793,0.06916103029960827,0.06532465426610243,0.058082764277649815,0.09367275663161273,0.09785383160510878,0.05422955944527634,0.040163932504066274,0.043918018059557334,0.0540547397240304
imbalance_screen,s41|balanced_subsample|r=None|k=None|cal=none|folds=None,41,9618,4,240,60,37,10,0.39365132211139753,0.12301213181558741,0.814,0.28079465839892553,0.16666666666666666,0.11412799173225888,5,1,3,log_loss,1.0,balanced_subsample,,,none,,0.15810966869958015,0.16981946207318757,0.0999679952770122,0.05193262387522113,0.09525180603952668,0.054013727509858916,0.08833455012239,0.09034911679166813,0.055674233608227985,0.023008353068261062,0.05368085642123308,0.05985760651383309
imbalance_screen,s41|balanced_subsample|r=None|k=None|cal=none|folds=None,41,9618,5,240,60,37,10,0.4030101813467895,0.12676251580401257,0.856,0.30694498851664603,0.16666666666666666,0.14027832184997938,5,1,3,log_loss,1.0,balanced_subsample,,,none,,0.14738949941371549,0.18265701188194525,0.09514463324102711,0.07815008034745295,0.07350205348487496,0.056418235836586776,0.08317470419116517,0.09909609484852597,0.04097901855420671,0.04001140584269446,0.04739149517328838,0.05608576718451681
imbalance_screen,s41|random_over|r=0.2|k=None|cal=none|folds=None,41,9618,1,240,60,38,9,0.43472896287806145,0.13544679220045744,0.5904139433551199,0.13296473623887103,0.15,-0.01703526376112896,5,1,3,log_loss,1.0,random_over,0.2,,none,,0.14439438038030125,0.1350951924974029,0.1255828407962453,0.0984315627138594,0.08847028733872822,0.03933776700729807,0.08359511304575827,0.11067637508631625,0.02938907975676173,0.05021590720402497,0.02922762538021964,0.06558386879308407
imbalance_screen,s41|random_over|r=0.2|k=None|cal=none|folds=None,41,9618,2,240,60,38,9,0.35801669896813826,0.11260158926710868,0.8050108932461874,0.14816072370260752,0.15,-0.0018392762973924726,5,1,3,log_loss,1.0,random_over,0.2,,none,,0.13743207633493085,0.151510386298468,0.11510693357881104,0.10868904457468292,0.0702585390218379,0.04020978266391858,0.08316475724185128,0.07901556585727766,0.07845495936358694,0.023727122003059462,0.0507196646426119,0.061711168418963465
imbalance_screen,s41|random_over|r=0.2|k=None|cal=none|folds=None,41,9618,3,240,60,38,9,0.29516798616792334,0.08650603300365657,0.8812636165577342,0.17551266138741187,0.15,0.025512661387411872,5,1,3,log_loss,1.0,random_over,0.2,,none,,0.1431953198926014,0.1521349248827432,0.12727779338499895,0.06905650805086454,0.06810364728886613,0.059466919558385664,0.09488029229150442,0.08954806554440135,0.06148831879383074,0.030250107395770026,0.04687118345891673,0.05772691945711676
imbalance_screen,s41|random_over|r=0.2|k=None|cal=none|folds=None,41,9618,4,240,60,37,10,0.36240929730569177,0.10719849058807733,0.74,0.16100397189469978,0.16666666666666666,-0.005662694771966875,5,1,3,log_loss,1.0,random_over,0.2,,none,,0.14383356464337596,0.14028713752482322,0.11003901558535609,0.06732125967490897,0.10434574355004239,0.048598191058472566,0.08364490698049956,0.08459833152305661,0.06756605566507742,0.018589599718234172,0.060180212251191634,0.07099598182496146
imbalance_screen,s41|random_over|r=0.2|k=None|cal=none|folds=None,41,9618,5,240,60,37,10,0.35483449800810996,0.11061751016243739,0.8200000000000001,0.17336141817312437,0.16666666666666666,0.006694751506457708,5,1,3,log_loss,1.0,random_over,0.2,,none,,0.1328689957851441,0.1473571556269411,0.10237169530813017,0.0804539603430196,0.09181987842489817,0.05528658624011829,0.08197186136312955,0.09522638294026049,0.04699504023889041,0.040347708290181875,0.04888484150210676,0.07641589393717932
imbalance_screen,s41|random_over|r=0.3|k=None|cal=none|folds=None,41,9618,1,240,60,38,9,0.424537980747872,0.13482775536229072,0.6252723311546842,0.16482309264942022,0.15,0.014823092649420222,5,1,3,log_loss,1.0,random_over,0.3,,none,,0.1677485719808558,0.14175200740280133,0.12998851460285513,0.0945569134050899,0.07088406928266425,0.04011207375606155,0.08663725546085632,0.11446578097997064,0.03354199692776544,0.041956299001824,0.021374717043142658,0.05698180015611318
imbalance_screen,s41|random_over|r=0.3|k=None|cal=none|folds=None,41,9618,2,240,60,38,9,0.37313368228665594,0.11674745619266785,0.7766884531590414,0.18902961928090042,0.15,0.03902961928090043,5,1,3,log_loss,1.0,random_over,0.3,,none,,0.16629757117521762,0.1651344317050873,0.10413492669038445,0.104330520594057,0.07383756855468458,0.041603245749312415,0.06398336408727064,0.0884586442955785,0.07126479981869573,0.01929460803146114,0.05379657551970082,0.04786374377854969
imbalance_screen,s41|random_over|r=0.3|k=None|cal=none|folds=None,41,9618,3,240,60,38,9,0.31336320747926727,0.09133927542133062,0.8616557734204793,0.21256040911516086,0.15,0.06256040911516086,5,1,3,log_loss,1.0,random_over,0.3,,none,,0.1367107100981465,0.15769114126249922,0.13583785120912187,0.049964892787484165,0.06793518439406872,0.06061012008585874,0.09072854272889858,0.09229158208025744,0.05596626449215825,0.04741144505965899,0.05039807506819607,0.05445419073365147
imbalance_screen,s41|random_over|r=0.3|k=None|cal=none|folds=None,41,9618,4,240,60,37,10,0.36111220823406426,0.10773264363099717,0.756,0.1885476772044812,0.16666666666666666,0.02188101053781455,5,1,3,log_loss,1.0,random_over,0.3,,none,,0.16073244919195648,0.15687683882772485,0.11975019791684707,0.04602353099525814,0.09608481267815032,0.047446783881158666,0.07890757412449377,0.09120219350666528,0.06766369110937033,0.020503435794853062,0.05277520664426386,0.0620332853292582
imbalance_screen,s41|random_over|r=0.3|k=None|cal=none|folds=None,41,9618,5,240,60,37,10,0.35454933890005474,0.10818238871619618,0.844,0.2185617865365677,0.16666666666666666,0.05189511986990103,5,1,3,log_loss,1.0,random_over,0.3,,none,,0.1411772216596067,0.15290237156105063,0.10081587392498233,0.07983445999825922,0.08562767959412593,0.05204959137059443,0.08541866243474985,0.09740370870079709,0.03621220979784151,0.03735081937189927,0.04045069096009256,0.09075671062600045
imbalance_screen,s41|random_over|r=0.4|k=None|cal=none|folds=None,41,9618,1,240,60,38,9,0.4274193798297103,0.13711564851357344,0.6274509803921569,0.1984281101922552,0.15,0.04842811019225521,5,1,3,log_loss,1.0,random_over,0.4,,none,,0.17317476457292594,0.15350726566037093,0.11633932821061906,0.09626372729127687,0.06389241719467356,0.03759936527102603,0.083625711965322,0.12439351886590663,0.039122154892851084,0.0440278899186043,0.016842242752459328,0.05121161340396427
imbalance_screen,s41|random_over|r=0.4|k=None|cal=none|folds=None,41,9618,2,240,60,38,9,0.3855527359782925,0.12102924954679947,0.7483660130718954,0.22114175589912038,0.15,0.07114175589912039,5,1,3,log_loss,1.0,random_over,0.4,,none,,0.1710468433545674,0.1706423373141944,0.1231385836331815,0.10804878005168538,0.08474931515882757,0.03204445354448547,0.0620001126943952,0.0774139406726852,0.05583572623367825,0.015273958340174044,0.05592787944778959,0.04387806955433601
imbalance_screen,s41|random_over|r=0.4|k=None|cal=none|folds=None,41,9618,3,240,60,38,9,0.3291602588027741,0.09586727291770797,0.8616557734204793,0.24410857210847103,0.15,0.09410857210847104,5,1,3,log_loss,1.0,random_over,0.4,,none,,0.12782964129834715,0.17599299711302716,0.10449161553611455,0.053987500584830456,0.06023607922196967,0.056235587823482536,0.09543168488787118,0.08322666992041576,0.0844188878042815,0.051821517471821565,0.05065018779085483,0.055677630546983645
imbalance_screen,s41|random_over|r=0.4|k=None|cal=none|folds=None,41,9618,4,240,60,37,10,0.36812342229670314,0.11088836612590379,0.776,0.21959671511132264,0.16666666666666666,0.052930048444655986,5,1,3,log_loss,1.0,random_over,0.4,,none,,0.17814840156600728,0.170562112535174,0.10856390087182641,0.04230678524824267,0.0738828121418619,0.04859988001260762,0.07791532834456884,0.0968695868456068,0.076689119164355,0.0222014817601492,0.05135454125594142,0.05290605025365887
imbalance_screen,s41|random_over|r=0.4|k=None|cal=none|folds=None,41,9618,5,240,60,37,10,0.3622664683397869,0.11082145885721187,0.8500000000000001,0.24312114168867374,0.16666666666666666,0.07645447502200708,5,1,3,log_loss,1.0,random_over,0.4,,none,,0.14030475150425767,0.15254898623671861,0.11010112081669789,0.09046807648459622,0.07305028882328161,0.0461713047536761,0.09214324607755388,0.09409116708907259,0.03877899501252226,0.04266423497469577,0.037703232941517825,0.08197459528540978
imbalance_screen,s41|smote|r=0.2|k=2|cal=none|folds=None,41,9618,1,240,60,38,9,0.427789341312511,0.13288781361276214,0.6187363834422658,0.13228189645544347,0.15,-0.017718103544556524,5,1,3,log_loss,1.0,smote,0.2,2.0,none,,0.13805006963296976,0.12935107540588492,0.12068538084725505,0.10034295163134946,0.08294060366121353,0.0482761386761506,0.08047311742591191,0.12310490737615393,0.030343390425052214,0.05694725416993918,0.02523180899266501,0.06425330175545464
imbalance_screen,s41|smote|r=0.2|k=2|cal=none|folds=None,41,9618,2,240,60,38,9,0.3542756281433056,0.11113294265693226,0.8246187363834423,0.1559875147892439,0.15,0.005987514789243892,5,1,3,log_loss,1.0,smote,0.2,2.0,none,,0.15034644413127346,0.14953943068048597,0.10609256367025138,0.10149066375677407,0.06926168114443898,0.04065306949887421,0.08372709957007703,0.09638023632540553,0.06026940819875125,0.02753827581996826,0.054915780845659255,0.059785346358040496
imbalance_screen,s41|smote|r=0.2|k=2|cal=none|folds=None,41,9618,3,240,60,38,9,0.2958149492970888,0.08623212532730463,0.8616557734204793,0.17762028641549873,0.15,0.02762028641549874,5,1,3,log_loss,1.0,smote,0.2,2.0,none,,0.13109944684310282,0.14889108284787966,0.11730084193415452,0.07116176367203064,0.06805295475415056,0.06687560555467263,0.08978738528444001,0.09765622062863023,0.07607238109891443,0.03359241500054434,0.04759989206910594,0.05191001031237411
imbalance_screen,s41|smote|r=0.2|k=2|cal=none|folds=None,41,9618,4,240,60,37,10,0.3676522863816637,0.10840435734710484,0.7380000000000001,0.15738604474540818,0.16666666666666666,-0.009280621921258475,5,1,3,log_loss,1.0,smote,0.2,2.0,none,,0.14274000525504393,0.14301310679342272,0.11977439929557585,0.07216076317980143,0.09528164867886672,0.0524837902757569,0.08393755670725465,0.08676073760513732,0.05705216960362257,0.015208943118767849,0.06554765220397613,0.06603922728277405
imbalance_screen,s41|smote|r=0.2|k=2|cal=none|folds=None,41,9618,5,240,60,37,10,0.35435189319594457,0.11055579419343774,0.8300000000000001,0.17241403951999745,0.16666666666666666,0.0057473728533307955,5,1,3,log_loss,1.0,smote,0.2,2.0,none,,0.12022776130318262,0.15317016209302328,0.11419821874830628,0.09019649992184499,0.089481343072486,0.04752250676089304,0.0881045235224919,0.08877721659115008,0.042340870298832455,0.04147654622878921,0.04569950514824112,0.07880484631075904
imbalance_screen,s41|smote|r=0.2|k=3|cal=none|folds=None,41,9618,1,240,60,38,9,0.4290968927868599,0.13384615284968068,0.6122004357298475,0.13292228264892492,0.15,-0.017077717351075078,5,1,3,log_loss,1.0,smote,0.2,3.0,none,,0.14078895281163267,0.13626380937200838,0.1189775594769157,0.09827613139129289,0.08324155945295636,0.044557953615878325,0.08798524922717514,0.1238125522311182,0.02984763012587911,0.05713054949709104,0.02292639844386903,0.056191654354183156
imbalance_screen,s41|smote|r=0.2|k=3|cal=none|folds=None,41,9618,2,240,60,38,9,0.34792686611815765,0.10873357055806418,0.8398692810457516,0.15660442397339602,0.15,0.006604423973396029,5,1,3,log_loss,1.0,smote,0.2,3.0,none,,0.14499515027172546,0.15043058771495996,0.10325173516762427,0.11072885929612218,0.07102138235407209,0.03973147555149716,0.08636832604393051,0.08647238920478935,0.07016184036300331,0.028681097258605286,0.0469694569860977,0.06118769978757278
imbalance_screen,s41|smote|r=0.2|k=3|cal=none|folds=None,41,9618,3,240,60,38,9,0.2983777799797895,0.0868179749227481,0.8529411764705882,0.17696065665479754,0.15,0.02696065665479755,5,1,3,log_loss,1.0,smote,0.2,3.0,none,,0.12520802961322816,0.15530197510299187,0.12788334457460102,0.08149992739157634,0.0698641484539786,0.06902298656527639,0.09276426425379893,0.09047940159500208,0.06508423557801257,0.033364467634938874,0.04217832306488261,0.04734889617171262
imbalance_screen,s41|smote|r=0.2|k=3|cal=none|folds=None,41,9618,4,240,60,37,10,0.3629895655543748,0.10827284020064959,0.758,0.16346532347788553,0.16666666666666666,-0.003201343188781125,5,1,3,log_loss,1.0,smote,0.2,3.0,none,,0.14751594397047177,0.13593674029712582,0.11823725206548495,0.06425264061386861,0.10594606313438416,0.055243618711492117,0.0807383783355916,0.08566854606385735,0.04347321818462388,0.026016197884839148,0.07146892971315696,0.06550247102510369
imbalance_screen,s41|smote|r=0.2|k=3|cal=none|folds=None,41,9618,5,240,60,37,10,0.35666709047387357,0.11184066907211797,0.8260000000000001,0.17324519575188216,0.16666666666666666,0.006578529085215501,5,1,3,log_loss,1.0,smote,0.2,3.0,none,,0.1380870597227882,0.14593665433247505,0.10846854293872817,0.10115236484848308,0.0767042171718926,0.051263510587708574,0.08260910793140812,0.10036226638721615,0.04697339478175432,0.038070151133213485,0.03750414718121708,0.07286858298311519
imbalance_screen,s41|smote|r=0.2|k=4|cal=none|folds=None,41,9618,1,240,60,38,9,0.43095437572422374,0.13370789835273098,0.6143790849673203,0.13174899603333298,0.15,-0.018251003966667012,5,1,3,log_loss,1.0,smote,0.2,4.0,none,,0.1391476818921309,0.12924934958764633,0.1184608776819889,0.10278587588844895,0.08489944857478061,0.04607706298152419,0.08047633058137897,0.12141260528138093,0.02921134241691687,0.05848446752932382,0.024624786367328524,0.06517017121715098
imbalance_screen,s41|smote|r=0.2|k=4|cal=none|folds=None,41,9618,2,240,60,38,9,0.3581403817870028,0.11184175793001797,0.8137254901960784,0.15667729058411323,0.15,0.006677290584113232,5,1,3,log_loss,1.0,smote,0.2,4.0,none,,0.12399860334392612,0.1631452609661393,0.10874554555871442,0.10772250763864025,0.07560852540935019,0.039435399806167386,0.08187071037527197,0.08572269498042533,0.06879786351177124,0.03216852906276299,0.05220774252535668,0.060576616821474284
imbalance_screen,s41|smote|r=0.2|k=4|cal=none|folds=None,41,9618,3,240,60,38,9,0.29590565086118,0.08586207989915473,0.8638344226579522,0.17365523232060556,0.15,0.023655232320605568,5,1,3,log_loss,1.0,smote,0.2,4.0,none,,0.12736196624268362,0.15536930060148763,0.12104012475638647,0.07695938647706783,0.07762577423666352,0.06792062740369445,0.08887643031081151,0.0886962957312737,0.059252103058596135,0.03217548012895475,0.048120439399199966,0.056602071653180534
imbalance_screen,s41|smote|r=0.2|k=4|cal=none|folds=None,41,9618,4,240,60,37,10,0.3633585112063643,0.10842806311990164,0.756,0.15904395820810802,0.16666666666666666,-0.007622708458558641,5,1,3,log_loss,1.0,smote,0.2,4.0,none,,0.15056792235379385,0.1583756026944742,0.10831744703394147,0.05892983297287344,0.09588479078930871,0.05213138206425077,0.08799481559149151,0.08292576595468497,0.044949449329987956,0.02712511334946367,0.0735942269690217,0.059203650896707746
imbalance_screen,s41|smote|r=0.2|k=4|cal=none|folds=None,41,9618,5,240,60,37,10,0.3559972963195753,0.11140576892166305,0.8220000000000001,0.1704329759176481,0.16666666666666666,0.0037663092509814533,5,1,3,log_loss,1.0,smote,0.2,4.0,none,,0.13281099952188893,0.14975910960337777,0.11158244373024459,0.10720315964215672,0.07210031002336616,0.04718415097009176,0.07992173625719592,0.08807437614738317,0.04457037165849056,0.03738005761078683,0.05251359045983661,0.0768996943751811
imbalance_screen,s41|smote|r=0.3|k=2|cal=none|folds=None,41,9618,1,240,60,38,9,0.42494645719253016,0.13571340646530908,0.6230936819172113,0.17203271884401797,0.15,0.022032718844017973,5,1,3,log_loss,1.0,smote,0.3,2.0,none,,0.14741152356969398,0.15036371839318982,0.12234582714549207,0.11050974023731788,0.05486536628818811,0.03583219200706933,0.07987807619207345,0.10525724649204811,0.03942127454416982,0.06565320361491056,0.0228297989215991,0.06563203259424784
imbalance_screen,s41|smote|r=0.3|k=2|cal=none|folds=None,41,9618,2,240,60,38,9,0.3598818308334189,0.1112258688430823,0.8050108932461874,0.18179905346291683,0.15,0.03179905346291684,5,1,3,log_loss,1.0,smote,0.3,2.0,none,,0.1639905818714775,0.14790401381320478,0.10037521317827357,0.09569970379972423,0.06481974830069466,0.05117658854758,0.07397681220957664,0.09953961817425301,0.07820358689916938,0.03788949736560231,0.05024999322996898,0.03617464261047487
imbalance_screen,s41|smote|r=0.3|k=2|cal=none|folds=None,41,9618,3,240,60,38,9,0.3116895338519385,0.0920580597560898,0.8616557734204793,0.21536509121947311,0.15,0.06536509121947312,5,1,3,log_loss,1.0,smote,0.3,2.0,none,,0.13510558217765112,0.1425759207860129,0.11988988446732612,0.08011475310403775,0.06255523046649365,0.057804544063298276,0.09205012550099219,0.07467300088513165,0.07285689060835245,0.06338884115500693,0.052079614843204385,0.046905611942492494
imbalance_screen,s41|smote|r=0.3|k=2|cal=none|folds=None,41,9618,4,240,60,37,10,0.34969285848835496,0.10554019182418052,0.794,0.19437536703485447,0.16666666666666666,0.027708700368187816,5,1,3,log_loss,1.0,smote,0.3,2.0,none,,0.1576815667145288,0.16721907986440596,0.09601109776704968,0.0652927558602164,0.08200897446652876,0.047586163954514406,0.08397456761565925,0.07796974251022137,0.09077146891633955,0.03196108258650307,0.06133320945489747,0.038190290289135204
imbalance_screen,s41|smote|r=0.3|k=2|cal=none|folds=None,41,9618,5,240,60,37,10,0.3546022871580885,0.11017923290678958,0.8680000000000001,0.20879413018179396,0.16666666666666666,0.042127463515127306,5,1,3,log_loss,1.0,smote,0.3,2.0,none,,0.11824519149611734,0.1563087170261781,0.11496552153455107,0.07808031322052345,0.10485698041705017,0.049301091430777946,0.0856558517733768,0.08643774801518149,0.0432975270049761,0.07475343691233259,0.04583014631933544,0.04226747484959936
imbalance_screen,s41|smote|r=0.3|k=3|cal=none|folds=None,41,9618,1,240,60,38,9,0.4481092553245982,0.1416528141014772,0.5686274509803921,0.16580113708863042,0.15,0.01580113708863043,5,1,3,log_loss,1.0,smote,0.3,3.0,none,,0.13341074797712033,0.1362682152560336,0.13290438786702416,0.11086879225999444,0.05888147589330194,0.042085841844614905,0.07595351325948747,0.09588543452523207,0.029664344855651562,0.0966316356874932,0.021232384881134193,0.06621322569291219
imbalance_screen,s41|smote|r=0.3|k=3|cal=none|folds=None,41,9618,2,240,60,38,9,0.3622617583903346,0.1129201622187269,0.8050108932461874,0.1859053815932333,0.15,0.03590538159323331,5,1,3,log_loss,1.0,smote,0.3,3.0,none,,0.15256595223427888,0.14502895756634762,0.11270681529799945,0.11362829268752456,0.05995349924886851,0.038350821284396396,0.0750089841245274,0.09288131433626687,0.09469737533836461,0.028286431536535126,0.04830437756940899,0.038587178775481616
imbalance_screen,s41|smote|r=0.3|k=3|cal=none|folds=None,41,9618,3,240,60,38,9,0.3139080930274256,0.09098243884474705,0.874727668845316,0.21745067084441058,0.15,0.06745067084441059,5,1,3,log_loss,1.0,smote,0.3,3.0,none,,0.12636333167878563,0.1617540164415335,0.11015931230531015,0.061899715629297185,0.07032057295900289,0.06538133529046965,0.09273507167655455,0.08499492663724913,0.05725308714574883,0.061227357817868665,0.051055897678754514,0.05685537473942531
imbalance_screen,s41|smote|r=0.3|k=3|cal=none|folds=None,41,9618,4,240,60,37,10,0.3637880432743591,0.11028824997688462,0.764,0.19091811585251905,0.16666666666666666,0.024251449185852397,5,1,3,log_loss,1.0,smote,0.3,3.0,none,,0.14266567803726268,0.12099486538144599,0.15926822810865174,0.0568729153484883,0.09124469610430579,0.05808150959352329,0.07481498561393585,0.08007718921996458,0.05574963882451984,0.043180690810502464,0.06068291434322472,0.05636668861417492
imbalance_screen,s41|smote|r=0.3|k=3|cal=none|folds=None,41,9618,5,240,60,37,10,0.3561603073800242,0.11084676068154772,0.848,0.20230119498047733,0.16666666666666666,0.03563452831381067,5,1,3,log_loss,1.0,smote,0.3,3.0,none,,0.10928316536193414,0.14459779603477366,0.11775931268904581,0.10390220980325306,0.09586576072520762,0.047110682742664695,0.06608155136943233,0.09342097463296012,0.09134679103206739,0.05679752900419069,0.03076691723594559,0.043067309368524806
imbalance_screen,s41|smote|r=0.3|k=4|cal=none|folds=None,41,9618,1,240,60,38,9,0.4376568848300803,0.13958117738713743,0.6187363834422658,0.1573682449541703,0.15,0.007368244954170294,5,1,3,log_loss,1.0,smote,0.3,4.0,none,,0.11934353003873961,0.10726499200552989,0.16299441596812192,0.1173132247736797,0.0886503920934956,0.036076833521691214,0.0662516229757763,0.11475126707495097,0.033304765070663725,0.06914246579626314,0.021835993557924815,0.06307049712316322
imbalance_screen,s41|smote|r=0.3|k=4|cal=none|folds=None,41,9618,2,240,60,38,9,0.3564562323225175,0.110800235136337,0.8224400871459695,0.1880612587468158,0.15,0.03806125874681582,5,1,3,log_loss,1.0,smote,0.3,4.0,none,,0.13063986602203934,0.15273485803028544,0.1099010502449924,0.10420272129173767,0.05820859918976948,0.047568976977625826,0.07707249881121947,0.07797491956292234,0.09308708839655414,0.05589649326831671,0.04270098118144289,0.050011947023094264
imbalance_screen,s41|smote|r=0.3|k=4|cal=none|folds=None,41,9618,3,240,60,38,9,0.3187855921562722,0.09427946235021092,0.8551198257080609,0.20886222749379915,0.15,0.05886222749379916,5,1,3,log_loss,1.0,smote,0.3,4.0,none,,0.127890208622611,0.13828883493697622,0.15898680891569272,0.06290037883263272,0.06438339487889104,0.061961440830952105,0.09703075807322165,0.08142624813563075,0.07147893614407706,0.04927844894287236,0.04547688376221279,0.040897657924229704
imbalance_screen,s41|smote|r=0.3|k=4|cal=none|folds=None,41,9618,4,240,60,37,10,0.37032902583057353,0.11207403793360794,0.756,0.19141229573649798,0.16666666666666666,0.024745629069831326,5,1,3,log_loss,1.0,smote,0.3,4.0,none,,0.13010691229336482,0.15213889970972133,0.12203979796558061,0.045130291270268436,0.10053801612269646,0.0482551362078443,0.07070449374935395,0.0764134574565926,0.07157628912759698,0.03686148250748712,0.07758584733318512,0.0686493762563084
imbalance_screen,s41|smote|r=0.3|k=4|cal=none|folds=None,41,9618,5,240,60,37,10,0.35969116953468305,0.11297313762747183,0.832,0.20418518840097344,0.16666666666666666,0.03751852173430678,5,1,3,log_loss,1.0,smote,0.3,4.0,none,,0.14375177819843507,0.15778234956172482,0.10367240684681692,0.10131981597677507,0.06306131316864351,0.04495997061125921,0.08164439373415949,0.08844748644817788,0.05359097961996514,0.06291841783607884,0.05381308192812824,0.045038006069835886
imbalance_screen,s41|smote|r=0.4|k=2|cal=none|folds=None,41,9618,1,240,60,38,9,0.4403250697282741,0.14317728177309252,0.6274509803921569,0.2025476324841066,0.15,0.0525476324841066,5,1,3,log_loss,1.0,smote,0.4,2.0,none,,0.14325978190784056,0.1468117570927587,0.15068134756951213,0.11196370536541601,0.046088782220950635,0.03346020492073252,0.07970048019077766,0.09149150153604703,0.04405452365391402,0.07335126839072374,0.018781481470968378,0.0603551656803587
imbalance_screen,s41|smote|r=0.4|k=2|cal=none|folds=None,41,9618,2,240,60,38,9,0.3742897781321439,0.115800555735436,0.7984749455337691,0.2206702763606172,0.15,0.0706702763606172,5,1,3,log_loss,1.0,smote,0.4,2.0,none,,0.12231574519402959,0.17848837146151444,0.10124113733136178,0.08940270571001437,0.060763517344747824,0.043262971917481005,0.06988931286533286,0.07839495176397847,0.12224981132575546,0.04721875301632045,0.0514488835817955,0.03532383848766829
imbalance_screen,s41|smote|r=0.4|k=2|cal=none|folds=None,41,9618,3,240,60,38,9,0.329653900964133,0.09864620001948206,0.855119825708061,0.24395295348533388,0.15,0.09395295348533389,5,1,3,log_loss,1.0,smote,0.4,2.0,none,,0.1491556066079278,0.14443893732478583,0.10504173805683385,0.09626515080253331,0.05973665610163439,0.0582338845616974,0.09365234697276735,0.07886678369061986,0.08332343497604719,0.05379032352141191,0.04236258050549331,0.03513255687824783
imbalance_screen,s41|smote|r=0.4|k=2|cal=none|folds=None,41,9618,4,240,60,37,10,0.364067624035228,0.11052526356930595,0.78,0.2162293397918171,0.16666666666666666,0.04956267312515045,5,1,3,log_loss,1.0,smote,0.4,2.0,none,,0.12925489529956366,0.15805350168313906,0.10612758612800238,0.06380143168864283,0.08560504053653513,0.05455035893527354,0.08799677998845097,0.07513693430581221,0.09009912426938117,0.04365102471251501,0.06873643014442207,0.03698689230826202
imbalance_screen,s41|smote|r=0.4|k=2|cal=none|folds=None,41,9618,5,240,60,37,10,0.36698140953539987,0.11331729727584201,0.854,0.243333388382279,0.16666666666666666,0.07666672171561234,5,1,3,log_loss,1.0,smote,0.4,2.0,none,,0.11479080386175342,0.16576909422300415,0.12938972357163359,0.0776777130661925,0.0847480069044655,0.05224270974187752,0.08540533432770332,0.07012121116469647,0.04327493967234859,0.07758636642002645,0.04707530872667275,0.05191878831962568
imbalance_screen,s41|smote|r=0.4|k=3|cal=none|folds=None,41,9618,1,240,60,38,9,0.44424494007504767,0.14275989836596004,0.5991285403050108,0.19279562509497458,0.15,0.04279562509497459,5,1,3,log_loss,1.0,smote,0.4,3.0,none,,0.138953982472119,0.13641822022241593,0.11688373644057222,0.09361595049800851,0.054651906854050455,0.042458496999654906,0.07145756740955467,0.09633986248324578,0.03925450951125819,0.116464032790708,0.023076326402029036,0.07042540791638328
imbalance_screen,s41|smote|r=0.4|k=3|cal=none|folds=None,41,9618,2,240,60,38,9,0.38159333112576255,0.11843379368300848,0.7636165577342047,0.21816956501951407,0.15,0.06816956501951407,5,1,3,log_loss,1.0,smote,0.4,3.0,none,,0.13020234965606206,0.153149037667281,0.12586340511370908,0.12424158212770829,0.05122834786138605,0.031963618861234354,0.07609698165088111,0.08604154265095379,0.1024558253846367,0.03559716590944429,0.04684067851670304,0.03631946460000018
imbalance_screen,s41|smote|r=0.4|k=3|cal=none|folds=None,41,9618,3,240,60,38,9,0.3343325926585159,0.09914253770920317,0.8594771241830065,0.23358609801757685,0.15,0.08358609801757685,5,1,3,log_loss,1.0,smote,0.4,3.0,none,,0.11894391561635348,0.16360864933062838,0.1115630234430029,0.06070089747163789,0.06638468589001961,0.06700318133168372,0.09496865730562551,0.0815286117699382,0.0701996276156431,0.06051745225527247,0.056208928703989074,0.04837236926620568
imbalance_screen,s41|smote|r=0.4|k=3|cal=none|folds=None,41,9618,4,240,60,37,10,0.3540790642246173,0.10816307959400569,0.804,0.21527511173770986,0.16666666666666666,0.0486084450710432,5,1,3,log_loss,1.0,smote,0.4,3.0,none,,0.13423484939209346,0.13329745311980598,0.17044543459761208,0.05472571017234265,0.0881429400446628,0.05347152717755765,0.07872151508940631,0.07820120310298329,0.06378716769126588,0.057275958213292184,0.05364455618130862,0.03405168521766909
imbalance_screen,s41|smote|r=0.4|k=3|cal=none|folds=None,41,9618,5,240,60,37,10,0.36736082563380473,0.11419973692349522,0.8180000000000001,0.235934977042379,0.16666666666666666,0.06926831037571235,5,1,3,log_loss,1.0,smote,0.4,3.0,none,,0.11842140685705538,0.14558064201046278,0.14224697494314012,0.10937790274444112,0.073217099046895,0.04107503502743083,0.06962237618485666,0.0748803645746058,0.06739717524169897,0.07762963414957055,0.0425964883753679,0.03795490084447481
imbalance_screen,s41|smote|r=0.4|k=4|cal=none|folds=None,41,9618,1,240,60,38,9,0.43934083306400146,0.1418783581544986,0.6274509803921569,0.18868061805313865,0.15,0.03868061805313866,5,1,3,log_loss,1.0,smote,0.4,4.0,none,,0.11680911884728971,0.1300797173582136,0.16814686262231837,0.09244114880267457,0.07636146602777862,0.03260518028186829,0.0621515915524981,0.11668050419222178,0.042827702196256236,0.0782484506734923,0.01987202268205022,0.06377623476333819
imbalance_screen,s41|smote|r=0.4|k=4|cal=none|folds=None,41,9618,2,240,60,38,9,0.36447747730129804,0.11375014259394414,0.8137254901960784,0.220733541184894,0.15,0.070733541184894,5,1,3,log_loss,1.0,smote,0.4,4.0,none,,0.14692540837586862,0.14847890618511977,0.10868717967765384,0.1029380415876709,0.05629740755336522,0.04410556505163261,0.07422204850785973,0.08712082818273395,0.0744141304101982,0.07808112985471227,0.03940520878041852,0.0393241458327663
imbalance_screen,s41|smote|r=0.4|k=4|cal=none|folds=None,41,9618,3,240,60,38,9,0.3435310266591935,0.10435418956555563,0.8311546840958607,0.23776185165515523,0.15,0.08776185165515524,5,1,3,log_loss,1.0,smote,0.4,4.0,none,,0.13918950242321362,0.14682261541711972,0.1385933594605873,0.06366590748308794,0.05932856519241923,0.057434976109148,0.0968694806618053,0.06974504857592409,0.0749123425782868,0.07760426958639072,0.03633783671328813,0.03949609579872921
imbalance_screen,s41|smote|r=0.4|k=4|cal=none|folds=None,41,9618,4,240,60,37,10,0.3872930933318549,0.11949944072097066,0.752,0.21954368507102445,0.16666666666666666,0.052877018404357795,5,1,3,log_loss,1.0,smote,0.4,4.0,none,,0.1268820282964813,0.15519710482303128,0.12598217126527184,0.05328147339849997,0.07896358785720328,0.045889647775979384,0.07633368513997722,0.08909242429234972,0.0773840777493257,0.04291025152530899,0.08461556644600977,0.04346798143056157
imbalance_screen,s41|smote|r=0.4|k=4|cal=none|folds=None,41,9618,5,240,60,37,10,0.36443209204422383,0.11498510569773032,0.8160000000000001,0.22789149464919417,0.16666666666666666,0.06122482798252751,5,1,3,log_loss,1.0,smote,0.4,4.0,none,,0.14160471844899478,0.15535599604729644,0.1250006715363694,0.0952343718642502,0.05756526894777577,0.03720233237866537,0.08047922841690484,0.08827776805834198,0.07085707306057669,0.07095441321041918,0.04090981623391838,0.036558341796487016
imbalance_screen,s41|smote|r=0.7|k=10|cal=none|folds=None,41,9618,1,240,60,38,9,0.47798062486555537,0.16056202994215166,0.616557734204793,0.2511710929705448,0.15,0.1011710929705448,5,1,3,log_loss,1.0,smote,0.7,10.0,none,,0.11576269744045858,0.14880305808028121,0.12372450350445378,0.08129105668098285,0.04559037368262352,0.02864121667242459,0.0674206732956664,0.0825595120449542,0.07488255353663752,0.13857313555324594,0.01994403698736197,0.07280718252090947
imbalance_screen,s41|smote|r=0.7|k=10|cal=none|folds=None,41,9618,2,240,60,38,9,0.43553924853018466,0.14269649589092964,0.724400871459695,0.2831654470880533,0.15,0.1331654470880533,5,1,3,log_loss,1.0,smote,0.7,10.0,none,,0.12936869097233342,0.14071326186383568,0.08693861628964952,0.09364290490780268,0.034354631809484025,0.025967155016747994,0.06992739703358773,0.052291751961446434,0.16173048737918633,0.1233020706122467,0.058058883167580275,0.023704148986099183
imbalance_screen,s41|smote|r=0.7|k=10|cal=none|folds=None,41,9618,3,240,60,38,9,0.37453047156531055,0.11786707923003543,0.8594771241830066,0.29237985638044156,0.15,0.14237985638044157,5,1,3,log_loss,1.0,smote,0.7,10.0,none,,0.08292267524714408,0.13800801486143072,0.13592929711423546,0.07619280031409449,0.05753846690691631,0.04856711863051224,0.0766454042306026,0.05831529050223598,0.06471342449210482,0.19340747375047093,0.040592626437106184,0.027167407513146172
imbalance_screen,s41|smote|r=0.7|k=10|cal=none|folds=None,41,9618,4,240,60,37,10,0.40962891390850104,0.12973848262100499,0.7400000000000001,0.254211003696014,0.16666666666666666,0.08754433702934736,5,1,3,log_loss,1.0,smote,0.7,10.0,none,,0.1245156135628297,0.14945817808821887,0.1031303201687821,0.06513307363026648,0.0637213526729338,0.037423392058628144,0.059386679162403984,0.05032578186136917,0.1732642597873182,0.04359561302477488,0.1075451255737974,0.022500610408677367
imbalance_screen,s41|smote|r=0.7|k=10|cal=none|folds=None,41,9618,5,240,60,37,10,0.37657196485541833,0.11720756550923535,0.842,0.2712132285363369,0.16666666666666666,0.10454656186967023,5,1,3,log_loss,1.0,smote,0.7,10.0,none,,0.10627453278397868,0.1363630710928838,0.08539402632374499,0.08135014694189141,0.039686960753924416,0.044416738894594236,0.06518553004054244,0.06441123641728849,0.18015218897702345,0.09234853118010963,0.0758329377317741,0.028584098862244414
imbalance_screen,s6|none|r=None|k=None|cal=none|folds=None,6,9618,1,240,60,38,9,0.43905268101600525,0.13536126736359796,0.6274509803921569,0.12147087481033057,0.15,-0.02852912518966942,10,2,3,log_loss,1.0,none,,,none,,0.13758127407941037,0.13056957817251533,0.10614456785775163,0.0809450035456245,0.08985497050766289,0.06894810338144754,0.10383811009081395,0.12257577545233056,0.027925502707229457,0.037646487222794955,0.03651710417113503,0.0574535228112836
imbalance_screen,s6|none|r=None|k=None|cal=none|folds=None,6,9618,2,240,60,38,9,0.35002222701539104,0.11196968973965876,0.8202614379084967,0.1605285257403822,0.15,0.01052852574038221,10,2,3,log_loss,1.0,none,,,none,,0.13811439165405012,0.14551760145198356,0.08985779826652429,0.07473057905719607,0.08562747303574987,0.0628580651722782,0.09894130615237981,0.09888611094139624,0.05317371805477243,0.025245307157461868,0.060938815385808184,0.06610883367039952
imbalance_screen,s6|none|r=None|k=None|cal=none|folds=None,6,9618,3,240,60,38,9,0.29337222577263466,0.08704643652394559,0.8681917211328977,0.17511381962180309,0.15,0.02511381962180309,10,2,3,log_loss,1.0,none,,,none,,0.13253138050125463,0.13108131526452924,0.10491613487311487,0.057254053321441865,0.08234460651089137,0.0785638995280645,0.11306125047841113,0.10531886627970982,0.05077195279567123,0.029106492991130613,0.05411855220328782,0.06093149525249267
imbalance_screen,s6|none|r=None|k=None|cal=none|folds=None,6,9618,4,240,60,37,10,0.38321875568929664,0.11338473810329515,0.744,0.16214812714546,0.16666666666666666,-0.004518539521206649,10,2,3,log_loss,1.0,none,,,none,,0.14352940087673616,0.13357129041783614,0.09453192736917822,0.04322300625163053,0.11377020548882354,0.06769488685061371,0.10535732700765371,0.10121776524080207,0.045664689579832336,0.021420021594207164,0.07101945132915884,0.05900002799352756
imbalance_screen,s6|none|r=None|k=None|cal=none|folds=None,6,9618,5,240,60,37,10,0.3419896912868492,0.10782124823110124,0.836,0.16978999385646143,0.16666666666666666,0.0031233271897947723,10,2,3,log_loss,1.0,none,,,none,,0.12697913434790695,0.1413594337071643,0.08696710904789323,0.07283514873540742,0.09306727124005078,0.0666919748390433,0.10399498582768905,0.1070234382443529,0.03869281877879973,0.03412702332880505,0.05951776287948756,0.06874389902339964
imbalance_screen,s6|balanced|r=None|k=None|cal=none|folds=None,6,9618,1,240,60,38,9,0.45221815077913136,0.14464978747028892,0.5925925925925926,0.1626643944032592,0.15,0.0126643944032592,10,2,3,log_loss,1.0,balanced,,,none,,0.14494865389804631,0.14600877113957125,0.09164728834683653,0.06290814938454635,0.076675832152032,0.062154579709458486,0.09963245946868333,0.1328748029159388,0.03709125725436316,0.044224868121373974,0.03195470737941122,0.06987863022973859
imbalance_screen,s6|balanced|r=None|k=None|cal=none|folds=None,6,9618,2,240,60,38,9,0.3705637257185405,0.1184416032852975,0.8093681917211328,0.21665305115240044,0.15,0.06665305115240044,10,2,3,log_loss,1.0,balanced,,,none,,0.14768348266596623,0.17183177404353855,0.0733829221131937,0.0656639515433102,0.07737998512293377,0.0629763868340264,0.10602075847725635,0.09843971154548965,0.053735869864080334,0.028894267532345547,0.05760811445217122,0.05638277580568805
imbalance_screen,s6|balanced|r=None|k=None|cal=none|folds=None,6,9618,3,240,60,38,9,0.306605428862676,0.09053600785669835,0.8725490196078431,0.22277234219082573,0.15,0.07277234219082573,10,2,3,log_loss,1.0,balanced,,,none,,0.13912640502171994,0.1542643794835152,0.08640440632204696,0.05696933518159317,0.0808151496098586,0.07828276536182917,0.10996022971287644,0.10867423902463083,0.04363777538894556,0.037287093596352204,0.05042849053417335,0.05414973076245853
imbalance_screen,s6|balanced|r=None|k=None|cal=none|folds=None,6,9618,4,240,60,37,10,0.37550945682788345,0.11741045791612036,0.79,0.20380710795069854,0.16666666666666666,0.03714044128403188,10,2,3,log_loss,1.0,balanced,,,none,,0.1497443798365901,0.1612979250967584,0.0903591144771502,0.04328735942053495,0.09821765435134851,0.06746350963758725,0.10587002590374835,0.095281345207405,0.04601622540219814,0.024021679552674174,0.060372488660615675,0.05806829245338936
imbalance_screen,s6|balanced|r=None|k=None|cal=none|folds=None,6,9618,5,240,60,37,10,0.3449106589950446,0.10850584595603817,0.854,0.2175244490721715,0.16666666666666666,0.05085778240550484,10,2,3,log_loss,1.0,balanced,,,none,,0.1349230321139293,0.1657668016158686,0.0796716592232148,0.06483632391937125,0.08254456401977114,0.07111915007474758,0.10359053693440522,0.10678345329826984,0.03362088404166026,0.038193664351288986,0.05724399336441535,0.061705937043057615
imbalance_screen,s6|balanced_subsample|r=None|k=None|cal=none|folds=None,6,9618,1,240,60,38,9,0.44727273565557085,0.14313473860930948,0.6078431372549019,0.16380607048407894,0.15,0.013806070484078947,10,2,3,log_loss,1.0,balanced_subsample,,,none,,0.14654789538007548,0.14755213568811196,0.08956567094044943,0.06275985296018576,0.07743593280033152,0.057487537497617085,0.09958645386203119,0.1342811877655693,0.03605477250642955,0.04394517644901392,0.03216217787437823,0.07262120627580662
imbalance_screen,s6|balanced_subsample|r=None|k=None|cal=none|folds=None,6,9618,2,240,60,38,9,0.3723449577414658,0.1190055367215011,0.8093681917211328,0.2146403251874754,0.15,0.0646403251874754,10,2,3,log_loss,1.0,balanced_subsample,,,none,,0.14827218166858233,0.17663109751667141,0.07399742935997347,0.06309109501237888,0.0787630833127473,0.06252588381758037,0.10493350827805331,0.09505035008898595,0.05510295583638242,0.028166050439884936,0.05876943961503114,0.05469692505372855
imbalance_screen,s6|balanced_subsample|r=None|k=None|cal=none|folds=None,6,9618,3,240,60,38,9,0.31141095228353516,0.09151704539609154,0.8529411764705882,0.22179307038510704,0.15,0.07179307038510704,10,2,3,log_loss,1.0,balanced_subsample,,,none,,0.140804932280278,0.15561086324875403,0.08755543669742342,0.05622236266729438,0.07605627720369001,0.07761294424741091,0.10911843648585388,0.10921875462512853,0.04214683457363817,0.037367125538342774,0.05223825935043945,0.0560477730817465
imbalance_screen,s6|balanced_subsample|r=None|k=None|cal=none|folds=None,6,9618,4,240,60,37,10,0.37460604912175416,0.11740387861978427,0.782,0.20355752614662773,0.16666666666666666,0.03689085947996107,10,2,3,log_loss,1.0,balanced_subsample,,,none,,0.14811019372764966,0.15773038460992986,0.09096573760024944,0.04282783716766915,0.09980241421221757,0.06973813312004573,0.10719564185778253,0.09552325239147712,0.04338061739602155,0.02298321137470214,0.06280068317457954,0.05894189336767575
imbalance_screen,s6|balanced_subsample|r=None|k=None|cal=none|folds=None,6,9618,5,240,60,37,10,0.3423533221730005,0.10779036234222773,0.856,0.21658210269819572,0.16666666666666666,0.049915436031529065,10,2,3,log_loss,1.0,balanced_subsample,,,none,,0.13294807080373872,0.16762082116373683,0.08164643519542317,0.06225989167633528,0.08241755305740198,0.0713730112055133,0.09985173802154299,0.10661443509237306,0.03522083774836662,0.03917476125773432,0.057031943056693256,0.06384050172114053
imbalance_screen,s6|random_over|r=0.2|k=None|cal=none|folds=None,6,9618,1,240,60,38,9,0.44693027487407666,0.13707435294365564,0.579520697167756,0.12536558687988628,0.15,-0.02463441312011372,10,2,3,log_loss,1.0,random_over,0.2,,none,,0.14279184190737282,0.13466468551722238,0.10953848817240323,0.0785499830229505,0.08736271956706392,0.061690517553862054,0.10279902321646582,0.11094974334382382,0.026937929297952197,0.043401449990620004,0.03997271666929755,0.061340901740965695
imbalance_screen,s6|random_over|r=0.2|k=None|cal=none|folds=None,6,9618,2,240,60,38,9,0.34954219213626686,0.11189760837644183,0.8311546840958606,0.15913058966789687,0.15,0.009130589667896871,10,2,3,log_loss,1.0,random_over,0.2,,none,,0.13434599883950674,0.14663471368316872,0.09304971424314361,0.08273107581818386,0.08024224280447312,0.0608157089232847,0.09890521259212076,0.09526107849799409,0.06024385030692,0.026026570647039133,0.06004900184742259,0.0616948317967428
imbalance_screen,s6|random_over|r=0.2|k=None|cal=none|folds=None,6,9618,3,240,60,38,9,0.2957652805041828,0.08752695932863105,0.8594771241830066,0.17780459219777756,0.15,0.02780459219777756,10,2,3,log_loss,1.0,random_over,0.2,,none,,0.13466522879575,0.14149391890478075,0.09765975508849578,0.05765848830221114,0.08111084710117213,0.07739821702814567,0.11621257268278791,0.10317716682761403,0.047079948312313546,0.02691373398154678,0.056035056764697236,0.060595066210485174
imbalance_screen,s6|random_over|r=0.2|k=None|cal=none|folds=None,6,9618,4,240,60,37,10,0.3733979410387897,0.11140463656532577,0.7459999999999999,0.17003453739678537,0.16666666666666666,0.0033678707301187105,10,2,3,log_loss,1.0,random_over,0.2,,none,,0.14181023786318994,0.13049609512731455,0.0948318721655871,0.051559202920349045,0.11079038318622783,0.06927872257726747,0.09812102340753723,0.09920616949000947,0.05456640056710332,0.017420643436092703,0.06888101798093454,0.06303823127838663
imbalance_screen,s6|random_over|r=0.2|k=None|cal=none|folds=None,6,9618,5,240,60,37,10,0.34943351872961376,0.10955840748444683,0.8240000000000001,0.1752751991940847,0.16666666666666666,0.008608532527418056,10,2,3,log_loss,1.0,random_over,0.2,,none,,0.12535489977628483,0.1428527928014462,0.08502874815090027,0.06219063946455803,0.10323959092400935,0.07261829567924794,0.10349559419529122,0.10454268073815132,0.03637934840802504,0.03733587049794974,0.05983679321548902,0.06712474614864718
imbalance_screen,s6|random_over|r=0.3|k=None|cal=none|folds=None,6,9618,1,240,60,38,9,0.4234140876468691,0.1324107868160824,0.6514161220043573,0.1443975723511778,0.15,-0.005602427648822184,10,2,3,log_loss,1.0,random_over,0.3,,none,,0.1561978956454592,0.14129871116764742,0.1135436343373446,0.07153907940284687,0.08212861302553649,0.058367074566796684,0.10792434120343634,0.1136320879498076,0.028534335256059837,0.0349302911944086,0.03183228769039769,0.060071648560258616
imbalance_screen,s6|random_over|r=0.3|k=None|cal=none|folds=None,6,9618,2,240,60,38,9,0.37305664167756797,0.11891202985318285,0.7962962962962963,0.18091931313753207,0.15,0.030919313137532073,10,2,3,log_loss,1.0,random_over,0.3,,none,,0.1511194327662861,0.15620925185914405,0.08328225093973415,0.07935332473041029,0.08161913325611539,0.0605701203507457,0.09629537654397725,0.10323675182606802,0.051230700675925785,0.021190506062753422,0.062273420568758696,0.05361973042008103
imbalance_screen,s6|random_over|r=0.3|k=None|cal=none|folds=None,6,9618,3,240,60,38,9,0.3036153674352648,0.08971437476220653,0.855119825708061,0.2003875770602758,0.15,0.0503875770602758,10,2,3,log_loss,1.0,random_over,0.3,,none,,0.13304550379219737,0.14678870319431336,0.10659124642254077,0.044011019063397314,0.08445712749750353,0.07634947297712033,0.10305423677202727,0.10489591053057973,0.044915189663974675,0.039944393856635264,0.05741879484879558,0.058528401380914766
imbalance_screen,s6|random_over|r=0.3|k=None|cal=none|folds=None,6,9618,4,240,60,37,10,0.3762073940212611,0.1126681250723302,0.758,0.1827833222031886,0.16666666666666666,0.016116655536521945,10,2,3,log_loss,1.0,random_over,0.3,,none,,0.1442806550669901,0.14020178345811649,0.09714470529249793,0.03661912547270059,0.10382650758081263,0.06497185826134294,0.10190792802210819,0.09686266133757408,0.05988122396151523,0.019487344307372544,0.07117845782366135,0.0636377494153078
imbalance_screen,s6|random_over|r=0.3|k=None|cal=none|folds=None,6,9618,5,240,60,37,10,0.34194688518962363,0.10598850000201762,0.8180000000000001,0.20193857889295125,0.16666666666666666,0.03527191222628459,10,2,3,log_loss,1.0,random_over,0.3,,none,,0.13510764245274387,0.1494701824393949,0.08307196595280879,0.05972346350801406,0.09299867556976076,0.06829358192927615,0.10064747564054566,0.10232690016744096,0.03316710789461343,0.032483055804645104,0.05713299192292497,0.0855769567178315
imbalance_screen,s6|random_over|r=0.4|k=None|cal=none|folds=None,6,9618,1,240,60,38,9,0.4309784567922318,0.1360068094439158,0.6405228758169934,0.1639966362908127,0.15,0.013996636290812714,10,2,3,log_loss,1.0,random_over,0.4,,none,,0.16307704522486527,0.14807777349294057,0.09683038434298616,0.07064655355496943,0.07470593409761626,0.05456429031952571,0.1101793691041802,0.1244897323021,0.03269642047602522,0.03914751357208243,0.02517304683618414,0.06041193667652463
imbalance_screen,s6|random_over|r=0.4|k=None|cal=none|folds=None,6,9618,2,240,60,38,9,0.3736635615879454,0.11904872272834612,0.7941176470588235,0.19879823300693783,0.15,0.048798233006937836,10,2,3,log_loss,1.0,random_over,0.4,,none,,0.1531587027820262,0.15749003702203623,0.09767075032025369,0.08121617472910167,0.09225224499238076,0.05879274743836908,0.0892850745415734,0.09340555292199886,0.043102238931164286,0.019882468922929383,0.06388060678888909,0.049863400609277506
imbalance_screen,s6|random_over|r=0.4|k=None|cal=none|folds=None,6,9618,3,240,60,38,9,0.3146452082802508,0.09411630230217291,0.855119825708061,0.22040202837192696,0.15,0.07040202837192697,10,2,3,log_loss,1.0,random_over,0.4,,none,,0.12862767700056527,0.15309858101231694,0.08596797740754393,0.04800904100644198,0.08023644847197633,0.07453532098159651,0.11203187044633768,0.09778531092456486,0.05905845836278187,0.0435053358794642,0.05985346799286442,0.05729051051354606
imbalance_screen,s6|random_over|r=0.4|k=None|cal=none|folds=None,6,9618,4,240,60,37,10,0.37449466524051833,0.11276980862582651,0.764,0.1956723494745458,0.16666666666666666,0.02900568280787913,10,2,3,log_loss,1.0,random_over,0.4,,none,,0.15475337957551516,0.15483163984179085,0.09455833494437474,0.03717981616718143,0.08887959859417438,0.06793237545809594,0.09439481960409637,0.10818939267344878,0.05877762047642654,0.02208425468986428,0.06170561623214617,0.05671315174288542
imbalance_screen,s6|random_over|r=0.4|k=None|cal=none|folds=None,6,9618,5,240,60,37,10,0.3521573947132241,0.11062260747476797,0.8260000000000001,0.22101727642684693,0.16666666666666666,0.054350609760180274,10,2,3,log_loss,1.0,random_over,0.4,,none,,0.13318442127417882,0.1466254829361286,0.0860708771144291,0.06419622603614086,0.08857439671199646,0.06443325598439759,0.11092069905706495,0.09975794354612309,0.035082895059074054,0.03506727191146723,0.056111055473549866,0.07997547489544962
imbalance_screen,s6|smote|r=0.2|k=2|cal=none|folds=None,6,9618,1,240,60,38,9,0.43641488712260973,0.13373233423159078,0.616557734204793,0.12448362567545265,0.15,-0.025516374324547342,10,2,3,log_loss,1.0,smote,0.2,2.0,none,,0.1382422272679212,0.13526537397356364,0.1011099278251244,0.0801345497131705,0.09432030062207987,0.06699503478677778,0.0965424002211537,0.11793097883485187,0.028816625334715386,0.04625182092765866,0.033166626778475976,0.06122413371450694
imbalance_screen,s6|smote|r=0.2|k=2|cal=none|folds=None,6,9618,2,240,60,38,9,0.34939067858863776,0.11175045900824349,0.8202614379084967,0.16701951473893714,0.15,0.017019514738937147,10,2,3,log_loss,1.0,smote,0.2,2.0,none,,0.14182867193624157,0.14569446488785057,0.08302361685565167,0.07798570781638557,0.08562842988010147,0.061031964252869275,0.10274684695439447,0.1066560815834938,0.047420418020310835,0.027991874678015633,0.05791704848227653,0.06207487465240869
imbalance_screen,s6|smote|r=0.2|k=2|cal=none|folds=None,6,9618,3,240,60,38,9,0.3002663062650936,0.08824217143235513,0.8507625272331154,0.1810290225554526,0.15,0.031029022555452618,10,2,3,log_loss,1.0,smote,0.2,2.0,none,,0.1291351464262373,0.13391323530068713,0.09585559138222413,0.05786887086365425,0.08464318331019614,0.08106549786699167,0.11215325631431672,0.10840784998144186,0.058396381470339105,0.030836828736432318,0.05397548844269252,0.0537486699047868
imbalance_screen,s6|smote|r=0.2|k=2|cal=none|folds=None,6,9618,4,240,60,37,10,0.3825609705724375,0.11530003440056968,0.748,0.1673724506371366,0.16666666666666666,0.000705783970469942,10,2,3,log_loss,1.0,smote,0.2,2.0,none,,0.1362927466713289,0.131725061921553,0.10112510146034474,0.058949586160561014,0.10363316623832486,0.07052415076732219,0.09816457027604941,0.09712637982352414,0.04866750631265021,0.020403488950993857,0.07541941469266726,0.05796882672468046
imbalance_screen,s6|smote|r=0.2|k=2|cal=none|folds=None,6,9618,5,240,60,37,10,0.34341581119419035,0.10832223935284065,0.8300000000000001,0.1747819782484261,0.16666666666666666,0.008115311581759432,10,2,3,log_loss,1.0,smote,0.2,2.0,none,,0.12047403170940033,0.1480867919507395,0.09087791387564975,0.06883869539319214,0.10027882955133659,0.0672782122175208,0.10697570595058589,0.10216045514751497,0.03438640946260192,0.03681556715354486,0.057041011774744,0.0667863758131691
imbalance_screen,s6|smote|r=0.2|k=3|cal=none|folds=None,6,9618,1,240,60,38,9,0.4378877601182437,0.13510963558799421,0.6034858387799564,0.12434084927489071,0.15,-0.025659150725109284,10,2,3,log_loss,1.0,smote,0.2,3.0,none,,0.13962385574969374,0.13782084195410393,0.09883586071293299,0.07925835686429311,0.09327486207388386,0.0648862126764363,0.1018854278386907,0.11995867126995143,0.02834938354342751,0.048357608524998194,0.03147180566275069,0.05627711312883754
imbalance_screen,s6|smote|r=0.2|k=3|cal=none|folds=None,6,9618,2,240,60,38,9,0.3385655907722701,0.10743419717963945,0.8420479302832244,0.16880501889184973,0.15,0.01880501889184974,10,2,3,log_loss,1.0,smote,0.2,3.0,none,,0.13822224093145957,0.14446903990085236,0.08304143726748274,0.08157423150835443,0.08155345830031993,0.06250178793938176,0.10565524735037082,0.09749774586508718,0.05548914572153302,0.026222418052371372,0.061673117400158926,0.0621001297626279
imbalance_screen,s6|smote|r=0.2|k=3|cal=none|folds=None,6,9618,3,240,60,38,9,0.30251606865388775,0.08829510171727831,0.8355119825708062,0.17834715292022604,0.15,0.02834715292022605,10,2,3,log_loss,1.0,smote,0.2,3.0,none,,0.12505105903488842,0.137892312885134,0.10278821193032422,0.06234792550914577,0.08218963473407581,0.08744223584075955,0.10580371251776031,0.10766400569528034,0.04995101033360252,0.03023961432462418,0.05308390387325693,0.05554637332114797
imbalance_screen,s6|smote|r=0.2|k=3|cal=none|folds=None,6,9618,4,240,60,37,10,0.3827239389316637,0.11523833640412563,0.76,0.17247964769511104,0.16666666666666666,0.005812981028444381,10,2,3,log_loss,1.0,smote,0.2,3.0,none,,0.1353821898279655,0.1338350591189119,0.10161727360850777,0.053064858620948036,0.11189844692823957,0.07036046663586958,0.10298156002730625,0.09233549458133039,0.037998412532758506,0.02574831256552303,0.08105504176316441,0.053722883789475095
imbalance_screen,s6|smote|r=0.2|k=3|cal=none|folds=None,6,9618,5,240,60,37,10,0.34501546606131756,0.10850089971973086,0.822,0.1765854467378052,0.16666666666666666,0.009918780071138555,10,2,3,log_loss,1.0,smote,0.2,3.0,none,,0.1312747300236071,0.1429586252553207,0.08912048003452536,0.07405681016792921,0.08715343129348148,0.06489755816151907,0.10469898441357131,0.11544117600191252,0.03547758061372773,0.0334113850505165,0.05271598927141155,0.06879324971247734
imbalance_screen,s6|smote|r=0.2|k=4|cal=none|folds=None,6,9618,1,240,60,38,9,0.4380893876400553,0.13368987441770083,0.6122004357298476,0.12307455787608798,0.15,-0.026925442123912013,10,2,3,log_loss,1.0,smote,0.2,4.0,none,,0.13700850865754782,0.13490606606838135,0.10099758623308375,0.08161143403097884,0.09349023376001445,0.06645615084194563,0.09858770609178441,0.1178724757350281,0.02865431182836668,0.04664046103985347,0.03315116416400042,0.06062390154901502
imbalance_screen,s6|smote|r=0.2|k=4|cal=none|folds=None,6,9618,2,240,60,38,9,0.3491467861966212,0.11064115026094833,0.8137254901960784,0.17024113937485966,0.15,0.020241139374859662,10,2,3,log_loss,1.0,smote,0.2,4.0,none,,0.1214734763007268,0.1580293304372308,0.0853131515365565,0.07965766736564722,0.08689412423241202,0.060977636338446946,0.10297985798884657,0.100761757538745,0.051194261264398654,0.029993194525602854,0.05923061046881244,0.06349493200257414
imbalance_screen,s6|smote|r=0.2|k=4|cal=none|folds=None,6,9618,3,240,60,38,9,0.29281815443605946,0.08521441914738688,0.8442265795206971,0.1739592533964707,0.15,0.023959253396470703,10,2,3,log_loss,1.0,smote,0.2,4.0,none,,0.12465442109469983,0.13786335746516537,0.09902546921445901,0.05983912291068292,0.09035630353180882,0.08618825248593845,0.1098422905398203,0.10257754493205123,0.04286457858030582,0.030410520003502306,0.058534634401858514,0.057843504839707516
imbalance_screen,s6|smote|r=0.2|k=4|cal=none|folds=None,6,9618,4,240,60,37,10,0.3928667751539058,0.11579053237860833,0.734,0.165027037427098,0.16666666666666666,-0.0016396292395686463,10,2,3,log_loss,1.0,smote,0.2,4.0,none,,0.13818665267928035,0.145600388826545,0.10067214386447654,0.047599702181847774,0.10788312116698132,0.06938542785829474,0.10079433265060721,0.09461782290665281,0.03705199893853161,0.023408399035900338,0.07776652040549847,0.05703348948538402
imbalance_screen,s6|smote|r=0.2|k=4|cal=none|folds=None,6,9618,5,240,60,37,10,0.34413163042525646,0.10847170825433777,0.8220000000000001,0.1743432657799004,0.16666666666666666,0.007676599113233734,10,2,3,log_loss,1.0,smote,0.2,4.0,none,,0.12905845641734567,0.14585412933734354,0.09233672338328008,0.08124244866414373,0.0843570571034553,0.061906830887927915,0.10121336352846032,0.10195691325984349,0.03712084829049153,0.03281556265107232,0.06251486661083958,0.0696227998657965
imbalance_screen,s6|smote|r=0.3|k=2|cal=none|folds=None,6,9618,1,240,60,38,9,0.4360689651571733,0.13738874984344,0.6339869281045751,0.15159356038089994,0.15,0.0015935603808999443,10,2,3,log_loss,1.0,smote,0.3,2.0,none,,0.13880478819824899,0.1488363704755762,0.10551312772382641,0.08600559351552745,0.07118885971982931,0.05779206794695854,0.09790682567453249,0.10575601012957571,0.03483397467989465,0.057399629259174204,0.03295986854139551,0.06300288413546053
imbalance_screen,s6|smote|r=0.3|k=2|cal=none|folds=None,6,9618,2,240,60,38,9,0.35063372906843104,0.11064182555494277,0.8289760348583878,0.187223946207081,0.15,0.037223946207081,10,2,3,log_loss,1.0,smote,0.3,2.0,none,,0.14953814849395297,0.1484001198226334,0.08191033907309152,0.07840828196824788,0.07920067175915206,0.06768086701360947,0.0976979823151277,0.10531710882875152,0.05994346703965397,0.03295577529725627,0.05585365695040249,0.04309358143812083
imbalance_screen,s6|smote|r=0.3|k=2|cal=none|folds=None,6,9618,3,240,60,38,9,0.31207265220953834,0.09372274439513295,0.8420479302832244,0.2073914558679297,0.15,0.05739145586792971,10,2,3,log_loss,1.0,smote,0.3,2.0,none,,0.13193802066590873,0.12967418095321004,0.09613815249035897,0.067087948356421,0.07827931422151872,0.0736277940301947,0.10440724981432718,0.09606562485011345,0.06204615071985485,0.05058017475759742,0.057817681130023495,0.05233770801047143
imbalance_screen,s6|smote|r=0.3|k=2|cal=none|folds=None,6,9618,4,240,60,37,10,0.36108941331397376,0.11115674306226139,0.8,0.19354193287606494,0.16666666666666666,0.026875266209398285,10,2,3,log_loss,1.0,smote,0.3,2.0,none,,0.14605983907612172,0.15690741431745503,0.085147798893356,0.05433223373567721,0.08853415183575203,0.0708323254192076,0.09988320032698736,0.08989884483015678,0.07174809925396865,0.029224736619831368,0.06645077003157403,0.040980585659912264
imbalance_screen,s6|smote|r=0.3|k=2|cal=none|folds=None,6,9618,5,240,60,37,10,0.34693634598025885,0.11021359376545761,0.8400000000000001,0.19551409752153337,0.16666666666666666,0.028847430854866712,10,2,3,log_loss,1.0,smote,0.3,2.0,none,,0.11639501502542268,0.15342279162149375,0.09579572395812823,0.05867318602288463,0.10603131563077989,0.06222713804717954,0.10541454027921603,0.09520460484585636,0.03557315845086359,0.06438013595156686,0.056295172172327976,0.05058721799428049
imbalance_screen,s6|smote|r=0.3|k=3|cal=none|folds=None,6,9618,1,240,60,38,9,0.4533599677778568,0.14201412873821695,0.5969498910675382,0.14448796441493375,0.15,-0.005512035585066244,10,2,3,log_loss,1.0,smote,0.3,3.0,none,,0.13295962891843216,0.14177022852694862,0.11324380547212595,0.0896026989941413,0.0701543845871265,0.060897264614087364,0.09284080089557727,0.09787025252278823,0.031419675767613425,0.07496484445533703,0.03202152432578597,0.062254890920036145
imbalance_screen,s6|smote|r=0.3|k=3|cal=none|folds=None,6,9618,2,240,60,38,9,0.3506282625968739,0.11162388470658817,0.8442265795206971,0.1811372320510779,0.15,0.031137232051077907,10,2,3,log_loss,1.0,smote,0.3,3.0,none,,0.1430046937543385,0.13646344568849178,0.09684476282026151,0.0870493789460093,0.07304548245520942,0.05818526977886334,0.10441734634048058,0.09693265339959758,0.07608562773003044,0.02918783550910174,0.0544855282106998,0.044297975366916105
imbalance_screen,s6|smote|r=0.3|k=3|cal=none|folds=None,6,9618,3,240,60,38,9,0.30209216537526584,0.08842855738809269,0.8660130718954249,0.20643102855218712,0.15,0.056431028552187124,10,2,3,log_loss,1.0,smote,0.3,3.0,none,,0.12199940598114432,0.14673614723326522,0.0904432040759023,0.05206892963952086,0.0840733630989183,0.08453316209409478,0.11268681589604752,0.09531727165724203,0.04852883647995002,0.047037972355892764,0.06232026386904565,0.05425462761897632
imbalance_screen,s6|smote|r=0.3|k=3|cal=none|folds=None,6,9618,4,240,60,37,10,0.37170371538828223,0.11463352206000987,0.788,0.1860339750887823,0.16666666666666666,0.019367308422115648,10,2,3,log_loss,1.0,smote,0.3,3.0,none,,0.1319787414684888,0.11566924327647223,0.1358781744277399,0.04875288163112011,0.09990723178787987,0.06884549822178192,0.09701881025766691,0.09204780522563875,0.046969051639194785,0.037551864497809846,0.07380131113268812,0.051579386433518816
imbalance_screen,s6|smote|r=0.3|k=3|cal=none|folds=None,6,9618,5,240,60,37,10,0.34888175744089384,0.11054037720796851,0.8300000000000001,0.1979052199703681,0.16666666666666666,0.031238553303701455,10,2,3,log_loss,1.0,smote,0.3,3.0,none,,0.1146167716324086,0.14141448020380393,0.0963087036967058,0.07847691613526848,0.09165393919583077,0.06220683010170714,0.08940687470243341,0.10138804293003195,0.07349269096547381,0.04824264280514703,0.051865319489631266,0.05092678814155779
imbalance_screen,s6|smote|r=0.3|k=4|cal=none|folds=None,6,9618,1,240,60,38,9,0.4270664965181599,0.13348858539726594,0.6383442265795207,0.14298016152601087,0.15,-0.007019838473989126,10,2,3,log_loss,1.0,smote,0.3,4.0,none,,0.12035445884242398,0.11606842033021261,0.13780374448880717,0.09299189996341038,0.0952597966483557,0.05608964311982054,0.08889783494543863,0.10955034344956967,0.03470803612475524,0.05634814459183456,0.03362478187693569,0.05830289561843585
imbalance_screen,s6|smote|r=0.3|k=4|cal=none|folds=None,6,9618,2,240,60,38,9,0.34513687972639734,0.109057627933306,0.8267973856209151,0.18553741291621592,0.15,0.03553741291621593,10,2,3,log_loss,1.0,smote,0.3,4.0,none,,0.1234374115141144,0.14369563094628168,0.09305686946345754,0.08051838713881466,0.0773608189672634,0.06444204128991829,0.09678111654765853,0.09313949439470985,0.077544584049324,0.048396480384820084,0.04884689828204668,0.052780267021590985
imbalance_screen,s6|smote|r=0.3|k=4|cal=none|folds=None,6,9618,3,240,60,38,9,0.3134224108481934,0.09410748584766995,0.8442265795206971,0.20095417378043934,0.15,0.050954173780439344,10,2,3,log_loss,1.0,smote,0.3,4.0,none,,0.12483762277324414,0.1314116309435466,0.12491688367280147,0.05571032087168375,0.0783458363139641,0.07475890263833551,0.11370902527112892,0.09397695513107315,0.058547591982808955,0.041545126164649795,0.05213837876452014,0.050101725472243494
imbalance_screen,s6|smote|r=0.3|k=4|cal=none|folds=None,6,9618,4,240,60,37,10,0.38761164731045916,0.11872442325154182,0.754,0.1869062789479833,0.16666666666666666,0.020239612281316655,10,2,3,log_loss,1.0,smote,0.3,4.0,none,,0.12218662726841246,0.13400222789995161,0.10728354788534607,0.04256398167108988,0.10721576567154877,0.06961394101626661,0.08930156929707582,0.0856605374988612,0.05855437019981982,0.033579540298320214,0.08546518443311639,0.06457270686019115
imbalance_screen,s6|smote|r=0.3|k=4|cal=none|folds=None,6,9618,5,240,60,37,10,0.3470352217055443,0.11167500258812833,0.824,0.19090674749598352,0.16666666666666666,0.024240080829316862,10,2,3,log_loss,1.0,smote,0.3,4.0,none,,0.13539651743837314,0.1532249229914603,0.08881358695222076,0.08113900233507532,0.07731062461529961,0.06092631685059795,0.09260717992204343,0.09918361012615697,0.044834600167238906,0.05149766445974785,0.06822894638402381,0.04683702775776185
imbalance_screen,s6|smote|r=0.4|k=2|cal=none|folds=None,6,9618,1,240,60,38,9,0.4453047084316768,0.14403183852919954,0.6405228758169934,0.17167446099287945,0.15,0.021674460992879452,10,2,3,log_loss,1.0,smote,0.4,2.0,none,,0.13625459910892188,0.15019955909367155,0.13341930531202947,0.08823808962238483,0.061368939107016414,0.05187629755839247,0.09540170147829093,0.09141989357478875,0.03806794097926734,0.06320186230660693,0.030292819283722162,0.060258992574907175
imbalance_screen,s6|smote|r=0.4|k=2|cal=none|folds=None,6,9618,2,240,60,38,9,0.35816663104279434,0.11392415411410031,0.8464052287581699,0.2101923865555389,0.15,0.06019238655553891,10,2,3,log_loss,1.0,smote,0.4,2.0,none,,0.124631377127245,0.16027800753226618,0.09417009592905318,0.06948385576841178,0.07616575186417301,0.062046951666306076,0.08907838788795204,0.09186862278120979,0.09055770260380808,0.04119133082413408,0.05736198543108228,0.043165930584358615
imbalance_screen,s6|smote|r=0.4|k=2|cal=none|folds=None,6,9618,3,240,60,38,9,0.3175827468374137,0.09544374760358834,0.8464052287581699,0.22155426965869846,0.15,0.07155426965869846,10,2,3,log_loss,1.0,smote,0.4,2.0,none,,0.1314020548161899,0.13149604137327534,0.09316529621039057,0.08038749767791854,0.0746690292809675,0.0780830514967094,0.10336901358224536,0.09906935713680377,0.06850694457934889,0.04349049995931569,0.051794838720965276,0.044566375165869705
imbalance_screen,s6|smote|r=0.4|k=2|cal=none|folds=None,6,9618,4,240,60,37,10,0.372199176330064,0.1171009420800831,0.7879999999999999,0.19950496423629377,0.16666666666666666,0.03283829756962711,10,2,3,log_loss,1.0,smote,0.4,2.0,none,,0.12426914918871869,0.14775101524375336,0.09598515735275893,0.05167592151082002,0.09682183176044883,0.06997154853855565,0.10072549874591454,0.08568452749237998,0.07096154588266408,0.03701024626341261,0.07596179108815054,0.04318176693242279
imbalance_screen,s6|smote|r=0.4|k=2|cal=none|folds=None,6,9618,5,240,60,37,10,0.3504784817881698,0.11098590763724042,0.8360000000000001,0.2180705415810702,0.16666666666666666,0.05140387491440354,10,2,3,log_loss,1.0,smote,0.4,2.0,none,,0.11438654271838548,0.1560683879062145,0.1064617140217304,0.06182304593167542,0.09027509537936833,0.06888539822724302,0.09863262417029935,0.08270681108003593,0.03891855687241338,0.06391851387958042,0.06436401974034214,0.053559290072711686
imbalance_screen,s6|smote|r=0.4|k=3|cal=none|folds=None,6,9618,1,240,60,38,9,0.4315391668712184,0.1341111312871445,0.6383442265795207,0.1629857079495508,0.15,0.012985707949550812,10,2,3,log_loss,1.0,smote,0.4,3.0,none,,0.13921148604691466,0.13421343855705825,0.10409977164701974,0.07679951945896708,0.06963817554580186,0.06153779965835381,0.09200251302005795,0.10168301519062294,0.034881106402373435,0.08719517091388343,0.03327217170639006,0.06546583185255685
imbalance_screen,s6|smote|r=0.4|k=3|cal=none|folds=None,6,9618,2,240,60,38,9,0.3724529503703676,0.11775281409880477,0.7854030501089324,0.20815603603424482,0.15,0.058156036034244823,10,2,3,log_loss,1.0,smote,0.4,3.0,none,,0.1259941898648357,0.14373698664240328,0.10601157479249997,0.09401211410887288,0.06946674365902712,0.0561599078904567,0.09995705994157567,0.09172931351016991,0.08034949379181927,0.03409119552878218,0.054165458961233516,0.04432596130832385
imbalance_screen,s6|smote|r=0.4|k=3|cal=none|folds=None,6,9618,3,240,60,38,9,0.3051587367271128,0.08929530564018195,0.8529411764705882,0.21192005994199345,0.15,0.061920059941993455,10,2,3,log_loss,1.0,smote,0.4,3.0,none,,0.11155514725648616,0.14887431452755753,0.09282852871104198,0.053422161917863385,0.08163907016969509,0.08515568771933153,0.1074725017126432,0.0999199038103495,0.054652689074807345,0.0489078745756616,0.06035012342679802,0.05522199709776457
imbalance_screen,s6|smote|r=0.4|k=3|cal=none|folds=None,6,9618,4,240,60,37,10,0.3844888850808447,0.12213358262165848,0.782,0.2055252306041285,0.16666666666666666,0.03885856393746184,10,2,3,log_loss,1.0,smote,0.4,3.0,none,,0.12993180397123627,0.12410951086838422,0.13903403262375377,0.04893368596312798,0.09346697967773016,0.06598833489504663,0.09191466655980811,0.09061812814573551,0.054308281529700464,0.04728691666511375,0.0718028773705373,0.042604781729826034
imbalance_screen,s6|smote|r=0.4|k=3|cal=none|folds=None,6,9618,5,240,60,37,10,0.3596554230280441,0.11493430592834018,0.8140000000000001,0.21468352754002107,0.16666666666666666,0.04801686087335441,10,2,3,log_loss,1.0,smote,0.4,3.0,none,,0.11585650674683945,0.150141669978879,0.1102842624144588,0.08617906375235646,0.08120803738439532,0.059032071519787975,0.08644321535530854,0.08925739608460452,0.05960482709986389,0.062329601964632504,0.05528522455168102,0.044378123147192444
imbalance_screen,s6|smote|r=0.4|k=4|cal=none|folds=None,6,9618,1,240,60,38,9,0.4402564739144537,0.14035212409537848,0.6230936819172114,0.1606350068270351,0.15,0.01063500682703511,10,2,3,log_loss,1.0,smote,0.4,4.0,none,,0.12111421664100698,0.12976129446276352,0.13792043732361878,0.08053107288403584,0.08048529001502673,0.052994789125632574,0.08857213484432278,0.10859010748232135,0.043252457092293535,0.06690499575174867,0.03032635162390029,0.059546852753328994
imbalance_screen,s6|smote|r=0.4|k=4|cal=none|folds=None,6,9618,2,240,60,38,9,0.35485892503471034,0.11373363470757564,0.8202614379084967,0.20343530681199296,0.15,0.05343530681199296,10,2,3,log_loss,1.0,smote,0.4,4.0,none,,0.13331719505923115,0.13945069322464732,0.09494472109245944,0.08150928438869423,0.0710618152840846,0.06203125604353981,0.09363341476288403,0.09886983333691993,0.0618078308597475,0.06719621669369105,0.050978425357725364,0.045199313896375694
imbalance_screen,s6|smote|r=0.4|k=4|cal=none|folds=None,6,9618,3,240,60,38,9,0.3322730966244414,0.10166040740237904,0.826797385620915,0.2188115576878574,0.15,0.0688115576878574,10,2,3,log_loss,1.0,smote,0.4,4.0,none,,0.13264918364662046,0.13344437010276616,0.11446598291134136,0.05561029630433281,0.0777718367061275,0.0768512474889698,0.1050167281877379,0.08687695691801534,0.058565266913455406,0.06898527277714801,0.04353219911897625,0.04623065892450894
imbalance_screen,s6|smote|r=0.4|k=4|cal=none|folds=None,6,9618,4,240,60,37,10,0.39743444008649736,0.1232619327436937,0.7440000000000001,0.20517753246401935,0.16666666666666666,0.03851086579735269,10,2,3,log_loss,1.0,smote,0.4,4.0,none,,0.11656077006458027,0.14227662917198897,0.10924934048662376,0.04807949837863252,0.08909066772091571,0.06491899038102732,0.09365751145835609,0.09710008853962698,0.061324682732501,0.041260625106662556,0.08861326109579591,0.047867934863288934
imbalance_screen,s6|smote|r=0.4|k=4|cal=none|folds=None,6,9618,5,240,60,37,10,0.3527991497511591,0.1134204480417113,0.8220000000000001,0.2129520752224224,0.16666666666666666,0.04628540855575575,10,2,3,log_loss,1.0,smote,0.4,4.0,none,,0.1324551913265755,0.15152666068661552,0.10027927742800374,0.07483592506806117,0.06878808341868314,0.05990818570713877,0.09326313157257099,0.10030451190539925,0.06089973335934758,0.05601781749739202,0.05406770678423209,0.04765377524598031
imbalance_screen,s6|smote|r=0.7|k=10|cal=none|folds=None,6,9618,1,240,60,38,9,0.4479857701487403,0.14648060549138966,0.6492374727668845,0.19675089519001063,0.15,0.04675089519001063,10,2,3,log_loss,1.0,smote,0.7,10.0,none,,0.1096355545199734,0.14147341101650607,0.1101492139944905,0.07285184022328145,0.05878355733617654,0.04719486121510852,0.08535577047805273,0.08650204325487724,0.06766885359534357,0.10644333551251019,0.04266081878437652,0.07128074006930328
imbalance_screen,s6|smote|r=0.7|k=10|cal=none|folds=None,6,9618,2,240,60,38,9,0.398539673722351,0.1294980030126861,0.7657952069716776,0.2418753457696351,0.15,0.0918753457696351,10,2,3,log_loss,1.0,smote,0.7,10.0,none,,0.116350543567486,0.13412991991704928,0.0816879179143397,0.08261910677432427,0.05410848924116635,0.044612418382476315,0.08609921194117258,0.06559633783862763,0.13120692348128057,0.10592150452853462,0.0631315521272701,0.03453607428627258
imbalance_screen,s6|smote|r=0.7|k=10|cal=none|folds=None,6,9618,3,240,60,38,9,0.3317660600043835,0.101397617735288,0.8529411764705882,0.2508050191134318,0.15,0.10080501911343179,10,2,3,log_loss,1.0,smote,0.7,10.0,none,,0.08818476683954674,0.1307864826802891,0.1175148766776182,0.07153699857725265,0.07117481097093988,0.0722645961922702,0.08826164577282614,0.07487711448283457,0.054136654570887545,0.14619945857498945,0.04783460040951305,0.03722799425103251
imbalance_screen,s6|smote|r=0.7|k=10|cal=none|folds=None,6,9618,4,240,60,37,10,0.419241513154812,0.13307796847661746,0.7400000000000001,0.22293920209435197,0.16666666666666666,0.056272535427685316,10,2,3,log_loss,1.0,smote,0.7,10.0,none,,0.11615371458678744,0.13683353849177105,0.09430693108830798,0.057661446226204845,0.07287206033703003,0.0573711173196373,0.07467263044870269,0.06766289138215893,0.13845532634494578,0.04000525585949287,0.10971729318898794,0.0342877947259733
imbalance_screen,s6|smote|r=0.7|k=10|cal=none|folds=None,6,9618,5,240,60,37,10,0.36016838790602745,0.11468158131264046,0.826,0.2350940620778456,0.16666666666666666,0.06842739541117895,10,2,3,log_loss,1.0,smote,0.7,10.0,none,,0.10145941995455308,0.13031259341935753,0.07907142174673919,0.06848489843629589,0.0602523536805914,0.06185475033557193,0.07963850117657674,0.07826806001251617,0.14188899983306566,0.07802721740255475,0.08395532449177948,0.03678645951039817
imbalance_screen,s20|none|r=None|k=None|cal=none|folds=None,20,9618,1,240,60,38,9,0.4426186035100173,0.13559459372420968,0.6078431372549019,0.11878571491923447,0.15,-0.031214285080765528,8,1,4,log_loss,1.0,none,,,none,,0.1454057128005893,0.1382025553146208,0.11471680721694633,0.08231200637951043,0.0967281027210788,0.05297661430284302,0.10396983255677548,0.12039946379830124,0.024780178692523747,0.03622708936270475,0.03103994192634118,0.053241694927764996
imbalance_screen,s20|none|r=None|k=None|cal=none|folds=None,20,9618,2,240,60,38,9,0.34703259454050245,0.11092047963000232,0.8137254901960784,0.1550993465488308,0.15,0.005099346548830819,8,1,4,log_loss,1.0,none,,,none,,0.14858092044914029,0.15329150984826742,0.09205718191854215,0.08441343950073096,0.07960512246695754,0.05137116467209856,0.10119302647445214,0.09230595983248928,0.05053605971425676,0.021350708654785173,0.05983529367252654,0.06545961279575327
imbalance_screen,s20|none|r=None|k=None|cal=none|folds=None,20,9618,3,240,60,38,9,0.2925843485996498,0.08705322123088045,0.8660130718954249,0.17637715931861894,0.15,0.026377159318618948,8,1,4,log_loss,1.0,none,,,none,,0.13520912196210663,0.14616678096893404,0.10839371660902376,0.05473775493289013,0.07374809132686103,0.07894878532296334,0.11687665035137303,0.09677930796033181,0.048962452751932804,0.028810954452788234,0.05117769852429711,0.06018868483649826
imbalance_screen,s20|none|r=None|k=None|cal=none|folds=None,20,9618,4,240,60,37,10,0.38096390481863623,0.11351585649497696,0.7520000000000001,0.1611147976528202,0.16666666666666666,-0.005551869013846467,8,1,4,log_loss,1.0,none,,,none,,0.143563268781816,0.14526403975820698,0.0995531238696353,0.04802441806043124,0.10831816839034583,0.06154433696418473,0.09883508023120907,0.09491685726576138,0.04782917919636304,0.01988476988663896,0.07141919695237034,0.060847560643036994
imbalance_screen,s20|none|r=None|k=None|cal=none|folds=None,20,9618,5,240,60,37,10,0.345729009330552,0.10803357959418027,0.818,0.1698588958021006,0.16666666666666666,0.0031922291354339327,8,1,4,log_loss,1.0,none,,,none,,0.12256439804162796,0.14598381060580906,0.0891500271082063,0.07640652973210231,0.09130990504360464,0.05591605823810243,0.10912827801200806,0.10499504648240167,0.04137145783485377,0.032666052495880005,0.056043135317745005,0.07446530108765895
imbalance_screen,s20|balanced|r=None|k=None|cal=none|folds=None,20,9618,1,240,60,38,9,0.43933268899557626,0.14284976000691976,0.6405228758169935,0.16058039338275207,0.15,0.010580393382752074,8,1,4,log_loss,1.0,balanced,,,none,,0.15374562389929056,0.16340084493878793,0.10148844773783307,0.0596173229345591,0.07180790673375569,0.051524846617549094,0.09897724170868161,0.13362775159424678,0.028179600915828135,0.044423813918620686,0.02522648770814313,0.06798011129270423
imbalance_screen,s20|balanced|r=None|k=None|cal=none|folds=None,20,9618,2,240,60,38,9,0.3776852227859469,0.12335567435871869,0.7832244008714597,0.21606685759428956,0.15,0.06606685759428957,8,1,4,log_loss,1.0,balanced,,,none,,0.15222365325634968,0.1932305793682452,0.07537379852853412,0.07102901194315277,0.07170130676080722,0.05232238162612977,0.1059844620504519,0.09088419401026768,0.051639049692153785,0.02647633729300664,0.057743946720454874,0.05139127875044652
imbalance_screen,s20|balanced|r=None|k=None|cal=none|folds=None,20,9618,3,240,60,38,9,0.3073487815050099,0.09234459751559201,0.8703703703703703,0.21801828180155383,0.15,0.06801828180155384,8,1,4,log_loss,1.0,balanced,,,none,,0.14283870105793248,0.1640238360263644,0.08893632768148138,0.058751284294750586,0.07158934774630736,0.07594583849720385,0.1146833934215501,0.10633214026685381,0.04450085533626015,0.03152503923938761,0.0496152843546883,0.051257952077219865
imbalance_screen,s20|balanced|r=None|k=None|cal=none|folds=None,20,9618,4,240,60,37,10,0.3562674597684198,0.11332474793112281,0.806,0.19317249363670405,0.16666666666666666,0.026505826970037394,8,1,4,log_loss,1.0,balanced,,,none,,0.14832375633419492,0.16942883223102964,0.09137482381182982,0.04618606519845912,0.10556226794135445,0.06019777291419522,0.10360519612919261,0.09672418857900184,0.042218860740399156,0.022716220126795025,0.06055644249064931,0.053105573502898934
imbalance_screen,s20|balanced|r=None|k=None|cal=none|folds=None,20,9618,5,240,60,37,10,0.3365502701413812,0.10590135533087142,0.85,0.2156574604198239,0.16666666666666666,0.048990793753157236,8,1,4,log_loss,1.0,balanced,,,none,,0.14341011176167495,0.17756901551145837,0.08181074384680834,0.0628016461829241,0.08385880307103373,0.06577555316459213,0.10319513746743626,0.10314089278170663,0.03389272127738349,0.03422607679158874,0.055445257313322845,0.054874040830070456
imbalance_screen,s20|balanced_subsample|r=None|k=None|cal=none|folds=None,20,9618,1,240,60,38,9,0.4452209898920231,0.14421632818075694,0.6230936819172113,0.1613178688762262,0.15,0.011317868876226211,8,1,4,log_loss,1.0,balanced_subsample,,,none,,0.1505690553666778,0.16214896219233202,0.10208323676543796,0.05934091193711503,0.07142951886997703,0.05333431393576123,0.09679710054956944,0.1349248288396159,0.029370194330114036,0.043636999197852515,0.0269234552739916,0.06944142274155529
imbalance_screen,s20|balanced_subsample|r=None|k=None|cal=none|folds=None,20,9618,2,240,60,38,9,0.3802433119194023,0.12346130613507313,0.7832244008714597,0.2169920940688258,0.15,0.06699209406882581,8,1,4,log_loss,1.0,balanced_subsample,,,none,,0.14973940821524168,0.1934239815655194,0.07584181345535404,0.0704125081075803,0.07103961849264101,0.05233293808662056,0.10512147812695485,0.09551180149910556,0.05142665279503895,0.026926461189609955,0.05662702814745435,0.05159631031887947
imbalance_screen,s20|balanced_subsample|r=None|k=None|cal=none|folds=None,20,9618,3,240,60,38,9,0.3069112789886232,0.09193794054137087,0.8660130718954249,0.21794325545423934,0.15,0.06794325545423935,8,1,4,log_loss,1.0,balanced_subsample,,,none,,0.14433263743629876,0.1622151696026924,0.09093467937559427,0.05939738474100054,0.07041145566442251,0.08138664646817659,0.11252589723932234,0.10356820357411795,0.043440875758783415,0.03119653039698578,0.048093767736243256,0.05249675200636213
imbalance_screen,s20|balanced_subsample|r=None|k=None|cal=none|folds=None,20,9618,4,240,60,37,10,0.36278472544715107,0.11409948637057843,0.796,0.19274602869278884,0.16666666666666666,0.026079362026122183,8,1,4,log_loss,1.0,balanced_subsample,,,none,,0.14556465022597345,0.17240999799885104,0.09757072451967216,0.044181424462401676,0.10113580424286463,0.06259918690428659,0.09930074742058657,0.09792431334348124,0.04470612877588782,0.023685490917904693,0.05672194854872312,0.05419958263936695
imbalance_screen,s20|balanced_subsample|r=None|k=None|cal=none|folds=None,20,9618,5,240,60,37,10,0.33204065087848317,0.10404758009419351,0.864,0.21703358799717917,0.16666666666666666,0.050366921330512515,8,1,4,log_loss,1.0,balanced_subsample,,,none,,0.14314741431628766,0.1818270600510481,0.08597222721019097,0.061703724858539345,0.08217221215518174,0.06960179196297431,0.10349918133533519,0.10144083173831,0.032554695189495685,0.033924096396542966,0.05136119147257984,0.05279557331351412
imbalance_screen,s20|random_over|r=0.2|k=None|cal=none|folds=None,20,9618,1,240,60,38,9,0.4441873404695775,0.1373474940244676,0.6013071895424836,0.12460636006625105,0.15,-0.02539363993374895,8,1,4,log_loss,1.0,random_over,0.2,,none,,0.15080723546303193,0.14304890363287126,0.11945363605085284,0.0747570946263645,0.09103796997329423,0.05260906304620641,0.10171362384625748,0.10795877467155338,0.02466524619874041,0.04047782687870812,0.03441896523865855,0.05905166037346088
imbalance_screen,s20|random_over|r=0.2|k=None|cal=none|folds=None,20,9618,2,240,60,38,9,0.35015025716044756,0.11210517038327737,0.8202614379084967,0.1551166696649163,0.15,0.005116669664916307,8,1,4,log_loss,1.0,random_over,0.2,,none,,0.14282493091621898,0.15332760611329851,0.09844277061624025,0.0902238117519367,0.07555136436466707,0.050075747411130786,0.0993571710604815,0.08398895832818751,0.06116492298819417,0.021715894917565856,0.05969137656763382,0.06363544496444482
imbalance_screen,s20|random_over|r=0.2|k=None|cal=none|folds=None,20,9618,3,240,60,38,9,0.29256964894271575,0.0870173100656513,0.8681917211328977,0.18068947213454387,0.15,0.03068947213454387,8,1,4,log_loss,1.0,random_over,0.2,,none,,0.1423354353810982,0.1508264677427273,0.10054940793101882,0.053791684253847345,0.07646521926103635,0.07486579977809472,0.11624402635883287,0.09049864556557974,0.04881262423658634,0.02529790308365769,0.05639989773329657,0.06391288867422397
imbalance_screen,s20|random_over|r=0.2|k=None|cal=none|folds=None,20,9618,4,240,60,37,10,0.367867877010214,0.11064427810212611,0.766,0.16531482454768967,0.16666666666666666,-0.001351842118976987,8,1,4,log_loss,1.0,random_over,0.2,,none,,0.14290378300943815,0.1425812831606088,0.10109891631676626,0.0551377385818123,0.10116798343959493,0.06075402515907378,0.09867401915647897,0.09403234365830651,0.05484171024615573,0.019354431680958288,0.06641465938742307,0.06303910620338332
imbalance_screen,s20|random_over|r=0.2|k=None|cal=none|folds=None,20,9618,5,240,60,37,10,0.34561702162836166,0.10753104297830594,0.8140000000000001,0.17533374241576716,0.16666666666666666,0.0086670757491005,8,1,4,log_loss,1.0,random_over,0.2,,none,,0.1265332672949832,0.15009158228533492,0.0914579691415803,0.06315318203957757,0.10030739414906574,0.06175820749491949,0.10473051049216062,0.09498029410644813,0.04109205666560594,0.03449559882634249,0.05635363783917362,0.075046299664808
imbalance_screen,s20|random_over|r=0.3|k=None|cal=none|folds=None,20,9618,1,240,60,38,9,0.4161336138393498,0.13273562696761224,0.6644880174291938,0.14245637320133114,0.15,-0.007543626798668851,8,1,4,log_loss,1.0,random_over,0.3,,none,,0.16019738388918345,0.14658391339591678,0.12329155141778865,0.07223707196779654,0.08228759509519304,0.05144320113189447,0.10818432236287474,0.1161103102556158,0.024590048791828658,0.031307504115695335,0.02727509370989146,0.05649200386632114
imbalance_screen,s20|random_over|r=0.3|k=None|cal=none|folds=None,20,9618,2,240,60,38,9,0.3603442865645782,0.11535125106402035,0.8159041394335512,0.17907870143612906,0.15,0.029078701436129062,8,1,4,log_loss,1.0,random_over,0.3,,none,,0.15699228037251672,0.16840054230355878,0.08778727083613445,0.09129282965008634,0.07633657629886748,0.055674931973809946,0.08652396350528939,0.09704542410037276,0.05283644977550153,0.019267201279060616,0.061106535472076624,0.04673599443272541
imbalance_screen,s20|random_over|r=0.3|k=None|cal=none|folds=None,20,9618,3,240,60,38,9,0.3041862442419833,0.08973326919002385,0.8485838779956427,0.20480576006278256,0.15,0.054805760062782566,8,1,4,log_loss,1.0,random_over,0.3,,none,,0.13744183899495352,0.15878092410432704,0.1114498440757505,0.04524626404333067,0.08336213005464771,0.07443036411673216,0.09930763357238079,0.09820647221432745,0.04415811610875498,0.035622215443283665,0.05351685862389989,0.058477338647611676
imbalance_screen,s20|random_over|r=0.3|k=None|cal=none|folds=None,20,9618,4,240,60,37,10,0.3897923223126859,0.11339983767805227,0.734,0.18045430492543843,0.16666666666666666,0.013787638258771773,8,1,4,log_loss,1.0,random_over,0.3,,none,,0.15151605474002594,0.15480616064542002,0.11167718111656315,0.03661359460662216,0.09218036109309305,0.0623720118744924,0.09600885982150778,0.09144348986258201,0.05898497439874918,0.01812562585722488,0.0665490721594785,0.059722613824240926
imbalance_screen,s20|random_over|r=0.3|k=None|cal=none|folds=None,20,9618,5,240,60,37,10,0.34153417222533317,0.10579901251586357,0.816,0.20441894630548413,0.16666666666666666,0.03775227963881747,8,1,4,log_loss,1.0,random_over,0.3,,none,,0.14094899211246942,0.15116304813510437,0.09181361596329361,0.0624751317514936,0.08946296735678773,0.06321311163937597,0.10366650596182934,0.10087884289016469,0.0330693610531415,0.03203086489536248,0.04965715199794102,0.0816204062430363
imbalance_screen,s20|random_over|r=0.4|k=None|cal=none|folds=None,20,9618,1,240,60,38,9,0.4403454190378125,0.1391832604497374,0.6230936819172113,0.16532476893001571,0.15,0.01532476893001572,8,1,4,log_loss,1.0,random_over,0.4,,none,,0.17482148731369887,0.15824741570638953,0.10709762723740082,0.06713557492407998,0.07284169485230788,0.05019007635173399,0.1047235468978009,0.12430783568668699,0.027540715674313078,0.03638518598023569,0.02225535078804268,0.054453488587309834
imbalance_screen,s20|random_over|r=0.4|k=None|cal=none|folds=None,20,9618,2,240,60,38,9,0.37853331736015877,0.12204866277107078,0.7549019607843137,0.20494511783092614,0.15,0.05494511783092615,8,1,4,log_loss,1.0,random_over,0.4,,none,,0.1633264056941298,0.17050448843791152,0.10671820909987625,0.09076410959702678,0.07904916437253917,0.04742559847963981,0.0843093138420842,0.08657959551303265,0.04213690850492238,0.014378678884127815,0.06468950378097033,0.050118023793739336
imbalance_screen,s20|random_over|r=0.4|k=None|cal=none|folds=None,20,9618,3,240,60,38,9,0.3141166606392817,0.09438916488280616,0.8660130718954249,0.22640971572651836,0.15,0.07640971572651836,8,1,4,log_loss,1.0,random_over,0.4,,none,,0.12344998130969236,0.17387976814911907,0.09237013987977195,0.04636870693153756,0.07565563275167758,0.07312084188572626,0.10731027887222036,0.09579178385963041,0.06132428504008044,0.04058472373952296,0.05912705264592002,0.05101680493510104
imbalance_screen,s20|random_over|r=0.4|k=None|cal=none|folds=None,20,9618,4,240,60,37,10,0.37507964295909163,0.11223488591239658,0.77,0.19749138789632273,0.16666666666666666,0.03082472122965607,8,1,4,log_loss,1.0,random_over,0.4,,none,,0.16399495954772453,0.16598633827405382,0.10100153440905822,0.03664814340878877,0.07981835388036458,0.0630765970354035,0.09267652735084894,0.10316621056462652,0.06091064035916639,0.018773824573294438,0.06294088313659617,0.051005987460074086
imbalance_screen,s20|random_over|r=0.4|k=None|cal=none|folds=None,20,9618,5,240,60,37,10,0.3466732530157142,0.10894691305975067,0.824,0.22361043399595654,0.16666666666666666,0.05694376732928988,8,1,4,log_loss,1.0,random_over,0.4,,none,,0.13851971154923687,0.15725331355663905,0.09465517167958858,0.07343403141215779,0.07939273448658128,0.059885467014445866,0.10600978394206258,0.09621956651960964,0.033084468632255316,0.035927213108881445,0.04861499413964036,0.07700354395890123
imbalance_screen,s20|smote|r=0.2|k=2|cal=none|folds=None,20,9618,1,240,60,38,9,0.43051360625514784,0.1332083196897535,0.6383442265795207,0.1250515467183383,0.15,-0.024948453281661703,8,1,4,log_loss,1.0,smote,0.2,2.0,none,,0.14794554819010208,0.13829721638233938,0.10762688411373583,0.08406133142137172,0.08898156766673525,0.060993450494862905,0.09687796030546209,0.11865535536998664,0.02491656810665443,0.04103566835662788,0.033223618387581665,0.05738483120454004
imbalance_screen,s20|smote|r=0.2|k=2|cal=none|folds=None,20,9618,2,240,60,38,9,0.33650288303968534,0.10810838868387947,0.855119825708061,0.15902698606698826,0.15,0.009026986066988263,8,1,4,log_loss,1.0,smote,0.2,2.0,none,,0.15257852122742777,0.15487375774801618,0.09411592927452074,0.07944559688315558,0.07954228034741688,0.05338996366409949,0.09826091419667365,0.10016096228933669,0.04582665926724811,0.023032657371948952,0.06006440514485014,0.05870835258530571
imbalance_screen,s20|smote|r=0.2|k=2|cal=none|folds=None,20,9618,3,240,60,38,9,0.29375735869516184,0.08713279691710178,0.8594771241830066,0.18275456692768247,0.15,0.03275456692768247,8,1,4,log_loss,1.0,smote,0.2,2.0,none,,0.14751199068095458,0.13548960780504346,0.10756213959621815,0.05409602443002648,0.07698097071077654,0.07983094685287594,0.10880475066296004,0.09299127510215083,0.0603776482194312,0.028569352064255208,0.05369262370354894,0.054092670171758735
imbalance_screen,s20|smote|r=0.2|k=2|cal=none|folds=None,20,9618,4,240,60,37,10,0.38871265635753666,0.11569964506053101,0.7340000000000001,0.16563361457465714,0.16666666666666666,-0.0010330520920095176,8,1,4,log_loss,1.0,smote,0.2,2.0,none,,0.14052858492903034,0.13417783118730203,0.10024022614396644,0.05661661656169054,0.10856425084175342,0.0646828952739489,0.09682886551935295,0.09545146858036614,0.052284396853427596,0.019199956935626785,0.0732152478185834,0.05820965935495139
imbalance_screen,s20|smote|r=0.2|k=2|cal=none|folds=None,20,9618,5,240,60,37,10,0.35536467165945973,0.11207841959336255,0.81,0.17915584557057457,0.16666666666666666,0.01248917890390791,8,1,4,log_loss,1.0,smote,0.2,2.0,none,,0.1262572406149756,0.14737033838623712,0.08736075309141404,0.07716697527028771,0.095579867109894,0.06044236339382854,0.10282938649432302,0.09328044239324376,0.0371153318717575,0.03613802542494717,0.06015955467542602,0.07629972127366556
imbalance_screen,s20|smote|r=0.2|k=3|cal=none|folds=None,20,9618,1,240,60,38,9,0.4502764987247226,0.13837412465031368,0.5904139433551198,0.12349356632144591,0.15,-0.026506433678554084,8,1,4,log_loss,1.0,smote,0.2,3.0,none,,0.1516750265730668,0.14204852258114709,0.10319822585133426,0.08173610510276692,0.08993227338498208,0.060076024747921467,0.10551285610443337,0.11742349043514307,0.02493402721143513,0.04163613820528487,0.030939807910803054,0.050887501891681924
imbalance_screen,s20|smote|r=0.2|k=3|cal=none|folds=None,20,9618,2,240,60,38,9,0.3387882644839896,0.10845112573887161,0.8464052287581699,0.16197557621824332,0.15,0.011975576218243328,8,1,4,log_loss,1.0,smote,0.2,3.0,none,,0.1417184936640543,0.15655905648252696,0.09472334824899947,0.08509689318733164,0.0779137745293109,0.05047792816225722,0.09732663723843225,0.09169371045521674,0.05948311150529501,0.022656065129472585,0.059165326796648716,0.06318565460045424
imbalance_screen,s20|smote|r=0.2|k=3|cal=none|folds=None,20,9618,3,240,60,38,9,0.2947225305436517,0.08758012172965508,0.8485838779956427,0.18334528323517466,0.15,0.03334528323517466,8,1,4,log_loss,1.0,smote,0.2,3.0,none,,0.1347156388975684,0.14127627951528052,0.11826394962733144,0.06128288621617792,0.0783615954406316,0.08291681480003692,0.10878904583889745,0.0953424274217286,0.050851256476041766,0.02769016043634269,0.049072068956004335,0.05143787637395857
imbalance_screen,s20|smote|r=0.2|k=3|cal=none|folds=None,20,9618,4,240,60,37,10,0.39294534422012983,0.11629678093399415,0.742,0.17606609423637345,0.16666666666666666,0.009399427569706797,8,1,4,log_loss,1.0,smote,0.2,3.0,none,,0.14875791252404125,0.13264837490352552,0.10136211057620671,0.05027648472945628,0.1133037989513842,0.06811174026581128,0.09656152997214415,0.08849591287221781,0.03751735956865859,0.02286037672307135,0.08083009407187461,0.05927430484160826
imbalance_screen,s20|smote|r=0.2|k=3|cal=none|folds=None,20,9618,5,240,60,37,10,0.35463526270682666,0.11156609066358171,0.792,0.17630541920225362,0.16666666666666666,0.009638752535586964,8,1,4,log_loss,1.0,smote,0.2,3.0,none,,0.13521202106298882,0.14419836443779158,0.08903494937547536,0.08221062151337213,0.09004876005284398,0.06009083511071593,0.1011204697995786,0.10116136722490003,0.03787802974177191,0.033979328601127776,0.05413482914765203,0.0709304239317819
imbalance_screen,s20|smote|r=0.2|k=4|cal=none|folds=None,20,9618,1,240,60,38,9,0.42967026516297796,0.13291965969629652,0.644880174291939,0.12341582175022546,0.15,-0.026584178249774534,8,1,4,log_loss,1.0,smote,0.2,4.0,none,,0.14759750641561153,0.13841422495986835,0.10503109002973054,0.0843798749670474,0.08830177011227874,0.05982316366010576,0.10011218806092037,0.1177032506074439,0.025403029858304612,0.04292896417149328,0.034259220791930535,0.05604571636526483
imbalance_screen,s20|smote|r=0.2|k=4|cal=none|folds=None,20,9618,2,240,60,38,9,0.33948272578288957,0.10817244018884803,0.8355119825708062,0.16426807830117832,0.15,0.014268078301178322,8,1,4,log_loss,1.0,smote,0.2,4.0,none,,0.1301026960149079,0.17169329206460895,0.09994773864045467,0.08136178109532534,0.07838769956746851,0.05239027520094738,0.09700853924127469,0.08869828597378633,0.050253318091770374,0.0255488996914559,0.0575821472085076,0.06702532720949224
imbalance_screen,s20|smote|r=0.2|k=4|cal=none|folds=None,20,9618,3,240,60,38,9,0.2825822122537224,0.08291653780053916,0.8660130718954248,0.17832361377680722,0.15,0.028323613776807227,8,1,4,log_loss,1.0,smote,0.2,4.0,none,,0.13643059558195225,0.14386204658936894,0.10875383526254195,0.06340908726486622,0.08450166360791461,0.08190711429657269,0.1121572605027753,0.08819785874082293,0.04609515304527496,0.02728014684798977,0.05156764275805046,0.05583759550186993
imbalance_screen,s20|smote|r=0.2|k=4|cal=none|folds=None,20,9618,4,240,60,37,10,0.396038425757993,0.11565292304053525,0.726,0.1656853195012882,0.16666666666666666,-0.0009813471653784545,8,1,4,log_loss,1.0,smote,0.2,4.0,none,,0.1499760812755009,0.1499158073417876,0.10123645433946213,0.04680113464020814,0.10518077054656513,0.06111962727381882,0.10246426189040683,0.090909395185057,0.03789380126704401,0.022773780796502066,0.07895427741271983,0.05277460803092749
imbalance_screen,s20|smote|r=0.2|k=4|cal=none|folds=None,20,9618,5,240,60,37,10,0.3541507713362931,0.11147608120919221,0.794,0.17500527879669406,0.16666666666666666,0.0083386121300274,8,1,4,log_loss,1.0,smote,0.2,4.0,none,,0.13901458559359353,0.14666515286350676,0.09211230800130758,0.08835048788744666,0.07814408354546955,0.059518002494780634,0.09641868059726695,0.09459746375237463,0.03677737561813271,0.031909345545736476,0.06241718410954271,0.07407532999084189
imbalance_screen,s20|smote|r=0.3|k=2|cal=none|folds=None,20,9618,1,240,60,38,9,0.44579607154115214,0.1411182637493609,0.6187363834422658,0.15145486364925745,0.15,0.001454863649257454,8,1,4,log_loss,1.0,smote,0.3,2.0,none,,0.14802806607063582,0.1576672885895322,0.11411677290656354,0.08877174704319726,0.0667749372823325,0.049510350679607,0.10597707499958264,0.0968460100902444,0.03302746792055424,0.052031116316006126,0.027423332827108446,0.05982583527463587
imbalance_screen,s20|smote|r=0.3|k=2|cal=none|folds=None,20,9618,2,240,60,38,9,0.3544345619453851,0.11214026012902263,0.8115468409586056,0.1856775755111035,0.15,0.03567757551110351,8,1,4,log_loss,1.0,smote,0.3,2.0,none,,0.15725001957680235,0.1565820667191408,0.08565252812299878,0.08108994025659842,0.07530595494175779,0.055950573140866156,0.0916025607314655,0.10505416659291354,0.06322752752144646,0.028907677555510238,0.06016691037112603,0.039210074469373905
imbalance_screen,s20|smote|r=0.3|k=2|cal=none|folds=None,20,9618,3,240,60,38,9,0.30056665186336085,0.09165742663939233,0.8681917211328977,0.20617858236789885,0.15,0.056178582367898855,8,1,4,log_loss,1.0,smote,0.3,2.0,none,,0.14886010539201092,0.130769734143533,0.10674976705464323,0.06533693094979469,0.074462516576035,0.06692699738294236,0.10594277623124798,0.08350121907709716,0.06192678928279985,0.046969537778415504,0.05539868300570378,0.05315494312577662
imbalance_screen,s20|smote|r=0.3|k=2|cal=none|folds=None,20,9618,4,240,60,37,10,0.3781986346020954,0.1129772440632471,0.766,0.19378195598810743,0.16666666666666666,0.027115289321440778,8,1,4,log_loss,1.0,smote,0.3,2.0,none,,0.15506065019211435,0.15352031115788975,0.08817919333871069,0.05211180598951489,0.09950988498800875,0.06103033157560128,0.09808463989010638,0.08312614186058946,0.07284136969868799,0.029435817684758954,0.06544889692353721,0.041650956700480385
imbalance_screen,s20|smote|r=0.3|k=2|cal=none|folds=None,20,9618,5,240,60,37,10,0.34789681961650026,0.11025388965306275,0.834,0.2007490291242219,0.16666666666666666,0.03408236245755525,8,1,4,log_loss,1.0,smote,0.3,2.0,none,,0.11726916063039504,0.16207341914399243,0.09856558069813964,0.06207363410817037,0.10278228084752175,0.061211375678723465,0.10331818430182486,0.0916153721155963,0.033580058482096546,0.06799610381179617,0.0528169762005951,0.04669785398114837
imbalance_screen,s20|smote|r=0.3|k=3|cal=none|folds=None,20,9618,1,240,60,38,9,0.4616721818845729,0.1450247303504735,0.5773420479302832,0.14409199447655296,0.15,-0.00590800552344703,8,1,4,log_loss,1.0,smote,0.3,3.0,none,,0.13836849120139325,0.1453237751304803,0.12597550036359045,0.08744195657249337,0.07216460493406181,0.05333581805432392,0.09857610302036228,0.09488162576721482,0.024773485829939105,0.07347320711885053,0.02764636205099347,0.058039069956296825
imbalance_screen,s20|smote|r=0.3|k=3|cal=none|folds=None,20,9618,2,240,60,38,9,0.34683006303091474,0.11117983070926597,0.8485838779956427,0.18250368744031997,0.15,0.03250368744031998,8,1,4,log_loss,1.0,smote,0.3,3.0,none,,0.14957923028112188,0.1493387338642031,0.10173947033868425,0.08881837650833603,0.06262841406465668,0.050395452704047265,0.09672047410607254,0.0952210606377817,0.08066406143586027,0.02353039519877037,0.06153155164715048,0.039832779213315524
imbalance_screen,s20|smote|r=0.3|k=3|cal=none|folds=None,20,9618,3,240,60,38,9,0.2994822103946548,0.08830760382550025,0.8616557734204794,0.2055910750139482,0.15,0.055591075013948194,8,1,4,log_loss,1.0,smote,0.3,3.0,none,,0.1276630468494839,0.15575952044000804,0.10146327364909732,0.052396447068552114,0.07771394144314897,0.07687833758304756,0.11406695337409609,0.09038156289761455,0.04935030238627241,0.04644738818696733,0.05479913515817041,0.05308009096354148
imbalance_screen,s20|smote|r=0.3|k=3|cal=none|folds=None,20,9618,4,240,60,37,10,0.3895883590715134,0.11994116224777361,0.752,0.18807350484721663,0.16666666666666666,0.021406838180549975,8,1,4,log_loss,1.0,smote,0.3,3.0,none,,0.1467656258717703,0.11376052653796784,0.14164375518108036,0.047545647188214656,0.10154368726585539,0.06572362560940084,0.09130610487147318,0.08981713435088044,0.0477335157638834,0.03649820061281707,0.06471330049244682,0.05294887625420967
imbalance_screen,s20|smote|r=0.3|k=3|cal=none|folds=None,20,9618,5,240,60,37,10,0.3533489861772371,0.11205642412959543,0.808,0.19678948211285807,0.16666666666666666,0.030122815446191414,8,1,4,log_loss,1.0,smote,0.3,3.0,none,,0.11507251338435644,0.1483274276071339,0.10232627252851281,0.07908379637880279,0.09495631976119573,0.06154199768145072,0.09017311881333206,0.09440258240622783,0.07348262568279836,0.05139955468996227,0.044100463211946446,0.04513332785428071
imbalance_screen,s20|smote|r=0.3|k=4|cal=none|folds=None,20,9618,1,240,60,38,9,0.4306677853872835,0.1358107418515666,0.6579520697167756,0.1422452608465307,0.15,-0.007754739153469303,8,1,4,log_loss,1.0,smote,0.3,4.0,none,,0.12390399362658643,0.11978060800040323,0.14859358994708563,0.09612416050628453,0.09489194909423392,0.043585438745228106,0.08499951321239699,0.1177926358047954,0.0316053314118808,0.05464068285224387,0.03042496823420251,0.053657128564658554
imbalance_screen,s20|smote|r=0.3|k=4|cal=none|folds=None,20,9618,2,240,60,38,9,0.34764847905363633,0.11066604821652351,0.8224400871459696,0.1835156702399928,0.15,0.0335156702399928,8,1,4,log_loss,1.0,smote,0.3,4.0,none,,0.1255607752382951,0.16059497021504787,0.09913970738741106,0.08357492052406373,0.06973342599421913,0.05711349383951707,0.08590214664980535,0.08911730541162688,0.08403716641735719,0.0416000602922105,0.05455061257215806,0.04907541545828811
imbalance_screen,s20|smote|r=0.3|k=4|cal=none|folds=None,20,9618,3,240,60,38,9,0.3063520693126304,0.09264630990783924,0.8638344226579522,0.20247414033575445,0.15,0.052474140335754454,8,1,4,log_loss,1.0,smote,0.3,4.0,none,,0.13109433147884697,0.13803964897601528,0.1331845515537646,0.05397453977848141,0.07211101744994797,0.0801430736613503,0.11224293573932624,0.08390164683439012,0.0576846927362101,0.039322742780542985,0.05136036639866551,0.046940452612458466
imbalance_screen,s20|smote|r=0.3|k=4|cal=none|folds=None,20,9618,4,240,60,37,10,0.3952971116659605,0.11957803926257285,0.738,0.1840789856217078,0.16666666666666666,0.01741231895504114,8,1,4,log_loss,1.0,smote,0.3,4.0,none,,0.12769923447018866,0.15215032764808772,0.1065525216852472,0.03990290984437256,0.11387864789783049,0.06055561905979398,0.08727412897216132,0.08989495390256065,0.0581159696723707,0.03165320634990795,0.0772742151901121,0.0550482653073666
imbalance_screen,s20|smote|r=0.3|k=4|cal=none|folds=None,20,9618,5,240,60,37,10,0.35178344666035416,0.11311922425779448,0.8180000000000001,0.19276806525247883,0.16666666666666666,0.026101398585812174,8,1,4,log_loss,1.0,smote,0.3,4.0,none,,0.1364101411563335,0.16265234266433234,0.08893767888144231,0.08431946701737206,0.07550635026971166,0.05669222083640239,0.09875861916672711,0.092805437638667,0.04336870027855976,0.05342826795354418,0.06083580803263589,0.04628496610427189
imbalance_screen,s20|smote|r=0.4|k=2|cal=none|folds=None,20,9618,1,240,60,38,9,0.4471301013598642,0.14578264191019072,0.6296296296296297,0.17314203849871584,0.15,0.02314203849871585,8,1,4,log_loss,1.0,smote,0.4,2.0,none,,0.14350525640964837,0.15007831293669158,0.14568609889944684,0.0900295117101208,0.060302664306467954,0.045217524000228354,0.10274425923509369,0.08788938598433087,0.035154816060276595,0.05733985012637114,0.022589532786354467,0.059462787544969344
imbalance_screen,s20|smote|r=0.4|k=2|cal=none|folds=None,20,9618,2,240,60,38,9,0.3671145193764771,0.11844714704038756,0.7919389978213508,0.20341446002596222,0.15,0.05341446002596223,8,1,4,log_loss,1.0,smote,0.4,2.0,none,,0.12010841622095825,0.18097879393327165,0.09280881677920862,0.07048137427013343,0.07014684225384686,0.05371313939257113,0.08315714750702863,0.08359402929382222,0.10634473755612654,0.03896445241076999,0.06163100827113986,0.03807124211112292
imbalance_screen,s20|smote|r=0.4|k=2|cal=none|folds=None,20,9618,3,240,60,38,9,0.3122248904905955,0.0939802598942999,0.8485838779956426,0.22236908564299943,0.15,0.07236908564299943,8,1,4,log_loss,1.0,smote,0.4,2.0,none,,0.148577462746213,0.13183352741179888,0.10059987221742198,0.08429889499702535,0.07101330987361576,0.07226578074830935,0.10559103935605132,0.08611798516408388,0.07138395363137415,0.041243868769792635,0.047143793338983137,0.03993051174533051
imbalance_screen,s20|smote|r=0.4|k=2|cal=none|folds=None,20,9618,4,240,60,37,10,0.37346011400751894,0.11769308203544739,0.7859999999999999,0.20318741432626483,0.16666666666666666,0.036520747659598174,8,1,4,log_loss,1.0,smote,0.4,2.0,none,,0.12271641379456327,0.1496827489472312,0.09718001195710835,0.052841704351682485,0.09787715727982513,0.06612805647328103,0.09950553379314549,0.08217938889774563,0.07689468761607582,0.03798005073427612,0.07564612425013267,0.04136812190493268
imbalance_screen,s20|smote|r=0.4|k=2|cal=none|folds=None,20,9618,5,240,60,37,10,0.34704054280037905,0.10988165925850851,0.8400000000000001,0.21336143578758168,0.16666666666666666,0.046694769120915025,8,1,4,log_loss,1.0,smote,0.4,2.0,none,,0.11170376270587848,0.16182193772061107,0.11023516409288867,0.0626120751086329,0.08950696695279706,0.060413759091929975,0.10365008272985185,0.08306843873359912,0.03698895424911572,0.07325038858445443,0.06103902283133396,0.04570944719890685
imbalance_screen,s20|smote|r=0.4|k=3|cal=none|folds=None,20,9618,1,240,60,38,9,0.4451353345089457,0.13930490841301651,0.6274509803921569,0.16790998435063614,0.15,0.01790998435063615,8,1,4,log_loss,1.0,smote,0.4,3.0,none,,0.14629895343351254,0.14350532438143912,0.11441105677044831,0.07436286536346998,0.07330112583537485,0.052349784907504845,0.09121737027278527,0.09597283565028752,0.03323374391316779,0.08948867488220158,0.024828151637640704,0.06103011295216739
imbalance_screen,s20|smote|r=0.4|k=3|cal=none|folds=None,20,9618,2,240,60,38,9,0.3647235366227891,0.11577423775903233,0.7984749455337691,0.21114508368151744,0.15,0.06114508368151744,8,1,4,log_loss,1.0,smote,0.4,3.0,none,,0.12835101212757274,0.1604071521916698,0.11488033260469374,0.09735660180790243,0.06390656403042355,0.046046908265312644,0.09340983311826935,0.08734017698502282,0.08383934105255084,0.03017010526861824,0.05545830049008226,0.03883367205788155
imbalance_screen,s20|smote|r=0.4|k=3|cal=none|folds=None,20,9618,3,240,60,38,9,0.30723104680439023,0.09134058273627917,0.8572984749455338,0.2159844688464301,0.15,0.06598446884643011,8,1,4,log_loss,1.0,smote,0.4,3.0,none,,0.12250645559829826,0.15090517414301577,0.10181386255696961,0.053880245498682235,0.08027706091908385,0.07848311046095503,0.11110110061627879,0.08774684982391211,0.054451532109433716,0.051535124921862595,0.055923874256432,0.0513756090950761
imbalance_screen,s20|smote|r=0.4|k=3|cal=none|folds=None,20,9618,4,240,60,37,10,0.38027856997612136,0.11811118235488492,0.774,0.20000575715495686,0.16666666666666666,0.0333390904882902,8,1,4,log_loss,1.0,smote,0.4,3.0,none,,0.13846465839935457,0.13140907305615102,0.14499366899033977,0.0441924289736061,0.0979050853260452,0.060833398934499745,0.09194068925209181,0.08322158517539847,0.05733576500020225,0.04958004285408619,0.061523281160574116,0.03860032287765067
imbalance_screen,s20|smote|r=0.4|k=3|cal=none|folds=None,20,9618,5,240,60,37,10,0.3536199991850088,0.11171865257401874,0.818,0.21419588716730004,0.16666666666666666,0.04752922050063338,8,1,4,log_loss,1.0,smote,0.4,3.0,none,,0.1130299687551996,0.1571306704562016,0.12144762949287016,0.08861585168763081,0.0839526680676524,0.057258447572812926,0.08180955583889099,0.08037327438359194,0.054500095597217,0.06681958546082527,0.053359332046317334,0.041702920640789835
imbalance_screen,s20|smote|r=0.4|k=4|cal=none|folds=None,20,9618,1,240,60,38,9,0.4482475907540031,0.14203519641259824,0.6078431372549019,0.15904760465635948,0.15,0.009047604656359481,8,1,4,log_loss,1.0,smote,0.4,4.0,none,,0.1207366955447535,0.1345452358845942,0.15365034137734496,0.07853249084660889,0.08179930732845271,0.046822440146816385,0.08664728584607544,0.11628222828445367,0.034590769876391314,0.059934668846447936,0.02741337780274614,0.059045158215315016
imbalance_screen,s20|smote|r=0.4|k=4|cal=none|folds=None,20,9618,2,240,60,38,9,0.3533004641583275,0.11375175030784317,0.8180827886710239,0.20399576855363807,0.15,0.05399576855363808,8,1,4,log_loss,1.0,smote,0.4,4.0,none,,0.14016214643199545,0.14712012927982934,0.10295301710661656,0.08164406149265341,0.06667701546297647,0.052394100469368494,0.09678787744234267,0.09195190673919099,0.0599672609561803,0.06449074182664588,0.05454117243841335,0.041310570353787164
imbalance_screen,s20|smote|r=0.4|k=4|cal=none|folds=None,20,9618,3,240,60,38,9,0.3372464528650711,0.10340861488149262,0.826797385620915,0.22036376529977406,0.15,0.07036376529977406,8,1,4,log_loss,1.0,smote,0.4,4.0,none,,0.14217670389396866,0.13717626370149602,0.12152563814950232,0.05765319823237767,0.06983541110183004,0.07425703129383249,0.11161583107868354,0.07960205127084877,0.05823753728822542,0.0612315423872276,0.043536514104850356,0.043152277497157304
imbalance_screen,s20|smote|r=0.4|k=4|cal=none|folds=None,20,9618,4,240,60,37,10,0.4125017427935127,0.12842146930750428,0.734,0.20564963748933135,0.16666666666666666,0.03898297082266469,8,1,4,log_loss,1.0,smote,0.4,4.0,none,,0.12240493560188735,0.14985039558741592,0.11197388385883128,0.048143790992129704,0.09001304865241413,0.05770418922275772,0.09010776044802782,0.0876082727969683,0.0669467596436711,0.036671318810804474,0.0927239224315591,0.04585172195353312
imbalance_screen,s20|smote|r=0.4|k=4|cal=none|folds=None,20,9618,5,240,60,37,10,0.35317444412817933,0.11330303359093029,0.8160000000000001,0.208608370863856,0.16666666666666666,0.041941704197189345,8,1,4,log_loss,1.0,smote,0.4,4.0,none,,0.1370895875674704,0.16161449542829576,0.10799750566420659,0.07550647516578153,0.06456044654732773,0.05499007406233615,0.09612072625091014,0.09216713573653264,0.05755909910936673,0.05960468960141426,0.049532732069833475,0.04325703279652462
imbalance_screen,s20|smote|r=0.7|k=10|cal=none|folds=None,20,9618,1,240,60,38,9,0.4565409123191956,0.1504840955068741,0.6274509803921569,0.20094307108606066,0.15,0.050943071086060665,8,1,4,log_loss,1.0,smote,0.7,10.0,none,,0.1160338780090435,0.14614282210060991,0.11779485615487952,0.07341191037359525,0.05786934857535868,0.039199895660707626,0.08595815419048483,0.08429083579037895,0.062479874400974675,0.11829445223776677,0.03324109196532878,0.06528288054087153
imbalance_screen,s20|smote|r=0.7|k=10|cal=none|folds=None,20,9618,2,240,60,38,9,0.4066335381667354,0.13369771265200683,0.7636165577342048,0.24147439928790507,0.15,0.09147439928790507,8,1,4,log_loss,1.0,smote,0.7,10.0,none,,0.1149201424634364,0.1425589617488345,0.08090820456088925,0.08029086095488946,0.04655660195433146,0.03734033288200178,0.08124826399518406,0.0591169940073056,0.15835836036306533,0.10256688953041325,0.06601199516822961,0.030122392371419407
imbalance_screen,s20|smote|r=0.7|k=10|cal=none|folds=None,20,9618,3,240,60,38,9,0.34289223049097584,0.10594757732970814,0.8464052287581699,0.2536214266868518,0.15,0.10362142668685179,8,1,4,log_loss,1.0,smote,0.7,10.0,none,,0.0807775103902738,0.13487660114085287,0.11862684020176298,0.07289199725377518,0.06993288757005918,0.0640631312509171,0.08699376075423702,0.06575459759697051,0.06086507254879053,0.1681229209609319,0.041997386409962284,0.03509729392146674
imbalance_screen,s20|smote|r=0.7|k=10|cal=none|folds=None,20,9618,4,240,60,37,10,0.4314459739105599,0.1392970528231829,0.742,0.22647503955528905,0.16666666666666666,0.059808372888622396,8,1,4,log_loss,1.0,smote,0.7,10.0,none,,0.12287225052649467,0.14102424377851494,0.09647456839613208,0.05227498177868037,0.07884848690682475,0.04966658945918064,0.06937658522060473,0.061512231424095454,0.15044692842356047,0.03547422834408793,0.11111700846648523,0.030911897275338683
imbalance_screen,s20|smote|r=0.7|k=10|cal=none|folds=None,20,9618,5,240,60,37,10,0.3622498467611308,0.11612820506904484,0.828,0.23584579165120376,0.16666666666666666,0.0691791249845371,8,1,4,log_loss,1.0,smote,0.7,10.0,none,,0.10359236970468075,0.1359077777007648,0.0761341041180734,0.07283015592819914,0.050182349015976215,0.05362146369822446,0.07870770352907928,0.0748720830181822,0.15581847198833915,0.08417114369616013,0.08016326581256654,0.03399911178975394
imbalance_screen,s53|none|r=None|k=None|cal=none|folds=None,53,9618,1,240,60,38,9,0.42850076737831455,0.13379204573055184,0.616557734204793,0.12581041860100686,0.15,-0.024189581398993132,12,5,4,log_loss,0.7,none,,,none,,0.15265937076151775,0.14077567779427483,0.1176739516554537,0.061591833993882204,0.07736511933027185,0.060076103075609934,0.09013532633861922,0.15151094538423057,0.023013047117666406,0.049498015906064216,0.02408847583909085,0.051612132803318514
imbalance_screen,s53|none|r=None|k=None|cal=none|folds=None,53,9618,2,240,60,38,9,0.34809775060409687,0.1089806620439976,0.8442265795206972,0.1689368784735503,0.15,0.0189368784735503,12,5,4,log_loss,0.7,none,,,none,,0.1536243993321289,0.15803707144940615,0.09339155553160094,0.06886117077043817,0.07242903049738933,0.05841570400359739,0.09694278022389188,0.11013022238314055,0.055182038509104345,0.03206097621904607,0.05102473670980964,0.04990031437044676
imbalance_screen,s53|none|r=None|k=None|cal=none|folds=None,53,9618,3,240,60,38,9,0.30646916049931155,0.08998838431952622,0.8594771241830066,0.1664622397591515,0.15,0.01646223975915151,12,5,4,log_loss,0.7,none,,,none,,0.14253251698405806,0.1472277291305965,0.08759703428972487,0.04619544091583956,0.08787374661644014,0.0785657267054385,0.10733016618295309,0.11619315696740433,0.04921721458851156,0.03409323539345287,0.050654451974189746,0.052519580251390786
imbalance_screen,s53|none|r=None|k=None|cal=none|folds=None,53,9618,4,240,60,37,10,0.381160107895296,0.11378174098231292,0.768,0.1566617456554765,0.16666666666666666,-0.01000492101119016,12,5,4,log_loss,0.7,none,,,none,,0.15055944823273293,0.16120365981549387,0.10239067694825794,0.03345797769477977,0.09939094033150328,0.06276623265220066,0.09885318581677655,0.10137585736737176,0.05302892756434842,0.019531557454998228,0.06836389404896218,0.04907764207257458
imbalance_screen,s53|none|r=None|k=None|cal=none|folds=None,53,9618,5,240,60,37,10,0.3456298014905838,0.10937399030343939,0.838,0.16504538984421727,0.16666666666666666,-0.0016212768224493912,12,5,4,log_loss,0.7,none,,,none,,0.14165966997898483,0.166070856061343,0.1000954381974213,0.050587253774872616,0.07975119992156918,0.06520325749810098,0.10714541780307404,0.11790320777060785,0.03282131870580621,0.036916949879305216,0.05530973717329697,0.046535693235617945
imbalance_screen,s53|balanced|r=None|k=None|cal=none|folds=None,53,9618,1,240,60,38,9,0.445480825588691,0.14705307961641584,0.644880174291939,0.2094890107198528,0.15,0.0594890107198528,12,5,4,log_loss,0.7,balanced,,,none,,0.1556181307330489,0.1607011904269363,0.09636180705430511,0.05639187621215555,0.06759859212791315,0.05396388817296206,0.08122396896613912,0.14981089561137717,0.029009637926421278,0.05544418001684008,0.024225335532317968,0.06965049721958319
imbalance_screen,s53|balanced|r=None|k=None|cal=none|folds=None,53,9618,2,240,60,38,9,0.4067730618620196,0.12981614495719035,0.7810457516339869,0.27202724643269,0.15,0.12202724643269,12,5,4,log_loss,0.7,balanced,,,none,,0.1546924411629466,0.19446636835123382,0.0678313121941711,0.06571067124900935,0.0653330073666738,0.06008647249415547,0.09788872169232174,0.10322825719397204,0.04835366022666992,0.035272642064763465,0.054664818058547233,0.0524716279455354
imbalance_screen,s53|balanced|r=None|k=None|cal=none|folds=None,53,9618,3,240,60,38,9,0.35114755299014977,0.10408172780459354,0.8572984749455338,0.27186253385513776,0.15,0.12186253385513776,12,5,4,log_loss,0.7,balanced,,,none,,0.14707527684517932,0.1730283105067993,0.07335735211556103,0.05639578591129584,0.0814330682448247,0.07393685747353348,0.10041266711379938,0.11889731604339283,0.037737230921761816,0.03596217935642876,0.04898270162616664,0.05278125384125694
imbalance_screen,s53|balanced|r=None|k=None|cal=none|folds=None,53,9618,4,240,60,37,10,0.3954056674368652,0.12266211304826281,0.782,0.25984776286085715,0.16666666666666666,0.09318109619419049,12,5,4,log_loss,0.7,balanced,,,none,,0.161051799834799,0.18857103901495756,0.08941983819096652,0.03451313583972928,0.09700308855168466,0.0596926634305764,0.09970793164833022,0.09757470777396071,0.0454443567962288,0.021005943961741845,0.0581421216564279,0.0478733733005972
imbalance_screen,s53|balanced|r=None|k=None|cal=none|folds=None,53,9618,5,240,60,37,10,0.3787461069999439,0.11867242135435371,0.842,0.27323401144120657,0.16666666666666666,0.10656734477453991,12,5,4,log_loss,0.7,balanced,,,none,,0.15306428832932498,0.18542388934780885,0.08523278448124563,0.04709280452256566,0.08155199113362693,0.06682357026883401,0.10361181950237797,0.10945828503751925,0.030207910466228192,0.03783885016112989,0.048578633035089185,0.05111517371424956
imbalance_screen,s53|balanced_subsample|r=None|k=None|cal=none|folds=None,53,9618,1,240,60,38,9,0.4494599424684018,0.14892656199254775,0.6405228758169934,0.20833211003287627,0.15,0.05833211003287628,12,5,4,log_loss,0.7,balanced_subsample,,,none,,0.1554300737706457,0.166964936221984,0.09560242404865603,0.05662479312062529,0.06689735573375538,0.05315102554800582,0.0816265192063114,0.14779518031681782,0.030023681860934143,0.05496366721176883,0.023924897610290492,0.0669954453502052
imbalance_screen,s53|balanced_subsample|r=None|k=None|cal=none|folds=None,53,9618,2,240,60,38,9,0.4058377010274764,0.12910198376362553,0.789760348583878,0.2726133335074626,0.15,0.12261333350746259,12,5,4,log_loss,0.7,balanced_subsample,,,none,,0.15899845089145406,0.19356691187589264,0.06665197981182812,0.06621050748475754,0.06343134031115828,0.06099959062619132,0.09662942871934631,0.10201292816120204,0.0495126596376191,0.0344587035808607,0.05498938829760956,0.05253811060208031
imbalance_screen,s53|balanced_subsample|r=None|k=None|cal=none|folds=None,53,9618,3,240,60,38,9,0.35239689421659953,0.10454591400671313,0.855119825708061,0.27289695190367713,0.15,0.12289695190367714,12,5,4,log_loss,0.7,balanced_subsample,,,none,,0.1448277570731425,0.17302475371962767,0.07285338582735344,0.054781387803907226,0.08088937534970907,0.07750425444026132,0.10365056379081682,0.11583903691943895,0.03848433215313924,0.03557774530081626,0.04842406058857922,0.054143347033208444
imbalance_screen,s53|balanced_subsample|r=None|k=None|cal=none|folds=None,53,9618,4,240,60,37,10,0.396282586965035,0.12298652795873452,0.79,0.26039727947818364,0.16666666666666666,0.09373061281151698,12,5,4,log_loss,0.7,balanced_subsample,,,none,,0.1585503302198333,0.1901434219393573,0.09104912624657795,0.03437104766029125,0.09533018418373078,0.05882862276355582,0.10148268615730542,0.09770263781987544,0.04482363786099105,0.020667643144241764,0.058446959161264515,0.04860370284297559
imbalance_screen,s53|balanced_subsample|r=None|k=None|cal=none|folds=None,53,9618,5,240,60,37,10,0.37460328186771485,0.11680049321003025,0.85,0.2732018305828644,0.16666666666666666,0.10653516391619774,12,5,4,log_loss,0.7,balanced_subsample,,,none,,0.15324874434385194,0.18426697680088783,0.08476188604870402,0.04636055160811551,0.07852143246890779,0.06796958120282312,0.10504788549077304,0.11099439293835192,0.032151808091473395,0.03858822006496881,0.04843953517855732,0.049648985762585154
imbalance_screen,s53|random_over|r=0.2|k=None|cal=none|folds=None,53,9618,1,240,60,38,9,0.4307660790390602,0.1350198360785064,0.607843137254902,0.1303582979761037,0.15,-0.019641702023896285,12,5,4,log_loss,0.7,random_over,0.2,,none,,0.15171670106864046,0.14881379690220484,0.12366373590196024,0.05107564162550903,0.07605749128005196,0.059051838116809315,0.09878582676590975,0.13377636665526768,0.023466115660159638,0.054666063330871026,0.024343973501210328,0.054582449191405764
imbalance_screen,s53|random_over|r=0.2|k=None|cal=none|folds=None,53,9618,2,240,60,38,9,0.3478021914808312,0.10909803362354874,0.8420479302832244,0.16797444898511077,0.15,0.017974448985110775,12,5,4,log_loss,0.7,random_over,0.2,,none,,0.15043704016179313,0.15350381539556682,0.10044585672543449,0.07746427332703762,0.06715937307893838,0.055921217972817946,0.09917228789339361,0.10635563686882536,0.0637084323370688,0.029184791561063687,0.05073871268289812,0.04590856199516207
imbalance_screen,s53|random_over|r=0.2|k=None|cal=none|folds=None,53,9618,3,240,60,38,9,0.30295971921335596,0.08907958741268303,0.8812636165577342,0.1697108337441425,0.15,0.01971083374414251,12,5,4,log_loss,0.7,random_over,0.2,,none,,0.14644632788686943,0.15896909141070242,0.08232082763137438,0.04386647783335407,0.08773816036944819,0.07725539961414382,0.10750365819304063,0.11059806758732596,0.043354225176836715,0.0326897339437963,0.05407717880171443,0.05518085155139372
imbalance_screen,s53|random_over|r=0.2|k=None|cal=none|folds=None,53,9618,4,240,60,37,10,0.37343995438494204,0.11073005681650253,0.754,0.16309932485514395,0.16666666666666666,-0.003567341811522712,12,5,4,log_loss,0.7,random_over,0.2,,none,,0.14610331631531875,0.1623117181542975,0.0966022740441461,0.03748785624594581,0.09589624765497072,0.05788908428754584,0.10212283119213628,0.1078332800784773,0.06472519099705937,0.018037243534221495,0.06149716252912264,0.04949379496675822
imbalance_screen,s53|random_over|r=0.2|k=None|cal=none|folds=None,53,9618,5,240,60,37,10,0.35424555975244026,0.11156863169492569,0.8220000000000001,0.17537617823524948,0.16666666666666666,0.008709511568582823,12,5,4,log_loss,0.7,random_over,0.2,,none,,0.13753472239599301,0.16634438249461295,0.10132136739566228,0.045025295895894164,0.08704231808344574,0.07012590543464522,0.10482627958373963,0.10914312732600982,0.03536347980252358,0.04108949678049993,0.05320894737180396,0.04897467743516964
imbalance_screen,s53|random_over|r=0.3|k=None|cal=none|folds=None,53,9618,1,240,60,38,9,0.4174914070813287,0.13381391208810978,0.6470588235294118,0.16162027765005324,0.15,0.011620277650053246,12,5,4,log_loss,0.7,random_over,0.3,,none,,0.1772250604157769,0.1524127405601285,0.12824686397483953,0.06279889377034215,0.06368377021345596,0.0495917924638069,0.09563476637868853,0.11584189793973224,0.02414832845790691,0.043319996494457017,0.028482965900976757,0.05861292342988846
imbalance_screen,s53|random_over|r=0.3|k=None|cal=none|folds=None,53,9618,2,240,60,38,9,0.37075929897450205,0.11628997792125323,0.8071895424836601,0.1995239330931939,0.15,0.04952393309319392,12,5,4,log_loss,0.7,random_over,0.3,,none,,0.15817328484495688,0.1624337395150654,0.08884600580476357,0.08814345849540471,0.06437564222181551,0.054582828809273135,0.09105453488760312,0.10685340877838821,0.05542526865922677,0.020571618189479914,0.06007355768174178,0.04946665211228093
imbalance_screen,s53|random_over|r=0.3|k=None|cal=none|folds=None,53,9618,3,240,60,38,9,0.3210817499048332,0.094067408268985,0.8594771241830065,0.20981664862385063,0.15,0.05981664862385064,12,5,4,log_loss,0.7,random_over,0.3,,none,,0.144962956218151,0.16046028507160737,0.10041336376532321,0.03561055589407284,0.08542879581405514,0.07723921102216146,0.09747760889910681,0.10173626263844263,0.04892913524948953,0.04218866142798551,0.05147369383776634,0.05407947016183839
imbalance_screen,s53|random_over|r=0.3|k=None|cal=none|folds=None,53,9618,4,240,60,37,10,0.36834507178921416,0.10848590484412418,0.7779999999999999,0.19444881823442584,0.16666666666666666,0.027782151567759178,12,5,4,log_loss,0.7,random_over,0.3,,none,,0.16096378294943306,0.1606440439002942,0.11804853660414225,0.028347356673631127,0.08853036532680567,0.05705290553404062,0.10055927112204052,0.10316331700525491,0.06539554482387716,0.017592642053582158,0.055959134059332165,0.04374309994756602
imbalance_screen,s53|random_over|r=0.3|k=None|cal=none|folds=None,53,9618,5,240,60,37,10,0.3455615927901959,0.10611184924122191,0.828,0.21698068444197702,0.16666666666666666,0.05031401777531036,12,5,4,log_loss,0.7,random_over,0.3,,none,,0.14683579600306848,0.1655132791587612,0.09757420080106313,0.0535103253982336,0.08850877397075739,0.06398469807739053,0.10442448782873225,0.1120756510220424,0.028010248687174128,0.034277415819850145,0.050082729858243434,0.05520239337468332
imbalance_screen,s53|random_over|r=0.4|k=None|cal=none|folds=None,53,9618,1,240,60,38,9,0.41854836361717523,0.13511968836232874,0.6623093681917211,0.19226701187973247,0.15,0.042267011879732475,12,5,4,log_loss,0.7,random_over,0.4,,none,,0.18842500899029663,0.16044215706399673,0.11077527913483884,0.06427069491708222,0.05636987473687199,0.051811210499963345,0.0986087625130843,0.1297970074405702,0.025608375274442177,0.042317728987923596,0.022263608283462702,0.049310292157467295
imbalance_screen,s53|random_over|r=0.4|k=None|cal=none|folds=None,53,9618,2,240,60,38,9,0.3808791540242105,0.1204191297475236,0.7766884531590414,0.22307358780867687,0.15,0.07307358780867687,12,5,4,log_loss,0.7,random_over,0.4,,none,,0.16709773363988917,0.16632834183282807,0.1054767840843109,0.09270699452254193,0.07275338237460546,0.04752835881309286,0.08784994625066302,0.0986665435412284,0.04057705092993449,0.016801193272042134,0.056690272607943175,0.047523398130920616
imbalance_screen,s53|random_over|r=0.4|k=None|cal=none|folds=None,53,9618,3,240,60,38,9,0.32911350439873577,0.09680457025089394,0.8616557734204793,0.23750061773022305,0.15,0.08750061773022305,12,5,4,log_loss,0.7,random_over,0.4,,none,,0.13161251972300192,0.1749691429915182,0.08599739265737437,0.03813956658519568,0.07511177676584739,0.07475932928863577,0.09929866090718602,0.09526513667628063,0.0623661377191093,0.046924544847365864,0.059047694718860594,0.05650809711962425
imbalance_screen,s53|random_over|r=0.4|k=None|cal=none|folds=None,53,9618,4,240,60,37,10,0.37757323545506355,0.11421599812353925,0.7680000000000001,0.22027488590394992,0.16666666666666666,0.05360821923728326,12,5,4,log_loss,0.7,random_over,0.4,,none,,0.17211157030338484,0.1739375070878484,0.10943705466646074,0.02887414843251186,0.07539537023799474,0.05690966931770169,0.09549581612460346,0.10555933114548115,0.06329014354472545,0.016653769602350977,0.05854686981385926,0.04378874972307754
imbalance_screen,s53|random_over|r=0.4|k=None|cal=none|folds=None,53,9618,5,240,60,37,10,0.35231841445928247,0.10961089738120719,0.8380000000000001,0.23678065402190407,0.16666666666666666,0.07011398735523741,12,5,4,log_loss,0.7,random_over,0.4,,none,,0.14500119144248438,0.16593942677626095,0.10460043747369477,0.06645609587272067,0.07523363986307703,0.06065516181509196,0.10691062849498922,0.10481824513767332,0.028625203504279887,0.035133657282870295,0.049340170445566676,0.05728614189129076
imbalance_screen,s53|smote|r=0.2|k=2|cal=none|folds=None,53,9618,1,240,60,38,9,0.42196236953299804,0.13254747879519993,0.6339869281045751,0.1313023740399321,0.15,-0.018697625960067882,12,5,4,log_loss,0.7,smote,0.2,2.0,none,,0.15316716236814115,0.13149097297406176,0.1056148538085781,0.06571201360608135,0.07868642961154446,0.06451692601275533,0.08941631334636647,0.1435528194416359,0.021016911969896943,0.056738700924382,0.026504041760623768,0.06358285417593287
imbalance_screen,s53|smote|r=0.2|k=2|cal=none|folds=None,53,9618,2,240,60,38,9,0.3518594557039536,0.11083410213091739,0.8376906318082789,0.17212003467378859,0.15,0.02212003467378859,12,5,4,log_loss,0.7,smote,0.2,2.0,none,,0.1642217478862396,0.1536888748314879,0.09145949980149247,0.06549112796005646,0.07424772378962083,0.053698126309069456,0.09642792841520223,0.12096956058893646,0.048913478854402045,0.029090851004246434,0.05048590053872081,0.051305180020525296
imbalance_screen,s53|smote|r=0.2|k=2|cal=none|folds=None,53,9618,3,240,60,38,9,0.3145062543051786,0.09297632582561911,0.8507625272331154,0.1741001689078895,0.15,0.02410016890788952,12,5,4,log_loss,0.7,smote,0.2,2.0,none,,0.15642997778509984,0.14163972214920822,0.08033379569688061,0.05184157673342958,0.07902925003141151,0.07271019977104194,0.10437228739176235,0.10749665994431126,0.06381703970916593,0.03836044585021195,0.051861422763000584,0.0521076221744764
imbalance_screen,s53|smote|r=0.2|k=2|cal=none|folds=None,53,9618,4,240,60,37,10,0.38646631292462175,0.11458627854280826,0.752,0.1615421910743196,0.16666666666666666,-0.00512447559234705,12,5,4,log_loss,0.7,smote,0.2,2.0,none,,0.15017722170674633,0.14690836356979,0.1016982006956244,0.039151448068585115,0.09806661135523219,0.06146007041727347,0.10023259902220465,0.09930560093645173,0.06524986443199574,0.01740082629490624,0.06983858426204681,0.05051060923914342
imbalance_screen,s53|smote|r=0.2|k=2|cal=none|folds=None,53,9618,5,240,60,37,10,0.35066761924628925,0.11022304273903503,0.846,0.1760839460659739,0.16666666666666666,0.009417279399307255,12,5,4,log_loss,0.7,smote,0.2,2.0,none,,0.12628850821839288,0.17240707657144713,0.09910098063608512,0.05632187675300458,0.08213650453151618,0.06602729815127795,0.10158635779962076,0.11633853140962475,0.031962017488828265,0.04088927829035727,0.05651530330123756,0.050426266848607675
imbalance_screen,s53|smote|r=0.2|k=3|cal=none|folds=None,53,9618,1,240,60,38,9,0.42520593350652924,0.13363509158199974,0.6274509803921569,0.13192764964739426,0.15,-0.018072350352605737,12,5,4,log_loss,0.7,smote,0.2,3.0,none,,0.15998499007143294,0.14199962473143318,0.10693361847316372,0.06452031453177165,0.07521724441814241,0.06099876987161706,0.0951174638483722,0.14557617689890295,0.020573878685994515,0.05499756589391188,0.022456487180715017,0.05162386539454252
imbalance_screen,s53|smote|r=0.2|k=3|cal=none|folds=None,53,9618,2,240,60,38,9,0.34933097222960974,0.10950844437504087,0.8420479302832243,0.1732429909479639,0.15,0.023242990947963893,12,5,4,log_loss,0.7,smote,0.2,3.0,none,,0.15653536150100048,0.15395627351324487,0.08896309853311417,0.0777676010707696,0.06831808504872197,0.05213539150282737,0.10078714251885794,0.10973462341863166,0.05960342472993408,0.03108684183028287,0.05037764209109261,0.050734514241522435
imbalance_screen,s53|smote|r=0.2|k=3|cal=none|folds=None,53,9618,3,240,60,38,9,0.3087541622264043,0.0907400256009677,0.8638344226579521,0.1705447224208254,0.15,0.020544722420825418,12,5,4,log_loss,0.7,smote,0.2,3.0,none,,0.14466090780125643,0.14696445492830562,0.09701630529151897,0.050313358322325114,0.07932084300150206,0.07508325327269674,0.10439768043393187,0.10756049906729372,0.05501424700961581,0.04202936813935025,0.04849281279462619,0.04914626993757746
imbalance_screen,s53|smote|r=0.2|k=3|cal=none|folds=None,53,9618,4,240,60,37,10,0.3782364271106688,0.11338737118817158,0.77,0.1643143959065244,0.16666666666666666,-0.0023522707601422443,12,5,4,log_loss,0.7,smote,0.2,3.0,none,,0.15585456996158317,0.1393167977642144,0.10629885986892587,0.04139041812973672,0.10933371606182866,0.06545939042073567,0.09523090270846216,0.08874973376580468,0.04037821250426712,0.02521542480445903,0.08404359617973908,0.04872837783024356
imbalance_screen,s53|smote|r=0.2|k=3|cal=none|folds=None,53,9618,5,240,60,37,10,0.34418953225241594,0.1092245885447262,0.83,0.17062428220916231,0.16666666666666666,0.003957615542495657,12,5,4,log_loss,0.7,smote,0.2,3.0,none,,0.1464200667508212,0.16183307312386122,0.10286101429087428,0.056917041210107856,0.07933514000230973,0.05981281650177799,0.10171172115794572,0.12259298163772055,0.03584508563010961,0.03688827181357379,0.053177723019563895,0.042605064861334384
imbalance_screen,s53|smote|r=0.2|k=4|cal=none|folds=None,53,9618,1,240,60,38,9,0.4204705906994389,0.13247278150926142,0.6492374727668845,0.13113079441527975,0.15,-0.018869205584720244,12,5,4,log_loss,0.7,smote,0.2,4.0,none,,0.15270415834491186,0.13092008215827347,0.10577528242264155,0.06513379293254287,0.0809285882701294,0.06581742830862679,0.08847320516628068,0.1428830082214124,0.01942439075748046,0.05658241283039571,0.027936398913447513,0.06342125167385732
imbalance_screen,s53|smote|r=0.2|k=4|cal=none|folds=None,53,9618,2,240,60,38,9,0.3497273633181677,0.10955595427858747,0.826797385620915,0.171989390971086,0.15,0.021989390971086015,12,5,4,log_loss,0.7,smote,0.2,4.0,none,,0.1384754354550526,0.16835147803478184,0.09235547239969955,0.06752630099462839,0.0786501818815112,0.05546462801226846,0.10185266688358185,0.11477460803118043,0.05051782477844185,0.03318491975585729,0.05055398261822933,0.048292501154767166
imbalance_screen,s53|smote|r=0.2|k=4|cal=none|folds=None,53,9618,3,240,60,38,9,0.3096464561024904,0.09097112279499206,0.8572984749455338,0.16841465258454427,0.15,0.018414652584544278,12,5,4,log_loss,0.7,smote,0.2,4.0,none,,0.14632828891659996,0.14233978971304018,0.09923783224531169,0.05713779839470001,0.07906877600605566,0.07519480050110405,0.10525738902488839,0.10268454043582968,0.0431299300621319,0.04058234851113033,0.051697080136279716,0.05734142605292842
imbalance_screen,s53|smote|r=0.2|k=4|cal=none|folds=None,53,9618,4,240,60,37,10,0.3880066684452644,0.11633771586115746,0.746,0.16294323360749446,0.16666666666666666,-0.003723433059172193,12,5,4,log_loss,0.7,smote,0.2,4.0,none,,0.1557324295488941,0.16780651435551894,0.09922195274289451,0.03367519459076853,0.10080624598881462,0.05853217047345216,0.10487391097229169,0.09308682305909881,0.04255457317356158,0.021906749477853305,0.07780900159130491,0.043994434025547015
imbalance_screen,s53|smote|r=0.2|k=4|cal=none|folds=None,53,9618,5,240,60,37,10,0.3488087277845496,0.11027275100738992,0.838,0.1740799668291232,0.16666666666666666,0.007413300162456532,12,5,4,log_loss,0.7,smote,0.2,4.0,none,,0.15187501423142513,0.15967168318712216,0.10798184306378729,0.07562336875369194,0.06913460609637072,0.05979770584194898,0.1001034081121046,0.10304627952062752,0.03226182281435595,0.03639183809490937,0.06089963517357727,0.04321279511007909
imbalance_screen,s53|smote|r=0.3|k=2|cal=none|folds=None,53,9618,1,240,60,38,9,0.4220059074972528,0.13656894132337322,0.6644880174291938,0.1686421210848262,0.15,0.018642121084826213,12,5,4,log_loss,0.7,smote,0.3,2.0,none,,0.1518597232108741,0.15960352198195793,0.11347429303645724,0.08349201701048327,0.058155914707721426,0.054143092048461613,0.09972072218720995,0.10840533148774437,0.028350872392470635,0.05926564846174645,0.025647507244745703,0.05788135623012744
imbalance_screen,s53|smote|r=0.3|k=2|cal=none|folds=None,53,9618,2,240,60,38,9,0.36575252430776006,0.11521415274219866,0.7788671023965141,0.19690108794038205,0.15,0.04690108794038206,12,5,4,log_loss,0.7,smote,0.3,2.0,none,,0.17322730687643095,0.1657836085454194,0.08470286843411923,0.08686820935035587,0.0607108014563026,0.0572108344133797,0.08198830111643052,0.11595446763301495,0.0633551969585377,0.02857104811299462,0.047945706644941716,0.03368165045807281
imbalance_screen,s53|smote|r=0.3|k=2|cal=none|folds=None,53,9618,3,240,60,38,9,0.31316286759811035,0.09274950270108998,0.8703703703703703,0.21341978346945456,0.15,0.06341978346945457,12,5,4,log_loss,0.7,smote,0.3,2.0,none,,0.1596428387828614,0.13918478782014168,0.09242029824386414,0.07292455156015204,0.06664588249610208,0.06528425575945246,0.09451393889775313,0.08587665407276315,0.06965265290051902,0.0502907006691924,0.061328456591594374,0.04223498220560421
imbalance_screen,s53|smote|r=0.3|k=2|cal=none|folds=None,53,9618,4,240,60,37,10,0.3635216429938753,0.10942656278889999,0.79,0.20292862539163628,0.16666666666666666,0.03626195872496962,12,5,4,log_loss,0.7,smote,0.3,2.0,none,,0.16630977233851418,0.1703350244794265,0.07535556163920369,0.04881974697082213,0.08504339315699556,0.05959995546811636,0.10072035914051965,0.08197446306396519,0.07708460147207337,0.03184294509431816,0.0663546521632891,0.03655952501275602
imbalance_screen,s53|smote|r=0.3|k=2|cal=none|folds=None,53,9618,5,240,60,37,10,0.3564000913778657,0.11285593092489864,0.84,0.20778932625510024,0.16666666666666666,0.041122659588433585,12,5,4,log_loss,0.7,smote,0.3,2.0,none,,0.1284962779112578,0.17589176560049424,0.11534719067184405,0.05034120930234183,0.08717947935239229,0.05881817506645419,0.10494768569042015,0.09825207968770948,0.024072107085228545,0.06687696805520625,0.057289105743929376,0.03248795583272184
imbalance_screen,s53|smote|r=0.3|k=3|cal=none|folds=None,53,9618,1,240,60,38,9,0.4435243227037348,0.14157835909063848,0.5882352941176471,0.15986665581322707,0.15,0.009866655813227071,12,5,4,log_loss,0.7,smote,0.3,3.0,none,,0.15506874279788652,0.14513331716398115,0.1189322453502027,0.08260410488185253,0.05670287264867497,0.05597850666760776,0.09533890617787764,0.09742784417859095,0.02039499888024644,0.0866524031730299,0.025176589029295114,0.06058946905075431
imbalance_screen,s53|smote|r=0.3|k=3|cal=none|folds=None,53,9618,2,240,60,38,9,0.3620792299556023,0.11304081525933145,0.8093681917211328,0.19755273826663536,0.15,0.047552738266635364,12,5,4,log_loss,0.7,smote,0.3,3.0,none,,0.15526328177852508,0.1533545687042552,0.10422940620251665,0.09349275741132419,0.05737482216052658,0.048691196048141476,0.09796887451518986,0.10078406757352906,0.08144794610208507,0.02511739457266274,0.049743426019144964,0.03253225891209928
imbalance_screen,s53|smote|r=0.3|k=3|cal=none|folds=None,53,9618,3,240,60,38,9,0.31549460279301517,0.09239420118677345,0.8747276688453159,0.20464758565236513,0.15,0.05464758565236513,12,5,4,log_loss,0.7,smote,0.3,3.0,none,,0.14389311749021508,0.16169818043772718,0.08224571223407497,0.04610659666823574,0.07537949964167168,0.07573191882070271,0.10131556494819746,0.10095876520533771,0.049531602706607905,0.05821695048088484,0.055028689001939246,0.049893402364405516
imbalance_screen,s53|smote|r=0.3|k=3|cal=none|folds=None,53,9618,4,240,60,37,10,0.36812327246313986,0.11155913077209115,0.7839999999999999,0.194109327079153,0.16666666666666666,0.02744266041248633,12,5,4,log_loss,0.7,smote,0.3,3.0,none,,0.1536155795262526,0.11537529501289488,0.1493989411968266,0.047934089344009896,0.09812309996247627,0.06607884898228826,0.08766714525539501,0.09231851383834401,0.04004018671349046,0.038800985054651085,0.06537494814440119,0.045272366968969774
imbalance_screen,s53|smote|r=0.3|k=3|cal=none|folds=None,53,9618,5,240,60,37,10,0.35072151335187113,0.11002715863409715,0.8400000000000001,0.20483133641498966,0.16666666666666666,0.038164669748323,12,5,4,log_loss,0.7,smote,0.3,3.0,none,,0.11622587255097233,0.1572306384143316,0.11703640975307789,0.08208392131201293,0.0798306388159085,0.05973186075772511,0.07580986820382543,0.10766514302223386,0.06826049788309915,0.054738320616677806,0.04727708069027897,0.03410974797985641
imbalance_screen,s53|smote|r=0.3|k=4|cal=none|folds=None,53,9618,1,240,60,38,9,0.4263715845873338,0.1373595398069244,0.6579520697167757,0.15817457659987072,0.15,0.008174576599870725,12,5,4,log_loss,0.7,smote,0.3,4.0,none,,0.12687018411379297,0.12398345944702134,0.15881933840473855,0.09707345965801628,0.07958154822854976,0.04582794388852495,0.07326595677519375,0.1252853749167311,0.02639352433312185,0.05948130599116666,0.03226710945365368,0.05115079478948914
imbalance_screen,s53|smote|r=0.3|k=4|cal=none|folds=None,53,9618,2,240,60,38,9,0.3547969291934361,0.11063078603792209,0.826797385620915,0.20018759825958363,0.15,0.05018759825958363,12,5,4,log_loss,0.7,smote,0.3,4.0,none,,0.1322820526154739,0.15591656462783215,0.10969166356972046,0.08310531764721818,0.0634023537957514,0.057742454779659246,0.087796796948012,0.09406711619406115,0.08715889170938512,0.039442365330690385,0.053301225869418385,0.0360931969127778
imbalance_screen,s53|smote|r=0.3|k=4|cal=none|folds=None,53,9618,3,240,60,38,9,0.3213668403392435,0.09583463426231319,0.8464052287581699,0.20613129363613114,0.15,0.056131293636131147,12,5,4,log_loss,0.7,smote,0.3,4.0,none,,0.14200641486781534,0.13460853608551374,0.1414368632535655,0.05416996192561582,0.06818364148997692,0.07261281676323846,0.10523798705214539,0.08458466066741722,0.06782507023175828,0.04046735039373748,0.0448250987027501,0.044041598566465674
imbalance_screen,s53|smote|r=0.3|k=4|cal=none|folds=None,53,9618,4,240,60,37,10,0.373815843754907,0.11440798692792556,0.782,0.1983620825582513,0.16666666666666666,0.031695415891584644,12,5,4,log_loss,0.7,smote,0.3,4.0,none,,0.13229228597471596,0.15662710566723198,0.11603212382789217,0.036473982652893096,0.09868024253577432,0.06308799138868744,0.08312326352542032,0.09473890602936881,0.05929371933704869,0.029709537791763514,0.07907903995082112,0.05086180131838274
imbalance_screen,s53|smote|r=0.3|k=4|cal=none|folds=None,53,9618,5,240,60,37,10,0.35645458103404415,0.1136019822926564,0.822,0.19896832619235483,0.16666666666666666,0.03230165952568817,12,5,4,log_loss,0.7,smote,0.3,4.0,none,,0.14812503208239136,0.18323823191497296,0.09325862834600215,0.0892656567791467,0.06034940725375317,0.05749708740562143,0.08890363231155794,0.09289457301663444,0.03524222523473943,0.058136741850640196,0.06106713073424031,0.032021653070300055
imbalance_screen,s53|smote|r=0.4|k=2|cal=none|folds=None,53,9618,1,240,60,38,9,0.4333073150129925,0.1417619987925228,0.6470588235294118,0.18795581771170009,0.15,0.03795581771170009,12,5,4,log_loss,0.7,smote,0.4,2.0,none,,0.15799816724143761,0.15381476060409774,0.14374521496921794,0.08462015682035673,0.05196751250072619,0.04622312911548524,0.09749229815861131,0.08888984255218307,0.031368149241844806,0.06234301125987767,0.024656437509754162,0.05688132002640762
imbalance_screen,s53|smote|r=0.4|k=2|cal=none|folds=None,53,9618,2,240,60,38,9,0.37850836366039964,0.1194364645309977,0.7854030501089325,0.22990504245424914,0.15,0.07990504245424915,12,5,4,log_loss,0.7,smote,0.4,2.0,none,,0.13399285075591932,0.18534475061688602,0.09125617227084686,0.07215091304031465,0.06653993689091975,0.052087282715660294,0.07362011763879718,0.09239686448555828,0.10469406364729929,0.0412847912840308,0.05337089673340327,0.033261359920364296
imbalance_screen,s53|smote|r=0.4|k=2|cal=none|folds=None,53,9618,3,240,60,38,9,0.32610988317206663,0.09698969156972131,0.8572984749455339,0.23660761697324004,0.15,0.08660761697324004,12,5,4,log_loss,0.7,smote,0.4,2.0,none,,0.16217951932900332,0.13656704833978173,0.08937329317240442,0.08866449768713329,0.06185947609710892,0.06975879896593597,0.10191859925445132,0.08501740597515742,0.07373178503205909,0.045088906648270116,0.05150759058664477,0.03433307891204968
imbalance_screen,s53|smote|r=0.4|k=2|cal=none|folds=None,53,9618,4,240,60,37,10,0.370961217918879,0.11344230487642541,0.78,0.22166849981030945,0.16666666666666666,0.05500183314364279,12,5,4,log_loss,0.7,smote,0.4,2.0,none,,0.1420024942016534,0.16132115684138185,0.08437412482535395,0.05106375271870971,0.0961440666559525,0.05955419244950429,0.10054641550773791,0.07684015168675058,0.07952759070931772,0.03893560249676455,0.0787650289410069,0.03092542296586685
imbalance_screen,s53|smote|r=0.4|k=2|cal=none|folds=None,53,9618,5,240,60,37,10,0.35695738902894786,0.11221560235030804,0.8520000000000001,0.23264713202145865,0.16666666666666666,0.06598046535479199,12,5,4,log_loss,0.7,smote,0.4,2.0,none,,0.1183667215490285,0.1799220823403368,0.12074447306610386,0.0552163976842845,0.07919246123023879,0.06767666239236123,0.09678789531752313,0.08390252755836583,0.0263821273849582,0.07187996868703646,0.059901702816874784,0.040026979972887865
imbalance_screen,s53|smote|r=0.4|k=3|cal=none|folds=None,53,9618,1,240,60,38,9,0.44152646693811004,0.1421587270635659,0.607843137254902,0.187545325837017,0.15,0.037545325837017,12,5,4,log_loss,0.7,smote,0.4,3.0,none,,0.15706902902403097,0.1455199602932708,0.11012328981302712,0.07142078702692976,0.06174193288557256,0.05089974127095963,0.08404605819481663,0.09955542114231429,0.02897331251028325,0.10094462834535971,0.026735045395281702,0.06297079409815358
imbalance_screen,s53|smote|r=0.4|k=3|cal=none|folds=None,53,9618,2,240,60,38,9,0.3820568036776995,0.12025813725728883,0.7701525054466231,0.22419569698533323,0.15,0.07419569698533324,12,5,4,log_loss,0.7,smote,0.4,3.0,none,,0.13135456211763644,0.1576727955400665,0.12166549757542637,0.10889613993876024,0.05648488806101096,0.04354130598003075,0.09116124608314004,0.08685503629425262,0.08995011232698097,0.027303215066406507,0.052597696160849375,0.032517504855439305
imbalance_screen,s53|smote|r=0.4|k=3|cal=none|folds=None,53,9618,3,240,60,38,9,0.3268699085812915,0.09638222956899943,0.8703703703703703,0.22779784334401984,0.15,0.07779784334401985,12,5,4,log_loss,0.7,smote,0.4,3.0,none,,0.12641600836230926,0.15827579578175346,0.09285010346909667,0.04898093598748535,0.07906934538791661,0.07485300350275317,0.10591102724885917,0.09155286714230507,0.05744084785765509,0.05655523616508367,0.05347005029753832,0.05462477879724413
imbalance_screen,s53|smote|r=0.4|k=3|cal=none|folds=None,53,9618,4,240,60,37,10,0.3656607294208066,0.11334946579690668,0.796,0.22081158919856766,0.16666666666666666,0.05414492253190101,12,5,4,log_loss,0.7,smote,0.4,3.0,none,,0.14313973113118464,0.13380288151216646,0.1534477343828499,0.04524058213691122,0.09223422783974052,0.062124057820629665,0.08811068228346408,0.08539713709963379,0.05449005105804532,0.04427746733740048,0.06458747564713976,0.03314797175083403
imbalance_screen,s53|smote|r=0.4|k=3|cal=none|folds=None,53,9618,5,240,60,37,10,0.3600249872912325,0.11353406560925591,0.8300000000000001,0.2282062382699573,0.16666666666666666,0.061539571603290655,12,5,4,log_loss,0.7,smote,0.4,3.0,none,,0.11284782249854249,0.1653084025055583,0.13226890391313956,0.08849670777128518,0.07626413136874477,0.050817211798865766,0.07747851978518454,0.09125185916492028,0.052788889021536646,0.0664130780002465,0.052834046255530176,0.033230427916445746
imbalance_screen,s53|smote|r=0.4|k=4|cal=none|folds=None,53,9618,1,240,60,38,9,0.43231655323558066,0.14047915843610412,0.6601307189542484,0.18330627541848127,0.15,0.033306275418481274,12,5,4,log_loss,0.7,smote,0.4,4.0,none,,0.1291995328991674,0.13965044887412062,0.16198546254893748,0.07636722675221974,0.06657386263918597,0.04532410357332448,0.0785911080239968,0.12198971205997716,0.03356936595826943,0.06625320296130953,0.025670662821002985,0.05482531088848839
imbalance_screen,s53|smote|r=0.4|k=4|cal=none|folds=None,53,9618,2,240,60,38,9,0.36501864291964015,0.11575337473817708,0.8202614379084967,0.22566964634537,0.15,0.07566964634537002,12,5,4,log_loss,0.7,smote,0.4,4.0,none,,0.15505097651082203,0.1583462260262501,0.10388886341816446,0.08741044590089485,0.05615367244300707,0.04823982363207058,0.07980172393660971,0.10058897017331975,0.061346785781784804,0.06319088450249567,0.048413350328213874,0.0375682773463669
imbalance_screen,s53|smote|r=0.4|k=4|cal=none|folds=None,53,9618,3,240,60,38,9,0.34120083179018784,0.10441320486580997,0.8289760348583878,0.2282843381863234,0.15,0.07828433818632341,12,5,4,log_loss,0.7,smote,0.4,4.0,none,,0.15074211381914623,0.13915379155757557,0.11872910664021352,0.059805970780340195,0.0660786578199641,0.07063606623403924,0.10142812506063795,0.08030731323714535,0.06525788194289257,0.06752777107526142,0.037346939243339754,0.0429862625894439
imbalance_screen,s53|smote|r=0.4|k=4|cal=none|folds=None,53,9618,4,240,60,37,10,0.4010836695935497,0.12421536133237712,0.756,0.22042016614849436,0.16666666666666666,0.0537534994818277,12,5,4,log_loss,0.7,smote,0.4,4.0,none,,0.13019629293472879,0.1592557221681734,0.1150993279083806,0.04541032866351401,0.08462604975780189,0.05375013022751443,0.0867388518643311,0.0884567940236632,0.06631548158211543,0.032964676494875784,0.09607413406335359,0.041112210311547805
imbalance_screen,s53|smote|r=0.4|k=4|cal=none|folds=None,53,9618,5,240,60,37,10,0.36474212656009997,0.11694867059842892,0.8,0.22351495408716382,0.16666666666666666,0.05684828742049716,12,5,4,log_loss,0.7,smote,0.4,4.0,none,,0.1445023120589845,0.16782326567614736,0.11801395145173357,0.07873418705623687,0.05644231540106554,0.052501376618087243,0.09542294386745559,0.09263014752680192,0.05177565161471812,0.06415332093941538,0.045671343880785524,0.03232918390856848
imbalance_screen,s53|smote|r=0.7|k=10|cal=none|folds=None,53,9618,1,240,60,38,9,0.4490780606433982,0.14899104833401036,0.6535947712418301,0.22675222529233752,0.15,0.07675222529233752,12,5,4,log_loss,0.7,smote,0.7,10.0,none,,0.11505091864892548,0.15002757710676717,0.11247074010122246,0.07447852271460184,0.052867453179610994,0.03965058012146862,0.08522084124655048,0.08344174642027315,0.06232740891963188,0.12179207977050711,0.036455260428298074,0.06621687134214263
imbalance_screen,s53|smote|r=0.7|k=10|cal=none|folds=None,53,9618,2,240,60,38,9,0.4202069523050732,0.13702198009318764,0.7461873638344227,0.26167989580995765,0.15,0.11167989580995766,12,5,4,log_loss,0.7,smote,0.7,10.0,none,,0.11912857273438196,0.14917710250326116,0.08262114398734949,0.08184270093455753,0.0389200702970183,0.034106094258337286,0.07477098978487914,0.05658654313028567,0.1642468164628818,0.1052053439699366,0.06492588898256121,0.02846873295454984
imbalance_screen,s53|smote|r=0.7|k=10|cal=none|folds=None,53,9618,3,240,60,38,9,0.3421619592153643,0.1038022561099584,0.8660130718954249,0.26719436506548205,0.15,0.11719436506548206,12,5,4,log_loss,0.7,smote,0.7,10.0,none,,0.08333812185019923,0.13710954264847877,0.12017476661086902,0.07207776823248616,0.06650343023615649,0.07044484457939167,0.08305989351097934,0.05933744648869077,0.05649194684166671,0.17564370872781968,0.04263726672877596,0.03318126354448636
imbalance_screen,s53|smote|r=0.7|k=10|cal=none|folds=None,53,9618,4,240,60,37,10,0.41956362104645406,0.13310712599389268,0.744,0.24998519863879387,0.16666666666666666,0.08331853197212721,12,5,4,log_loss,0.7,smote,0.7,10.0,none,,0.12240657105001251,0.150296868754842,0.09311638196951776,0.05630425431556908,0.06881677046869349,0.040527051373154106,0.05923356202072363,0.05719080088927242,0.17091378605082452,0.03927962751134342,0.12032278772403493,0.021591537872012085
imbalance_screen,s53|smote|r=0.7|k=10|cal=none|folds=None,53,9618,5,240,60,37,10,0.36344116562092005,0.11468935958162772,0.844,0.251598757163316,0.16666666666666666,0.08493209049664932,12,5,4,log_loss,0.7,smote,0.7,10.0,none,,0.10222585033907938,0.13604863341394915,0.07199972087166329,0.07513348282229862,0.04766602685075292,0.05204069870668764,0.06882240415050807,0.06947349536606245,0.17386080548480026,0.08845091570512235,0.0845960657186603,0.029681900570415472
