row_id,task,pipeline,truth,mean_prediction,sd_prediction
0,classification,cubic_polynomial,1.0,0.9748392196313952,0.010552305732656683
0,classification,current_solution,1.0,0.9748392189719437,0.010552305025552674
0,classification,linear,1.0,0.4079000493584111,0.05368420696044797
0,classification,nested_minimum,1.0,0.9738605729262478,0.011768742307868686
0,classification,nested_one_se,1.0,0.9748392189719437,0.010552305025552674
0,classification,null,1.0,0.3215,0.014090226497775709
0,regression,cubic_polynomial,46.20173530507375,48.29452167988932,0.6265739919803381
0,regression,current_solution,46.20173530507375,50.50975831813465,0.6113363229670281
0,regression,linear,46.20173530507375,33.39121086870636,0.7915212886645492
0,regression,nested_minimum,46.20173530507375,50.52876992754191,0.6068890666205732
0,regression,nested_one_se,46.20173530507375,49.05152638602211,1.2724188577480342
0,regression,null,46.20173530507375,35.97220098747438,0.31836764503235604
1,classification,cubic_polynomial,0.0,0.3846981850656969,0.040379852071349975
1,classification,current_solution,0.0,0.3846981846711061,0.040379848645344746
1,classification,linear,0.0,0.29368594936254233,0.02218845768515632
1,classification,nested_minimum,0.0,0.39998189116628763,0.04684807293854341
1,classification,nested_one_se,0.0,0.3846981846711061,0.040379848645344746
1,classification,null,0.0,0.3235,0.012604733648309567
1,regression,cubic_polynomial,36.18409297842643,36.39970461164814,0.3258266041257956
1,regression,current_solution,36.18409297842643,35.031799897024825,0.34506652343667854
1,regression,linear,36.18409297842643,32.945118054675596,0.48939872147819286
1,regression,nested_minimum,36.18409297842643,35.02151250168749,0.32981952578722146
1,regression,nested_one_se,36.18409297842643,35.81840207050626,0.7959554581576566
1,regression,null,36.18409297842643,35.98100309954711,0.29615140388646843
2,classification,cubic_polynomial,0.0,0.7045710979789224,0.04386062338388407
2,classification,current_solution,0.0,0.7045711000417457,0.043860621552685795
2,classification,linear,0.0,0.30895728106668335,0.03712562488392727
2,classification,nested_minimum,0.0,0.6990442637860621,0.048383388484407375
2,classification,nested_one_se,0.0,0.7045711000417457,0.043860621552685795
2,classification,null,0.0,0.32116666666666666,0.014364907751623177
2,regression,cubic_polynomial,62.59692242291674,49.71461033198383,0.44765182678393656
2,regression,current_solution,62.59692242291674,48.34084050060945,0.46161162905139297
2,regression,linear,62.59692242291674,41.14004150192707,0.8302720150636279
2,regression,nested_minimum,62.59692242291674,47.943981908246904,1.1139419443486422
2,regression,nested_one_se,62.59692242291674,49.34611787388869,0.5261275771497924
2,regression,null,62.59692242291674,35.81515792105303,0.2894668533064937
3,classification,cubic_polynomial,1.0,0.0531762462081677,0.008905097093948208
3,classification,current_solution,1.0,0.053176246395190696,0.008905096526307884
3,classification,linear,1.0,0.3371078052854734,0.02497571433221137
3,classification,nested_minimum,1.0,0.05182090214871411,0.013151857494007217
3,classification,nested_one_se,1.0,0.053176246395190696,0.008905096526307884
3,classification,null,1.0,0.32133333333333336,0.017267336781919506
3,regression,cubic_polynomial,22.40703741902101,27.616191227576678,0.22270558867889972
3,regression,current_solution,22.40703741902101,29.024623837808633,0.27628971231137456
3,regression,linear,22.40703741902101,36.525549936815544,0.44226266129735753
3,regression,nested_minimum,22.40703741902101,28.993679836350385,0.31874855595431656
3,regression,nested_one_se,22.40703741902101,28.437788440515003,0.7792484222117169
3,regression,null,22.40703741902101,36.08847523450667,0.38988938301998405
4,classification,cubic_polynomial,1.0,0.3847794197236345,0.03588133510273899
4,classification,current_solution,1.0,0.38477941533397575,0.03588133617907661
4,classification,linear,1.0,0.3174700037030866,0.023689282994548762
4,classification,nested_minimum,1.0,0.40605751801401896,0.0630204697562395
4,classification,nested_one_se,1.0,0.38477941533397575,0.03588133617907661
4,classification,null,1.0,0.3218333333333333,0.01572847918494553
4,regression,cubic_polynomial,36.867206625057,34.55742458590792,0.2614071613423773
4,regression,current_solution,36.867206625057,32.75572578942402,0.31613561481881614
4,regression,linear,36.867206625057,31.468042840362898,0.45532689787723535
4,regression,nested_minimum,36.867206625057,32.72571365889465,0.30542893856816905
4,regression,nested_one_se,36.867206625057,33.7787286655294,1.0305572947684574
4,regression,null,36.867206625057,35.907353202577276,0.35379687926585046
5,classification,cubic_polynomial,0.0,0.0996519013662708,0.01961693445392172
5,classification,current_solution,0.0,0.09965190013622639,0.01961693378807845
5,classification,linear,0.0,0.455919073169171,0.0262245679254165
5,classification,nested_minimum,0.0,0.08597622732650191,0.029565948904281877
5,classification,nested_one_se,0.0,0.09965190013622639,0.01961693378807845
5,classification,null,0.0,0.3295,0.012342106230578973
5,regression,cubic_polynomial,20.480814992455336,28.969725259588206,0.2582620963323513
5,regression,current_solution,20.480814992455336,29.54062453569633,0.2909292193132961
5,regression,linear,20.480814992455336,37.45738293536653,0.6244341938715927
5,regression,nested_minimum,20.480814992455336,29.610004210024613,0.35589123270447665
5,regression,nested_one_se,20.480814992455336,29.36129485873043,0.5071672940564735
5,regression,null,20.480814992455336,36.19246660419149,0.34024057445260847
6,classification,cubic_polynomial,0.0,0.12377736558378767,0.020170391508382884
6,classification,current_solution,0.0,0.12377736396345891,0.02017039113619153
6,classification,linear,0.0,0.2873249409643987,0.03028015009344652
6,classification,nested_minimum,0.0,0.13145079410325528,0.02763495542471009
6,classification,nested_one_se,0.0,0.12377736396345891,0.02017039113619153
6,classification,null,0.0,0.325,0.013064825110670782
6,regression,cubic_polynomial,36.89303965126681,32.86050393436688,0.2491779689692408
6,regression,current_solution,36.89303965126681,32.09570675876275,0.29050738895498945
6,regression,linear,36.89303965126681,37.38337066490241,0.5900510015275542
6,regression,nested_minimum,36.89303965126681,32.03183386287331,0.4808133695683589
6,regression,nested_one_se,36.89303965126681,32.29585031445547,0.6078289626452706
6,regression,null,36.89303965126681,36.0773649298931,0.3020598305902906
7,classification,cubic_polynomial,0.0,0.07915205899718493,0.013610035401368766
7,classification,current_solution,0.0,0.07915206001459349,0.013610034891460551
7,classification,linear,0.0,0.39200915015677984,0.02879669639981159
7,classification,nested_minimum,0.0,0.08878760612301052,0.03179814054095769
7,classification,nested_one_se,0.0,0.07915206001459349,0.013610034891460551
7,classification,null,0.0,0.32116666666666666,0.01822670139323517
7,regression,cubic_polynomial,33.045800617296464,28.94521336113909,0.2795474877000437
7,regression,current_solution,33.045800617296464,30.02814906028132,0.2658314878455667
7,regression,linear,33.045800617296464,38.069533315415335,0.5820086466400627
7,regression,nested_minimum,33.045800617296464,29.8356305398986,0.29660514559259304
7,regression,nested_one_se,33.045800617296464,29.237936870674638,0.4773269236742634
7,regression,null,33.045800617296464,36.01067398113074,0.3838480347402869
8,classification,cubic_polynomial,0.0,0.09544176120460587,0.023517077570443513
8,classification,current_solution,0.0,0.09544176138757089,0.023517077485204235
8,classification,linear,0.0,0.4787524965080671,0.038347108744094485
8,classification,nested_minimum,0.0,0.09507463009777091,0.024445691321067956
8,classification,nested_one_se,0.0,0.09544176138757089,0.023517077485204235
8,classification,null,0.0,0.3253333333333333,0.012312968586100547
8,regression,cubic_polynomial,34.46983620286881,28.71233803263995,0.3548197019234958
8,regression,current_solution,34.46983620286881,29.721032246119318,0.33195001059858426
8,regression,linear,34.46983620286881,38.631306018034685,0.6908172174756706
8,regression,nested_minimum,34.46983620286881,29.741242190909947,0.3772351374522034
8,regression,nested_one_se,34.46983620286881,29.32349855194948,0.7443641002955806
8,regression,null,34.46983620286881,36.14689415796844,0.32818899364213433
9,classification,cubic_polynomial,0.0,0.1014145512931817,0.021220153496102616
9,classification,current_solution,0.0,0.1014145514921963,0.021220155063009942
9,classification,linear,0.0,0.2703886827136709,0.028808488700920228
9,classification,nested_minimum,0.0,0.10541525157368464,0.021675107945648333
9,classification,nested_one_se,0.0,0.1014145514921963,0.021220155063009942
9,classification,null,0.0,0.3221666666666667,0.01941752378355844
9,regression,cubic_polynomial,36.08384412335762,32.100121100803754,0.336990546798193
9,regression,current_solution,36.08384412335762,31.593069482765276,0.32420332489031073
9,regression,linear,36.08384412335762,36.96353333727532,0.5561780611294235
9,regression,nested_minimum,36.08384412335762,31.748791971643143,0.5398823785493226
9,regression,nested_one_se,36.08384412335762,31.728220615519433,0.6089279297928022
9,regression,null,36.08384412335762,36.0458493859447,0.379471251613444
10,classification,cubic_polynomial,0.0,0.37711174379545487,0.03035793750863735
10,classification,current_solution,0.0,0.3771117378902302,0.030357939668457713
10,classification,linear,0.0,0.26806392958187253,0.022964567603416537
10,classification,nested_minimum,0.0,0.37355106128682636,0.03389492804350049
10,classification,nested_one_se,0.0,0.3771117378902302,0.030357939668457713
10,classification,null,0.0,0.3268333333333333,0.01206900656807469
10,regression,cubic_polynomial,35.9118101839395,42.3914605929885,0.3513548635458528
10,regression,current_solution,35.9118101839395,40.38800988285949,0.4816226060863196
10,regression,linear,35.9118101839395,38.40060692655259,0.6605508648700762
10,regression,nested_minimum,35.9118101839395,40.57198496152952,0.63150405032743
10,regression,nested_one_se,35.9118101839395,41.79219430651626,0.8070341553188275
10,regression,null,35.9118101839395,36.108949135917186,0.30102882100779144
11,classification,cubic_polynomial,0.0,0.36316897847457036,0.04641108023161408
11,classification,current_solution,0.0,0.3631689797295763,0.04641108020970735
11,classification,linear,0.0,0.3548300759225134,0.03432871822022589
11,classification,nested_minimum,0.0,0.37238488162952293,0.04995682618012755
11,classification,nested_one_se,0.0,0.3631689797295763,0.04641108020970735
11,classification,null,0.0,0.3251666666666667,0.013739154552449435
11,regression,cubic_polynomial,36.31933643426664,40.022546092014146,0.3402849490182705
11,regression,current_solution,36.31933643426664,38.62315604941223,0.385693482840988
11,regression,linear,36.31933643426664,40.923826701247535,0.6909515652167225
11,regression,nested_minimum,36.31933643426664,38.77645532144867,0.5009322863015335
11,regression,nested_one_se,36.31933643426664,39.55874850985674,0.7933848361364121
11,regression,null,36.31933643426664,35.928811285711724,0.3394137673779742
12,classification,cubic_polynomial,1.0,0.35845994894713046,0.037725602902372236
12,classification,current_solution,1.0,0.35845994626378236,0.037725600073575956
12,classification,linear,1.0,0.1979147939731001,0.02260735161616395
12,classification,nested_minimum,1.0,0.36331857458779726,0.03886184089962547
12,classification,nested_one_se,1.0,0.35845994626378236,0.037725600073575956
12,classification,null,1.0,0.3188333333333333,0.014424795064182998
12,regression,cubic_polynomial,29.685282810605788,34.865427849929354,0.27673787970131875
12,regression,current_solution,29.685282810605788,33.58426221882935,0.28384296795501407
12,regression,linear,29.685282810605788,28.39352984110406,0.6421339044941371
12,regression,nested_minimum,29.685282810605788,33.60423692596718,0.2942275946816183
12,regression,nested_one_se,29.685282810605788,34.35179094127048,0.7299812664730498
12,regression,null,29.685282810605788,36.05006710926605,0.31260246864504265
13,classification,cubic_polynomial,0.0,0.2608684310596873,0.032837644821158224
13,classification,current_solution,0.0,0.26086842937681176,0.032837647017361804
13,classification,linear,0.0,0.3999572359254893,0.023951017998065045
13,classification,nested_minimum,0.0,0.26581423317486486,0.038333790728108746
13,classification,nested_one_se,0.0,0.26086842937681176,0.032837647017361804
13,classification,null,0.0,0.32749999999999996,0.016387021778182295
13,regression,cubic_polynomial,32.707598714117864,32.6574366772749,0.2599610501454112
13,regression,current_solution,32.707598714117864,31.005553969425232,0.23706081510699228
13,regression,linear,32.707598714117864,33.85270150795895,0.48950903786352973
13,regression,nested_minimum,32.707598714117864,31.065128044644048,0.3783561267948554
13,regression,nested_one_se,32.707598714117864,31.83719400976127,0.9012516608535592
13,regression,null,32.707598714117864,36.066841718642856,0.3819968937029464
14,classification,cubic_polynomial,0.0,0.09437850075637656,0.01954379131758845
14,classification,current_solution,0.0,0.09437850056158097,0.019543790958463845
14,classification,linear,0.0,0.2636204352500379,0.025688710096813786
14,classification,nested_minimum,0.0,0.09790113057261478,0.021899501893639747
14,classification,nested_one_se,0.0,0.09437850056158097,0.019543790958463845
14,classification,null,0.0,0.32566666666666666,0.0138796137612298
14,regression,cubic_polynomial,32.49359779561551,31.659790531511124,0.3611971076763555
14,regression,current_solution,32.49359779561551,31.32386802154239,0.36936725217826694
14,regression,linear,32.49359779561551,36.64939805667532,0.6350848556138933
14,regression,nested_minimum,32.49359779561551,31.290624865534266,0.5199683458473975
14,regression,nested_one_se,32.49359779561551,31.275225423245782,0.5770401647627075
14,regression,null,32.49359779561551,36.10076757325766,0.3273494188476439
15,classification,cubic_polynomial,0.0,0.0764898758799962,0.012968545827979263
15,classification,current_solution,0.0,0.0764898760088812,0.012968545989763056
15,classification,linear,0.0,0.2863147563697795,0.025613225495864526
15,classification,nested_minimum,0.0,0.06654320065657345,0.020773269696331656
15,classification,nested_one_se,0.0,0.0764898760088812,0.012968545989763056
15,classification,null,0.0,0.32433333333333336,0.014781939897267782
15,regression,cubic_polynomial,30.27976317404532,30.10225807253192,0.2735371708249003
15,regression,current_solution,30.27976317404532,31.353904807144126,0.3372909595753969
15,regression,linear,30.27976317404532,35.5280069089639,0.529734699245824
15,regression,nested_minimum,30.27976317404532,31.490227601149037,0.41629518600576265
15,regression,nested_one_se,30.27976317404532,30.937671409620613,0.9321487414871271
15,regression,null,30.27976317404532,36.01725971260384,0.37626259343912005
16,classification,cubic_polynomial,0.0,0.03916040535884235,0.008530417110240331
16,classification,current_solution,0.0,0.03916040534859899,0.008530416881746133
16,classification,linear,0.0,0.2639679222511422,0.02435450993415391
16,classification,nested_minimum,0.0,0.039602834929575094,0.010641252533104844
16,classification,nested_one_se,0.0,0.03916040534859899,0.008530416881746133
16,classification,null,0.0,0.32716666666666666,0.015181847902911109
16,regression,cubic_polynomial,23.012424679687857,26.267890516098394,0.31787305734285554
16,regression,current_solution,23.012424679687857,27.903771982627994,0.30965272368814634
16,regression,linear,23.012424679687857,34.504948199001845,0.5356729292827709
16,regression,nested_minimum,23.012424679687857,27.787979434039325,0.49319674234994376
16,regression,nested_one_se,23.012424679687857,26.84025055918933,0.81052660923163
16,regression,null,23.012424679687857,36.12951613982455,0.4139682333489698
17,classification,cubic_polynomial,0.0,0.062204094597848265,0.008975597045733875
17,classification,current_solution,0.0,0.06220409401928042,0.008975596856134525
17,classification,linear,0.0,0.30812573287934997,0.01899343356006488
17,classification,nested_minimum,0.0,0.0658808826458173,0.012557583030144601
17,classification,nested_one_se,0.0,0.06220409401928042,0.008975596856134525
17,classification,null,0.0,0.33166666666666667,0.013217891045025333
17,regression,cubic_polynomial,30.42545312544248,28.269450032839504,0.35382640064591475
17,regression,current_solution,30.42545312544248,29.41406733731072,0.3787047775470947
17,regression,linear,30.42545312544248,36.43111124319535,0.38251197183659524
17,regression,nested_minimum,30.42545312544248,29.184044813259323,0.4214888531645925
17,regression,nested_one_se,30.42545312544248,28.69925686649273,0.473987279532248
17,regression,null,30.42545312544248,36.22098362234566,0.27732455478778567
18,classification,cubic_polynomial,0.0,0.03549359545601187,0.008698244899894424
18,classification,current_solution,0.0,0.03549359569832236,0.008698245286177258
18,classification,linear,0.0,0.2487969945901537,0.02452904165444709
18,classification,nested_minimum,0.0,0.034733835768004075,0.009440486978220964
18,classification,nested_one_se,0.0,0.03549359569832236,0.008698245286177258
18,classification,null,0.0,0.3315,0.013400334530049667
18,regression,cubic_polynomial,29.980124005783264,25.415367449814973,0.30417919953521083
18,regression,current_solution,29.980124005783264,26.8980811065246,0.3047369511609125
18,regression,linear,29.980124005783264,33.29238273291267,0.38709117447779295
18,regression,nested_minimum,29.980124005783264,26.897581109248865,0.4019468548828421
18,regression,nested_one_se,29.980124005783264,26.282922754346707,0.9818000830054132
18,regression,null,29.980124005783264,36.197651917279096,0.34781692713618856
19,classification,cubic_polynomial,0.0,0.3413513240608867,0.03994758270338955
19,classification,current_solution,0.0,0.3413513251148972,0.0399475828969792
19,classification,linear,0.0,0.31135677277115936,0.03507728837021933
19,classification,nested_minimum,0.0,0.34177447865204513,0.04120456230636469
19,classification,nested_one_se,0.0,0.3413513251148972,0.0399475828969792
19,classification,null,0.0,0.32716666666666666,0.012434887887778056
19,regression,cubic_polynomial,36.61280593385216,40.34143123311521,0.3469544186007035
19,regression,current_solution,36.61280593385216,38.80340103375501,0.3841778393149085
19,regression,linear,36.61280593385216,40.18922822542474,0.64914187179155
19,regression,nested_minimum,36.61280593385216,39.08919387505957,0.43579213243585146
19,regression,nested_one_se,36.61280593385216,39.59074496876444,0.7460076793919319
19,regression,null,36.61280593385216,35.97412614499012,0.29411214623354687
20,classification,cubic_polynomial,0.0,0.3495895391841718,0.03697799646850361
20,classification,current_solution,0.0,0.34958953526013714,0.036977998143753896
20,classification,linear,0.0,0.3546996935807177,0.028632726163512506
20,classification,nested_minimum,0.0,0.34777568259007674,0.03500884524070841
20,classification,nested_one_se,0.0,0.34958953526013714,0.036977998143753896
20,classification,null,0.0,0.3225,0.014899085831710948
20,regression,cubic_polynomial,42.61289470819349,39.79369079460305,0.22067841064998378
20,regression,current_solution,42.61289470819349,37.47949334709943,0.33660014996510884
20,regression,linear,42.61289470819349,39.88068853082235,0.6593523587305304
20,regression,nested_minimum,42.61289470819349,37.61219743649972,0.42223651592502
20,regression,nested_one_se,42.61289470819349,38.7573400433926,1.0137096976234947
20,regression,null,42.61289470819349,36.01736354289415,0.35540044044127966
21,classification,cubic_polynomial,1.0,0.6221365669747915,0.06625053600677185
21,classification,current_solution,1.0,0.6221365670156787,0.06625053314189723
21,classification,linear,1.0,0.26088980502972,0.03649388471819421
21,classification,nested_minimum,1.0,0.5954524364768183,0.08413623707557251
21,classification,nested_one_se,1.0,0.6221365670156787,0.06625053314189723
21,classification,null,1.0,0.3188333333333333,0.015407305328033978
21,regression,cubic_polynomial,46.60395107482938,49.30637356464021,0.47098351848327363
21,regression,current_solution,46.60395107482938,48.009590588012806,0.5323282035497565
21,regression,linear,46.60395107482938,40.7114751400128,0.9456684074980359
21,regression,nested_minimum,46.60395107482938,48.0383008211986,0.8924451933519663
21,regression,nested_one_se,46.60395107482938,48.891034402824104,0.5618005040189143
21,regression,null,46.60395107482938,35.89172735685175,0.4090952176136686
22,classification,cubic_polynomial,1.0,0.18371339782527737,0.03340760389356881
22,classification,current_solution,1.0,0.1837133948806557,0.03340760264804987
22,classification,linear,1.0,0.4188754568475128,0.03284757624976408
22,classification,nested_minimum,1.0,0.17471379651548943,0.03802552255905212
22,classification,nested_one_se,1.0,0.1837133948806557,0.03340760264804987
22,classification,null,1.0,0.318,0.016588321608683124
22,regression,cubic_polynomial,37.50006038050381,31.738670398296545,0.28423835881280396
22,regression,current_solution,37.50006038050381,30.306055470778237,0.2729387651182334
22,regression,linear,37.50006038050381,35.03084077014944,0.5381612117485877
22,regression,nested_minimum,37.50006038050381,30.287786501266893,0.4232298534715416
22,regression,nested_one_se,37.50006038050381,31.26106937327312,0.8713334396197555
22,regression,null,37.50006038050381,36.00319840579165,0.38009744522765915
23,classification,cubic_polynomial,0.0,0.15632167109946943,0.03077375126124543
23,classification,current_solution,0.0,0.15632167015645132,0.030773749621988956
23,classification,linear,0.0,0.45836638317862893,0.03527907610889957
23,classification,nested_minimum,0.0,0.14985627954102443,0.034800850796530905
23,classification,nested_one_se,0.0,0.15632167015645132,0.030773749621988956
23,classification,null,0.0,0.32616666666666666,0.010478494671216506
23,regression,cubic_polynomial,29.403483965591118,32.43237230026789,0.38724767579847774
23,regression,current_solution,29.403483965591118,33.273304632840855,0.38941960722225266
23,regression,linear,29.403483965591118,39.37240786591576,0.7329983489227256
23,regression,nested_minimum,29.403483965591118,33.30536359659996,0.5490158832221377
23,regression,nested_one_se,29.403483965591118,33.04560920429167,0.754309039828906
23,regression,null,29.403483965591118,36.116695279725576,0.3585798722279838
24,classification,cubic_polynomial,0.0,0.09416251020383305,0.014783218163747364
24,classification,current_solution,0.0,0.09416251185542625,0.014783215036933663
24,classification,linear,0.0,0.2665965476251561,0.02003531962928335
24,classification,nested_minimum,0.0,0.09980925865558345,0.02589080288389258
24,classification,nested_one_se,0.0,0.09416251185542625,0.014783215036933663
24,classification,null,0.0,0.33083333333333337,0.016032474228423316
24,regression,cubic_polynomial,29.287259002599026,32.07787176823215,0.34627997552492107
24,regression,current_solution,29.287259002599026,33.40028471506612,0.36286888186758676
24,regression,linear,29.287259002599026,37.52738127326408,0.4459544578662399
24,regression,nested_minimum,29.287259002599026,33.087403499675965,0.38115274745886635
24,regression,nested_one_se,29.287259002599026,32.40779263360037,0.4374262746393581
24,regression,null,29.287259002599026,36.20328173524437,0.33345826334108203
25,classification,cubic_polynomial,1.0,0.850796695526004,0.03697606568619365
25,classification,current_solution,1.0,0.850796693979935,0.036976063658816574
25,classification,linear,1.0,0.388415527782554,0.04352832543271668
25,classification,nested_minimum,1.0,0.85334756381341,0.03569066453994397
25,classification,nested_one_se,1.0,0.850796693979935,0.036976063658816574
25,classification,null,1.0,0.32599999999999996,0.017140393911700972
25,regression,cubic_polynomial,58.30902456754248,55.60118049589524,0.5008688273553202
25,regression,current_solution,58.30902456754248,55.30921722558897,0.46275723692294
25,regression,linear,58.30902456754248,44.25712462724951,0.8629415417322202
25,regression,nested_minimum,58.30902456754248,54.80448232465025,1.0297947905218563
25,regression,nested_one_se,58.30902456754248,55.62317878803803,0.4782175795450522
25,regression,null,58.30902456754248,36.047930175362836,0.38285464123942636
26,classification,cubic_polynomial,0.0,0.068528211030924,0.012316394918504272
26,classification,current_solution,0.0,0.06852821253828736,0.012316394378387238
26,classification,linear,0.0,0.27949797333897125,0.025590585993959244
26,classification,nested_minimum,0.0,0.06596035047001397,0.014814510441105825
26,classification,nested_one_se,0.0,0.06852821253828736,0.012316394378387238
26,classification,null,0.0,0.32433333333333336,0.017701224063135682
26,regression,cubic_polynomial,31.217117048358546,29.860047777504487,0.2818470449037987
26,regression,current_solution,31.217117048358546,31.27276217631768,0.3273765342907683
26,regression,linear,31.217117048358546,35.79359497402276,0.4794262114631935
26,regression,nested_minimum,31.217117048358546,31.374307458670497,0.4430690265628277
26,regression,nested_one_se,31.217117048358546,30.53695520255012,1.0177545703618738
26,regression,null,31.217117048358546,36.11465744763732,0.3473633488612953
27,classification,cubic_polynomial,0.0,0.10345617386521958,0.02312187501639173
27,classification,current_solution,0.0,0.10345617362151875,0.023121874394984344
27,classification,linear,0.0,0.4675059010683425,0.03747715624709185
27,classification,nested_minimum,0.0,0.09569223349746217,0.030675620787640783
27,classification,nested_one_se,0.0,0.10345617362151875,0.023121874394984344
27,classification,null,0.0,0.3221666666666667,0.017154638124874638
27,regression,cubic_polynomial,33.30388749787203,29.00266479754699,0.3616011495671387
27,regression,current_solution,33.30388749787203,29.42158197363678,0.4013160952486123
27,regression,linear,33.30388749787203,37.417254797282126,0.542354731554457
27,regression,nested_minimum,33.30388749787203,29.470506091927394,0.4081743666847248
27,regression,nested_one_se,33.30388749787203,29.22550441929864,0.46933764341736134
27,regression,null,33.30388749787203,36.048455496741234,0.3919942888837629
28,classification,cubic_polynomial,0.0,0.4856645036237544,0.033829395597128914
28,classification,current_solution,0.0,0.4856644985789144,0.03382939746394245
28,classification,linear,0.0,0.38927880200173387,0.03962175483973603
28,classification,nested_minimum,0.0,0.4854086154605323,0.03503111853431967
28,classification,nested_one_se,0.0,0.4856644985789144,0.03382939746394245
28,classification,null,0.0,0.3253333333333333,0.015196036990935673
28,regression,cubic_polynomial,35.78204358819482,43.1189348812562,0.37785904362046197
28,regression,current_solution,35.78204358819482,40.90305317856505,0.5279112643865524
28,regression,linear,35.78204358819482,41.154564877296544,0.8782122953079996
28,regression,nested_minimum,35.78204358819482,41.01365824880556,0.6107825318256781
28,regression,nested_one_se,35.78204358819482,42.268701301036224,1.0375413426113982
28,regression,null,35.78204358819482,36.04781430932129,0.34282635763921915
29,classification,cubic_polynomial,0.0,0.07860285540942039,0.017164090845762182
29,classification,current_solution,0.0,0.07860285523613662,0.017164091055770866
29,classification,linear,0.0,0.23159299403265246,0.021499175037688157
29,classification,nested_minimum,0.0,0.0742071180238751,0.022289023048283063
29,classification,nested_one_se,0.0,0.07860285523613662,0.017164091055770866
29,classification,null,0.0,0.3218333333333333,0.014412837508883234
29,regression,cubic_polynomial,30.353214295980127,28.37760797672477,0.2706517892088113
29,regression,current_solution,30.353214295980127,27.720838466619252,0.2696312816418537
29,regression,linear,30.353214295980127,30.55033973987596,0.5019773770547344
29,regression,nested_minimum,30.353214295980127,27.74675514064519,0.34321319797322375
29,regression,nested_one_se,30.353214295980127,28.144192063381748,0.3485738520826216
29,regression,null,30.353214295980127,36.02633421293964,0.32977977798566216
30,classification,cubic_polynomial,0.0,0.11277734292516343,0.025278643686709384
30,classification,current_solution,0.0,0.11277734236765456,0.025278644366670277
30,classification,linear,0.0,0.22652700501403442,0.03247268043103585
30,classification,nested_minimum,0.0,0.1134337157956247,0.02515491070491514
30,classification,nested_one_se,0.0,0.11277734236765456,0.025278644366670277
30,classification,null,0.0,0.3268333333333333,0.016053967891380347
30,regression,cubic_polynomial,27.58381209462039,29.750620984390267,0.31964116819303445
30,regression,current_solution,27.58381209462039,28.555352014501757,0.31822590953676566
30,regression,linear,27.58381209462039,29.943137647992824,0.5619025104820407
30,regression,nested_minimum,27.58381209462039,28.600084324666547,0.35795717707268765
30,regression,nested_one_se,27.58381209462039,29.121566216026615,0.640399241677885
30,regression,null,27.58381209462039,36.08960006105679,0.3074788670302952
31,classification,cubic_polynomial,0.0,0.5009805917644667,0.04330688463198496
31,classification,current_solution,0.0,0.5009805908206252,0.04330688844525518
31,classification,linear,0.0,0.43404546466578403,0.02826458306682749
31,classification,nested_minimum,0.0,0.5154159116708235,0.060311829379045
31,classification,nested_one_se,0.0,0.5009805908206252,0.04330688844525518
31,classification,null,0.0,0.3285,0.01742718842934007
31,regression,cubic_polynomial,30.02347961557013,35.579148888965854,0.2940033633220196
31,regression,current_solution,30.02347961557013,33.67367776234667,0.34418749136482346
31,regression,linear,30.02347961557013,33.74174502280535,0.7007138083987173
31,regression,nested_minimum,30.02347961557013,33.68067800765117,0.42438418881436574
31,regression,nested_one_se,30.02347961557013,34.57498418042122,1.0778041229563107
31,regression,null,30.02347961557013,36.067078068270504,0.3265105250477587
32,classification,cubic_polynomial,0.0,0.07527269985150514,0.012063434101856903
32,classification,current_solution,0.0,0.07527269988831739,0.012063433719182637
32,classification,linear,0.0,0.4048827234340838,0.030151976385353715
32,classification,nested_minimum,0.0,0.0747011265110576,0.01579456905172991
32,classification,nested_one_se,0.0,0.07527269988831739,0.012063433719182637
32,classification,null,0.0,0.32933333333333337,0.015297809925141138
32,regression,cubic_polynomial,32.02329946650212,28.184877445945666,0.3004837449837045
32,regression,current_solution,32.02329946650212,29.445160250809625,0.27135415139971103
32,regression,linear,32.02329946650212,37.62368532875381,0.5983372861973921
32,regression,nested_minimum,32.02329946650212,29.332414673902967,0.3906815299120965
32,regression,nested_one_se,32.02329946650212,28.756947187213758,0.7491975517446707
32,regression,null,32.02329946650212,36.04872195305766,0.3673203737641999
33,classification,cubic_polynomial,0.0,0.36120930580639005,0.04402886960963305
33,classification,current_solution,0.0,0.36120930631653025,0.04402886956017679
33,classification,linear,0.0,0.35758487015524815,0.028934340124522118
33,classification,nested_minimum,0.0,0.36165979278727955,0.04716030757548695
33,classification,nested_one_se,0.0,0.36120930631653025,0.04402886956017679
33,classification,null,0.0,0.32783333333333337,0.01330564654141456
33,regression,cubic_polynomial,37.90331722127664,40.1681867183625,0.35303248316087893
33,regression,current_solution,37.90331722127664,38.737207270833125,0.35413600985163035
33,regression,linear,37.90331722127664,41.294651529740996,0.6339578403012447
33,regression,nested_minimum,37.90331722127664,39.03322511618424,0.49569526971390904
33,regression,nested_one_se,37.90331722127664,39.65379646025512,0.8478418600997383
33,regression,null,37.90331722127664,36.09460784401207,0.32229954918459564
34,classification,cubic_polynomial,1.0,0.562454107742896,0.04115054069837056
34,classification,current_solution,1.0,0.5624541040256701,0.041150542330114684
34,classification,linear,1.0,0.4028205015319053,0.04685947622674719
34,classification,nested_minimum,1.0,0.5469877753832179,0.07077329555612742
34,classification,nested_one_se,1.0,0.5624541040256701,0.041150542330114684
34,classification,null,1.0,0.32599999999999996,0.016784639940464467
34,regression,cubic_polynomial,38.41575495522556,44.911379085804434,0.2932492581251035
34,regression,current_solution,38.41575495522556,42.587620101713924,0.44617515044426376
34,regression,linear,38.41575495522556,41.701831790120735,0.7852303036717929
34,regression,nested_minimum,38.41575495522556,42.701809259944476,0.6493550243021534
34,regression,nested_one_se,38.41575495522556,44.13308848874736,0.9471366423252999
34,regression,null,38.41575495522556,36.102931168830494,0.286134456690866
35,classification,cubic_polynomial,1.0,0.3320885216033329,0.0369523824453309
35,classification,current_solution,1.0,0.3320885191581767,0.036952383128273765
35,classification,linear,1.0,0.39621347578356814,0.04143140869659097
35,classification,nested_minimum,1.0,0.33427819556684024,0.04135641114970795
35,classification,nested_one_se,1.0,0.3320885191581767,0.036952383128273765
35,classification,null,1.0,0.3221666666666667,0.01765001383868429
35,regression,cubic_polynomial,30.464494069637247,34.21378082350317,0.2617518353127996
35,regression,current_solution,30.464494069637247,32.27205557349057,0.2863541338156725
35,regression,linear,30.464494069637247,33.8756951137293,0.7501884719186217
35,regression,nested_minimum,30.464494069637247,32.27264058652141,0.3281771052990291
35,regression,nested_one_se,30.464494069637247,33.38194821261311,1.049299215953805
35,regression,null,30.464494069637247,36.011300209530226,0.3689896102190184
36,classification,cubic_polynomial,0.0,0.08768204198999864,0.015476116110806631
36,classification,current_solution,0.0,0.08768204179456497,0.015476116276848398
36,classification,linear,0.0,0.456569473427418,0.029316750832246614
36,classification,nested_minimum,0.0,0.08822313794028953,0.01609899276987013
36,classification,nested_one_se,0.0,0.08768204179456497,0.015476116276848398
36,classification,null,0.0,0.32716666666666666,0.013434601063936607
36,regression,cubic_polynomial,22.765743944659185,28.658996958260413,0.264550110669968
36,regression,current_solution,22.765743944659185,29.752631194198695,0.260361162902025
36,regression,linear,22.765743944659185,38.43332442113611,0.6192778555642906
36,regression,nested_minimum,22.765743944659185,29.84743329166654,0.31401205286384093
36,regression,nested_one_se,22.765743944659185,29.156267647522036,0.6822300743951344
36,regression,null,22.765743944659185,36.14166634638032,0.3060900678993368
37,classification,cubic_polynomial,0.0,0.19620827048473974,0.02625691102886286
37,classification,current_solution,0.0,0.1962082678019731,0.026256910663999624
37,classification,linear,0.0,0.21909403023769033,0.022844314092921144
37,classification,nested_minimum,0.0,0.19725887967697955,0.026851473800298696
37,classification,nested_one_se,0.0,0.1962082678019731,0.026256910663999624
37,classification,null,0.0,0.32283333333333336,0.012365366911279874
37,regression,cubic_polynomial,21.88077000644259,32.1334368325545,0.284072795677199
37,regression,current_solution,21.88077000644259,30.606163234506162,0.34261092862176434
37,regression,linear,21.88077000644259,29.425091484143437,0.6148807699298562
37,regression,nested_minimum,21.88077000644259,30.60919880196582,0.3643128073099005
37,regression,nested_one_se,21.88077000644259,31.506602877955025,0.804705006580354
37,regression,null,21.88077000644259,36.012845260876354,0.345344329457051
38,classification,cubic_polynomial,0.0,0.04226523604684122,0.009869081694432706
38,classification,current_solution,0.0,0.04226523549973822,0.009869082204598536
38,classification,linear,0.0,0.239614400092648,0.02775455212308744
38,classification,nested_minimum,0.0,0.04708778897524105,0.014540602332477085
38,classification,nested_one_se,0.0,0.04226523549973822,0.009869082204598536
38,classification,null,0.0,0.3275,0.01535499469452744
38,regression,cubic_polynomial,23.080720964392555,27.004127223491775,0.35854148301561906
38,regression,current_solution,23.080720964392555,28.38488233188281,0.37158265266251317
38,regression,linear,23.080720964392555,34.528811573299656,0.6851751563649997
38,regression,nested_minimum,23.080720964392555,28.177446955519954,0.41775196755165583
38,regression,nested_one_se,23.080720964392555,27.390888254787,0.5047026213309468
38,regression,null,23.080720964392555,36.08454775164339,0.33078964152218354
39,classification,cubic_polynomial,0.0,0.2099900651815882,0.04466986098815821
39,classification,current_solution,0.0,0.20999006733420422,0.04466986024019902
39,classification,linear,0.0,0.4199507532558707,0.046436999423505106
39,classification,nested_minimum,0.0,0.18872539286538262,0.056254850660116644
39,classification,nested_one_se,0.0,0.20999006733420422,0.04466986024019902
39,classification,null,0.0,0.3251666666666667,0.01895927274418789
39,regression,cubic_polynomial,31.94070506708436,33.43664842368557,0.29484538470849136
39,regression,current_solution,31.94070506708436,33.24947382816149,0.3909520372767914
39,regression,linear,31.94070506708436,37.28602105295014,0.5571477122598003
39,regression,nested_minimum,31.94070506708436,33.234757560317746,0.35998841574149976
39,regression,nested_one_se,31.94070506708436,33.40329172308875,0.3230513293387137
39,regression,null,31.94070506708436,36.03670271343139,0.392325792450545
40,classification,cubic_polynomial,1.0,0.29031489145704426,0.03163647264312107
40,classification,current_solution,1.0,0.29031488989325455,0.03163647237980533
40,classification,linear,1.0,0.2188730479638756,0.025991079413288255
40,classification,nested_minimum,1.0,0.2928613287428941,0.03391599803743656
40,classification,nested_one_se,1.0,0.29031488989325455,0.03163647237980533
40,classification,null,1.0,0.325,0.015536386656646625
40,regression,cubic_polynomial,36.37255023866561,33.535878920164286,0.3740241392175721
40,regression,current_solution,36.37255023866561,31.976798441548866,0.36460572905867145
40,regression,linear,36.37255023866561,28.830145332057857,0.7879972910192282
40,regression,nested_minimum,36.37255023866561,31.92112357188486,0.3727158747636188
40,regression,nested_one_se,36.37255023866561,32.56029256347594,0.8311562140366864
40,regression,null,36.37255023866561,36.150327747004354,0.3884503622672896
41,classification,cubic_polynomial,1.0,0.524486591476309,0.046453030132029643
41,classification,current_solution,1.0,0.524486581895058,0.04645303505205549
41,classification,linear,1.0,0.3820002458835754,0.031018550610406537
41,classification,nested_minimum,1.0,0.550817913463153,0.06853651172347743
41,classification,nested_one_se,1.0,0.524486581895058,0.04645303505205549
41,classification,null,1.0,0.31983333333333336,0.015113554850857734
41,regression,cubic_polynomial,32.33657935061437,36.36326796604571,0.3263043259820396
41,regression,current_solution,32.33657935061437,34.652869489412836,0.2612134785009871
41,regression,linear,32.33657935061437,32.81431304319722,0.6354945589655945
41,regression,nested_minimum,32.33657935061437,34.55742500200154,0.27412132639088127
41,regression,nested_one_se,32.33657935061437,35.258559879677186,0.9346752881062713
41,regression,null,32.33657935061437,36.00201150935375,0.3351644510092593
42,classification,cubic_polynomial,0.0,0.09743998525006439,0.016445874191563917
42,classification,current_solution,0.0,0.09743998588775465,0.016445873661233207
42,classification,linear,0.0,0.26148910679084564,0.02107541051256191
42,classification,nested_minimum,0.0,0.10149773275135736,0.023553030375842002
42,classification,nested_one_se,0.0,0.09743998588775465,0.016445873661233207
42,classification,null,0.0,0.319,0.014407852265225092
42,regression,cubic_polynomial,36.97210520810743,31.235932246753272,0.303975595938993
42,regression,current_solution,36.97210520810743,30.99169434534822,0.2833964126278
42,regression,linear,36.97210520810743,36.279660215692466,0.55656616849988
42,regression,nested_minimum,36.97210520810743,30.956506632537067,0.3942616614273601
42,regression,nested_one_se,36.97210520810743,30.95726501003123,0.4142595818175496
42,regression,null,36.97210520810743,35.93223485181037,0.3582752531038657
43,classification,cubic_polynomial,1.0,0.7228864474898733,0.04182575806435999
43,classification,current_solution,1.0,0.7228864472977404,0.04182576008873561
43,classification,linear,1.0,0.4312028010685706,0.038216483313295316
43,classification,nested_minimum,1.0,0.7332608291529932,0.052768707808330394
43,classification,nested_one_se,1.0,0.7228864472977404,0.04182576008873561
43,classification,null,1.0,0.32283333333333336,0.015181847902911121
43,regression,cubic_polynomial,41.72254091989009,38.77661780166054,0.38719044970417077
43,regression,current_solution,41.72254091989009,37.154993577213055,0.46867000792511043
43,regression,linear,41.72254091989009,33.41874355366123,0.7774993855054674
43,regression,nested_minimum,41.72254091989009,37.05594758539985,0.5255562401131619
43,regression,nested_one_se,41.72254091989009,38.05279776108221,1.041297323233823
43,regression,null,41.72254091989009,36.02702915401112,0.32244924095956656
44,classification,cubic_polynomial,0.0,0.14044044382140594,0.023230199023909614
44,classification,current_solution,0.0,0.1404404439276422,0.023230195527599834
44,classification,linear,0.0,0.400012380241212,0.034693654962728596
44,classification,nested_minimum,0.0,0.1292430526833929,0.033399164750381606
44,classification,nested_one_se,0.0,0.1404404439276422,0.023230195527599834
44,classification,null,0.0,0.32583333333333336,0.01956788948380931
44,regression,cubic_polynomial,38.50375078855891,31.733382744662837,0.26511402015303603
44,regression,current_solution,38.50375078855891,32.52094456191773,0.37638638231904936
44,regression,linear,38.50375078855891,37.707261815508,0.56301228784608
44,regression,nested_minimum,38.50375078855891,32.572905148155954,0.3992886151636371
44,regression,nested_one_se,38.50375078855891,32.21121752494985,0.6636143254889211
44,regression,null,38.50375078855891,36.08863233059624,0.4179113916134453
45,classification,cubic_polynomial,1.0,0.06546561894793727,0.01244715984426966
45,classification,current_solution,1.0,0.06546561951316184,0.01244715926359161
45,classification,linear,1.0,0.22539254897606062,0.02087786859544955
45,classification,nested_minimum,1.0,0.05929445121996525,0.01746646053745721
45,classification,nested_one_se,1.0,0.06546561951316184,0.01244715926359161
45,classification,null,1.0,0.322,0.01374647290185302
45,regression,cubic_polynomial,26.559032852553862,28.63800568770639,0.3051902155907496
45,regression,current_solution,26.559032852553862,27.896542329973336,0.3460256189971426
45,regression,linear,26.559032852553862,31.02687242553028,0.4841379558616999
45,regression,nested_minimum,26.559032852553862,27.931191063856538,0.3463800141723856
45,regression,nested_one_se,26.559032852553862,28.222561929009164,0.47540773585646806
45,regression,null,26.559032852553862,36.1350532465755,0.27704409823848847
46,classification,cubic_polynomial,0.0,0.6856208201989467,0.04132287208289776
46,classification,current_solution,0.0,0.6856208145240228,0.04132287471683283
46,classification,linear,0.0,0.2823343985673437,0.0251129035857636
46,classification,nested_minimum,0.0,0.6985391608072173,0.04973493381544484
46,classification,nested_one_se,0.0,0.6856208145240228,0.04132287471683283
46,classification,null,0.0,0.322,0.013620471408116189
46,regression,cubic_polynomial,36.73871410837325,37.92863954223855,0.280964378027124
46,regression,current_solution,36.73871410837325,37.19092501688049,0.33088519431016655
46,regression,linear,36.73871410837325,29.57734212697959,0.4291293337065974
46,regression,nested_minimum,36.73871410837325,37.15575829310278,0.33548594545690136
46,regression,nested_one_se,36.73871410837325,37.54165225249895,0.5379818640376188
46,regression,null,36.73871410837325,36.0628889127123,0.3383129312127677
47,classification,cubic_polynomial,0.0,0.297635504399452,0.035911370539559236
47,classification,current_solution,0.0,0.2976355028322692,0.03591137237781306
47,classification,linear,0.0,0.3754533351486533,0.03210742639678231
47,classification,nested_minimum,0.0,0.31471715366408076,0.05281435678859708
47,classification,nested_one_se,0.0,0.2976355028322692,0.03591137237781306
47,classification,null,0.0,0.32583333333333336,0.015317520582052735
47,regression,cubic_polynomial,37.32214987579447,38.177748620612526,0.38021229404652446
47,regression,current_solution,37.32214987579447,37.37616440398816,0.36841787736053805
47,regression,linear,37.32214987579447,40.93074943253293,0.5964008635889514
47,regression,nested_minimum,37.32214987579447,37.43607200773315,0.4326941968249343
47,regression,nested_one_se,37.32214987579447,37.7498655438109,0.7571499154983184
47,regression,null,37.32214987579447,35.978737896181116,0.34099260948412907
48,classification,cubic_polynomial,0.0,0.2565960317231698,0.040134220635460356
48,classification,current_solution,0.0,0.256596029110334,0.0401342203092289
48,classification,linear,0.0,0.24025524799682224,0.028512401256610587
48,classification,nested_minimum,0.0,0.24080181058164635,0.045823261734740196
48,classification,nested_one_se,0.0,0.256596029110334,0.0401342203092289
48,classification,null,0.0,0.3223333333333333,0.014664837921517161
48,regression,cubic_polynomial,32.50320606537343,39.24006611511968,0.3658446798288491
48,regression,current_solution,32.50320606537343,37.20373703032801,0.5046056778402674
48,regression,linear,32.50320606537343,37.379602032750924,0.8175853302570871
48,regression,nested_minimum,32.50320606537343,37.390043289816155,0.5761070180978567
48,regression,nested_one_se,32.50320606537343,38.3636776741239,0.9705941477301374
48,regression,null,32.50320606537343,35.98986231953064,0.35243316496828586
49,classification,cubic_polynomial,1.0,0.07111019588573951,0.015392111348734272
49,classification,current_solution,1.0,0.07111019665153209,0.015392111789047116
49,classification,linear,1.0,0.23314570558318423,0.028032315569014806
49,classification,nested_minimum,1.0,0.05433728114743257,0.02311859712000989
49,classification,nested_one_se,1.0,0.07111019665153209,0.015392111789047116
49,classification,null,1.0,0.31966666666666665,0.015477087254553344
49,regression,cubic_polynomial,35.072314309951544,30.421595233820913,0.3110048113153421
49,regression,current_solution,35.072314309951544,30.867349717634454,0.3484928908314799
49,regression,linear,35.072314309951544,33.702745155802354,0.5394277168777593
49,regression,nested_minimum,35.072314309951544,30.932904746874268,0.3549458419930677
49,regression,nested_one_se,35.072314309951544,30.76297621764081,0.5413945756183062
49,regression,null,35.072314309951544,35.93246795989346,0.399745299735316
50,classification,cubic_polynomial,0.0,0.37593860882935665,0.041149089900340156
50,classification,current_solution,0.0,0.37593860888292974,0.041149090729027976
50,classification,linear,0.0,0.22546112159325302,0.027538777191958092
50,classification,nested_minimum,0.0,0.39931886901114727,0.06806533973188147
50,classification,nested_one_se,0.0,0.37593860888292974,0.041149090729027976
50,classification,null,0.0,0.32466666666666666,0.01210110662746162
50,regression,cubic_polynomial,32.92166357588291,34.54005271071458,0.3570207501677653
50,regression,current_solution,32.92166357588291,33.11143337777632,0.4432272201352999
50,regression,linear,32.92166357588291,28.764632093219475,0.6313742088093691
50,regression,nested_minimum,32.92166357588291,33.070809656693214,0.4650711501993457
50,regression,nested_one_se,32.92166357588291,33.738203798542784,0.9133627317863307
50,regression,null,32.92166357588291,36.07211636478242,0.34067556351933864
51,classification,cubic_polynomial,0.0,0.1484281646505737,0.019757595292982627
51,classification,current_solution,0.0,0.14842816509624782,0.019757595824839328
51,classification,linear,0.0,0.29522147251317576,0.020134364140267886
51,classification,nested_minimum,0.0,0.15020055389300715,0.02054920288080708
51,classification,nested_one_se,0.0,0.14842816509624782,0.019757595824839328
51,classification,null,0.0,0.3218333333333333,0.014708860415159423
51,regression,cubic_polynomial,24.674948530894007,30.697072269897458,0.22141532111080292
51,regression,current_solution,24.674948530894007,29.400769927543667,0.20781474399698024
51,regression,linear,24.674948530894007,31.9691595293187,0.42727856938611136
51,regression,nested_minimum,24.674948530894007,29.521354848145016,0.2830776909551613
51,regression,nested_one_se,24.674948530894007,30.221329596236174,0.6735570897491042
51,regression,null,24.674948530894007,35.98978843551108,0.37692401630593886
52,classification,cubic_polynomial,0.0,0.3057486004472396,0.04244777409828238
52,classification,current_solution,0.0,0.305748602654276,0.04244777483725615
52,classification,linear,0.0,0.36805828931170276,0.04017800781920698
52,classification,nested_minimum,0.0,0.30738274177564523,0.049766332404136436
52,classification,nested_one_se,0.0,0.305748602654276,0.04244777483725615
52,classification,null,0.0,0.3295,0.013793426720349621
52,regression,cubic_polynomial,30.67714833527929,35.2234027264033,0.2136916754599395
52,regression,current_solution,30.67714833527929,34.06779450940151,0.30169290338503457
52,regression,linear,30.67714833527929,35.21580175795497,0.6126357188678807
52,regression,nested_minimum,30.67714833527929,34.06004759466171,0.3845859025893829
52,regression,nested_one_se,30.67714833527929,34.59089735630153,0.6960149278495116
52,regression,null,30.67714833527929,36.07857823111537,0.3259057740024663
53,classification,cubic_polynomial,1.0,0.3686774394938709,0.04517953647546574
53,classification,current_solution,1.0,0.3686774358040064,0.04517953831365817
53,classification,linear,1.0,0.45248625054235975,0.03675080411450063
53,classification,nested_minimum,1.0,0.3638834205827854,0.05161116945210643
53,classification,nested_one_se,1.0,0.3686774358040064,0.04517953831365817
53,classification,null,1.0,0.32433333333333336,0.013437809071559182
53,regression,cubic_polynomial,31.575032807088167,39.46658100593412,0.4326749608280361
53,regression,current_solution,31.575032807088167,37.39506894209178,0.48517052768838215
53,regression,linear,31.575032807088167,41.993138792993854,0.9804558968690247
53,regression,nested_minimum,31.575032807088167,37.55644529129133,0.4669360258640066
53,regression,nested_one_se,31.575032807088167,38.99845108858885,0.9487187621922392
53,regression,null,31.575032807088167,36.08639007782558,0.38366160635437613
54,classification,cubic_polynomial,0.0,0.0748588289517992,0.012107009201157056
54,classification,current_solution,0.0,0.0748588286320502,0.012107008302548681
54,classification,linear,0.0,0.3999662888330571,0.02208098397393562
54,classification,nested_minimum,0.0,0.07395718423226243,0.01887502001829899
54,classification,nested_one_se,0.0,0.0748588286320502,0.012107008302548681
54,classification,null,0.0,0.3275,0.014248411889726876
54,regression,cubic_polynomial,31.8942378445278,28.17513395626411,0.25392316643549234
54,regression,current_solution,31.8942378445278,29.489870893051037,0.2198208560785198
54,regression,linear,31.8942378445278,37.561734845080835,0.5155364910971677
54,regression,nested_minimum,31.8942378445278,29.38147161539488,0.37973131943030264
54,regression,nested_one_se,31.8942378445278,28.878166586231526,0.6417896279131315
54,regression,null,31.8942378445278,36.09614012764591,0.4068253258112576
55,classification,cubic_polynomial,0.0,0.03945627062990479,0.008986258592878854
55,classification,current_solution,0.0,0.03945627037670942,0.008986258584790272
55,classification,linear,0.0,0.25890184064447747,0.024810371334086864
55,classification,nested_minimum,0.0,0.040159286059421644,0.012024695359145346
55,classification,nested_one_se,0.0,0.03945627037670942,0.008986258584790272
55,classification,null,0.0,0.3305,0.01493376179598798
55,regression,cubic_polynomial,17.79273345537374,26.63280698213418,0.30058332189389564
55,regression,current_solution,17.79273345537374,28.218144435946076,0.2786503154480708
55,regression,linear,17.79273345537374,34.67604158916529,0.5243540112165126
55,regression,nested_minimum,17.79273345537374,28.14636287519825,0.3267537757533162
55,regression,nested_one_se,17.79273345537374,27.502339644778704,0.7620198514277363
55,regression,null,17.79273345537374,36.15022198157179,0.2879570914650988
56,classification,cubic_polynomial,0.0,0.20647006749681507,0.02137679074284071
56,classification,current_solution,0.0,0.20647006451759042,0.021376790580702854
56,classification,linear,0.0,0.38917356576575485,0.02558570269159832
56,classification,nested_minimum,0.0,0.21736334196813595,0.0352551228945471
56,classification,nested_one_se,0.0,0.20647006451759042,0.021376790580702854
56,classification,null,0.0,0.3221666666666667,0.016118276910846063
56,regression,cubic_polynomial,33.70842418930738,34.69435089650436,0.35471290076413053
56,regression,current_solution,33.70842418930738,33.62494041127305,0.38370270201843304
56,regression,linear,33.70842418930738,39.607779690513404,0.6135881478685288
56,regression,nested_minimum,33.70842418930738,33.72324278119591,0.6286115075125104
56,regression,nested_one_se,33.70842418930738,34.23603162010882,0.8403157828707707
56,regression,null,33.70842418930738,36.030062792992474,0.3198192119868386
57,classification,cubic_polynomial,0.0,0.046676948165515375,0.009488146595346116
57,classification,current_solution,0.0,0.046676947345986035,0.00948814637883795
57,classification,linear,0.0,0.21580306202556684,0.022936994708154836
57,classification,nested_minimum,0.0,0.04404688285232583,0.012998948102712191
57,classification,nested_one_se,0.0,0.046676947345986035,0.00948814637883795
57,classification,null,0.0,0.32433333333333336,0.013879613761229799
57,regression,cubic_polynomial,36.06488032142451,26.623888601030828,0.34102431888461254
57,regression,current_solution,36.06488032142451,26.63155908085361,0.33112360185461165
57,regression,linear,36.06488032142451,30.844777533235796,0.5259803892766358
57,regression,nested_minimum,36.06488032142451,26.63474709471279,0.35617318020219346
57,regression,nested_one_se,36.06488032142451,26.687762160553135,0.34760895229901634
57,regression,null,36.06488032142451,36.05931651056973,0.3249153275755266
58,classification,cubic_polynomial,0.0,0.1207670326536972,0.022959658827683062
58,classification,current_solution,0.0,0.12076703586857018,0.022959655059983448
58,classification,linear,0.0,0.29551472669189255,0.025729118700931208
58,classification,nested_minimum,0.0,0.1427310037907993,0.052243982122970475
58,classification,nested_one_se,0.0,0.12076703586857018,0.022959655059983448
58,classification,null,0.0,0.32433333333333336,0.017005746155310277
58,regression,cubic_polynomial,33.00809555794632,33.00653016301175,0.3121230561724139
58,regression,current_solution,33.00809555794632,33.937383358538725,0.3861453145523163
58,regression,linear,33.00809555794632,38.289862995099675,0.588251316389715
58,regression,nested_minimum,33.00809555794632,33.663798031495006,0.42304283444220575
58,regression,nested_one_se,33.00809555794632,33.155766934363,0.36512622863152666
58,regression,null,33.00809555794632,35.99550187736437,0.3848620191711477
59,classification,cubic_polynomial,1.0,0.8853061184540264,0.035270609322893776
59,classification,current_solution,1.0,0.8853061164092344,0.035270610582686567
59,classification,linear,1.0,0.3178575282311037,0.03686298728467821
59,classification,nested_minimum,1.0,0.8865156811904777,0.05403007823829626
59,classification,nested_one_se,1.0,0.8853061164092344,0.035270610582686567
59,classification,null,1.0,0.3195,0.013604639168186402
59,regression,cubic_polynomial,61.472335590390514,60.24644548163224,1.126735606310374
59,regression,current_solution,61.472335590390514,65.47394892479399,1.5356764371758271
59,regression,linear,61.472335590390514,41.33206643708199,0.8335797522831632
59,regression,nested_minimum,61.472335590390514,66.36009827465618,3.187357778476138
59,regression,nested_one_se,61.472335590390514,62.22927465075881,2.3687718365246946
59,regression,null,61.472335590390514,35.890020256910965,0.33434769282360616
60,classification,cubic_polynomial,0.0,0.04633696057459891,0.008938862493011903
60,classification,current_solution,0.0,0.046336960776721,0.008938862096491421
60,classification,linear,0.0,0.23112599288573535,0.02255181550350617
60,classification,nested_minimum,0.0,0.04384066646261942,0.012078555067328862
60,classification,nested_one_se,0.0,0.046336960776721,0.008938862096491421
60,classification,null,0.0,0.33016666666666666,0.014708860415159414
60,regression,cubic_polynomial,35.63941863033007,26.313209416935454,0.2764523153021458
60,regression,current_solution,35.63941863033007,26.461648761307867,0.28030400900153296
60,regression,linear,35.63941863033007,31.243722270894306,0.49274961609678836
60,regression,nested_minimum,35.63941863033007,26.60964857450074,0.32909199286687585
60,regression,nested_one_se,35.63941863033007,26.62468045192793,0.37395752671051635
60,regression,null,35.63941863033007,36.15843668345976,0.357124545908135
61,classification,cubic_polynomial,1.0,0.08101262448136301,0.01563990513847728
61,classification,current_solution,1.0,0.08101262499189552,0.015639904388326718
61,classification,linear,1.0,0.4368134581456198,0.035652251317811454
61,classification,nested_minimum,1.0,0.07713811224340326,0.01738402833453217
61,classification,nested_one_se,1.0,0.08101262499189552,0.015639904388326718
61,classification,null,1.0,0.32083333333333336,0.016351912960606917
61,regression,cubic_polynomial,30.998734034754257,29.101245077118403,0.3469292035186437
61,regression,current_solution,30.998734034754257,30.25168935123911,0.3067967683505052
61,regression,linear,30.998734034754257,38.96984532525532,0.7197491424562158
61,regression,nested_minimum,30.998734034754257,30.120364047694984,0.38240946917643825
61,regression,nested_one_se,30.998734034754257,29.548326716494422,0.652038660671886
61,regression,null,30.998734034754257,36.11555956185548,0.36086446175452763
62,classification,cubic_polynomial,0.0,0.2926988446161665,0.046530176732434786
62,classification,current_solution,0.0,0.2926988458526928,0.04653017320103206
62,classification,linear,0.0,0.30915927561791556,0.03764742782152819
62,classification,nested_minimum,0.0,0.2933942701021984,0.05693828904808412
62,classification,nested_one_se,0.0,0.2926988458526928,0.04653017320103206
62,classification,null,0.0,0.3188333333333333,0.015463156062146523
62,regression,cubic_polynomial,35.159906087835985,34.98081063108194,0.20791521468361546
62,regression,current_solution,35.159906087835985,33.766087540118534,0.24229124876618083
62,regression,linear,35.159906087835985,33.653887089564186,0.6146172745962843
62,regression,nested_minimum,35.159906087835985,33.755048473895265,0.25437951481864274
62,regression,nested_one_se,35.159906087835985,34.23477842270388,0.6841053705324902
62,regression,null,35.159906087835985,35.89378235986139,0.301917045611781
63,classification,cubic_polynomial,1.0,0.9123404707799503,0.027319115046549495
63,classification,current_solution,1.0,0.9123404673143581,0.027319116167316648
63,classification,linear,1.0,0.3099818390254686,0.030141733330397002
63,classification,nested_minimum,1.0,0.9023892437862586,0.034725332769678346
63,classification,nested_one_se,1.0,0.9123404673143581,0.027319116167316648
63,classification,null,1.0,0.316,0.015503058652608117
63,regression,cubic_polynomial,43.516927863391246,42.4169596259424,0.5235910113238824
63,regression,current_solution,43.516927863391246,43.95226590940647,0.46310664459722023
63,regression,linear,43.516927863391246,29.649329430873895,0.7779260137596364
63,regression,nested_minimum,43.516927863391246,43.92258552961755,0.48024612743554185
63,regression,nested_one_se,43.516927863391246,42.92267826015822,0.9278501844014354
63,regression,null,43.516927863391246,35.88110929577105,0.3209140811145786
64,classification,cubic_polynomial,0.0,0.06396000390948874,0.011071770486296982
64,classification,current_solution,0.0,0.06396000376986918,0.011071770927429506
64,classification,linear,0.0,0.3730853287870057,0.020533123088662023
64,classification,nested_minimum,0.0,0.05962672205912919,0.014518300104476177
64,classification,nested_one_se,0.0,0.06396000376986918,0.011071770927429506
64,classification,null,0.0,0.3255,0.013979665034712322
64,regression,cubic_polynomial,33.061497938248834,27.38206646027929,0.21242807456771837
64,regression,current_solution,33.061497938248834,28.455639494682565,0.24244491124320983
64,regression,linear,33.061497938248834,36.05049767313327,0.4630437256071911
64,regression,nested_minimum,33.061497938248834,28.485545045905404,0.31474615116817384
64,regression,nested_one_se,33.061497938248834,27.967530207542737,0.7583777904899499
64,regression,null,33.061497938248834,36.1138425552847,0.31347342372180687
65,classification,cubic_polynomial,0.0,0.08614867439431918,0.013539534912634541
65,classification,current_solution,0.0,0.08614867501237407,0.01353953573849615
65,classification,linear,0.0,0.2680497989402816,0.02393615038010301
65,classification,nested_minimum,0.0,0.08163425057302852,0.019615777157619637
65,classification,nested_one_se,0.0,0.08614867501237407,0.01353953573849615
65,classification,null,0.0,0.3236666666666667,0.013321834121764783
65,regression,cubic_polynomial,31.224772076265047,30.42317355978853,0.2774050438872141
65,regression,current_solution,31.224772076265047,31.06293916225857,0.2659125113506908
65,regression,linear,31.224772076265047,34.329089035375496,0.4240430477058918
65,regression,nested_minimum,31.224772076265047,31.12622576951619,0.3011723565509985
65,regression,nested_one_se,31.224772076265047,30.825888672442154,0.5269943960317873
65,regression,null,31.224772076265047,36.01622258136569,0.3405246787518948
66,classification,cubic_polynomial,0.0,0.033665283051112785,0.009064811402450447
66,classification,current_solution,0.0,0.03366528282754704,0.009064811854240995
66,classification,linear,0.0,0.23463657295818477,0.024997399243587886
66,classification,nested_minimum,0.0,0.03298509798692434,0.010870767264110995
66,classification,nested_one_se,0.0,0.03366528282754704,0.009064811854240995
66,classification,null,0.0,0.32733333333333337,0.015632268424382763
66,regression,cubic_polynomial,28.839114073705044,25.741649931153507,0.2922279201562441
66,regression,current_solution,28.839114073705044,27.357400445231363,0.3424750402815974
66,regression,linear,28.839114073705044,33.73824139221349,0.4983450350344772
66,regression,nested_minimum,28.839114073705044,27.39935127394961,0.3260270586712384
66,regression,nested_one_se,28.839114073705044,26.50714532646947,0.8932283045864189
66,regression,null,28.839114073705044,36.199283023412946,0.34099550900362685
67,classification,cubic_polynomial,0.0,0.2127377069131734,0.03731334550416781
67,classification,current_solution,0.0,0.21273771035736125,0.037313343867692465
67,classification,linear,0.0,0.2975654475322395,0.02673222286081058
67,classification,nested_minimum,0.0,0.20997266670788514,0.03508682110486326
67,classification,nested_one_se,0.0,0.21273771035736125,0.037313343867692465
67,classification,null,0.0,0.32883333333333337,0.015238524983677424
67,regression,cubic_polynomial,33.20578097553505,33.82137508567663,0.29075206730369085
67,regression,current_solution,33.20578097553505,32.88166249023371,0.2957951797994753
67,regression,linear,33.20578097553505,33.746418029993414,0.5484724148572452
67,regression,nested_minimum,33.20578097553505,32.94147972552337,0.324202124255874
67,regression,nested_one_se,33.20578097553505,33.48336293719352,0.5576681482757117
67,regression,null,33.20578097553505,36.149006950851465,0.3376836032894743
68,classification,cubic_polynomial,0.0,0.7111047477317545,0.044622538316480845
68,classification,current_solution,0.0,0.7111047433857702,0.04462254106925067
68,classification,linear,0.0,0.47784277937356145,0.04853791209381763
68,classification,nested_minimum,0.0,0.6971915407908436,0.05622734809697862
68,classification,nested_one_se,0.0,0.7111047433857702,0.04462254106925067
68,classification,null,0.0,0.32599999999999996,0.015108800815053645
68,regression,cubic_polynomial,45.64043580075683,47.415190391598905,0.45739316471743047
68,regression,current_solution,45.64043580075683,45.2135351568763,0.5190684068115698
68,regression,linear,45.64043580075683,43.12408462982233,0.9305861110334314
68,regression,nested_minimum,45.64043580075683,45.185139810949956,0.7010807958318978
68,regression,nested_one_se,45.64043580075683,46.600772389762916,0.9814678529574901
68,regression,null,45.64043580075683,36.130276090930586,0.34558714511560146
69,classification,cubic_polynomial,0.0,0.8266039557391927,0.040109689267304544
69,classification,current_solution,0.0,0.8266039549337372,0.04010968947493242
69,classification,linear,0.0,0.246146207309392,0.030225774215864958
69,classification,nested_minimum,0.0,0.8676534593384796,0.052222974932316674
69,classification,nested_one_se,0.0,0.8266039549337372,0.04010968947493242
69,classification,null,0.0,0.325,0.015425013273341415
69,regression,cubic_polynomial,58.95817596371163,55.33410028515696,0.7999172095176696
69,regression,current_solution,58.95817596371163,58.04189589795381,0.8463741549852387
69,regression,linear,58.95817596371163,38.95973371641539,0.8295003442578414
69,regression,nested_minimum,58.95817596371163,57.860829492126065,0.8898372930639828
69,regression,nested_one_se,58.95817596371163,56.36685250472144,1.4878958205714312
69,regression,null,58.95817596371163,35.969805643130144,0.3779452220277171
70,classification,cubic_polynomial,0.0,0.04673919601290388,0.008400333643305162
70,classification,current_solution,0.0,0.046739195651878514,0.008400334107404667
70,classification,linear,0.0,0.2894537968671714,0.022215098859790228
70,classification,nested_minimum,0.0,0.04758242653725709,0.010492823538226625
70,classification,nested_one_se,0.0,0.046739195651878514,0.008400334107404667
70,classification,null,0.0,0.3235,0.016355427233796127
70,regression,cubic_polynomial,31.912812394282817,26.59033039237023,0.22179304232480657
70,regression,current_solution,31.912812394282817,28.078367622555497,0.2668445866134986
70,regression,linear,31.912812394282817,35.13224920187043,0.467393417414254
70,regression,nested_minimum,31.912812394282817,28.022227569897762,0.28907757114707505
70,regression,nested_one_se,31.912812394282817,27.134894785651674,0.7879423500819515
70,regression,null,31.912812394282817,36.12290475268278,0.3569176974968147
71,classification,cubic_polynomial,1.0,0.38777862117532214,0.04831290289768049
71,classification,current_solution,1.0,0.38777862391723317,0.04831289695671286
71,classification,linear,1.0,0.4005617272167426,0.04222886410240436
71,classification,nested_minimum,1.0,0.3884100327557236,0.04795864826814341
71,classification,nested_one_se,1.0,0.38777862391723317,0.04831289695671286
71,classification,null,1.0,0.3203333333333333,0.018048466041101174
71,regression,cubic_polynomial,37.21514725023948,40.86189706592142,0.32543521108409484
71,regression,current_solution,37.21514725023948,39.3631530233116,0.3264108365744322
71,regression,linear,37.21514725023948,42.51089572680271,0.6012016441863632
71,regression,nested_minimum,37.21514725023948,39.475541286282905,0.3590391883130169
71,regression,nested_one_se,37.21514725023948,40.146044251670034,0.8876591254874567
71,regression,null,37.21514725023948,36.081216026489884,0.3565570087132561
72,classification,cubic_polynomial,1.0,0.841418368931553,0.03822992327017641
72,classification,current_solution,1.0,0.8414183657794553,0.03822992917920294
72,classification,linear,1.0,0.3784428331755357,0.043282600660051324
72,classification,nested_minimum,1.0,0.8442425059113021,0.04575440470981082
72,classification,nested_one_se,1.0,0.8414183657794553,0.03822992917920294
72,classification,null,1.0,0.31783333333333336,0.016540615285502203
72,regression,cubic_polynomial,50.7085995287337,55.49350576059955,0.6100182923533164
72,regression,current_solution,50.7085995287337,56.82378329607252,0.6453807660924789
72,regression,linear,50.7085995287337,42.18378607611318,0.8020594095229676
72,regression,nested_minimum,50.7085995287337,56.75050647859671,0.6572533999436834
72,regression,nested_one_se,50.7085995287337,56.012365532024084,0.7883814245314236
72,regression,null,50.7085995287337,35.985649822363506,0.3326395330616809
73,classification,cubic_polynomial,0.0,0.03115754986686185,0.00919194529206798
73,classification,current_solution,0.0,0.031157549577062436,0.00919194567807218
73,classification,linear,0.0,0.22388110595346009,0.025932550814945467
73,classification,nested_minimum,0.0,0.028201402123812804,0.011350808413236794
73,classification,nested_one_se,0.0,0.031157549577062436,0.00919194567807218
73,classification,null,0.0,0.3298333333333333,0.016161007422792063
73,regression,cubic_polynomial,25.27309468882584,25.15687214034413,0.2905033194461131
73,regression,current_solution,25.27309468882584,26.471435942443573,0.2815981248129173
73,regression,linear,25.27309468882584,32.29012230070109,0.4314131908906879
73,regression,nested_minimum,25.27309468882584,26.535836051836334,0.38868521435037606
73,regression,nested_one_se,25.27309468882584,25.90506938617353,0.9592296040057722
73,regression,null,25.27309468882584,36.044906021582094,0.36879718213419826
74,classification,cubic_polynomial,1.0,0.3216521640653824,0.03706049019716303
74,classification,current_solution,1.0,0.3216521672767752,0.03706049399257447
74,classification,linear,1.0,0.4447045599924934,0.03792328158777278
74,classification,nested_minimum,1.0,0.3316619724866959,0.053521114133928294
74,classification,nested_one_se,1.0,0.3216521672767752,0.03706049399257447
74,classification,null,1.0,0.3268333333333333,0.015837718690939466
74,regression,cubic_polynomial,35.93965121428399,38.84559528833579,0.4997288520371603
74,regression,current_solution,35.93965121428399,38.116815947010785,0.42571490038364446
74,regression,linear,35.93965121428399,43.04659452681814,0.8583443552015392
74,regression,nested_minimum,35.93965121428399,38.21250355836981,0.5956150163093283
74,regression,nested_one_se,35.93965121428399,38.29576120439363,0.8604071055860223
74,regression,null,35.93965121428399,36.09024888924896,0.38880813550986015
75,classification,cubic_polynomial,1.0,0.3876302346058241,0.02945645429438251
75,classification,current_solution,1.0,0.3876302308635363,0.029456454023213004
75,classification,linear,1.0,0.3123112365242761,0.02908871052449306
75,classification,nested_minimum,1.0,0.3940213331732127,0.03396993009851598
75,classification,nested_one_se,1.0,0.3876302308635363,0.029456454023213004
75,classification,null,1.0,0.32083333333333336,0.012937737726173942
75,regression,cubic_polynomial,34.6050044194971,34.899995865076335,0.24521888969703026
75,regression,current_solution,34.6050044194971,33.06715015957124,0.24978789347373873
75,regression,linear,34.6050044194971,31.520131296644557,0.6210313498126859
75,regression,nested_minimum,34.6050044194971,33.025727293021795,0.2758630448009074
75,regression,nested_one_se,34.6050044194971,34.107705243470484,1.0680324337839586
75,regression,null,34.6050044194971,36.077062591243475,0.34855127139145864
76,classification,cubic_polynomial,0.0,0.2598960721037201,0.028825106178764714
76,classification,current_solution,0.0,0.2598960719409849,0.028825106708778525
76,classification,linear,0.0,0.3231614490778009,0.026860345145141205
76,classification,nested_minimum,0.0,0.2650414105856975,0.030028875327441227
76,classification,nested_one_se,0.0,0.2598960719409849,0.028825106708778525
76,classification,null,0.0,0.32416666666666666,0.013070322617798445
76,regression,cubic_polynomial,32.22500687490548,32.872724019462794,0.2103114593903359
76,regression,current_solution,32.22500687490548,31.10806258384949,0.3019304119428195
76,regression,linear,32.22500687490548,31.966167330381886,0.5187024412064715
76,regression,nested_minimum,32.22500687490548,31.05938190989616,0.300252329958601
76,regression,nested_one_se,32.22500687490548,32.19904813402605,1.0190835511287812
76,regression,null,32.22500687490548,36.09514995391948,0.32832769710155074
77,classification,cubic_polynomial,0.0,0.2550267640722508,0.0426014931457084
77,classification,current_solution,0.0,0.25502676241546524,0.042601491733682204
77,classification,linear,0.0,0.20835588887247306,0.028773014012216394
77,classification,nested_minimum,0.0,0.2598026049819626,0.05189618777745087
77,classification,nested_one_se,0.0,0.25502676241546524,0.042601491733682204
77,classification,null,0.0,0.3285,0.016249668431630577
77,regression,cubic_polynomial,35.212808481176914,32.90593134613243,0.36287173770586006
77,regression,current_solution,35.212808481176914,31.310496242423962,0.39988111713016616
77,regression,linear,35.212808481176914,28.632670651655722,0.5513536120590368
77,regression,nested_minimum,35.212808481176914,31.3213475843792,0.38917502652738906
77,regression,nested_one_se,35.212808481176914,32.07880470396487,0.9027023869270302
77,regression,null,35.212808481176914,36.030094232494854,0.386957613719028
78,classification,cubic_polynomial,0.0,0.21535364161631254,0.030493619533124006
78,classification,current_solution,0.0,0.21535364293440898,0.030493617001055306
78,classification,linear,0.0,0.38409953519856593,0.03402783681382036
78,classification,nested_minimum,0.0,0.2299976184627205,0.05633189597226988
78,classification,nested_one_se,0.0,0.21535364293440898,0.030493617001055306
78,classification,null,0.0,0.322,0.014890404223224922
78,regression,cubic_polynomial,40.806434624565625,35.63142307125251,0.2927888975498181
78,regression,current_solution,40.806434624565625,35.83002230383882,0.3931076738428779
78,regression,linear,40.806434624565625,40.870444338836464,0.6236619549881187
78,regression,nested_minimum,40.806434624565625,35.7566094638165,0.4753518304371627
78,regression,nested_one_se,40.806434624565625,35.48497081260715,0.37565016752356145
78,regression,null,40.806434624565625,36.02174214239112,0.36947607843055275
79,classification,cubic_polynomial,0.0,0.09776178859603232,0.015737989784772685
79,classification,current_solution,0.0,0.09776179075526044,0.015737989204434862
79,classification,linear,0.0,0.2860687997298811,0.02322293589757901
79,classification,nested_minimum,0.0,0.09310452502473524,0.020344100590634472
79,classification,nested_one_se,0.0,0.09776179075526044,0.015737989204434862
79,classification,null,0.0,0.32633333333333336,0.016760654528683687
79,regression,cubic_polynomial,37.91060604953383,30.918481401199987,0.28473886136932924
79,regression,current_solution,37.91060604953383,31.353427655208073,0.30922566286840913
79,regression,linear,37.91060604953383,34.79480630609088,0.42622347987297315
79,regression,nested_minimum,37.91060604953383,31.421018714011815,0.2844022747989215
79,regression,nested_one_se,37.91060604953383,31.213465770096562,0.42484345540244983
79,regression,null,37.91060604953383,36.047803990426694,0.34170535308904804
80,classification,cubic_polynomial,1.0,0.38632921616100546,0.04227916482688116
80,classification,current_solution,1.0,0.38632921745441995,0.042279163743775064
80,classification,linear,1.0,0.2587352618978398,0.031096800846576542
80,classification,nested_minimum,1.0,0.39622308863230776,0.041017316824691986
80,classification,nested_one_se,1.0,0.38632921745441995,0.042279163743775064
80,classification,null,1.0,0.3218333333333333,0.012140224770211823
80,regression,cubic_polynomial,37.791163999579005,36.78541628661291,0.2758944796090598
80,regression,current_solution,37.791163999579005,35.3630749177872,0.2990764477374681
80,regression,linear,37.791163999579005,32.20577886828236,0.6420643304187242
80,regression,nested_minimum,37.791163999579005,35.34280370361689,0.2884367506387105
80,regression,nested_one_se,37.791163999579005,36.1145286338066,0.7538212355391947
80,regression,null,37.791163999579005,36.074887912849775,0.3211676174903711
81,classification,cubic_polynomial,0.0,0.34776246595573834,0.02662857555269104
81,classification,current_solution,0.0,0.34776246504908553,0.026628575910419644
81,classification,linear,0.0,0.37811111964457733,0.033587846939863227
81,classification,nested_minimum,0.0,0.3412173987592926,0.03204285978029054
81,classification,nested_one_se,0.0,0.34776246504908553,0.026628575910419644
81,classification,null,0.0,0.327,0.014656997857914016
81,regression,cubic_polynomial,43.79510130941284,39.20699210426413,0.2653704187361402
81,regression,current_solution,43.79510130941284,36.94737638629512,0.37986654362374495
81,regression,linear,43.79510130941284,40.161736370998604,0.7965856424779386
81,regression,nested_minimum,43.79510130941284,37.144819379383264,0.4113253016772123
81,regression,nested_one_se,43.79510130941284,38.2309804296245,1.0950660261668905
81,regression,null,43.79510130941284,36.04251041603406,0.3465271349783249
82,classification,cubic_polynomial,1.0,0.14975768089514968,0.030140298765802216
82,classification,current_solution,1.0,0.14975768093122416,0.030140299143808762
82,classification,linear,1.0,0.3935955096660078,0.0329039362127079
82,classification,nested_minimum,1.0,0.146959412635697,0.03423644900994939
82,classification,nested_one_se,1.0,0.14975768093122416,0.030140299143808762
82,classification,null,1.0,0.32133333333333336,0.0157531241200033
82,regression,cubic_polynomial,27.76449349888096,30.871622443048214,0.31298161378876865
82,regression,current_solution,27.76449349888096,29.837729154463243,0.3967349599538599
82,regression,linear,27.76449349888096,34.686076477867765,0.5704777321055551
82,regression,nested_minimum,27.76449349888096,29.79368450071861,0.4440117138225526
82,regression,nested_one_se,27.76449349888096,30.355257985921284,0.6632769794393547
82,regression,null,27.76449349888096,36.08547858420538,0.32535300974345394
83,classification,cubic_polynomial,1.0,0.600298190986155,0.04813011179536848
83,classification,current_solution,1.0,0.6002981882467224,0.048130113628489485
83,classification,linear,1.0,0.24820379429947778,0.03122666422686737
83,classification,nested_minimum,1.0,0.60785918667526,0.05286544565862
83,classification,nested_one_se,1.0,0.6002981882467224,0.048130113628489485
83,classification,null,1.0,0.32433333333333336,0.019684289785710223
83,regression,cubic_polynomial,36.89265056411734,37.29195873709653,0.23804701688797292
83,regression,current_solution,36.89265056411734,36.57167560915376,0.27157198443691277
83,regression,linear,36.89265056411734,28.95121874658708,0.49186564130706356
83,regression,nested_minimum,36.89265056411734,36.50091007097673,0.29758993241456294
83,regression,nested_one_se,36.89265056411734,36.96474877950949,0.5189559649417801
83,regression,null,36.89265056411734,36.13257943238128,0.34230883379363514
84,classification,cubic_polynomial,0.0,0.15019401424269146,0.026636971892699552
84,classification,current_solution,0.0,0.15019401387316586,0.026636972845886422
84,classification,linear,0.0,0.43861336417504576,0.03699019190225293
84,classification,nested_minimum,0.0,0.14330174636250406,0.02382311247373864
84,classification,nested_one_se,0.0,0.15019401387316586,0.026636972845886422
84,classification,null,0.0,0.325,0.016241708760111294
84,regression,cubic_polynomial,35.61569897681028,31.93795177931829,0.33358503917662663
84,regression,current_solution,35.61569897681028,32.967381351263334,0.3613312022362331
84,regression,linear,35.61569897681028,38.791589614843716,0.5658842549286887
84,regression,nested_minimum,35.61569897681028,33.10302494913915,0.4466639257895575
84,regression,nested_one_se,35.61569897681028,32.57319690014728,0.7492509717301268
84,regression,null,35.61569897681028,36.08194362444677,0.36587138716456025
85,classification,cubic_polynomial,0.0,0.20932039760432064,0.03420401420581487
85,classification,current_solution,0.0,0.20932039844119307,0.034204014004884174
85,classification,linear,0.0,0.23812413486641476,0.030304964431042688
85,classification,nested_minimum,0.0,0.20934065798294677,0.03694815311457319
85,classification,nested_one_se,0.0,0.20932039844119307,0.034204014004884174
85,classification,null,0.0,0.32566666666666666,0.01869599502259928
85,regression,cubic_polynomial,27.158430726128785,33.96352446947168,0.30818640186851426
85,regression,current_solution,27.158430726128785,32.9639209078536,0.31987707862224224
85,regression,linear,27.158430726128785,32.09155244274869,0.6896152335323685
85,regression,nested_minimum,27.158430726128785,32.98511935149398,0.3431601309417932
85,regression,nested_one_se,27.158430726128785,33.444253788523646,0.6325330302492871
85,regression,null,27.158430726128785,36.106791839502314,0.3969090200191863
86,classification,cubic_polynomial,0.0,0.13424430477823363,0.02283543644257003
86,classification,current_solution,0.0,0.13424430824167968,0.022835434164271015
86,classification,linear,0.0,0.2325742276189388,0.03017283691085094
86,classification,nested_minimum,0.0,0.13227296451365764,0.023645684904776622
86,classification,nested_one_se,0.0,0.13424430824167968,0.022835434164271015
86,classification,null,0.0,0.324,0.017830620698191045
86,regression,cubic_polynomial,29.403093048231277,32.222208007020605,0.26489794385786924
86,regression,current_solution,29.403093048231277,31.729358807516228,0.3033539310345509
86,regression,linear,29.403093048231277,32.42094290095143,0.6784972360568372
86,regression,nested_minimum,29.403093048231277,31.76163959215386,0.3148937895239281
86,regression,nested_one_se,29.403093048231277,31.98976718738592,0.3414915810166751
86,regression,null,29.403093048231277,36.07990262916946,0.33412700765558956
87,classification,cubic_polynomial,0.0,0.1557293623735744,0.02806887727282355
87,classification,current_solution,0.0,0.15572936439554647,0.028068877430571605
87,classification,linear,0.0,0.2235363821961701,0.027234036605576436
87,classification,nested_minimum,0.0,0.15488561232104187,0.029277843582171
87,classification,nested_one_se,0.0,0.15572936439554647,0.028068877430571605
87,classification,null,0.0,0.33016666666666666,0.012964363179257136
87,regression,cubic_polynomial,28.983631237276384,32.826346236359,0.3283978529969004
87,regression,current_solution,28.983631237276384,32.06149898823457,0.331394538957477
87,regression,linear,28.983631237276384,31.83278303105296,0.7909025006536677
87,regression,nested_minimum,28.983631237276384,32.128414989916955,0.35506248412869196
87,regression,nested_one_se,28.983631237276384,32.47897138050777,0.588843222757059
87,regression,null,28.983631237276384,36.20268502050166,0.28751054832617423
88,classification,cubic_polynomial,0.0,0.07602638387404125,0.013157920256201825
88,classification,current_solution,0.0,0.07602638369418199,0.013157919839767124
88,classification,linear,0.0,0.3638281336637594,0.025292862201129876
88,classification,nested_minimum,0.0,0.08565387472337999,0.03162610260068252
88,classification,nested_one_se,0.0,0.07602638369418199,0.013157919839767124
88,classification,null,0.0,0.32633333333333336,0.017015881695788125
88,regression,cubic_polynomial,36.81067682995472,28.792002407183112,0.23253419277258994
88,regression,current_solution,36.81067682995472,29.97059054445146,0.26607079608935663
88,regression,linear,36.81067682995472,37.551102015224146,0.5446064584390574
88,regression,nested_minimum,36.81067682995472,29.697213925108493,0.3877374423938965
88,regression,nested_one_se,36.81067682995472,29.074345905062582,0.4140562776387813
88,regression,null,36.81067682995472,36.09585925490026,0.3834873568735191
89,classification,cubic_polynomial,0.0,0.16221642476616216,0.027850890226344446
89,classification,current_solution,0.0,0.16221642362181532,0.027850890231840186
89,classification,linear,0.0,0.42837008296498336,0.03745442639390779
89,classification,nested_minimum,0.0,0.15867999006432595,0.029451259655112548
89,classification,nested_one_se,0.0,0.16221642362181532,0.027850890231840186
89,classification,null,0.0,0.325,0.018523051807838305
89,regression,cubic_polynomial,31.094694114739585,30.702135286132698,0.28979106967823987
89,regression,current_solution,31.094694114739585,29.800848545155013,0.28346244175004764
89,regression,linear,31.094694114739585,35.54392374102984,0.7155330683175152
89,regression,nested_minimum,31.094694114739585,29.84868699022205,0.3024055796403841
89,regression,nested_one_se,31.094694114739585,30.2964324633388,0.5465648023441135
89,regression,null,31.094694114739585,36.09085018918687,0.34108384533932734
90,classification,cubic_polynomial,0.0,0.6764022220340916,0.04600898702623781
90,classification,current_solution,0.0,0.676402220626576,0.04600898911209811
90,classification,linear,0.0,0.4013148397101921,0.03794780262315787
90,classification,nested_minimum,0.0,0.7087643256051849,0.062383198893664546
90,classification,nested_one_se,0.0,0.676402220626576,0.04600898911209811
90,classification,null,0.0,0.3255,0.014524058518956372
90,regression,cubic_polynomial,42.87239470626892,37.58811026483373,0.2823493154740654
90,regression,current_solution,42.87239470626892,35.941685178235495,0.33052943549537356
90,regression,linear,42.87239470626892,32.35048206437528,0.8222030566651404
90,regression,nested_minimum,42.87239470626892,35.83249042169643,0.36709637829470326
90,regression,nested_one_se,42.87239470626892,36.73916414041059,0.9654070534422314
90,regression,null,42.87239470626892,36.0103712877845,0.3459425470531019
91,classification,cubic_polynomial,0.0,0.09579377509100793,0.019158852912932924
91,classification,current_solution,0.0,0.0957937761412649,0.01915885378658823
91,classification,linear,0.0,0.24842671892153556,0.029334721640736645
91,classification,nested_minimum,0.0,0.10029155814238537,0.020517680250007272
91,classification,nested_one_se,0.0,0.0957937761412649,0.01915885378658823
91,classification,null,0.0,0.3251666666666667,0.014232268661895345
91,regression,cubic_polynomial,32.00910255136833,32.36798756589716,0.3620917303849375
91,regression,current_solution,32.00910255136833,33.42422756164172,0.3771833365746669
91,regression,linear,32.00910255136833,37.36657446121335,0.5014858482497232
91,regression,nested_minimum,32.00910255136833,33.23083886441522,0.4722722676586149
91,regression,nested_one_se,32.00910255136833,32.58901428224406,0.42311804063825353
91,regression,null,32.00910255136833,36.06891043852411,0.32401363587696175
92,classification,cubic_polynomial,1.0,0.2241783908048225,0.039205120017566604
92,classification,current_solution,1.0,0.22417839014482727,0.03920512120769774
92,classification,linear,1.0,0.3672814106938178,0.03152884891160845
92,classification,nested_minimum,1.0,0.21601995950951147,0.04870102218438262
92,classification,nested_one_se,1.0,0.22417839014482727,0.03920512120769774
92,classification,null,1.0,0.31833333333333336,0.016259391627362754
92,regression,cubic_polynomial,27.697434632514177,34.671338026074096,0.3225581662524537
92,regression,current_solution,27.697434632514177,33.76937894843181,0.29497857649763476
92,regression,linear,27.697434632514177,36.11784749875725,0.5314656843347433
92,regression,nested_minimum,27.697434632514177,33.7682917937888,0.3681347445196198
92,regression,nested_one_se,27.697434632514177,34.1680315646032,0.5879905434830558
92,regression,null,27.697434632514177,35.99808283899974,0.36687746636711355
93,classification,cubic_polynomial,0.0,0.06384135379476594,0.013165403685443867
93,classification,current_solution,0.0,0.06384135558079179,0.01316540412971402
93,classification,linear,0.0,0.2706356789089543,0.027269798082256786
93,classification,nested_minimum,0.0,0.06048560591969192,0.017975786726344724
93,classification,nested_one_se,0.0,0.06384135558079179,0.01316540412971402
93,classification,null,0.0,0.32133333333333336,0.018238521819514856
93,regression,cubic_polynomial,31.019889718058177,29.800721245153298,0.20501658915690277
93,regression,current_solution,31.019889718058177,31.504695466787442,0.23569405434581114
93,regression,linear,31.019889718058177,36.304725720281546,0.45180025289881753
93,regression,nested_minimum,31.019889718058177,31.598768268395236,0.37606362180031905
93,regression,nested_one_se,31.019889718058177,30.741083239307912,1.0488239322411999
93,regression,null,31.019889718058177,36.03848168631137,0.3663649120385634
94,classification,cubic_polynomial,1.0,0.4865952996774077,0.043142187360946445
94,classification,current_solution,1.0,0.4865952958425131,0.04314219162401208
94,classification,linear,1.0,0.2926528360469994,0.03274701121889294
94,classification,nested_minimum,1.0,0.46576770474488444,0.0748846812005964
94,classification,nested_one_se,1.0,0.4865952958425131,0.04314219162401208
94,classification,null,1.0,0.32433333333333336,0.0169549775690744
94,regression,cubic_polynomial,47.077609693754646,45.11654547047352,0.29965365229914764
94,regression,current_solution,47.077609693754646,43.209779277720386,0.4072590450109708
94,regression,linear,47.077609693754646,39.605158618787165,0.5775104369280797
94,regression,nested_minimum,47.077609693754646,43.223473310491904,0.822260653394053
94,regression,nested_one_se,47.077609693754646,44.697160707973836,0.6641980109619704
94,regression,null,47.077609693754646,36.083979073110534,0.3229930143198446
95,classification,cubic_polynomial,1.0,0.3148750283233237,0.03994335625453743
95,classification,current_solution,1.0,0.31487502313773064,0.03994335077385607
95,classification,linear,1.0,0.3889477158688253,0.030213792412728268
95,classification,nested_minimum,1.0,0.30524167025740195,0.0525789817879223
95,classification,nested_one_se,1.0,0.31487502313773064,0.03994335077385607
95,classification,null,1.0,0.32616666666666666,0.015957018417662155
95,regression,cubic_polynomial,38.61892255339127,38.55344814159444,0.2515704752054633
95,regression,current_solution,38.61892255339127,36.35537539795236,0.32453734508211796
95,regression,linear,38.61892255339127,40.44407977555237,0.6742779880557762
95,regression,nested_minimum,38.61892255339127,36.508061829705234,0.4259053923709282
95,regression,nested_one_se,38.61892255339127,37.417980552474745,1.1084211321974429
95,regression,null,38.61892255339127,36.091894770956756,0.34136303817069746
96,classification,cubic_polynomial,0.0,0.26030067403970547,0.024791935764217714
96,classification,current_solution,0.0,0.2603006748201085,0.024791936418305717
96,classification,linear,0.0,0.3142393599090739,0.02498663108848098
96,classification,nested_minimum,0.0,0.25662251439537015,0.029853423806584276
96,classification,nested_one_se,0.0,0.2603006748201085,0.024791936418305717
96,classification,null,0.0,0.32616666666666666,0.014720577512409306
96,regression,cubic_polynomial,35.49029287478992,38.052070915958076,0.2966915443822411
96,regression,current_solution,35.49029287478992,36.03726532905903,0.41074520256216385
96,regression,linear,35.49029287478992,38.75966917704478,0.6423482685049168
96,regression,nested_minimum,35.49029287478992,36.23652836444277,0.4512986609165988
96,regression,nested_one_se,35.49029287478992,37.157103675112445,0.9505327892343625
96,regression,null,35.49029287478992,36.07338929137458,0.4006527066911073
97,classification,cubic_polynomial,0.0,0.09313963477126426,0.017719060867789037
97,classification,current_solution,0.0,0.09313963454888831,0.017719061365361603
97,classification,linear,0.0,0.4659976116675663,0.037334888136659306
97,classification,nested_minimum,0.0,0.09390229342150021,0.016866997880133513
97,classification,nested_one_se,0.0,0.09313963454888831,0.017719061365361603
97,classification,null,0.0,0.33249999999999996,0.015852227081652466
97,regression,cubic_polynomial,32.10854655721688,28.55689543377482,0.34515682020571437
97,regression,current_solution,32.10854655721688,29.690447571305207,0.29318798454972933
97,regression,linear,32.10854655721688,38.44710829959037,0.7570537290139443
97,regression,nested_minimum,32.10854655721688,29.707923205610175,0.3795216654491796
97,regression,nested_one_se,32.10854655721688,29.167118190652715,0.6574017994943507
97,regression,null,32.10854655721688,36.09458860745469,0.3248658497815832
98,classification,cubic_polynomial,0.0,0.05199569448847177,0.00866709738817706
98,classification,current_solution,0.0,0.05199569388264782,0.0086670976526552
98,classification,linear,0.0,0.29173461044300075,0.019993859441684258
98,classification,nested_minimum,0.0,0.05202496086085538,0.010505701934103622
98,classification,nested_one_se,0.0,0.05199569388264782,0.0086670976526552
98,classification,null,0.0,0.3233333333333333,0.013978637231524916
98,regression,cubic_polynomial,25.80244307717087,27.757394253507176,0.26412730556769326
98,regression,current_solution,25.80244307717087,29.219336848460344,0.31664024710924077
98,regression,linear,25.80244307717087,35.94908459120496,0.3876302542649591
98,regression,nested_minimum,25.80244307717087,29.025737266614488,0.3399483344638696
98,regression,nested_one_se,25.80244307717087,28.239542231993074,0.6037167159179806
98,regression,null,25.80244307717087,36.07282275373686,0.3124640341930985
99,classification,cubic_polynomial,0.0,0.056362375649699745,0.012486993281150369
99,classification,current_solution,0.0,0.05636237566865329,0.012486993267938428
99,classification,linear,0.0,0.24433251218344973,0.029856150893550742
99,classification,nested_minimum,0.0,0.05508233461310883,0.01441287171865784
99,classification,nested_one_se,0.0,0.05636237566865329,0.012486993267938428
99,classification,null,0.0,0.328,0.017449434335263983
99,regression,cubic_polynomial,21.86007985543,29.239417224855785,0.31333299030710465
99,regression,current_solution,21.86007985543,31.08391219131408,0.34177441719323864
99,regression,linear,21.86007985543,35.287786454404234,0.4720449434533414
99,regression,nested_minimum,21.86007985543,31.15079635541085,0.476107680225741
99,regression,nested_one_se,21.86007985543,30.666334519955193,1.1809791151833215
99,regression,null,21.86007985543,36.18621391680458,0.3981246087922612
100,classification,cubic_polynomial,1.0,0.791217671003789,0.037499546777324345
100,classification,current_solution,1.0,0.7912176693480981,0.03749954821148159
100,classification,linear,1.0,0.3454490185483337,0.03704714446181615
100,classification,nested_minimum,1.0,0.7890426288884703,0.039034044170498786
100,classification,nested_one_se,1.0,0.7912176693480981,0.03749954821148159
100,classification,null,1.0,0.3186666666666667,0.013450633450878258
100,regression,cubic_polynomial,43.87687320650768,53.97082704030825,0.5994948491537416
100,regression,current_solution,43.87687320650768,54.56850121137794,0.5384361429133887
100,regression,linear,43.87687320650768,41.77774911939908,0.9091369129300765
100,regression,nested_minimum,43.87687320650768,54.50892324312078,0.5612309410227144
100,regression,nested_one_se,43.87687320650768,54.20102936594089,0.6988966142485852
100,regression,null,43.87687320650768,35.96810334319312,0.34426378807716795
101,classification,cubic_polynomial,0.0,0.3335359816303682,0.05140621257324159
101,classification,current_solution,0.0,0.33353598084663477,0.05140621194347826
101,classification,linear,0.0,0.3235994287298732,0.03655975438298775
101,classification,nested_minimum,0.0,0.33921690808102944,0.0532205066501411
101,classification,nested_one_se,0.0,0.33353598084663477,0.05140621194347826
101,classification,null,0.0,0.32633333333333336,0.01407696414502182
101,regression,cubic_polynomial,34.7913445119981,40.227340971956245,0.24745917479676727
101,regression,current_solution,34.7913445119981,38.78616759563862,0.29397946158380855
101,regression,linear,34.7913445119981,40.59971768424987,0.6001146648885038
101,regression,nested_minimum,34.7913445119981,39.03970481183787,0.4469750384792156
101,regression,nested_one_se,34.7913445119981,39.57163279414686,0.8029773431370733
101,regression,null,34.7913445119981,36.0529545010395,0.33889344782475056
102,classification,cubic_polynomial,1.0,0.956535879570516,0.02020609768276631
102,classification,current_solution,1.0,0.9565358768540869,0.020206097517452948
102,classification,linear,1.0,0.3012378843975263,0.04001531802730806
102,classification,nested_minimum,1.0,0.9452928641105502,0.0397868827903475
102,classification,nested_one_se,1.0,0.9565358768540869,0.020206097517452948
102,classification,null,1.0,0.3206666666666667,0.015905612397739567
102,regression,cubic_polynomial,51.21650902822612,43.78496307608178,0.5348567488601165
102,regression,current_solution,51.21650902822612,46.98666265534598,0.5884090054565668
102,regression,linear,51.21650902822612,28.891816093849673,0.8014001434472704
102,regression,nested_minimum,51.21650902822612,47.09248888478546,0.599992189810369
102,regression,nested_one_se,51.21650902822612,44.75496364860513,1.7754515107972284
102,regression,null,51.21650902822612,35.99597177424261,0.2860804656914486
103,classification,cubic_polynomial,1.0,0.9192147576912393,0.028582480522375366
103,classification,current_solution,1.0,0.9192147538383227,0.028582485250512164
103,classification,linear,1.0,0.43739839474085895,0.040082071704712445
103,classification,nested_minimum,1.0,0.9280918429036921,0.03177260963137646
103,classification,nested_one_se,1.0,0.9192147538383227,0.028582485250512164
103,classification,null,1.0,0.31516666666666665,0.016685908432862908
103,regression,cubic_polynomial,63.97256010966852,60.059383275220995,0.90443089912335
103,regression,current_solution,63.97256010966852,63.38294924814408,1.202886595923808
103,regression,linear,63.97256010966852,43.688207375009554,0.8809576751902631
103,regression,nested_minimum,63.97256010966852,63.03837447488592,1.427417473668873
103,regression,nested_one_se,63.97256010966852,60.655828239187464,1.3547540052717466
103,regression,null,63.97256010966852,35.852044195008176,0.2944699142220311
104,classification,cubic_polynomial,0.0,0.21940391429539888,0.03205567316361897
104,classification,current_solution,0.0,0.21940391292591913,0.03205567382907499
104,classification,linear,0.0,0.3828097407895953,0.030710065325178504
104,classification,nested_minimum,0.0,0.22858682797048666,0.04147709414488372
104,classification,nested_one_se,0.0,0.21940391292591913,0.03205567382907499
104,classification,null,0.0,0.332,0.016536271522385838
104,regression,cubic_polynomial,40.069286682776166,35.53217414770132,0.29684599626763175
104,regression,current_solution,40.069286682776166,34.0154619441161,0.34332164340809196
104,regression,linear,40.069286682776166,39.73982876172479,0.6012965286270334
104,regression,nested_minimum,40.069286682776166,34.08857566244868,0.4991346465818312
104,regression,nested_one_se,40.069286682776166,34.353753621925925,0.7959485479983722
104,regression,null,40.069286682776166,36.131437090923185,0.40396196159682246
105,classification,cubic_polynomial,1.0,0.9439367170972688,0.019274914779934364
105,classification,current_solution,1.0,0.9439367162946122,0.01927491437992274
105,classification,linear,1.0,0.4015352426987603,0.05214974210276574
105,classification,nested_minimum,1.0,0.94268684503467,0.019370549528308117
105,classification,nested_one_se,1.0,0.9439367162946122,0.01927491437992274
105,classification,null,1.0,0.31983333333333336,0.016788919443846112
105,regression,cubic_polynomial,43.84316696136016,46.204368997310674,0.46332393886286183
105,regression,current_solution,43.84316696136016,46.9204615656306,0.4475177678956863
105,regression,linear,43.84316696136016,33.83880483052653,0.8344566781365178
105,regression,nested_minimum,43.84316696136016,46.89659984610613,0.4658401086072292
105,regression,nested_one_se,43.84316696136016,46.43810599769649,0.5073573550559575
105,regression,null,43.84316696136016,35.9771853062936,0.39496729265210856
106,classification,cubic_polynomial,0.0,0.09935992471698447,0.01258531060997336
106,classification,current_solution,0.0,0.09935992526225311,0.012585310727745967
106,classification,linear,0.0,0.3434432888995053,0.03019775147931076
106,classification,nested_minimum,0.0,0.09736709598051974,0.015313614590545331
106,classification,nested_one_se,0.0,0.09935992526225311,0.012585310727745967
106,classification,null,0.0,0.3248333333333333,0.017493019954440022
106,regression,cubic_polynomial,37.59326475741442,30.780549074431665,0.24069879523924423
106,regression,current_solution,37.59326475741442,32.02508455443568,0.3139321569767362
106,regression,linear,37.59326475741442,37.12408678686926,0.565394414559896
106,regression,nested_minimum,37.59326475741442,32.13076050736107,0.4240320643517865
106,regression,nested_one_se,37.59326475741442,31.49499565599201,0.8766974019472351
106,regression,null,37.59326475741442,36.055353686123254,0.4009859124411458
107,classification,cubic_polynomial,1.0,0.871366665560396,0.03268386882815471
107,classification,current_solution,1.0,0.8713666646090694,0.03268387320840066
107,classification,linear,1.0,0.42262829434398547,0.04785999730377009
107,classification,nested_minimum,1.0,0.8696279333251421,0.03866679447350418
107,classification,nested_one_se,1.0,0.8713666646090694,0.03268387320840066
107,classification,null,1.0,0.31933333333333336,0.017257348926008973
107,regression,cubic_polynomial,57.365606408022856,55.97503779709181,0.5859922189874014
107,regression,current_solution,57.365606408022856,57.066925971498016,0.5823334352237193
107,regression,linear,57.365606408022856,43.24498076089512,0.9020400548394255
107,regression,nested_minimum,57.365606408022856,56.92533076411525,0.5780119675737916
107,regression,nested_one_se,57.365606408022856,56.56652007774225,0.7591197469411904
107,regression,null,57.365606408022856,35.943275713820405,0.36585304690426984
108,classification,cubic_polynomial,1.0,0.06426701237684819,0.010281730823935836
108,classification,current_solution,1.0,0.06426701211505555,0.010281730687580632
108,classification,linear,1.0,0.2688817714588394,0.0242989958361046
108,classification,nested_minimum,1.0,0.06084952364618371,0.01166069608313088
108,classification,nested_one_se,1.0,0.06426701211505555,0.010281730687580632
108,classification,null,1.0,0.31966666666666665,0.017465894516581957
108,regression,cubic_polynomial,27.72145503087037,30.248433535575632,0.28552273803837475
108,regression,current_solution,27.72145503087037,32.2061003534557,0.33920569074908136
108,regression,linear,27.72145503087037,36.886193195768556,0.5723941413081376
108,regression,nested_minimum,27.72145503087037,32.013265208883986,0.543214908397244
108,regression,nested_one_se,27.72145503087037,31.28582836476033,1.0097335627913446
108,regression,null,27.72145503087037,35.98072762138194,0.36500476273893523
109,classification,cubic_polynomial,1.0,0.9410918783898249,0.028142728226989697
109,classification,current_solution,1.0,0.9410918773214549,0.028142729363749203
109,classification,linear,1.0,0.4066267276827079,0.05691373338986471
109,classification,nested_minimum,1.0,0.9464790824384224,0.02986690741397794
109,classification,nested_one_se,1.0,0.9410918773214549,0.028142729363749203
109,classification,null,1.0,0.315,0.01814691006280646
109,regression,cubic_polynomial,69.21052068649907,63.02495064850587,0.8775125265586702
109,regression,current_solution,69.21052068649907,66.5997445321498,1.059054075417412
109,regression,linear,69.21052068649907,44.963252282866804,0.8912828012880192
109,regression,nested_minimum,69.21052068649907,66.57382356368068,1.3523064560088436
109,regression,nested_one_se,69.21052068649907,63.99398486595102,1.8505646556814506
109,regression,null,69.21052068649907,35.830784886519375,0.3940917543013186
110,classification,cubic_polynomial,0.0,0.06528917889304456,0.01042572531375741
110,classification,current_solution,0.0,0.06528917891606131,0.010425724660809753
110,classification,linear,0.0,0.31748252391803733,0.01764346850334783
110,classification,nested_minimum,0.0,0.062282515557930476,0.015376415511473859
110,classification,nested_one_se,0.0,0.06528917891606131,0.010425724660809753
110,classification,null,0.0,0.32466666666666666,0.017066469108051957
110,regression,cubic_polynomial,29.79331839663542,27.594780336268155,0.20898424951245356
110,regression,current_solution,29.79331839663542,27.9611294611845,0.328171793741894
110,regression,linear,29.79331839663542,34.00197079125986,0.34127095187647233
110,regression,nested_minimum,29.79331839663542,27.999086293808535,0.2794546260952245
110,regression,nested_one_se,29.79331839663542,27.89056025459962,0.3663883747434969
110,regression,null,29.79331839663542,36.10246223551959,0.3317387939657427
111,classification,cubic_polynomial,0.0,0.059107025971708256,0.011341736007076332
111,classification,current_solution,0.0,0.05910702626839961,0.011341735495683205
111,classification,linear,0.0,0.3088355916690072,0.020760435771680293
111,classification,nested_minimum,0.0,0.06002450357942756,0.011888956064325124
111,classification,nested_one_se,0.0,0.05910702626839961,0.011341735495683205
111,classification,null,0.0,0.32416666666666666,0.013651028339016935
111,regression,cubic_polynomial,24.51308362877348,28.088518262518537,0.29617153159373805
111,regression,current_solution,24.51308362877348,29.34248277051529,0.3021452148156916
111,regression,linear,24.51308362877348,36.3138451786354,0.47170939648524235
111,regression,nested_minimum,24.51308362877348,29.139779295290875,0.3768312790920644
111,regression,nested_one_se,24.51308362877348,28.418020770410134,0.5220629441163259
111,regression,null,24.51308362877348,36.11764280270996,0.3054269693187372
112,classification,cubic_polynomial,1.0,0.861754530316463,0.03222728302935569
112,classification,current_solution,1.0,0.8617545274312495,0.032227284867481824
112,classification,linear,1.0,0.4241679269190131,0.04969271589313603
112,classification,nested_minimum,1.0,0.8659711784212802,0.04217106383618229
112,classification,nested_one_se,1.0,0.8617545274312495,0.032227284867481824
112,classification,null,1.0,0.31816666666666665,0.018358655448726547
112,regression,cubic_polynomial,61.53720377221737,55.61499493567563,0.6085254076846259
112,regression,current_solution,61.53720377221737,56.579896495004796,0.59375842619536
112,regression,linear,61.53720377221737,43.21932953765327,0.8526447946088287
112,regression,nested_minimum,61.53720377221737,56.44482376565848,0.6622276844896849
112,regression,nested_one_se,61.53720377221737,56.047052155289634,0.6597313703690787
112,regression,null,61.53720377221737,35.949416756275035,0.3396429984671039
113,classification,cubic_polynomial,1.0,0.6288281450448412,0.05042423639156602
113,classification,current_solution,1.0,0.628828142587611,0.05042423380566509
113,classification,linear,1.0,0.2509027080220205,0.030782641649813366
113,classification,nested_minimum,1.0,0.6214564117705773,0.05545501680939193
113,classification,nested_one_se,1.0,0.628828142587611,0.05042423380566509
113,classification,null,1.0,0.3206666666666667,0.014898121458375406
113,regression,cubic_polynomial,52.85978588873451,49.96412792568419,0.6200464820871376
113,regression,current_solution,52.85978588873451,49.8257803260317,0.590929186761372
113,regression,linear,52.85978588873451,39.02283010139721,0.756152264461507
113,regression,nested_minimum,52.85978588873451,49.69544716084056,0.9031675820887786
113,regression,nested_one_se,52.85978588873451,50.04793740076128,0.6071458630399256
113,regression,null,52.85978588873451,35.91798821557275,0.3284593849727327
114,classification,cubic_polynomial,0.0,0.08062274751711593,0.018596136502777232
114,classification,current_solution,0.0,0.0806227478406912,0.018596135370844206
114,classification,linear,0.0,0.22985924004695163,0.024864366011949756
114,classification,nested_minimum,0.0,0.0760347842659977,0.02515993123416679
114,classification,nested_one_se,0.0,0.0806227478406912,0.018596135370844206
114,classification,null,0.0,0.32616666666666666,0.01506785418979947
114,regression,cubic_polynomial,30.809384133463546,30.416137594538313,0.36136058373694646
114,regression,current_solution,30.809384133463546,30.736670844637793,0.3146768540437554
114,regression,linear,30.809384133463546,33.07597391337854,0.6585779048452447
114,regression,nested_minimum,30.809384133463546,30.81246538428978,0.31967333793282593
114,regression,nested_one_se,30.809384133463546,30.69687750260679,0.4571737965417982
114,regression,null,30.809384133463546,36.11335421976612,0.3262005297615359
115,classification,cubic_polynomial,1.0,0.9337050951950995,0.024932458247887486
115,classification,current_solution,1.0,0.9337050960269192,0.024932457308829994
115,classification,linear,1.0,0.24790922457478642,0.030670622327999674
115,classification,nested_minimum,1.0,0.9156157449945802,0.0547716526351303
115,classification,nested_one_se,1.0,0.9337050960269192,0.024932457308829994
115,classification,null,1.0,0.3215,0.011230346818116192
115,regression,cubic_polynomial,41.25758412828782,43.33118261035873,0.5148381187165703
115,regression,current_solution,41.25758412828782,46.779628406397585,0.6158492688360406
115,regression,linear,41.25758412828782,27.861948395010707,0.7582484273149445
115,regression,nested_minimum,41.25758412828782,46.924594082174025,0.7544512536135718
115,regression,nested_one_se,41.25758412828782,44.700657616551304,1.9093100831688294
115,regression,null,41.25758412828782,35.96558289555209,0.29302477158309204
116,classification,cubic_polynomial,0.0,0.0364566221869107,0.009326295474499256
116,classification,current_solution,0.0,0.03645662186345392,0.009326295521052502
116,classification,linear,0.0,0.2534259770765115,0.028425264681785852
116,classification,nested_minimum,0.0,0.035519146253448,0.01057914526100768
116,classification,nested_one_se,0.0,0.03645662186345392,0.009326295521052502
116,classification,null,0.0,0.3236666666666667,0.019115498917124142
116,regression,cubic_polynomial,22.83486597353754,25.895666458214656,0.2701330740414162
116,regression,current_solution,22.83486597353754,27.464611994235202,0.30922197444623517
116,regression,linear,22.83486597353754,33.975893770741386,0.5094892511182847
116,regression,nested_minimum,22.83486597353754,27.460117365781077,0.42041638638537643
116,regression,nested_one_se,22.83486597353754,26.88542575282869,1.0449207628359123
116,regression,null,22.83486597353754,36.10091421841975,0.42292925222726774
117,classification,cubic_polynomial,1.0,0.4503126954745968,0.044090576740404085
117,classification,current_solution,1.0,0.4503126913198996,0.044090579057397994
117,classification,linear,1.0,0.3113760958849315,0.031581732736795105
117,classification,nested_minimum,1.0,0.458983753895296,0.04883141743662818
117,classification,nested_one_se,1.0,0.4503126913198996,0.044090579057397994
117,classification,null,1.0,0.3185,0.014979871552324416
117,regression,cubic_polynomial,35.57672743858443,35.54310793572602,0.22611474005158305
117,regression,current_solution,35.57672743858443,33.86891094506501,0.2742556471191627
117,regression,linear,35.57672743858443,31.313823781643706,0.631932105766297
117,regression,nested_minimum,35.57672743858443,33.817880943281615,0.3964630041313468
117,regression,nested_one_se,35.57672743858443,34.893530955115835,0.993252633871401
117,regression,null,35.57672743858443,36.045937231797396,0.3249549123423441
118,classification,cubic_polynomial,0.0,0.0970531325031254,0.014280207616138395
118,classification,current_solution,0.0,0.09705313440657706,0.01428020478654817
118,classification,linear,0.0,0.3298133800373485,0.031132356626012415
118,classification,nested_minimum,0.0,0.1051083335403467,0.02661736293938205
118,classification,nested_one_se,0.0,0.09705313440657706,0.01428020478654817
118,classification,null,0.0,0.31799999999999995,0.02272777428913643
118,regression,cubic_polynomial,30.92650437167533,31.631687188977914,0.31864845317131996
118,regression,current_solution,30.92650437167533,33.22988904917907,0.42308215334625215
118,regression,linear,30.92650437167533,38.655197117344755,0.510255926157138
118,regression,nested_minimum,30.92650437167533,33.09507243045945,0.4365556246287764
118,regression,nested_one_se,30.92650437167533,32.15847494878815,0.7640090568399845
118,regression,null,30.92650437167533,36.03989199358789,0.4151739216677813
119,classification,cubic_polynomial,0.0,0.1402105901333508,0.025457896850749215
119,classification,current_solution,0.0,0.14021059037937017,0.02545789672352688
119,classification,linear,0.0,0.41809824711518717,0.030718710329895125
119,classification,nested_minimum,0.0,0.13927251433232513,0.02738158589792327
119,classification,nested_one_se,0.0,0.14021059037937017,0.02545789672352688
119,classification,null,0.0,0.3255,0.015555795017313958
119,regression,cubic_polynomial,26.599536573029244,32.168212722462876,0.3316997637406837
119,regression,current_solution,26.599536573029244,33.01261938019623,0.38164760601256875
119,regression,linear,26.599536573029244,38.458316059666444,0.610675878998989
119,regression,nested_minimum,26.599536573029244,33.085596908713946,0.4453075603269238
119,regression,nested_one_se,26.599536573029244,32.87279025150128,0.6845519457989669
119,regression,null,26.599536573029244,36.162605965153055,0.33986327735728883
120,classification,cubic_polynomial,1.0,0.0701319967686864,0.016725479485907524
120,classification,current_solution,1.0,0.0701319959290014,0.016725477794183177
120,classification,linear,1.0,0.23108375368395026,0.02507667729005767
120,classification,nested_minimum,1.0,0.07136198985198203,0.017370013111310274
120,classification,nested_one_se,1.0,0.0701319959290014,0.016725477794183177
120,classification,null,1.0,0.3236666666666667,0.015807753081044262
120,regression,cubic_polynomial,30.863206157304138,31.00327405250814,0.2598894308929684
120,regression,current_solution,30.863206157304138,30.852513554441405,0.25765011592494313
120,regression,linear,30.863206157304138,36.00840802621388,0.6079307419686227
120,regression,nested_minimum,30.863206157304138,30.91370793905157,0.3908546008212705
120,regression,nested_one_se,30.863206157304138,30.699804648854048,0.4309662964868307
120,regression,null,30.863206157304138,36.132677246874216,0.3589403980574358
121,classification,cubic_polynomial,0.0,0.08048376897495536,0.017229114861277636
121,classification,current_solution,0.0,0.08048376878712576,0.01722911503121632
121,classification,linear,0.0,0.37870263350062316,0.033790862726018535
121,classification,nested_minimum,0.0,0.07325948720959105,0.02252134549945049
121,classification,nested_one_se,0.0,0.08048376878712576,0.01722911503121632
121,classification,null,0.0,0.31983333333333336,0.018913748572334122
121,regression,cubic_polynomial,30.168905832217604,28.327497932750354,0.22210357881965362
121,regression,current_solution,30.168905832217604,28.67047769574086,0.3248224783484574
121,regression,linear,30.168905832217604,35.45991965435482,0.5541459884799728
121,regression,nested_minimum,30.168905832217604,28.731471350573973,0.34599821523916746
121,regression,nested_one_se,30.168905832217604,28.563471779752323,0.355234676370653
121,regression,null,30.168905832217604,35.8915073589886,0.36705094902940694
122,classification,cubic_polynomial,1.0,0.8547027419624336,0.04220111582350147
122,classification,current_solution,1.0,0.8547027392945414,0.04220111718891675
122,classification,linear,1.0,0.23462242955198886,0.03164906990099968
122,classification,nested_minimum,1.0,0.8470022416004571,0.04511455580642372
122,classification,nested_one_se,1.0,0.8547027392945414,0.04220111718891675
122,classification,null,1.0,0.32416666666666666,0.016192981309140115
122,regression,cubic_polynomial,47.04295294643065,40.7513045980032,0.49744856833480644
122,regression,current_solution,47.04295294643065,42.15497951776956,0.4514344746186416
122,regression,linear,47.04295294643065,27.7277021806385,0.8372242043188278
122,regression,nested_minimum,47.04295294643065,42.14542195617203,0.4622095968348513
122,regression,nested_one_se,47.04295294643065,41.37043558335271,0.918363454828962
122,regression,null,47.04295294643065,36.00975076133304,0.308156114938041
123,classification,cubic_polynomial,0.0,0.055524610784229364,0.009871597256382248
123,classification,current_solution,0.0,0.05552460986787378,0.009871597743747292
123,classification,linear,0.0,0.29814102234690815,0.020761282326106446
123,classification,nested_minimum,0.0,0.05756447048507249,0.010753517608889455
123,classification,nested_one_se,0.0,0.05552460986787378,0.009871597743747292
123,classification,null,0.0,0.32466666666666666,0.01660563538190521
123,regression,cubic_polynomial,27.8990967178962,27.459194318843895,0.2991740563928386
123,regression,current_solution,27.8990967178962,28.8478077432864,0.33259936373553817
123,regression,linear,27.8990967178962,35.80952351860992,0.38245546150471865
123,regression,nested_minimum,27.8990967178962,28.710191854613072,0.28078604969667975
123,regression,nested_one_se,27.8990967178962,28.061246957170567,0.5729802845042885
123,regression,null,27.8990967178962,36.05040618558058,0.3507443114025449
124,classification,cubic_polynomial,0.0,0.12380444017523821,0.025038804017266273
124,classification,current_solution,0.0,0.12380444167693022,0.025038803861820592
124,classification,linear,0.0,0.4083193108252648,0.030528922572820045
124,classification,nested_minimum,0.0,0.11312020345937514,0.027886952664407782
124,classification,nested_one_se,0.0,0.12380444167693022,0.025038803861820592
124,classification,null,0.0,0.32583333333333336,0.01503348752373969
124,regression,cubic_polynomial,32.3250855391178,31.67716791447002,0.208764480493214
124,regression,current_solution,32.3250855391178,32.72511617582544,0.27310553134328946
124,regression,linear,32.3250855391178,38.32044369884715,0.35113643079339846
124,regression,nested_minimum,32.3250855391178,32.87671021334355,0.40002629594893974
124,regression,nested_one_se,32.3250855391178,32.34739165646837,0.7133657833279557
124,regression,null,32.3250855391178,36.09409917562382,0.3741448893641916
125,classification,cubic_polynomial,0.0,0.11525209120800134,0.015231297805885443
125,classification,current_solution,0.0,0.1152520900031223,0.015231297783527314
125,classification,linear,0.0,0.3539678873916598,0.016123577454706696
125,classification,nested_minimum,0.0,0.12007844261811974,0.022564687148029845
125,classification,nested_one_se,0.0,0.1152520900031223,0.015231297783527314
125,classification,null,0.0,0.3223333333333333,0.01633345062120684
125,regression,cubic_polynomial,32.061209207326684,32.164578199207774,0.3255279608476679
125,regression,current_solution,32.061209207326684,33.66517531903563,0.3629510035189891
125,regression,linear,32.061209207326684,39.16112683115238,0.47688607082157264
125,regression,nested_minimum,32.061209207326684,33.4319842971128,0.43199602741006443
125,regression,nested_one_se,32.061209207326684,32.61668659131347,0.627402243002151
125,regression,null,32.061209207326684,36.13731368966309,0.31797516381275687
126,classification,cubic_polynomial,0.0,0.04171883736327367,0.007945205740496125
126,classification,current_solution,0.0,0.04171883747104202,0.007945206317534512
126,classification,linear,0.0,0.28162676544887866,0.02119861996313541
126,classification,nested_minimum,0.0,0.0413294000076168,0.007671817929199404
126,classification,nested_one_se,0.0,0.04171883747104202,0.007945206317534512
126,classification,null,0.0,0.32583333333333336,0.018712126500238273
126,regression,cubic_polynomial,27.802463695230557,26.25674211869567,0.2871858956872398
126,regression,current_solution,27.802463695230557,27.67921463286247,0.2895703695131219
126,regression,linear,27.802463695230557,34.53912478171091,0.3670413786811179
126,regression,nested_minimum,27.802463695230557,27.76940916903107,0.4339899680296294
126,regression,nested_one_se,27.802463695230557,26.649286332462818,0.8359052281722749
126,regression,null,27.802463695230557,36.0967765351896,0.31600067942803384
127,classification,cubic_polynomial,1.0,0.6033179195991146,0.04061571957512767
127,classification,current_solution,1.0,0.6033179164567833,0.04061572137569064
127,classification,linear,1.0,0.35763307811891454,0.03994693397041916
127,classification,nested_minimum,1.0,0.5845215444573361,0.06358744538014238
127,classification,nested_one_se,1.0,0.6033179164567833,0.04061572137569064
127,classification,null,1.0,0.3188333333333333,0.012911057365640138
127,regression,cubic_polynomial,44.40500755690833,46.6735952327556,0.3475628656910452
127,regression,current_solution,44.40500755690833,44.906599100362214,0.45465553573894896
127,regression,linear,44.40500755690833,40.90864802162019,0.7655926712564879
127,regression,nested_minimum,44.40500755690833,44.93802828664388,0.7465323668802817
127,regression,nested_one_se,44.40500755690833,45.97923382013349,0.7911539092048949
127,regression,null,44.40500755690833,35.93261901475067,0.3212751322621611
128,classification,cubic_polynomial,0.0,0.09882928514981307,0.020544483127118648
128,classification,current_solution,0.0,0.09882928380353186,0.02054448329493535
128,classification,linear,0.0,0.4382244384581622,0.04299278350181719
128,classification,nested_minimum,0.0,0.09050061223454044,0.027261528324427894
128,classification,nested_one_se,0.0,0.09882928380353186,0.02054448329493535
128,classification,null,0.0,0.3233333333333333,0.016153004062089676
128,regression,cubic_polynomial,27.332157741430954,29.168119545175944,0.27867610307705165
128,regression,current_solution,27.332157741430954,29.40433745551163,0.3532159430670683
128,regression,linear,27.332157741430954,36.811008607161824,0.7595643221097379
128,regression,nested_minimum,27.332157741430954,29.48007052294912,0.34957287970306566
128,regression,nested_one_se,27.332157741430954,29.336144736471113,0.38708394428644644
128,regression,null,27.332157741430954,35.99197528571655,0.34961495612499915
129,classification,cubic_polynomial,0.0,0.06419626360511858,0.012030276304028215
129,classification,current_solution,0.0,0.06419626359414969,0.012030276682844647
129,classification,linear,0.0,0.32477304387398515,0.019858975468786608
129,classification,nested_minimum,0.0,0.058735423957143665,0.016234349519082297
129,classification,nested_one_se,0.0,0.06419626359414969,0.012030276682844647
129,classification,null,0.0,0.32449999999999996,0.01728812628207082
129,regression,cubic_polynomial,30.006851084628316,27.548295473521616,0.20130860383934282
129,regression,current_solution,30.006851084628316,27.879660166919827,0.34461259891934154
129,regression,linear,30.006851084628316,34.04526425964847,0.3769091012258578
129,regression,nested_minimum,30.006851084628316,27.941946477186608,0.29889965165805404
129,regression,nested_one_se,30.006851084628316,27.797967585592435,0.37604348787211095
129,regression,null,30.006851084628316,36.03325304170858,0.4388188529612028
130,classification,cubic_polynomial,0.0,0.7658798739971495,0.05672280899663433
130,classification,current_solution,0.0,0.7658798745490283,0.05672280810678231
130,classification,linear,0.0,0.25114665333511366,0.037837949189991116
130,classification,nested_minimum,0.0,0.7642884768619547,0.05865515267984912
130,classification,nested_one_se,0.0,0.7658798745490283,0.05672280810678231
130,classification,null,0.0,0.32966666666666666,0.015970518816380636
130,regression,cubic_polynomial,50.6419242727281,53.08364659591261,0.6603836260758033
130,regression,current_solution,50.6419242727281,53.133794401153374,0.5565788579533792
130,regression,linear,50.6419242727281,40.33687119078825,0.7759801805764741
130,regression,nested_minimum,50.6419242727281,52.936460571412915,0.8201462598153372
130,regression,nested_one_se,50.6419242727281,53.28060574631364,0.686237012875063
130,regression,null,50.6419242727281,35.94409675470573,0.3515918872098751
131,classification,cubic_polynomial,0.0,0.9163808986092297,0.018319900557048352
131,classification,current_solution,0.0,0.9163808991436284,0.018319900820167392
131,classification,linear,0.0,0.4568714485971904,0.03951963994243667
131,classification,nested_minimum,0.0,0.9207735599180324,0.020907679551006263
131,classification,nested_one_se,0.0,0.9163808991436284,0.018319900820167392
131,classification,null,0.0,0.326,0.013287276776598399
131,regression,cubic_polynomial,58.9836935572878,56.245356227680745,0.5405398111881239
131,regression,current_solution,58.9836935572878,56.31459883514814,0.49002282149259296
131,regression,linear,58.9836935572878,44.38713567738874,0.6911480465038891
131,regression,nested_minimum,58.9836935572878,56.320857427420904,0.6814219443811169
131,regression,nested_one_se,58.9836935572878,56.3961986553906,0.53611793044176
131,regression,null,58.9836935572878,35.952219865444,0.3429290108294604
132,classification,cubic_polynomial,1.0,0.43716023280860805,0.03571945756060709
132,classification,current_solution,1.0,0.437160234479779,0.03571945794283371
132,classification,linear,1.0,0.3669170555391941,0.04086815553238826
132,classification,nested_minimum,1.0,0.41358818719814944,0.06457932958661748
132,classification,nested_one_se,1.0,0.437160234479779,0.03571945794283371
132,classification,null,1.0,0.31666666666666665,0.021226745220209297
132,regression,cubic_polynomial,40.5316440433313,42.36696030902214,0.2983354237475558
132,regression,current_solution,40.5316440433313,40.06346516508781,0.4820900663357475
132,regression,linear,40.5316440433313,40.772152170004794,0.6918608241184231
132,regression,nested_minimum,40.5316440433313,40.12385766387276,0.585583489059118
132,regression,nested_one_se,40.5316440433313,41.201242768774485,1.055389218532935
132,regression,null,40.5316440433313,35.98297329794422,0.396800786789753
133,classification,cubic_polynomial,1.0,0.8180546454934738,0.03527299598161033
133,classification,current_solution,1.0,0.818054642446541,0.03527299638543931
133,classification,linear,1.0,0.34774160148710714,0.047601166965127825
133,classification,nested_minimum,1.0,0.8207832595060337,0.04210635549170485
133,classification,nested_one_se,1.0,0.818054642446541,0.03527299638543931
133,classification,null,1.0,0.3223333333333333,0.01685298159097515
133,regression,cubic_polynomial,47.188871720019804,55.3349900507928,0.4932546436222155
133,regression,current_solution,47.188871720019804,56.58673996586724,0.4174919108028911
133,regression,linear,47.188871720019804,41.916577608437706,0.9789878089465918
133,regression,nested_minimum,47.188871720019804,56.454589249724314,0.49554597793257
133,regression,nested_one_se,47.188871720019804,55.79711569590894,0.7709399778275728
133,regression,null,47.188871720019804,36.02569157620335,0.383509538158655
134,classification,cubic_polynomial,0.0,0.044358086107786764,0.008532985454426724
134,classification,current_solution,0.0,0.04435808646500363,0.008532984963947252
134,classification,linear,0.0,0.2229274850716742,0.024482180223996466
134,classification,nested_minimum,0.0,0.03972643063092967,0.012934759483147325
134,classification,nested_one_se,0.0,0.04435808646500363,0.008532984963947252
134,classification,null,0.0,0.3266666666666667,0.013540064007726563
134,regression,cubic_polynomial,26.19631197013336,26.41016075200316,0.33584777916429304
134,regression,current_solution,26.19631197013336,26.71681772691955,0.42573292843748345
134,regression,linear,26.19631197013336,31.352068537219033,0.4904325839489222
134,regression,nested_minimum,26.19631197013336,26.803660635854378,0.38000949962579045
134,regression,nested_one_se,26.19631197013336,26.639706148156247,0.4610786231903494
134,regression,null,26.19631197013336,36.02949321652243,0.2967615041912046
135,classification,cubic_polynomial,1.0,0.8576798014826262,0.029874097073869
135,classification,current_solution,1.0,0.8576798021820121,0.02987409786621503
135,classification,linear,1.0,0.38097173506754006,0.04041936250592957
135,classification,nested_minimum,1.0,0.8594710738281894,0.032180786025348816
135,classification,nested_one_se,1.0,0.8576798021820121,0.02987409786621503
135,classification,null,1.0,0.3215,0.014630506626153839
135,regression,cubic_polynomial,48.75561071729421,42.93857516079094,0.32770958661678673
135,regression,current_solution,48.75561071729421,42.231507689423054,0.36483906994512877
135,regression,linear,48.75561071729421,33.8222491117741,0.7564185077339618
135,regression,nested_minimum,48.75561071729421,42.07846772758413,0.46219454161104323
135,regression,nested_one_se,48.75561071729421,42.50840862995757,0.4886180736589095
135,regression,null,48.75561071729421,35.978556060386595,0.36963478749090906
136,classification,cubic_polynomial,1.0,0.11340770416312142,0.019401441486121336
136,classification,current_solution,1.0,0.11340770361758097,0.019401440476317637
136,classification,linear,1.0,0.3170681662714428,0.02867169763360152
136,classification,nested_minimum,1.0,0.11466902693717128,0.019932619856040952
136,classification,nested_one_se,1.0,0.11340770361758097,0.019401440476317637
136,classification,null,1.0,0.31799999999999995,0.017791900520684436
136,regression,cubic_polynomial,26.522131629798466,32.52045053521327,0.26143264363814483
136,regression,current_solution,26.522131629798466,32.15749316585916,0.2133757079756534
136,regression,linear,26.522131629798466,38.17909777189323,0.5026070121237864
136,regression,nested_minimum,26.522131629798466,32.154337276240234,0.5163895482674414
136,regression,nested_one_se,26.522131629798466,32.21092501985945,0.5142579996022351
136,regression,null,26.522131629798466,36.07937069940959,0.3238984094386914
137,classification,cubic_polynomial,1.0,0.8550402860946238,0.037080202674827006
137,classification,current_solution,1.0,0.8550402884762154,0.03708020100487638
137,classification,linear,1.0,0.3268707812985358,0.035792202433090545
137,classification,nested_minimum,1.0,0.8556893308026577,0.03814679150197038
137,classification,nested_one_se,1.0,0.8550402884762154,0.03708020100487638
137,classification,null,1.0,0.319,0.017439550769285404
137,regression,cubic_polynomial,30.02786389289481,41.106384912361044,0.3625898713757689
137,regression,current_solution,30.02786389289481,41.356689705529575,0.2991084016633434
137,regression,linear,30.02786389289481,30.638203285512102,0.7302827614607359
137,regression,nested_minimum,30.02786389289481,41.390224800922574,0.28269053114599946
137,regression,nested_one_se,30.02786389289481,41.207252567515894,0.33019723318725047
137,regression,null,30.02786389289481,36.00556018773252,0.3316403751728573
138,classification,cubic_polynomial,1.0,0.9309041249487738,0.01973147418420642
138,classification,current_solution,1.0,0.9309041234861597,0.01973147538564981
138,classification,linear,1.0,0.30184116566816743,0.039682848298408964
138,classification,nested_minimum,1.0,0.9265682073017513,0.02033722449401595
138,classification,nested_one_se,1.0,0.9309041234861597,0.01973147538564981
138,classification,null,1.0,0.3205,0.01743707900245713
138,regression,cubic_polynomial,51.80981932336242,45.18273635228557,0.41475201693916103
138,regression,current_solution,51.80981932336242,46.68889296102716,0.4829739947047646
138,regression,linear,51.80981932336242,31.1564911451576,0.7214211678318241
138,regression,nested_minimum,51.80981932336242,46.64394996266719,0.5370076958784937
138,regression,nested_one_se,51.80981932336242,45.8921874126994,0.8777971165234542
138,regression,null,51.80981932336242,35.96620368504317,0.3537559937952437
139,classification,cubic_polynomial,0.0,0.037598173535003394,0.009097644193973993
139,classification,current_solution,0.0,0.03759817345204668,0.00909764409772795
139,classification,linear,0.0,0.2587539935500008,0.026878110477446007
139,classification,nested_minimum,0.0,0.03637638318223815,0.010831251328512844
139,classification,nested_one_se,0.0,0.03759817345204668,0.00909764409772795
139,classification,null,0.0,0.32583333333333336,0.01805562923651337
139,regression,cubic_polynomial,24.006407914886395,26.04006341175041,0.21201651045497483
139,regression,current_solution,24.006407914886395,27.215424397689763,0.2711332010292915
139,regression,linear,24.006407914886395,33.30473332409398,0.37733074891684576
139,regression,nested_minimum,24.006407914886395,27.315033322140682,0.3821563560185098
139,regression,nested_one_se,24.006407914886395,26.685589916321927,0.8200370931563268
139,regression,null,24.006407914886395,36.202807233798055,0.32610851188168277
140,classification,cubic_polynomial,0.0,0.24566321274069416,0.04658501145258329
140,classification,current_solution,0.0,0.24566321033526026,0.04658501432142146
140,classification,linear,0.0,0.2266024189395944,0.03390123632193626
140,classification,nested_minimum,0.0,0.23699872978461675,0.05454184800194104
140,classification,nested_one_se,0.0,0.24566321033526026,0.04658501432142146
140,classification,null,0.0,0.32466666666666666,0.017952683659406256
140,regression,cubic_polynomial,32.54050921902527,39.388019823770684,0.351358241105096
140,regression,current_solution,32.54050921902527,37.466967711658675,0.49395602118796306
140,regression,linear,32.54050921902527,37.027180331077815,0.8642018769611299
140,regression,nested_minimum,32.54050921902527,37.76409699286433,0.4510702240454368
140,regression,nested_one_se,32.54050921902527,38.773943869218364,0.9502555129072566
140,regression,null,32.54050921902527,36.10991407341078,0.3582644989074203
141,classification,cubic_polynomial,0.0,0.6355037529558518,0.035068839413705775
141,classification,current_solution,0.0,0.6355037540070749,0.03506884004572031
141,classification,linear,0.0,0.30636927423312,0.030389754429583922
141,classification,nested_minimum,0.0,0.6421809282653206,0.046241484914305096
141,classification,nested_one_se,0.0,0.6355037540070749,0.03506884004572031
141,classification,null,0.0,0.3285,0.018295938874797992
141,regression,cubic_polynomial,29.28586194278721,37.48000302744584,0.23058862851207204
141,regression,current_solution,29.28586194278721,36.43818226086389,0.2803942208309738
141,regression,linear,29.28586194278721,30.40548006479097,0.47004779959434023
141,regression,nested_minimum,29.28586194278721,36.3673522089766,0.3299450515288201
141,regression,nested_one_se,29.28586194278721,36.84837878557544,0.7122132222442084
141,regression,null,29.28586194278721,36.11965352690907,0.42020662596578834
142,classification,cubic_polynomial,1.0,0.929251190476771,0.023971293071799234
142,classification,current_solution,1.0,0.9292511905294251,0.023971291054015877
142,classification,linear,1.0,0.3542250069867047,0.04305342455994041
142,classification,nested_minimum,1.0,0.9221835264586208,0.029189867874274186
142,classification,nested_one_se,1.0,0.9292511905294251,0.023971291054015877
142,classification,null,1.0,0.3206666666666667,0.013178701033088974
142,regression,cubic_polynomial,44.69175809109777,43.142673100204895,0.5303336600676166
142,regression,current_solution,44.69175809109777,44.811913107842244,0.5245298815468595
142,regression,linear,44.69175809109777,30.690742188388207,0.75320795663195
142,regression,nested_minimum,44.69175809109777,44.76301084444718,0.5505799697617927
142,regression,nested_one_se,44.69175809109777,43.93992969170196,1.0870886770409922
142,regression,null,44.69175809109777,35.90285590489168,0.33971485915777516
143,classification,cubic_polynomial,0.0,0.3452343132569953,0.031438378352287216
143,classification,current_solution,0.0,0.34523431327168946,0.03143838077198718
143,classification,linear,0.0,0.41263255946019317,0.035419150150593
143,classification,nested_minimum,0.0,0.34358632935784333,0.03128638905936327
143,classification,nested_one_se,0.0,0.34523431327168946,0.03143838077198718
143,classification,null,0.0,0.329,0.015613875350094087
143,regression,cubic_polynomial,40.74173631071161,38.68662085880457,0.3038839570271642
143,regression,current_solution,40.74173631071161,36.56052156486749,0.40934153863336875
143,regression,linear,40.74173631071161,40.66351735288826,0.7967677566256555
143,regression,nested_minimum,40.74173631071161,36.65935257463535,0.42547507221305947
143,regression,nested_one_se,40.74173631071161,37.98807736893653,1.0588098458204878
143,regression,null,40.74173631071161,36.01446260287863,0.42478675757925777
144,classification,cubic_polynomial,0.0,0.236681588409868,0.03487752596152995
144,classification,current_solution,0.0,0.23668158582768986,0.0348775256515506
144,classification,linear,0.0,0.3957224975160907,0.03152587141635001
144,classification,nested_minimum,0.0,0.2503626863690187,0.04248894975184716
144,classification,nested_one_se,0.0,0.23668158582768986,0.0348775256515506
144,classification,null,0.0,0.3218333333333333,0.01642555480264556
144,regression,cubic_polynomial,38.067547484960016,35.77464745640352,0.3156166721825872
144,regression,current_solution,38.067547484960016,34.33276624084597,0.3739617064435714
144,regression,linear,38.067547484960016,40.072487297517334,0.703922414195827
144,regression,nested_minimum,38.067547484960016,34.400642627237616,0.45846819643421116
144,regression,nested_one_se,38.067547484960016,34.971564244731994,1.0483747307708264
144,regression,null,38.067547484960016,36.04334516267267,0.3382060316163154
145,classification,cubic_polynomial,1.0,0.3321649302119341,0.04180453884797865
145,classification,current_solution,1.0,0.33216493217989307,0.041804535036296005
145,classification,linear,1.0,0.41138943206543543,0.03590700444735112
145,classification,nested_minimum,1.0,0.330695263529117,0.04053952705871233
145,classification,nested_one_se,1.0,0.33216493217989307,0.041804535036296005
145,classification,null,1.0,0.323,0.015898384216317552
145,regression,cubic_polynomial,42.02584837412501,39.195791565654446,0.3363058859234867
145,regression,current_solution,42.02584837412501,37.015479186397435,0.35409978245098794
145,regression,linear,42.02584837412501,41.1496652620656,0.777928885645228
145,regression,nested_minimum,42.02584837412501,37.147519088954795,0.3734270595590258
145,regression,nested_one_se,42.02584837412501,38.39257507339286,1.0925299945314633
145,regression,null,42.02584837412501,36.08382469433218,0.33215126993182026
146,classification,cubic_polynomial,0.0,0.08459482789789136,0.011449691803818196
146,classification,current_solution,0.0,0.08459482831672796,0.011449692341835334
146,classification,linear,0.0,0.3380607155137725,0.027741596196668526
146,classification,nested_minimum,0.0,0.09072838923050518,0.02386858736935881
146,classification,nested_one_se,0.0,0.08459482831672796,0.011449692341835334
146,classification,null,0.0,0.3255,0.017682545455705845
146,regression,cubic_polynomial,31.35403624671527,29.638955195982174,0.28698126830969034
146,regression,current_solution,31.35403624671527,30.361327643891606,0.3829009872538879
146,regression,linear,31.35403624671527,37.40592409573405,0.49238605677373093
146,regression,nested_minimum,31.35403624671527,30.05301657932582,0.4480083707191715
146,regression,nested_one_se,31.35403624671527,29.722818011628,0.3010200324955835
146,regression,null,31.35403624671527,36.06394543265731,0.4038430851819628
147,classification,cubic_polynomial,0.0,0.29938095930610736,0.034237021105330695
147,classification,current_solution,0.0,0.29938095803205533,0.034237023245538636
147,classification,linear,0.0,0.3222532023944135,0.031874621597516105
147,classification,nested_minimum,0.0,0.3089422883259686,0.037438442953903285
147,classification,nested_one_se,0.0,0.29938095803205533,0.034237023245538636
147,classification,null,0.0,0.33,0.019475891374404055
147,regression,cubic_polynomial,33.02842317814229,33.48175514826246,0.22816303867933813
147,regression,current_solution,33.02842317814229,31.67767559902713,0.24109022477463535
147,regression,linear,33.02842317814229,31.924265427256408,0.5610994592861479
147,regression,nested_minimum,33.02842317814229,31.6863957009983,0.3186294723067186
147,regression,nested_one_se,33.02842317814229,32.81960406785152,0.8786724488921653
147,regression,null,33.02842317814229,36.176059617592,0.3821202405580153
148,classification,cubic_polynomial,0.0,0.15183577328596917,0.032434772982605636
148,classification,current_solution,0.0,0.15183577497789094,0.032434773990709105
148,classification,linear,0.0,0.2378333863221453,0.0330938280188979
148,classification,nested_minimum,0.0,0.15017612826026447,0.03197685123172533
148,classification,nested_one_se,0.0,0.15183577497789094,0.032434773990709105
148,classification,null,0.0,0.3255,0.021023385993238324
148,regression,cubic_polynomial,26.2357646675375,34.89888346709889,0.3687042445937916
148,regression,current_solution,26.2357646675375,33.487456042179204,0.4048491774901013
148,regression,linear,26.2357646675375,36.46789023718254,0.6999989733861507
148,regression,nested_minimum,26.2357646675375,33.689281013147216,0.5151032411103035
148,regression,nested_one_se,26.2357646675375,34.33846055052428,0.8080252360598721
148,regression,null,26.2357646675375,36.04713430792031,0.37721328775541707
149,classification,cubic_polynomial,0.0,0.12298579114577005,0.01649191180321453
149,classification,current_solution,0.0,0.12298579110132525,0.016491912334300102
149,classification,linear,0.0,0.3467933473475035,0.029613971684717175
149,classification,nested_minimum,0.0,0.1449626501972192,0.05861515995818718
149,classification,nested_one_se,0.0,0.12298579110132525,0.016491912334300102
149,classification,null,0.0,0.32816666666666666,0.01797907468244074
149,regression,cubic_polynomial,30.857512972673657,32.474659695902844,0.32819818353601865
149,regression,current_solution,30.857512972673657,33.88163688493151,0.29216223206986025
149,regression,linear,30.857512972673657,39.082295542268845,0.376704353597706
149,regression,nested_minimum,30.857512972673657,33.64967578118967,0.33463624168150696
149,regression,nested_one_se,30.857512972673657,32.880677437250036,0.45226322654607615
149,regression,null,30.857512972673657,36.107508931635635,0.3279697058681838
150,classification,cubic_polynomial,0.0,0.0364590925139029,0.008804666168567777
150,classification,current_solution,0.0,0.036459092614326866,0.008804665188630592
150,classification,linear,0.0,0.21629696121661993,0.018506469591493373
150,classification,nested_minimum,0.0,0.031551359552343373,0.012115890754874256
150,classification,nested_one_se,0.0,0.036459092614326866,0.008804665188630592
150,classification,null,0.0,0.3236666666666667,0.012172137016162363
150,regression,cubic_polynomial,29.7643318969823,25.916778294414822,0.29504652572578977
150,regression,current_solution,29.7643318969823,26.526158484869725,0.33905173434148506
150,regression,linear,29.7643318969823,31.48063618870571,0.4365313839957242
150,regression,nested_minimum,29.7643318969823,26.59056403833796,0.32499132394128233
150,regression,nested_one_se,29.7643318969823,26.392160590714973,0.5476872975429954
150,regression,null,29.7643318969823,36.07171581236709,0.3531730288411088
151,classification,cubic_polynomial,1.0,0.21206431569735834,0.03682673505848601
151,classification,current_solution,1.0,0.2120643183169899,0.03682673523608516
151,classification,linear,1.0,0.22757075242243358,0.023656622908603254
151,classification,nested_minimum,1.0,0.2147101086722742,0.04032710176277007
151,classification,nested_one_se,1.0,0.2120643183169899,0.03682673523608516
151,classification,null,1.0,0.318,0.012219261222659341
151,regression,cubic_polynomial,35.58594733721459,34.23933058171837,0.35129747582936066
151,regression,current_solution,35.58594733721459,33.100449337675556,0.3450490497671868
151,regression,linear,35.58594733721459,31.7667045007506,0.6931059830896227
151,regression,nested_minimum,35.58594733721459,33.10685011502013,0.36410948384493225
151,regression,nested_one_se,35.58594733721459,33.91395091516461,0.6753534517244313
151,regression,null,35.58594733721459,35.91549352579947,0.309459185096798
152,classification,cubic_polynomial,0.0,0.23268967003631527,0.041968962270306095
152,classification,current_solution,0.0,0.2326896693758977,0.04196896239852375
152,classification,linear,0.0,0.3790538470559405,0.036917159803478934
152,classification,nested_minimum,0.0,0.22673857705207753,0.047785953219933036
152,classification,nested_one_se,0.0,0.2326896693758977,0.04196896239852375
152,classification,null,0.0,0.322,0.015624913792865633
152,regression,cubic_polynomial,40.45832973770316,33.837742854499574,0.2802490129238974
152,regression,current_solution,40.45832973770316,33.151993028226805,0.27032350373150693
152,regression,linear,40.45832973770316,35.85715658615407,0.5184035279324593
152,regression,nested_minimum,40.45832973770316,33.13788324137753,0.2610767592660785
152,regression,nested_one_se,40.45832973770316,33.45523311601016,0.39713913763927183
152,regression,null,40.45832973770316,35.98516019935035,0.3472278364276006
153,classification,cubic_polynomial,0.0,0.07533330543429496,0.016301903018832095
153,classification,current_solution,0.0,0.07533330521264689,0.01630190313636996
153,classification,linear,0.0,0.3366471162710889,0.027754113626117377
153,classification,nested_minimum,0.0,0.07173157493186963,0.021183593057048943
153,classification,nested_one_se,0.0,0.07533330521264689,0.01630190313636996
153,classification,null,0.0,0.32416666666666666,0.017174727490350934
153,regression,cubic_polynomial,26.90652019077657,28.286487709371933,0.25201177197360775
153,regression,current_solution,26.90652019077657,28.30679849944246,0.3445386361427859
153,regression,linear,26.90652019077657,34.193589970439554,0.46606464553284815
153,regression,nested_minimum,26.90652019077657,28.35003266840693,0.352004230011859
153,regression,nested_one_se,26.90652019077657,28.352770474685144,0.26304742678629056
153,regression,null,26.90652019077657,36.08877097284628,0.3329234342548827
154,classification,cubic_polynomial,1.0,0.9351493905005906,0.01654899973168674
154,classification,current_solution,1.0,0.9351493905636752,0.016548999155805787
154,classification,linear,1.0,0.4114390840722079,0.052353865056883685
154,classification,nested_minimum,1.0,0.9365034310247048,0.01795881885644229
154,classification,nested_one_se,1.0,0.9351493905636752,0.016548999155805787
154,classification,null,1.0,0.3238333333333333,0.01606470393887414
154,regression,cubic_polynomial,42.3307793679177,45.978533029544174,0.42554217750262485
154,regression,current_solution,42.3307793679177,46.38306908312261,0.4312767261783334
154,regression,linear,42.3307793679177,33.98546375523147,0.9292969701644075
154,regression,nested_minimum,42.3307793679177,46.35044407744735,0.45092903706548143
154,regression,nested_one_se,42.3307793679177,46.10950952158093,0.41144245674084096
154,regression,null,42.3307793679177,36.073073314019425,0.3528785170192473
155,classification,cubic_polynomial,0.0,0.07779582273082752,0.015116341815073372
155,classification,current_solution,0.0,0.0777958226740667,0.01511634202625926
155,classification,linear,0.0,0.38661456501336866,0.02856188734353146
155,classification,nested_minimum,0.0,0.07466552831096765,0.019295032124680735
155,classification,nested_one_se,0.0,0.0777958226740667,0.01511634202625926
155,classification,null,0.0,0.32716666666666666,0.015010532700541403
155,regression,cubic_polynomial,31.338425052487423,28.078215253226553,0.2662164189761821
155,regression,current_solution,31.338425052487423,28.529849668935373,0.3364227931373487
155,regression,linear,31.338425052487423,35.71526849828432,0.4701091262713661
155,regression,nested_minimum,31.338425052487423,28.63496077522438,0.3168492821036885
155,regression,nested_one_se,31.338425052487423,28.454975581123303,0.45207555312049225
155,regression,null,31.338425052487423,36.05373621197712,0.3781973345087843
156,classification,cubic_polynomial,0.0,0.05076693540607405,0.008451940276647852
156,classification,current_solution,0.0,0.050766936486902954,0.008451939994588669
156,classification,linear,0.0,0.3227647172406646,0.02278508346944284
156,classification,nested_minimum,0.0,0.047897417863325305,0.01134299444905257
156,classification,nested_one_se,0.0,0.050766936486902954,0.008451939994588669
156,classification,null,0.0,0.32483333333333336,0.018545532659085182
156,regression,cubic_polynomial,27.591338156509718,26.810619757147617,0.1929280650057985
156,regression,current_solution,27.591338156509718,27.992649420190183,0.22872393133746183
156,regression,linear,27.591338156509718,35.119349054838196,0.389207390458872
156,regression,nested_minimum,27.591338156509718,28.031571352375305,0.3127288480342311
156,regression,nested_one_se,27.591338156509718,27.508063959605888,0.8249923815792811
156,regression,null,27.591338156509718,36.10746178665026,0.4168943045809011
157,classification,cubic_polynomial,1.0,0.6211392085783901,0.04774001725341543
157,classification,current_solution,1.0,0.621139197303384,0.04774001640746701
157,classification,linear,1.0,0.2647973782506895,0.03846765974696876
157,classification,nested_minimum,1.0,0.6082317065192461,0.061029974975912685
157,classification,nested_one_se,1.0,0.621139197303384,0.04774001640746701
157,classification,null,1.0,0.3155,0.015048771286765558
157,regression,cubic_polynomial,45.94120458210715,49.60997652262461,0.47841732968982675
157,regression,current_solution,45.94120458210715,49.270712256824304,0.4399790953786984
157,regression,linear,45.94120458210715,39.455094766383475,0.8144303409421978
157,regression,nested_minimum,45.94120458210715,49.17321856930256,0.8475304597837793
157,regression,nested_one_se,45.94120458210715,49.587519633108826,0.4785244391140506
157,regression,null,45.94120458210715,35.92504667317873,0.31706297937047195
158,classification,cubic_polynomial,0.0,0.03034335133332694,0.008802406436389201
158,classification,current_solution,0.0,0.030343351147657724,0.008802406626896358
158,classification,linear,0.0,0.22368158604694627,0.025127973897555347
158,classification,nested_minimum,0.0,0.028369927470508795,0.010738948837669668
158,classification,nested_one_se,0.0,0.030343351147657724,0.008802406626896358
158,classification,null,0.0,0.32433333333333336,0.019858696233437747
158,regression,cubic_polynomial,21.65118082615201,25.29677420995797,0.3431783908154197
158,regression,current_solution,21.65118082615201,26.786976808875657,0.3660913120451718
158,regression,linear,21.65118082615201,32.74963734298453,0.5787245325185015
158,regression,nested_minimum,21.65118082615201,26.886668989453696,0.4565947995782701
158,regression,nested_one_se,21.65118082615201,26.26192561615468,1.0290460760726547
158,regression,null,21.65118082615201,36.13556248379324,0.39893289530774523
159,classification,cubic_polynomial,0.0,0.4365047379016892,0.03835982712612682
159,classification,current_solution,0.0,0.4365047369052766,0.03835983124148437
159,classification,linear,0.0,0.32668590738930897,0.02965362499914246
159,classification,nested_minimum,0.0,0.448592455249586,0.04914983644785763
159,classification,nested_one_se,0.0,0.4365047369052766,0.03835983124148437
159,classification,null,0.0,0.32599999999999996,0.013480509557543973
159,regression,cubic_polynomial,26.08699666468485,35.185149858738626,0.20923576666055557
159,regression,current_solution,26.08699666468485,33.45952213892953,0.2571364874921154
159,regression,linear,26.08699666468485,31.444507620968555,0.5108268098025276
159,regression,nested_minimum,26.08699666468485,33.39783895711076,0.27649378669130875
159,regression,nested_one_se,26.08699666468485,34.434947652561284,0.9914077471449888
159,regression,null,26.08699666468485,36.01422976407723,0.3473897532618844
160,classification,cubic_polynomial,0.0,0.23688701637804127,0.03394970380557121
160,classification,current_solution,0.0,0.2368870200770223,0.03394970411986809
160,classification,linear,0.0,0.2834719334226459,0.024073348316985002
160,classification,nested_minimum,0.0,0.23513189615084915,0.03620366962266253
160,classification,nested_one_se,0.0,0.2368870200770223,0.03394970411986809
160,classification,null,0.0,0.3233333333333333,0.015938098647760572
160,regression,cubic_polynomial,31.053878864530617,34.43561063426182,0.27557395216186814
160,regression,current_solution,31.053878864530617,33.33596910629467,0.2698087843926823
160,regression,linear,31.053878864530617,33.291581587274685,0.6121577031391643
160,regression,nested_minimum,31.053878864530617,33.32486677234127,0.3318498215333017
160,regression,nested_one_se,31.053878864530617,33.9435295945477,0.6648645005537728
160,regression,null,31.053878864530617,36.02954299412106,0.3236584097107116
161,classification,cubic_polynomial,1.0,0.9607528801847919,0.01641586289687834
161,classification,current_solution,1.0,0.9607528807862386,0.016415861676736317
161,classification,linear,1.0,0.33965644125731725,0.041670802566169333
161,classification,nested_minimum,1.0,0.953885010765542,0.021652049775389717
161,classification,nested_one_se,1.0,0.9607528807862386,0.016415861676736317
161,classification,null,1.0,0.31983333333333336,0.01678891944384612
161,regression,cubic_polynomial,48.235759326703445,44.752228279910256,0.6247957298136821
161,regression,current_solution,48.235759326703445,48.065506413452866,0.7061926306958503
161,regression,linear,48.235759326703445,30.015536919588744,0.8025479896832275
161,regression,nested_minimum,48.235759326703445,48.174124136327386,0.6721670001558072
161,regression,nested_one_se,48.235759326703445,46.0494143123655,1.8256989822112633
161,regression,null,48.235759326703445,36.00137679497393,0.3451077831717721
162,classification,cubic_polynomial,0.0,0.11689554288501491,0.018195830554167344
162,classification,current_solution,0.0,0.11689554646814797,0.0181958281481135
162,classification,linear,0.0,0.30395483727692535,0.022275435082671498
162,classification,nested_minimum,0.0,0.12762802476061413,0.03292299839933141
162,classification,nested_one_se,0.0,0.11689554646814797,0.0181958281481135
162,classification,null,0.0,0.3223333333333333,0.01617433755683055
162,regression,cubic_polynomial,45.6870115287796,32.71622477126544,0.2877291192466311
162,regression,current_solution,45.6870115287796,33.67620197481594,0.34810413962564946
162,regression,linear,45.6870115287796,38.43469339643489,0.5486072075026305
162,regression,nested_minimum,45.6870115287796,33.4657610182962,0.3354982272281735
162,regression,nested_one_se,45.6870115287796,32.9612968776798,0.398679340021122
162,regression,null,45.6870115287796,36.0043526236971,0.38189395566870166
163,classification,cubic_polynomial,1.0,0.8461622104332659,0.043521548152361894
163,classification,current_solution,1.0,0.8461622036096842,0.0435215519310649
163,classification,linear,1.0,0.33822306244290884,0.046084979584879095
163,classification,nested_minimum,1.0,0.855527489077895,0.06165975997865504
163,classification,nested_one_se,1.0,0.8461622036096842,0.0435215519310649
163,classification,null,1.0,0.319,0.016209830988929377
163,regression,cubic_polynomial,51.90140855093097,55.97824568640223,0.7832052246103987
163,regression,current_solution,51.90140855093097,57.9517579574539,0.8386789721811845
163,regression,linear,51.90140855093097,41.41932845292961,0.8620238674486276
163,regression,nested_minimum,51.90140855093097,57.905021734240464,0.9055618959567839
163,regression,nested_one_se,51.90140855093097,56.80346189157975,1.171309684680193
163,regression,null,51.90140855093097,35.84548756746743,0.2861299110875155
164,classification,cubic_polynomial,0.0,0.07676758190161055,0.012307133310970336
164,classification,current_solution,0.0,0.07676758200998676,0.012307132384995574
164,classification,linear,0.0,0.2705003201142022,0.02209897669299787
164,classification,nested_minimum,0.0,0.08554417619735766,0.024844630141119633
164,classification,nested_one_se,0.0,0.07676758200998676,0.012307132384995574
164,classification,null,0.0,0.324,0.016577924665255792
164,regression,cubic_polynomial,31.080274278559266,29.908452292513914,0.30994113386966143
164,regression,current_solution,31.080274278559266,30.257302188009817,0.3141100517861235
164,regression,linear,31.080274278559266,36.2066926562808,0.5518587446642295
164,regression,nested_minimum,31.080274278559266,30.134129016211205,0.43435951337905865
164,regression,nested_one_se,31.080274278559266,29.824145878115633,0.32714513622395286
164,regression,null,31.080274278559266,36.06597442100549,0.3743922365060925
165,classification,cubic_polynomial,0.0,0.07410499124551968,0.016270621704191923
165,classification,current_solution,0.0,0.07410499083110718,0.016270621369661478
165,classification,linear,0.0,0.23264265971113157,0.027844006144240117
165,classification,nested_minimum,0.0,0.07656267359192073,0.018686031445731565
165,classification,nested_one_se,0.0,0.07410499083110718,0.016270621369661478
165,classification,null,0.0,0.32933333333333337,0.011870953636076797
165,regression,cubic_polynomial,23.808080516583345,30.597069273393902,0.36933871740726454
165,regression,current_solution,23.808080516583345,30.643813845603905,0.3574956935905317
165,regression,linear,23.808080516583345,35.70586352566529,0.5795320043171565
165,regression,nested_minimum,23.808080516583345,30.632162208408314,0.5578251366810603
165,regression,nested_one_se,23.808080516583345,30.406449060952134,0.47683203056796075
165,regression,null,23.808080516583345,36.189003265830706,0.2627834299718578
166,classification,cubic_polynomial,1.0,0.9791366902577329,0.007399330566075231
166,classification,current_solution,1.0,0.9791366880636604,0.007399332992076048
166,classification,linear,1.0,0.44215042343615474,0.04847004057084705
166,classification,nested_minimum,1.0,0.9728695544682312,0.01319032834841865
166,classification,nested_one_se,1.0,0.9791366880636604,0.007399332992076048
166,classification,null,1.0,0.31983333333333336,0.016840188657583036
166,regression,cubic_polynomial,54.24507400501391,45.54802496198087,0.5349767033072376
166,regression,current_solution,54.24507400501391,48.49483923483879,0.6512387479367199
166,regression,linear,54.24507400501391,31.55454595199634,0.8542173206995352
166,regression,nested_minimum,54.24507400501391,48.58540195503742,0.6802854224624414
166,regression,nested_one_se,54.24507400501391,46.95365899157589,1.7165458441372528
166,regression,null,54.24507400501391,36.0151346112207,0.3276912396422683
167,classification,cubic_polynomial,0.0,0.5102001263362056,0.05473042755148745
167,classification,current_solution,0.0,0.5102001225737917,0.05473042855522484
167,classification,linear,0.0,0.2122518805480103,0.03198436926084383
167,classification,nested_minimum,0.0,0.5157209522764166,0.055097525874822584
167,classification,nested_one_se,0.0,0.5102001225737917,0.05473042855522484
167,classification,null,0.0,0.32066666666666666,0.01512780799430783
167,regression,cubic_polynomial,30.831647883032662,36.075333173016354,0.35810760107497636
167,regression,current_solution,30.831647883032662,35.2523970352684,0.3674769717069412
167,regression,linear,30.831647883032662,27.922674008758285,0.8188659975160058
167,regression,nested_minimum,30.831647883032662,35.194131962730914,0.3523634368448694
167,regression,nested_one_se,30.831647883032662,35.72962299167703,0.5601385402258549
167,regression,null,30.831647883032662,36.10773034075933,0.291833274203047
168,classification,cubic_polynomial,0.0,0.14203151879424578,0.026038129502610297
168,classification,current_solution,0.0,0.14203151854254434,0.026038128215092535
168,classification,linear,0.0,0.47965459663878374,0.037459466954376554
168,classification,nested_minimum,0.0,0.1576439204594244,0.05616212089318121
168,classification,nested_one_se,0.0,0.14203151854254434,0.026038128215092535
168,classification,null,0.0,0.3236666666666667,0.015807753081044255
168,regression,cubic_polynomial,30.43898327072368,31.282906635509445,0.3544800326676144
168,regression,current_solution,30.43898327072368,31.964708518510736,0.29605645919453377
168,regression,linear,30.43898327072368,40.35837423540916,0.7531285183609941
168,regression,nested_minimum,30.43898327072368,31.78736749801357,0.431001994282803
168,regression,nested_one_se,30.43898327072368,31.248552394451266,0.3556638789599398
168,regression,null,30.43898327072368,36.036093597589336,0.31321156740655026
169,classification,cubic_polynomial,0.0,0.6359625488827266,0.03588774065374758
169,classification,current_solution,0.0,0.635962548826498,0.035887743762575496
169,classification,linear,0.0,0.34731519603048633,0.02340427255857698
169,classification,nested_minimum,0.0,0.6540668617196931,0.053579684333998234
169,classification,nested_one_se,0.0,0.635962548826498,0.035887743762575496
169,classification,null,0.0,0.3175,0.018229854256326266
169,regression,cubic_polynomial,40.334014916089615,37.346063527847704,0.27694356950209165
169,regression,current_solution,40.334014916089615,35.848220897839106,0.3272696435152736
169,regression,linear,40.334014916089615,31.301428855007146,0.475741221957605
169,regression,nested_minimum,40.334014916089615,35.771322357216526,0.40666575562742235
169,regression,nested_one_se,40.334014916089615,36.41710797046831,0.841913028611139
169,regression,null,40.334014916089615,35.9188321018444,0.3594290305247935
170,classification,cubic_polynomial,1.0,0.2869416233617859,0.0331917177189196
170,classification,current_solution,1.0,0.2869416235020817,0.033191717153482236
170,classification,linear,1.0,0.19468764675477448,0.020303774145525404
170,classification,nested_minimum,1.0,0.2988536702515719,0.0447911298044611
170,classification,nested_one_se,1.0,0.2869416235020817,0.033191717153482236
170,classification,null,1.0,0.31666666666666665,0.01797188097409746
170,regression,cubic_polynomial,37.51341917393309,33.676385959853874,0.31066134579914056
170,regression,current_solution,37.51341917393309,32.14140494400618,0.31957476106572624
170,regression,linear,37.51341917393309,28.248271441812257,0.4495137562964275
170,regression,nested_minimum,37.51341917393309,32.155810615785626,0.25698063371470103
170,regression,nested_one_se,37.51341917393309,32.92145175779104,0.819943004814214
170,regression,null,37.51341917393309,35.90888675756349,0.38526105658861387
171,classification,cubic_polynomial,1.0,0.7810174684681722,0.06024647805922223
171,classification,current_solution,1.0,0.7810174677708352,0.06024647940155921
171,classification,linear,1.0,0.23124481224295151,0.037273229029206816
171,classification,nested_minimum,1.0,0.7906296033562845,0.08547687535533088
171,classification,nested_one_se,1.0,0.7810174677708352,0.06024647940155921
171,classification,null,1.0,0.3143333333333333,0.016280585716256284
171,regression,cubic_polynomial,67.63453576015215,55.886980987814255,0.7633075883262498
171,regression,current_solution,67.63453576015215,59.00454888289429,0.9094530421966608
171,regression,linear,67.63453576015215,38.90353957127623,0.8295361317105766
171,regression,nested_minimum,67.63453576015215,58.846969951194374,0.9041673350772029
171,regression,nested_one_se,67.63453576015215,56.79153405674404,1.6132485677423096
171,regression,null,67.63453576015215,35.836362940433155,0.3274606468587758
172,classification,cubic_polynomial,0.0,0.16638192510650557,0.03249121020085431
172,classification,current_solution,0.0,0.1663819232055205,0.03249120637779196
172,classification,linear,0.0,0.22458159151268556,0.02874541345523229
172,classification,nested_minimum,0.0,0.16407471627246,0.03202666702784987
172,classification,nested_one_se,0.0,0.1663819232055205,0.03249120637779196
172,classification,null,0.0,0.32583333333333336,0.012803779973476424
172,regression,cubic_polynomial,29.93098880680357,33.06649980083083,0.2569932053614255
172,regression,current_solution,29.93098880680357,32.23804373742768,0.26435328694917415
172,regression,linear,29.93098880680357,31.81409307019191,0.7576376573179631
172,regression,nested_minimum,29.93098880680357,32.24005990021567,0.25851416961591694
172,regression,nested_one_se,29.93098880680357,32.463704597144584,0.5056182547983237
172,regression,null,29.93098880680357,36.13158755727518,0.3026218430260828
173,classification,cubic_polynomial,0.0,0.6646846342617787,0.0425986417378218
173,classification,current_solution,0.0,0.6646846291634353,0.04259864008607058
173,classification,linear,0.0,0.4476589419461242,0.04320618002117802
173,classification,nested_minimum,0.0,0.6521941512826497,0.05079177551969334
173,classification,nested_one_se,0.0,0.6646846291634353,0.04259864008607058
173,classification,null,0.0,0.32316666666666666,0.018730545462781738
173,regression,cubic_polynomial,34.476905430286806,47.32617537683446,0.3804048186315262
173,regression,current_solution,34.476905430286806,45.25979234924509,0.4049088787702902
173,regression,linear,34.476905430286806,43.03847512218309,0.9288040634709511
173,regression,nested_minimum,34.476905430286806,45.37338452856688,0.5312070271493592
173,regression,nested_one_se,34.476905430286806,46.618544072920166,0.848286732939362
173,regression,null,34.476905430286806,36.12278495679962,0.2952050847979389
174,classification,cubic_polynomial,0.0,0.03527079916972915,0.006989524682872201
174,classification,current_solution,0.0,0.035270799153021185,0.006989523965132323
174,classification,linear,0.0,0.25592744579032717,0.024968013589610948
174,classification,nested_minimum,0.0,0.03454636553201511,0.00765097760034719
174,classification,nested_one_se,0.0,0.035270799153021185,0.006989523965132323
174,classification,null,0.0,0.32566666666666666,0.015577024047003308
174,regression,cubic_polynomial,29.04072440146084,25.68247874239863,0.25473618494437034
174,regression,current_solution,29.04072440146084,27.18057937585616,0.27168054298983935
174,regression,linear,29.04072440146084,33.58599164042208,0.4929036086646479
174,regression,nested_minimum,29.04072440146084,27.156153855199726,0.4396408436857128
174,regression,nested_one_se,29.04072440146084,26.585075397252393,0.9283320363781816
174,regression,null,29.04072440146084,36.09559849156638,0.3370218647028806
175,classification,cubic_polynomial,1.0,0.5279176699143961,0.052306254527338836
175,classification,current_solution,1.0,0.5279176713437291,0.05230625141627829
175,classification,linear,1.0,0.3403403101789831,0.04039503857004452
175,classification,nested_minimum,1.0,0.5117238052568657,0.07639914582556447
175,classification,nested_one_se,1.0,0.5279176713437291,0.05230625141627829
175,classification,null,1.0,0.32166666666666666,0.01988472526464911
175,regression,cubic_polynomial,42.42089015561648,45.1443120188651,0.3682979522496815
175,regression,current_solution,42.42089015561648,43.20173996778697,0.46214873192076356
175,regression,linear,42.42089015561648,41.913604075835316,0.8642798259476133
175,regression,nested_minimum,42.42089015561648,43.308739169571666,0.5310973068364725
175,regression,nested_one_se,42.42089015561648,44.4775085200146,0.8401854179214403
175,regression,null,42.42089015561648,35.92811915637434,0.4368896690363854
176,classification,cubic_polynomial,0.0,0.20860648836087367,0.023545200545159076
176,classification,current_solution,0.0,0.20860648760245276,0.023545200055497182
176,classification,linear,0.0,0.32403994002226905,0.02441235498781729
176,classification,nested_minimum,0.0,0.20509754971403718,0.02689868392106752
176,classification,nested_one_se,0.0,0.20860648760245276,0.023545200055497182
176,classification,null,0.0,0.322,0.011715006586013729
176,regression,cubic_polynomial,30.10949864564217,31.946778906690334,0.213000347943474
176,regression,current_solution,30.10949864564217,30.322225684660104,0.2554362936248648
176,regression,linear,30.10949864564217,32.30068015250888,0.45529302766198776
176,regression,nested_minimum,30.10949864564217,30.4048776049618,0.29574750914235715
176,regression,nested_one_se,30.10949864564217,31.116651059175044,0.8890782527282011
176,regression,null,30.10949864564217,36.11509804576385,0.33608685420356116
177,classification,cubic_polynomial,0.0,0.08539385849496146,0.012697978358628757
177,classification,current_solution,0.0,0.08539385821201297,0.012697978704022023
177,classification,linear,0.0,0.43445457201946375,0.029072888977629555
177,classification,nested_minimum,0.0,0.08072891380738416,0.01764614443612232
177,classification,nested_one_se,0.0,0.08539385821201297,0.012697978704022023
177,classification,null,0.0,0.32266666666666666,0.016227548592850794
177,regression,cubic_polynomial,28.132039263301035,28.311860711690446,0.26832359441488646
177,regression,current_solution,28.132039263301035,29.431332129633955,0.22596732065183553
177,regression,linear,28.132039263301035,37.60787394405845,0.5157365453367705
177,regression,nested_minimum,28.132039263301035,29.4347126127948,0.375562291110405
177,regression,nested_one_se,28.132039263301035,29.097886306047577,0.6641341309222
177,regression,null,28.132039263301035,36.01628977484027,0.33504701930488484
178,classification,cubic_polynomial,0.0,0.08646162559364354,0.020037459136372168
178,classification,current_solution,0.0,0.08646162489341927,0.02003745881009916
178,classification,linear,0.0,0.23105720593578263,0.0310289318791035
178,classification,nested_minimum,0.0,0.09263565471244109,0.03314106557138748
178,classification,nested_one_se,0.0,0.08646162489341927,0.02003745881009916
178,classification,null,0.0,0.327,0.013995073024658264
178,regression,cubic_polynomial,32.46541040627456,32.07820227788512,0.38929476479560143
178,regression,current_solution,32.46541040627456,33.212786911888244,0.4361328125900285
178,regression,linear,32.46541040627456,36.8433699084803,0.6562478633525181
178,regression,nested_minimum,32.46541040627456,32.96728118025173,0.49359638792452293
178,regression,nested_one_se,32.46541040627456,32.3678394701617,0.45141378336600374
178,regression,null,32.46541040627456,36.11659094980453,0.3436737614937398
179,classification,cubic_polynomial,0.0,0.6748057074832422,0.045525702642523126
179,classification,current_solution,0.0,0.6748057017222547,0.045525704157772684
179,classification,linear,0.0,0.30242754149419404,0.03195765131375552
179,classification,nested_minimum,0.0,0.6794873833961347,0.04904205256588151
179,classification,nested_one_se,0.0,0.6748057017222547,0.045525704157772684
179,classification,null,0.0,0.3268333333333333,0.013030688798935859
179,regression,cubic_polynomial,33.25541377084148,37.705840552989144,0.299608003833691
179,regression,current_solution,33.25541377084148,36.799502155674226,0.30360236431714205
179,regression,linear,33.25541377084148,30.10802553121534,0.6549757469023372
179,regression,nested_minimum,33.25541377084148,36.60644433389818,0.41600162978087263
179,regression,nested_one_se,33.25541377084148,37.28108412541578,0.6161026067884653
179,regression,null,33.25541377084148,36.046989903067114,0.30913893006650134
180,classification,cubic_polynomial,0.0,0.03700612151741621,0.008890860706036625
180,classification,current_solution,0.0,0.03700612163144572,0.008890861291727977
180,classification,linear,0.0,0.2512420288794375,0.02427191542792338
180,classification,nested_minimum,0.0,0.03586439815674233,0.010067852980682503
180,classification,nested_one_se,0.0,0.03700612163144572,0.008890861291727977
180,classification,null,0.0,0.32749999999999996,0.016281468204573917
180,regression,cubic_polynomial,34.52497602305474,25.736584818367156,0.24618034205070394
180,regression,current_solution,34.52497602305474,27.258691802928432,0.2943139266606739
180,regression,linear,34.52497602305474,33.82604102365021,0.46997738053154975
180,regression,nested_minimum,34.52497602305474,27.215498527398015,0.37640355373574436
180,regression,nested_one_se,34.52497602305474,26.298300834937614,0.8192945011485504
180,regression,null,34.52497602305474,36.14440931893035,0.3308326975531734
181,classification,cubic_polynomial,0.0,0.15570446422435297,0.021395491536026965
181,classification,current_solution,0.0,0.15570446289229045,0.021395491757255823
181,classification,linear,0.0,0.2897683067773019,0.023478643206839202
181,classification,nested_minimum,0.0,0.15752638180640088,0.02154636627076765
181,classification,nested_one_se,0.0,0.15570446289229045,0.021395491757255823
181,classification,null,0.0,0.32433333333333336,0.014605934866804442
181,regression,cubic_polynomial,32.87135913516537,34.08570760801628,0.30546933371819884
181,regression,current_solution,32.87135913516537,32.939866525110325,0.3930238262009784
181,regression,linear,32.87135913516537,37.52760970255778,0.5761370859454615
181,regression,nested_minimum,32.87135913516537,33.1780372132428,0.6775261241945214
181,regression,nested_one_se,32.87135913516537,33.41464041561856,0.846660055296095
181,regression,null,32.87135913516537,35.99103051516995,0.33824303796585325
182,classification,cubic_polynomial,1.0,0.3317498549036204,0.04231910903582646
182,classification,current_solution,1.0,0.33174985333967494,0.04231911068299205
182,classification,linear,1.0,0.23012511474714561,0.028585726852816837
182,classification,nested_minimum,1.0,0.32480109380513267,0.0503061844468011
182,classification,nested_one_se,1.0,0.33174985333967494,0.04231911068299205
182,classification,null,1.0,0.32599999999999996,0.01724068964137875
182,regression,cubic_polynomial,45.50602799024117,42.622631054199196,0.3855969642556775
182,regression,current_solution,45.50602799024117,40.790859213589556,0.48069011540684464
182,regression,linear,45.50602799024117,39.3229947947475,0.7241048606541447
182,regression,nested_minimum,45.50602799024117,41.00096859579947,0.5581913539642974
182,regression,nested_one_se,45.50602799024117,41.90232665070502,0.69210301384488
182,regression,null,45.50602799024117,36.06588631599148,0.3666473974827555
183,classification,cubic_polynomial,0.0,0.1168190031523745,0.022577650428796548
183,classification,current_solution,0.0,0.11681900620005742,0.022577648566908796
183,classification,linear,0.0,0.34659871343331655,0.03407110340881899
183,classification,nested_minimum,0.0,0.10945970942379667,0.027351254853612922
183,classification,nested_one_se,0.0,0.11681900620005742,0.022577648566908796
183,classification,null,0.0,0.32583333333333336,0.017620684031760134
183,regression,cubic_polynomial,33.87924391566072,31.466395057510645,0.2647089491414392
183,regression,current_solution,33.87924391566072,32.02893392036594,0.3268963242726072
183,regression,linear,33.87924391566072,36.50971795232841,0.4844293331711629
183,regression,nested_minimum,33.87924391566072,32.10042646399635,0.36333472228561753
183,regression,nested_one_se,33.87924391566072,31.85245466321212,0.562510789237656
183,regression,null,33.87924391566072,36.084985549315064,0.38118426659002924
184,classification,cubic_polynomial,0.0,0.06690227588827866,0.01311004867955888
184,classification,current_solution,0.0,0.06690227601485237,0.013110049667005704
184,classification,linear,0.0,0.25271485122511395,0.024332923523898518
184,classification,nested_minimum,0.0,0.06484055100506708,0.016732777425308067
184,classification,nested_one_se,0.0,0.06690227601485237,0.013110049667005704
184,classification,null,0.0,0.329,0.014645229893063804
184,regression,cubic_polynomial,32.51596621038276,27.9473763217784,0.25636830565060353
184,regression,current_solution,32.51596621038276,27.561634250802953,0.3065564430294514
184,regression,linear,32.51596621038276,31.719618470297306,0.45875234595348324
184,regression,nested_minimum,32.51596621038276,27.590538303893222,0.39601163732258465
184,regression,nested_one_se,32.51596621038276,27.75801701623908,0.28490516434858587
184,regression,null,32.51596621038276,36.17139253185068,0.3717216806979441
185,classification,cubic_polynomial,0.0,0.06282279156502951,0.009184301371077945
185,classification,current_solution,0.0,0.06282279124875004,0.009184301631447686
185,classification,linear,0.0,0.36801556537589963,0.022087272141776245
185,classification,nested_minimum,0.0,0.06075819056158002,0.01310549240400074
185,classification,nested_one_se,0.0,0.06282279124875004,0.009184301631447686
185,classification,null,0.0,0.32783333333333337,0.015739437253519308
185,regression,cubic_polynomial,26.99627717432016,27.46470773577472,0.24792836335470556
185,regression,current_solution,26.99627717432016,28.57158223792138,0.29751466303445234
185,regression,linear,26.99627717432016,36.16919224493102,0.4614847382503741
185,regression,nested_minimum,26.99627717432016,28.678080525275373,0.427534554184814
185,regression,nested_one_se,26.99627717432016,28.226746054311032,0.8468100742268342
185,regression,null,26.99627717432016,36.180370981862815,0.3558518641191674
186,classification,cubic_polynomial,0.0,0.05058016277971735,0.008648989501224112
186,classification,current_solution,0.0,0.0505801632080661,0.008648989726571276
186,classification,linear,0.0,0.2937689734790388,0.02015528832170356
186,classification,nested_minimum,0.0,0.04590583299921625,0.014303830020619811
186,classification,nested_one_se,0.0,0.0505801632080661,0.008648989726571276
186,classification,null,0.0,0.32733333333333337,0.016227548592850777
186,regression,cubic_polynomial,26.35951394473689,26.905838916074064,0.23090986750533496
186,regression,current_solution,26.35951394473689,27.575567848960315,0.331532877357887
186,regression,linear,26.35951394473689,33.832294536490615,0.33118702441770936
186,regression,nested_minimum,26.35951394473689,27.63038431870248,0.3331495969834862
186,regression,nested_one_se,26.35951394473689,27.403945431421473,0.5845116467954472
186,regression,null,26.35951394473689,36.157590871549175,0.34918856092516926
187,classification,cubic_polynomial,0.0,0.1353303972212573,0.021159355895324403
187,classification,current_solution,0.0,0.13533039650313292,0.021159356361365008
187,classification,linear,0.0,0.27816434974881044,0.02215221113803504
187,classification,nested_minimum,0.0,0.13460479553848909,0.023520296800099493
187,classification,nested_one_se,0.0,0.13533039650313292,0.021159356361365008
187,classification,null,0.0,0.32633333333333336,0.013641552478475037
187,regression,cubic_polynomial,25.399455784682385,30.41808870198236,0.28688197677942573
187,regression,current_solution,25.399455784682385,29.109424842230162,0.2951652763221235
187,regression,linear,25.399455784682385,31.436733995668025,0.4898298198753892
187,regression,nested_minimum,25.399455784682385,29.216351892918578,0.3256240205708312
187,regression,nested_one_se,25.399455784682385,29.633580971371646,0.7389038628324979
187,regression,null,25.399455784682385,36.05852460716894,0.3581861070251061
188,classification,cubic_polynomial,1.0,0.916764672956781,0.027092662678786558
188,classification,current_solution,1.0,0.916764670868583,0.027092665619833946
188,classification,linear,1.0,0.4544707654591457,0.05137868437019702
188,classification,nested_minimum,1.0,0.9271059730366122,0.0339282999739684
188,classification,nested_one_se,1.0,0.916764670868583,0.027092665619833946
188,classification,null,1.0,0.32166666666666666,0.018351610534103068
188,regression,cubic_polynomial,61.11747559654313,59.34594911245418,0.777855627963369
188,regression,current_solution,61.11747559654313,62.08724870606234,0.9753867712743831
188,regression,linear,61.11747559654313,44.12192183765807,0.9458446673078322
188,regression,nested_minimum,61.11747559654313,62.016068784740014,1.2158148800320934
188,regression,nested_one_se,61.11747559654313,60.0765824988954,1.4557293981730748
188,regression,null,61.11747559654313,35.96373096393341,0.31030656612597973
189,classification,cubic_polynomial,0.0,0.20592029036399573,0.034910796355049324
189,classification,current_solution,0.0,0.20592029010645357,0.03491079601158062
189,classification,linear,0.0,0.25147696649601436,0.033777436244777456
189,classification,nested_minimum,0.0,0.20163888235751806,0.03900675212470335
189,classification,nested_one_se,0.0,0.20592029010645357,0.03491079601158062
189,classification,null,0.0,0.3255,0.019447098888328147
189,regression,cubic_polynomial,39.99551089379542,37.1118968589176,0.2686287227550444
189,regression,current_solution,39.99551089379542,35.13542874480239,0.3668054234060175
189,regression,linear,39.99551089379542,37.200789217097935,0.7194252867851828
189,regression,nested_minimum,39.99551089379542,35.342362992422615,0.4502214609703559
189,regression,nested_one_se,39.99551089379542,36.21679291597039,0.9648402093030237
189,regression,null,39.99551089379542,36.072437611457154,0.3727046141298912
190,classification,cubic_polynomial,1.0,0.6523713855056212,0.04716590596888277
190,classification,current_solution,1.0,0.6523713815635229,0.04716590861062963
190,classification,linear,1.0,0.30283942651983303,0.0336095369033602
190,classification,nested_minimum,1.0,0.6594932909690364,0.05078887900854439
190,classification,nested_one_se,1.0,0.6523713815635229,0.04716590861062963
190,classification,null,1.0,0.3235,0.017377651124956147
190,regression,cubic_polynomial,36.253023494424944,37.866290942868275,0.20987254271786768
190,regression,current_solution,36.253023494424944,36.873031567896405,0.24133206889690048
190,regression,linear,36.253023494424944,30.345717642557513,0.4870774746081178
190,regression,nested_minimum,36.253023494424944,36.819709942910585,0.2440461332301084
190,regression,nested_one_se,36.253023494424944,37.3605377890523,0.6136450266891774
190,regression,null,36.253023494424944,36.09190241240558,0.27988567893232796
191,classification,cubic_polynomial,0.0,0.25114996652981847,0.035895595062421265
191,classification,current_solution,0.0,0.2511499717215778,0.035895588407588726
191,classification,linear,0.0,0.3745692382079014,0.03176854307829686
191,classification,nested_minimum,0.0,0.2646743977788726,0.04682023646431655
191,classification,nested_one_se,0.0,0.2511499717215778,0.035895588407588726
191,classification,null,0.0,0.3221666666666667,0.016010951711645505
191,regression,cubic_polynomial,36.49988055996744,37.014029761430756,0.337315750168227
191,regression,current_solution,36.49988055996744,36.62431924289071,0.3515460906609478
191,regression,linear,36.49988055996744,41.05909754157155,0.5020813078223727
191,regression,nested_minimum,36.49988055996744,36.752287395080806,0.5219730856455673
191,regression,nested_one_se,36.49988055996744,36.67351838425779,0.5479894978473007
191,regression,null,36.49988055996744,35.99179591512852,0.30876681574215675
192,classification,cubic_polynomial,0.0,0.2326051856123143,0.03742561180530553
192,classification,current_solution,0.0,0.23260518507180444,0.03742560967445658
192,classification,linear,0.0,0.30329868284531103,0.024415151540740764
192,classification,nested_minimum,0.0,0.22506426179554292,0.03354373239229054
192,classification,nested_one_se,0.0,0.23260518507180444,0.03742560967445658
192,classification,null,0.0,0.32916666666666666,0.017423890324005965
192,regression,cubic_polynomial,35.91970414426492,34.06638499568039,0.24384116501217515
192,regression,current_solution,35.91970414426492,33.063279973541846,0.29028397642456066
192,regression,linear,35.91970414426492,33.83347210442815,0.5670192030053813
192,regression,nested_minimum,35.91970414426492,33.05121224792405,0.2695007617880773
192,regression,nested_one_se,35.91970414426492,33.51854004610626,0.5927191844284854
192,regression,null,35.91970414426492,36.12071536607855,0.35717028092340153
193,classification,cubic_polynomial,0.0,0.0963149345904796,0.020558494080635873
193,classification,current_solution,0.0,0.09631493542347953,0.020558494683255383
193,classification,linear,0.0,0.3301157664882813,0.03027547122121096
193,classification,nested_minimum,0.0,0.09035335230947002,0.0250082909150732
193,classification,nested_one_se,0.0,0.09631493542347953,0.020558494683255383
193,classification,null,0.0,0.32783333333333337,0.0158486012291161
193,regression,cubic_polynomial,37.03836277194994,30.766911618885917,0.20111910856227694
193,regression,current_solution,37.03836277194994,31.74187018361915,0.3001914996067167
193,regression,linear,37.03836277194994,36.31780399147254,0.48546166485849923
193,regression,nested_minimum,37.03836277194994,31.74030058213534,0.35994419843933884
193,regression,nested_one_se,37.03836277194994,31.487819447586993,0.7562013640369918
193,regression,null,37.03836277194994,36.04558028527763,0.3693696051024597
194,classification,cubic_polynomial,0.0,0.0435663944516829,0.009447041651249728
194,classification,current_solution,0.0,0.0435663944820476,0.009447041599298189
194,classification,linear,0.0,0.2602479148972534,0.019266553180122346
194,classification,nested_minimum,0.0,0.04270836189948738,0.010786475159308785
194,classification,nested_one_se,0.0,0.0435663944820476,0.009447041599298189
194,classification,null,0.0,0.3265,0.016616879660609346
194,regression,cubic_polynomial,22.222397412665885,26.471540772819765,0.27052420226476837
194,regression,current_solution,22.222397412665885,27.138039507290745,0.3042599689422555
194,regression,linear,22.222397412665885,32.809644047253514,0.4481268080341354
194,regression,nested_minimum,22.222397412665885,27.173685212356467,0.31635716656584445
194,regression,nested_one_se,22.222397412665885,26.96512360399926,0.5678056017810031
194,regression,null,22.222397412665885,36.123302561502115,0.3994150330395943
195,classification,cubic_polynomial,0.0,0.07323754514291868,0.009405031176101024
195,classification,current_solution,0.0,0.07323754505862881,0.009405031106354754
195,classification,linear,0.0,0.38564246953097975,0.02438077869969553
195,classification,nested_minimum,0.0,0.06730409884722247,0.015436969850837515
195,classification,nested_one_se,0.0,0.07323754505862881,0.009405031106354754
195,classification,null,0.0,0.32,0.0161885442680076
195,regression,cubic_polynomial,25.597408145210046,27.82666146879147,0.20720318585369876
195,regression,current_solution,25.597408145210046,28.76755449735099,0.230469052593689
195,regression,linear,25.597408145210046,36.24601060860201,0.4870100352956878
195,regression,nested_minimum,25.597408145210046,28.919589985014763,0.2650178275040468
195,regression,nested_one_se,25.597408145210046,28.29404658339224,0.6697085982805657
195,regression,null,25.597408145210046,36.006861299692815,0.4067001409349229
196,classification,cubic_polynomial,0.0,0.19704831327390254,0.03873916176191176
196,classification,current_solution,0.0,0.19704831201997747,0.03873916272548502
196,classification,linear,0.0,0.2232266781556441,0.026642110574511848
196,classification,nested_minimum,0.0,0.19959597472272422,0.03966868906655468
196,classification,nested_one_se,0.0,0.19704831201997747,0.03873916272548502
196,classification,null,0.0,0.33,0.015312829869775528
196,regression,cubic_polynomial,37.61894943786169,37.54101189262838,0.38241921887900854
196,regression,current_solution,37.61894943786169,36.55614453700991,0.37380518240463206
196,regression,linear,37.61894943786169,37.798040316525295,0.6214235315975434
196,regression,nested_minimum,37.61894943786169,36.6686850712441,0.4841477552262067
196,regression,nested_one_se,37.61894943786169,37.17939752848403,0.6265191578853165
196,regression,null,37.61894943786169,36.10245266067759,0.3635115491417761
197,classification,cubic_polynomial,0.0,0.09985799185547894,0.01242356040160092
197,classification,current_solution,0.0,0.09985799173091875,0.01242355966401233
197,classification,linear,0.0,0.35817474388824666,0.027148637066415
197,classification,nested_minimum,0.0,0.09901452367214797,0.01744741146995377
197,classification,nested_one_se,0.0,0.09985799173091875,0.01242355966401233
197,classification,null,0.0,0.33,0.01634751905673594
197,regression,cubic_polynomial,31.68061332049078,31.19661961901027,0.2723737067507171
197,regression,current_solution,31.68061332049078,32.87590839152798,0.32031786903947546
197,regression,linear,31.68061332049078,38.54555237777925,0.551065106854718
197,regression,nested_minimum,31.68061332049078,32.77228863292644,0.40502849020872644
197,regression,nested_one_se,31.68061332049078,31.889115320270996,0.9553473968913904
197,regression,null,31.68061332049078,36.16691123919423,0.3178611734189205
198,classification,cubic_polynomial,0.0,0.2776569760330787,0.04297893197692819
198,classification,current_solution,0.0,0.27765697279264,0.042978932567391576
198,classification,linear,0.0,0.24562158954563598,0.03303571254153566
198,classification,nested_minimum,0.0,0.26905285681213764,0.05405775635255255
198,classification,nested_one_se,0.0,0.27765697279264,0.042978932567391576
198,classification,null,0.0,0.3238333333333333,0.01584860122911609
198,regression,cubic_polynomial,39.418754838503766,39.72934490153921,0.4321561148288568
198,regression,current_solution,39.418754838503766,37.562805178362744,0.5629966521886579
198,regression,linear,39.418754838503766,37.44044192389443,0.7529605758496016
198,regression,nested_minimum,39.418754838503766,37.67818684482776,0.741243278755715
198,regression,nested_one_se,39.418754838503766,39.04207103069014,1.0798720557509194
198,regression,null,39.418754838503766,36.044330258808486,0.34140497023003263
199,classification,cubic_polynomial,0.0,0.11157176768519689,0.018081829978002763
199,classification,current_solution,0.0,0.11157176637872372,0.018081830160551666
199,classification,linear,0.0,0.4588218269615192,0.040404442670151024
199,classification,nested_minimum,0.0,0.11620607650224855,0.031733573897752235
199,classification,nested_one_se,0.0,0.11157176637872372,0.018081830160551666
199,classification,null,0.0,0.32783333333333337,0.017204817555744
199,regression,cubic_polynomial,27.3914091751706,30.152191631827336,0.33832598670422387
199,regression,current_solution,27.3914091751706,31.165582278755362,0.33738685434858173
199,regression,linear,27.3914091751706,39.57518898127011,0.722274674906631
199,regression,nested_minimum,27.3914091751706,30.799435409267964,0.4758578208298482
199,regression,nested_one_se,27.3914091751706,30.35416088347187,0.4072370342668859
199,regression,null,27.3914091751706,36.18320735205473,0.36067782297481643
200,classification,cubic_polynomial,0.0,0.1734545212431432,0.034343920953694
200,classification,current_solution,0.0,0.17345452088810612,0.03434392219657036
200,classification,linear,0.0,0.21885009643521858,0.02775629729525165
200,classification,nested_minimum,0.0,0.17590252910791848,0.034624214460390414
200,classification,nested_one_se,0.0,0.17345452088810612,0.03434392219657036
200,classification,null,0.0,0.32749999999999996,0.019197251958512726
200,regression,cubic_polynomial,31.981216352190568,31.288137016466287,0.3025751583331929
200,regression,current_solution,31.981216352190568,29.754881064990727,0.31760854874121675
200,regression,linear,31.981216352190568,29.133242178982076,0.5631363289299575
200,regression,nested_minimum,31.981216352190568,29.783786030135616,0.33124907552194216
200,regression,nested_one_se,31.981216352190568,30.519948075680283,0.8071422253973574
200,regression,null,31.981216352190568,36.10580749204987,0.333002660505646
201,classification,cubic_polynomial,0.0,0.601521304532729,0.04875762345639046
201,classification,current_solution,0.0,0.6015213045608492,0.048757620790273785
201,classification,linear,0.0,0.4312032972334573,0.041372127963872796
201,classification,nested_minimum,0.0,0.607316118272906,0.05449987826247477
201,classification,nested_one_se,0.0,0.6015213045608492,0.048757620790273785
201,classification,null,0.0,0.322,0.015844067746592763
201,regression,cubic_polynomial,43.10547228733816,45.152583367931456,0.4221821456033146
201,regression,current_solution,43.10547228733816,43.0641477436335,0.3792477216021169
201,regression,linear,43.10547228733816,43.274491286813976,0.7376454617684353
201,regression,nested_minimum,43.10547228733816,43.25139717512627,0.4575962406141406
201,regression,nested_one_se,43.10547228733816,44.338232327868994,0.9352060743153445
201,regression,null,43.10547228733816,36.03832951529014,0.3580601493953222
202,classification,cubic_polynomial,0.0,0.20021675633623198,0.02728808820200519
202,classification,current_solution,0.0,0.2002167557219553,0.027288089499071726
202,classification,linear,0.0,0.3828744801169279,0.028740357805278723
202,classification,nested_minimum,0.0,0.22876795948279757,0.06963137535985867
202,classification,nested_one_se,0.0,0.2002167557219553,0.027288089499071726
202,classification,null,0.0,0.32483333333333336,0.01816985630545602
202,regression,cubic_polynomial,43.10335000448863,35.303078363363504,0.3112445299531615
202,regression,current_solution,43.10335000448863,35.60952802112547,0.27993842373090977
202,regression,linear,43.10335000448863,40.50608289906015,0.47602611159581126
202,regression,nested_minimum,43.10335000448863,35.40914887846286,0.3933362465126067
202,regression,nested_one_se,43.10335000448863,35.1490561793415,0.3797472713055389
202,regression,null,43.10335000448863,36.04453706250523,0.35509924856649117
203,classification,cubic_polynomial,0.0,0.2082057030159406,0.037873687482257556
203,classification,current_solution,0.0,0.20820570525228774,0.03787368623154013
203,classification,linear,0.0,0.4055863001564162,0.04034333918970187
203,classification,nested_minimum,0.0,0.20291844797847075,0.04505435231372165
203,classification,nested_one_se,0.0,0.20820570525228774,0.03787368623154013
203,classification,null,0.0,0.326,0.01993091516489759
203,regression,cubic_polynomial,29.0693950114751,33.68623459460468,0.2697181984353546
203,regression,current_solution,29.0693950114751,33.343050837061305,0.2866355698448825
203,regression,linear,29.0693950114751,36.97872422723315,0.6901295843085256
203,regression,nested_minimum,29.0693950114751,33.34195719348477,0.2795584452984131
203,regression,nested_one_se,29.0693950114751,33.53383447291319,0.32199887733900556
203,regression,null,29.0693950114751,36.04434764166624,0.3591475967366901
204,classification,cubic_polynomial,1.0,0.033705780296764076,0.007810712803245716
204,classification,current_solution,1.0,0.03370578018768043,0.007810712983559381
204,classification,linear,1.0,0.20920252787698815,0.022429127361797377
204,classification,nested_minimum,1.0,0.03400696941913049,0.008420852165279814
204,classification,nested_one_se,1.0,0.03370578018768043,0.007810712983559381
204,classification,null,1.0,0.32633333333333336,0.012994251602637365
204,regression,cubic_polynomial,28.8706911355982,27.188462372181014,0.3900802236318168
204,regression,current_solution,28.8706911355982,28.464342246653498,0.4123956114872712
204,regression,linear,28.8706911355982,34.276829141077606,0.5566530340315943
204,regression,nested_minimum,28.8706911355982,28.234425877117285,0.4771401285804401
204,regression,nested_one_se,28.8706911355982,27.54011533404289,0.487198296092991
204,regression,null,28.8706911355982,36.11602484487005,0.3045578632212657
205,classification,cubic_polynomial,0.0,0.07612049484390915,0.018255080043711677
205,classification,current_solution,0.0,0.07612049606948078,0.018255079385762537
205,classification,linear,0.0,0.2563355441671417,0.027720289961454796
205,classification,nested_minimum,0.0,0.0701224250286273,0.020714115604183132
205,classification,nested_one_se,0.0,0.07612049606948078,0.018255079385762537
205,classification,null,0.0,0.32466666666666666,0.018238521819514866
205,regression,cubic_polynomial,21.35042094171611,30.134123368272707,0.19336064870933717
205,regression,current_solution,21.35042094171611,31.1559700886513,0.3229580591098224
205,regression,linear,21.35042094171611,34.525848460449325,0.568880809347694
205,regression,nested_minimum,21.35042094171611,31.204287030611923,0.32302723895080304
205,regression,nested_one_se,21.35042094171611,30.75294619182121,0.6443756757760075
205,regression,null,21.35042094171611,36.08188699195794,0.3277116198734648
206,classification,cubic_polynomial,1.0,0.059753620153399134,0.017019283111293325
206,classification,current_solution,1.0,0.059753621832865575,0.017019282719449233
206,classification,linear,1.0,0.19758594600052326,0.02800577521509467
206,classification,nested_minimum,1.0,0.06174512122791477,0.019567294150962214
206,classification,nested_one_se,1.0,0.059753621832865575,0.017019282719449233
206,classification,null,1.0,0.3233333333333333,0.01763291071348929
206,regression,cubic_polynomial,29.92465080106566,31.3258177773318,0.3081973598369489
206,regression,current_solution,29.92465080106566,32.70168406498155,0.4545202272679256
206,regression,linear,29.92465080106566,36.25914942487595,0.6945901564762219
206,regression,nested_minimum,29.92465080106566,32.48944497858525,0.503165275502069
206,regression,nested_one_se,29.92465080106566,31.77028407596176,0.5279796057670064
206,regression,null,29.92465080106566,36.11488902704736,0.36108235907604597
207,classification,cubic_polynomial,1.0,0.7691242914667521,0.05941204793148664
207,classification,current_solution,1.0,0.7691242938765607,0.05941204513392573
207,classification,linear,1.0,0.24757748185002681,0.04060611469482114
207,classification,nested_minimum,1.0,0.7707866978138953,0.07867659677337528
207,classification,nested_one_se,1.0,0.7691242938765607,0.05941204513392573
207,classification,null,1.0,0.31683333333333336,0.017194793384633325
207,regression,cubic_polynomial,52.40525390392555,55.500487848428456,0.7112033563544836
207,regression,current_solution,52.40525390392555,57.92905111088565,0.7458198520252096
207,regression,linear,52.40525390392555,39.61074105386786,0.9504877346433701
207,regression,nested_minimum,52.40525390392555,57.90825524154453,0.8221754237525843
207,regression,nested_one_se,52.40525390392555,56.11251151795583,1.3087365482761335
207,regression,null,52.40525390392555,35.93169799351866,0.370690139272511
208,classification,cubic_polynomial,0.0,0.9390136235412067,0.0166581636555464
208,classification,current_solution,0.0,0.9390136218076504,0.01665816346828187
208,classification,linear,0.0,0.21980340976581975,0.025454965169816112
208,classification,nested_minimum,0.0,0.9422254834541196,0.018743588952070556
208,classification,nested_one_se,0.0,0.9390136218076504,0.01665816346828187
208,classification,null,0.0,0.32283333333333336,0.016064703938874138
208,regression,cubic_polynomial,43.46479967577449,41.48917930945422,0.5513276835824343
208,regression,current_solution,43.46479967577449,43.978441088517634,0.522253606822319
208,regression,linear,43.46479967577449,26.80058833743508,0.7581531958389292
208,regression,nested_minimum,43.46479967577449,44.05105509868281,0.5006779119332434
208,regression,nested_one_se,43.46479967577449,42.58465885027878,1.3277663133941808
208,regression,null,43.46479967577449,35.986333949600244,0.3540386162780892
209,classification,cubic_polynomial,0.0,0.11761623101529106,0.018151881184668
209,classification,current_solution,0.0,0.11761623143312319,0.018151880095533066
209,classification,linear,0.0,0.3526335929150203,0.03265346537407773
209,classification,nested_minimum,0.0,0.11025780912179182,0.026873935105702722
209,classification,nested_one_se,0.0,0.11761623143312319,0.018151880095533066
209,classification,null,0.0,0.3218333333333333,0.017640242654780588
209,regression,cubic_polynomial,30.280458440708493,31.435181393523415,0.23501540526936934
209,regression,current_solution,30.280458440708493,32.224826588074485,0.30153400666816327
209,regression,linear,30.280458440708493,36.812929934754415,0.47465141159508684
209,regression,nested_minimum,30.280458440708493,32.28502514147508,0.32064678143582886
209,regression,nested_one_se,30.280458440708493,31.95565944979681,0.5778478160403183
209,regression,null,30.280458440708493,35.9961155973176,0.34414395248083196
210,classification,cubic_polynomial,0.0,0.028083612310498697,0.00728252254693924
210,classification,current_solution,0.0,0.02808361226577587,0.007282522479410666
210,classification,linear,0.0,0.21323732353717176,0.02696100655384222
210,classification,nested_minimum,0.0,0.02690401433583611,0.008999150669545803
210,classification,nested_one_se,0.0,0.02808361226577587,0.007282522479410666
210,classification,null,0.0,0.3303333333333333,0.013829836145670415
210,regression,cubic_polynomial,32.655069027856484,24.887268272166523,0.2763832538681907
210,regression,current_solution,32.655069027856484,26.3914595007847,0.302873418513262
210,regression,linear,32.655069027856484,32.209104034476496,0.5752482291996238
210,regression,nested_minimum,32.655069027856484,26.360854964205295,0.4373841668573776
210,regression,nested_one_se,32.655069027856484,25.63457633489149,0.9690104953907788
210,regression,null,32.655069027856484,35.97365871501901,0.3287110257769528
211,classification,cubic_polynomial,0.0,0.42993658395486023,0.03529758419870333
211,classification,current_solution,0.0,0.4299365803926858,0.035297588797618504
211,classification,linear,0.0,0.24435047689967965,0.0238442179883004
211,classification,nested_minimum,0.0,0.4557483658386473,0.05354494721649107
211,classification,nested_one_se,0.0,0.4299365803926858,0.035297588797618504
211,classification,null,0.0,0.3215,0.016823116280264797
211,regression,cubic_polynomial,34.69209557230334,34.824073457439916,0.3233572289098221
211,regression,current_solution,34.69209557230334,33.50794000164855,0.34767381212464293
211,regression,linear,34.69209557230334,28.960334572407483,0.5380476652782509
211,regression,nested_minimum,34.69209557230334,33.44613930264294,0.3633786534580084
211,regression,nested_one_se,34.69209557230334,34.180368293604715,0.8462617642379288
211,regression,null,34.69209557230334,35.933052019870345,0.37338472899227104
212,classification,cubic_polynomial,1.0,0.9316096614219308,0.027631962575829283
212,classification,current_solution,1.0,0.9316096598788398,0.027631961579621
212,classification,linear,1.0,0.2395768717631536,0.03901794270506071
212,classification,nested_minimum,1.0,0.8951685502148875,0.07318594242633963
212,classification,nested_one_se,1.0,0.9316096598788398,0.027631961579621
212,classification,null,1.0,0.323,0.015679989444049938
212,regression,cubic_polynomial,45.73722788300673,42.524660044744884,0.5361445676768726
212,regression,current_solution,45.73722788300673,45.62277763104054,0.6618656994715179
212,regression,linear,45.73722788300673,27.523973010657283,0.8707926426011042
212,regression,nested_minimum,45.73722788300673,45.832629087998804,0.7476121764658568
212,regression,nested_one_se,45.73722788300673,43.83812631648697,1.7386475718375602
212,regression,null,45.73722788300673,36.07681229343606,0.3313564092026675
213,classification,cubic_polynomial,0.0,0.32007237950675055,0.05863778359051362
213,classification,current_solution,0.0,0.32007238284922457,0.058637781861862304
213,classification,linear,0.0,0.2209638497118041,0.032372398468835856
213,classification,nested_minimum,0.0,0.31428369395096845,0.057019069413693314
213,classification,nested_one_se,0.0,0.32007238284922457,0.058637781861862304
213,classification,null,0.0,0.32883333333333337,0.020623193059126965
213,regression,cubic_polynomial,40.544487467741305,41.646545631275515,0.32180219880992716
213,regression,current_solution,40.544487467741305,39.93612897852693,0.3883079122932476
213,regression,linear,40.544487467741305,38.44834559023453,0.9050462383392625
213,regression,nested_minimum,40.544487467741305,40.10015816608379,0.4989973638053527
213,regression,nested_one_se,40.544487467741305,41.30679287705854,0.6923733100341941
213,regression,null,40.544487467741305,36.201193269734254,0.41157771171445245
214,classification,cubic_polynomial,1.0,0.2803734014508884,0.0361744910015044
214,classification,current_solution,1.0,0.28037340617541334,0.0361744835313853
214,classification,linear,1.0,0.419398503034998,0.033561613184643145
214,classification,nested_minimum,1.0,0.296865537288783,0.06198647716951019
214,classification,nested_one_se,1.0,0.28037340617541334,0.0361744835313853
214,classification,null,1.0,0.3203333333333333,0.014138071207603398
214,regression,cubic_polynomial,38.361018441829685,37.827021969693526,0.3332185762469696
214,regression,current_solution,38.361018441829685,37.29061792806449,0.37325697720336365
214,regression,linear,38.361018441829685,42.35778958408482,0.5911930539673342
214,regression,nested_minimum,38.361018441829685,37.2445737897942,0.5020222027525466
214,regression,nested_one_se,38.361018441829685,37.37008110236151,0.6061637446780485
214,regression,null,38.361018441829685,36.04842648465989,0.3236318165711279
215,classification,cubic_polynomial,0.0,0.10349977221603872,0.016908965036843353
215,classification,current_solution,0.0,0.10349977248798159,0.016908964801774336
215,classification,linear,0.0,0.46509922168012807,0.029474971895679464
215,classification,nested_minimum,0.0,0.11003355062946459,0.02406537927945547
215,classification,nested_one_se,0.0,0.10349977248798159,0.016908964801774336
215,classification,null,0.0,0.3255,0.014759567323814301
215,regression,cubic_polynomial,29.861605457791107,29.571308787035328,0.3380389845963068
215,regression,current_solution,29.861605457791107,30.68657309121335,0.33877431574475575
215,regression,linear,29.861605457791107,39.39948691277804,0.6705510219801014
215,regression,nested_minimum,29.861605457791107,30.557676668335215,0.329001887130774
215,regression,nested_one_se,29.861605457791107,29.986625295355008,0.5359352326205156
215,regression,null,29.861605457791107,36.04101280339894,0.39723909454906975
216,classification,cubic_polynomial,0.0,0.05072558829110489,0.011696846292168802
216,classification,current_solution,0.0,0.050725588655517545,0.0116968461569486
216,classification,linear,0.0,0.2616625740353532,0.02365468667049021
216,classification,nested_minimum,0.0,0.045535519034796704,0.01609027299472318
216,classification,nested_one_se,0.0,0.050725588655517545,0.0116968461569486
216,classification,null,0.0,0.32966666666666666,0.01696514344041991
216,regression,cubic_polynomial,29.58720388688415,26.689568220548203,0.23800874820813922
216,regression,current_solution,29.58720388688415,27.145864520075285,0.3522879593336291
216,regression,linear,29.58720388688415,32.34297332504584,0.4520820257153859
216,regression,nested_minimum,29.58720388688415,27.1833210611866,0.3418322093645283
216,regression,nested_one_se,29.58720388688415,26.965956548939193,0.41160820534255477
216,regression,null,29.58720388688415,36.149309419408475,0.40969189102644155
217,classification,cubic_polynomial,0.0,0.3672424959584329,0.040364031045406173
217,classification,current_solution,0.0,0.36724249751937,0.04036402852002329
217,classification,linear,0.0,0.3052361601246363,0.029511975000976076
217,classification,nested_minimum,0.0,0.36780323460801845,0.04566106996890075
217,classification,nested_one_se,0.0,0.36724249751937,0.04036402852002329
217,classification,null,0.0,0.32016666666666665,0.014472526489473291
217,regression,cubic_polynomial,42.33127320508801,40.96865616143053,0.31129017895825883
217,regression,current_solution,42.33127320508801,39.29223029313341,0.3842386586484177
217,regression,linear,42.33127320508801,40.22876130904768,0.6882855687824424
217,regression,nested_minimum,42.33127320508801,39.4374092253302,0.432545445181996
217,regression,nested_one_se,42.33127320508801,40.34723039288171,0.741078737248057
217,regression,null,42.33127320508801,35.8826593218791,0.33190158878483905
218,classification,cubic_polynomial,0.0,0.7987677805294059,0.029603349435590256
218,classification,current_solution,0.0,0.7987677810827865,0.02960334964524004
218,classification,linear,0.0,0.449567849840847,0.0443923895037003
218,classification,nested_minimum,0.0,0.7974165982924377,0.03357087796511804
218,classification,nested_one_se,0.0,0.7987677810827865,0.02960334964524004
218,classification,null,0.0,0.32583333333333336,0.011676924882546945
218,regression,cubic_polynomial,43.64179745497034,50.96562559973258,0.4614733232151754
218,regression,current_solution,43.64179745497034,49.937141281159015,0.4667098220676156
218,regression,linear,43.64179745497034,42.811804819922926,0.9005406534491252
218,regression,nested_minimum,43.64179745497034,49.963272223013874,0.702121647556208
218,regression,nested_one_se,43.64179745497034,50.63387282706592,0.5156636296605712
218,regression,null,43.64179745497034,36.00230728025169,0.31544585008727416
219,classification,cubic_polynomial,0.0,0.2450647771227342,0.05501139960947225
219,classification,current_solution,0.0,0.24506477864277915,0.05501140040215499
219,classification,linear,0.0,0.46356843483638266,0.04779421790246969
219,classification,nested_minimum,0.0,0.23013138995154112,0.06311570405082892
219,classification,nested_one_se,0.0,0.24506477864277915,0.05501140040215499
219,classification,null,0.0,0.3303333333333333,0.012793676598989837
219,regression,cubic_polynomial,32.46042480355829,33.964003924257234,0.3374863978984596
219,regression,current_solution,32.46042480355829,33.68329561479279,0.3829550344436666
219,regression,linear,32.46042480355829,38.243882430939586,0.7061605478354286
219,regression,nested_minimum,32.46042480355829,33.68352055868892,0.38838379844146703
219,regression,nested_one_se,32.46042480355829,33.85127842918753,0.38249507380261877
219,regression,null,32.46042480355829,36.1022379347685,0.37176685981976576
220,classification,cubic_polynomial,0.0,0.5709605334733041,0.03240232756685088
220,classification,current_solution,0.0,0.5709605298957824,0.03240232646892979
220,classification,linear,0.0,0.331158072595007,0.030172915997789953
220,classification,nested_minimum,0.0,0.5574061784178992,0.04687832776550177
220,classification,nested_one_se,0.0,0.5709605298957824,0.03240232646892979
220,classification,null,0.0,0.32633333333333336,0.01547708725455334
220,regression,cubic_polynomial,48.29715559775942,46.21872121308288,0.3570308533889156
220,regression,current_solution,48.29715559775942,44.463646287969674,0.41422150917831735
220,regression,linear,48.29715559775942,40.13108354271845,0.7135968745910964
220,regression,nested_minimum,48.29715559775942,44.447519711816206,0.8355416907879957
220,regression,nested_one_se,48.29715559775942,45.686910446818544,0.7367306898437095
220,regression,null,48.29715559775942,36.0629478483595,0.3510296987409019
221,classification,cubic_polynomial,1.0,0.7016431617027304,0.06322555172188811
221,classification,current_solution,1.0,0.7016431607587585,0.06322555536675445
221,classification,linear,1.0,0.4274009248905906,0.046231577829293526
221,classification,nested_minimum,1.0,0.7176776947254595,0.07108283145971166
221,classification,nested_one_se,1.0,0.7016431607587585,0.06322555536675445
221,classification,null,1.0,0.32083333333333336,0.017571692229722557
221,regression,cubic_polynomial,40.62430108904422,40.955452475969665,0.30865323824460755
221,regression,current_solution,40.62430108904422,39.31274425876588,0.39624477452475876
221,regression,linear,40.62430108904422,35.810562012731594,0.7657971078494029
221,regression,nested_minimum,40.62430108904422,39.288051088899735,0.5773763847654476
221,regression,nested_one_se,40.62430108904422,40.277682581590284,0.8982552189911869
221,regression,null,40.62430108904422,36.04014288304138,0.33070495055322247
222,classification,cubic_polynomial,1.0,0.8009171718925436,0.05328013835050107
222,classification,current_solution,1.0,0.8009171708719388,0.05328013296889849
222,classification,linear,1.0,0.2773421984239213,0.04844389246283683
222,classification,nested_minimum,1.0,0.8011757746991852,0.04740971679643222
222,classification,nested_one_se,1.0,0.8009171708719388,0.05328013296889849
222,classification,null,1.0,0.31966666666666665,0.016078113916950493
222,regression,cubic_polynomial,56.39714076929039,54.9738331767703,0.5813117696239103
222,regression,current_solution,56.39714076929039,55.5182098717488,0.5395367995514022
222,regression,linear,56.39714076929039,41.415573011264186,0.8496427561735908
222,regression,nested_minimum,56.39714076929039,55.29328849965754,0.8332264504717646
222,regression,nested_one_se,56.39714076929039,55.400407434304434,0.7121258329074341
222,regression,null,56.39714076929039,35.86022772682576,0.32391485019726307
223,classification,cubic_polynomial,1.0,0.7522982871008235,0.04084088027793527
223,classification,current_solution,1.0,0.7522982760986092,0.040840878691971595
223,classification,linear,1.0,0.3113164459396286,0.04132170434946617
223,classification,nested_minimum,1.0,0.7538287598894128,0.05039385966971294
223,classification,nested_one_se,1.0,0.7522982760986092,0.040840878691971595
223,classification,null,1.0,0.3188333333333333,0.013625744733416592
223,regression,cubic_polynomial,52.87258485457122,52.77190608527035,0.6354821558294829
223,regression,current_solution,52.87258485457122,53.390275317657036,0.6054517743106238
223,regression,linear,52.87258485457122,40.64592888244281,0.8033211753501031
223,regression,nested_minimum,52.87258485457122,53.24391846441365,0.7207869497496233
223,regression,nested_one_se,52.87258485457122,53.06532013546931,0.763987009769536
223,regression,null,52.87258485457122,35.874527312273166,0.2752861502650111
224,classification,cubic_polynomial,0.0,0.1396204195890804,0.015739101444127036
224,classification,current_solution,0.0,0.13962042003672648,0.015739101869971992
224,classification,linear,0.0,0.3767347025877628,0.022344303169344392
224,classification,nested_minimum,0.0,0.15666302653474148,0.04268731162844279
224,classification,nested_one_se,0.0,0.13962042003672648,0.015739101869971992
224,classification,null,0.0,0.33116666666666666,0.012083283789038333
224,regression,cubic_polynomial,35.55143448332392,32.107094763392055,0.27663904154756097
224,regression,current_solution,35.55143448332392,31.874698101155467,0.31991648505677783
224,regression,linear,35.55143448332392,38.649980307634316,0.5474283725944562
224,regression,nested_minimum,35.55143448332392,31.73431563048814,0.5110571052338008
224,regression,nested_one_se,35.55143448332392,31.696370427515184,0.48492660594531906
224,regression,null,35.55143448332392,36.05258494616528,0.3367008093380878
225,classification,cubic_polynomial,0.0,0.04911346116713359,0.010885992475340096
225,classification,current_solution,0.0,0.04911346125684109,0.010885991963689735
225,classification,linear,0.0,0.29669802364444886,0.022367073472558504
225,classification,nested_minimum,0.0,0.0427890323129639,0.016462370311332603
225,classification,nested_one_se,0.0,0.04911346125684109,0.010885991963689735
225,classification,null,0.0,0.3251666666666667,0.014412837508883222
225,regression,cubic_polynomial,27.15630272184372,26.80072712483674,0.2649105530972055
225,regression,current_solution,27.15630272184372,27.61254125876892,0.2995688891488541
225,regression,linear,27.15630272184372,33.89753471814309,0.412453398003954
225,regression,nested_minimum,27.15630272184372,27.740507460082696,0.34040166166361024
225,regression,nested_one_se,27.15630272184372,27.446744655561943,0.6293468051488001
225,regression,null,27.15630272184372,36.08259277975478,0.3693666262088499
226,classification,cubic_polynomial,1.0,0.9018451301202617,0.032624299862200154
226,classification,current_solution,1.0,0.901845128351692,0.032624299553752616
226,classification,linear,1.0,0.19089401602554687,0.03445197232605398
226,classification,nested_minimum,1.0,0.8913838284971851,0.045662361676533245
226,classification,nested_one_se,1.0,0.901845128351692,0.032624299553752616
226,classification,null,1.0,0.3251666666666667,0.014883648360054298
226,regression,cubic_polynomial,48.51631858166319,44.188867552193315,0.4748896647565837
226,regression,current_solution,48.51631858166319,46.31580380799145,0.5475560136621379
226,regression,linear,48.51631858166319,28.327902224252764,0.8341255121300442
226,regression,nested_minimum,48.51631858166319,46.30917095544975,0.5763685809169411
226,regression,nested_one_se,48.51631858166319,45.16994478178614,1.2749817776090908
226,regression,null,48.51631858166319,36.01063895338387,0.33669299129379326
227,classification,cubic_polynomial,0.0,0.21458388299303535,0.029322355851683385
227,classification,current_solution,0.0,0.21458388027531783,0.029322357566261035
227,classification,linear,0.0,0.44085492653700026,0.03322492995684755
227,classification,nested_minimum,0.0,0.21128179419319795,0.031109591861752866
227,classification,nested_one_se,0.0,0.21458388027531783,0.029322357566261035
227,classification,null,0.0,0.32633333333333336,0.014015590662158892
227,regression,cubic_polynomial,25.357062890353365,31.874927150623158,0.2904482714772395
227,regression,current_solution,25.357062890353365,30.53072773517271,0.24087626527454917
227,regression,linear,25.357062890353365,35.19517495572543,0.728997626035495
227,regression,nested_minimum,25.357062890353365,30.671095108986545,0.38452339264492474
227,regression,nested_one_se,25.357062890353365,31.392777622498762,0.7238565363033755
227,regression,null,25.357062890353365,36.09736072680776,0.31190043582997395
228,classification,cubic_polynomial,1.0,0.6128045554761704,0.05179694992933094
228,classification,current_solution,1.0,0.6128045586584753,0.051796946628446416
228,classification,linear,1.0,0.33392223865456583,0.045595500112268456
228,classification,nested_minimum,1.0,0.6029468521165773,0.07087729704198366
228,classification,nested_one_se,1.0,0.6128045586584753,0.051796946628446416
228,classification,null,1.0,0.317,0.015177115259040738
228,regression,cubic_polynomial,43.43486752517504,47.67284350986658,0.3774756008987925
228,regression,current_solution,43.43486752517504,45.84588255697822,0.4670786892510331
228,regression,linear,43.43486752517504,42.164814335054096,0.7791950714856308
228,regression,nested_minimum,43.43486752517504,45.8540715535231,0.747529619619836
228,regression,nested_one_se,43.43486752517504,46.98057451941362,0.7487955234801364
228,regression,null,43.43486752517504,35.976649528666606,0.35814419410148174
229,classification,cubic_polynomial,1.0,0.5148266630943554,0.041874262903699264
229,classification,current_solution,1.0,0.5148266648294701,0.04187426369794736
229,classification,linear,1.0,0.34063316600786614,0.026361739135988594
229,classification,nested_minimum,1.0,0.5284288634103966,0.05781817781530688
229,classification,nested_one_se,1.0,0.5148266648294701,0.04187426369794736
229,classification,null,1.0,0.3235,0.01320592865814964
229,regression,cubic_polynomial,40.35212453278406,38.30468727870893,0.3061790863277921
229,regression,current_solution,40.35212453278406,36.738618495597954,0.3106350315410979
229,regression,linear,40.35212453278406,34.072253460584065,0.6440225948508019
229,regression,nested_minimum,40.35212453278406,36.7202681196181,0.29776021595585095
229,regression,nested_one_se,40.35212453278406,37.57045953262381,0.8743985967667512
229,regression,null,40.35212453278406,36.10817787273435,0.3193931959048594
230,classification,cubic_polynomial,1.0,0.20292722054303702,0.029732365005320265
230,classification,current_solution,1.0,0.20292722073068542,0.029732364243949285
230,classification,linear,1.0,0.23819754640641508,0.02704382159275796
230,classification,nested_minimum,1.0,0.20108909687829038,0.032206236680039226
230,classification,nested_one_se,1.0,0.20292722073068542,0.029732364243949285
230,classification,null,1.0,0.31816666666666665,0.01600017959669319
230,regression,cubic_polynomial,32.260538296510646,34.417334412862935,0.3044978230378456
230,regression,current_solution,32.260538296510646,33.27211691935286,0.2728810196587127
230,regression,linear,32.260538296510646,32.48342571270725,0.6541244115420648
230,regression,nested_minimum,32.260538296510646,33.31010995251501,0.32118147103257516
230,regression,nested_one_se,32.260538296510646,33.840051641098924,0.6710964385977048
230,regression,null,32.260538296510646,36.04349736834988,0.355450905537223
231,classification,cubic_polynomial,0.0,0.2007678941849626,0.03126221503213646
231,classification,current_solution,0.0,0.20076789415935495,0.03126221662296951
231,classification,linear,0.0,0.2540410432016091,0.02515570022858552
231,classification,nested_minimum,0.0,0.20168029259129006,0.0333421444080673
231,classification,nested_one_se,0.0,0.20076789415935495,0.03126221662296951
231,classification,null,0.0,0.3255,0.01510594767541625
231,regression,cubic_polynomial,31.693570604873056,31.95925718643123,0.2567960024397606
231,regression,current_solution,31.693570604873056,30.306598031757023,0.274025953176525
231,regression,linear,31.693570604873056,30.2800103031254,0.5580895530693835
231,regression,nested_minimum,31.693570604873056,30.309734087108577,0.26294507168013515
231,regression,nested_one_se,31.693570604873056,31.238145627777023,0.9502917845104362
231,regression,null,31.693570604873056,36.09704261297084,0.3560748041619171
232,classification,cubic_polynomial,0.0,0.07564236054158688,0.016988297569640858
232,classification,current_solution,0.0,0.07564235970919336,0.01698829719859525
232,classification,linear,0.0,0.4146822702873204,0.030702913467611295
232,classification,nested_minimum,0.0,0.07503145789808707,0.017366214988507017
232,classification,nested_one_se,0.0,0.07564235970919336,0.01698829719859525
232,classification,null,0.0,0.32316666666666666,0.015837718690939476
232,regression,cubic_polynomial,33.589442752402846,28.08558977995349,0.2368545856228454
232,regression,current_solution,33.589442752402846,29.31248325669556,0.19232473221480276
232,regression,linear,33.589442752402846,37.590140840198345,0.48557212818328105
232,regression,nested_minimum,33.589442752402846,29.279211606016517,0.36077899637694283
232,regression,nested_one_se,33.589442752402846,28.657183582701986,0.6920521452276311
232,regression,null,33.589442752402846,35.992408280590965,0.3601666489820012
233,classification,cubic_polynomial,1.0,0.6128431939904677,0.03757754631531632
233,classification,current_solution,1.0,0.6128431917695213,0.03757754502588593
233,classification,linear,1.0,0.39022238577291796,0.03557698800282131
233,classification,nested_minimum,1.0,0.605702710418233,0.047089921668562684
233,classification,nested_one_se,1.0,0.6128431917695213,0.03757754502588593
233,classification,null,1.0,0.3188333333333333,0.015407305328033988
233,regression,cubic_polynomial,44.45299035123819,46.37165845459094,0.343746485941963
233,regression,current_solution,44.45299035123819,44.32889687872447,0.5111215300516893
233,regression,linear,44.45299035123819,41.65538179379772,0.7204681772838573
233,regression,nested_minimum,44.45299035123819,44.15966873445203,0.9846616120629769
233,regression,nested_one_se,44.45299035123819,45.6530283793405,0.9052656893562111
233,regression,null,44.45299035123819,35.986318481911006,0.3295825595385958
234,classification,cubic_polynomial,1.0,0.9513155581534242,0.013962979270551892
234,classification,current_solution,1.0,0.9513155568323989,0.013962980170222931
234,classification,linear,1.0,0.37458756524556375,0.05308903211881647
234,classification,nested_minimum,1.0,0.9496971755435294,0.014220536683415195
234,classification,nested_one_se,1.0,0.9513155568323989,0.013962980170222931
234,classification,null,1.0,0.3235,0.01587396480469482
234,regression,cubic_polynomial,43.820180077754486,46.11858625944196,0.5461322624884652
234,regression,current_solution,43.820180077754486,47.315060367274945,0.5888311076975193
234,regression,linear,43.820180077754486,32.768379772897,0.8135358618143308
234,regression,nested_minimum,43.820180077754486,47.26867045753461,0.6320787264044917
234,regression,nested_one_se,43.820180077754486,46.74959242191117,0.8680041306225834
234,regression,null,43.820180077754486,35.991582832330415,0.36729586285764293
235,classification,cubic_polynomial,1.0,0.3576957191547049,0.053539093775505905
235,classification,current_solution,1.0,0.35769572017521617,0.053539089039347974
235,classification,linear,1.0,0.22938927875256268,0.03248037442019851
235,classification,nested_minimum,1.0,0.3413715206963232,0.06717449969730932
235,classification,nested_one_se,1.0,0.35769572017521617,0.053539089039347974
235,classification,null,1.0,0.324,0.016835922186267935
235,regression,cubic_polynomial,47.08285789668484,43.038637973647475,0.353570939012479
235,regression,current_solution,47.08285789668484,41.14435494514438,0.3893547948535078
235,regression,linear,47.08285789668484,39.28545168461464,0.6305563002703312
235,regression,nested_minimum,47.08285789668484,41.24811937590984,0.4883480729303249
235,regression,nested_one_se,47.08285789668484,42.18934787649412,0.8183953234658855
235,regression,null,47.08285789668484,36.04162564020708,0.3677837962283039
236,classification,cubic_polynomial,0.0,0.2133952125306434,0.03340562221318069
236,classification,current_solution,0.0,0.21339521172329368,0.03340562350102537
236,classification,linear,0.0,0.24955906054892432,0.029270666853855876
236,classification,nested_minimum,0.0,0.22109318405320266,0.03469633196587341
236,classification,nested_one_se,0.0,0.21339521172329368,0.03340562350102537
236,classification,null,0.0,0.3236666666666667,0.016760654528683687
236,regression,cubic_polynomial,28.36786662450816,32.39612726537972,0.22519651572262725
236,regression,current_solution,28.36786662450816,30.75248607706544,0.22416537310089388
236,regression,linear,28.36786662450816,30.30361645406333,0.5368852317793276
236,regression,nested_minimum,28.36786662450816,30.780672562139795,0.2805888338519921
236,regression,nested_one_se,28.36786662450816,31.595058691780846,0.8782013177480233
236,regression,null,28.36786662450816,36.052281458799754,0.33388801708067317
237,classification,cubic_polynomial,1.0,0.6794173973329116,0.05756813955522657
237,classification,current_solution,1.0,0.6794173905766058,0.05756813901657279
237,classification,linear,1.0,0.26974407341009204,0.027756547506492875
237,classification,nested_minimum,1.0,0.6862458387793783,0.06386131187409085
237,classification,nested_one_se,1.0,0.6794173905766058,0.05756813901657279
237,classification,null,1.0,0.32333333333333336,0.013540064007726612
237,regression,cubic_polynomial,41.29840495145805,37.93751258065363,0.3283143134010765
237,regression,current_solution,41.29840495145805,37.246234651403505,0.32651581670769125
237,regression,linear,41.29840495145805,29.474871124516664,0.7124393218497137
237,regression,nested_minimum,41.29840495145805,37.08309498241564,0.4626638818824963
237,regression,nested_one_se,41.29840495145805,37.58009952178354,0.47481555418410665
237,regression,null,41.29840495145805,36.02211687920388,0.3480594648303764
238,classification,cubic_polynomial,0.0,0.09904351588879373,0.021330830703568778
238,classification,current_solution,0.0,0.09904351547941345,0.021330830632457
238,classification,linear,0.0,0.21654360892112745,0.03121402664356651
238,classification,nested_minimum,0.0,0.10076730500886942,0.022850834831787233
238,classification,nested_one_se,0.0,0.09904351547941345,0.021330830632457
238,classification,null,0.0,0.3186666666666667,0.014735210781716338
238,regression,cubic_polynomial,33.59449118529813,32.74554660758916,0.375158463101912
238,regression,current_solution,33.59449118529813,33.494001206033765,0.41361408480570494
238,regression,linear,33.59449118529813,36.604360965788985,0.673955175888186
238,regression,nested_minimum,33.59449118529813,33.37625830238296,0.49644934978911165
238,regression,nested_one_se,33.59449118529813,32.81450661153357,0.4240532746529396
238,regression,null,33.59449118529813,35.988744658644315,0.3444107940853355
239,classification,cubic_polynomial,0.0,0.04133920556416116,0.01054052356761653
239,classification,current_solution,0.0,0.04133920525142886,0.01054052424153019
239,classification,linear,0.0,0.25280186743732835,0.028130361750537083
239,classification,nested_minimum,0.0,0.04123903685547787,0.012603361431864005
239,classification,nested_one_se,0.0,0.04133920525142886,0.01054052424153019
239,classification,null,0.0,0.32733333333333337,0.019106477207072158
239,regression,cubic_polynomial,31.669599380771025,26.429027593276707,0.2730806064468672
239,regression,current_solution,31.669599380771025,27.977425245138452,0.3435864952948523
239,regression,linear,31.669599380771025,34.572855173634,0.4566188365666997
239,regression,nested_minimum,31.669599380771025,27.860017444516433,0.3649981473181664
239,regression,nested_one_se,31.669599380771025,26.922659555713608,0.6633826628168626
239,regression,null,31.669599380771025,36.15972276774472,0.34792767903437616
240,classification,cubic_polynomial,0.0,0.11907355207486844,0.026265769907045707
240,classification,current_solution,0.0,0.1190735504556993,0.02626577060575205
240,classification,linear,0.0,0.4906828469522335,0.032716469702397985
240,classification,nested_minimum,0.0,0.11011071361243543,0.0342688939361435
240,classification,nested_one_se,0.0,0.1190735504556993,0.02626577060575205
240,classification,null,0.0,0.3283333333333333,0.015720255620746415
240,regression,cubic_polynomial,25.20717046979219,29.357246589253954,0.3352305202529775
240,regression,current_solution,25.20717046979219,29.733616175580675,0.36346813697131547
240,regression,linear,25.20717046979219,37.8012517611251,0.6383455752221989
240,regression,nested_minimum,25.20717046979219,29.806326399557566,0.3025302119567739
240,regression,nested_one_se,25.20717046979219,29.686664446598055,0.4739594212607173
240,regression,null,25.20717046979219,36.12054762897852,0.3828751487974179
241,classification,cubic_polynomial,0.0,0.13048600466787982,0.02848904051797437
241,classification,current_solution,0.0,0.1304860049339324,0.02848904190739268
241,classification,linear,0.0,0.222891910534905,0.030162124217794243
241,classification,nested_minimum,0.0,0.1314305791706643,0.028797158706758648
241,classification,nested_one_se,0.0,0.1304860049339324,0.02848904190739268
241,classification,null,0.0,0.3255,0.0158304595093087
241,regression,cubic_polynomial,29.333683123096765,30.319060710938256,0.3443360141184889
241,regression,current_solution,29.333683123096765,28.947780992784907,0.3576978590193408
241,regression,linear,29.333683123096765,29.689601094827857,0.6531650287255684
241,regression,nested_minimum,29.333683123096765,29.050830777328045,0.40654248316140196
241,regression,nested_one_se,29.333683123096765,29.551075179793145,0.7918062608121038
241,regression,null,29.333683123096765,36.156076967665975,0.36716815228885347
242,classification,cubic_polynomial,0.0,0.07986960895707362,0.016756285243048074
242,classification,current_solution,0.0,0.07986960884546832,0.016756284617867614
242,classification,linear,0.0,0.272123518910989,0.02552313142557152
242,classification,nested_minimum,0.0,0.07322727688404482,0.0228415344810249
242,classification,nested_one_se,0.0,0.07986960884546832,0.016756284617867614
242,classification,null,0.0,0.3255,0.012342106230578973
242,regression,cubic_polynomial,33.90835654207321,30.15934564135604,0.27848255444738035
242,regression,current_solution,33.90835654207321,31.163083786196513,0.3812657841455932
242,regression,linear,33.90835654207321,34.944378944037915,0.49530196614142075
242,regression,nested_minimum,33.90835654207321,31.222848256923996,0.4851295077089561
242,regression,nested_one_se,33.90835654207321,30.944950600360325,0.80240851969859
242,regression,null,33.90835654207321,36.09122424540104,0.30781265395654184
243,classification,cubic_polynomial,0.0,0.045225248027784486,0.010115922051414514
243,classification,current_solution,0.0,0.0452252479808821,0.010115922996508077
243,classification,linear,0.0,0.22857359095828256,0.022049095874853077
243,classification,nested_minimum,0.0,0.051314957960723745,0.01755485061823399
243,classification,nested_one_se,0.0,0.0452252479808821,0.010115922996508077
243,classification,null,0.0,0.3255,0.014524058518956386
243,regression,cubic_polynomial,31.967253084531755,27.851824560228035,0.2671652353923759
243,regression,current_solution,31.967253084531755,28.799510034524115,0.32015257945515585
243,regression,linear,31.967253084531755,34.72556851606326,0.45220519347841226
243,regression,nested_minimum,31.967253084531755,28.593257786107724,0.34326796903204976
243,regression,nested_one_se,31.967253084531755,28.009361473716375,0.40287490000224935
243,regression,null,31.967253084531755,36.005045999944564,0.2965805000315299
244,classification,cubic_polynomial,1.0,0.6913566836502466,0.0503294101977754
244,classification,current_solution,1.0,0.691356683103859,0.05032941071709219
244,classification,linear,1.0,0.24630648046219944,0.025523922731937192
244,classification,nested_minimum,1.0,0.6940492925321823,0.06621852035235941
244,classification,nested_one_se,1.0,0.691356683103859,0.05032941071709219
244,classification,null,1.0,0.31816666666666665,0.012964363179257147
244,regression,cubic_polynomial,55.59916801297842,51.78904694035381,0.6448901638067936
244,regression,current_solution,55.59916801297842,52.584161569478894,0.6523187814424827
244,regression,linear,55.59916801297842,38.943377371444676,0.6518718253019564
244,regression,nested_minimum,55.59916801297842,52.44725131558591,0.7664251887605371
244,regression,nested_one_se,55.59916801297842,52.08535734874299,0.7787619994104937
244,regression,null,55.59916801297842,35.858515369934175,0.28615442303961247
245,classification,cubic_polynomial,1.0,0.4087247959909488,0.041229602108158285
245,classification,current_solution,1.0,0.4087248018928504,0.04122960288848229
245,classification,linear,1.0,0.3894677153857399,0.042648903433620364
245,classification,nested_minimum,1.0,0.4120607253877936,0.047150349667519985
245,classification,nested_one_se,1.0,0.4087248018928504,0.04122960288848229
245,classification,null,1.0,0.32083333333333336,0.022479236907733832
245,regression,cubic_polynomial,33.10996006055761,41.76087833259708,0.36733982611510324
245,regression,current_solution,33.10996006055761,40.13817693647765,0.40995109181843653
245,regression,linear,33.10996006055761,42.664864036754686,0.6929608054206756
245,regression,nested_minimum,33.10996006055761,40.29521310078152,0.44091659265305444
245,regression,nested_one_se,33.10996006055761,41.14669402689584,0.8993655876529904
245,regression,null,33.10996006055761,36.071004246251746,0.42125844113038635
246,classification,cubic_polynomial,1.0,0.9143158285332024,0.02787450758343836
246,classification,current_solution,1.0,0.9143158285015075,0.027874510476426684
246,classification,linear,1.0,0.43377480021887466,0.04025859673873902
246,classification,nested_minimum,1.0,0.9221385555068209,0.03441287344231493
246,classification,nested_one_se,1.0,0.9143158285015075,0.027874510476426684
246,classification,null,1.0,0.3223333333333333,0.011798110115558796
246,regression,cubic_polynomial,78.14571278696359,58.644660503573725,0.5548611538938201
246,regression,current_solution,78.14571278696359,61.595245661002004,0.6702949703095858
246,regression,linear,78.14571278696359,43.11412808699778,0.7039968875367588
246,regression,nested_minimum,78.14571278696359,61.412868980126525,0.7838889245266841
246,regression,nested_one_se,78.14571278696359,59.60534010907165,1.306385186645314
246,regression,null,78.14571278696359,35.884703131008855,0.3026172561765481
247,classification,cubic_polynomial,0.0,0.08978702113642022,0.014316694862663102
247,classification,current_solution,0.0,0.08978702119949401,0.014316695036687786
247,classification,linear,0.0,0.42794892846571153,0.02585307769926969
247,classification,nested_minimum,0.0,0.08512118021292323,0.01996193461435387
247,classification,nested_one_se,0.0,0.08978702119949401,0.014316695036687786
247,classification,null,0.0,0.32783333333333337,0.014304769721376481
247,regression,cubic_polynomial,38.01585151910742,28.37913375416722,0.28503286418216206
247,regression,current_solution,38.01585151910742,28.730140375172706,0.3153510861502784
247,regression,linear,38.01585151910742,36.46701317672823,0.579410849255378
247,regression,nested_minimum,38.01585151910742,28.84088425901018,0.3429889307566912
247,regression,nested_one_se,38.01585151910742,28.69018929720502,0.4539799974992767
247,regression,null,38.01585151910742,36.092544846809005,0.35047839165138617
248,classification,cubic_polynomial,0.0,0.046298039727143706,0.01078451749389331
248,classification,current_solution,0.0,0.04629803990414467,0.010784517259283016
248,classification,linear,0.0,0.2293993549486077,0.027176185466337967
248,classification,nested_minimum,0.0,0.04184598501363761,0.016056197028946517
248,classification,nested_one_se,0.0,0.04629803990414467,0.010784517259283016
248,classification,null,0.0,0.32716666666666666,0.016644525522977745
248,regression,cubic_polynomial,19.24558468520904,26.619967380517803,0.3024691949661447
248,regression,current_solution,19.24558468520904,26.98903702444372,0.3508582514190531
248,regression,linear,19.24558468520904,31.567143545955755,0.5014806347433077
248,regression,nested_minimum,19.24558468520904,27.041082964343833,0.3774913300457684
248,regression,nested_one_se,19.24558468520904,26.827982969472508,0.375968151788632
248,regression,null,19.24558468520904,36.179064717639605,0.3382089165890751
249,classification,cubic_polynomial,0.0,0.12456668013670359,0.018780748181130336
249,classification,current_solution,0.0,0.12456668034346255,0.018780747894117024
249,classification,linear,0.0,0.30611579743933903,0.030772284349407063
249,classification,nested_minimum,0.0,0.1338988890919472,0.041202530463453776
249,classification,nested_one_se,0.0,0.12456668034346255,0.018780747894117024
249,classification,null,0.0,0.327,0.019100460366360195
249,regression,cubic_polynomial,29.92998146773456,33.10757123912182,0.2984588684581104
249,regression,current_solution,29.92998146773456,34.26442872747532,0.3373171496732978
249,regression,linear,29.92998146773456,38.724206773920265,0.659211639254187
249,regression,nested_minimum,29.92998146773456,34.00592602194371,0.34672610850632496
249,regression,nested_one_se,29.92998146773456,33.336214051837565,0.3681898053889431
249,regression,null,29.92998146773456,36.05893436982212,0.4572577871967331
