model,optional_terms,n_optional_terms,fold,log_loss,auc,accuracy,f1
main effects only,none,0,1,0.6382504160607977,0.7209821428571429,0.6166666666666667,0.6349206349206349
main + x1_sq,x1_sq,1,1,0.6407789186148906,0.7142857142857143,0.5833333333333334,0.647887323943662
main + x2_sq,x2_sq,1,1,0.6396405943407077,0.71875,0.6333333333333333,0.6451612903225806
main + x3_sq,x3_sq,1,1,0.6327684372972077,0.7388392857142858,0.6833333333333333,0.6885245901639344
main + x1_x2,x1_x2,1,1,0.6560756352271102,0.7109374999999999,0.65,0.6557377049180327
main + x1_x3,x1_x3,1,1,0.6384743656350698,0.7388392857142858,0.6333333333333333,0.6451612903225806
main + x2_x3,x2_x3,1,1,0.4816117403009371,0.8515625,0.7666666666666667,0.7407407407407407
main + x1_sq + x2_sq,"x1_sq, x2_sq",2,1,0.6417987953006631,0.7154017857142858,0.5833333333333334,0.647887323943662
main + x1_sq + x3_sq,"x1_sq, x3_sq",2,1,0.6354083650157029,0.7488839285714286,0.5666666666666667,0.6285714285714286
main + x1_sq + x1_x2,"x1_sq, x1_x2",2,1,0.6555231631306201,0.6897321428571428,0.5833333333333334,0.6376811594202898
main + x1_sq + x1_x3,"x1_sq, x1_x3",2,1,0.6361946081536729,0.7388392857142858,0.5833333333333334,0.647887323943662
main + x1_sq + x2_x3,"x1_sq, x2_x3",2,1,0.47712454169577967,0.84375,0.75,0.7368421052631579
main + x2_sq + x3_sq,"x2_sq, x3_sq",2,1,0.6344022873148893,0.7366071428571429,0.6833333333333333,0.6885245901639344
main + x2_sq + x1_x2,"x2_sq, x1_x2",2,1,0.6610431718114188,0.7053571428571428,0.6666666666666666,0.6774193548387096
main + x2_sq + x1_x3,"x2_sq, x1_x3",2,1,0.6395517495032059,0.7399553571428572,0.6333333333333333,0.6451612903225806
main + x2_sq + x2_x3,"x2_sq, x2_x3",2,1,0.4797641845441399,0.8515625,0.75,0.7169811320754716
main + x3_sq + x1_x2,"x3_sq, x1_x2",2,1,0.6516366817913056,0.7265625,0.6833333333333333,0.6885245901639344
main + x3_sq + x1_x3,"x3_sq, x1_x3",2,1,0.6298400785277856,0.7622767857142857,0.7,0.7
main + x3_sq + x2_x3,"x3_sq, x2_x3",2,1,0.46901885823442274,0.8660714285714286,0.7833333333333333,0.7547169811320755
main + x1_x2 + x1_x3,"x1_x2, x1_x3",2,1,0.6549692522951395,0.7354910714285714,0.6666666666666666,0.6666666666666666
main + x1_x2 + x2_x3,"x1_x2, x2_x3",2,1,0.48702928596104894,0.8571428571428572,0.7833333333333333,0.7636363636363637
main + x1_x3 + x2_x3,"x1_x3, x2_x3",2,1,0.4826795032354196,0.8526785714285714,0.7833333333333333,0.7636363636363637
main + x1_sq + x2_sq + x3_sq,"x1_sq, x2_sq, x3_sq",3,1,0.6366979432237164,0.7477678571428572,0.5666666666666667,0.6285714285714286
main + x1_sq + x2_sq + x1_x2,"x1_sq, x2_sq, x1_x2",3,1,0.6591375385747096,0.6808035714285714,0.5833333333333334,0.6376811594202898
main + x1_sq + x2_sq + x1_x3,"x1_sq, x2_sq, x1_x3",3,1,0.6368741794345687,0.7399553571428572,0.5833333333333334,0.647887323943662
main + x1_sq + x2_sq + x2_x3,"x1_sq, x2_sq, x2_x3",3,1,0.4731334181912852,0.8493303571428572,0.75,0.7368421052631579
main + x1_sq + x3_sq + x1_x2,"x1_sq, x3_sq, x1_x2",3,1,0.6509595382169517,0.7087053571428572,0.5666666666666667,0.6176470588235294
main + x1_sq + x3_sq + x1_x3,"x1_sq, x3_sq, x1_x3",3,1,0.6282356420562419,0.7611607142857142,0.6,0.6470588235294118
main + x1_sq + x3_sq + x2_x3,"x1_sq, x3_sq, x2_x3",3,1,0.4634487317513643,0.8627232142857143,0.75,0.7457627118644068
main + x1_sq + x1_x2 + x1_x3,"x1_sq, x1_x2, x1_x3",3,1,0.6516516514633721,0.7198660714285714,0.65,0.6865671641791045
main + x1_sq + x1_x2 + x2_x3,"x1_sq, x1_x2, x2_x3",3,1,0.47901819302255216,0.8504464285714286,0.7666666666666667,0.75
main + x1_sq + x1_x3 + x2_x3,"x1_sq, x1_x3, x2_x3",3,1,0.47614179526270817,0.8526785714285714,0.75,0.7368421052631579
main + x2_sq + x3_sq + x1_x2,"x2_sq, x3_sq, x1_x2",3,1,0.6566965475189986,0.71875,0.6833333333333333,0.6885245901639344
main + x2_sq + x3_sq + x1_x3,"x2_sq, x3_sq, x1_x3",3,1,0.631319383086494,0.7645089285714286,0.7,0.7
main + x2_sq + x3_sq + x2_x3,"x2_sq, x3_sq, x2_x3",3,1,0.4685880655887197,0.8649553571428572,0.7833333333333333,0.7547169811320755
main + x2_sq + x1_x2 + x1_x3,"x2_sq, x1_x2, x1_x3",3,1,0.6591006265662565,0.7265625,0.6833333333333333,0.6885245901639344
main + x2_sq + x1_x2 + x2_x3,"x2_sq, x1_x2, x2_x3",3,1,0.48637866847124844,0.8571428571428572,0.7833333333333333,0.7636363636363637
main + x2_sq + x1_x3 + x2_x3,"x2_sq, x1_x3, x2_x3",3,1,0.48039826690649434,0.8560267857142857,0.7833333333333333,0.7636363636363637
main + x3_sq + x1_x2 + x1_x3,"x3_sq, x1_x2, x1_x3",3,1,0.6472953425621968,0.7488839285714286,0.7,0.7
main + x3_sq + x1_x2 + x2_x3,"x3_sq, x1_x2, x2_x3",3,1,0.4751317814370817,0.8727678571428572,0.7833333333333333,0.7636363636363637
main + x3_sq + x1_x3 + x2_x3,"x3_sq, x1_x3, x2_x3",3,1,0.4678334617305572,0.8683035714285714,0.8,0.7777777777777778
main + x1_x2 + x1_x3 + x2_x3,"x1_x2, x1_x3, x2_x3",3,1,0.4877041338945295,0.8627232142857143,0.7833333333333333,0.7636363636363637
main + x1_sq + x2_sq + x3_sq + x1_x2,"x1_sq, x2_sq, x3_sq, x1_x2",4,1,0.6547243080554903,0.703125,0.5666666666666667,0.6176470588235294
main + x1_sq + x2_sq + x3_sq + x1_x3,"x1_sq, x2_sq, x3_sq, x1_x3",4,1,0.629307646998999,0.7611607142857143,0.6,0.6470588235294118
main + x1_sq + x2_sq + x3_sq + x2_x3,"x1_sq, x2_sq, x3_sq, x2_x3",4,1,0.46137690544726606,0.8638392857142857,0.7666666666666667,0.75
main + x1_sq + x2_sq + x1_x2 + x1_x3,"x1_sq, x2_sq, x1_x2, x1_x3",4,1,0.655098402448456,0.7154017857142857,0.6333333333333333,0.6666666666666666
main + x1_sq + x2_sq + x1_x2 + x2_x3,"x1_sq, x2_sq, x1_x2, x2_x3",4,1,0.4760954230327811,0.8549107142857142,0.7666666666666667,0.75
main + x1_sq + x2_sq + x1_x3 + x2_x3,"x1_sq, x2_sq, x1_x3, x2_x3",4,1,0.47182657062212546,0.8526785714285714,0.7333333333333333,0.7142857142857143
main + x1_sq + x3_sq + x1_x2 + x1_x3,"x1_sq, x3_sq, x1_x2, x1_x3",4,1,0.6445592825834808,0.7410714285714286,0.65,0.676923076923077
main + x1_sq + x3_sq + x1_x2 + x2_x3,"x1_sq, x3_sq, x1_x2, x2_x3",4,1,0.466192033153856,0.8649553571428572,0.7666666666666667,0.75
main + x1_sq + x3_sq + x1_x3 + x2_x3,"x1_sq, x3_sq, x1_x3, x2_x3",4,1,0.461064516647088,0.8694196428571429,0.7666666666666667,0.75
main + x1_sq + x1_x2 + x1_x3 + x2_x3,"x1_sq, x1_x2, x1_x3, x2_x3",4,1,0.4775663797695272,0.8549107142857143,0.7833333333333333,0.7719298245614035
main + x2_sq + x3_sq + x1_x2 + x1_x3,"x2_sq, x3_sq, x1_x2, x1_x3",4,1,0.6517983021954797,0.7455357142857142,0.7,0.7
main + x2_sq + x3_sq + x1_x2 + x2_x3,"x2_sq, x3_sq, x1_x2, x2_x3",4,1,0.47568348234433205,0.8716517857142858,0.7833333333333333,0.7636363636363637
main + x2_sq + x3_sq + x1_x3 + x2_x3,"x2_sq, x3_sq, x1_x3, x2_x3",4,1,0.4672660082469657,0.8705357142857142,0.8,0.7777777777777778
main + x2_sq + x1_x2 + x1_x3 + x2_x3,"x2_sq, x1_x2, x1_x3, x2_x3",4,1,0.486915120578473,0.8627232142857143,0.7833333333333333,0.7636363636363637
main + x3_sq + x1_x2 + x1_x3 + x2_x3,"x3_sq, x1_x2, x1_x3, x2_x3",4,1,0.4732373253986458,0.8794642857142858,0.8,0.7777777777777778
main + x1_sq + x2_sq + x3_sq + x1_x2 + x1_x3,"x1_sq, x2_sq, x3_sq, x1_x2, x1_x3",5,1,0.6483511491518477,0.734375,0.65,0.676923076923077
main + x1_sq + x2_sq + x3_sq + x1_x2 + x2_x3,"x1_sq, x2_sq, x3_sq, x1_x2, x2_x3",5,1,0.46491665488327744,0.8649553571428572,0.7666666666666667,0.75
main + x1_sq + x2_sq + x3_sq + x1_x3 + x2_x3,"x1_sq, x2_sq, x3_sq, x1_x3, x2_x3",5,1,0.4589406473319467,0.8671875,0.7833333333333333,0.7636363636363637
main + x1_sq + x2_sq + x1_x2 + x1_x3 + x2_x3,"x1_sq, x2_sq, x1_x2, x1_x3, x2_x3",5,1,0.4749328379604574,0.8582589285714286,0.7666666666666667,0.75
main + x1_sq + x3_sq + x1_x2 + x1_x3 + x2_x3,"x1_sq, x3_sq, x1_x2, x1_x3, x2_x3",5,1,0.4628297224608172,0.8705357142857142,0.8,0.7857142857142857
main + x2_sq + x3_sq + x1_x2 + x1_x3 + x2_x3,"x2_sq, x3_sq, x1_x2, x1_x3, x2_x3",5,1,0.47396808557314096,0.8761160714285714,0.8,0.7777777777777778
main + x1_sq + x2_sq + x3_sq + x1_x2 + x1_x3 + x2_x3,"x1_sq, x2_sq, x3_sq, x1_x2, x1_x3, x2_x3",6,1,0.4621260359103055,0.8705357142857142,0.8,0.7857142857142857
main effects only,none,0,2,0.6046488743915795,0.7444196428571428,0.6166666666666667,0.5660377358490566
main + x1_sq,x1_sq,1,2,0.6036587877549493,0.7254464285714286,0.65,0.6440677966101694
main + x2_sq,x2_sq,1,2,0.6041596375740662,0.7433035714285715,0.6166666666666667,0.5660377358490566
main + x3_sq,x3_sq,1,2,0.6047992615817448,0.7421875,0.65,0.6037735849056604
main + x1_x2,x1_x2,1,2,0.6032076060907644,0.7421875,0.6333333333333333,0.5925925925925926
main + x1_x3,x1_x3,1,2,0.6001552797161663,0.7533482142857143,0.6166666666666667,0.5660377358490566
main + x2_x3,x2_x3,1,2,0.5221759693907762,0.8136160714285714,0.7333333333333333,0.7142857142857143
main + x1_sq + x2_sq,"x1_sq, x2_sq",2,2,0.6028650979207223,0.7276785714285714,0.65,0.6440677966101694
main + x1_sq + x3_sq,"x1_sq, x3_sq",2,2,0.6027767507853883,0.7321428571428571,0.6333333333333333,0.6333333333333333
main + x1_sq + x1_x2,"x1_sq, x1_x2",2,2,0.6021826299236267,0.7332589285714286,0.65,0.6440677966101694
main + x1_sq + x1_x3,"x1_sq, x1_x3",2,2,0.5993198666204677,0.7377232142857142,0.6333333333333333,0.6206896551724138
main + x1_sq + x2_x3,"x1_sq, x2_x3",2,2,0.5202636594156075,0.8236607142857143,0.7833333333333333,0.7868852459016393
main + x2_sq + x3_sq,"x2_sq, x3_sq",2,2,0.604641424743789,0.7433035714285714,0.65,0.6037735849056604
main + x2_sq + x1_x2,"x2_sq, x1_x2",2,2,0.602875265050775,0.7410714285714286,0.6333333333333333,0.5925925925925926
main + x2_sq + x1_x3,"x2_sq, x1_x3",2,2,0.599575226715652,0.7533482142857143,0.6166666666666667,0.5660377358490566
main + x2_sq + x2_x3,"x2_sq, x2_x3",2,2,0.5222938599694084,0.8113839285714286,0.75,0.7368421052631579
main + x3_sq + x1_x2,"x3_sq, x1_x2",2,2,0.6036416108247358,0.7410714285714286,0.65,0.6037735849056604
main + x3_sq + x1_x3,"x3_sq, x1_x3",2,2,0.5989169140765721,0.7589285714285714,0.6666666666666666,0.6153846153846154
main + x3_sq + x2_x3,"x3_sq, x2_x3",2,2,0.5325608313924703,0.8035714285714286,0.7333333333333333,0.7142857142857143
main + x1_x2 + x1_x3,"x1_x2, x1_x3",2,2,0.5980403924873868,0.7488839285714286,0.6333333333333333,0.5925925925925926
main + x1_x2 + x2_x3,"x1_x2, x2_x3",2,2,0.519885406986804,0.8214285714285714,0.7166666666666667,0.7017543859649122
main + x1_x3 + x2_x3,"x1_x3, x2_x3",2,2,0.5187846404536168,0.8214285714285714,0.75,0.7368421052631579
main + x1_sq + x2_sq + x3_sq,"x1_sq, x2_sq, x3_sq",3,2,0.6023577863157031,0.7332589285714285,0.6666666666666666,0.6551724137931034
main + x1_sq + x2_sq + x1_x2,"x1_sq, x2_sq, x1_x2",3,2,0.6014389496006544,0.734375,0.65,0.6440677966101694
main + x1_sq + x2_sq + x1_x3,"x1_sq, x2_sq, x1_x3",3,2,0.5984229763250449,0.7410714285714286,0.6333333333333333,0.6206896551724138
main + x1_sq + x2_sq + x2_x3,"x1_sq, x2_sq, x2_x3",3,2,0.5201190480883154,0.8225446428571429,0.7666666666666667,0.7666666666666667
main + x1_sq + x3_sq + x1_x2,"x1_sq, x3_sq, x1_x2",3,2,0.6014887675875956,0.7410714285714286,0.65,0.6440677966101694
main + x1_sq + x3_sq + x1_x3,"x1_sq, x3_sq, x1_x3",3,2,0.5969575843990645,0.7455357142857142,0.6666666666666666,0.6666666666666666
main + x1_sq + x3_sq + x2_x3,"x1_sq, x3_sq, x2_x3",3,2,0.5297946762235219,0.8113839285714286,0.75,0.7457627118644068
main + x1_sq + x1_x2 + x1_x3,"x1_sq, x1_x2, x1_x3",3,2,0.5969140195747938,0.7466517857142857,0.6833333333333333,0.6885245901639344
main + x1_sq + x1_x2 + x2_x3,"x1_sq, x1_x2, x2_x3",3,2,0.517226894253262,0.8247767857142858,0.7666666666666667,0.7666666666666667
main + x1_sq + x1_x3 + x2_x3,"x1_sq, x1_x3, x2_x3",3,2,0.5171377336819388,0.8225446428571428,0.7833333333333333,0.7868852459016393
main + x2_sq + x3_sq + x1_x2,"x2_sq, x3_sq, x1_x2",3,2,0.6035857784008261,0.7399553571428571,0.65,0.6037735849056604
main + x2_sq + x3_sq + x1_x3,"x2_sq, x3_sq, x1_x3",3,2,0.5987133691497223,0.7611607142857142,0.6666666666666666,0.6153846153846154
main + x2_sq + x3_sq + x2_x3,"x2_sq, x3_sq, x2_x3",3,2,0.5324656631951679,0.8035714285714286,0.7333333333333333,0.7142857142857143
main + x2_sq + x1_x2 + x1_x3,"x2_sq, x1_x2, x1_x3",3,2,0.5976348349995134,0.75,0.6333333333333333,0.5925925925925926
main + x2_sq + x1_x2 + x2_x3,"x2_sq, x1_x2, x2_x3",3,2,0.5208001778057599,0.8258928571428572,0.7333333333333333,0.7142857142857143
main + x2_sq + x1_x3 + x2_x3,"x2_sq, x1_x3, x2_x3",3,2,0.5187146101423397,0.8203125,0.75,0.7368421052631579
main + x3_sq + x1_x2 + x1_x3,"x3_sq, x1_x2, x1_x3",3,2,0.597118409578625,0.7589285714285714,0.6833333333333333,0.6415094339622641
main + x3_sq + x1_x2 + x2_x3,"x3_sq, x1_x2, x2_x3",3,2,0.5303503999014167,0.8069196428571429,0.7333333333333333,0.7142857142857143
main + x3_sq + x1_x3 + x2_x3,"x3_sq, x1_x3, x2_x3",3,2,0.5275099458750843,0.8046875,0.7333333333333333,0.7142857142857143
main + x1_x2 + x1_x3 + x2_x3,"x1_x2, x1_x3, x2_x3",3,2,0.5160196590573598,0.8258928571428572,0.75,0.7368421052631579
main + x1_sq + x2_sq + x3_sq + x1_x2,"x1_sq, x2_sq, x3_sq, x1_x2",4,2,0.6010855591686405,0.7377232142857143,0.65,0.6440677966101694
main + x1_sq + x2_sq + x3_sq + x1_x3,"x1_sq, x2_sq, x3_sq, x1_x3",4,2,0.596464417565492,0.7444196428571429,0.6666666666666666,0.6666666666666666
main + x1_sq + x2_sq + x3_sq + x2_x3,"x1_sq, x2_sq, x3_sq, x2_x3",4,2,0.529333219937695,0.8091517857142857,0.75,0.7457627118644068
main + x1_sq + x2_sq + x1_x2 + x1_x3,"x1_sq, x2_sq, x1_x2, x1_x3",4,2,0.5960817300644055,0.7399553571428572,0.6833333333333333,0.6885245901639344
main + x1_sq + x2_sq + x1_x2 + x2_x3,"x1_sq, x2_sq, x1_x2, x2_x3",4,2,0.5178152379741399,0.828125,0.7666666666666667,0.7666666666666667
main + x1_sq + x2_sq + x1_x3 + x2_x3,"x1_sq, x2_sq, x1_x3, x2_x3",4,2,0.5167831863944587,0.8270089285714286,0.7666666666666667,0.7666666666666667
main + x1_sq + x3_sq + x1_x2 + x1_x3,"x1_sq, x3_sq, x1_x2, x1_x3",4,2,0.5947653836335014,0.75,0.6833333333333333,0.6885245901639344
main + x1_sq + x3_sq + x1_x2 + x2_x3,"x1_sq, x3_sq, x1_x2, x2_x3",4,2,0.5270712579639169,0.8069196428571429,0.75,0.7457627118644068
main + x1_sq + x3_sq + x1_x3 + x2_x3,"x1_sq, x3_sq, x1_x3, x2_x3",4,2,0.5251928767250224,0.8125,0.75,0.7457627118644068
main + x1_sq + x1_x2 + x1_x3 + x2_x3,"x1_sq, x1_x2, x1_x3, x2_x3",4,2,0.5130254591509569,0.8270089285714286,0.7666666666666667,0.7666666666666667
main + x2_sq + x3_sq + x1_x2 + x1_x3,"x2_sq, x3_sq, x1_x2, x1_x3",4,2,0.5970388140407762,0.7578125,0.6833333333333333,0.6415094339622641
main + x2_sq + x3_sq + x1_x2 + x2_x3,"x2_sq, x3_sq, x1_x2, x2_x3",4,2,0.530676440007616,0.8080357142857143,0.7333333333333333,0.7142857142857143
main + x2_sq + x3_sq + x1_x3 + x2_x3,"x2_sq, x3_sq, x1_x3, x2_x3",4,2,0.5273729094282618,0.8102678571428572,0.7333333333333333,0.7142857142857143
main + x2_sq + x1_x2 + x1_x3 + x2_x3,"x2_sq, x1_x2, x1_x3, x2_x3",4,2,0.5169194807081829,0.8270089285714286,0.75,0.7368421052631579
main + x3_sq + x1_x2 + x1_x3 + x2_x3,"x3_sq, x1_x2, x1_x3, x2_x3",4,2,0.5247106069114572,0.8102678571428572,0.7333333333333333,0.7142857142857143
main + x1_sq + x2_sq + x3_sq + x1_x2 + x1_x3,"x1_sq, x2_sq, x3_sq, x1_x2, x1_x3",5,2,0.5943029728726015,0.7488839285714286,0.6833333333333333,0.6885245901639344
main + x1_sq + x2_sq + x3_sq + x1_x2 + x2_x3,"x1_sq, x2_sq, x3_sq, x1_x2, x2_x3",5,2,0.5270585042922421,0.8058035714285715,0.75,0.7457627118644068
main + x1_sq + x2_sq + x3_sq + x1_x3 + x2_x3,"x1_sq, x2_sq, x3_sq, x1_x3, x2_x3",5,2,0.5247082240264744,0.8180803571428571,0.75,0.7457627118644068
main + x1_sq + x2_sq + x1_x2 + x1_x3 + x2_x3,"x1_sq, x2_sq, x1_x2, x1_x3, x2_x3",5,2,0.5137224160022026,0.8348214285714286,0.7666666666666667,0.7666666666666667
main + x1_sq + x3_sq + x1_x2 + x1_x3 + x2_x3,"x1_sq, x3_sq, x1_x2, x1_x3, x2_x3",5,2,0.5208469494857827,0.8125,0.75,0.7457627118644068
main + x2_sq + x3_sq + x1_x2 + x1_x3 + x2_x3,"x2_sq, x3_sq, x1_x2, x1_x3, x2_x3",5,2,0.5251440896009691,0.8125,0.7333333333333333,0.7142857142857143
main + x1_sq + x2_sq + x3_sq + x1_x2 + x1_x3 + x2_x3,"x1_sq, x2_sq, x3_sq, x1_x2, x1_x3, x2_x3",6,2,0.5211078753894623,0.8158482142857143,0.75,0.7457627118644068
main effects only,none,0,3,0.6308796016078569,0.703125,0.6333333333333333,0.5769230769230769
main + x1_sq,x1_sq,1,3,0.6086370053232794,0.7042410714285714,0.6333333333333333,0.5925925925925926
main + x2_sq,x2_sq,1,3,0.6418062156822681,0.7008928571428572,0.6666666666666666,0.6296296296296297
main + x3_sq,x3_sq,1,3,0.627185372030915,0.7142857142857143,0.6333333333333333,0.5769230769230769
main + x1_x2,x1_x2,1,3,0.6296166801220962,0.6953125,0.6333333333333333,0.5769230769230769
main + x1_x3,x1_x3,1,3,0.6416261955194498,0.7020089285714286,0.6333333333333333,0.5769230769230769
main + x2_x3,x2_x3,1,3,0.5460095921245075,0.7890625,0.6833333333333333,0.6666666666666666
main + x1_sq + x2_sq,"x1_sq, x2_sq",2,3,0.6191199711606604,0.6975446428571428,0.6666666666666666,0.6428571428571429
main + x1_sq + x3_sq,"x1_sq, x3_sq",2,3,0.605034437727981,0.7098214285714286,0.6833333333333333,0.6666666666666666
main + x1_sq + x1_x2,"x1_sq, x1_x2",2,3,0.6076562001866948,0.7020089285714286,0.65,0.6181818181818182
main + x1_sq + x1_x3,"x1_sq, x1_x3",2,3,0.6186942134549455,0.7064732142857142,0.6166666666666667,0.5818181818181818
main + x1_sq + x2_x3,"x1_sq, x2_x3",2,3,0.5274134420689666,0.8102678571428572,0.7333333333333333,0.7142857142857143
main + x2_sq + x3_sq,"x2_sq, x3_sq",2,3,0.6382101730663702,0.7020089285714286,0.6666666666666666,0.6296296296296297
main + x2_sq + x1_x2,"x2_sq, x1_x2",2,3,0.6405443191414082,0.6863839285714286,0.6666666666666666,0.6296296296296297
main + x2_sq + x1_x3,"x2_sq, x1_x3",2,3,0.6528488024169214,0.6941964285714286,0.6666666666666666,0.6296296296296297
main + x2_sq + x2_x3,"x2_sq, x2_x3",2,3,0.5520265884953244,0.7868303571428571,0.7,0.6896551724137931
main + x3_sq + x1_x2,"x3_sq, x1_x2",2,3,0.6261586492711891,0.703125,0.6333333333333333,0.5769230769230769
main + x3_sq + x1_x3,"x3_sq, x1_x3",2,3,0.6380189661214286,0.6997767857142858,0.6166666666666667,0.5660377358490566
main + x3_sq + x2_x3,"x3_sq, x2_x3",2,3,0.5332479015037533,0.796875,0.7166666666666667,0.7017543859649122
main + x1_x2 + x1_x3,"x1_x2, x1_x3",2,3,0.6440858788434263,0.6886160714285714,0.6333333333333333,0.5769230769230769
main + x1_x2 + x2_x3,"x1_x2, x2_x3",2,3,0.5447868305380277,0.7946428571428571,0.7,0.6785714285714286
main + x1_x3 + x2_x3,"x1_x3, x2_x3",2,3,0.546985136013119,0.7946428571428572,0.7,0.6896551724137931
main + x1_sq + x2_sq + x3_sq,"x1_sq, x2_sq, x3_sq",3,3,0.6157021364094045,0.6975446428571428,0.6666666666666666,0.6428571428571429
main + x1_sq + x2_sq + x1_x2,"x1_sq, x2_sq, x1_x2",3,3,0.6176331353899713,0.6875,0.6666666666666666,0.6428571428571429
main + x1_sq + x2_sq + x1_x3,"x1_sq, x2_sq, x1_x3",3,3,0.629107198902755,0.7008928571428572,0.6666666666666666,0.6428571428571429
main + x1_sq + x2_sq + x2_x3,"x1_sq, x2_sq, x2_x3",3,3,0.530839835766262,0.8058035714285714,0.7333333333333333,0.7142857142857143
main + x1_sq + x3_sq + x1_x2,"x1_sq, x3_sq, x1_x2",3,3,0.6040159826166034,0.7098214285714286,0.7,0.6896551724137931
main + x1_sq + x3_sq + x1_x3,"x1_sq, x3_sq, x1_x3",3,3,0.6155170316065809,0.7109375,0.6666666666666666,0.6551724137931034
main + x1_sq + x3_sq + x2_x3,"x1_sq, x3_sq, x2_x3",3,3,0.5131917906959339,0.8236607142857143,0.75,0.7368421052631579
main + x1_sq + x1_x2 + x1_x3,"x1_sq, x1_x2, x1_x3",3,3,0.6214417288133973,0.7087053571428572,0.65,0.6181818181818182
main + x1_sq + x1_x2 + x2_x3,"x1_sq, x1_x2, x2_x3",3,3,0.5348418549767261,0.8102678571428571,0.7333333333333333,0.7142857142857143
main + x1_sq + x1_x3 + x2_x3,"x1_sq, x1_x3, x2_x3",3,3,0.529113423702002,0.8147321428571428,0.7166666666666667,0.7017543859649122
main + x2_sq + x3_sq + x1_x2,"x2_sq, x3_sq, x1_x2",3,3,0.6371905687067425,0.6953125,0.6666666666666666,0.6296296296296297
main + x2_sq + x3_sq + x1_x3,"x2_sq, x3_sq, x1_x3",3,3,0.6494329020164797,0.6953125,0.6666666666666666,0.6296296296296297
main + x2_sq + x3_sq + x2_x3,"x2_sq, x3_sq, x2_x3",3,3,0.5408914562511568,0.7935267857142857,0.7166666666666667,0.7017543859649122
main + x2_sq + x1_x2 + x1_x3,"x2_sq, x1_x2, x1_x3",3,3,0.6546870555203818,0.6830357142857142,0.6666666666666666,0.6296296296296297
main + x2_sq + x1_x2 + x2_x3,"x2_sq, x1_x2, x2_x3",3,3,0.5478175063023963,0.7924107142857143,0.7333333333333333,0.7142857142857143
main + x2_sq + x1_x3 + x2_x3,"x2_sq, x1_x3, x2_x3",3,3,0.5528137289920955,0.7868303571428572,0.7,0.6896551724137931
main + x3_sq + x1_x2 + x1_x3,"x3_sq, x1_x2, x1_x3",3,3,0.6399476473166522,0.6986607142857143,0.6333333333333333,0.5769230769230769
main + x3_sq + x1_x2 + x2_x3,"x3_sq, x1_x2, x2_x3",3,3,0.5326851745520316,0.8024553571428572,0.7333333333333333,0.7142857142857143
main + x3_sq + x1_x3 + x2_x3,"x3_sq, x1_x3, x2_x3",3,3,0.5333116031764334,0.8024553571428572,0.7166666666666667,0.7017543859649122
main + x1_x2 + x1_x3 + x2_x3,"x1_x2, x1_x3, x2_x3",3,3,0.548040025071374,0.8002232142857143,0.7,0.6785714285714286
main + x1_sq + x2_sq + x3_sq + x1_x2,"x1_sq, x2_sq, x3_sq, x1_x2",4,3,0.6142350257307057,0.6930803571428571,0.6666666666666666,0.6428571428571429
main + x1_sq + x2_sq + x3_sq + x1_x3,"x1_sq, x2_sq, x3_sq, x1_x3",4,3,0.6261869301491972,0.6997767857142857,0.6666666666666666,0.6428571428571429
main + x1_sq + x2_sq + x3_sq + x2_x3,"x1_sq, x2_sq, x3_sq, x2_x3",4,3,0.5184578420006566,0.8180803571428571,0.7333333333333333,0.7142857142857143
main + x1_sq + x2_sq + x1_x2 + x1_x3,"x1_sq, x2_sq, x1_x2, x1_x3",4,3,0.6306563650503099,0.7042410714285714,0.65,0.631578947368421
main + x1_sq + x2_sq + x1_x2 + x2_x3,"x1_sq, x2_sq, x1_x2, x2_x3",4,3,0.5347145499640382,0.8069196428571429,0.7333333333333333,0.7142857142857143
main + x1_sq + x2_sq + x1_x3 + x2_x3,"x1_sq, x2_sq, x1_x3, x2_x3",4,3,0.532140699685612,0.8091517857142857,0.7166666666666667,0.7017543859649122
main + x1_sq + x3_sq + x1_x2 + x1_x3,"x1_sq, x3_sq, x1_x2, x1_x3",4,3,0.6176115494117808,0.7131696428571429,0.7,0.6896551724137931
main + x1_sq + x3_sq + x1_x2 + x2_x3,"x1_sq, x3_sq, x1_x2, x2_x3",4,3,0.5214102598734428,0.8169642857142857,0.75,0.7368421052631579
main + x1_sq + x3_sq + x1_x3 + x2_x3,"x1_sq, x3_sq, x1_x3, x2_x3",4,3,0.5149290019397705,0.8236607142857143,0.75,0.7368421052631579
main + x1_sq + x1_x2 + x1_x3 + x2_x3,"x1_sq, x1_x2, x1_x3, x2_x3",4,3,0.5405150996247041,0.8180803571428572,0.7333333333333333,0.7142857142857143
main + x2_sq + x3_sq + x1_x2 + x1_x3,"x2_sq, x3_sq, x1_x2, x1_x3",4,3,0.6507329021544892,0.6897321428571428,0.6666666666666666,0.6296296296296297
main + x2_sq + x3_sq + x1_x2 + x2_x3,"x2_sq, x3_sq, x1_x2, x2_x3",4,3,0.5373251669874012,0.8002232142857142,0.7166666666666667,0.7017543859649122
main + x2_sq + x3_sq + x1_x3 + x2_x3,"x2_sq, x3_sq, x1_x3, x2_x3",4,3,0.540235355649059,0.7991071428571428,0.7166666666666667,0.7017543859649122
main + x2_sq + x1_x2 + x1_x3 + x2_x3,"x2_sq, x1_x2, x1_x3, x2_x3",4,3,0.5497291834741752,0.7935267857142857,0.7166666666666667,0.7017543859649122
main + x3_sq + x1_x2 + x1_x3 + x2_x3,"x3_sq, x1_x2, x1_x3, x2_x3",4,3,0.5344445300082725,0.8080357142857143,0.7333333333333333,0.7142857142857143
main + x1_sq + x2_sq + x3_sq + x1_x2 + x1_x3,"x1_sq, x2_sq, x3_sq, x1_x2, x1_x3",5,3,0.6270631316985346,0.7053571428571429,0.65,0.631578947368421
main + x1_sq + x2_sq + x3_sq + x1_x2 + x2_x3,"x1_sq, x2_sq, x3_sq, x1_x2, x2_x3",5,3,0.5230977719168858,0.8136160714285714,0.75,0.7368421052631579
main + x1_sq + x2_sq + x3_sq + x1_x3 + x2_x3,"x1_sq, x2_sq, x3_sq, x1_x3, x2_x3",5,3,0.5194653884948158,0.8147321428571428,0.7333333333333333,0.7142857142857143
main + x1_sq + x2_sq + x1_x2 + x1_x3 + x2_x3,"x1_sq, x2_sq, x1_x2, x1_x3, x2_x3",5,3,0.5394991946532508,0.8136160714285714,0.7333333333333333,0.7142857142857143
main + x1_sq + x3_sq + x1_x2 + x1_x3 + x2_x3,"x1_sq, x3_sq, x1_x2, x1_x3, x2_x3",5,3,0.5266836287367281,0.8236607142857143,0.7666666666666667,0.75
main + x2_sq + x3_sq + x1_x2 + x1_x3 + x2_x3,"x2_sq, x3_sq, x1_x2, x1_x3, x2_x3",5,3,0.537255987915123,0.8035714285714286,0.7333333333333333,0.7142857142857143
main + x1_sq + x2_sq + x3_sq + x1_x2 + x1_x3 + x2_x3,"x1_sq, x2_sq, x3_sq, x1_x2, x1_x3, x2_x3",6,3,0.5271325364553389,0.8236607142857142,0.7666666666666667,0.75
main effects only,none,0,4,0.639905481326143,0.681868743047831,0.6166666666666667,0.5964912280701754
main + x1_sq,x1_sq,1,4,0.6540006743271461,0.6462736373748609,0.6166666666666667,0.6229508196721312
main + x2_sq,x2_sq,1,4,0.6501328091007219,0.6807563959955507,0.6,0.5714285714285714
main + x3_sq,x3_sq,1,4,0.6505770369896989,0.6852057842046718,0.6333333333333333,0.6071428571428571
main + x1_x2,x1_x2,1,4,0.6398392364789108,0.6863181312569522,0.6166666666666667,0.5964912280701754
main + x1_x3,x1_x3,1,4,0.630000374475365,0.6941045606229144,0.6,0.5714285714285714
main + x2_x3,x2_x3,1,4,0.5738739655461113,0.7652947719688543,0.6833333333333333,0.6545454545454545
main + x1_sq + x2_sq,"x1_sq, x2_sq",2,4,0.6682638368592296,0.649610678531702,0.65,0.6557377049180327
main + x1_sq + x3_sq,"x1_sq, x3_sq",2,4,0.6704944285287257,0.664071190211346,0.6333333333333333,0.65625
main + x1_sq + x1_x2,"x1_sq, x1_x2",2,4,0.6520123091982398,0.6562847608453838,0.6333333333333333,0.6451612903225806
main + x1_sq + x1_x3,"x1_sq, x1_x3",2,4,0.6607233722553383,0.6573971078976641,0.6166666666666667,0.6229508196721312
main + x1_sq + x2_x3,"x1_sq, x2_x3",2,4,0.5721034057011154,0.7853170189098999,0.6666666666666666,0.6551724137931034
main + x2_sq + x3_sq,"x2_sq, x3_sq",2,4,0.658038653230047,0.6740823136818688,0.6,0.5714285714285714
main + x2_sq + x1_x2,"x2_sq, x1_x2",2,4,0.6484280135267947,0.6751946607341491,0.6,0.5714285714285714
main + x2_sq + x1_x3,"x2_sq, x1_x3",2,4,0.6411765354809548,0.692992213570634,0.6,0.5714285714285714
main + x2_sq + x2_x3,"x2_sq, x2_x3",2,4,0.5790396809896734,0.7552836484983315,0.7,0.6666666666666666
main + x3_sq + x1_x2,"x3_sq, x1_x2",2,4,0.6502698114676873,0.6852057842046719,0.6333333333333333,0.6071428571428571
main + x3_sq + x1_x3,"x3_sq, x1_x3",2,4,0.639497171394302,0.699666295884316,0.6666666666666666,0.6428571428571429
main + x3_sq + x2_x3,"x3_sq, x2_x3",2,4,0.5824800937109446,0.760845383759733,0.65,0.6181818181818182
main + x1_x2 + x1_x3,"x1_x2, x1_x3",2,4,0.6289699181506554,0.692992213570634,0.6,0.5714285714285714
main + x1_x2 + x2_x3,"x1_x2, x2_x3",2,4,0.5755795584153753,0.7630700778642937,0.7,0.6666666666666666
main + x1_x3 + x2_x3,"x1_x3, x2_x3",2,4,0.5745138598825122,0.7575083426028921,0.7,0.6666666666666666
main + x1_sq + x2_sq + x3_sq,"x1_sq, x2_sq, x3_sq",3,4,0.6813263652270215,0.6529477196885427,0.6,0.6129032258064516
main + x1_sq + x2_sq + x1_x2,"x1_sq, x2_sq, x1_x2",3,4,0.6652690529652194,0.6551724137931034,0.6333333333333333,0.6333333333333333
main + x1_sq + x2_sq + x1_x3,"x1_sq, x2_sq, x1_x3",3,4,0.6803984148874748,0.6507230255839821,0.6,0.6
main + x1_sq + x2_sq + x2_x3,"x1_sq, x2_sq, x2_x3",3,4,0.5805830597430405,0.7719688542825361,0.6833333333333333,0.6666666666666666
main + x1_sq + x3_sq + x1_x2,"x1_sq, x3_sq, x1_x2",3,4,0.6680654410701512,0.6718576195773082,0.6166666666666667,0.6349206349206349
main + x1_sq + x3_sq + x1_x3,"x1_sq, x3_sq, x1_x3",3,4,0.6826677957569289,0.6729699666295884,0.65,0.6666666666666666
main + x1_sq + x3_sq + x2_x3,"x1_sq, x3_sq, x2_x3",3,4,0.5796218541177064,0.7853170189098999,0.6666666666666666,0.6666666666666666
main + x1_sq + x1_x2 + x1_x3,"x1_sq, x1_x2, x1_x3",3,4,0.6564216496312677,0.664071190211346,0.6166666666666667,0.6229508196721312
main + x1_sq + x1_x2 + x2_x3,"x1_sq, x1_x2, x2_x3",3,4,0.5739190856696941,0.7842046718576196,0.65,0.6440677966101694
main + x1_sq + x1_x3 + x2_x3,"x1_sq, x1_x3, x2_x3",3,4,0.57498023421725,0.7753058954393771,0.6833333333333333,0.6666666666666666
main + x2_sq + x3_sq + x1_x2,"x2_sq, x3_sq, x1_x2",3,4,0.6565924546863537,0.6707452725250278,0.6,0.5714285714285714
main + x2_sq + x3_sq + x1_x3,"x2_sq, x3_sq, x1_x3",3,4,0.6481684681371418,0.6863181312569521,0.6166666666666667,0.5818181818181818
main + x2_sq + x3_sq + x2_x3,"x2_sq, x3_sq, x2_x3",3,4,0.5854254748363769,0.7563959955506118,0.65,0.6181818181818182
main + x2_sq + x1_x2 + x1_x3,"x2_sq, x1_x2, x1_x3",3,4,0.6384366825058758,0.6952169076751946,0.6,0.5714285714285714
main + x2_sq + x1_x2 + x2_x3,"x2_sq, x1_x2, x2_x3",3,4,0.5792120442231322,0.7597330367074527,0.6833333333333333,0.6545454545454545
main + x2_sq + x1_x3 + x2_x3,"x2_sq, x1_x3, x2_x3",3,4,0.5808527569195979,0.7530589543937709,0.6833333333333333,0.6545454545454545
main + x3_sq + x1_x2 + x1_x3,"x3_sq, x1_x2, x1_x3",3,4,0.6379908091822531,0.696329254727475,0.6666666666666666,0.6428571428571429
main + x3_sq + x1_x2 + x2_x3,"x3_sq, x1_x2, x2_x3",3,4,0.5830659863479334,0.7608453837597331,0.6166666666666667,0.5964912280701754
main + x3_sq + x1_x3 + x2_x3,"x3_sq, x1_x3, x2_x3",3,4,0.5828843710257805,0.7652947719688542,0.65,0.6181818181818182
main + x1_x2 + x1_x3 + x2_x3,"x1_x2, x1_x3, x2_x3",3,4,0.5758200148609602,0.7552836484983315,0.7166666666666667,0.6792452830188679
main + x1_sq + x2_sq + x3_sq + x1_x2,"x1_sq, x2_sq, x3_sq, x1_x2",4,4,0.6784002740768132,0.657397107897664,0.6166666666666667,0.6349206349206349
main + x1_sq + x2_sq + x3_sq + x1_x3,"x1_sq, x2_sq, x3_sq, x1_x3",4,4,0.6986800762895561,0.657397107897664,0.6333333333333333,0.6333333333333333
main + x1_sq + x2_sq + x3_sq + x2_x3,"x1_sq, x2_sq, x3_sq, x2_x3",4,4,0.5858654401597673,0.7764182424916575,0.6666666666666666,0.6551724137931034
main + x1_sq + x2_sq + x1_x2 + x1_x3,"x1_sq, x2_sq, x1_x2, x1_x3",4,4,0.6751402338352601,0.6596218020022248,0.6,0.6
main + x1_sq + x2_sq + x1_x2 + x2_x3,"x1_sq, x2_sq, x1_x2, x2_x3",4,4,0.5806916063444021,0.7797552836484983,0.6666666666666666,0.6551724137931034
main + x1_sq + x2_sq + x1_x3 + x2_x3,"x1_sq, x2_sq, x1_x3, x2_x3",4,4,0.5864986025131529,0.7619577308120133,0.6833333333333333,0.6545454545454545
main + x1_sq + x3_sq + x1_x2 + x1_x3,"x1_sq, x3_sq, x1_x2, x1_x3",4,4,0.6784894925136213,0.6763070077864294,0.65,0.6666666666666666
main + x1_sq + x3_sq + x1_x2 + x2_x3,"x1_sq, x3_sq, x1_x2, x2_x3",4,4,0.5799127934829187,0.7786429365962181,0.6666666666666666,0.6666666666666666
main + x1_sq + x3_sq + x1_x3 + x2_x3,"x1_sq, x3_sq, x1_x3, x2_x3",4,4,0.5850318359066767,0.7764182424916575,0.6666666666666666,0.6666666666666666
main + x1_sq + x1_x2 + x1_x3 + x2_x3,"x1_sq, x1_x2, x1_x3, x2_x3",4,4,0.5766061106129633,0.778642936596218,0.6833333333333333,0.6666666666666666
main + x2_sq + x3_sq + x1_x2 + x1_x3,"x2_sq, x3_sq, x1_x2, x1_x3",4,4,0.6455321334306371,0.6874304783092325,0.6166666666666667,0.5818181818181818
main + x2_sq + x3_sq + x1_x2 + x2_x3,"x2_sq, x3_sq, x1_x2, x2_x3",4,4,0.5850666406618398,0.7597330367074527,0.6333333333333333,0.6071428571428571
main + x2_sq + x3_sq + x1_x3 + x2_x3,"x2_sq, x3_sq, x1_x3, x2_x3",4,4,0.5866575812461489,0.7597330367074527,0.6333333333333333,0.6071428571428571
main + x2_sq + x1_x2 + x1_x3 + x2_x3,"x2_sq, x1_x2, x1_x3, x2_x3",4,4,0.5805636409106947,0.7597330367074527,0.7,0.6666666666666666
main + x3_sq + x1_x2 + x1_x3 + x2_x3,"x3_sq, x1_x2, x1_x3, x2_x3",4,4,0.5828628205220354,0.7652947719688543,0.65,0.6181818181818182
main + x1_sq + x2_sq + x3_sq + x1_x2 + x1_x3,"x1_sq, x2_sq, x3_sq, x1_x2, x1_x3",5,4,0.6941664204174264,0.6640711902113459,0.6166666666666667,0.6101694915254238
main + x1_sq + x2_sq + x3_sq + x1_x2 + x2_x3,"x1_sq, x2_sq, x3_sq, x1_x2, x2_x3",5,4,0.5850071587201652,0.7786429365962181,0.6666666666666666,0.6551724137931034
main + x1_sq + x2_sq + x3_sq + x1_x3 + x2_x3,"x1_sq, x2_sq, x3_sq, x1_x3, x2_x3",5,4,0.5942928677263176,0.7619577308120133,0.65,0.631578947368421
main + x1_sq + x2_sq + x1_x2 + x1_x3 + x2_x3,"x1_sq, x2_sq, x1_x2, x1_x3, x2_x3",5,4,0.5851234119613148,0.7697441601779755,0.65,0.631578947368421
main + x1_sq + x3_sq + x1_x2 + x1_x3 + x2_x3,"x1_sq, x3_sq, x1_x2, x1_x3, x2_x3",5,4,0.5836119250358739,0.7753058954393771,0.65,0.6440677966101694
main + x2_sq + x3_sq + x1_x2 + x1_x3 + x2_x3,"x2_sq, x3_sq, x1_x2, x1_x3, x2_x3",5,4,0.5856246140869469,0.7597330367074527,0.65,0.6181818181818182
main + x1_sq + x2_sq + x3_sq + x1_x2 + x1_x3 + x2_x3,"x1_sq, x2_sq, x3_sq, x1_x2, x1_x3, x2_x3",6,4,0.5904087075410505,0.7708565072302559,0.65,0.631578947368421
main effects only,none,0,5,0.6459860998488397,0.6640711902113459,0.55,0.509090909090909
main + x1_sq,x1_sq,1,5,0.6325130696487182,0.6696329254727476,0.6166666666666667,0.6101694915254238
main + x2_sq,x2_sq,1,5,0.648437043953742,0.6674082313681868,0.5666666666666667,0.5185185185185185
main + x3_sq,x3_sq,1,5,0.6431615619738912,0.6685205784204672,0.55,0.509090909090909
main + x1_x2,x1_x2,1,5,0.646053785239566,0.6640711902113459,0.55,0.509090909090909
main + x1_x3,x1_x3,1,5,0.6428395299114981,0.660734149054505,0.5666666666666667,0.5185185185185185
main + x2_x3,x2_x3,1,5,0.563970442233961,0.7797552836484983,0.7,0.6785714285714286
main + x1_sq + x2_sq,"x1_sq, x2_sq",2,5,0.6333581205246851,0.6651835372636263,0.6166666666666667,0.6101694915254238
main + x1_sq + x3_sq,"x1_sq, x3_sq",2,5,0.6297780615863985,0.6740823136818688,0.5833333333333334,0.576271186440678
main + x1_sq + x1_x2,"x1_sq, x1_x2",2,5,0.6324813951245147,0.6696329254727476,0.6166666666666667,0.6101694915254238
main + x1_sq + x1_x3,"x1_sq, x1_x3",2,5,0.6293371639713345,0.671857619577308,0.6333333333333333,0.6333333333333333
main + x1_sq + x2_x3,"x1_sq, x2_x3",2,5,0.5563739410584284,0.7975528364849833,0.7,0.6896551724137931
main + x2_sq + x3_sq,"x2_sq, x3_sq",2,5,0.6459966681317622,0.6674082313681869,0.55,0.509090909090909
main + x2_sq + x1_x2,"x2_sq, x1_x2",2,5,0.648586150308288,0.6662958843159066,0.5666666666666667,0.5185185185185185
main + x2_sq + x1_x3,"x2_sq, x1_x3",2,5,0.6449367868177865,0.6585094549499444,0.5666666666666667,0.5
main + x2_sq + x2_x3,"x2_sq, x2_x3",2,5,0.5629543537894134,0.7819799777530589,0.7,0.6785714285714286
main + x3_sq + x1_x2,"x3_sq, x1_x2",2,5,0.6442328284281007,0.6696329254727474,0.55,0.509090909090909
main + x3_sq + x1_x3,"x3_sq, x1_x3",2,5,0.6392067933675933,0.664071190211346,0.5666666666666667,0.5185185185185185
main + x3_sq + x2_x3,"x3_sq, x2_x3",2,5,0.5716139039570101,0.7875417130144604,0.7,0.6785714285714286
main + x1_x2 + x1_x3,"x1_x2, x1_x3",2,5,0.6406604562521326,0.6629588431590656,0.5666666666666667,0.5185185185185185
main + x1_x2 + x2_x3,"x1_x2, x2_x3",2,5,0.5588203809423054,0.7875417130144605,0.7,0.6785714285714286
main + x1_x3 + x2_x3,"x1_x3, x2_x3",2,5,0.5602376758384638,0.7864293659621803,0.6833333333333333,0.6545454545454545
main + x1_sq + x2_sq + x3_sq,"x1_sq, x2_sq, x3_sq",3,5,0.631083048726333,0.6718576195773082,0.6,0.6
main + x1_sq + x2_sq + x1_x2,"x1_sq, x2_sq, x1_x2",3,5,0.6334421250207962,0.6651835372636263,0.6166666666666667,0.6101694915254238
main + x1_sq + x2_sq + x1_x3,"x1_sq, x2_sq, x1_x3",3,5,0.6299218106115396,0.6707452725250278,0.6333333333333333,0.6333333333333333
main + x1_sq + x2_sq + x2_x3,"x1_sq, x2_sq, x2_x3",3,5,0.5511447937412314,0.8053392658509455,0.6833333333333333,0.6779661016949152
main + x1_sq + x3_sq + x1_x2,"x1_sq, x3_sq, x1_x2",3,5,0.6303309912927291,0.6740823136818688,0.5833333333333334,0.576271186440678
main + x1_sq + x3_sq + x1_x3,"x1_sq, x3_sq, x1_x3",3,5,0.6258120293425763,0.6774193548387097,0.5833333333333334,0.576271186440678
main + x1_sq + x3_sq + x2_x3,"x1_sq, x3_sq, x2_x3",3,5,0.5651005222861215,0.7986651835372636,0.7166666666666667,0.711864406779661
main + x1_sq + x1_x2 + x1_x3,"x1_sq, x1_x2, x1_x3",3,5,0.6262679981279732,0.6829810901001112,0.6333333333333333,0.6333333333333333
main + x1_sq + x1_x2 + x2_x3,"x1_sq, x1_x2, x2_x3",3,5,0.5530500838332869,0.7986651835372637,0.7166666666666667,0.7017543859649122
main + x1_sq + x1_x3 + x2_x3,"x1_sq, x1_x3, x2_x3",3,5,0.5527834277358882,0.7953281423804226,0.6833333333333333,0.6666666666666666
main + x2_sq + x3_sq + x1_x2,"x2_sq, x3_sq, x1_x2",3,5,0.6472039454358576,0.6674082313681868,0.55,0.509090909090909
main + x2_sq + x3_sq + x1_x3,"x2_sq, x3_sq, x1_x3",3,5,0.6417101439543677,0.664071190211346,0.55,0.509090909090909
main + x2_sq + x3_sq + x2_x3,"x2_sq, x3_sq, x2_x3",3,5,0.5754598081709699,0.7842046718576194,0.7,0.6785714285714286
main + x2_sq + x1_x2 + x1_x3,"x2_sq, x1_x2, x1_x3",3,5,0.6426508456445533,0.6618464961067854,0.5666666666666667,0.5
main + x2_sq + x1_x2 + x2_x3,"x2_sq, x1_x2, x2_x3",3,5,0.5574535705803132,0.7886540600667408,0.7,0.6785714285714286
main + x2_sq + x1_x3 + x2_x3,"x2_sq, x1_x3, x2_x3",3,5,0.5582718390044615,0.7842046718576196,0.7,0.6785714285714286
main + x3_sq + x1_x2 + x1_x3,"x3_sq, x1_x2, x1_x3",3,5,0.6377323897078395,0.6674082313681868,0.5666666666666667,0.5185185185185185
main + x3_sq + x1_x2 + x2_x3,"x3_sq, x1_x2, x2_x3",3,5,0.5673692326215065,0.789766407119021,0.7166666666666667,0.6909090909090909
main + x3_sq + x1_x3 + x2_x3,"x3_sq, x1_x3, x2_x3",3,5,0.5686483130602061,0.7886540600667409,0.6833333333333333,0.6545454545454545
main + x1_x2 + x1_x3 + x2_x3,"x1_x2, x1_x3, x2_x3",3,5,0.5540123701874768,0.7897664071190211,0.7,0.6785714285714286
main + x1_sq + x2_sq + x3_sq + x1_x2,"x1_sq, x2_sq, x3_sq, x1_x2",4,5,0.6318831761442774,0.6696329254727474,0.6,0.6
main + x1_sq + x2_sq + x3_sq + x1_x3,"x1_sq, x2_sq, x3_sq, x1_x3",4,5,0.6268667419190594,0.6763070077864294,0.5833333333333334,0.576271186440678
main + x1_sq + x2_sq + x3_sq + x2_x3,"x1_sq, x2_sq, x3_sq, x2_x3",4,5,0.5629267216611858,0.8008898776418243,0.7166666666666667,0.711864406779661
main + x1_sq + x2_sq + x1_x2 + x1_x3,"x1_sq, x2_sq, x1_x2, x1_x3",4,5,0.6265703101009942,0.6796440489432702,0.6333333333333333,0.6333333333333333
main + x1_sq + x2_sq + x1_x2 + x2_x3,"x1_sq, x2_sq, x1_x2, x2_x3",4,5,0.5477653798582198,0.8031145717463849,0.7,0.6896551724137931
main + x1_sq + x2_sq + x1_x3 + x2_x3,"x1_sq, x2_sq, x1_x3, x2_x3",4,5,0.5470513848256034,0.8020022246941044,0.7,0.6896551724137931
main + x1_sq + x3_sq + x1_x2 + x1_x3,"x1_sq, x3_sq, x1_x2, x1_x3",4,5,0.6233166664842906,0.67853170189099,0.5833333333333334,0.576271186440678
main + x1_sq + x3_sq + x1_x2 + x2_x3,"x1_sq, x3_sq, x1_x2, x2_x3",4,5,0.5629832149775713,0.7986651835372636,0.7166666666666667,0.711864406779661
main + x1_sq + x3_sq + x1_x3 + x2_x3,"x1_sq, x3_sq, x1_x3, x2_x3",4,5,0.5621523594037939,0.7942157953281423,0.7166666666666667,0.7017543859649122
main + x1_sq + x1_x2 + x1_x3 + x2_x3,"x1_sq, x1_x2, x1_x3, x2_x3",4,5,0.546828323882114,0.8031145717463848,0.7166666666666667,0.7017543859649122
main + x2_sq + x3_sq + x1_x2 + x1_x3,"x2_sq, x3_sq, x1_x2, x1_x3",4,5,0.6401794868704639,0.6662958843159066,0.55,0.509090909090909
main + x2_sq + x3_sq + x1_x2 + x2_x3,"x2_sq, x3_sq, x1_x2, x2_x3",4,5,0.5705548955179537,0.7853170189098997,0.7166666666666667,0.6909090909090909
main + x2_sq + x3_sq + x1_x3 + x2_x3,"x2_sq, x3_sq, x1_x3, x2_x3",4,5,0.5715309725594981,0.7875417130144604,0.6833333333333333,0.6545454545454545
main + x2_sq + x1_x2 + x1_x3 + x2_x3,"x2_sq, x1_x2, x1_x3, x2_x3",4,5,0.5518816421341558,0.7919911012235817,0.7,0.6785714285714286
main + x3_sq + x1_x2 + x1_x3 + x2_x3,"x3_sq, x1_x2, x1_x3, x2_x3",4,5,0.5628238029423402,0.7942157953281423,0.7,0.6666666666666666
main + x1_sq + x2_sq + x3_sq + x1_x2 + x1_x3,"x1_sq, x2_sq, x3_sq, x1_x2, x1_x3",5,5,0.6242077892552792,0.6774193548387097,0.5833333333333334,0.576271186440678
main + x1_sq + x2_sq + x3_sq + x1_x2 + x2_x3,"x1_sq, x2_sq, x3_sq, x1_x2, x2_x3",5,5,0.5606534646053949,0.8020022246941046,0.7166666666666667,0.711864406779661
main + x1_sq + x2_sq + x3_sq + x1_x3 + x2_x3,"x1_sq, x2_sq, x3_sq, x1_x3, x2_x3",5,5,0.5597601727923063,0.7997775305895439,0.7166666666666667,0.7017543859649122
main + x1_sq + x2_sq + x1_x2 + x1_x3 + x2_x3,"x1_sq, x2_sq, x1_x2, x1_x3, x2_x3",5,5,0.5415259933825022,0.8031145717463848,0.7166666666666667,0.7017543859649122
main + x1_sq + x3_sq + x1_x2 + x1_x3 + x2_x3,"x1_sq, x3_sq, x1_x2, x1_x3, x2_x3",5,5,0.5562207662112182,0.8031145717463849,0.7166666666666667,0.7017543859649122
main + x2_sq + x3_sq + x1_x2 + x1_x3 + x2_x3,"x2_sq, x3_sq, x1_x2, x1_x3, x2_x3",5,5,0.5650598269170218,0.7908787541713014,0.7,0.6666666666666666
main + x1_sq + x2_sq + x3_sq + x1_x2 + x1_x3 + x2_x3,"x1_sq, x2_sq, x3_sq, x1_x2, x1_x3, x2_x3",6,5,0.5539903905943018,0.8075639599555061,0.7166666666666667,0.7017543859649122
main effects only,none,0,6,0.642579298483514,0.6685267857142857,0.5666666666666667,0.5517241379310345
main + x1_sq,x1_sq,1,6,0.6334894013422531,0.6629464285714286,0.6333333333333333,0.6764705882352942
main + x2_sq,x2_sq,1,6,0.6420354024815771,0.6685267857142857,0.55,0.5423728813559322
main + x3_sq,x3_sq,1,6,0.6407505875962072,0.6796875,0.6,0.6
main + x1_x2,x1_x2,1,6,0.6483326765200507,0.6774553571428572,0.5666666666666667,0.5517241379310345
main + x1_x3,x1_x3,1,6,0.6396022520798653,0.6964285714285714,0.5666666666666667,0.5517241379310345
main + x2_x3,x2_x3,1,6,0.5915064974594461,0.7645089285714285,0.6666666666666666,0.6666666666666666
main + x1_sq + x2_sq,"x1_sq, x2_sq",2,6,0.6332987631763983,0.6685267857142858,0.6166666666666667,0.6567164179104478
main + x1_sq + x3_sq,"x1_sq, x3_sq",2,6,0.6320707938049746,0.671875,0.6333333333333333,0.6666666666666666
main + x1_sq + x1_x2,"x1_sq, x1_x2",2,6,0.6380825786075852,0.6707589285714286,0.6333333333333333,0.6764705882352942
main + x1_sq + x1_x3,"x1_sq, x1_x3",2,6,0.6285580610956387,0.6930803571428571,0.6333333333333333,0.6764705882352942
main + x1_sq + x2_x3,"x1_sq, x2_x3",2,6,0.5751614423540687,0.7745535714285714,0.6833333333333333,0.6885245901639344
main + x2_sq + x3_sq,"x2_sq, x3_sq",2,6,0.6403346538487509,0.6863839285714286,0.6,0.6
main + x2_sq + x1_x2,"x2_sq, x1_x2",2,6,0.6481688586601525,0.6696428571428572,0.5666666666666667,0.5517241379310345
main + x2_sq + x1_x3,"x2_sq, x1_x3",2,6,0.6389029793766877,0.6930803571428572,0.5666666666666667,0.5517241379310345
main + x2_sq + x2_x3,"x2_sq, x2_x3",2,6,0.5907108834818309,0.7611607142857142,0.6833333333333333,0.6885245901639344
main + x3_sq + x1_x2,"x3_sq, x1_x2",2,6,0.6466733307231711,0.6741071428571429,0.6166666666666667,0.6101694915254238
main + x3_sq + x1_x3,"x3_sq, x1_x3",2,6,0.6371651956251588,0.7053571428571428,0.6166666666666667,0.6229508196721312
main + x3_sq + x2_x3,"x3_sq, x2_x3",2,6,0.6225207200301675,0.7645089285714285,0.6833333333333333,0.6984126984126984
main + x1_x2 + x1_x3,"x1_x2, x1_x3",2,6,0.6448432582040264,0.6975446428571428,0.55,0.5263157894736842
main + x1_x2 + x2_x3,"x1_x2, x2_x3",2,6,0.5979892911188214,0.7633928571428572,0.6666666666666666,0.6666666666666666
main + x1_x3 + x2_x3,"x1_x3, x2_x3",2,6,0.5886489607101676,0.7667410714285714,0.65,0.6557377049180327
main + x1_sq + x2_sq + x3_sq,"x1_sq, x2_sq, x3_sq",3,6,0.6318000555631091,0.6707589285714286,0.6666666666666666,0.7058823529411765
main + x1_sq + x2_sq + x1_x2,"x1_sq, x2_sq, x1_x2",3,6,0.6384047616015305,0.6618303571428571,0.6666666666666666,0.7142857142857143
main + x1_sq + x2_sq + x1_x3,"x1_sq, x2_sq, x1_x3",3,6,0.6280849570967105,0.6819196428571428,0.6333333333333333,0.6764705882352942
main + x1_sq + x2_sq + x2_x3,"x1_sq, x2_sq, x2_x3",3,6,0.5737568093962468,0.7767857142857143,0.6833333333333333,0.6885245901639344
main + x1_sq + x3_sq + x1_x2,"x1_sq, x3_sq, x1_x2",3,6,0.6367652634522385,0.6741071428571429,0.65,0.6865671641791045
main + x1_sq + x3_sq + x1_x3,"x1_sq, x3_sq, x1_x3",3,6,0.6262596544090772,0.7008928571428572,0.6333333333333333,0.65625
main + x1_sq + x3_sq + x2_x3,"x1_sq, x3_sq, x2_x3",3,6,0.607815150802017,0.7756696428571428,0.6833333333333333,0.6984126984126984
main + x1_sq + x1_x2 + x1_x3,"x1_sq, x1_x2, x1_x3",3,6,0.6329249971542711,0.6908482142857143,0.6333333333333333,0.6764705882352942
main + x1_sq + x1_x2 + x2_x3,"x1_sq, x1_x2, x2_x3",3,6,0.5824706682555237,0.7712053571428572,0.7166666666666667,0.711864406779661
main + x1_sq + x1_x3 + x2_x3,"x1_sq, x1_x3, x2_x3",3,6,0.5722025294840578,0.7756696428571429,0.6833333333333333,0.6885245901639344
main + x2_sq + x3_sq + x1_x2,"x2_sq, x3_sq, x1_x2",3,6,0.6465086231090054,0.6774553571428572,0.6166666666666667,0.6101694915254238
main + x2_sq + x3_sq + x1_x3,"x2_sq, x3_sq, x1_x3",3,6,0.6366414100075133,0.7087053571428572,0.6166666666666667,0.6229508196721312
main + x2_sq + x3_sq + x2_x3,"x2_sq, x3_sq, x2_x3",3,6,0.6218597456058499,0.765625,0.6833333333333333,0.6984126984126984
main + x2_sq + x1_x2 + x1_x3,"x2_sq, x1_x2, x1_x3",3,6,0.6445794991398357,0.6964285714285714,0.5833333333333334,0.5614035087719298
main + x2_sq + x1_x2 + x2_x3,"x2_sq, x1_x2, x2_x3",3,6,0.5970053626830516,0.765625,0.6833333333333333,0.6885245901639344
main + x2_sq + x1_x3 + x2_x3,"x2_sq, x1_x3, x2_x3",3,6,0.5878731675730734,0.7678571428571429,0.6666666666666666,0.6774193548387096
main + x3_sq + x1_x2 + x1_x3,"x3_sq, x1_x2, x1_x3",3,6,0.6430129493208715,0.7042410714285714,0.6333333333333333,0.6206896551724138
main + x3_sq + x1_x2 + x2_x3,"x3_sq, x1_x2, x2_x3",3,6,0.6277680816841038,0.7689732142857143,0.7,0.7096774193548387
main + x3_sq + x1_x3 + x2_x3,"x3_sq, x1_x3, x2_x3",3,6,0.6238769562127519,0.7712053571428571,0.6833333333333333,0.6984126984126984
main + x1_x2 + x1_x3 + x2_x3,"x1_x2, x1_x3, x2_x3",3,6,0.5952029435959572,0.7656249999999999,0.6833333333333333,0.6779661016949152
main + x1_sq + x2_sq + x3_sq + x1_x2,"x1_sq, x2_sq, x3_sq, x1_x2",4,6,0.6368977419748186,0.6741071428571428,0.6666666666666666,0.7058823529411765
main + x1_sq + x2_sq + x3_sq + x1_x3,"x1_sq, x2_sq, x3_sq, x1_x3",4,6,0.6257341881673714,0.7020089285714286,0.6833333333333333,0.7076923076923077
main + x1_sq + x2_sq + x3_sq + x2_x3,"x1_sq, x2_sq, x3_sq, x2_x3",4,6,0.606292300239398,0.7734375,0.6833333333333333,0.6984126984126984
main + x1_sq + x2_sq + x1_x2 + x1_x3,"x1_sq, x2_sq, x1_x2, x1_x3",4,6,0.6330183010124713,0.6830357142857143,0.6666666666666666,0.7058823529411765
main + x1_sq + x2_sq + x1_x2 + x2_x3,"x1_sq, x2_sq, x1_x2, x2_x3",4,6,0.5806253602019277,0.7734375000000001,0.7,0.7
main + x1_sq + x2_sq + x1_x3 + x2_x3,"x1_sq, x2_sq, x1_x3, x2_x3",4,6,0.5709021074864778,0.7767857142857142,0.6833333333333333,0.6885245901639344
main + x1_sq + x3_sq + x1_x2 + x1_x3,"x1_sq, x3_sq, x1_x2, x1_x3",4,6,0.6312014599200072,0.7042410714285714,0.6833333333333333,0.7076923076923077
main + x1_sq + x3_sq + x1_x2 + x2_x3,"x1_sq, x3_sq, x1_x2, x2_x3",4,6,0.6138169192274695,0.7689732142857143,0.7,0.7096774193548387
main + x1_sq + x3_sq + x1_x3 + x2_x3,"x1_sq, x3_sq, x1_x3, x2_x3",4,6,0.6092594198019502,0.7767857142857143,0.6833333333333333,0.6984126984126984
main + x1_sq + x1_x2 + x1_x3 + x2_x3,"x1_sq, x1_x2, x1_x3, x2_x3",4,6,0.5788134078891027,0.7689732142857142,0.7333333333333333,0.7333333333333333
main + x2_sq + x3_sq + x1_x2 + x1_x3,"x2_sq, x3_sq, x1_x2, x1_x3",4,6,0.6427688139802084,0.703125,0.6333333333333333,0.6333333333333333
main + x2_sq + x3_sq + x1_x2 + x2_x3,"x2_sq, x3_sq, x1_x2, x2_x3",4,6,0.6272791225616683,0.7700892857142857,0.7,0.7096774193548387
main + x2_sq + x3_sq + x1_x3 + x2_x3,"x2_sq, x3_sq, x1_x3, x2_x3",4,6,0.6232622886911088,0.7700892857142858,0.6833333333333333,0.6984126984126984
main + x2_sq + x1_x2 + x1_x3 + x2_x3,"x2_sq, x1_x2, x1_x3, x2_x3",4,6,0.5940605833474281,0.7678571428571429,0.7,0.7
main + x3_sq + x1_x2 + x1_x3 + x2_x3,"x3_sq, x1_x2, x1_x3, x2_x3",4,6,0.629698473730173,0.765625,0.7,0.7096774193548387
main + x1_sq + x2_sq + x3_sq + x1_x2 + x1_x3,"x1_sq, x2_sq, x3_sq, x1_x2, x1_x3",5,6,0.6310889679579899,0.7064732142857143,0.6833333333333333,0.7076923076923077
main + x1_sq + x2_sq + x3_sq + x1_x2 + x2_x3,"x1_sq, x2_sq, x3_sq, x1_x2, x2_x3",5,6,0.6121553239309763,0.7678571428571429,0.7,0.7096774193548387
main + x1_sq + x2_sq + x3_sq + x1_x3 + x2_x3,"x1_sq, x2_sq, x3_sq, x1_x3, x2_x3",5,6,0.6079818886515629,0.78125,0.7,0.71875
main + x1_sq + x2_sq + x1_x2 + x1_x3 + x2_x3,"x1_sq, x2_sq, x1_x2, x1_x3, x2_x3",5,6,0.5770767059077195,0.7667410714285714,0.7333333333333333,0.7333333333333333
main + x1_sq + x3_sq + x1_x2 + x1_x3 + x2_x3,"x1_sq, x3_sq, x1_x2, x1_x3, x2_x3",5,6,0.6158578280277661,0.7767857142857144,0.7,0.7096774193548387
main + x2_sq + x3_sq + x1_x2 + x1_x3 + x2_x3,"x2_sq, x3_sq, x1_x2, x1_x3, x2_x3",5,6,0.6292155988222425,0.765625,0.7,0.7096774193548387
main + x1_sq + x2_sq + x3_sq + x1_x2 + x1_x3 + x2_x3,"x1_sq, x2_sq, x3_sq, x1_x2, x1_x3, x2_x3",6,6,0.6145051105630566,0.7756696428571428,0.7166666666666667,0.7301587301587301
main effects only,none,0,7,0.6811696466317757,0.671875,0.6166666666666667,0.5490196078431373
main + x1_sq,x1_sq,1,7,0.6566843270864163,0.6696428571428572,0.6666666666666666,0.6296296296296297
main + x2_sq,x2_sq,1,7,0.6808505852656356,0.671875,0.6166666666666667,0.5490196078431373
main + x3_sq,x3_sq,1,7,0.7001553470607085,0.6618303571428571,0.6666666666666666,0.6296296296296297
main + x1_x2,x1_x2,1,7,0.679582954227119,0.6707589285714286,0.6166666666666667,0.5490196078431373
main + x1_x3,x1_x3,1,7,0.6757830320632826,0.6796875,0.6166666666666667,0.5490196078431373
main + x2_x3,x2_x3,1,7,0.6135142524270784,0.7488839285714286,0.7333333333333333,0.6923076923076923
main + x1_sq + x2_sq,"x1_sq, x2_sq",2,7,0.6562917871198644,0.6707589285714286,0.6666666666666666,0.6296296296296297
main + x1_sq + x3_sq,"x1_sq, x3_sq",2,7,0.6758674002445165,0.6618303571428572,0.6666666666666666,0.6296296296296297
main + x1_sq + x1_x2,"x1_sq, x1_x2",2,7,0.6535745833910812,0.6685267857142857,0.6666666666666666,0.6296296296296297
main + x1_sq + x1_x3,"x1_sq, x1_x3",2,7,0.6529949304932214,0.6785714285714286,0.65,0.6037735849056604
main + x1_sq + x2_x3,"x1_sq, x2_x3",2,7,0.5842566915908366,0.7823660714285714,0.75,0.7169811320754716
main + x2_sq + x3_sq,"x2_sq, x3_sq",2,7,0.700987762405775,0.6607142857142857,0.6666666666666666,0.6296296296296297
main + x2_sq + x1_x2,"x2_sq, x1_x2",2,7,0.6794291204798775,0.6729910714285714,0.6166666666666667,0.5490196078431373
main + x2_sq + x1_x3,"x2_sq, x1_x3",2,7,0.6753434617280296,0.6808035714285714,0.6166666666666667,0.5490196078431373
main + x2_sq + x2_x3,"x2_sq, x2_x3",2,7,0.6144543674116508,0.7455357142857143,0.7166666666666667,0.6666666666666666
main + x3_sq + x1_x2,"x3_sq, x1_x2",2,7,0.700498678562697,0.6618303571428571,0.6666666666666666,0.6296296296296297
main + x3_sq + x1_x3,"x3_sq, x1_x3",2,7,0.698633913139409,0.6573660714285714,0.6666666666666666,0.6296296296296297
main + x3_sq + x2_x3,"x3_sq, x2_x3",2,7,0.6099251678445908,0.7455357142857142,0.7166666666666667,0.6666666666666666
main + x1_x2 + x1_x3,"x1_x2, x1_x3",2,7,0.6726867056248339,0.6863839285714286,0.6166666666666667,0.5490196078431373
main + x1_x2 + x2_x3,"x1_x2, x2_x3",2,7,0.6093819220319692,0.7589285714285714,0.7333333333333333,0.68
main + x1_x3 + x2_x3,"x1_x3, x2_x3",2,7,0.6108092798324128,0.7555803571428572,0.7333333333333333,0.6923076923076923
main + x1_sq + x2_sq + x3_sq,"x1_sq, x2_sq, x3_sq",3,7,0.6766491549043997,0.6618303571428572,0.6666666666666666,0.6296296296296297
main + x1_sq + x2_sq + x1_x2,"x1_sq, x2_sq, x1_x2",3,7,0.6534054607938483,0.6707589285714286,0.6666666666666666,0.6296296296296297
main + x1_sq + x2_sq + x1_x3,"x1_sq, x2_sq, x1_x3",3,7,0.6525082225957385,0.6774553571428572,0.65,0.6037735849056604
main + x1_sq + x2_sq + x2_x3,"x1_sq, x2_sq, x2_x3",3,7,0.5829269186400741,0.7801339285714286,0.7166666666666667,0.6792452830188679
main + x1_sq + x3_sq + x1_x2,"x1_sq, x3_sq, x1_x2",3,7,0.6744701500060282,0.6640625,0.6666666666666666,0.6296296296296297
main + x1_sq + x3_sq + x1_x3,"x1_sq, x3_sq, x1_x3",3,7,0.6771632271623553,0.6573660714285714,0.6666666666666666,0.6428571428571429
main + x1_sq + x3_sq + x2_x3,"x1_sq, x3_sq, x2_x3",3,7,0.5787660182052269,0.7823660714285714,0.7333333333333333,0.7037037037037037
main + x1_sq + x1_x2 + x1_x3,"x1_sq, x1_x2, x1_x3",3,7,0.6467693156318327,0.6819196428571429,0.6666666666666666,0.6296296296296297
main + x1_sq + x1_x2 + x2_x3,"x1_sq, x1_x2, x2_x3",3,7,0.5826980234257169,0.7845982142857143,0.75,0.7169811320754716
main + x1_sq + x1_x3 + x2_x3,"x1_sq, x1_x3, x2_x3",3,7,0.582356672220415,0.7857142857142857,0.7333333333333333,0.6923076923076923
main + x2_sq + x3_sq + x1_x2,"x2_sq, x3_sq, x1_x2",3,7,0.7011188216994415,0.6607142857142857,0.6666666666666666,0.6296296296296297
main + x2_sq + x3_sq + x1_x3,"x2_sq, x3_sq, x1_x3",3,7,0.6994635201265538,0.6540178571428571,0.6666666666666666,0.6296296296296297
main + x2_sq + x3_sq + x2_x3,"x2_sq, x3_sq, x2_x3",3,7,0.6105039176322047,0.7455357142857142,0.7166666666666667,0.6666666666666666
main + x2_sq + x1_x2 + x1_x3,"x2_sq, x1_x2, x1_x3",3,7,0.6725155337942399,0.6863839285714286,0.6166666666666667,0.5490196078431373
main + x2_sq + x1_x2 + x2_x3,"x2_sq, x1_x2, x2_x3",3,7,0.6094616557212498,0.7555803571428572,0.7166666666666667,0.6666666666666666
main + x2_sq + x1_x3 + x2_x3,"x2_sq, x1_x3, x2_x3",3,7,0.6113029026900392,0.7511160714285714,0.7166666666666667,0.6666666666666666
main + x3_sq + x1_x2 + x1_x3,"x3_sq, x1_x2, x1_x3",3,7,0.6968497248241882,0.6573660714285714,0.6666666666666666,0.6296296296296297
main + x3_sq + x1_x2 + x2_x3,"x3_sq, x1_x2, x2_x3",3,7,0.6057119076248633,0.7589285714285713,0.7,0.6538461538461539
main + x3_sq + x1_x3 + x2_x3,"x3_sq, x1_x3, x2_x3",3,7,0.6075707885540473,0.7488839285714285,0.7166666666666667,0.6666666666666666
main + x1_x2 + x1_x3 + x2_x3,"x1_x2, x1_x3, x2_x3",3,7,0.6075237754008251,0.7566964285714285,0.7333333333333333,0.68
main + x1_sq + x2_sq + x3_sq + x1_x2,"x1_sq, x2_sq, x3_sq, x1_x2",4,7,0.6751500410253818,0.6629464285714286,0.6666666666666666,0.6296296296296297
main + x1_sq + x2_sq + x3_sq + x1_x3,"x1_sq, x2_sq, x3_sq, x1_x3",4,7,0.6779704309895487,0.6595982142857142,0.6666666666666666,0.6428571428571429
main + x1_sq + x2_sq + x3_sq + x2_x3,"x1_sq, x2_sq, x3_sq, x2_x3",4,7,0.5778007501575128,0.7767857142857142,0.6666666666666666,0.6296296296296297
main + x1_sq + x2_sq + x1_x2 + x1_x3,"x1_sq, x2_sq, x1_x2, x1_x3",4,7,0.6466466699047013,0.6819196428571429,0.6666666666666666,0.6296296296296297
main + x1_sq + x2_sq + x1_x2 + x2_x3,"x1_sq, x2_sq, x1_x2, x2_x3",4,7,0.5802671444150864,0.7857142857142857,0.75,0.7169811320754716
main + x1_sq + x2_sq + x1_x3 + x2_x3,"x1_sq, x2_sq, x1_x3, x2_x3",4,7,0.5805687521268532,0.78125,0.7333333333333333,0.6923076923076923
main + x1_sq + x3_sq + x1_x2 + x1_x3,"x1_sq, x3_sq, x1_x2, x1_x3",4,7,0.6718216883891975,0.6618303571428572,0.6666666666666666,0.6428571428571429
main + x1_sq + x3_sq + x1_x2 + x2_x3,"x1_sq, x3_sq, x1_x2, x2_x3",4,7,0.5769848449364078,0.7845982142857142,0.75,0.7169811320754716
main + x1_sq + x3_sq + x1_x3 + x2_x3,"x1_sq, x3_sq, x1_x3, x2_x3",4,7,0.5785335150246163,0.7756696428571428,0.7333333333333333,0.6923076923076923
main + x1_sq + x1_x2 + x1_x3 + x2_x3,"x1_sq, x1_x2, x1_x3, x2_x3",4,7,0.5824568863091499,0.7890625000000001,0.7333333333333333,0.6923076923076923
main + x2_sq + x3_sq + x1_x2 + x1_x3,"x2_sq, x3_sq, x1_x2, x1_x3",4,7,0.6976529818108993,0.65625,0.6666666666666666,0.6296296296296297
main + x2_sq + x3_sq + x1_x2 + x2_x3,"x2_sq, x3_sq, x1_x2, x2_x3",4,7,0.6058297995047023,0.7544642857142856,0.7,0.6538461538461539
main + x2_sq + x3_sq + x1_x3 + x2_x3,"x2_sq, x3_sq, x1_x3, x2_x3",4,7,0.6076881506273487,0.7511160714285714,0.7166666666666667,0.6666666666666666
main + x2_sq + x1_x2 + x1_x3 + x2_x3,"x2_sq, x1_x2, x1_x3, x2_x3",4,7,0.6067023134710199,0.7544642857142857,0.7333333333333333,0.68
main + x3_sq + x1_x2 + x1_x3 + x2_x3,"x3_sq, x1_x2, x1_x3, x2_x3",4,7,0.6042829066672325,0.7533482142857144,0.7333333333333333,0.68
main + x1_sq + x2_sq + x3_sq + x1_x2 + x1_x3,"x1_sq, x2_sq, x3_sq, x1_x2, x1_x3",5,7,0.6727966565523625,0.6607142857142857,0.6666666666666666,0.6428571428571429
main + x1_sq + x2_sq + x3_sq + x1_x2 + x2_x3,"x1_sq, x2_sq, x3_sq, x1_x2, x2_x3",5,7,0.5755291882027392,0.7868303571428571,0.7166666666666667,0.6666666666666666
main + x1_sq + x2_sq + x3_sq + x1_x3 + x2_x3,"x1_sq, x2_sq, x3_sq, x1_x3, x2_x3",5,7,0.5771407463675359,0.7756696428571429,0.7166666666666667,0.6666666666666666
main + x1_sq + x2_sq + x1_x2 + x1_x3 + x2_x3,"x1_sq, x2_sq, x1_x2, x1_x3, x2_x3",5,7,0.5795560608831866,0.7957589285714285,0.7333333333333333,0.6923076923076923
main + x1_sq + x3_sq + x1_x2 + x1_x3 + x2_x3,"x1_sq, x3_sq, x1_x2, x1_x3, x2_x3",5,7,0.5788191569250408,0.7767857142857143,0.7666666666666667,0.72
main + x2_sq + x3_sq + x1_x2 + x1_x3 + x2_x3,"x2_sq, x3_sq, x1_x2, x1_x3, x2_x3",5,7,0.6038193267320985,0.7544642857142857,0.7333333333333333,0.68
main + x1_sq + x2_sq + x3_sq + x1_x2 + x1_x3 + x2_x3,"x1_sq, x2_sq, x3_sq, x1_x2, x1_x3, x2_x3",6,7,0.5774054360807865,0.7779017857142857,0.75,0.6938775510204082
main effects only,none,0,8,0.629700209484547,0.6685267857142858,0.6166666666666667,0.5818181818181818
main + x1_sq,x1_sq,1,8,0.6798415885191117,0.5747767857142857,0.5333333333333333,0.5483870967741935
main + x2_sq,x2_sq,1,8,0.6291424414061608,0.6674107142857143,0.6166666666666667,0.5818181818181818
main + x3_sq,x3_sq,1,8,0.6303023861448248,0.6674107142857143,0.6166666666666667,0.5818181818181818
main + x1_x2,x1_x2,1,8,0.6374042766702345,0.6607142857142857,0.6166666666666667,0.5818181818181818
main + x1_x3,x1_x3,1,8,0.6187980394927095,0.6875,0.6166666666666667,0.5818181818181818
main + x2_x3,x2_x3,1,8,0.47918139228887513,0.8426339285714286,0.7166666666666667,0.6792452830188679
main + x1_sq + x2_sq,"x1_sq, x2_sq",2,8,0.6788508305393444,0.5758928571428572,0.5166666666666667,0.5245901639344263
main + x1_sq + x3_sq,"x1_sq, x3_sq",2,8,0.6787021532114692,0.5736607142857143,0.5333333333333333,0.5483870967741935
main + x1_sq + x1_x2,"x1_sq, x1_x2",2,8,0.6780752940133027,0.5669642857142857,0.55,0.5714285714285714
main + x1_sq + x1_x3,"x1_sq, x1_x3",2,8,0.6759080688606472,0.6272321428571429,0.5166666666666667,0.5245901639344263
main + x1_sq + x2_x3,"x1_sq, x2_x3",2,8,0.5030752727456449,0.828125,0.6833333333333333,0.6666666666666666
main + x2_sq + x3_sq,"x2_sq, x3_sq",2,8,0.6300317154342666,0.6662946428571428,0.6166666666666667,0.5818181818181818
main + x2_sq + x1_x2,"x2_sq, x1_x2",2,8,0.636984453936183,0.6618303571428571,0.6166666666666667,0.5818181818181818
main + x2_sq + x1_x3,"x2_sq, x1_x3",2,8,0.6179762722903425,0.6875,0.6166666666666667,0.5818181818181818
main + x2_sq + x2_x3,"x2_sq, x2_x3",2,8,0.4777586098672627,0.8426339285714286,0.7666666666666667,0.7307692307692307
main + x3_sq + x1_x2,"x3_sq, x1_x2",2,8,0.6399316303389478,0.65625,0.6333333333333333,0.5925925925925926
main + x3_sq + x1_x3,"x3_sq, x1_x3",2,8,0.6154716434428451,0.6886160714285714,0.6166666666666667,0.5818181818181818
main + x3_sq + x2_x3,"x3_sq, x2_x3",2,8,0.46701528720726126,0.8537946428571429,0.7666666666666667,0.72
main + x1_x2 + x1_x3,"x1_x2, x1_x3",2,8,0.6252968925997178,0.6875,0.6333333333333333,0.5925925925925926
main + x1_x2 + x2_x3,"x1_x2, x2_x3",2,8,0.4810561996047316,0.8459821428571429,0.75,0.7169811320754716
main + x1_x3 + x2_x3,"x1_x3, x2_x3",2,8,0.4745553907133111,0.84375,0.75,0.7058823529411765
main + x1_sq + x2_sq + x3_sq,"x1_sq, x2_sq, x3_sq",3,8,0.6780143392310366,0.5770089285714286,0.5333333333333333,0.5483870967741935
main + x1_sq + x2_sq + x1_x2,"x1_sq, x2_sq, x1_x2",3,8,0.6771599910786537,0.5680803571428571,0.5166666666666667,0.5245901639344263
main + x1_sq + x2_sq + x1_x3,"x1_sq, x2_sq, x1_x3",3,8,0.6748253895150804,0.6261160714285714,0.5166666666666667,0.5245901639344263
main + x1_sq + x2_sq + x2_x3,"x1_sq, x2_sq, x2_x3",3,8,0.49997573333483625,0.8225446428571429,0.6666666666666666,0.6428571428571429
main + x1_sq + x3_sq + x1_x2,"x1_sq, x3_sq, x1_x2",3,8,0.6785921241821721,0.5647321428571429,0.55,0.5714285714285714
main + x1_sq + x3_sq + x1_x3,"x1_sq, x3_sq, x1_x3",3,8,0.6701914363469997,0.6573660714285715,0.5666666666666667,0.5806451612903226
main + x1_sq + x3_sq + x2_x3,"x1_sq, x3_sq, x2_x3",3,8,0.48993368370437707,0.8404017857142857,0.7166666666666667,0.7017543859649122
main + x1_sq + x1_x2 + x1_x3,"x1_sq, x1_x2, x1_x3",3,8,0.6720817643007694,0.6127232142857143,0.55,0.5714285714285714
main + x1_sq + x1_x2 + x2_x3,"x1_sq, x1_x2, x2_x3",3,8,0.5015124368479876,0.8247767857142858,0.7,0.6896551724137931
main + x1_sq + x1_x3 + x2_x3,"x1_sq, x1_x3, x2_x3",3,8,0.49918098869037913,0.8292410714285714,0.6833333333333333,0.6666666666666666
main + x2_sq + x3_sq + x1_x2,"x2_sq, x3_sq, x1_x2",3,8,0.6395899826578518,0.6584821428571428,0.6333333333333333,0.5925925925925926
main + x2_sq + x3_sq + x1_x3,"x2_sq, x3_sq, x1_x3",3,8,0.6149618050476694,0.6930803571428571,0.6166666666666667,0.5818181818181818
main + x2_sq + x3_sq + x2_x3,"x2_sq, x3_sq, x2_x3",3,8,0.4673836367414412,0.8493303571428572,0.7833333333333333,0.7450980392156863
main + x2_sq + x1_x2 + x1_x3,"x2_sq, x1_x2, x1_x3",3,8,0.6245842793223777,0.6886160714285714,0.6333333333333333,0.5925925925925926
main + x2_sq + x1_x2 + x2_x3,"x2_sq, x1_x2, x2_x3",3,8,0.479791655764651,0.8470982142857143,0.75,0.7169811320754716
main + x2_sq + x1_x3 + x2_x3,"x2_sq, x1_x3, x2_x3",3,8,0.47277355827758866,0.8448660714285714,0.75,0.7058823529411765
main + x3_sq + x1_x2 + x1_x3,"x3_sq, x1_x2, x1_x3",3,8,0.6239537445163396,0.6886160714285714,0.6333333333333333,0.5925925925925926
main + x3_sq + x1_x2 + x2_x3,"x3_sq, x1_x2, x2_x3",3,8,0.4697123060485212,0.8515625,0.7833333333333333,0.7450980392156863
main + x3_sq + x1_x3 + x2_x3,"x3_sq, x1_x3, x2_x3",3,8,0.46008145864790895,0.859375,0.7666666666666667,0.72
main + x1_x2 + x1_x3 + x2_x3,"x1_x2, x1_x3, x2_x3",3,8,0.47547827078353877,0.8493303571428572,0.7666666666666667,0.7307692307692307
main + x1_sq + x2_sq + x3_sq + x1_x2,"x1_sq, x2_sq, x3_sq, x1_x2",4,8,0.677834196508946,0.5680803571428572,0.5166666666666667,0.5245901639344263
main + x1_sq + x2_sq + x3_sq + x1_x3,"x1_sq, x2_sq, x3_sq, x1_x3",4,8,0.6694285497528263,0.6629464285714286,0.5333333333333333,0.5333333333333333
main + x1_sq + x2_sq + x3_sq + x2_x3,"x1_sq, x2_sq, x3_sq, x2_x3",4,8,0.4894002481297424,0.8348214285714286,0.7,0.6785714285714286
main + x1_sq + x2_sq + x1_x2 + x1_x3,"x1_sq, x2_sq, x1_x2, x1_x3",4,8,0.6709274797223689,0.6205357142857142,0.5333333333333333,0.5483870967741935
main + x1_sq + x2_sq + x1_x2 + x2_x3,"x1_sq, x2_sq, x1_x2, x2_x3",4,8,0.49821413530956077,0.8270089285714285,0.6833333333333333,0.6666666666666666
main + x1_sq + x2_sq + x1_x3 + x2_x3,"x1_sq, x2_sq, x1_x3, x2_x3",4,8,0.49589435834751233,0.8236607142857143,0.6666666666666666,0.6428571428571429
main + x1_sq + x3_sq + x1_x2 + x1_x3,"x1_sq, x3_sq, x1_x2, x1_x3",4,8,0.6677835084956306,0.6417410714285714,0.5833333333333334,0.6031746031746031
main + x1_sq + x3_sq + x1_x2 + x2_x3,"x1_sq, x3_sq, x1_x2, x2_x3",4,8,0.4893621420935267,0.8392857142857143,0.7333333333333333,0.7241379310344828
main + x1_sq + x3_sq + x1_x3 + x2_x3,"x1_sq, x3_sq, x1_x3, x2_x3",4,8,0.48454992045884054,0.8515625,0.7333333333333333,0.7142857142857143
main + x1_sq + x1_x2 + x1_x3 + x2_x3,"x1_sq, x1_x2, x1_x3, x2_x3",4,8,0.4955206119089384,0.8370535714285714,0.6666666666666666,0.6428571428571429
main + x2_sq + x3_sq + x1_x2 + x1_x3,"x2_sq, x3_sq, x1_x2, x1_x3",4,8,0.6233683795516978,0.6908482142857143,0.6333333333333333,0.5925925925925926
main + x2_sq + x3_sq + x1_x2 + x2_x3,"x2_sq, x3_sq, x1_x2, x2_x3",4,8,0.46985584968402067,0.8493303571428572,0.7833333333333333,0.7450980392156863
main + x2_sq + x3_sq + x1_x3 + x2_x3,"x2_sq, x3_sq, x1_x3, x2_x3",4,8,0.46037624203954064,0.8582589285714286,0.7666666666666667,0.72
main + x2_sq + x1_x2 + x1_x3 + x2_x3,"x2_sq, x1_x2, x1_x3, x2_x3",4,8,0.47404347334002933,0.8482142857142857,0.7666666666666667,0.7307692307692307
main + x3_sq + x1_x2 + x1_x3 + x2_x3,"x3_sq, x1_x2, x1_x3, x2_x3",4,8,0.4612827637031019,0.8571428571428572,0.7833333333333333,0.7450980392156863
main + x1_sq + x2_sq + x3_sq + x1_x2 + x1_x3,"x1_sq, x2_sq, x3_sq, x1_x2, x1_x3",5,8,0.6668395365794403,0.6462053571428572,0.5666666666666667,0.5806451612903226
main + x1_sq + x2_sq + x3_sq + x1_x2 + x2_x3,"x1_sq, x2_sq, x3_sq, x1_x2, x2_x3",5,8,0.48817438319229073,0.8392857142857143,0.7166666666666667,0.7017543859649122
main + x1_sq + x2_sq + x3_sq + x1_x3 + x2_x3,"x1_sq, x2_sq, x3_sq, x1_x3, x2_x3",5,8,0.48406522983928607,0.8448660714285714,0.7333333333333333,0.7037037037037037
main + x1_sq + x2_sq + x1_x2 + x1_x3 + x2_x3,"x1_sq, x2_sq, x1_x2, x1_x3, x2_x3",5,8,0.492341021376869,0.8337053571428572,0.6833333333333333,0.6666666666666666
main + x1_sq + x3_sq + x1_x2 + x1_x3 + x2_x3,"x1_sq, x3_sq, x1_x2, x1_x3, x2_x3",5,8,0.48106005734241136,0.8560267857142857,0.7333333333333333,0.7142857142857143
main + x2_sq + x3_sq + x1_x2 + x1_x3 + x2_x3,"x2_sq, x3_sq, x1_x2, x1_x3, x2_x3",5,8,0.4615350662227102,0.8571428571428572,0.7833333333333333,0.7450980392156863
main + x1_sq + x2_sq + x3_sq + x1_x2 + x1_x3 + x2_x3,"x1_sq, x2_sq, x3_sq, x1_x2, x1_x3, x2_x3",6,8,0.4802688758963223,0.8504464285714286,0.7333333333333333,0.7142857142857143
main effects only,none,0,9,0.6009711849725915,0.7641824249165741,0.6833333333333333,0.6545454545454545
main + x1_sq,x1_sq,1,9,0.5915572149031022,0.7552836484983315,0.7166666666666667,0.7017543859649122
main + x2_sq,x2_sq,1,9,0.6030940620160394,0.7541713014460512,0.6833333333333333,0.6545454545454545
main + x3_sq,x3_sq,1,9,0.604887263958355,0.7497219132369298,0.7,0.6666666666666666
main + x1_x2,x1_x2,1,9,0.5993059399248932,0.7630700778642936,0.6833333333333333,0.6545454545454545
main + x1_x3,x1_x3,1,9,0.5985233610521533,0.7730812013348165,0.6833333333333333,0.6545454545454545
main + x2_x3,x2_x3,1,9,0.5601998962964009,0.7630700778642936,0.6833333333333333,0.6885245901639344
main + x1_sq + x2_sq,"x1_sq, x2_sq",2,9,0.5928477199847241,0.7497219132369299,0.7,0.6785714285714286
main + x1_sq + x3_sq,"x1_sq, x3_sq",2,9,0.5947684400233723,0.7497219132369299,0.7,0.6785714285714286
main + x1_sq + x1_x2,"x1_sq, x1_x2",2,9,0.589356103798562,0.7597330367074527,0.7166666666666667,0.7017543859649122
main + x1_sq + x1_x3,"x1_sq, x1_x3",2,9,0.5917736691280251,0.7697441601779755,0.7,0.6785714285714286
main + x1_sq + x2_x3,"x1_sq, x2_x3",2,9,0.5520652200468096,0.7686318131256952,0.6666666666666666,0.6666666666666666
main + x2_sq + x3_sq,"x2_sq, x3_sq",2,9,0.6078430330561118,0.7441601779755284,0.7,0.6666666666666666
main + x2_sq + x1_x2,"x2_sq, x1_x2",2,9,0.6013841579644111,0.7575083426028921,0.6833333333333333,0.6545454545454545
main + x2_sq + x1_x3,"x2_sq, x1_x3",2,9,0.6002959001342146,0.7686318131256953,0.6833333333333333,0.6545454545454545
main + x2_sq + x2_x3,"x2_sq, x2_x3",2,9,0.5744448250651273,0.7586206896551724,0.65,0.6440677966101694
main + x3_sq + x1_x2,"x3_sq, x1_x2",2,9,0.604026043309398,0.7508342602892102,0.7,0.6666666666666666
main + x3_sq + x1_x3,"x3_sq, x1_x3",2,9,0.6018848670519666,0.7608453837597331,0.7166666666666667,0.6792452830188679
main + x3_sq + x2_x3,"x3_sq, x2_x3",2,9,0.5492441185708243,0.7730812013348164,0.6833333333333333,0.6779661016949152
main + x1_x2 + x1_x3,"x1_x2, x1_x3",2,9,0.5956205945324483,0.7686318131256953,0.6833333333333333,0.6545454545454545
main + x1_x2 + x2_x3,"x1_x2, x2_x3",2,9,0.5548842156957569,0.7697441601779755,0.6666666666666666,0.6774193548387096
main + x1_x3 + x2_x3,"x1_x3, x2_x3",2,9,0.5604876588880219,0.7664071190211346,0.6666666666666666,0.6666666666666666
main + x1_sq + x2_sq + x3_sq,"x1_sq, x2_sq, x3_sq",3,9,0.596962477840913,0.7452725250278086,0.7,0.6785714285714286
main + x1_sq + x2_sq + x1_x2,"x1_sq, x2_sq, x1_x2",3,9,0.5904994618154314,0.7519466073414907,0.7,0.6785714285714286
main + x1_sq + x2_sq + x1_x3,"x1_sq, x2_sq, x1_x3",3,9,0.5926681293298508,0.7664071190211346,0.7,0.6785714285714286
main + x1_sq + x2_sq + x2_x3,"x1_sq, x2_sq, x2_x3",3,9,0.557730566286686,0.7664071190211346,0.6666666666666666,0.6666666666666666
main + x1_sq + x3_sq + x1_x2,"x1_sq, x3_sq, x1_x2",3,9,0.5930822409401391,0.7530589543937709,0.7,0.6785714285714286
main + x1_sq + x3_sq + x1_x3,"x1_sq, x3_sq, x1_x3",3,9,0.5945767346988391,0.7708565072302558,0.7166666666666667,0.7017543859649122
main + x1_sq + x3_sq + x2_x3,"x1_sq, x3_sq, x2_x3",3,9,0.5407629707506507,0.7819799777530589,0.7333333333333333,0.7241379310344828
main + x1_sq + x1_x2 + x1_x3,"x1_sq, x1_x2, x1_x3",3,9,0.587902757266256,0.7741935483870968,0.7166666666666667,0.7017543859649122
main + x1_sq + x1_x2 + x2_x3,"x1_sq, x1_x2, x2_x3",3,9,0.5476077594079561,0.7741935483870968,0.7,0.6896551724137931
main + x1_sq + x1_x3 + x2_x3,"x1_sq, x1_x3, x2_x3",3,9,0.5558057246654007,0.7719688542825361,0.6666666666666666,0.6774193548387096
main + x2_sq + x3_sq + x1_x2,"x2_sq, x3_sq, x1_x2",3,9,0.6069089977648686,0.743047830923248,0.7,0.6666666666666666
main + x2_sq + x3_sq + x1_x3,"x2_sq, x3_sq, x1_x3",3,9,0.6045163771257965,0.7563959955506118,0.7166666666666667,0.6792452830188679
main + x2_sq + x3_sq + x2_x3,"x2_sq, x3_sq, x2_x3",3,9,0.569702007524586,0.760845383759733,0.6666666666666666,0.6551724137931034
main + x2_sq + x1_x2 + x1_x3,"x2_sq, x1_x2, x1_x3",3,9,0.5973372681742403,0.767519466073415,0.6833333333333333,0.6545454545454545
main + x2_sq + x1_x2 + x2_x3,"x2_sq, x1_x2, x2_x3",3,9,0.5684678440765255,0.7597330367074526,0.65,0.6557377049180327
main + x2_sq + x1_x3 + x2_x3,"x2_sq, x1_x3, x2_x3",3,9,0.5728623956592267,0.7597330367074527,0.65,0.6440677966101694
main + x3_sq + x1_x2 + x1_x3,"x3_sq, x1_x2, x1_x3",3,9,0.5995939297563371,0.7597330367074527,0.7166666666666667,0.6792452830188679
main + x3_sq + x1_x2 + x2_x3,"x3_sq, x1_x2, x2_x3",3,9,0.5449179364844166,0.7819799777530589,0.6833333333333333,0.6779661016949152
main + x3_sq + x1_x3 + x2_x3,"x3_sq, x1_x3, x2_x3",3,9,0.5472613263436711,0.7686318131256952,0.6666666666666666,0.6551724137931034
main + x1_x2 + x1_x3 + x2_x3,"x1_x2, x1_x3, x2_x3",3,9,0.5542619535592518,0.7753058954393771,0.65,0.6440677966101694
main + x1_sq + x2_sq + x3_sq + x1_x2,"x1_sq, x2_sq, x3_sq, x1_x2",4,9,0.5951798885803948,0.746384872080089,0.7,0.6785714285714286
main + x1_sq + x2_sq + x3_sq + x1_x3,"x1_sq, x2_sq, x3_sq, x1_x3",4,9,0.5962902111307249,0.7675194660734149,0.7166666666666667,0.7017543859649122
main + x1_sq + x2_sq + x3_sq + x2_x3,"x1_sq, x2_sq, x3_sq, x2_x3",4,9,0.552555796925632,0.7697441601779755,0.7166666666666667,0.7017543859649122
main + x1_sq + x2_sq + x1_x2 + x1_x3,"x1_sq, x2_sq, x1_x2, x1_x3",4,9,0.5885222945329419,0.7730812013348165,0.7166666666666667,0.7017543859649122
main + x1_sq + x2_sq + x1_x2 + x2_x3,"x1_sq, x2_sq, x1_x2, x2_x3",4,9,0.553054535077181,0.7675194660734148,0.7,0.6896551724137931
main + x1_sq + x2_sq + x1_x3 + x2_x3,"x1_sq, x2_sq, x1_x3, x2_x3",4,9,0.5601266353010654,0.7664071190211345,0.6666666666666666,0.6774193548387096
main + x1_sq + x3_sq + x1_x2 + x1_x3,"x1_sq, x3_sq, x1_x2, x1_x3",4,9,0.5912518147098568,0.7741935483870968,0.7333333333333333,0.7142857142857143
main + x1_sq + x3_sq + x1_x2 + x2_x3,"x1_sq, x3_sq, x1_x2, x2_x3",4,9,0.5375876954398041,0.7842046718576196,0.7166666666666667,0.7017543859649122
main + x1_sq + x3_sq + x1_x3 + x2_x3,"x1_sq, x3_sq, x1_x3, x2_x3",4,9,0.5422359302114622,0.7830923248053393,0.6666666666666666,0.6666666666666666
main + x1_sq + x1_x2 + x1_x3 + x2_x3,"x1_sq, x1_x2, x1_x3, x2_x3",4,9,0.5490470247348334,0.7719688542825361,0.6666666666666666,0.6774193548387096
main + x2_sq + x3_sq + x1_x2 + x1_x3,"x2_sq, x3_sq, x1_x2, x1_x3",4,9,0.6021613685813221,0.7541713014460512,0.7166666666666667,0.6792452830188679
main + x2_sq + x3_sq + x1_x2 + x2_x3,"x2_sq, x3_sq, x1_x2, x2_x3",4,9,0.5648270765170468,0.7619577308120133,0.7,0.6896551724137931
main + x2_sq + x3_sq + x1_x3 + x2_x3,"x2_sq, x3_sq, x1_x3, x2_x3",4,9,0.5659009105710732,0.7586206896551725,0.6666666666666666,0.6551724137931034
main + x2_sq + x1_x2 + x1_x3 + x2_x3,"x2_sq, x1_x2, x1_x3, x2_x3",4,9,0.5661423745013499,0.760845383759733,0.65,0.6440677966101694
main + x3_sq + x1_x2 + x1_x3 + x2_x3,"x3_sq, x1_x2, x1_x3, x2_x3",4,9,0.5416093906484878,0.7775305895439377,0.6666666666666666,0.6551724137931034
main + x1_sq + x2_sq + x3_sq + x1_x2 + x1_x3,"x1_sq, x2_sq, x3_sq, x1_x2, x1_x3",5,9,0.5927515456264473,0.7708565072302558,0.7333333333333333,0.7142857142857143
main + x1_sq + x2_sq + x3_sq + x1_x2 + x2_x3,"x1_sq, x2_sq, x3_sq, x1_x2, x2_x3",5,9,0.5491396824677158,0.7675194660734149,0.7166666666666667,0.7017543859649122
main + x1_sq + x2_sq + x3_sq + x1_x3 + x2_x3,"x1_sq, x2_sq, x3_sq, x1_x3, x2_x3",5,9,0.5530067123832657,0.775305895439377,0.6666666666666666,0.6666666666666666
main + x1_sq + x2_sq + x1_x2 + x1_x3 + x2_x3,"x1_sq, x2_sq, x1_x2, x1_x3, x2_x3",5,9,0.5534966757617465,0.7697441601779755,0.6666666666666666,0.6774193548387096
main + x1_sq + x3_sq + x1_x2 + x1_x3 + x2_x3,"x1_sq, x3_sq, x1_x2, x1_x3, x2_x3",5,9,0.536112963868134,0.7897664071190211,0.6666666666666666,0.6666666666666666
main + x2_sq + x3_sq + x1_x2 + x1_x3 + x2_x3,"x2_sq, x3_sq, x1_x2, x1_x3, x2_x3",5,9,0.5596241711523734,0.764182424916574,0.65,0.631578947368421
main + x1_sq + x2_sq + x3_sq + x1_x2 + x1_x3 + x2_x3,"x1_sq, x2_sq, x3_sq, x1_x2, x1_x3, x2_x3",6,9,0.5465927455306309,0.7775305895439377,0.6666666666666666,0.6666666666666666
main effects only,none,0,10,0.6456070542686498,0.6729699666295884,0.5166666666666667,0.4528301886792453
main + x1_sq,x1_sq,1,10,0.6427101172566699,0.6685205784204672,0.65,0.6666666666666666
main + x2_sq,x2_sq,1,10,0.6774340698981169,0.6651835372636262,0.5833333333333334,0.5454545454545454
main + x3_sq,x3_sq,1,10,0.6423554022386201,0.6662958843159065,0.55,0.509090909090909
main + x1_x2,x1_x2,1,10,0.646246632237837,0.6729699666295884,0.5333333333333333,0.46153846153846156
main + x1_x3,x1_x3,1,10,0.6616917155486327,0.6618464961067854,0.5333333333333333,0.48148148148148145
main + x2_x3,x2_x3,1,10,0.5031823341160029,0.8353726362625139,0.7,0.6666666666666666
main + x1_sq + x2_sq,"x1_sq, x2_sq",2,10,0.677872784388821,0.6507230255839823,0.6333333333333333,0.6333333333333333
main + x1_sq + x3_sq,"x1_sq, x3_sq",2,10,0.6397279501905564,0.67853170189099,0.65,0.6666666666666666
main + x1_sq + x1_x2,"x1_sq, x1_x2",2,10,0.6433543973744021,0.6674082313681869,0.65,0.6666666666666666
main + x1_sq + x1_x3,"x1_sq, x1_x3",2,10,0.648393238241657,0.6562847608453838,0.6166666666666667,0.6101694915254238
main + x1_sq + x2_x3,"x1_sq, x2_x3",2,10,0.5057413851393535,0.8375973303670745,0.75,0.7368421052631579
main + x2_sq + x3_sq,"x2_sq, x3_sq",2,10,0.6751504133284264,0.6585094549499443,0.5333333333333333,0.48148148148148145
main + x2_sq + x1_x2,"x2_sq, x1_x2",2,10,0.6780579575401448,0.6596218020022248,0.6,0.5555555555555556
main + x2_sq + x1_x3,"x2_sq, x1_x3",2,10,0.6926587857359345,0.6562847608453838,0.55,0.509090909090909
main + x2_sq + x2_x3,"x2_sq, x2_x3",2,10,0.5293286911148954,0.810901001112347,0.7,0.6666666666666666
main + x3_sq + x1_x2,"x3_sq, x1_x2",2,10,0.6429609408006757,0.6674082313681869,0.55,0.509090909090909
main + x3_sq + x1_x3,"x3_sq, x1_x3",2,10,0.6539438526131018,0.6685205784204672,0.5333333333333333,0.48148148148148145
main + x3_sq + x2_x3,"x3_sq, x2_x3",2,10,0.5033913378603948,0.8231368186874305,0.7,0.6666666666666666
main + x1_x2 + x1_x3,"x1_x2, x1_x3",2,10,0.6679121690584024,0.6629588431590656,0.5666666666666667,0.5185185185185185
main + x1_x2 + x2_x3,"x1_x2, x2_x3",2,10,0.5004191706166567,0.8387096774193548,0.7166666666666667,0.6792452830188679
main + x1_x3 + x2_x3,"x1_x3, x2_x3",2,10,0.5039502501248805,0.8364849833147943,0.7,0.6666666666666666
main + x1_sq + x2_sq + x3_sq,"x1_sq, x2_sq, x3_sq",3,10,0.6757292145541699,0.6585094549499444,0.6333333333333333,0.6333333333333333
main + x1_sq + x2_sq + x1_x2,"x1_sq, x2_sq, x1_x2",3,10,0.6816538820560752,0.657397107897664,0.65,0.6557377049180327
main + x1_sq + x2_sq + x1_x3,"x1_sq, x2_sq, x1_x3",3,10,0.6822440212721829,0.6451612903225806,0.6166666666666667,0.6101694915254238
main + x1_sq + x2_sq + x2_x3,"x1_sq, x2_sq, x2_x3",3,10,0.5497497710980628,0.7975528364849833,0.7166666666666667,0.7017543859649122
main + x1_sq + x3_sq + x1_x2,"x1_sq, x3_sq, x1_x2",3,10,0.6405236734454409,0.6729699666295885,0.6666666666666666,0.6875
main + x1_sq + x3_sq + x1_x3,"x1_sq, x3_sq, x1_x3",3,10,0.6422685690328962,0.660734149054505,0.65,0.6557377049180327
main + x1_sq + x3_sq + x2_x3,"x1_sq, x3_sq, x2_x3",3,10,0.5058930250564554,0.828698553948832,0.75,0.7368421052631579
main + x1_sq + x1_x2 + x1_x3,"x1_sq, x1_x2, x1_x3",3,10,0.65189020756041,0.6585094549499444,0.6666666666666666,0.6875
main + x1_sq + x1_x2 + x2_x3,"x1_sq, x1_x2, x2_x3",3,10,0.5032259313504756,0.8353726362625139,0.7666666666666667,0.75
main + x1_sq + x1_x3 + x2_x3,"x1_sq, x1_x3, x2_x3",3,10,0.503935178723447,0.8364849833147943,0.75,0.7368421052631579
main + x2_sq + x3_sq + x1_x2,"x2_sq, x3_sq, x1_x2",3,10,0.6752991129075201,0.6585094549499444,0.5666666666666667,0.5357142857142857
main + x2_sq + x3_sq + x1_x3,"x2_sq, x3_sq, x1_x3",3,10,0.6865624247927015,0.660734149054505,0.5333333333333333,0.48148148148148145
main + x2_sq + x3_sq + x2_x3,"x2_sq, x3_sq, x2_x3",3,10,0.5267806425973204,0.8064516129032258,0.6833333333333333,0.6545454545454545
main + x2_sq + x1_x2 + x1_x3,"x2_sq, x1_x2, x1_x3",3,10,0.6996264108415029,0.6529477196885428,0.5666666666666667,0.5185185185185185
main + x2_sq + x1_x2 + x2_x3,"x2_sq, x1_x2, x2_x3",3,10,0.5252417220270887,0.8120133481646274,0.7,0.6666666666666666
main + x2_sq + x1_x3 + x2_x3,"x2_sq, x1_x3, x2_x3",3,10,0.5312341945637932,0.8109010011123471,0.6833333333333333,0.6415094339622641
main + x3_sq + x1_x2 + x1_x3,"x3_sq, x1_x2, x1_x3",3,10,0.6595754585898856,0.6674082313681869,0.55,0.49056603773584906
main + x3_sq + x1_x2 + x2_x3,"x3_sq, x1_x2, x2_x3",3,10,0.5005076846792429,0.8298109010011123,0.7,0.6666666666666666
main + x3_sq + x1_x3 + x2_x3,"x3_sq, x1_x3, x2_x3",3,10,0.5023931987927558,0.8275862068965517,0.7166666666666667,0.6909090909090909
main + x1_x2 + x1_x3 + x2_x3,"x1_x2, x1_x3, x2_x3",3,10,0.5009975980980199,0.8387096774193549,0.7166666666666667,0.6792452830188679
main + x1_sq + x2_sq + x3_sq + x1_x2,"x1_sq, x2_sq, x3_sq, x1_x2",4,10,0.6790208983289582,0.660734149054505,0.65,0.6557377049180327
main + x1_sq + x2_sq + x3_sq + x1_x3,"x1_sq, x2_sq, x3_sq, x1_x3",4,10,0.6776496062238796,0.6507230255839822,0.6,0.5862068965517241
main + x1_sq + x2_sq + x3_sq + x2_x3,"x1_sq, x2_sq, x3_sq, x2_x3",4,10,0.5483009271527972,0.7997775305895439,0.7166666666666667,0.7017543859649122
main + x1_sq + x2_sq + x1_x2 + x1_x3,"x1_sq, x2_sq, x1_x2, x1_x3",4,10,0.6899588398990967,0.649610678531702,0.6333333333333333,0.6333333333333333
main + x1_sq + x2_sq + x1_x2 + x2_x3,"x1_sq, x2_sq, x1_x2, x2_x3",4,10,0.5481091919395834,0.8008898776418242,0.7166666666666667,0.7017543859649122
main + x1_sq + x2_sq + x1_x3 + x2_x3,"x1_sq, x2_sq, x1_x3, x2_x3",4,10,0.5475585929377687,0.7975528364849833,0.7166666666666667,0.7017543859649122
main + x1_sq + x3_sq + x1_x2 + x1_x3,"x1_sq, x3_sq, x1_x2, x1_x3",4,10,0.6454344072032748,0.664071190211346,0.6333333333333333,0.6451612903225806
main + x1_sq + x3_sq + x1_x2 + x2_x3,"x1_sq, x3_sq, x1_x2, x2_x3",4,10,0.5036230499038185,0.8253615127919911,0.75,0.7368421052631579
main + x1_sq + x3_sq + x1_x3 + x2_x3,"x1_sq, x3_sq, x1_x3, x2_x3",4,10,0.5022926170750196,0.8286985539488321,0.75,0.7368421052631579
main + x1_sq + x1_x2 + x1_x3 + x2_x3,"x1_sq, x1_x2, x1_x3, x2_x3",4,10,0.500813132870068,0.8353726362625139,0.7833333333333333,0.7719298245614035
main + x2_sq + x3_sq + x1_x2 + x1_x3,"x2_sq, x3_sq, x1_x2, x1_x3",4,10,0.6922131785341005,0.6562847608453838,0.5333333333333333,0.48148148148148145
main + x2_sq + x3_sq + x1_x2 + x2_x3,"x2_sq, x3_sq, x1_x2, x2_x3",4,10,0.5225589425930919,0.8097886540600667,0.6833333333333333,0.6545454545454545
main + x2_sq + x3_sq + x1_x3 + x2_x3,"x2_sq, x3_sq, x1_x3, x2_x3",4,10,0.5268197433958487,0.8109010011123471,0.7,0.6785714285714286
main + x2_sq + x1_x2 + x1_x3 + x2_x3,"x2_sq, x1_x2, x1_x3, x2_x3",4,10,0.5266760997418557,0.8153503893214683,0.6833333333333333,0.6415094339622641
main + x3_sq + x1_x2 + x1_x3 + x2_x3,"x3_sq, x1_x2, x1_x3, x2_x3",4,10,0.499005516250121,0.8342602892102337,0.7166666666666667,0.6909090909090909
main + x1_sq + x2_sq + x3_sq + x1_x2 + x1_x3,"x1_sq, x2_sq, x3_sq, x1_x2, x1_x3",5,10,0.6843503705183037,0.6540600667408232,0.6333333333333333,0.6333333333333333
main + x1_sq + x2_sq + x3_sq + x1_x2 + x2_x3,"x1_sq, x2_sq, x3_sq, x1_x2, x2_x3",5,10,0.5464405236033727,0.8008898776418243,0.7166666666666667,0.7017543859649122
main + x1_sq + x2_sq + x3_sq + x1_x3 + x2_x3,"x1_sq, x2_sq, x3_sq, x1_x3, x2_x3",5,10,0.5440121388449033,0.7975528364849833,0.7166666666666667,0.7017543859649122
main + x1_sq + x2_sq + x1_x2 + x1_x3 + x2_x3,"x1_sq, x2_sq, x1_x2, x1_x3, x2_x3",5,10,0.5452635854616513,0.8053392658509455,0.7166666666666667,0.7017543859649122
main + x1_sq + x3_sq + x1_x2 + x1_x3 + x2_x3,"x1_sq, x3_sq, x1_x2, x1_x3, x2_x3",5,10,0.498928670265601,0.8286985539488321,0.75,0.7368421052631579
main + x2_sq + x3_sq + x1_x2 + x1_x3 + x2_x3,"x2_sq, x3_sq, x1_x2, x1_x3, x2_x3",5,10,0.5217416625527871,0.8186874304783093,0.7,0.6785714285714286
main + x1_sq + x2_sq + x3_sq + x1_x2 + x1_x3 + x2_x3,"x1_sq, x2_sq, x3_sq, x1_x2, x1_x3, x2_x3",6,10,0.5409382171534047,0.8020022246941046,0.7166666666666667,0.7017543859649122
main effects only,none,0,11,0.6079390220819089,0.7243303571428571,0.6166666666666667,0.5818181818181818
main + x1_sq,x1_sq,1,11,0.6310681412918602,0.6573660714285714,0.6833333333333333,0.6779661016949152
main + x2_sq,x2_sq,1,11,0.6104621523954589,0.7165178571428571,0.6166666666666667,0.5818181818181818
main + x3_sq,x3_sq,1,11,0.6142960859859085,0.703125,0.6333333333333333,0.5925925925925926
main + x1_x2,x1_x2,1,11,0.6154213870091457,0.7064732142857143,0.6166666666666667,0.5818181818181818
main + x1_x3,x1_x3,1,11,0.6058111416410649,0.7287946428571429,0.6166666666666667,0.5818181818181818
main + x2_x3,x2_x3,1,11,0.5096425516213845,0.8337053571428571,0.75,0.7368421052631579
main + x1_sq + x2_sq,"x1_sq, x2_sq",2,11,0.632095035205294,0.6573660714285715,0.6833333333333333,0.6779661016949152
main + x1_sq + x3_sq,"x1_sq, x3_sq",2,11,0.6404495835618851,0.6473214285714286,0.65,0.6440677966101694
main + x1_sq + x1_x2,"x1_sq, x1_x2",2,11,0.6279795585627124,0.6763392857142858,0.7,0.7
main + x1_sq + x1_x3,"x1_sq, x1_x3",2,11,0.6463628116626531,0.6696428571428572,0.6833333333333333,0.6779661016949152
main + x1_sq + x2_x3,"x1_sq, x2_x3",2,11,0.5260765386794636,0.8147321428571428,0.75,0.7540983606557377
main + x2_sq + x3_sq,"x2_sq, x3_sq",2,11,0.6176423512139019,0.6953125,0.6333333333333333,0.5925925925925926
main + x2_sq + x1_x2,"x2_sq, x1_x2",2,11,0.6169948091806494,0.7053571428571428,0.6166666666666667,0.5818181818181818
main + x2_sq + x1_x3,"x2_sq, x1_x3",2,11,0.606822636538043,0.7254464285714286,0.6166666666666667,0.5818181818181818
main + x2_sq + x2_x3,"x2_sq, x2_x3",2,11,0.5130812231671391,0.8270089285714286,0.75,0.7368421052631579
main + x3_sq + x1_x2,"x3_sq, x1_x2",2,11,0.6204896774484754,0.6886160714285714,0.6166666666666667,0.5818181818181818
main + x3_sq + x1_x3,"x3_sq, x1_x3",2,11,0.6165395407624813,0.7142857142857142,0.6333333333333333,0.6071428571428571
main + x3_sq + x2_x3,"x3_sq, x2_x3",2,11,0.5031971331943917,0.8359374999999999,0.75,0.7457627118644068
main + x1_x2 + x1_x3,"x1_x2, x1_x3",2,11,0.6137063581661659,0.7075892857142857,0.6166666666666667,0.5818181818181818
main + x1_x2 + x2_x3,"x1_x2, x2_x3",2,11,0.5120238981732982,0.8325892857142857,0.7666666666666667,0.7586206896551724
main + x1_x3 + x2_x3,"x1_x3, x2_x3",2,11,0.5058242140798984,0.8292410714285714,0.7666666666666667,0.7586206896551724
main + x1_sq + x2_sq + x3_sq,"x1_sq, x2_sq, x3_sq",3,11,0.6422763813433333,0.6484375,0.65,0.6440677966101694
main + x1_sq + x2_sq + x1_x2,"x1_sq, x2_sq, x1_x2",3,11,0.6285149037771903,0.6763392857142858,0.7,0.7
main + x1_sq + x2_sq + x1_x3,"x1_sq, x2_sq, x1_x3",3,11,0.6459876357358095,0.6707589285714286,0.6833333333333333,0.6779661016949152
main + x1_sq + x2_sq + x2_x3,"x1_sq, x2_sq, x2_x3",3,11,0.5245282970366383,0.8169642857142856,0.75,0.7540983606557377
main + x1_sq + x3_sq + x1_x2,"x1_sq, x3_sq, x1_x2",3,11,0.6369085393414056,0.6707589285714286,0.65,0.6440677966101694
main + x1_sq + x3_sq + x1_x3,"x1_sq, x3_sq, x1_x3",3,11,0.6709810390508989,0.6964285714285714,0.65,0.6557377049180327
main + x1_sq + x3_sq + x2_x3,"x1_sq, x3_sq, x2_x3",3,11,0.518222964359,0.8337053571428571,0.7666666666666667,0.7741935483870968
main + x1_sq + x1_x2 + x1_x3,"x1_sq, x1_x2, x1_x3",3,11,0.6398574343857492,0.6830357142857142,0.6833333333333333,0.6779661016949152
main + x1_sq + x1_x2 + x2_x3,"x1_sq, x1_x2, x2_x3",3,11,0.5215894046098201,0.8169642857142857,0.75,0.7540983606557377
main + x1_sq + x1_x3 + x2_x3,"x1_sq, x1_x3, x2_x3",3,11,0.5231061622170853,0.8191964285714285,0.75,0.7540983606557377
main + x2_sq + x3_sq + x1_x2,"x2_sq, x3_sq, x1_x2",3,11,0.6228249037134824,0.6908482142857142,0.6166666666666667,0.5818181818181818
main + x2_sq + x3_sq + x1_x3,"x2_sq, x3_sq, x1_x3",3,11,0.6179558628838306,0.7131696428571428,0.6333333333333333,0.6071428571428571
main + x2_sq + x3_sq + x2_x3,"x2_sq, x3_sq, x2_x3",3,11,0.5108313386675349,0.8292410714285714,0.75,0.7457627118644068
main + x2_sq + x1_x2 + x1_x3,"x2_sq, x1_x2, x1_x3",3,11,0.6140679513081772,0.7064732142857143,0.6166666666666667,0.5818181818181818
main + x2_sq + x1_x2 + x2_x3,"x2_sq, x1_x2, x2_x3",3,11,0.5129818869482768,0.8325892857142857,0.75,0.7368421052631579
main + x2_sq + x1_x3 + x2_x3,"x2_sq, x1_x3, x2_x3",3,11,0.5081340803531665,0.828125,0.7333333333333333,0.7142857142857143
main + x3_sq + x1_x2 + x1_x3,"x3_sq, x1_x2, x1_x3",3,11,0.6220472406177405,0.7020089285714285,0.6333333333333333,0.6071428571428571
main + x3_sq + x1_x2 + x2_x3,"x3_sq, x1_x2, x2_x3",3,11,0.5066694776573851,0.8359375000000001,0.7666666666666667,0.7666666666666667
main + x3_sq + x1_x3 + x2_x3,"x3_sq, x1_x3, x2_x3",3,11,0.49852114860316754,0.8415178571428571,0.7833333333333333,0.7719298245614035
main + x1_x2 + x1_x3 + x2_x3,"x1_x2, x1_x3, x2_x3",3,11,0.5075966013671261,0.8348214285714286,0.7833333333333333,0.7796610169491526
main + x1_sq + x2_sq + x3_sq + x1_x2,"x1_sq, x2_sq, x3_sq, x1_x2",4,11,0.6382523483611526,0.6674107142857143,0.65,0.6440677966101694
main + x1_sq + x2_sq + x3_sq + x1_x3,"x1_sq, x2_sq, x3_sq, x1_x3",4,11,0.6709875394263806,0.6964285714285714,0.65,0.6557377049180327
main + x1_sq + x2_sq + x3_sq + x2_x3,"x1_sq, x2_sq, x3_sq, x2_x3",4,11,0.5207064235420432,0.8314732142857143,0.7666666666666667,0.7741935483870968
main + x1_sq + x2_sq + x1_x2 + x1_x3,"x1_sq, x2_sq, x1_x2, x1_x3",4,11,0.6392717545867623,0.6841517857142857,0.6666666666666666,0.6551724137931034
main + x1_sq + x2_sq + x1_x2 + x2_x3,"x1_sq, x2_sq, x1_x2, x2_x3",4,11,0.5196165610596524,0.8191964285714286,0.75,0.7540983606557377
main + x1_sq + x2_sq + x1_x3 + x2_x3,"x1_sq, x2_sq, x1_x3, x2_x3",4,11,0.5206225231239937,0.8225446428571428,0.75,0.7540983606557377
main + x1_sq + x3_sq + x1_x2 + x1_x3,"x1_sq, x3_sq, x1_x2, x1_x3",4,11,0.6644477953736626,0.7008928571428572,0.6333333333333333,0.6333333333333333
main + x1_sq + x3_sq + x1_x2 + x2_x3,"x1_sq, x3_sq, x1_x2, x2_x3",4,11,0.5144618695675139,0.8348214285714286,0.7666666666666667,0.7741935483870968
main + x1_sq + x3_sq + x1_x3 + x2_x3,"x1_sq, x3_sq, x1_x3, x2_x3",4,11,0.5168853591495788,0.8348214285714285,0.8,0.8
main + x1_sq + x1_x2 + x1_x3 + x2_x3,"x1_sq, x1_x2, x1_x3, x2_x3",4,11,0.5167374237970266,0.8270089285714286,0.75,0.7540983606557377
main + x2_sq + x3_sq + x1_x2 + x1_x3,"x2_sq, x3_sq, x1_x2, x1_x3",4,11,0.6228321438086196,0.7020089285714285,0.6333333333333333,0.6071428571428571
main + x2_sq + x3_sq + x1_x2 + x2_x3,"x2_sq, x3_sq, x1_x2, x2_x3",4,11,0.5104784060735894,0.8292410714285714,0.75,0.7457627118644068
main + x2_sq + x3_sq + x1_x3 + x2_x3,"x2_sq, x3_sq, x1_x3, x2_x3",4,11,0.50515002750926,0.8359375,0.7833333333333333,0.7719298245614035
main + x2_sq + x1_x2 + x1_x3 + x2_x3,"x2_sq, x1_x2, x1_x3, x2_x3",4,11,0.5078941685233566,0.8348214285714286,0.7666666666666667,0.7586206896551724
main + x3_sq + x1_x2 + x1_x3 + x2_x3,"x3_sq, x1_x2, x1_x3, x2_x3",4,11,0.5014530818409085,0.8482142857142858,0.8166666666666667,0.8070175438596491
main + x1_sq + x2_sq + x3_sq + x1_x2 + x1_x3,"x1_sq, x2_sq, x3_sq, x1_x2, x1_x3",5,11,0.6642970077520918,0.7008928571428572,0.6333333333333333,0.6333333333333333
main + x1_sq + x2_sq + x3_sq + x1_x2 + x2_x3,"x1_sq, x2_sq, x3_sq, x1_x2, x2_x3",5,11,0.5157931907421044,0.8325892857142858,0.7666666666666667,0.7741935483870968
main + x1_sq + x2_sq + x3_sq + x1_x3 + x2_x3,"x1_sq, x2_sq, x3_sq, x1_x3, x2_x3",5,11,0.5186748985096034,0.8337053571428571,0.8,0.8
main + x1_sq + x2_sq + x1_x2 + x1_x3 + x2_x3,"x1_sq, x2_sq, x1_x2, x1_x3, x2_x3",5,11,0.5143428778427352,0.8314732142857143,0.75,0.7540983606557377
main + x1_sq + x3_sq + x1_x2 + x1_x3 + x2_x3,"x1_sq, x3_sq, x1_x2, x1_x3, x2_x3",5,11,0.5101661975675821,0.8415178571428572,0.8,0.8
main + x2_sq + x3_sq + x1_x2 + x1_x3 + x2_x3,"x2_sq, x3_sq, x1_x2, x1_x3, x2_x3",5,11,0.5047522857769802,0.8404017857142858,0.8166666666666667,0.8070175438596491
main + x1_sq + x2_sq + x3_sq + x1_x2 + x1_x3 + x2_x3,"x1_sq, x2_sq, x3_sq, x1_x2, x1_x3, x2_x3",6,11,0.5113193945773411,0.8415178571428572,0.8,0.8
main effects only,none,0,12,0.6976682602324886,0.5904017857142857,0.55,0.5263157894736842
main + x1_sq,x1_sq,1,12,0.6856033463751161,0.5926339285714286,0.5333333333333333,0.5483870967741935
main + x2_sq,x2_sq,1,12,0.6996999285156259,0.5915178571428571,0.5333333333333333,0.5
main + x3_sq,x3_sq,1,12,0.6955530402113904,0.609375,0.55,0.509090909090909
main + x1_x2,x1_x2,1,12,0.6980125436771217,0.5970982142857143,0.55,0.5263157894736842
main + x1_x3,x1_x3,1,12,0.7349594412873556,0.5959821428571428,0.5666666666666667,0.5517241379310345
main + x2_x3,x2_x3,1,12,0.5776023709501048,0.7511160714285714,0.6833333333333333,0.6984126984126984
main + x1_sq + x2_sq,"x1_sq, x2_sq",2,12,0.6878662329522729,0.5904017857142857,0.5333333333333333,0.5483870967741935
main + x1_sq + x3_sq,"x1_sq, x3_sq",2,12,0.6830976110672852,0.6082589285714286,0.55,0.5573770491803278
main + x1_sq + x1_x2,"x1_sq, x1_x2",2,12,0.6861193893253326,0.5904017857142857,0.55,0.5714285714285714
main + x1_sq + x1_x3,"x1_sq, x1_x3",2,12,0.717533665698983,0.6037946428571428,0.5666666666666667,0.5806451612903226
main + x1_sq + x2_x3,"x1_sq, x2_x3",2,12,0.558887497138609,0.7566964285714286,0.6666666666666666,0.6774193548387096
main + x2_sq + x3_sq,"x2_sq, x3_sq",2,12,0.6973204418809491,0.6104910714285714,0.55,0.509090909090909
main + x2_sq + x1_x2,"x2_sq, x1_x2",2,12,0.6986393282065075,0.5892857142857143,0.5333333333333333,0.5
main + x2_sq + x1_x3,"x2_sq, x1_x3",2,12,0.736696688238796,0.5892857142857143,0.55,0.5263157894736842
main + x2_sq + x2_x3,"x2_sq, x2_x3",2,12,0.5778126967064109,0.7511160714285714,0.6833333333333333,0.6984126984126984
main + x3_sq + x1_x2,"x3_sq, x1_x2",2,12,0.6960143879609207,0.6060267857142857,0.55,0.509090909090909
main + x3_sq + x1_x3,"x3_sq, x1_x3",2,12,0.7312603719097747,0.6149553571428571,0.5666666666666667,0.5185185185185185
main + x3_sq + x2_x3,"x3_sq, x2_x3",2,12,0.566085099164588,0.7667410714285714,0.7,0.7
main + x1_x2 + x1_x3,"x1_x2, x1_x3",2,12,0.7327722439272567,0.5870535714285714,0.55,0.5263157894736842
main + x1_x2 + x2_x3,"x1_x2, x2_x3",2,12,0.5736379837869818,0.7578125,0.6833333333333333,0.6984126984126984
main + x1_x3 + x2_x3,"x1_x3, x2_x3",2,12,0.6510486065455257,0.7310267857142857,0.65,0.6666666666666666
main + x1_sq + x2_sq + x3_sq,"x1_sq, x2_sq, x3_sq",3,12,0.6851139325997632,0.609375,0.5333333333333333,0.5333333333333333
main + x1_sq + x2_sq + x1_x2,"x1_sq, x2_sq, x1_x2",3,12,0.68703367789091,0.5904017857142857,0.5333333333333333,0.5483870967741935
main + x1_sq + x2_sq + x1_x3,"x1_sq, x2_sq, x1_x3",3,12,0.7198895203907695,0.5948660714285714,0.5666666666666667,0.5806451612903226
main + x1_sq + x2_sq + x2_x3,"x1_sq, x2_sq, x2_x3",3,12,0.5590847400441615,0.7488839285714286,0.6666666666666666,0.6875
main + x1_sq + x3_sq + x1_x2,"x1_sq, x3_sq, x1_x2",3,12,0.6837904951908562,0.6026785714285714,0.5666666666666667,0.5806451612903226
main + x1_sq + x3_sq + x1_x3,"x1_sq, x3_sq, x1_x3",3,12,0.7135524143272637,0.6194196428571429,0.55,0.5423728813559322
main + x1_sq + x3_sq + x2_x3,"x1_sq, x3_sq, x2_x3",3,12,0.5463716829669868,0.7700892857142857,0.6833333333333333,0.6885245901639344
main + x1_sq + x1_x2 + x1_x3,"x1_sq, x1_x2, x1_x3",3,12,0.715876679286701,0.5915178571428572,0.5666666666666667,0.5666666666666667
main + x1_sq + x1_x2 + x2_x3,"x1_sq, x1_x2, x2_x3",3,12,0.5548615105643632,0.7555803571428572,0.6833333333333333,0.6984126984126984
main + x1_sq + x1_x3 + x2_x3,"x1_sq, x1_x3, x2_x3",3,12,0.6289361503309469,0.734375,0.6666666666666666,0.6774193548387096
main + x2_sq + x3_sq + x1_x2,"x2_sq, x3_sq, x1_x2",3,12,0.6966293116459858,0.6049107142857143,0.55,0.509090909090909
main + x2_sq + x3_sq + x1_x3,"x2_sq, x3_sq, x1_x3",3,12,0.7328927769866352,0.6127232142857142,0.5666666666666667,0.5185185185185185
main + x2_sq + x3_sq + x2_x3,"x2_sq, x3_sq, x2_x3",3,12,0.5673697475151589,0.7589285714285714,0.6833333333333333,0.6885245901639344
main + x2_sq + x1_x2 + x1_x3,"x2_sq, x1_x2, x1_x3",3,12,0.7335590524700201,0.5837053571428572,0.5333333333333333,0.5
main + x2_sq + x1_x2 + x2_x3,"x2_sq, x1_x2, x2_x3",3,12,0.5739024622011116,0.7544642857142857,0.7,0.7096774193548387
main + x2_sq + x1_x3 + x2_x3,"x2_sq, x1_x3, x2_x3",3,12,0.6523479075706257,0.71875,0.65,0.6666666666666666
main + x3_sq + x1_x2 + x1_x3,"x3_sq, x1_x2, x1_x3",3,12,0.72978100203267,0.609375,0.5833333333333334,0.5283018867924528
main + x3_sq + x1_x2 + x2_x3,"x3_sq, x1_x2, x2_x3",3,12,0.5630035203273274,0.7667410714285714,0.7,0.7
main + x3_sq + x1_x3 + x2_x3,"x3_sq, x1_x3, x2_x3",3,12,0.6368688472216191,0.7388392857142857,0.6333333333333333,0.6333333333333333
main + x1_x2 + x1_x3 + x2_x3,"x1_x2, x1_x3, x2_x3",3,12,0.6424562387051813,0.7310267857142857,0.6666666666666666,0.6774193548387096
main + x1_sq + x2_sq + x3_sq + x1_x2,"x1_sq, x2_sq, x3_sq, x1_x2",4,12,0.6846433452374813,0.6037946428571429,0.5333333333333333,0.5333333333333333
main + x1_sq + x2_sq + x3_sq + x1_x3,"x1_sq, x2_sq, x3_sq, x1_x3",4,12,0.7157307175004941,0.6171875,0.55,0.5423728813559322
main + x1_sq + x2_sq + x3_sq + x2_x3,"x1_sq, x2_sq, x3_sq, x2_x3",4,12,0.5480286450757684,0.7611607142857142,0.6833333333333333,0.6984126984126984
main + x1_sq + x2_sq + x1_x2 + x1_x3,"x1_sq, x2_sq, x1_x2, x1_x3",4,12,0.7169107356312974,0.5881696428571429,0.55,0.5573770491803278
main + x1_sq + x2_sq + x1_x2 + x2_x3,"x1_sq, x2_sq, x1_x2, x2_x3",4,12,0.5556283912824187,0.7455357142857142,0.6666666666666666,0.6875
main + x1_sq + x2_sq + x1_x3 + x2_x3,"x1_sq, x2_sq, x1_x3, x2_x3",4,12,0.6302293860505614,0.7265625,0.65,0.6666666666666666
main + x1_sq + x3_sq + x1_x2 + x1_x3,"x1_sq, x3_sq, x1_x2, x1_x3",4,12,0.7124503293242765,0.6049107142857142,0.55,0.5423728813559322
main + x1_sq + x3_sq + x1_x2 + x2_x3,"x1_sq, x3_sq, x1_x2, x2_x3",4,12,0.5433149864659839,0.7667410714285714,0.7,0.7096774193548387
main + x1_sq + x3_sq + x1_x3 + x2_x3,"x1_sq, x3_sq, x1_x3, x2_x3",4,12,0.6144463108231071,0.7455357142857143,0.6666666666666666,0.6774193548387096
main + x1_sq + x1_x2 + x1_x3 + x2_x3,"x1_sq, x1_x2, x1_x3, x2_x3",4,12,0.6204836926486552,0.7354910714285714,0.6666666666666666,0.6774193548387096
main + x2_sq + x3_sq + x1_x2 + x1_x3,"x2_sq, x3_sq, x1_x2, x1_x3",4,12,0.730515291204448,0.609375,0.6,0.5555555555555556
main + x2_sq + x3_sq + x1_x2 + x2_x3,"x2_sq, x3_sq, x1_x2, x2_x3",4,12,0.5640505929527748,0.7600446428571428,0.7,0.7
main + x2_sq + x3_sq + x1_x3 + x2_x3,"x2_sq, x3_sq, x1_x3, x2_x3",4,12,0.6393216330416489,0.7276785714285714,0.6333333333333333,0.6333333333333333
main + x2_sq + x1_x2 + x1_x3 + x2_x3,"x2_sq, x1_x2, x1_x3, x2_x3",4,12,0.6445364105347863,0.71875,0.6666666666666666,0.6774193548387096
main + x3_sq + x1_x2 + x1_x3 + x2_x3,"x3_sq, x1_x2, x1_x3, x2_x3",4,12,0.6290043537841,0.7421875,0.65,0.6440677966101694
main + x1_sq + x2_sq + x3_sq + x1_x2 + x1_x3,"x1_sq, x2_sq, x3_sq, x1_x2, x1_x3",5,12,0.7134192477953396,0.609375,0.55,0.5423728813559322
main + x1_sq + x2_sq + x3_sq + x1_x2 + x2_x3,"x1_sq, x2_sq, x3_sq, x1_x2, x2_x3",5,12,0.5451568610335128,0.7555803571428572,0.6833333333333333,0.6984126984126984
main + x1_sq + x2_sq + x3_sq + x1_x3 + x2_x3,"x1_sq, x2_sq, x3_sq, x1_x3, x2_x3",5,12,0.6171158685138597,0.7366071428571428,0.6333333333333333,0.6451612903225806
main + x1_sq + x2_sq + x1_x2 + x1_x3 + x2_x3,"x1_sq, x2_sq, x1_x2, x1_x3, x2_x3",5,12,0.6234860794101009,0.7287946428571428,0.65,0.6666666666666666
main + x1_sq + x3_sq + x1_x2 + x1_x3 + x2_x3,"x1_sq, x3_sq, x1_x2, x1_x3, x2_x3",5,12,0.6064955692941744,0.7455357142857142,0.65,0.6557377049180327
main + x2_sq + x3_sq + x1_x2 + x1_x3 + x2_x3,"x2_sq, x3_sq, x1_x2, x1_x3, x2_x3",5,12,0.6315990241294482,0.7377232142857142,0.65,0.6440677966101694
main + x1_sq + x2_sq + x3_sq + x1_x2 + x1_x3 + x2_x3,"x1_sq, x2_sq, x3_sq, x1_x2, x1_x3, x2_x3",6,12,0.6101323280831853,0.7377232142857143,0.6333333333333333,0.6451612903225806
main effects only,none,0,13,0.6027547465877825,0.7589285714285714,0.7,0.6785714285714286
main + x1_sq,x1_sq,1,13,0.5933006152817248,0.7533482142857143,0.7333333333333333,0.7419354838709677
main + x2_sq,x2_sq,1,13,0.6021676993520662,0.7566964285714286,0.7,0.6785714285714286
main + x3_sq,x3_sq,1,13,0.6152556722881202,0.7444196428571428,0.7166666666666667,0.6909090909090909
main + x1_x2,x1_x2,1,13,0.6008027479314318,0.7522321428571429,0.7,0.6785714285714286
main + x1_x3,x1_x3,1,13,0.5929847888228643,0.7745535714285714,0.7,0.6785714285714286
main + x2_x3,x2_x3,1,13,0.5267876741435568,0.8225446428571429,0.7666666666666667,0.7307692307692307
main + x1_sq + x2_sq,"x1_sq, x2_sq",2,13,0.592315364371258,0.7578125,0.7333333333333333,0.7419354838709677
main + x1_sq + x3_sq,"x1_sq, x3_sq",2,13,0.6065104857327263,0.7533482142857143,0.7,0.71875
main + x1_sq + x1_x2,"x1_sq, x1_x2",2,13,0.5912784926556807,0.7566964285714286,0.75,0.7457627118644068
main + x1_sq + x1_x3,"x1_sq, x1_x3",2,13,0.5847474316697957,0.7700892857142857,0.75,0.7457627118644068
main + x1_sq + x2_x3,"x1_sq, x2_x3",2,13,0.5171679104738829,0.8247767857142858,0.7666666666666667,0.7407407407407407
main + x2_sq + x3_sq,"x2_sq, x3_sq",2,13,0.6153066530933164,0.7444196428571428,0.7166666666666667,0.6909090909090909
main + x2_sq + x1_x2,"x2_sq, x1_x2",2,13,0.6004199301660568,0.7533482142857143,0.7,0.6785714285714286
main + x2_sq + x1_x3,"x2_sq, x1_x3",2,13,0.5924474158090003,0.7767857142857142,0.7,0.6785714285714286
main + x2_sq + x2_x3,"x2_sq, x2_x3",2,13,0.5258153584933362,0.8225446428571429,0.7666666666666667,0.7307692307692307
main + x3_sq + x1_x2,"x3_sq, x1_x2",2,13,0.6139420027665348,0.7455357142857142,0.7166666666666667,0.6909090909090909
main + x3_sq + x1_x3,"x3_sq, x1_x3",2,13,0.6037674215083588,0.7555803571428572,0.7,0.6666666666666666
main + x3_sq + x2_x3,"x3_sq, x2_x3",2,13,0.5660183126459264,0.7924107142857142,0.7,0.6538461538461539
main + x1_x2 + x1_x3,"x1_x2, x1_x3",2,13,0.5900939868795619,0.7734375,0.7,0.6785714285714286
main + x1_x2 + x2_x3,"x1_x2, x2_x3",2,13,0.5255707405951955,0.8281249999999999,0.7833333333333333,0.7450980392156863
main + x1_x3 + x2_x3,"x1_x3, x2_x3",2,13,0.5257603127568565,0.8348214285714286,0.7666666666666667,0.7307692307692307
main + x1_sq + x2_sq + x3_sq,"x1_sq, x2_sq, x3_sq",3,13,0.6059959183683901,0.7566964285714286,0.6833333333333333,0.6984126984126984
main + x1_sq + x2_sq + x1_x2,"x1_sq, x2_sq, x1_x2",3,13,0.590375162232241,0.7578125,0.7333333333333333,0.7333333333333333
main + x1_sq + x2_sq + x1_x3,"x1_sq, x2_sq, x1_x3",3,13,0.5837629266272276,0.7712053571428572,0.75,0.7457627118644068
main + x1_sq + x2_sq + x2_x3,"x1_sq, x2_sq, x2_x3",3,13,0.5159054432622223,0.8247767857142857,0.7666666666666667,0.7407407407407407
main + x1_sq + x3_sq + x1_x2,"x1_sq, x3_sq, x1_x2",3,13,0.6050972256293068,0.7611607142857143,0.6833333333333333,0.6984126984126984
main + x1_sq + x3_sq + x1_x3,"x1_sq, x3_sq, x1_x3",3,13,0.5960179116234628,0.7678571428571428,0.7166666666666667,0.7301587301587301
main + x1_sq + x3_sq + x2_x3,"x1_sq, x3_sq, x2_x3",3,13,0.5587103337740118,0.7946428571428572,0.7166666666666667,0.7017543859649122
main + x1_sq + x1_x2 + x1_x3,"x1_sq, x1_x2, x1_x3",3,13,0.5812665097638517,0.78125,0.75,0.7457627118644068
main + x1_sq + x1_x2 + x2_x3,"x1_sq, x1_x2, x2_x3",3,13,0.5168893192210176,0.8303571428571428,0.7666666666666667,0.7407407407407407
main + x1_sq + x1_x3 + x2_x3,"x1_sq, x1_x3, x2_x3",3,13,0.5156951859465232,0.828125,0.7833333333333333,0.7547169811320755
main + x2_sq + x3_sq + x1_x2,"x2_sq, x3_sq, x1_x2",3,13,0.6141711799358164,0.7444196428571428,0.7166666666666667,0.6909090909090909
main + x2_sq + x3_sq + x1_x3,"x2_sq, x3_sq, x1_x3",3,13,0.6040381360998448,0.7533482142857143,0.7166666666666667,0.6909090909090909
main + x2_sq + x3_sq + x2_x3,"x2_sq, x3_sq, x2_x3",3,13,0.5652452736287301,0.7912946428571429,0.7,0.6538461538461539
main + x2_sq + x1_x2 + x1_x3,"x2_sq, x1_x2, x1_x3",3,13,0.589798358284819,0.7723214285714285,0.7,0.6785714285714286
main + x2_sq + x1_x2 + x2_x3,"x2_sq, x1_x2, x2_x3",3,13,0.5247614146908484,0.828125,0.7833333333333333,0.7450980392156863
main + x2_sq + x1_x3 + x2_x3,"x2_sq, x1_x3, x2_x3",3,13,0.524431439106865,0.8270089285714285,0.7666666666666667,0.7307692307692307
main + x3_sq + x1_x2 + x1_x3,"x3_sq, x1_x2, x1_x3",3,13,0.6015851186254586,0.7578125,0.7333333333333333,0.7142857142857143
main + x3_sq + x1_x2 + x2_x3,"x3_sq, x1_x2, x2_x3",3,13,0.5640497331556382,0.7935267857142857,0.7166666666666667,0.6666666666666666
main + x3_sq + x1_x3 + x2_x3,"x3_sq, x1_x3, x2_x3",3,13,0.5620931139221786,0.8046875,0.7333333333333333,0.6923076923076923
main + x1_x2 + x1_x3 + x2_x3,"x1_x2, x1_x3, x2_x3",3,13,0.5245375158708645,0.8314732142857143,0.7833333333333333,0.7450980392156863
main + x1_sq + x2_sq + x3_sq + x1_x2,"x1_sq, x2_sq, x3_sq, x1_x2",4,13,0.6046713954775952,0.7611607142857142,0.7,0.7096774193548387
main + x1_sq + x2_sq + x3_sq + x1_x3,"x1_sq, x2_sq, x3_sq, x1_x3",4,13,0.595615996622681,0.7712053571428572,0.7166666666666667,0.7301587301587301
main + x1_sq + x2_sq + x3_sq + x2_x3,"x1_sq, x2_sq, x3_sq, x2_x3",4,13,0.5570936795506015,0.7946428571428572,0.7166666666666667,0.6909090909090909
main + x1_sq + x2_sq + x1_x2 + x1_x3,"x1_sq, x2_sq, x1_x2, x1_x3",4,13,0.5803869493713871,0.7790178571428572,0.75,0.7457627118644068
main + x1_sq + x2_sq + x1_x2 + x2_x3,"x1_sq, x2_sq, x1_x2, x2_x3",4,13,0.5156080700541954,0.8292410714285714,0.7833333333333333,0.7547169811320755
main + x1_sq + x2_sq + x1_x3 + x2_x3,"x1_sq, x2_sq, x1_x3, x2_x3",4,13,0.5140146310230967,0.828125,0.7666666666666667,0.7407407407407407
main + x1_sq + x3_sq + x1_x2 + x1_x3,"x1_sq, x3_sq, x1_x2, x1_x3",4,13,0.5933099077137061,0.7734375,0.7,0.7096774193548387
main + x1_sq + x3_sq + x1_x2 + x2_x3,"x1_sq, x3_sq, x1_x2, x2_x3",4,13,0.5580575473599515,0.796875,0.7166666666666667,0.7017543859649122
main + x1_sq + x3_sq + x1_x3 + x2_x3,"x1_sq, x3_sq, x1_x3, x2_x3",4,13,0.5538252457562051,0.8046875,0.7166666666666667,0.7017543859649122
main + x1_sq + x1_x2 + x1_x3 + x2_x3,"x1_sq, x1_x2, x1_x3, x2_x3",4,13,0.5153397981300805,0.8381696428571429,0.7833333333333333,0.7547169811320755
main + x2_sq + x3_sq + x1_x2 + x1_x3,"x2_sq, x3_sq, x1_x2, x1_x3",4,13,0.6021171641686925,0.7566964285714286,0.7166666666666667,0.6909090909090909
main + x2_sq + x3_sq + x1_x2 + x2_x3,"x2_sq, x3_sq, x1_x2, x2_x3",4,13,0.5635322417645412,0.7935267857142857,0.7166666666666667,0.6666666666666666
main + x2_sq + x3_sq + x1_x3 + x2_x3,"x2_sq, x3_sq, x1_x3, x2_x3",4,13,0.5611736463237013,0.8069196428571428,0.7166666666666667,0.6792452830188679
main + x2_sq + x1_x2 + x1_x3 + x2_x3,"x2_sq, x1_x2, x1_x3, x2_x3",4,13,0.5233997843121723,0.8303571428571429,0.7833333333333333,0.7450980392156863
main + x3_sq + x1_x2 + x1_x3 + x2_x3,"x3_sq, x1_x2, x1_x3, x2_x3",4,13,0.5600332128453124,0.8091517857142858,0.7333333333333333,0.6923076923076923
main + x1_sq + x2_sq + x3_sq + x1_x2 + x1_x3,"x1_sq, x2_sq, x3_sq, x1_x2, x1_x3",5,13,0.5930429571039384,0.7734375,0.7,0.7096774193548387
main + x1_sq + x2_sq + x3_sq + x1_x2 + x2_x3,"x1_sq, x2_sq, x3_sq, x1_x2, x2_x3",5,13,0.5565954806368701,0.7924107142857143,0.7333333333333333,0.7142857142857143
main + x1_sq + x2_sq + x3_sq + x1_x3 + x2_x3,"x1_sq, x2_sq, x3_sq, x1_x3, x2_x3",5,13,0.5520622944054339,0.8046875,0.7333333333333333,0.7142857142857143
main + x1_sq + x2_sq + x1_x2 + x1_x3 + x2_x3,"x1_sq, x2_sq, x1_x2, x1_x3, x2_x3",5,13,0.5136605627682967,0.8348214285714286,0.7833333333333333,0.7547169811320755
main + x1_sq + x3_sq + x1_x2 + x1_x3 + x2_x3,"x1_sq, x3_sq, x1_x2, x1_x3, x2_x3",5,13,0.552444196924347,0.8147321428571429,0.75,0.7272727272727273
main + x2_sq + x3_sq + x1_x2 + x1_x3 + x2_x3,"x2_sq, x3_sq, x1_x2, x1_x3, x2_x3",5,13,0.5595331459471528,0.8113839285714286,0.7333333333333333,0.6923076923076923
main + x1_sq + x2_sq + x3_sq + x1_x2 + x1_x3 + x2_x3,"x1_sq, x2_sq, x3_sq, x1_x2, x1_x3, x2_x3",6,13,0.5510854311316568,0.8125,0.75,0.7272727272727273
main effects only,none,0,14,0.5433840257630194,0.8609566184649611,0.7833333333333333,0.7636363636363637
main + x1_sq,x1_sq,1,14,0.5354829111887696,0.8520578420467185,0.8333333333333334,0.8333333333333334
main + x2_sq,x2_sq,1,14,0.5547077791982631,0.8553948832035595,0.7833333333333333,0.7547169811320755
main + x3_sq,x3_sq,1,14,0.537867944795561,0.864293659621802,0.7666666666666667,0.75
main + x1_x2,x1_x2,1,14,0.5495043666268729,0.8542825361512792,0.7833333333333333,0.7636363636363637
main + x1_x3,x1_x3,1,14,0.5312983554431766,0.8709677419354839,0.7833333333333333,0.7636363636363637
main + x2_x3,x2_x3,1,14,0.44161296814549533,0.8987764182424917,0.8333333333333334,0.8275862068965517
main + x1_sq + x2_sq,"x1_sq, x2_sq",2,14,0.5476337119843523,0.8442714126807565,0.8166666666666667,0.8135593220338984
main + x1_sq + x3_sq,"x1_sq, x3_sq",2,14,0.529876159952986,0.8531701890989989,0.8333333333333334,0.8333333333333334
main + x1_sq + x1_x2,"x1_sq, x1_x2",2,14,0.5424615999632325,0.8553948832035594,0.8166666666666667,0.819672131147541
main + x1_sq + x1_x3,"x1_sq, x1_x3",2,14,0.5249694449795287,0.8598442714126807,0.8,0.7931034482758621
main + x1_sq + x2_x3,"x1_sq, x2_x3",2,14,0.43537241867586923,0.9110122358175751,0.8666666666666667,0.8571428571428571
main + x2_sq + x3_sq,"x2_sq, x3_sq",2,14,0.5495766099373308,0.8620689655172414,0.7666666666666667,0.7407407407407407
main + x2_sq + x1_x2,"x2_sq, x1_x2",2,14,0.563243289763427,0.8509454949944383,0.7833333333333333,0.7547169811320755
main + x2_sq + x1_x3,"x2_sq, x1_x3",2,14,0.5425998883773808,0.8687430478309233,0.7833333333333333,0.7547169811320755
main + x2_sq + x2_x3,"x2_sq, x2_x3",2,14,0.4471397747298039,0.8887652947719689,0.8,0.7931034482758621
main + x3_sq + x1_x2,"x3_sq, x1_x2",2,14,0.544799380701339,0.8542825361512792,0.7666666666666667,0.75
main + x3_sq + x1_x3,"x3_sq, x1_x3",2,14,0.5225171117810151,0.8776418242491658,0.8,0.7857142857142857
main + x3_sq + x2_x3,"x3_sq, x2_x3",2,14,0.4292030263803645,0.9054505005561735,0.85,0.8421052631578947
main + x1_x2 + x1_x3,"x1_x2, x1_x3",2,14,0.5366220956384863,0.8743047830923248,0.8,0.7777777777777778
main + x1_x2 + x2_x3,"x1_x2, x2_x3",2,14,0.4572038428238996,0.8876529477196885,0.85,0.8421052631578947
main + x1_x3 + x2_x3,"x1_x3, x2_x3",2,14,0.4371263881797748,0.8976640711902113,0.8833333333333333,0.8727272727272727
main + x1_sq + x2_sq + x3_sq,"x1_sq, x2_sq, x3_sq",3,14,0.5425313132128368,0.846496106785317,0.8166666666666667,0.8135593220338984
main + x1_sq + x2_sq + x1_x2,"x1_sq, x2_sq, x1_x2",3,14,0.5579285826431318,0.8420467185761957,0.8166666666666667,0.8135593220338984
main + x1_sq + x2_sq + x1_x3,"x1_sq, x2_sq, x1_x3",3,14,0.5370497194261644,0.8531701890989989,0.8166666666666667,0.8135593220338984
main + x1_sq + x2_sq + x2_x3,"x1_sq, x2_sq, x2_x3",3,14,0.4413039777239251,0.8998887652947719,0.8666666666666667,0.8571428571428571
main + x1_sq + x3_sq + x1_x2,"x1_sq, x3_sq, x1_x2",3,14,0.5373898784397522,0.8598442714126808,0.8166666666666667,0.819672131147541
main + x1_sq + x3_sq + x1_x3,"x1_sq, x3_sq, x1_x3",3,14,0.5166738407863317,0.8687430478309233,0.8166666666666667,0.8135593220338984
main + x1_sq + x3_sq + x2_x3,"x1_sq, x3_sq, x2_x3",3,14,0.4219776921095966,0.9199110122358176,0.8666666666666667,0.8620689655172413
main + x1_sq + x1_x2 + x1_x3,"x1_sq, x1_x2, x1_x3",3,14,0.5308582820671623,0.870967741935484,0.8,0.8
main + x1_sq + x1_x2 + x2_x3,"x1_sq, x1_x2, x2_x3",3,14,0.4546150731498486,0.8943270300333704,0.85,0.8363636363636363
main + x1_sq + x1_x3 + x2_x3,"x1_sq, x1_x3, x2_x3",3,14,0.43056727969587094,0.917686318131257,0.8666666666666667,0.8571428571428571
main + x2_sq + x3_sq + x1_x2,"x2_sq, x3_sq, x1_x2",3,14,0.5589843944889303,0.8487208008898777,0.7666666666666667,0.7407407407407407
main + x2_sq + x3_sq + x1_x3,"x2_sq, x3_sq, x1_x3",3,14,0.5341291140459783,0.8765294771968855,0.7666666666666667,0.7407407407407407
main + x2_sq + x3_sq + x2_x3,"x2_sq, x3_sq, x2_x3",3,14,0.4352476846634518,0.8954393770856508,0.8333333333333334,0.8275862068965517
main + x2_sq + x1_x2 + x1_x3,"x2_sq, x1_x2, x1_x3",3,14,0.5507738151128939,0.8620689655172414,0.7833333333333333,0.7547169811320755
main + x2_sq + x1_x2 + x2_x3,"x2_sq, x1_x2, x2_x3",3,14,0.4621649409030958,0.8776418242491657,0.8333333333333334,0.8214285714285714
main + x2_sq + x1_x3 + x2_x3,"x2_sq, x1_x3, x2_x3",3,14,0.44189233938229006,0.8943270300333703,0.85,0.8363636363636363
main + x3_sq + x1_x2 + x1_x3,"x3_sq, x1_x2, x1_x3",3,14,0.5285818760813654,0.8765294771968853,0.8,0.7857142857142857
main + x3_sq + x1_x2 + x2_x3,"x3_sq, x1_x2, x2_x3",3,14,0.44472486299952885,0.8932146829810901,0.8333333333333334,0.8275862068965517
main + x3_sq + x1_x3 + x2_x3,"x3_sq, x1_x3, x2_x3",3,14,0.42138442582453534,0.9098998887652947,0.8666666666666667,0.8571428571428571
main + x1_x2 + x1_x3 + x2_x3,"x1_x2, x1_x3, x2_x3",3,14,0.4510787402666992,0.8943270300333704,0.8666666666666667,0.8571428571428571
main + x1_sq + x2_sq + x3_sq + x1_x2,"x1_sq, x2_sq, x3_sq, x1_x2",4,14,0.5535406460483473,0.8442714126807565,0.8166666666666667,0.8135593220338984
main + x1_sq + x2_sq + x3_sq + x1_x3,"x1_sq, x2_sq, x3_sq, x1_x3",4,14,0.5291635539312943,0.8565072302558399,0.8166666666666667,0.8135593220338984
main + x1_sq + x2_sq + x3_sq + x2_x3,"x1_sq, x2_sq, x3_sq, x2_x3",4,14,0.4287001456355025,0.9087875417130145,0.8666666666666667,0.8620689655172413
main + x1_sq + x2_sq + x1_x2 + x1_x3,"x1_sq, x2_sq, x1_x2, x1_x3",4,14,0.546778586462521,0.8565072302558399,0.7833333333333333,0.7796610169491526
main + x1_sq + x2_sq + x1_x2 + x2_x3,"x1_sq, x2_sq, x1_x2, x2_x3",4,14,0.45954422083562846,0.8854282536151279,0.8333333333333334,0.8148148148148148
main + x1_sq + x2_sq + x1_x3 + x2_x3,"x1_sq, x2_sq, x1_x3, x2_x3",4,14,0.43599873610439543,0.9010011123470523,0.85,0.8363636363636363
main + x1_sq + x3_sq + x1_x2 + x1_x3,"x1_sq, x3_sq, x1_x2, x1_x3",4,14,0.5232591330953918,0.8743047830923248,0.8166666666666667,0.819672131147541
main + x1_sq + x3_sq + x1_x2 + x2_x3,"x1_sq, x3_sq, x1_x2, x2_x3",4,14,0.44111132502499334,0.9021134593993325,0.8166666666666667,0.8070175438596491
main + x1_sq + x3_sq + x1_x3 + x2_x3,"x1_sq, x3_sq, x1_x3, x2_x3",4,14,0.4153307379325908,0.9221357063403782,0.85,0.8421052631578947
main + x1_sq + x1_x2 + x1_x3 + x2_x3,"x1_sq, x1_x2, x1_x3, x2_x3",4,14,0.4489799062439852,0.8976640711902114,0.85,0.8301886792452831
main + x2_sq + x3_sq + x1_x2 + x1_x3,"x2_sq, x3_sq, x1_x2, x1_x3",4,14,0.5430203446812525,0.8631813125695217,0.8,0.7692307692307693
main + x2_sq + x3_sq + x1_x2 + x2_x3,"x2_sq, x3_sq, x1_x2, x2_x3",4,14,0.4503416963843426,0.8876529477196886,0.8333333333333334,0.8275862068965517
main + x2_sq + x3_sq + x1_x3 + x2_x3,"x2_sq, x3_sq, x1_x3, x2_x3",4,14,0.4271507502171064,0.9043381535038932,0.8333333333333334,0.8214285714285714
main + x2_sq + x1_x2 + x1_x3 + x2_x3,"x2_sq, x1_x2, x1_x3, x2_x3",4,14,0.4556698321877684,0.8865406006674081,0.85,0.8363636363636363
main + x3_sq + x1_x2 + x1_x3 + x2_x3,"x3_sq, x1_x2, x1_x3, x2_x3",4,14,0.4350750369407072,0.9065628476084538,0.85,0.8421052631578947
main + x1_sq + x2_sq + x3_sq + x1_x2 + x1_x3,"x1_sq, x2_sq, x3_sq, x1_x2, x1_x3",5,14,0.5396787338689316,0.8542825361512791,0.7833333333333333,0.7796610169491526
main + x1_sq + x2_sq + x3_sq + x1_x2 + x2_x3,"x1_sq, x2_sq, x3_sq, x1_x2, x2_x3",5,14,0.4469219645914508,0.8943270300333704,0.8333333333333334,0.8275862068965517
main + x1_sq + x2_sq + x3_sq + x1_x3 + x2_x3,"x1_sq, x2_sq, x3_sq, x1_x3, x2_x3",5,14,0.4219273267050875,0.9110122358175751,0.8333333333333334,0.8275862068965517
main + x1_sq + x2_sq + x1_x2 + x1_x3 + x2_x3,"x1_sq, x2_sq, x1_x2, x1_x3, x2_x3",5,14,0.4538786424650411,0.8943270300333704,0.85,0.8301886792452831
main + x1_sq + x3_sq + x1_x2 + x1_x3 + x2_x3,"x1_sq, x3_sq, x1_x2, x1_x3, x2_x3",5,14,0.4337956537725327,0.9076751946607342,0.8333333333333334,0.8214285714285714
main + x2_sq + x3_sq + x1_x2 + x1_x3 + x2_x3,"x2_sq, x3_sq, x1_x2, x1_x3, x2_x3",5,14,0.44046641582294926,0.8998887652947719,0.8333333333333334,0.8214285714285714
main + x1_sq + x2_sq + x3_sq + x1_x2 + x1_x3 + x2_x3,"x1_sq, x2_sq, x3_sq, x1_x2, x1_x3, x2_x3",6,14,0.439449865133983,0.9021134593993327,0.8333333333333334,0.8148148148148148
main effects only,none,0,15,0.8049184776146813,0.5194660734149055,0.5166666666666667,0.49122807017543857
main + x1_sq,x1_sq,1,15,0.7782396840394861,0.521690767519466,0.5,0.5
main + x2_sq,x2_sq,1,15,0.8056088569179194,0.5205784204671857,0.5,0.4444444444444444
main + x3_sq,x3_sq,1,15,0.8024521872263439,0.5317018909899889,0.5333333333333333,0.5
main + x1_x2,x1_x2,1,15,0.8060949862735198,0.5183537263626251,0.5,0.4642857142857143
main + x1_x3,x1_x3,1,15,0.7959743239956725,0.5294771968854283,0.5333333333333333,0.5
main + x2_x3,x2_x3,1,15,0.6937826228801004,0.6451612903225805,0.5333333333333333,0.46153846153846156
main + x1_sq + x2_sq,"x1_sq, x2_sq",2,15,0.7786310767542347,0.5239154616240267,0.5,0.5
main + x1_sq + x3_sq,"x1_sq, x3_sq",2,15,0.7757762417909044,0.5339265850945495,0.55,0.5423728813559322
main + x1_sq + x1_x2,"x1_sq, x1_x2",2,15,0.7767376992778681,0.5250278086763069,0.5,0.5
main + x1_sq + x1_x3,"x1_sq, x1_x3",2,15,0.7714855357083444,0.528364849833148,0.5333333333333333,0.5333333333333333
main + x1_sq + x2_x3,"x1_sq, x2_x3",2,15,0.6762420609239818,0.6829810901001112,0.5833333333333334,0.5283018867924528
main + x2_sq + x3_sq,"x2_sq, x3_sq",2,15,0.8031473870122593,0.5305895439377085,0.5333333333333333,0.5
main + x2_sq + x1_x2,"x2_sq, x1_x2",2,15,0.8081329035193611,0.5205784204671857,0.5,0.4444444444444444
main + x2_sq + x1_x3,"x2_sq, x1_x3",2,15,0.7965628231898684,0.5328142380422691,0.5166666666666667,0.4528301886792453
main + x2_sq + x2_x3,"x2_sq, x2_x3",2,15,0.6996364704815126,0.6507230255839822,0.5333333333333333,0.46153846153846156
main + x3_sq + x1_x2,"x3_sq, x1_x2",2,15,0.8055111838774884,0.5328142380422692,0.5333333333333333,0.5
main + x3_sq + x1_x3,"x3_sq, x1_x3",2,15,0.7907726722742725,0.542825361512792,0.55,0.509090909090909
main + x3_sq + x2_x3,"x3_sq, x2_x3",2,15,0.6945271887814134,0.6562847608453837,0.5166666666666667,0.43137254901960786
main + x1_x2 + x1_x3,"x1_x2, x1_x3",2,15,0.7942494925301425,0.5283648498331479,0.5333333333333333,0.5
main + x1_x2 + x2_x3,"x1_x2, x2_x3",2,15,0.6896840675752317,0.6507230255839822,0.5333333333333333,0.46153846153846156
main + x1_x3 + x2_x3,"x1_x3, x2_x3",2,15,0.6972769896455323,0.64293659621802,0.5333333333333333,0.46153846153846156
main + x1_sq + x2_sq + x3_sq,"x1_sq, x2_sq, x3_sq",3,15,0.7762367886583063,0.5372636262513905,0.5166666666666667,0.49122807017543857
main + x1_sq + x2_sq + x1_x2,"x1_sq, x2_sq, x1_x2",3,15,0.7780288285469161,0.5239154616240267,0.5,0.5
main + x1_sq + x2_sq + x1_x3,"x1_sq, x2_sq, x1_x3",3,15,0.7717733094995002,0.5261401557285873,0.5,0.5
main + x1_sq + x2_sq + x2_x3,"x1_sq, x2_sq, x2_x3",3,15,0.6779578892489374,0.6729699666295884,0.55,0.47058823529411764
main + x1_sq + x3_sq + x1_x2,"x1_sq, x3_sq, x1_x2",3,15,0.7758278219166009,0.5339265850945495,0.55,0.5423728813559322
main + x1_sq + x3_sq + x1_x3,"x1_sq, x3_sq, x1_x3",3,15,0.7670802533633936,0.5406006674082313,0.55,0.5263157894736842
main + x1_sq + x3_sq + x2_x3,"x1_sq, x3_sq, x2_x3",3,15,0.6787373207058393,0.692992213570634,0.5666666666666667,0.5185185185185185
main + x1_sq + x1_x2 + x1_x3,"x1_sq, x1_x2, x1_x3",3,15,0.7658779304173592,0.5328142380422691,0.5333333333333333,0.5333333333333333
main + x1_sq + x1_x2 + x2_x3,"x1_sq, x1_x2, x2_x3",3,15,0.6708656754185979,0.6896551724137931,0.5666666666666667,0.5
main + x1_sq + x1_x3 + x2_x3,"x1_sq, x1_x3, x2_x3",3,15,0.6796241408446184,0.6840934371523916,0.5833333333333334,0.5283018867924528
main + x2_sq + x3_sq + x1_x2,"x2_sq, x3_sq, x1_x2",3,15,0.807614169310039,0.5294771968854283,0.5166666666666667,0.4727272727272727
main + x2_sq + x3_sq + x1_x3,"x2_sq, x3_sq, x1_x3",3,15,0.7914322172880824,0.5406006674082313,0.55,0.509090909090909
main + x2_sq + x3_sq + x2_x3,"x2_sq, x3_sq, x2_x3",3,15,0.6984849809611788,0.6596218020022246,0.5166666666666667,0.43137254901960786
main + x2_sq + x1_x2 + x1_x3,"x2_sq, x1_x2, x1_x3",3,15,0.7959392086206021,0.5317018909899889,0.5166666666666667,0.4528301886792453
main + x2_sq + x1_x2 + x2_x3,"x2_sq, x1_x2, x2_x3",3,15,0.7003518966270501,0.6507230255839822,0.5333333333333333,0.46153846153846156
main + x2_sq + x1_x3 + x2_x3,"x2_sq, x1_x3, x2_x3",3,15,0.7019940119747248,0.649610678531702,0.5333333333333333,0.46153846153846156
main + x3_sq + x1_x2 + x1_x3,"x3_sq, x1_x2, x1_x3",3,15,0.7905761185071757,0.542825361512792,0.55,0.509090909090909
main + x3_sq + x1_x2 + x2_x3,"x3_sq, x1_x2, x2_x3",3,15,0.6935164082582941,0.6562847608453837,0.5166666666666667,0.43137254901960786
main + x3_sq + x1_x3 + x2_x3,"x3_sq, x1_x3, x2_x3",3,15,0.6951151553565232,0.6562847608453837,0.5166666666666667,0.43137254901960786
main + x1_x2 + x1_x3 + x2_x3,"x1_x2, x1_x3, x2_x3",3,15,0.6921638798893522,0.6473859844271413,0.5333333333333333,0.46153846153846156
main + x1_sq + x2_sq + x3_sq + x1_x2,"x1_sq, x2_sq, x3_sq, x1_x2",4,15,0.7772713886647148,0.5350389321468298,0.5166666666666667,0.49122807017543857
main + x1_sq + x2_sq + x3_sq + x1_x3,"x1_sq, x2_sq, x3_sq, x1_x3",4,15,0.7674971813644934,0.5394883203559511,0.5333333333333333,0.5172413793103449
main + x1_sq + x2_sq + x3_sq + x2_x3,"x1_sq, x2_sq, x3_sq, x2_x3",4,15,0.6793464193703885,0.6852057842046718,0.5666666666666667,0.5
main + x1_sq + x2_sq + x1_x2 + x1_x3,"x1_sq, x2_sq, x1_x2, x1_x3",4,15,0.766673501406533,0.5294771968854283,0.5,0.5
main + x1_sq + x2_sq + x1_x2 + x2_x3,"x1_sq, x2_sq, x1_x2, x2_x3",4,15,0.673570871478441,0.6840934371523916,0.55,0.47058823529411764
main + x1_sq + x2_sq + x1_x3 + x2_x3,"x1_sq, x2_sq, x1_x3, x2_x3",4,15,0.6805710120822748,0.6751946607341491,0.55,0.47058823529411764
main + x1_sq + x3_sq + x1_x2 + x1_x3,"x1_sq, x3_sq, x1_x2, x1_x3",4,15,0.7626589655279887,0.5406006674082313,0.55,0.5263157894736842
main + x1_sq + x3_sq + x1_x2 + x2_x3,"x1_sq, x3_sq, x1_x2, x2_x3",4,15,0.6745690626460519,0.6974416017797553,0.5666666666666667,0.5185185185185185
main + x1_sq + x3_sq + x1_x3 + x2_x3,"x1_sq, x3_sq, x1_x3, x2_x3",4,15,0.6792929827021493,0.6941045606229144,0.5666666666666667,0.5185185185185185
main + x1_sq + x1_x2 + x1_x3 + x2_x3,"x1_sq, x1_x2, x1_x3, x2_x3",4,15,0.6701173789534215,0.6896551724137931,0.5666666666666667,0.5
main + x2_sq + x3_sq + x1_x2 + x1_x3,"x2_sq, x3_sq, x1_x2, x1_x3",4,15,0.7923843250802888,0.5406006674082313,0.55,0.509090909090909
main + x2_sq + x3_sq + x1_x2 + x2_x3,"x2_sq, x3_sq, x1_x2, x2_x3",4,15,0.7015689144021753,0.6562847608453837,0.5166666666666667,0.43137254901960786
main + x2_sq + x3_sq + x1_x3 + x2_x3,"x2_sq, x3_sq, x1_x3, x2_x3",4,15,0.6986002589046574,0.6596218020022246,0.5166666666666667,0.43137254901960786
main + x2_sq + x1_x2 + x1_x3 + x2_x3,"x2_sq, x1_x2, x1_x3, x2_x3",4,15,0.7037572339293766,0.649610678531702,0.5333333333333333,0.46153846153846156
main + x3_sq + x1_x2 + x1_x3 + x2_x3,"x3_sq, x1_x2, x1_x3, x2_x3",4,15,0.6937767414541988,0.6562847608453837,0.5166666666666667,0.43137254901960786
main + x1_sq + x2_sq + x3_sq + x1_x2 + x1_x3,"x1_sq, x2_sq, x3_sq, x1_x2, x1_x3",5,15,0.7636965655800199,0.5417130144605117,0.5333333333333333,0.5172413793103449
main + x1_sq + x2_sq + x3_sq + x1_x2 + x2_x3,"x1_sq, x2_sq, x3_sq, x1_x2, x2_x3",5,15,0.6762253032015485,0.692992213570634,0.55,0.49056603773584906
main + x1_sq + x2_sq + x3_sq + x1_x3 + x2_x3,"x1_sq, x2_sq, x3_sq, x1_x3, x2_x3",5,15,0.679745455876703,0.6852057842046718,0.5666666666666667,0.5
main + x1_sq + x2_sq + x1_x2 + x1_x3 + x2_x3,"x1_sq, x2_sq, x1_x2, x1_x3, x2_x3",5,15,0.673959824109507,0.6840934371523916,0.55,0.47058823529411764
main + x1_sq + x3_sq + x1_x2 + x1_x3 + x2_x3,"x1_sq, x3_sq, x1_x2, x1_x3, x2_x3",5,15,0.6713700036608181,0.6952169076751947,0.5666666666666667,0.5185185185185185
main + x2_sq + x3_sq + x1_x2 + x1_x3 + x2_x3,"x2_sq, x3_sq, x1_x2, x1_x3, x2_x3",5,15,0.703073440095311,0.6551724137931034,0.5166666666666667,0.43137254901960786
main + x1_sq + x2_sq + x3_sq + x1_x2 + x1_x3 + x2_x3,"x1_sq, x2_sq, x3_sq, x1_x2, x1_x3, x2_x3",6,15,0.6743410079202937,0.6918798665183538,0.55,0.49056603773584906
main effects only,none,0,16,0.6873050774281294,0.6026785714285714,0.5333333333333333,0.5483870967741935
main + x1_sq,x1_sq,1,16,0.6683596781036644,0.6026785714285714,0.55,0.5970149253731343
main + x2_sq,x2_sq,1,16,0.6924938512888075,0.5904017857142858,0.5166666666666667,0.5396825396825397
main + x3_sq,x3_sq,1,16,0.6834705495699004,0.6138392857142857,0.5333333333333333,0.5483870967741935
main + x1_x2,x1_x2,1,16,0.6993951614430222,0.59375,0.5333333333333333,0.5483870967741935
main + x1_x3,x1_x3,1,16,0.6810492194896065,0.6238839285714286,0.5333333333333333,0.5483870967741935
main + x2_x3,x2_x3,1,16,0.524698028040351,0.8113839285714286,0.7,0.7
main + x1_sq + x2_sq,"x1_sq, x2_sq",2,16,0.6737650707621362,0.5870535714285714,0.5333333333333333,0.5757575757575758
main + x1_sq + x3_sq,"x1_sq, x3_sq",2,16,0.6645326295952146,0.6238839285714286,0.5666666666666667,0.6176470588235294
main + x1_sq + x1_x2,"x1_sq, x1_x2",2,16,0.680075509331431,0.5848214285714286,0.5666666666666667,0.6060606060606061
main + x1_sq + x1_x3,"x1_sq, x1_x3",2,16,0.6629034969513563,0.6238839285714286,0.55,0.5970149253731343
main + x1_sq + x2_x3,"x1_sq, x2_x3",2,16,0.5057776151866372,0.828125,0.7166666666666667,0.7213114754098361
main + x2_sq + x3_sq,"x2_sq, x3_sq",2,16,0.6881904863810298,0.5993303571428572,0.5166666666666667,0.5396825396825397
main + x2_sq + x1_x2,"x2_sq, x1_x2",2,16,0.7045505742406942,0.5792410714285714,0.5166666666666667,0.5396825396825397
main + x2_sq + x1_x3,"x2_sq, x1_x3",2,16,0.6868854752892584,0.6149553571428572,0.5166666666666667,0.5396825396825397
main + x2_sq + x2_x3,"x2_sq, x2_x3",2,16,0.5263501889608724,0.8080357142857143,0.7166666666666667,0.711864406779661
main + x3_sq + x1_x2,"x3_sq, x1_x2",2,16,0.6955590149509014,0.5982142857142857,0.5333333333333333,0.5483870967741935
main + x3_sq + x1_x3,"x3_sq, x1_x3",2,16,0.6749711373914966,0.6294642857142857,0.5333333333333333,0.5625
main + x3_sq + x2_x3,"x3_sq, x2_x3",2,16,0.5135389434284738,0.8225446428571429,0.7,0.7
main + x1_x2 + x1_x3,"x1_x2, x1_x3",2,16,0.6926038580355965,0.6227678571428572,0.5333333333333333,0.5483870967741935
main + x1_x2 + x2_x3,"x1_x2, x2_x3",2,16,0.5282329803227516,0.8035714285714286,0.7,0.7
main + x1_x3 + x2_x3,"x1_x3, x2_x3",2,16,0.52050100957964,0.8136160714285714,0.7,0.7
main + x1_sq + x2_sq + x3_sq,"x1_sq, x2_sq, x3_sq",3,16,0.6694977073550048,0.6026785714285714,0.5333333333333333,0.5757575757575758
main + x1_sq + x2_sq + x1_x2,"x1_sq, x2_sq, x1_x2",3,16,0.6863725005951704,0.5758928571428572,0.55,0.5970149253731343
main + x1_sq + x2_sq + x1_x3,"x1_sq, x2_sq, x1_x3",3,16,0.6687280284928793,0.6127232142857143,0.55,0.5970149253731343
main + x1_sq + x2_sq + x2_x3,"x1_sq, x2_sq, x2_x3",3,16,0.5066635178033043,0.8270089285714286,0.7,0.7
main + x1_sq + x3_sq + x1_x2,"x1_sq, x3_sq, x1_x2",3,16,0.6761794975350575,0.6060267857142857,0.5833333333333334,0.6268656716417911
main + x1_sq + x3_sq + x1_x3,"x1_sq, x3_sq, x1_x3",3,16,0.6573670807387265,0.6361607142857143,0.5833333333333334,0.6268656716417911
main + x1_sq + x3_sq + x2_x3,"x1_sq, x3_sq, x2_x3",3,16,0.4938138659542551,0.8392857142857143,0.7166666666666667,0.7213114754098361
main + x1_sq + x1_x2 + x1_x3,"x1_sq, x1_x2, x1_x3",3,16,0.6741651617902772,0.6238839285714286,0.5666666666666667,0.6060606060606061
main + x1_sq + x1_x2 + x2_x3,"x1_sq, x1_x2, x2_x3",3,16,0.5091375458208555,0.8225446428571428,0.7166666666666667,0.7213114754098361
main + x1_sq + x1_x3 + x2_x3,"x1_sq, x1_x3, x2_x3",3,16,0.50163656830609,0.8381696428571428,0.7166666666666667,0.7213114754098361
main + x2_sq + x3_sq + x1_x2,"x2_sq, x3_sq, x1_x2",3,16,0.7002991442330019,0.5881696428571428,0.5166666666666667,0.5396825396825397
main + x2_sq + x3_sq + x1_x3,"x2_sq, x3_sq, x1_x3",3,16,0.6802759737857209,0.6294642857142856,0.5166666666666667,0.5396825396825397
main + x2_sq + x3_sq + x2_x3,"x2_sq, x3_sq, x2_x3",3,16,0.5158774616695803,0.8169642857142857,0.7166666666666667,0.711864406779661
main + x2_sq + x1_x2 + x1_x3,"x2_sq, x1_x2, x1_x3",3,16,0.6986741535196166,0.6127232142857143,0.5333333333333333,0.5483870967741935
main + x2_sq + x1_x2 + x2_x3,"x2_sq, x1_x2, x2_x3",3,16,0.5296485281984114,0.8080357142857142,0.7166666666666667,0.711864406779661
main + x2_sq + x1_x3 + x2_x3,"x2_sq, x1_x3, x2_x3",3,16,0.521995050335202,0.8102678571428572,0.7166666666666667,0.711864406779661
main + x3_sq + x1_x2 + x1_x3,"x3_sq, x1_x2, x1_x3",3,16,0.686626333946147,0.6216517857142857,0.5333333333333333,0.5483870967741935
main + x3_sq + x1_x2 + x2_x3,"x3_sq, x1_x2, x2_x3",3,16,0.5172763990563268,0.8214285714285714,0.7,0.7
main + x3_sq + x1_x3 + x2_x3,"x3_sq, x1_x3, x2_x3",3,16,0.5074097998602083,0.8337053571428572,0.7166666666666667,0.711864406779661
main + x1_x2 + x1_x3 + x2_x3,"x1_x2, x1_x3, x2_x3",3,16,0.523303864233512,0.8091517857142857,0.7,0.7
main + x1_sq + x2_sq + x3_sq + x1_x2,"x1_sq, x2_sq, x3_sq, x1_x2",4,16,0.6820730437137844,0.5904017857142857,0.55,0.5970149253731343
main + x1_sq + x2_sq + x3_sq + x1_x3,"x1_sq, x2_sq, x3_sq, x1_x3",4,16,0.662716320074252,0.625,0.55,0.5970149253731343
main + x1_sq + x2_sq + x3_sq + x2_x3,"x1_sq, x2_sq, x3_sq, x2_x3",4,16,0.49577954938991825,0.8404017857142858,0.7166666666666667,0.7213114754098361
main + x1_sq + x2_sq + x1_x2 + x1_x3,"x1_sq, x2_sq, x1_x2, x1_x3",4,16,0.6813495955144371,0.6138392857142857,0.55,0.5970149253731343
main + x1_sq + x2_sq + x1_x2 + x2_x3,"x1_sq, x2_sq, x1_x2, x2_x3",4,16,0.5104566836510923,0.8203125,0.7,0.7
main + x1_sq + x2_sq + x1_x3 + x2_x3,"x1_sq, x2_sq, x1_x3, x2_x3",4,16,0.502389591824801,0.8370535714285714,0.7,0.7
main + x1_sq + x3_sq + x1_x2 + x1_x3,"x1_sq, x3_sq, x1_x2, x1_x3",4,16,0.6688357925991836,0.6316964285714286,0.5833333333333334,0.6268656716417911
main + x1_sq + x3_sq + x1_x2 + x2_x3,"x1_sq, x3_sq, x1_x2, x2_x3",4,16,0.49749164534549517,0.8325892857142857,0.7166666666666667,0.7213114754098361
main + x1_sq + x3_sq + x1_x3 + x2_x3,"x1_sq, x3_sq, x1_x3, x2_x3",4,16,0.48833480711039384,0.84375,0.7166666666666667,0.7213114754098361
main + x1_sq + x1_x2 + x1_x3 + x2_x3,"x1_sq, x1_x2, x1_x3, x2_x3",4,16,0.5032466725014307,0.8359375,0.7166666666666667,0.7213114754098361
main + x2_sq + x3_sq + x1_x2 + x1_x3,"x2_sq, x3_sq, x1_x2, x1_x3",4,16,0.6921385339877093,0.6183035714285714,0.5333333333333333,0.5483870967741935
main + x2_sq + x3_sq + x1_x2 + x2_x3,"x2_sq, x3_sq, x1_x2, x2_x3",4,16,0.5192851443893799,0.8203125,0.7,0.7
main + x2_sq + x3_sq + x1_x3 + x2_x3,"x2_sq, x3_sq, x1_x3, x2_x3",4,16,0.5097878720998067,0.8325892857142858,0.7166666666666667,0.711864406779661
main + x2_sq + x1_x2 + x1_x3 + x2_x3,"x2_sq, x1_x2, x1_x3, x2_x3",4,16,0.5247099489234586,0.8125,0.7166666666666667,0.711864406779661
main + x3_sq + x1_x2 + x1_x3 + x2_x3,"x3_sq, x1_x2, x1_x3, x2_x3",4,16,0.5100282503370556,0.828125,0.7166666666666667,0.711864406779661
main + x1_sq + x2_sq + x3_sq + x1_x2 + x1_x3,"x1_sq, x2_sq, x3_sq, x1_x2, x1_x3",5,16,0.6754946120413119,0.6238839285714285,0.55,0.5970149253731343
main + x1_sq + x2_sq + x3_sq + x1_x2 + x2_x3,"x1_sq, x2_sq, x3_sq, x1_x2, x2_x3",5,16,0.49971835200025533,0.8325892857142857,0.7166666666666667,0.7213114754098361
main + x1_sq + x2_sq + x3_sq + x1_x3 + x2_x3,"x1_sq, x2_sq, x3_sq, x1_x3, x2_x3",5,16,0.49039531998601193,0.8493303571428572,0.7333333333333333,0.7333333333333333
main + x1_sq + x2_sq + x1_x2 + x1_x3 + x2_x3,"x1_sq, x2_sq, x1_x2, x1_x3, x2_x3",5,16,0.5047763889687459,0.8314732142857143,0.7,0.7
main + x1_sq + x3_sq + x1_x2 + x1_x3 + x2_x3,"x1_sq, x3_sq, x1_x2, x1_x3, x2_x3",5,16,0.48969684681969344,0.8459821428571428,0.7166666666666667,0.7213114754098361
main + x2_sq + x3_sq + x1_x2 + x1_x3 + x2_x3,"x2_sq, x3_sq, x1_x2, x1_x3, x2_x3",5,16,0.5121837430284945,0.8292410714285714,0.7166666666666667,0.711864406779661
main + x1_sq + x2_sq + x3_sq + x1_x2 + x1_x3 + x2_x3,"x1_sq, x2_sq, x3_sq, x1_x2, x1_x3, x2_x3",6,16,0.4923201685470489,0.8426339285714286,0.7166666666666667,0.7213114754098361
main effects only,none,0,17,0.6008752695749173,0.7477678571428572,0.65,0.5714285714285714
main + x1_sq,x1_sq,1,17,0.6135049115159686,0.7444196428571429,0.6833333333333333,0.6779661016949152
main + x2_sq,x2_sq,1,17,0.6003120859476151,0.7477678571428572,0.6333333333333333,0.56
main + x3_sq,x3_sq,1,17,0.604982730652922,0.7377232142857143,0.6833333333333333,0.6415094339622641
main + x1_x2,x1_x2,1,17,0.5990086196128919,0.7477678571428572,0.65,0.5714285714285714
main + x1_x3,x1_x3,1,17,0.5998257581397405,0.7633928571428572,0.65,0.5714285714285714
main + x2_x3,x2_x3,1,17,0.5338993414301857,0.7801339285714286,0.6666666666666666,0.6296296296296297
main + x1_sq + x2_sq,"x1_sq, x2_sq",2,17,0.612840451920844,0.7511160714285714,0.6833333333333333,0.6779661016949152
main + x1_sq + x3_sq,"x1_sq, x3_sq",2,17,0.6292289983767031,0.71875,0.6333333333333333,0.6333333333333333
main + x1_sq + x1_x2,"x1_sq, x1_x2",2,17,0.610406174150602,0.7488839285714286,0.6666666666666666,0.6666666666666666
main + x1_sq + x1_x3,"x1_sq, x1_x3",2,17,0.6392639635727495,0.7477678571428572,0.7,0.6896551724137931
main + x1_sq + x2_x3,"x1_sq, x2_x3",2,17,0.534061902868528,0.7845982142857143,0.6833333333333333,0.6666666666666666
main + x2_sq + x3_sq,"x2_sq, x3_sq",2,17,0.6046487073267856,0.7377232142857143,0.7,0.6538461538461539
main + x2_sq + x1_x2,"x2_sq, x1_x2",2,17,0.5986018248628222,0.7511160714285714,0.6666666666666666,0.6
main + x2_sq + x1_x3,"x2_sq, x1_x3",2,17,0.5992051524023748,0.7578125,0.6666666666666666,0.6
main + x2_sq + x2_x3,"x2_sq, x2_x3",2,17,0.5321266321792357,0.7857142857142857,0.6666666666666666,0.6296296296296297
main + x3_sq + x1_x2,"x3_sq, x1_x2",2,17,0.6035854006381979,0.7399553571428571,0.6833333333333333,0.6415094339622641
main + x3_sq + x1_x3,"x3_sq, x1_x3",2,17,0.6040584277007011,0.7488839285714285,0.7,0.6538461538461539
main + x3_sq + x2_x3,"x3_sq, x2_x3",2,17,0.5233047008184235,0.7946428571428571,0.6833333333333333,0.6415094339622641
main + x1_x2 + x1_x3,"x1_x2, x1_x3",2,17,0.5967385069399926,0.7578125,0.6833333333333333,0.6274509803921569
main + x1_x2 + x2_x3,"x1_x2, x2_x3",2,17,0.5295124046806757,0.7912946428571428,0.6666666666666666,0.6296296296296297
main + x1_x3 + x2_x3,"x1_x3, x2_x3",2,17,0.5298151928353803,0.7845982142857142,0.6666666666666666,0.6296296296296297
main + x1_sq + x2_sq + x3_sq,"x1_sq, x2_sq, x3_sq",3,17,0.6286876089577901,0.7176339285714286,0.6333333333333333,0.6333333333333333
main + x1_sq + x2_sq + x1_x2,"x1_sq, x2_sq, x1_x2",3,17,0.6097511503293178,0.7533482142857142,0.6833333333333333,0.6779661016949152
main + x1_sq + x2_sq + x1_x3,"x1_sq, x2_sq, x1_x3",3,17,0.6389169047936654,0.7511160714285714,0.6833333333333333,0.6666666666666666
main + x1_sq + x2_sq + x2_x3,"x1_sq, x2_sq, x2_x3",3,17,0.5307695736890319,0.7879464285714286,0.7,0.6785714285714286
main + x1_sq + x3_sq + x1_x2,"x1_sq, x3_sq, x1_x2",3,17,0.6270486828820687,0.71875,0.6333333333333333,0.6333333333333333
main + x1_sq + x3_sq + x1_x3,"x1_sq, x3_sq, x1_x3",3,17,0.6623399343650643,0.7444196428571428,0.7,0.6896551724137931
main + x1_sq + x3_sq + x2_x3,"x1_sq, x3_sq, x2_x3",3,17,0.5258170043212278,0.8046875,0.7166666666666667,0.7017543859649122
main + x1_sq + x1_x2 + x1_x3,"x1_sq, x1_x2, x1_x3",3,17,0.6341308423748984,0.7477678571428572,0.7,0.6785714285714286
main + x1_sq + x1_x2 + x2_x3,"x1_sq, x1_x2, x2_x3",3,17,0.5291718879774016,0.7879464285714285,0.6833333333333333,0.6666666666666666
main + x1_sq + x1_x3 + x2_x3,"x1_sq, x1_x3, x2_x3",3,17,0.5321061895581388,0.7924107142857143,0.6833333333333333,0.6666666666666666
main + x2_sq + x3_sq + x1_x2,"x2_sq, x3_sq, x1_x2",3,17,0.6033469019717683,0.7388392857142858,0.7,0.6538461538461539
main + x2_sq + x3_sq + x1_x3,"x2_sq, x3_sq, x1_x3",3,17,0.6036424987230203,0.7477678571428571,0.7,0.6538461538461539
main + x2_sq + x3_sq + x2_x3,"x2_sq, x3_sq, x2_x3",3,17,0.5226288207495401,0.796875,0.6833333333333333,0.6415094339622641
main + x2_sq + x1_x2 + x1_x3,"x2_sq, x1_x2, x1_x3",3,17,0.5962976529618704,0.7555803571428571,0.6666666666666666,0.6
main + x2_sq + x1_x2 + x2_x3,"x2_sq, x1_x2, x2_x3",3,17,0.5282143183192559,0.7946428571428572,0.6833333333333333,0.6545454545454545
main + x2_sq + x1_x3 + x2_x3,"x2_sq, x1_x3, x2_x3",3,17,0.5277431007228026,0.7857142857142857,0.6666666666666666,0.6296296296296297
main + x3_sq + x1_x2 + x1_x3,"x3_sq, x1_x2, x1_x3",3,17,0.6012770263597182,0.7455357142857143,0.7,0.6538461538461539
main + x3_sq + x1_x2 + x2_x3,"x3_sq, x1_x2, x2_x3",3,17,0.5197010183090699,0.7991071428571428,0.6833333333333333,0.6415094339622641
main + x3_sq + x1_x3 + x2_x3,"x3_sq, x1_x3, x2_x3",3,17,0.5174455244774833,0.8024553571428572,0.7,0.6538461538461539
main + x1_x2 + x1_x3 + x2_x3,"x1_x2, x1_x3, x2_x3",3,17,0.5246748515133967,0.7901785714285714,0.6666666666666666,0.6296296296296297
main + x1_sq + x2_sq + x3_sq + x1_x2,"x1_sq, x2_sq, x3_sq, x1_x2",4,17,0.6264984840092377,0.7176339285714286,0.6333333333333333,0.6333333333333333
main + x1_sq + x2_sq + x3_sq + x1_x3,"x1_sq, x2_sq, x3_sq, x1_x3",4,17,0.6618596533621943,0.7421875,0.7,0.6896551724137931
main + x1_sq + x2_sq + x3_sq + x2_x3,"x1_sq, x2_sq, x3_sq, x2_x3",4,17,0.5238131302278656,0.8046875,0.7333333333333333,0.7142857142857143
main + x1_sq + x2_sq + x1_x2 + x1_x3,"x1_sq, x2_sq, x1_x2, x1_x3",4,17,0.6338212114346125,0.7511160714285714,0.6666666666666666,0.6428571428571429
main + x1_sq + x2_sq + x1_x2 + x2_x3,"x1_sq, x2_sq, x1_x2, x2_x3",4,17,0.5266486484641688,0.7935267857142857,0.7,0.6785714285714286
main + x1_sq + x2_sq + x1_x3 + x2_x3,"x1_sq, x2_sq, x1_x3, x2_x3",4,17,0.5286526023887675,0.7912946428571428,0.7,0.6666666666666666
main + x1_sq + x3_sq + x1_x2 + x1_x3,"x1_sq, x3_sq, x1_x2, x1_x3",4,17,0.6588151697448807,0.7433035714285714,0.7,0.6896551724137931
main + x1_sq + x3_sq + x1_x2 + x2_x3,"x1_sq, x3_sq, x1_x2, x2_x3",4,17,0.5216402952979731,0.8091517857142857,0.7333333333333333,0.7142857142857143
main + x1_sq + x3_sq + x1_x3 + x2_x3,"x1_sq, x3_sq, x1_x3, x2_x3",4,17,0.5243034806492445,0.8169642857142857,0.75,0.7272727272727273
main + x1_sq + x1_x2 + x1_x3 + x2_x3,"x1_sq, x1_x2, x1_x3, x2_x3",4,17,0.5253711873349529,0.7935267857142857,0.7,0.6785714285714286
main + x2_sq + x3_sq + x1_x2 + x1_x3,"x2_sq, x3_sq, x1_x2, x1_x3",4,17,0.6009863051135347,0.7433035714285714,0.7,0.6538461538461539
main + x2_sq + x3_sq + x1_x2 + x2_x3,"x2_sq, x3_sq, x1_x2, x2_x3",4,17,0.5192548056950548,0.7991071428571429,0.7,0.6666666666666666
main + x2_sq + x3_sq + x1_x3 + x2_x3,"x2_sq, x3_sq, x1_x3, x2_x3",4,17,0.5166653917819616,0.8046875,0.7,0.6538461538461539
main + x2_sq + x1_x2 + x1_x3 + x2_x3,"x2_sq, x1_x2, x1_x3, x2_x3",4,17,0.5232332227193283,0.7901785714285714,0.6666666666666666,0.6296296296296297
main + x3_sq + x1_x2 + x1_x3 + x2_x3,"x3_sq, x1_x2, x1_x3, x2_x3",4,17,0.5127376270847387,0.8102678571428572,0.7166666666666667,0.6792452830188679
main + x1_sq + x2_sq + x3_sq + x1_x2 + x1_x3,"x1_sq, x2_sq, x3_sq, x1_x2, x1_x3",5,17,0.658371785083096,0.7377232142857142,0.7,0.6896551724137931
main + x1_sq + x2_sq + x3_sq + x1_x2 + x2_x3,"x1_sq, x2_sq, x3_sq, x1_x2, x2_x3",5,17,0.5201263886737588,0.8102678571428572,0.7333333333333333,0.7142857142857143
main + x1_sq + x2_sq + x3_sq + x1_x3 + x2_x3,"x1_sq, x2_sq, x3_sq, x1_x3, x2_x3",5,17,0.5222368611993259,0.8147321428571428,0.7333333333333333,0.7037037037037037
main + x1_sq + x2_sq + x1_x2 + x1_x3 + x2_x3,"x1_sq, x2_sq, x1_x2, x1_x3, x2_x3",5,17,0.5230062681519849,0.7979910714285714,0.7,0.6666666666666666
main + x1_sq + x3_sq + x1_x2 + x1_x3 + x2_x3,"x1_sq, x3_sq, x1_x2, x1_x3, x2_x3",5,17,0.5174545891078599,0.8180803571428572,0.7333333333333333,0.7037037037037037
main + x2_sq + x3_sq + x1_x2 + x1_x3 + x2_x3,"x2_sq, x3_sq, x1_x2, x1_x3, x2_x3",5,17,0.5123033982836412,0.8125,0.6833333333333333,0.6274509803921569
main + x1_sq + x2_sq + x3_sq + x1_x2 + x1_x3 + x2_x3,"x1_sq, x2_sq, x3_sq, x1_x2, x1_x3, x2_x3",6,17,0.5161961376761492,0.8191964285714286,0.7333333333333333,0.7037037037037037
main effects only,none,0,18,0.6238382700544868,0.7008928571428571,0.6333333333333333,0.6206896551724138
main + x1_sq,x1_sq,1,18,0.6328525649640668,0.6640625,0.6833333333333333,0.6885245901639344
main + x2_sq,x2_sq,1,18,0.6240195130647853,0.7020089285714286,0.6333333333333333,0.6206896551724138
main + x3_sq,x3_sq,1,18,0.6230145297826478,0.703125,0.6333333333333333,0.6206896551724138
main + x1_x2,x1_x2,1,18,0.6305441864683756,0.6886160714285714,0.6333333333333333,0.6206896551724138
main + x1_x3,x1_x3,1,18,0.6175483429571306,0.7008928571428571,0.6333333333333333,0.6206896551724138
main + x2_x3,x2_x3,1,18,0.5094024941063799,0.8381696428571428,0.75,0.7272727272727273
main + x1_sq + x2_sq,"x1_sq, x2_sq",2,18,0.6333790796996757,0.6662946428571429,0.6833333333333333,0.6885245901639344
main + x1_sq + x3_sq,"x1_sq, x3_sq",2,18,0.6325600394230553,0.6640625,0.6833333333333333,0.6885245901639344
main + x1_sq + x1_x2,"x1_sq, x1_x2",2,18,0.6373761020259242,0.6595982142857142,0.6833333333333333,0.6885245901639344
main + x1_sq + x1_x3,"x1_sq, x1_x3",2,18,0.6248159539600002,0.6696428571428572,0.6666666666666666,0.6666666666666666
main + x1_sq + x2_x3,"x1_sq, x2_x3",2,18,0.504416596683345,0.8448660714285715,0.8,0.7857142857142857
main + x2_sq + x3_sq,"x2_sq, x3_sq",2,18,0.6241328908637905,0.7020089285714286,0.6333333333333333,0.6206896551724138
main + x2_sq + x1_x2,"x2_sq, x1_x2",2,18,0.6303773033793301,0.6919642857142857,0.6333333333333333,0.6206896551724138
main + x2_sq + x1_x3,"x2_sq, x1_x3",2,18,0.6175582270772123,0.6997767857142857,0.6333333333333333,0.6206896551724138
main + x2_sq + x2_x3,"x2_sq, x2_x3",2,18,0.5077878137154147,0.8359375,0.7666666666666667,0.75
main + x3_sq + x1_x2,"x3_sq, x1_x2",2,18,0.6317584164042547,0.6875,0.6333333333333333,0.6206896551724138
main + x3_sq + x1_x3,"x3_sq, x1_x3",2,18,0.6094704993219467,0.7087053571428572,0.6333333333333333,0.6206896551724138
main + x3_sq + x2_x3,"x3_sq, x2_x3",2,18,0.5183638614979628,0.8314732142857143,0.75,0.7368421052631579
main + x1_x2 + x1_x3,"x1_x2, x1_x3",2,18,0.6256530238836268,0.6897321428571429,0.6333333333333333,0.6206896551724138
main + x1_x2 + x2_x3,"x1_x2, x2_x3",2,18,0.5298957512074904,0.8292410714285714,0.75,0.7169811320754716
main + x1_x3 + x2_x3,"x1_x3, x2_x3",2,18,0.5054641749618001,0.8426339285714286,0.7666666666666667,0.7307692307692307
main + x1_sq + x2_sq + x3_sq,"x1_sq, x2_sq, x3_sq",3,18,0.6343792325717279,0.6651785714285714,0.6833333333333333,0.6885245901639344
main + x1_sq + x2_sq + x1_x2,"x1_sq, x2_sq, x1_x2",3,18,0.6376573028239122,0.6629464285714286,0.6833333333333333,0.6885245901639344
main + x1_sq + x2_sq + x1_x3,"x1_sq, x2_sq, x1_x3",3,18,0.6251029262887535,0.6696428571428572,0.6833333333333333,0.6885245901639344
main + x1_sq + x2_sq + x2_x3,"x1_sq, x2_sq, x2_x3",3,18,0.5014855895603215,0.8459821428571429,0.8,0.7857142857142857
main + x1_sq + x3_sq + x1_x2,"x1_sq, x3_sq, x1_x2",3,18,0.6382024149033342,0.6595982142857142,0.6833333333333333,0.6885245901639344
main + x1_sq + x3_sq + x1_x3,"x1_sq, x3_sq, x1_x3",3,18,0.6185604721904732,0.6763392857142857,0.6666666666666666,0.6666666666666666
main + x1_sq + x3_sq + x2_x3,"x1_sq, x3_sq, x2_x3",3,18,0.5157634736891619,0.8337053571428572,0.8,0.7931034482758621
main + x1_sq + x1_x2 + x1_x3,"x1_sq, x1_x2, x1_x3",3,18,0.6291572231599936,0.6852678571428571,0.6666666666666666,0.6666666666666666
main + x1_sq + x1_x2 + x2_x3,"x1_sq, x1_x2, x2_x3",3,18,0.5201128385430919,0.8392857142857143,0.8,0.7857142857142857
main + x1_sq + x1_x3 + x2_x3,"x1_sq, x1_x3, x2_x3",3,18,0.500164565822394,0.8470982142857144,0.8,0.7857142857142857
main + x2_sq + x3_sq + x1_x2,"x2_sq, x3_sq, x1_x2",3,18,0.6322648496472012,0.6919642857142858,0.6333333333333333,0.6206896551724138
main + x2_sq + x3_sq + x1_x3,"x2_sq, x3_sq, x1_x3",3,18,0.610169029677024,0.7042410714285714,0.6333333333333333,0.6206896551724138
main + x2_sq + x3_sq + x2_x3,"x2_sq, x3_sq, x2_x3",3,18,0.5175691214040793,0.8292410714285714,0.75,0.7368421052631579
main + x2_sq + x1_x2 + x1_x3,"x2_sq, x1_x2, x1_x3",3,18,0.6253608484130834,0.6941964285714286,0.6333333333333333,0.6206896551724138
main + x2_sq + x1_x2 + x2_x3,"x2_sq, x1_x2, x2_x3",3,18,0.5282387645433748,0.828125,0.7833333333333333,0.7636363636363637
main + x2_sq + x1_x3 + x2_x3,"x2_sq, x1_x3, x2_x3",3,18,0.5034438406742866,0.8459821428571428,0.7666666666666667,0.7407407407407407
main + x3_sq + x1_x2 + x1_x3,"x3_sq, x1_x2, x1_x3",3,18,0.6185681734782205,0.7008928571428572,0.6333333333333333,0.6206896551724138
main + x3_sq + x1_x2 + x2_x3,"x3_sq, x1_x2, x2_x3",3,18,0.5380415124319853,0.8236607142857143,0.7666666666666667,0.75
main + x3_sq + x1_x3 + x2_x3,"x3_sq, x1_x3, x2_x3",3,18,0.5144972862238335,0.8348214285714285,0.7333333333333333,0.7037037037037037
main + x1_x2 + x1_x3 + x2_x3,"x1_x2, x1_x3, x2_x3",3,18,0.5253566213514547,0.8348214285714285,0.7333333333333333,0.6923076923076923
main + x1_sq + x2_sq + x3_sq + x1_x2,"x1_sq, x2_sq, x3_sq, x1_x2",4,18,0.639696913276847,0.6618303571428572,0.6833333333333333,0.6885245901639344
main + x1_sq + x2_sq + x3_sq + x1_x3,"x1_sq, x2_sq, x3_sq, x1_x3",4,18,0.619946434806008,0.6729910714285714,0.6833333333333333,0.6885245901639344
main + x1_sq + x2_sq + x3_sq + x2_x3,"x1_sq, x2_sq, x3_sq, x2_x3",4,18,0.5135694815365385,0.8258928571428572,0.7666666666666667,0.7586206896551724
main + x1_sq + x2_sq + x1_x2 + x1_x3,"x1_sq, x2_sq, x1_x2, x1_x3",4,18,0.6291669377296808,0.6696428571428571,0.6833333333333333,0.6885245901639344
main + x1_sq + x2_sq + x1_x2 + x2_x3,"x1_sq, x2_sq, x1_x2, x2_x3",4,18,0.5168671968276092,0.8404017857142857,0.8,0.7857142857142857
main + x1_sq + x2_sq + x1_x3 + x2_x3,"x1_sq, x2_sq, x1_x3, x2_x3",4,18,0.4968871953232125,0.8493303571428572,0.8,0.7857142857142857
main + x1_sq + x3_sq + x1_x2 + x1_x3,"x1_sq, x3_sq, x1_x2, x1_x3",4,18,0.6236481923072726,0.6953125,0.6666666666666666,0.6774193548387096
main + x1_sq + x3_sq + x1_x2 + x2_x3,"x1_sq, x3_sq, x1_x2, x2_x3",4,18,0.5310754578822836,0.8258928571428572,0.8,0.7931034482758621
main + x1_sq + x3_sq + x1_x3 + x2_x3,"x1_sq, x3_sq, x1_x3, x2_x3",4,18,0.5110638602921657,0.84375,0.7666666666666667,0.7586206896551724
main + x1_sq + x1_x2 + x1_x3 + x2_x3,"x1_sq, x1_x2, x1_x3, x2_x3",4,18,0.5161227877276607,0.8437499999999999,0.8,0.7777777777777778
main + x2_sq + x3_sq + x1_x2 + x1_x3,"x2_sq, x3_sq, x1_x2, x1_x3",4,18,0.6187828471449303,0.7042410714285714,0.6333333333333333,0.6206896551724138
main + x2_sq + x3_sq + x1_x2 + x2_x3,"x2_sq, x3_sq, x1_x2, x2_x3",4,18,0.5376133220041991,0.8236607142857143,0.7666666666666667,0.75
main + x2_sq + x3_sq + x1_x3 + x2_x3,"x2_sq, x3_sq, x1_x3, x2_x3",4,18,0.5135670857827507,0.8337053571428571,0.7333333333333333,0.7037037037037037
main + x2_sq + x1_x2 + x1_x3 + x2_x3,"x2_sq, x1_x2, x1_x3, x2_x3",4,18,0.5233703186689033,0.8325892857142858,0.75,0.7169811320754716
main + x3_sq + x1_x2 + x1_x3 + x2_x3,"x3_sq, x1_x2, x1_x3, x2_x3",4,18,0.5343664616497666,0.8303571428571428,0.75,0.7169811320754716
main + x1_sq + x2_sq + x3_sq + x1_x2 + x1_x3,"x1_sq, x2_sq, x3_sq, x1_x2, x1_x3",5,18,0.6246497851744303,0.6819196428571428,0.6833333333333333,0.6885245901639344
main + x1_sq + x2_sq + x3_sq + x1_x2 + x2_x3,"x1_sq, x2_sq, x3_sq, x1_x2, x2_x3",5,18,0.5291638119580736,0.8258928571428572,0.8,0.7931034482758621
main + x1_sq + x2_sq + x3_sq + x1_x3 + x2_x3,"x1_sq, x2_sq, x3_sq, x1_x3, x2_x3",5,18,0.5088407258511599,0.8392857142857143,0.7333333333333333,0.7142857142857143
main + x1_sq + x2_sq + x1_x2 + x1_x3 + x2_x3,"x1_sq, x2_sq, x1_x2, x1_x3, x2_x3",5,18,0.5127939369309699,0.8437499999999999,0.8166666666666667,0.8
main + x1_sq + x3_sq + x1_x2 + x1_x3 + x2_x3,"x1_sq, x3_sq, x1_x2, x1_x3, x2_x3",5,18,0.529164213609984,0.8381696428571429,0.8,0.7857142857142857
main + x2_sq + x3_sq + x1_x2 + x1_x3 + x2_x3,"x2_sq, x3_sq, x1_x2, x1_x3, x2_x3",5,18,0.5342768458552224,0.8292410714285714,0.75,0.7169811320754716
main + x1_sq + x2_sq + x3_sq + x1_x2 + x1_x3 + x2_x3,"x1_sq, x2_sq, x3_sq, x1_x2, x1_x3, x2_x3",6,18,0.5278911718541754,0.8381696428571429,0.8,0.7857142857142857
main effects only,none,0,19,0.5808713904407471,0.7764182424916575,0.6833333333333333,0.6666666666666666
main + x1_sq,x1_sq,1,19,0.5582308007581624,0.7730812013348165,0.7166666666666667,0.7213114754098361
main + x2_sq,x2_sq,1,19,0.5810504638046025,0.778642936596218,0.7,0.6896551724137931
main + x3_sq,x3_sq,1,19,0.5802683817862065,0.7886540600667409,0.75,0.7169811320754716
main + x1_x2,x1_x2,1,19,0.5840181820524436,0.7730812013348165,0.6833333333333333,0.6666666666666666
main + x1_x3,x1_x3,1,19,0.5818945393015689,0.7775305895439377,0.7,0.6785714285714286
main + x2_x3,x2_x3,1,19,0.4841939417848476,0.8453837597330367,0.7333333333333333,0.7333333333333333
main + x1_sq + x2_sq,"x1_sq, x2_sq",2,19,0.5581489797573819,0.7764182424916575,0.7166666666666667,0.7213114754098361
main + x1_sq + x3_sq,"x1_sq, x3_sq",2,19,0.5572068059409637,0.7886540600667409,0.75,0.7457627118644068
main + x1_sq + x1_x2,"x1_sq, x1_x2",2,19,0.5591513348816401,0.7708565072302559,0.7166666666666667,0.7213114754098361
main + x1_sq + x1_x3,"x1_sq, x1_x3",2,19,0.5605690465736289,0.7741935483870968,0.7166666666666667,0.7213114754098361
main + x1_sq + x2_x3,"x1_sq, x2_x3",2,19,0.4664614133462435,0.8565072302558399,0.75,0.7540983606557377
main + x2_sq + x3_sq,"x2_sq, x3_sq",2,19,0.5807008994385264,0.7931034482758621,0.75,0.7272727272727273
main + x2_sq + x1_x2,"x2_sq, x1_x2",2,19,0.5848670455323883,0.7753058954393771,0.7,0.6896551724137931
main + x2_sq + x1_x3,"x2_sq, x1_x3",2,19,0.5820203094612235,0.7875417130144605,0.6833333333333333,0.6666666666666666
main + x2_sq + x2_x3,"x2_sq, x2_x3",2,19,0.4837016057170366,0.8509454949944383,0.75,0.7457627118644068
main + x3_sq + x1_x2,"x3_sq, x1_x2",2,19,0.5850625306749826,0.7842046718576196,0.75,0.7169811320754716
main + x3_sq + x1_x3,"x3_sq, x1_x3",2,19,0.5808124210953096,0.7953281423804227,0.7333333333333333,0.6923076923076923
main + x3_sq + x2_x3,"x3_sq, x2_x3",2,19,0.4747385911040185,0.8631813125695217,0.7666666666666667,0.75
main + x1_x2 + x1_x3,"x1_x2, x1_x3",2,19,0.5813292891657328,0.7775305895439377,0.7,0.6785714285714286
main + x1_x2 + x2_x3,"x1_x2, x2_x3",2,19,0.48148554604851024,0.8498331479421579,0.7333333333333333,0.7333333333333333
main + x1_x3 + x2_x3,"x1_x3, x2_x3",2,19,0.4927795205513828,0.8476084538375973,0.7666666666666667,0.7586206896551724
main + x1_sq + x2_sq + x3_sq,"x1_sq, x2_sq, x3_sq",3,19,0.5574114533347422,0.7931034482758621,0.7333333333333333,0.7241379310344828
main + x1_sq + x2_sq + x1_x2,"x1_sq, x2_sq, x1_x2",3,19,0.5596353904039815,0.775305895439377,0.7166666666666667,0.7213114754098361
main + x1_sq + x2_sq + x1_x3,"x1_sq, x2_sq, x1_x3",3,19,0.5604077078974566,0.7775305895439377,0.7166666666666667,0.7213114754098361
main + x1_sq + x2_sq + x2_x3,"x1_sq, x2_sq, x2_x3",3,19,0.4639350429907955,0.8631813125695217,0.7666666666666667,0.7666666666666667
main + x1_sq + x3_sq + x1_x2,"x1_sq, x3_sq, x1_x2",3,19,0.5597339390548439,0.7853170189098999,0.75,0.7457627118644068
main + x1_sq + x3_sq + x1_x3,"x1_sq, x3_sq, x1_x3",3,19,0.5595243430411805,0.7919911012235819,0.75,0.7272727272727273
main + x1_sq + x3_sq + x2_x3,"x1_sq, x3_sq, x2_x3",3,19,0.4549046677029013,0.8765294771968855,0.7833333333333333,0.7719298245614035
main + x1_sq + x1_x2 + x1_x3,"x1_sq, x1_x2, x1_x3",3,19,0.5571470621887613,0.7808676307007786,0.7166666666666667,0.7213114754098361
main + x1_sq + x1_x2 + x2_x3,"x1_sq, x1_x2, x2_x3",3,19,0.46214136219768176,0.8631813125695217,0.75,0.7540983606557377
main + x1_sq + x1_x3 + x2_x3,"x1_sq, x1_x3, x2_x3",3,19,0.47724343452079965,0.8464961067853171,0.75,0.7540983606557377
main + x2_sq + x3_sq + x1_x2,"x2_sq, x3_sq, x1_x2",3,19,0.5862338701157435,0.7908787541713015,0.75,0.7272727272727273
main + x2_sq + x3_sq + x1_x3,"x2_sq, x3_sq, x1_x3",3,19,0.5813059573961515,0.7986651835372637,0.75,0.7169811320754716
main + x2_sq + x3_sq + x2_x3,"x2_sq, x3_sq, x2_x3",3,19,0.4754078601289963,0.8631813125695217,0.7833333333333333,0.7636363636363637
main + x2_sq + x1_x2 + x1_x3,"x2_sq, x1_x2, x1_x3",3,19,0.5819976281731757,0.7875417130144605,0.6833333333333333,0.6666666666666666
main + x2_sq + x1_x2 + x2_x3,"x2_sq, x1_x2, x2_x3",3,19,0.48292877798999,0.8509454949944383,0.75,0.7457627118644068
main + x2_sq + x1_x3 + x2_x3,"x2_sq, x1_x3, x2_x3",3,19,0.49241611422037207,0.8453837597330367,0.7333333333333333,0.7241379310344828
main + x3_sq + x1_x2 + x1_x3,"x3_sq, x1_x2, x1_x3",3,19,0.5812053534033116,0.7953281423804227,0.7333333333333333,0.6923076923076923
main + x3_sq + x1_x2 + x2_x3,"x3_sq, x1_x2, x2_x3",3,19,0.4736076938096537,0.864293659621802,0.7666666666666667,0.75
main + x3_sq + x1_x3 + x2_x3,"x3_sq, x1_x3, x2_x3",3,19,0.4849575418524911,0.8598442714126808,0.7666666666666667,0.75
main + x1_x2 + x1_x3 + x2_x3,"x1_x2, x1_x3, x2_x3",3,19,0.48782721687709824,0.8531701890989989,0.7666666666666667,0.7586206896551724
main + x1_sq + x2_sq + x3_sq + x1_x2,"x1_sq, x2_sq, x3_sq, x1_x2",4,19,0.5605871182532021,0.7919911012235819,0.7333333333333333,0.7241379310344828
main + x1_sq + x2_sq + x3_sq + x1_x3,"x1_sq, x2_sq, x3_sq, x1_x3",4,19,0.5597607943425816,0.7908787541713015,0.75,0.7272727272727273
main + x1_sq + x2_sq + x3_sq + x2_x3,"x1_sq, x2_sq, x3_sq, x2_x3",4,19,0.4540049877145661,0.8809788654060067,0.7833333333333333,0.7719298245614035
main + x1_sq + x2_sq + x1_x2 + x1_x3,"x1_sq, x2_sq, x1_x2, x1_x3",4,19,0.5573529421657252,0.7830923248053392,0.7166666666666667,0.7213114754098361
main + x1_sq + x2_sq + x1_x2 + x2_x3,"x1_sq, x2_sq, x1_x2, x2_x3",4,19,0.4608316288299639,0.8631813125695217,0.7666666666666667,0.7666666666666667
main + x1_sq + x2_sq + x1_x3 + x2_x3,"x1_sq, x2_sq, x1_x3, x2_x3",4,19,0.47494282054602416,0.8431590656284761,0.75,0.7540983606557377
main + x1_sq + x3_sq + x1_x2 + x1_x3,"x1_sq, x3_sq, x1_x2, x1_x3",4,19,0.5571615835200966,0.7953281423804227,0.75,0.7272727272727273
main + x1_sq + x3_sq + x1_x2 + x2_x3,"x1_sq, x3_sq, x1_x2, x2_x3",4,19,0.45163231298589285,0.8843159065628476,0.7833333333333333,0.7719298245614035
main + x1_sq + x3_sq + x1_x3 + x2_x3,"x1_sq, x3_sq, x1_x3, x2_x3",4,19,0.4659059654315039,0.8665183537263627,0.7666666666666667,0.7586206896551724
main + x1_sq + x1_x2 + x1_x3 + x2_x3,"x1_sq, x1_x2, x1_x3, x2_x3",4,19,0.47208634127406957,0.8498331479421579,0.7333333333333333,0.7333333333333333
main + x2_sq + x3_sq + x1_x2 + x1_x3,"x2_sq, x3_sq, x1_x2, x1_x3",4,19,0.5822808735432944,0.7975528364849833,0.75,0.7169811320754716
main + x2_sq + x3_sq + x1_x2 + x2_x3,"x2_sq, x3_sq, x1_x2, x2_x3",4,19,0.47589229505785713,0.8631813125695217,0.7833333333333333,0.7636363636363637
main + x2_sq + x3_sq + x1_x3 + x2_x3,"x2_sq, x3_sq, x1_x3, x2_x3",4,19,0.4857227209763162,0.8542825361512791,0.7333333333333333,0.7142857142857143
main + x2_sq + x1_x2 + x1_x3 + x2_x3,"x2_sq, x1_x2, x1_x3, x2_x3",4,19,0.48878526585981685,0.8520578420467186,0.75,0.7368421052631579
main + x3_sq + x1_x2 + x1_x3 + x2_x3,"x3_sq, x1_x2, x1_x3, x2_x3",4,19,0.4805153759588919,0.864293659621802,0.7833333333333333,0.7719298245614035
main + x1_sq + x2_sq + x3_sq + x1_x2 + x1_x3,"x1_sq, x2_sq, x3_sq, x1_x2, x1_x3",5,19,0.5578401320749099,0.7953281423804227,0.75,0.7272727272727273
main + x1_sq + x2_sq + x3_sq + x1_x2 + x2_x3,"x1_sq, x2_sq, x3_sq, x1_x2, x2_x3",5,19,0.45167396284396705,0.8809788654060067,0.7833333333333333,0.7719298245614035
main + x1_sq + x2_sq + x3_sq + x1_x3 + x2_x3,"x1_sq, x2_sq, x3_sq, x1_x3, x2_x3",5,19,0.4652515590459993,0.8665183537263627,0.7666666666666667,0.7586206896551724
main + x1_sq + x2_sq + x1_x2 + x1_x3 + x2_x3,"x1_sq, x2_sq, x1_x2, x1_x3, x2_x3",5,19,0.4706074271992514,0.8520578420467186,0.7333333333333333,0.7333333333333333
main + x1_sq + x3_sq + x1_x2 + x1_x3 + x2_x3,"x1_sq, x3_sq, x1_x2, x1_x3, x2_x3",5,19,0.46085298250462653,0.8765294771968855,0.7666666666666667,0.7586206896551724
main + x2_sq + x3_sq + x1_x2 + x1_x3 + x2_x3,"x2_sq, x3_sq, x1_x2, x1_x3, x2_x3",5,19,0.4820275485109382,0.8598442714126807,0.7833333333333333,0.7719298245614035
main + x1_sq + x2_sq + x3_sq + x1_x2 + x1_x3 + x2_x3,"x1_sq, x2_sq, x3_sq, x1_x2, x1_x3, x2_x3",6,19,0.4606566705330106,0.870967741935484,0.7666666666666667,0.7586206896551724
main effects only,none,0,20,0.7054996662557562,0.60734149054505,0.5333333333333333,0.46153846153846156
main + x1_sq,x1_sq,1,20,0.7213711621021954,0.6117908787541713,0.6,0.6
main + x2_sq,x2_sq,1,20,0.7047761265725258,0.6084538375973304,0.55,0.49056603773584906
main + x3_sq,x3_sq,1,20,0.720349117639817,0.5973303670745274,0.55,0.47058823529411764
main + x1_x2,x1_x2,1,20,0.7058088366838885,0.6095661846496107,0.5333333333333333,0.46153846153846156
main + x1_x3,x1_x3,1,20,0.7004955666567453,0.6117908787541714,0.55,0.47058823529411764
main + x2_x3,x2_x3,1,20,0.66217767664062,0.7063403781979978,0.6666666666666666,0.6296296296296297
main + x1_sq + x2_sq,"x1_sq, x2_sq",2,20,0.7203693735332938,0.6162402669632925,0.5833333333333334,0.576271186440678
main + x1_sq + x3_sq,"x1_sq, x3_sq",2,20,0.733969262799646,0.6084538375973304,0.6,0.6
main + x1_sq + x1_x2,"x1_sq, x1_x2",2,20,0.7221226708493862,0.6184649610678532,0.6166666666666667,0.6229508196721312
main + x1_sq + x1_x3,"x1_sq, x1_x3",2,20,0.7136258072300639,0.6140155728587319,0.6,0.6
main + x1_sq + x2_x3,"x1_sq, x2_x3",2,20,0.6905794397390929,0.71412680756396,0.65,0.6181818181818182
main + x2_sq + x3_sq,"x2_sq, x3_sq",2,20,0.7200372573228687,0.592880978865406,0.5666666666666667,0.5
main + x2_sq + x1_x2,"x2_sq, x1_x2",2,20,0.7054299691571108,0.6106785317018909,0.5333333333333333,0.46153846153846156
main + x2_sq + x1_x3,"x2_sq, x1_x3",2,20,0.6996394369549072,0.6151279199110122,0.5666666666666667,0.5
main + x2_sq + x2_x3,"x2_sq, x2_x3",2,20,0.6640790109281434,0.7007786429365962,0.65,0.6181818181818182
main + x3_sq + x1_x2,"x3_sq, x1_x2",2,20,0.7194447463421246,0.5973303670745272,0.55,0.47058823529411764
main + x3_sq + x1_x3,"x3_sq, x1_x3",2,20,0.7169155144111357,0.5995550611790879,0.5666666666666667,0.48
main + x3_sq + x2_x3,"x3_sq, x2_x3",2,20,0.684254402562196,0.696329254727475,0.6333333333333333,0.5925925925925926
main + x1_x2 + x1_x3,"x1_x2, x1_x3",2,20,0.7004018017305799,0.6218020022246942,0.55,0.47058823529411764
main + x1_x2 + x2_x3,"x1_x2, x2_x3",2,20,0.6625318315851413,0.710789766407119,0.6833333333333333,0.6545454545454545
main + x1_x3 + x2_x3,"x1_x3, x2_x3",2,20,0.659829002125554,0.7096774193548386,0.6666666666666666,0.6296296296296297
main + x1_sq + x2_sq + x3_sq,"x1_sq, x2_sq, x3_sq",3,20,0.7335161416765723,0.6095661846496107,0.5833333333333334,0.5901639344262295
main + x1_sq + x2_sq + x1_x2,"x1_sq, x2_sq, x1_x2",3,20,0.721195363094781,0.6229143492769744,0.6,0.6
main + x1_sq + x2_sq + x1_x3,"x1_sq, x2_sq, x1_x3",3,20,0.7125212063229268,0.6151279199110122,0.6,0.5862068965517241
main + x1_sq + x2_sq + x2_x3,"x1_sq, x2_sq, x2_x3",3,20,0.7063992479874287,0.7063403781979977,0.6333333333333333,0.6206896551724138
main + x1_sq + x3_sq + x1_x2,"x1_sq, x3_sq, x1_x2",3,20,0.7339463972157703,0.6084538375973304,0.5833333333333334,0.5901639344262295
main + x1_sq + x3_sq + x1_x3,"x1_sq, x3_sq, x1_x3",3,20,0.7264659556924512,0.6084538375973304,0.6166666666666667,0.6101694915254238
main + x1_sq + x3_sq + x2_x3,"x1_sq, x3_sq, x2_x3",3,20,0.7101073535242075,0.704115684093437,0.6333333333333333,0.6206896551724138
main + x1_sq + x1_x2 + x1_x3,"x1_sq, x1_x2, x1_x3",3,20,0.7137677132578191,0.6273637374860956,0.6,0.5862068965517241
main + x1_sq + x1_x2 + x2_x3,"x1_sq, x1_x2, x2_x3",3,20,0.6889906224500167,0.7152391546162403,0.6666666666666666,0.6296296296296297
main + x1_sq + x1_x3 + x2_x3,"x1_sq, x1_x3, x2_x3",3,20,0.6868272798736356,0.7163515016685207,0.65,0.6181818181818182
main + x2_sq + x3_sq + x1_x2,"x2_sq, x3_sq, x1_x2",3,20,0.7192710492804182,0.5984427141268076,0.55,0.47058823529411764
main + x2_sq + x3_sq + x1_x3,"x2_sq, x3_sq, x1_x3",3,20,0.7165931144101783,0.6028921023359288,0.5833333333333334,0.5098039215686274
main + x2_sq + x3_sq + x2_x3,"x2_sq, x3_sq, x2_x3",3,20,0.6839796689372072,0.6941045606229144,0.6166666666666667,0.5818181818181818
main + x2_sq + x1_x2 + x1_x3,"x2_sq, x1_x2, x1_x3",3,20,0.6998516761043746,0.6229143492769744,0.55,0.47058823529411764
main + x2_sq + x1_x2 + x2_x3,"x2_sq, x1_x2, x2_x3",3,20,0.6658364397186765,0.7041156840934372,0.65,0.6181818181818182
main + x2_sq + x1_x3 + x2_x3,"x2_sq, x1_x3, x2_x3",3,20,0.6621534668075575,0.7030033370411568,0.6666666666666666,0.6428571428571429
main + x3_sq + x1_x2 + x1_x3,"x3_sq, x1_x2, x1_x3",3,20,0.7156064590392892,0.6117908787541712,0.5666666666666667,0.48
main + x3_sq + x1_x2 + x2_x3,"x3_sq, x1_x2, x2_x3",3,20,0.6849717082020498,0.7030033370411568,0.65,0.6181818181818182
main + x3_sq + x1_x3 + x2_x3,"x3_sq, x1_x3, x2_x3",3,20,0.6821535875553985,0.6996662958843158,0.65,0.6181818181818182
main + x1_x2 + x1_x3 + x2_x3,"x1_x2, x1_x3, x2_x3",3,20,0.659851600660657,0.7096774193548386,0.6666666666666666,0.6296296296296297
main + x1_sq + x2_sq + x3_sq + x1_x2,"x1_sq, x2_sq, x3_sq, x1_x2",4,20,0.7335335913459308,0.6095661846496107,0.6,0.6
main + x1_sq + x2_sq + x3_sq + x1_x3,"x1_sq, x2_sq, x3_sq, x1_x3",4,20,0.7260246425830559,0.6084538375973304,0.6,0.6
main + x1_sq + x2_sq + x3_sq + x2_x3,"x1_sq, x2_sq, x3_sq, x2_x3",4,20,0.7209307308788785,0.7041156840934372,0.6166666666666667,0.6101694915254238
main + x1_sq + x2_sq + x1_x2 + x1_x3,"x1_sq, x2_sq, x1_x2, x1_x3",4,20,0.7127524671226061,0.6307007786429366,0.6166666666666667,0.6101694915254238
main + x1_sq + x2_sq + x1_x2 + x2_x3,"x1_sq, x2_sq, x1_x2, x2_x3",4,20,0.7071491778316854,0.7107897664071191,0.6333333333333333,0.6206896551724138
main + x1_sq + x2_sq + x1_x3 + x2_x3,"x1_sq, x2_sq, x1_x3, x2_x3",4,20,0.7028505158536245,0.7085650723025584,0.6333333333333333,0.6206896551724138
main + x1_sq + x3_sq + x1_x2 + x1_x3,"x1_sq, x3_sq, x1_x2, x1_x3",4,20,0.7258035329217141,0.6195773081201335,0.6,0.6
main + x1_sq + x3_sq + x1_x2 + x2_x3,"x1_sq, x3_sq, x1_x2, x2_x3",4,20,0.7085378304864646,0.7063403781979978,0.6333333333333333,0.6206896551724138
main + x1_sq + x3_sq + x1_x3 + x2_x3,"x1_sq, x3_sq, x1_x3, x2_x3",4,20,0.7057162934112758,0.7063403781979979,0.6333333333333333,0.6206896551724138
main + x1_sq + x1_x2 + x1_x3 + x2_x3,"x1_sq, x1_x2, x1_x3, x2_x3",4,20,0.6842616569147569,0.7219132369299222,0.6666666666666666,0.6296296296296297
main + x2_sq + x3_sq + x1_x2 + x1_x3,"x2_sq, x3_sq, x1_x2, x1_x3",4,20,0.7153694741076685,0.6162402669632925,0.5666666666666667,0.48
main + x2_sq + x3_sq + x1_x2 + x2_x3,"x2_sq, x3_sq, x1_x2, x2_x3",4,20,0.6855181120242918,0.7041156840934372,0.6333333333333333,0.6071428571428571
main + x2_sq + x3_sq + x1_x3 + x2_x3,"x2_sq, x3_sq, x1_x3, x2_x3",4,20,0.6819925058839883,0.6952169076751946,0.6333333333333333,0.6071428571428571
main + x2_sq + x1_x2 + x1_x3 + x2_x3,"x2_sq, x1_x2, x1_x3, x2_x3",4,20,0.663977231707068,0.710789766407119,0.6666666666666666,0.6428571428571429
main + x3_sq + x1_x2 + x1_x3 + x2_x3,"x3_sq, x1_x2, x1_x3, x2_x3",4,20,0.6830934521909853,0.707452725250278,0.6333333333333333,0.6071428571428571
main + x1_sq + x2_sq + x3_sq + x1_x2 + x1_x3,"x1_sq, x2_sq, x3_sq, x1_x2, x1_x3",5,20,0.7254161535683774,0.6173526140155728,0.6166666666666667,0.6101694915254238
main + x1_sq + x2_sq + x3_sq + x1_x2 + x2_x3,"x1_sq, x2_sq, x3_sq, x1_x2, x2_x3",5,20,0.7216715102287623,0.710789766407119,0.6,0.5862068965517241
main + x1_sq + x2_sq + x3_sq + x1_x3 + x2_x3,"x1_sq, x2_sq, x3_sq, x1_x3, x2_x3",5,20,0.7161446882878046,0.7030033370411568,0.6166666666666667,0.6101694915254238
main + x1_sq + x2_sq + x1_x2 + x1_x3 + x2_x3,"x1_sq, x2_sq, x1_x2, x1_x3, x2_x3",5,20,0.703311238573658,0.7163515016685207,0.6333333333333333,0.6206896551724138
main + x1_sq + x3_sq + x1_x2 + x1_x3 + x2_x3,"x1_sq, x3_sq, x1_x2, x1_x3, x2_x3",5,20,0.7033738326072986,0.7085650723025584,0.65,0.631578947368421
main + x2_sq + x3_sq + x1_x2 + x1_x3 + x2_x3,"x2_sq, x3_sq, x1_x2, x1_x3, x2_x3",5,20,0.683999097408521,0.7074527252502781,0.6333333333333333,0.6206896551724138
main + x1_sq + x2_sq + x3_sq + x1_x2 + x1_x3 + x2_x3,"x1_sq, x2_sq, x3_sq, x1_x2, x1_x3, x2_x3",6,20,0.7165627349211234,0.710789766407119,0.6166666666666667,0.6101694915254238
main effects only,none,0,21,0.5759828212125071,0.7901785714285714,0.6666666666666666,0.5652173913043478
main + x1_sq,x1_sq,1,21,0.563031211452255,0.7890625,0.7166666666666667,0.6909090909090909
main + x2_sq,x2_sq,1,21,0.575643612239153,0.7901785714285714,0.6666666666666666,0.5652173913043478
main + x3_sq,x3_sq,1,21,0.575179619778683,0.8002232142857143,0.7,0.5909090909090909
main + x1_x2,x1_x2,1,21,0.5759804822458544,0.7924107142857142,0.6666666666666666,0.5652173913043478
main + x1_x3,x1_x3,1,21,0.5665053833300212,0.8069196428571428,0.6666666666666666,0.5652173913043478
main + x2_x3,x2_x3,1,21,0.5175138477231712,0.8147321428571429,0.7,0.625
main + x1_sq + x2_sq,"x1_sq, x2_sq",2,21,0.5626563344743307,0.7879464285714286,0.7166666666666667,0.6909090909090909
main + x1_sq + x3_sq,"x1_sq, x3_sq",2,21,0.5627112265478937,0.7957589285714286,0.7166666666666667,0.6792452830188679
main + x1_sq + x1_x2,"x1_sq, x1_x2",2,21,0.5633974908592295,0.7890625,0.7166666666666667,0.6909090909090909
main + x1_sq + x1_x3,"x1_sq, x1_x3",2,21,0.5542232548576538,0.7991071428571429,0.7333333333333333,0.7037037037037037
main + x1_sq + x2_x3,"x1_sq, x2_x3",2,21,0.5077387342252229,0.828125,0.7333333333333333,0.6923076923076923
main + x2_sq + x3_sq,"x2_sq, x3_sq",2,21,0.5752209688049702,0.8002232142857143,0.7,0.5909090909090909
main + x2_sq + x1_x2,"x2_sq, x1_x2",2,21,0.5758159877147944,0.7935267857142857,0.6666666666666666,0.5652173913043478
main + x2_sq + x1_x3,"x2_sq, x1_x3",2,21,0.5660140034472988,0.8058035714285714,0.6666666666666666,0.5652173913043478
main + x2_sq + x2_x3,"x2_sq, x2_x3",2,21,0.5162934053910769,0.8147321428571429,0.7,0.625
main + x3_sq + x1_x2,"x3_sq, x1_x2",2,21,0.5754937287197552,0.7979910714285714,0.6833333333333333,0.5777777777777777
main + x3_sq + x1_x3,"x3_sq, x1_x3",2,21,0.5633527121632789,0.8136160714285714,0.6833333333333333,0.5777777777777777
main + x3_sq + x2_x3,"x3_sq, x2_x3",2,21,0.5132643425298358,0.8180803571428571,0.7166666666666667,0.6530612244897959
main + x1_x2 + x1_x3,"x1_x2, x1_x3",2,21,0.5662886175910035,0.7991071428571428,0.6666666666666666,0.5652173913043478
main + x1_x2 + x2_x3,"x1_x2, x2_x3",2,21,0.5119975559356129,0.8203125,0.7,0.625
main + x1_x3 + x2_x3,"x1_x3, x2_x3",2,21,0.5142720121006564,0.8080357142857143,0.7166666666666667,0.6530612244897959
main + x1_sq + x2_sq + x3_sq,"x1_sq, x2_sq, x3_sq",3,21,0.5628337034302259,0.7957589285714286,0.7166666666666667,0.6792452830188679
main + x1_sq + x2_sq + x1_x2,"x1_sq, x2_sq, x1_x2",3,21,0.562991160645233,0.7890625,0.7166666666666667,0.6909090909090909
main + x1_sq + x2_sq + x1_x3,"x1_sq, x2_sq, x1_x3",3,21,0.553723766799313,0.7991071428571428,0.7333333333333333,0.7037037037037037
main + x1_sq + x2_sq + x2_x3,"x1_sq, x2_sq, x2_x3",3,21,0.504020650460483,0.8303571428571429,0.7333333333333333,0.6923076923076923
main + x1_sq + x3_sq + x1_x2,"x1_sq, x3_sq, x1_x2",3,21,0.5634913548310715,0.7890625,0.7166666666666667,0.6792452830188679
main + x1_sq + x3_sq + x1_x3,"x1_sq, x3_sq, x1_x3",3,21,0.5518024847180379,0.8113839285714286,0.7166666666666667,0.6792452830188679
main + x1_sq + x3_sq + x2_x3,"x1_sq, x3_sq, x2_x3",3,21,0.5031460905045663,0.8225446428571429,0.7333333333333333,0.68
main + x1_sq + x1_x2 + x1_x3,"x1_sq, x1_x2, x1_x3",3,21,0.5531415382001568,0.7991071428571428,0.7333333333333333,0.7037037037037037
main + x1_sq + x1_x2 + x2_x3,"x1_sq, x1_x2, x2_x3",3,21,0.5027144842925232,0.8359375,0.7333333333333333,0.6923076923076923
main + x1_sq + x1_x3 + x2_x3,"x1_sq, x1_x3, x2_x3",3,21,0.5041094121568027,0.8258928571428572,0.7166666666666667,0.6792452830188679
main + x2_sq + x3_sq + x1_x2,"x2_sq, x3_sq, x1_x2",3,21,0.5756645310239826,0.796875,0.6833333333333333,0.5777777777777777
main + x2_sq + x3_sq + x1_x3,"x2_sq, x3_sq, x1_x3",3,21,0.5632771539495309,0.8147321428571428,0.6833333333333333,0.5777777777777777
main + x2_sq + x3_sq + x2_x3,"x2_sq, x3_sq, x2_x3",3,21,0.5158509889681661,0.8136160714285715,0.7333333333333333,0.68
main + x2_sq + x1_x2 + x1_x3,"x2_sq, x1_x2, x1_x3",3,21,0.5659945875522883,0.8002232142857143,0.6666666666666666,0.5652173913043478
main + x2_sq + x1_x2 + x2_x3,"x2_sq, x1_x2, x2_x3",3,21,0.5108444462560164,0.8214285714285714,0.7,0.625
main + x2_sq + x1_x3 + x2_x3,"x2_sq, x1_x3, x2_x3",3,21,0.5125059819630768,0.8125,0.7166666666666667,0.6530612244897959
main + x3_sq + x1_x2 + x1_x3,"x3_sq, x1_x2, x1_x3",3,21,0.5634806388604754,0.8136160714285714,0.6833333333333333,0.5777777777777777
main + x3_sq + x1_x2 + x2_x3,"x3_sq, x1_x2, x2_x3",3,21,0.50852370009455,0.8214285714285714,0.7166666666666667,0.6530612244897959
main + x3_sq + x1_x3 + x2_x3,"x3_sq, x1_x3, x2_x3",3,21,0.508027735507323,0.8136160714285714,0.7166666666666667,0.6666666666666666
main + x1_x2 + x1_x3 + x2_x3,"x1_x2, x1_x3, x2_x3",3,21,0.5079232930298849,0.8225446428571429,0.7166666666666667,0.6530612244897959
main + x1_sq + x2_sq + x3_sq + x1_x2,"x1_sq, x2_sq, x3_sq, x1_x2",4,21,0.563556382461464,0.7890625,0.7166666666666667,0.6792452830188679
main + x1_sq + x2_sq + x3_sq + x1_x3,"x1_sq, x2_sq, x3_sq, x1_x3",4,21,0.5518165248964185,0.8113839285714286,0.7166666666666667,0.6792452830188679
main + x1_sq + x2_sq + x3_sq + x2_x3,"x1_sq, x2_sq, x3_sq, x2_x3",4,21,0.5034623114389373,0.8236607142857143,0.7333333333333333,0.68
main + x1_sq + x2_sq + x1_x2 + x1_x3,"x1_sq, x2_sq, x1_x2, x1_x3",4,21,0.5526136517443521,0.7979910714285714,0.7333333333333333,0.7037037037037037
main + x1_sq + x2_sq + x1_x2 + x2_x3,"x1_sq, x2_sq, x1_x2, x2_x3",4,21,0.49945214963079054,0.8392857142857143,0.7333333333333333,0.6923076923076923
main + x1_sq + x2_sq + x1_x3 + x2_x3,"x1_sq, x2_sq, x1_x3, x2_x3",4,21,0.5000232795483649,0.8247767857142857,0.7166666666666667,0.6792452830188679
main + x1_sq + x3_sq + x1_x2 + x1_x3,"x1_sq, x3_sq, x1_x2, x1_x3",4,21,0.5512705258812872,0.8102678571428572,0.7166666666666667,0.6792452830188679
main + x1_sq + x3_sq + x1_x2 + x2_x3,"x1_sq, x3_sq, x1_x2, x2_x3",4,21,0.49906879230443424,0.8292410714285714,0.7333333333333333,0.68
main + x1_sq + x3_sq + x1_x3 + x2_x3,"x1_sq, x3_sq, x1_x3, x2_x3",4,21,0.4980110427537558,0.8270089285714286,0.7166666666666667,0.6666666666666666
main + x1_sq + x1_x2 + x1_x3 + x2_x3,"x1_sq, x1_x2, x1_x3, x2_x3",4,21,0.49727948854484855,0.8348214285714286,0.7166666666666667,0.6792452830188679
main + x2_sq + x3_sq + x1_x2 + x1_x3,"x2_sq, x3_sq, x1_x2, x1_x3",4,21,0.5635578389586661,0.8136160714285714,0.6833333333333333,0.5777777777777777
main + x2_sq + x3_sq + x1_x2 + x2_x3,"x2_sq, x3_sq, x1_x2, x2_x3",4,21,0.5108374957105257,0.8180803571428572,0.7333333333333333,0.68
main + x2_sq + x3_sq + x1_x3 + x2_x3,"x2_sq, x3_sq, x1_x3, x2_x3",4,21,0.5102904138011114,0.8113839285714286,0.7333333333333333,0.68
main + x2_sq + x1_x2 + x1_x3 + x2_x3,"x2_sq, x1_x2, x1_x3, x2_x3",4,21,0.5063907672129644,0.8247767857142857,0.7166666666666667,0.6530612244897959
main + x3_sq + x1_x2 + x1_x3 + x2_x3,"x3_sq, x1_x2, x1_x3, x2_x3",4,21,0.5020052040769247,0.8180803571428572,0.7333333333333333,0.68
main + x1_sq + x2_sq + x3_sq + x1_x2 + x1_x3,"x1_sq, x2_sq, x3_sq, x1_x2, x1_x3",5,21,0.5512341550948765,0.8102678571428572,0.7166666666666667,0.6792452830188679
main + x1_sq + x2_sq + x3_sq + x1_x2 + x2_x3,"x1_sq, x2_sq, x3_sq, x1_x2, x2_x3",5,21,0.4994849697773283,0.828125,0.7333333333333333,0.68
main + x1_sq + x2_sq + x3_sq + x1_x3 + x2_x3,"x1_sq, x2_sq, x3_sq, x1_x3, x2_x3",5,21,0.4982032102838827,0.8270089285714286,0.7166666666666667,0.6666666666666666
main + x1_sq + x2_sq + x1_x2 + x1_x3 + x2_x3,"x1_sq, x2_sq, x1_x2, x1_x3, x2_x3",5,21,0.49398705979360746,0.8370535714285714,0.7166666666666667,0.6792452830188679
main + x1_sq + x3_sq + x1_x2 + x1_x3 + x2_x3,"x1_sq, x3_sq, x1_x2, x1_x3, x2_x3",5,21,0.49150877274800503,0.8359375,0.7166666666666667,0.6666666666666666
main + x2_sq + x3_sq + x1_x2 + x1_x3 + x2_x3,"x2_sq, x3_sq, x1_x2, x1_x3, x2_x3",5,21,0.5041083582143677,0.8158482142857143,0.7333333333333333,0.68
main + x1_sq + x2_sq + x3_sq + x1_x2 + x1_x3 + x2_x3,"x1_sq, x2_sq, x3_sq, x1_x2, x1_x3, x2_x3",6,21,0.49207616502338075,0.8359375,0.7166666666666667,0.6666666666666666
main effects only,none,0,22,0.7352470491687776,0.5926339285714286,0.5333333333333333,0.5333333333333333
main + x1_sq,x1_sq,1,22,0.7093535364993404,0.5892857142857142,0.5333333333333333,0.5483870967741935
main + x2_sq,x2_sq,1,22,0.7367100159574119,0.6004464285714286,0.55,0.5423728813559322
main + x3_sq,x3_sq,1,22,0.7464366932859688,0.5881696428571428,0.55,0.5263157894736842
main + x1_x2,x1_x2,1,22,0.7374912673903914,0.5926339285714286,0.5333333333333333,0.5333333333333333
main + x1_x3,x1_x3,1,22,0.7512060902000978,0.5725446428571428,0.55,0.5423728813559322
main + x2_x3,x2_x3,1,22,0.6063459507696504,0.7488839285714286,0.7166666666666667,0.7213114754098361
main + x1_sq + x2_sq,"x1_sq, x2_sq",2,22,0.710631892664745,0.5970982142857143,0.5666666666666667,0.5806451612903226
main + x1_sq + x3_sq,"x1_sq, x3_sq",2,22,0.7199490803524196,0.5892857142857142,0.5666666666666667,0.59375
main + x1_sq + x1_x2,"x1_sq, x1_x2",2,22,0.7093282503691217,0.5892857142857142,0.5333333333333333,0.5483870967741935
main + x1_sq + x1_x3,"x1_sq, x1_x3",2,22,0.7271938899993354,0.5747767857142857,0.5333333333333333,0.5483870967741935
main + x1_sq + x2_x3,"x1_sq, x2_x3",2,22,0.5809841793885842,0.8024553571428571,0.7333333333333333,0.7333333333333333
main + x2_sq + x3_sq,"x2_sq, x3_sq",2,22,0.7477406167937342,0.5859375,0.55,0.5263157894736842
main + x2_sq + x1_x2,"x2_sq, x1_x2",2,22,0.7408840103359681,0.5970982142857142,0.55,0.5423728813559322
main + x2_sq + x1_x3,"x2_sq, x1_x3",2,22,0.7529122424590694,0.5792410714285714,0.5333333333333333,0.5172413793103449
main + x2_sq + x2_x3,"x2_sq, x2_x3",2,22,0.6089782381870553,0.7477678571428571,0.7166666666666667,0.7213114754098361
main + x3_sq + x1_x2,"x3_sq, x1_x2",2,22,0.7534410373489244,0.5859375,0.55,0.5263157894736842
main + x3_sq + x1_x3,"x3_sq, x1_x3",2,22,0.7666664316046761,0.5446428571428572,0.5333333333333333,0.48148148148148145
main + x3_sq + x2_x3,"x3_sq, x2_x3",2,22,0.6270397926928243,0.7466517857142857,0.7,0.6896551724137931
main + x1_x2 + x1_x3,"x1_x2, x1_x3",2,22,0.7492329482395971,0.5736607142857143,0.55,0.5423728813559322
main + x1_x2 + x2_x3,"x1_x2, x2_x3",2,22,0.5992101708082014,0.7578125,0.7,0.7
main + x1_x3 + x2_x3,"x1_x3, x2_x3",2,22,0.6066355111200089,0.7533482142857143,0.7333333333333333,0.7241379310344828
main + x1_sq + x2_sq + x3_sq,"x1_sq, x2_sq, x3_sq",3,22,0.7211397615300624,0.5904017857142857,0.55,0.5573770491803278
main + x1_sq + x2_sq + x1_x2,"x1_sq, x2_sq, x1_x2",3,22,0.7121815938861985,0.5948660714285714,0.5666666666666667,0.5806451612903226
main + x1_sq + x2_sq + x1_x3,"x1_sq, x2_sq, x1_x3",3,22,0.7286043642119986,0.5814732142857143,0.55,0.5573770491803278
main + x1_sq + x2_sq + x2_x3,"x1_sq, x2_sq, x2_x3",3,22,0.5810543253954658,0.7935267857142857,0.7166666666666667,0.7213114754098361
main + x1_sq + x3_sq + x1_x2,"x1_sq, x3_sq, x1_x2",3,22,0.7242181245896162,0.5881696428571429,0.5666666666666667,0.59375
main + x1_sq + x3_sq + x1_x3,"x1_sq, x3_sq, x1_x3",3,22,0.7422927577169135,0.5602678571428571,0.5,0.5
main + x1_sq + x3_sq + x2_x3,"x1_sq, x3_sq, x2_x3",3,22,0.6005137651827102,0.7834821428571429,0.7333333333333333,0.7333333333333333
main + x1_sq + x1_x2 + x1_x3,"x1_sq, x1_x2, x1_x3",3,22,0.72165506524867,0.5803571428571428,0.55,0.5573770491803278
main + x1_sq + x1_x2 + x2_x3,"x1_sq, x1_x2, x2_x3",3,22,0.575060188021713,0.8013392857142856,0.7333333333333333,0.7333333333333333
main + x1_sq + x1_x3 + x2_x3,"x1_sq, x1_x3, x2_x3",3,22,0.5820617903601608,0.7957589285714285,0.7333333333333333,0.7333333333333333
main + x2_sq + x3_sq + x1_x2,"x2_sq, x3_sq, x1_x2",3,22,0.7572612763639669,0.5870535714285714,0.55,0.5263157894736842
main + x2_sq + x3_sq + x1_x3,"x2_sq, x3_sq, x1_x3",3,22,0.7684282428089996,0.5457589285714285,0.55,0.49056603773584906
main + x2_sq + x3_sq + x2_x3,"x2_sq, x3_sq, x2_x3",3,22,0.6287721579421498,0.7444196428571428,0.7,0.6896551724137931
main + x2_sq + x1_x2 + x1_x3,"x2_sq, x1_x2, x1_x3",3,22,0.75219009342209,0.5792410714285714,0.5333333333333333,0.5172413793103449
main + x2_sq + x1_x2 + x2_x3,"x2_sq, x1_x2, x2_x3",3,22,0.6036772046743457,0.7578125,0.7166666666666667,0.7213114754098361
main + x2_sq + x1_x3 + x2_x3,"x2_sq, x1_x3, x2_x3",3,22,0.6093245263606024,0.7433035714285714,0.75,0.7457627118644068
main + x3_sq + x1_x2 + x1_x3,"x3_sq, x1_x2, x1_x3",3,22,0.7671959023478634,0.5446428571428572,0.5333333333333333,0.48148148148148145
main + x3_sq + x1_x2 + x2_x3,"x3_sq, x1_x2, x2_x3",3,22,0.6226734555371926,0.7499999999999999,0.7,0.6896551724137931
main + x3_sq + x1_x3 + x2_x3,"x3_sq, x1_x3, x2_x3",3,22,0.6313305904819659,0.7332589285714285,0.6833333333333333,0.6779661016949152
main + x1_x2 + x1_x3 + x2_x3,"x1_x2, x1_x3, x2_x3",3,22,0.5982759522543108,0.7600446428571428,0.7333333333333333,0.7241379310344828
main + x1_sq + x2_sq + x3_sq + x1_x2,"x1_sq, x2_sq, x3_sq, x1_x2",4,22,0.7276181469733326,0.5892857142857143,0.55,0.5573770491803278
main + x1_sq + x2_sq + x3_sq + x1_x3,"x1_sq, x2_sq, x3_sq, x1_x3",4,22,0.7438684414156741,0.5658482142857143,0.5166666666666667,0.5084745762711864
main + x1_sq + x2_sq + x3_sq + x2_x3,"x1_sq, x2_sq, x3_sq, x2_x3",4,22,0.6004621890952044,0.7801339285714286,0.7333333333333333,0.7333333333333333
main + x1_sq + x2_sq + x1_x2 + x1_x3,"x1_sq, x2_sq, x1_x2, x1_x3",4,22,0.7236120438982561,0.5837053571428571,0.55,0.5573770491803278
main + x1_sq + x2_sq + x1_x2 + x2_x3,"x1_sq, x2_sq, x1_x2, x2_x3",4,22,0.5746873943800147,0.8058035714285714,0.7166666666666667,0.7213114754098361
main + x1_sq + x2_sq + x1_x3 + x2_x3,"x1_sq, x2_sq, x1_x3, x2_x3",4,22,0.5820331215961737,0.7879464285714285,0.75,0.7457627118644068
main + x1_sq + x3_sq + x1_x2 + x1_x3,"x1_sq, x3_sq, x1_x2, x1_x3",4,22,0.7387601848722312,0.5658482142857143,0.5,0.5
main + x1_sq + x3_sq + x1_x2 + x2_x3,"x1_sq, x3_sq, x1_x2, x2_x3",4,22,0.5946728376881932,0.7912946428571428,0.7333333333333333,0.7333333333333333
main + x1_sq + x3_sq + x1_x3 + x2_x3,"x1_sq, x3_sq, x1_x3, x2_x3",4,22,0.6058369485815501,0.7734375,0.75,0.7457627118644068
main + x1_sq + x1_x2 + x1_x3 + x2_x3,"x1_sq, x1_x2, x1_x3, x2_x3",4,22,0.5767604371765919,0.8024553571428571,0.7333333333333333,0.7333333333333333
main + x2_sq + x3_sq + x1_x2 + x1_x3,"x2_sq, x3_sq, x1_x2, x1_x3",4,22,0.7706871354411539,0.546875,0.55,0.49056603773584906
main + x2_sq + x3_sq + x1_x2 + x2_x3,"x2_sq, x3_sq, x1_x2, x2_x3",4,22,0.6264805340769086,0.7466517857142856,0.7,0.6896551724137931
main + x2_sq + x3_sq + x1_x3 + x2_x3,"x2_sq, x3_sq, x1_x3, x2_x3",4,22,0.6329861660056426,0.7287946428571428,0.7,0.6896551724137931
main + x2_sq + x1_x2 + x1_x3 + x2_x3,"x2_sq, x1_x2, x1_x3, x2_x3",4,22,0.6015401399851691,0.7544642857142857,0.7333333333333333,0.7241379310344828
main + x3_sq + x1_x2 + x1_x3 + x2_x3,"x3_sq, x1_x2, x1_x3, x2_x3",4,22,0.623350002603281,0.7444196428571429,0.6833333333333333,0.6779661016949152
main + x1_sq + x2_sq + x3_sq + x1_x2 + x1_x3,"x1_sq, x2_sq, x3_sq, x1_x2, x1_x3",5,22,0.7416273569999402,0.5669642857142857,0.5166666666666667,0.5084745762711864
main + x1_sq + x2_sq + x3_sq + x1_x2 + x2_x3,"x1_sq, x2_sq, x3_sq, x1_x2, x2_x3",5,22,0.5949635186984616,0.7868303571428571,0.7333333333333333,0.7333333333333333
main + x1_sq + x2_sq + x3_sq + x1_x3 + x2_x3,"x1_sq, x2_sq, x3_sq, x1_x3, x2_x3",5,22,0.6056280815580083,0.7689732142857143,0.75,0.7457627118644068
main + x1_sq + x2_sq + x1_x2 + x1_x3 + x2_x3,"x1_sq, x2_sq, x1_x2, x1_x3, x2_x3",5,22,0.5753271961246219,0.796875,0.75,0.7457627118644068
main + x1_sq + x3_sq + x1_x2 + x1_x3 + x2_x3,"x1_sq, x3_sq, x1_x2, x1_x3, x2_x3",5,22,0.5996177189001934,0.7834821428571428,0.75,0.7457627118644068
main + x2_sq + x3_sq + x1_x2 + x1_x3 + x2_x3,"x2_sq, x3_sq, x1_x2, x1_x3, x2_x3",5,22,0.6254130177085993,0.7366071428571429,0.7,0.6896551724137931
main + x1_sq + x2_sq + x3_sq + x1_x2 + x1_x3 + x2_x3,"x1_sq, x2_sq, x3_sq, x1_x2, x1_x3, x2_x3",6,22,0.5987363440636525,0.7779017857142858,0.75,0.7457627118644068
main effects only,none,0,23,0.6165722477850221,0.7064732142857143,0.6833333333333333,0.6545454545454545
main + x1_sq,x1_sq,1,23,0.6159124332307592,0.6796875,0.6833333333333333,0.6885245901639344
main + x2_sq,x2_sq,1,23,0.6211416524365185,0.7087053571428572,0.7166666666666667,0.7017543859649122
main + x3_sq,x3_sq,1,23,0.6136500566221846,0.7098214285714286,0.6833333333333333,0.6545454545454545
main + x1_x2,x1_x2,1,23,0.6346538614032847,0.6975446428571428,0.6833333333333333,0.6545454545454545
main + x1_x3,x1_x3,1,23,0.6060302624879943,0.7276785714285714,0.6833333333333333,0.6545454545454545
main + x2_x3,x2_x3,1,23,0.5547569466286296,0.7511160714285714,0.6166666666666667,0.5660377358490566
main + x1_sq + x2_sq,"x1_sq, x2_sq",2,23,0.6214582878166267,0.6752232142857143,0.6833333333333333,0.6885245901639344
main + x1_sq + x3_sq,"x1_sq, x3_sq",2,23,0.6126335876633544,0.6841517857142857,0.6833333333333333,0.6885245901639344
main + x1_sq + x1_x2,"x1_sq, x1_x2",2,23,0.6347993019732995,0.6830357142857142,0.7,0.7
main + x1_sq + x1_x3,"x1_sq, x1_x3",2,23,0.6067435395330009,0.6908482142857143,0.6833333333333333,0.6885245901639344
main + x1_sq + x2_x3,"x1_sq, x2_x3",2,23,0.5446660841776183,0.7756696428571429,0.65,0.631578947368421
main + x2_sq + x3_sq,"x2_sq, x3_sq",2,23,0.6189774320432598,0.7120535714285714,0.7,0.6896551724137931
main + x2_sq + x1_x2,"x2_sq, x1_x2",2,23,0.6409264119173107,0.6908482142857143,0.7166666666666667,0.7017543859649122
main + x2_sq + x1_x3,"x2_sq, x1_x3",2,23,0.6104193016713891,0.7209821428571429,0.7166666666666667,0.7017543859649122
main + x2_sq + x2_x3,"x2_sq, x2_x3",2,23,0.5629153143166243,0.7477678571428571,0.6333333333333333,0.5925925925925926
main + x3_sq + x1_x2,"x3_sq, x1_x2",2,23,0.6332805151689154,0.6975446428571428,0.6833333333333333,0.6545454545454545
main + x3_sq + x1_x3,"x3_sq, x1_x3",2,23,0.5990727195920891,0.7388392857142857,0.7,0.6785714285714286
main + x3_sq + x2_x3,"x3_sq, x2_x3",2,23,0.5422194712362075,0.7723214285714286,0.6666666666666666,0.6296296296296297
main + x1_x2 + x1_x3,"x1_x2, x1_x3",2,23,0.6223475121014832,0.7131696428571428,0.6833333333333333,0.6545454545454545
main + x1_x2 + x2_x3,"x1_x2, x2_x3",2,23,0.5805261780073747,0.7388392857142857,0.6333333333333333,0.5769230769230769
main + x1_x3 + x2_x3,"x1_x3, x2_x3",2,23,0.5509186321817965,0.7622767857142856,0.6333333333333333,0.5769230769230769
main + x1_sq + x2_sq + x3_sq,"x1_sq, x2_sq, x3_sq",3,23,0.6190703102164569,0.6808035714285715,0.7,0.7096774193548387
main + x1_sq + x2_sq + x1_x2,"x1_sq, x2_sq, x1_x2",3,23,0.6430436480219371,0.6763392857142857,0.7333333333333333,0.7333333333333333
main + x1_sq + x2_sq + x1_x3,"x1_sq, x2_sq, x1_x3",3,23,0.6120638753248644,0.6919642857142858,0.6833333333333333,0.6885245901639344
main + x1_sq + x2_sq + x2_x3,"x1_sq, x2_sq, x2_x3",3,23,0.5544407271083975,0.7723214285714286,0.6333333333333333,0.6071428571428571
main + x1_sq + x3_sq + x1_x2,"x1_sq, x3_sq, x1_x2",3,23,0.6326947463277729,0.6841517857142858,0.7,0.7
main + x1_sq + x3_sq + x1_x3,"x1_sq, x3_sq, x1_x3",3,23,0.6004580788539688,0.7109375,0.6833333333333333,0.6885245901639344
main + x1_sq + x3_sq + x2_x3,"x1_sq, x3_sq, x2_x3",3,23,0.5308674098248348,0.7924107142857143,0.6833333333333333,0.6666666666666666
main + x1_sq + x1_x2 + x1_x3,"x1_sq, x1_x2, x1_x3",3,23,0.6234599922698212,0.6796875,0.7,0.7
main + x1_sq + x1_x2 + x2_x3,"x1_sq, x1_x2, x2_x3",3,23,0.574048876894832,0.7611607142857143,0.7,0.6666666666666666
main + x1_sq + x1_x3 + x2_x3,"x1_sq, x1_x3, x2_x3",3,23,0.5405035251183854,0.7834821428571429,0.65,0.631578947368421
main + x2_sq + x3_sq + x1_x2,"x2_sq, x3_sq, x1_x2",3,23,0.6404650016778337,0.6897321428571429,0.7166666666666667,0.7017543859649122
main + x2_sq + x3_sq + x1_x3,"x2_sq, x3_sq, x1_x3",3,23,0.6042434872561019,0.7332589285714286,0.7166666666666667,0.7017543859649122
main + x2_sq + x3_sq + x2_x3,"x2_sq, x3_sq, x2_x3",3,23,0.5524548475331944,0.7689732142857142,0.65,0.6037735849056604
main + x2_sq + x1_x2 + x1_x3,"x2_sq, x1_x2, x1_x3",3,23,0.6285529664005032,0.7008928571428571,0.7166666666666667,0.7017543859649122
main + x2_sq + x1_x2 + x2_x3,"x2_sq, x1_x2, x2_x3",3,23,0.5882236777116759,0.7287946428571429,0.65,0.6037735849056604
main + x2_sq + x1_x3 + x2_x3,"x2_sq, x1_x3, x2_x3",3,23,0.5582714710514742,0.7578125,0.6333333333333333,0.5925925925925926
main + x3_sq + x1_x2 + x1_x3,"x3_sq, x1_x2, x1_x3",3,23,0.6164535614846688,0.7232142857142857,0.7,0.6785714285714286
main + x3_sq + x1_x2 + x2_x3,"x3_sq, x1_x2, x2_x3",3,23,0.569085877546928,0.7600446428571428,0.6833333333333333,0.6415094339622641
main + x3_sq + x1_x3 + x2_x3,"x3_sq, x1_x3, x2_x3",3,23,0.5354285595362751,0.7823660714285714,0.6666666666666666,0.6296296296296297
main + x1_x2 + x1_x3 + x2_x3,"x1_x2, x1_x3, x2_x3",3,23,0.5750116960432698,0.7466517857142857,0.6333333333333333,0.5925925925925926
main + x1_sq + x2_sq + x3_sq + x1_x2,"x1_sq, x2_sq, x3_sq, x1_x2",4,23,0.6420498879174924,0.6785714285714286,0.7166666666666667,0.7213114754098361
main + x1_sq + x2_sq + x3_sq + x1_x3,"x1_sq, x2_sq, x3_sq, x1_x3",4,23,0.6067029364110176,0.7087053571428571,0.6833333333333333,0.6885245901639344
main + x1_sq + x2_sq + x3_sq + x2_x3,"x1_sq, x2_sq, x3_sq, x2_x3",4,23,0.542922928349507,0.7790178571428572,0.6833333333333333,0.6666666666666666
main + x1_sq + x2_sq + x1_x2 + x1_x3,"x1_sq, x2_sq, x1_x2, x1_x3",4,23,0.6316928754661989,0.6696428571428571,0.7166666666666667,0.7213114754098361
main + x1_sq + x2_sq + x1_x2 + x2_x3,"x1_sq, x2_sq, x1_x2, x2_x3",4,23,0.5826787091325321,0.75,0.6666666666666666,0.6296296296296297
main + x1_sq + x2_sq + x1_x3 + x2_x3,"x1_sq, x2_sq, x1_x3, x2_x3",4,23,0.5497204813387715,0.7767857142857143,0.6166666666666667,0.5818181818181818
main + x1_sq + x3_sq + x1_x2 + x1_x3,"x1_sq, x3_sq, x1_x2, x1_x3",4,23,0.6179135551580826,0.6997767857142857,0.7,0.7
main + x1_sq + x3_sq + x1_x2 + x2_x3,"x1_sq, x3_sq, x1_x2, x2_x3",4,23,0.5614002269995777,0.7790178571428572,0.7166666666666667,0.6909090909090909
main + x1_sq + x3_sq + x1_x3 + x2_x3,"x1_sq, x3_sq, x1_x3, x2_x3",4,23,0.5245681802784544,0.8035714285714286,0.6833333333333333,0.6666666666666666
main + x1_sq + x1_x2 + x1_x3 + x2_x3,"x1_sq, x1_x2, x1_x3, x2_x3",4,23,0.5675101774134163,0.7723214285714285,0.7,0.6666666666666666
main + x2_sq + x3_sq + x1_x2 + x1_x3,"x2_sq, x3_sq, x1_x2, x1_x3",4,23,0.6235289091958126,0.7087053571428571,0.7166666666666667,0.7017543859649122
main + x2_sq + x3_sq + x1_x2 + x2_x3,"x2_sq, x3_sq, x1_x2, x2_x3",4,23,0.578694023997491,0.7399553571428572,0.6666666666666666,0.6153846153846154
main + x2_sq + x3_sq + x1_x3 + x2_x3,"x2_sq, x3_sq, x1_x3, x2_x3",4,23,0.5452985939444339,0.7779017857142857,0.65,0.6037735849056604
main + x2_sq + x1_x2 + x1_x3 + x2_x3,"x2_sq, x1_x2, x1_x3, x2_x3",4,23,0.5823019667285476,0.7433035714285714,0.65,0.6037735849056604
main + x3_sq + x1_x2 + x1_x3 + x2_x3,"x3_sq, x1_x2, x1_x3, x2_x3",4,23,0.5599732645349705,0.7756696428571428,0.7166666666666667,0.6792452830188679
main + x1_sq + x2_sq + x3_sq + x1_x2 + x1_x3,"x1_sq, x2_sq, x3_sq, x1_x2, x1_x3",5,23,0.6271999313246077,0.6774553571428571,0.7166666666666667,0.7213114754098361
main + x1_sq + x2_sq + x3_sq + x1_x2 + x2_x3,"x1_sq, x2_sq, x3_sq, x1_x2, x2_x3",5,23,0.5721204677329609,0.7622767857142857,0.7,0.6785714285714286
main + x1_sq + x2_sq + x3_sq + x1_x3 + x2_x3,"x1_sq, x2_sq, x3_sq, x1_x3, x2_x3",5,23,0.5365008824629627,0.7868303571428572,0.6666666666666666,0.6428571428571429
main + x1_sq + x2_sq + x1_x2 + x1_x3 + x2_x3,"x1_sq, x2_sq, x1_x2, x1_x3, x2_x3",5,23,0.5762528646589214,0.7578125000000001,0.65,0.6037735849056604
main + x1_sq + x3_sq + x1_x2 + x1_x3 + x2_x3,"x1_sq, x3_sq, x1_x2, x1_x3, x2_x3",5,23,0.5520961576321235,0.7868303571428571,0.7166666666666667,0.6792452830188679
main + x2_sq + x3_sq + x1_x2 + x1_x3 + x2_x3,"x2_sq, x3_sq, x1_x2, x1_x3, x2_x3",5,23,0.5694222379923649,0.7589285714285714,0.6666666666666666,0.6153846153846154
main + x1_sq + x2_sq + x3_sq + x1_x2 + x1_x3 + x2_x3,"x1_sq, x2_sq, x3_sq, x1_x2, x1_x3, x2_x3",6,23,0.562959597913989,0.7723214285714286,0.6833333333333333,0.6415094339622641
main effects only,none,0,24,0.6021415252015697,0.7052280311457174,0.6,0.5714285714285714
main + x1_sq,x1_sq,1,24,0.6952256239711638,0.5773081201334817,0.5333333333333333,0.5625
main + x2_sq,x2_sq,1,24,0.6074413662269926,0.6952169076751946,0.6333333333333333,0.5925925925925926
main + x3_sq,x3_sq,1,24,0.5972174186961456,0.7174638487208009,0.6333333333333333,0.5769230769230769
main + x1_x2,x1_x2,1,24,0.6003331155554896,0.7052280311457174,0.6166666666666667,0.5818181818181818
main + x1_x3,x1_x3,1,24,0.6090086870216292,0.7041156840934372,0.6333333333333333,0.5925925925925926
main + x2_x3,x2_x3,1,24,0.5172914611804745,0.8042269187986651,0.7333333333333333,0.7142857142857143
main + x1_sq + x2_sq,"x1_sq, x2_sq",2,24,0.6977319423012379,0.5706340378197998,0.5166666666666667,0.5538461538461539
main + x1_sq + x3_sq,"x1_sq, x3_sq",2,24,0.6912021638722413,0.6129032258064516,0.5,0.5454545454545454
main + x1_sq + x1_x2,"x1_sq, x1_x2",2,24,0.6966782477871389,0.578420467185762,0.5333333333333333,0.5625
main + x1_sq + x1_x3,"x1_sq, x1_x3",2,24,0.7385287885167814,0.6229143492769743,0.55,0.5970149253731343
main + x1_sq + x2_x3,"x1_sq, x2_x3",2,24,0.5816721601212953,0.7641824249165741,0.7,0.6896551724137931
main + x2_sq + x3_sq,"x2_sq, x3_sq",2,24,0.6029962827113339,0.707452725250278,0.6666666666666666,0.6296296296296297
main + x2_sq + x1_x2,"x2_sq, x1_x2",2,24,0.606477704533201,0.6985539488320356,0.6333333333333333,0.5925925925925926
main + x2_sq + x1_x3,"x2_sq, x1_x3",2,24,0.61415367149283,0.696329254727475,0.6333333333333333,0.5925925925925926
main + x2_sq + x2_x3,"x2_sq, x2_x3",2,24,0.5167436024971735,0.8053392658509454,0.7333333333333333,0.7142857142857143
main + x3_sq + x1_x2,"x3_sq, x1_x2",2,24,0.5959473434668051,0.7174638487208008,0.65,0.6037735849056604
main + x3_sq + x1_x3,"x3_sq, x1_x3",2,24,0.6018153237985703,0.731924360400445,0.65,0.6037735849056604
main + x3_sq + x2_x3,"x3_sq, x2_x3",2,24,0.5045943611059253,0.8164627363737486,0.7333333333333333,0.7142857142857143
main + x1_x2 + x1_x3,"x1_x2, x1_x3",2,24,0.6054395482640227,0.7130144605116796,0.6333333333333333,0.5925925925925926
main + x1_x2 + x2_x3,"x1_x2, x2_x3",2,24,0.5119938704676203,0.810901001112347,0.7333333333333333,0.7142857142857143
main + x1_x3 + x2_x3,"x1_x3, x2_x3",2,24,0.526982455990847,0.8053392658509455,0.7166666666666667,0.7017543859649122
main + x1_sq + x2_sq + x3_sq,"x1_sq, x2_sq, x3_sq",3,24,0.6943479427281136,0.5984427141268075,0.5,0.5454545454545454
main + x1_sq + x2_sq + x1_x2,"x1_sq, x2_sq, x1_x2",3,24,0.6987044576481688,0.5695216907675195,0.5166666666666667,0.5538461538461539
main + x1_sq + x2_sq + x1_x3,"x1_sq, x2_sq, x1_x3",3,24,0.7404356536784689,0.6129032258064516,0.55,0.5970149253731343
main + x1_sq + x2_sq + x2_x3,"x1_sq, x2_sq, x2_x3",3,24,0.5777255122628274,0.7675194660734149,0.7,0.6896551724137931
main + x1_sq + x3_sq + x1_x2,"x1_sq, x3_sq, x1_x2",3,24,0.694273863555605,0.6117908787541713,0.5,0.5454545454545454
main + x1_sq + x3_sq + x1_x3,"x1_sq, x3_sq, x1_x3",3,24,0.7346376195830935,0.6596218020022246,0.55,0.6086956521739131
main + x1_sq + x3_sq + x2_x3,"x1_sq, x3_sq, x2_x3",3,24,0.5682188195453661,0.7830923248053393,0.7,0.6896551724137931
main + x1_sq + x1_x2 + x1_x3,"x1_sq, x1_x2, x1_x3",3,24,0.7376618340634896,0.6229143492769744,0.55,0.5970149253731343
main + x1_sq + x1_x2 + x2_x3,"x1_sq, x1_x2, x2_x3",3,24,0.5779765164900695,0.7664071190211346,0.7,0.6896551724137931
main + x1_sq + x1_x3 + x2_x3,"x1_sq, x1_x3, x2_x3",3,24,0.6036557789716469,0.7441601779755282,0.6833333333333333,0.6666666666666666
main + x2_sq + x3_sq + x1_x2,"x2_sq, x3_sq, x1_x2",3,24,0.6024526436423614,0.7074527252502781,0.6666666666666666,0.6296296296296297
main + x2_sq + x3_sq + x1_x3,"x2_sq, x3_sq, x1_x3",3,24,0.6077645900586713,0.7107897664071191,0.6666666666666666,0.6296296296296297
main + x2_sq + x3_sq + x2_x3,"x2_sq, x3_sq, x2_x3",3,24,0.5054695429473738,0.8131256952169077,0.7333333333333333,0.7142857142857143
main + x2_sq + x1_x2 + x1_x3,"x2_sq, x1_x2, x1_x3",3,24,0.6112141453137341,0.7018909899888766,0.6333333333333333,0.5925925925925926
main + x2_sq + x1_x2 + x2_x3,"x2_sq, x1_x2, x2_x3",3,24,0.5118765742522203,0.8120133481646273,0.7333333333333333,0.7142857142857143
main + x2_sq + x1_x3 + x2_x3,"x2_sq, x1_x3, x2_x3",3,24,0.5259118237527629,0.8053392658509455,0.7166666666666667,0.7017543859649122
main + x3_sq + x1_x2 + x1_x3,"x3_sq, x1_x2, x1_x3",3,24,0.598843554558352,0.7352614015572859,0.65,0.6037735849056604
main + x3_sq + x1_x2 + x2_x3,"x3_sq, x1_x2, x2_x3",3,24,0.49993385805663276,0.8197997775305896,0.75,0.7272727272727273
main + x3_sq + x1_x3 + x2_x3,"x3_sq, x1_x3, x2_x3",3,24,0.5118781929079844,0.8086763070077865,0.7,0.6896551724137931
main + x1_x2 + x1_x3 + x2_x3,"x1_x2, x1_x3, x2_x3",3,24,0.5203130619588979,0.8086763070077865,0.7333333333333333,0.7142857142857143
main + x1_sq + x2_sq + x3_sq + x1_x2,"x1_sq, x2_sq, x3_sq, x1_x2",4,24,0.6967886870325212,0.6017797552836485,0.5,0.5454545454545454
main + x1_sq + x2_sq + x3_sq + x1_x3,"x1_sq, x2_sq, x3_sq, x1_x3",4,24,0.7376443076118073,0.6473859844271412,0.5666666666666667,0.6060606060606061
main + x1_sq + x2_sq + x3_sq + x2_x3,"x1_sq, x2_sq, x3_sq, x2_x3",4,24,0.5664499398261232,0.7853170189098999,0.7,0.6896551724137931
main + x1_sq + x2_sq + x1_x2 + x1_x3,"x1_sq, x2_sq, x1_x2, x1_x3",4,24,0.7392390111276111,0.6129032258064516,0.55,0.5970149253731343
main + x1_sq + x2_sq + x1_x2 + x2_x3,"x1_sq, x2_sq, x1_x2, x2_x3",4,24,0.5750824166080014,0.7675194660734149,0.7,0.6896551724137931
main + x1_sq + x2_sq + x1_x3 + x2_x3,"x1_sq, x2_sq, x1_x3, x2_x3",4,24,0.5993906742490452,0.7474972191323693,0.6833333333333333,0.6666666666666666
main + x1_sq + x3_sq + x1_x2 + x1_x3,"x1_sq, x3_sq, x1_x2, x1_x3",4,24,0.736553557348021,0.657397107897664,0.55,0.6086956521739131
main + x1_sq + x3_sq + x1_x2 + x2_x3,"x1_sq, x3_sq, x1_x2, x2_x3",4,24,0.5655666155427863,0.7842046718576197,0.7,0.6896551724137931
main + x1_sq + x3_sq + x1_x3 + x2_x3,"x1_sq, x3_sq, x1_x3, x2_x3",4,24,0.5913903182088904,0.7619577308120133,0.6833333333333333,0.6666666666666666
main + x1_sq + x1_x2 + x1_x3 + x2_x3,"x1_sq, x1_x2, x1_x3, x2_x3",4,24,0.5938754843359019,0.7508342602892102,0.7,0.6896551724137931
main + x2_sq + x3_sq + x1_x2 + x1_x3,"x2_sq, x3_sq, x1_x2, x1_x3",4,24,0.6052329995370972,0.7230255839822024,0.6666666666666666,0.6296296296296297
main + x2_sq + x3_sq + x1_x2 + x2_x3,"x2_sq, x3_sq, x1_x2, x2_x3",4,24,0.501026709403479,0.817575083426029,0.7333333333333333,0.7142857142857143
main + x2_sq + x3_sq + x1_x3 + x2_x3,"x2_sq, x3_sq, x1_x3, x2_x3",4,24,0.5125517768139873,0.8086763070077865,0.7,0.6896551724137931
main + x2_sq + x1_x2 + x1_x3 + x2_x3,"x2_sq, x1_x2, x1_x3, x2_x3",4,24,0.5198763906064808,0.8086763070077865,0.7333333333333333,0.7142857142857143
main + x3_sq + x1_x2 + x1_x3 + x2_x3,"x3_sq, x1_x2, x1_x3, x2_x3",4,24,0.5054523217513424,0.8153503893214683,0.75,0.7272727272727273
main + x1_sq + x2_sq + x3_sq + x1_x2 + x1_x3,"x1_sq, x2_sq, x3_sq, x1_x2, x1_x3",5,24,0.7388443383502573,0.6473859844271412,0.5333333333333333,0.5882352941176471
main + x1_sq + x2_sq + x3_sq + x1_x2 + x2_x3,"x1_sq, x2_sq, x3_sq, x1_x2, x2_x3",5,24,0.5643261939276247,0.7897664071190211,0.7,0.6896551724137931
main + x1_sq + x2_sq + x3_sq + x1_x3 + x2_x3,"x1_sq, x2_sq, x3_sq, x1_x3, x2_x3",5,24,0.5896635485825121,0.7619577308120133,0.6833333333333333,0.6666666666666666
main + x1_sq + x2_sq + x1_x2 + x1_x3 + x2_x3,"x1_sq, x2_sq, x1_x2, x1_x3, x2_x3",5,24,0.5913479512877805,0.7508342602892102,0.7,0.6896551724137931
main + x1_sq + x3_sq + x1_x2 + x1_x3 + x2_x3,"x1_sq, x3_sq, x1_x2, x1_x3, x2_x3",5,24,0.5817815025901941,0.7575083426028921,0.7,0.6896551724137931
main + x2_sq + x3_sq + x1_x2 + x1_x3 + x2_x3,"x2_sq, x3_sq, x1_x2, x1_x3, x2_x3",5,24,0.5064938675323363,0.8153503893214683,0.75,0.7272727272727273
main + x1_sq + x2_sq + x3_sq + x1_x2 + x1_x3 + x2_x3,"x1_sq, x2_sq, x3_sq, x1_x2, x1_x3, x2_x3",6,24,0.5811257170741135,0.7575083426028921,0.7,0.6896551724137931
main effects only,none,0,25,0.6802645956690436,0.6229143492769744,0.6333333333333333,0.6451612903225806
main + x1_sq,x1_sq,1,25,0.6587313277479243,0.6151279199110122,0.6,0.625
main + x2_sq,x2_sq,1,25,0.6865870513913791,0.6084538375973303,0.6166666666666667,0.6229508196721312
main + x3_sq,x3_sq,1,25,0.7060526575845026,0.6162402669632926,0.6166666666666667,0.6349206349206349
main + x1_x2,x1_x2,1,25,0.6796020729744459,0.6151279199110122,0.6333333333333333,0.6451612903225806
main + x1_x3,x1_x3,1,25,0.676868884806635,0.6229143492769744,0.5833333333333334,0.576271186440678
main + x2_x3,x2_x3,1,25,0.5149630981693066,0.8053392658509455,0.7166666666666667,0.711864406779661
main + x1_sq + x2_sq,"x1_sq, x2_sq",2,25,0.6667393436211678,0.614015572858732,0.6,0.625
main + x1_sq + x3_sq,"x1_sq, x3_sq",2,25,0.6836812748748524,0.6151279199110122,0.6333333333333333,0.65625
main + x1_sq + x1_x2,"x1_sq, x1_x2",2,25,0.6580410306008493,0.6195773081201335,0.6,0.625
main + x1_sq + x1_x3,"x1_sq, x1_x3",2,25,0.6563836363836721,0.6229143492769744,0.6166666666666667,0.6461538461538462
main + x1_sq + x2_x3,"x1_sq, x2_x3",2,25,0.4926395706782833,0.8164627363737487,0.7,0.7
main + x2_sq + x3_sq,"x2_sq, x3_sq",2,25,0.7108668782678029,0.5995550611790879,0.6166666666666667,0.6349206349206349
main + x2_sq + x1_x2,"x2_sq, x1_x2",2,25,0.6852022385131096,0.6129032258064516,0.6333333333333333,0.6451612903225806
main + x2_sq + x1_x3,"x2_sq, x1_x3",2,25,0.6840540224149749,0.6140155728587319,0.6166666666666667,0.6229508196721312
main + x2_sq + x2_x3,"x2_sq, x2_x3",2,25,0.5276360526687174,0.7975528364849833,0.7,0.7096774193548387
main + x3_sq + x1_x2,"x3_sq, x1_x2",2,25,0.7045175591390699,0.6206896551724138,0.6166666666666667,0.6349206349206349
main + x3_sq + x1_x3,"x3_sq, x1_x3",2,25,0.6995556277409632,0.60734149054505,0.6166666666666667,0.6349206349206349
main + x3_sq + x2_x3,"x3_sq, x2_x3",2,25,0.5361409918051799,0.7919911012235817,0.7166666666666667,0.711864406779661
main + x1_x2 + x1_x3,"x1_x2, x1_x3",2,25,0.6759200860985609,0.6262513904338154,0.6166666666666667,0.6229508196721312
main + x1_x2 + x2_x3,"x1_x2, x2_x3",2,25,0.513212003991142,0.8131256952169077,0.7166666666666667,0.711864406779661
main + x1_x3 + x2_x3,"x1_x3, x2_x3",2,25,0.5180346649098317,0.8109010011123471,0.7166666666666667,0.711864406779661
main + x1_sq + x2_sq + x3_sq,"x1_sq, x2_sq, x3_sq",3,25,0.6897381321143735,0.5984427141268076,0.6166666666666667,0.6349206349206349
main + x1_sq + x2_sq + x1_x2,"x1_sq, x2_sq, x1_x2",3,25,0.6654158469212212,0.6095661846496108,0.6,0.625
main + x1_sq + x2_sq + x1_x3,"x1_sq, x2_sq, x1_x3",3,25,0.6650259015603486,0.6184649610678532,0.6,0.625
main + x1_sq + x2_sq + x2_x3,"x1_sq, x2_sq, x2_x3",3,25,0.5087486058410414,0.8020022246941045,0.7,0.7096774193548387
main + x1_sq + x3_sq + x1_x2,"x1_sq, x3_sq, x1_x2",3,25,0.6821714177980648,0.610678531701891,0.6333333333333333,0.65625
main + x1_sq + x3_sq + x1_x3,"x1_sq, x3_sq, x1_x3",3,25,0.678449951654274,0.610678531701891,0.6333333333333333,0.65625
main + x1_sq + x3_sq + x2_x3,"x1_sq, x3_sq, x2_x3",3,25,0.5128914827625093,0.8053392658509455,0.75,0.7540983606557377
main + x1_sq + x1_x2 + x1_x3,"x1_sq, x1_x2, x1_x3",3,25,0.6549993624849928,0.6240266963292547,0.6166666666666667,0.6461538461538462
main + x1_sq + x1_x2 + x2_x3,"x1_sq, x1_x2, x2_x3",3,25,0.491346642702392,0.8186874304783092,0.7166666666666667,0.7213114754098361
main + x1_sq + x1_x3 + x2_x3,"x1_sq, x1_x3, x2_x3",3,25,0.496311675711872,0.8242491657397107,0.7,0.7
main + x2_sq + x3_sq + x1_x2,"x2_sq, x3_sq, x1_x2",3,25,0.708867269571634,0.6006674082313681,0.6166666666666667,0.6349206349206349
main + x2_sq + x3_sq + x1_x3,"x2_sq, x3_sq, x1_x3",3,25,0.705252855429263,0.5973303670745272,0.6166666666666667,0.6349206349206349
main + x2_sq + x3_sq + x2_x3,"x2_sq, x3_sq, x2_x3",3,25,0.5441985904616629,0.7864293659621802,0.7,0.7
main + x2_sq + x1_x2 + x1_x3,"x2_sq, x1_x2, x1_x3",3,25,0.6822871407232213,0.6206896551724138,0.6166666666666667,0.6229508196721312
main + x2_sq + x1_x2 + x2_x3,"x2_sq, x1_x2, x2_x3",3,25,0.5233884536961625,0.8020022246941045,0.7166666666666667,0.7213114754098361
main + x2_sq + x1_x3 + x2_x3,"x2_sq, x1_x3, x2_x3",3,25,0.5333551596205754,0.7942157953281423,0.7,0.7096774193548387
main + x3_sq + x1_x2 + x1_x3,"x3_sq, x1_x2, x1_x3",3,25,0.6978786518696803,0.6040044493882092,0.6166666666666667,0.6349206349206349
main + x3_sq + x1_x2 + x2_x3,"x3_sq, x1_x2, x2_x3",3,25,0.5338531532126435,0.7997775305895439,0.7166666666666667,0.711864406779661
main + x3_sq + x1_x3 + x2_x3,"x3_sq, x1_x3, x2_x3",3,25,0.5401487587491743,0.7953281423804227,0.7,0.6896551724137931
main + x1_x2 + x1_x3 + x2_x3,"x1_x2, x1_x3, x2_x3",3,25,0.5158812511463442,0.8164627363737487,0.75,0.7457627118644068
main + x1_sq + x2_sq + x3_sq + x1_x2,"x1_sq, x2_sq, x3_sq, x1_x2",4,25,0.6875808939085616,0.6040044493882091,0.6166666666666667,0.6349206349206349
main + x1_sq + x2_sq + x3_sq + x1_x3,"x1_sq, x2_sq, x3_sq, x1_x3",4,25,0.6850287315591017,0.5939933259176863,0.6166666666666667,0.6349206349206349
main + x1_sq + x2_sq + x3_sq + x2_x3,"x1_sq, x2_sq, x3_sq, x2_x3",4,25,0.5243743920789814,0.7875417130144605,0.7,0.7
main + x1_sq + x2_sq + x1_x2 + x1_x3,"x1_sq, x2_sq, x1_x2, x1_x3",4,25,0.6631197292293429,0.6218020022246941,0.6,0.625
main + x1_sq + x2_sq + x1_x2 + x2_x3,"x1_sq, x2_sq, x1_x2, x2_x3",4,25,0.5057587970106964,0.8031145717463849,0.7,0.7096774193548387
main + x1_sq + x2_sq + x1_x3 + x2_x3,"x1_sq, x2_sq, x1_x3, x2_x3",4,25,0.5157910169637296,0.8020022246941045,0.7,0.7096774193548387
main + x1_sq + x3_sq + x1_x2 + x1_x3,"x1_sq, x3_sq, x1_x2, x1_x3",4,25,0.6763656379915514,0.6084538375973304,0.6333333333333333,0.65625
main + x1_sq + x3_sq + x1_x2 + x2_x3,"x1_sq, x3_sq, x1_x2, x2_x3",4,25,0.511269003058007,0.8031145717463849,0.7333333333333333,0.7333333333333333
main + x1_sq + x3_sq + x1_x3 + x2_x3,"x1_sq, x3_sq, x1_x3, x2_x3",4,25,0.5180318247976329,0.8042269187986653,0.7166666666666667,0.7213114754098361
main + x1_sq + x1_x2 + x1_x3 + x2_x3,"x1_sq, x1_x2, x1_x3, x2_x3",4,25,0.4936100571478939,0.8242491657397107,0.7,0.7
main + x2_sq + x3_sq + x1_x2 + x1_x3,"x2_sq, x3_sq, x1_x2, x1_x3",4,25,0.7027465022187289,0.5951056729699666,0.6166666666666667,0.6349206349206349
main + x2_sq + x3_sq + x1_x2 + x2_x3,"x2_sq, x3_sq, x1_x2, x2_x3",4,25,0.5399116817307466,0.7919911012235817,0.7,0.7
main + x2_sq + x3_sq + x1_x3 + x2_x3,"x2_sq, x3_sq, x1_x3, x2_x3",4,25,0.5504453568743962,0.7886540600667409,0.7,0.7
main + x2_sq + x1_x2 + x1_x3 + x2_x3,"x2_sq, x1_x2, x1_x3, x2_x3",4,25,0.5282771739741315,0.8031145717463849,0.7,0.7096774193548387
main + x3_sq + x1_x2 + x1_x3 + x2_x3,"x3_sq, x1_x2, x1_x3, x2_x3",4,25,0.5374226874302874,0.8020022246941045,0.7166666666666667,0.711864406779661
main + x1_sq + x2_sq + x3_sq + x1_x2 + x1_x3,"x1_sq, x2_sq, x3_sq, x1_x2, x1_x3",5,25,0.6821418003959739,0.5984427141268076,0.6166666666666667,0.6349206349206349
main + x1_sq + x2_sq + x3_sq + x1_x2 + x2_x3,"x1_sq, x2_sq, x3_sq, x1_x2, x2_x3",5,25,0.5213535047519992,0.7919911012235817,0.7,0.7
main + x1_sq + x2_sq + x3_sq + x1_x3 + x2_x3,"x1_sq, x2_sq, x3_sq, x1_x3, x2_x3",5,25,0.531774406679616,0.7919911012235817,0.6833333333333333,0.6779661016949152
main + x1_sq + x2_sq + x1_x2 + x1_x3 + x2_x3,"x1_sq, x2_sq, x1_x2, x1_x3, x2_x3",5,25,0.5115155185890956,0.8075639599555061,0.7,0.7096774193548387
main + x1_sq + x3_sq + x1_x2 + x1_x3 + x2_x3,"x1_sq, x3_sq, x1_x2, x1_x3, x2_x3",5,25,0.5148582176109888,0.8109010011123471,0.75,0.7540983606557377
main + x2_sq + x3_sq + x1_x2 + x1_x3 + x2_x3,"x2_sq, x3_sq, x1_x2, x1_x3, x2_x3",5,25,0.5452780298509423,0.7908787541713014,0.7,0.7
main + x1_sq + x2_sq + x3_sq + x1_x2 + x1_x3 + x2_x3,"x1_sq, x2_sq, x3_sq, x1_x2, x1_x3, x2_x3",6,25,0.5273712786489727,0.7975528364849833,0.7,0.7
