stage,candidate_id,config_key,cv_seed,fold,n_train,n_validation,best_n_estimators,mse,rmse,max_depth,learning_rate,min_child_weight,gamma,subsample,colsample_bytree,reg_lambda,reg_alpha,mdi_GrLivArea,mdi_LotArea,mdi_OverallQual,mdi_OverallCond,mdi_YearBuilt,mdi_YearRemodAdd,mdi_TotalBsmtSF,mdi_GarageArea,mdi_BedroomAbvGr,mdi_Fireplaces,mdi_WoodDeckSF,mdi_OpenPorchSF
screen,0,"{""colsample_bytree"":0.7,""gamma"":0.5,""learning_rate"":0.03,""max_depth"":5,""min_child_weight"":3,""reg_alpha"":1.0,""reg_lambda"":5.0,""subsample"":0.85}",9618,1,240,60,188,928.6877451573384,30.474378503217068,5,0.03,3,0.5,0.85,0.7,5.0,1.0,0.14441412061932393,0.019186653690208798,0.3894198213563088,0.005593756339672596,0.21485215856249038,0.009569004968266164,0.09636822418503205,0.1022007429755253,0.003186492382651898,0.003196049815000381,0.0031448043202091823,0.008868170785310511
screen,0,"{""colsample_bytree"":0.7,""gamma"":0.5,""learning_rate"":0.03,""max_depth"":5,""min_child_weight"":3,""reg_alpha"":1.0,""reg_lambda"":5.0,""subsample"":0.85}",9618,2,240,60,306,1714.6427583079799,41.40824505225958,5,0.03,3,0.5,0.85,0.7,5.0,1.0,0.168723838737797,0.01602940353278379,0.45964655244303765,0.004862631034559055,0.19658039351735854,0.008891755381440167,0.07217242993968487,0.05780069838827947,0.0016879634938169212,0.0016027040052203595,0.0028984387827285774,0.00910319074329362
screen,0,"{""colsample_bytree"":0.7,""gamma"":0.5,""learning_rate"":0.03,""max_depth"":5,""min_child_weight"":3,""reg_alpha"":1.0,""reg_lambda"":5.0,""subsample"":0.85}",9618,3,240,60,151,2034.630901340534,45.106883081637704,5,0.03,3,0.5,0.85,0.7,5.0,1.0,0.131007900730674,0.02677750018809199,0.4573080756447359,0.00528068115239694,0.18043899681007583,0.008268699219360997,0.05524548268665287,0.1191061420570055,0.0029903807709289374,0.004272108665493129,0.0035153658127487016,0.00578866626183521
screen,0,"{""colsample_bytree"":0.7,""gamma"":0.5,""learning_rate"":0.03,""max_depth"":5,""min_child_weight"":3,""reg_alpha"":1.0,""reg_lambda"":5.0,""subsample"":0.85}",9618,4,240,60,640,2228.845157449007,47.21064665357812,5,0.03,3,0.5,0.85,0.7,5.0,1.0,0.1650397692415423,0.024800533611136648,0.3899748060007453,0.0028092641181013947,0.1881047459786229,0.01412707509733774,0.11553467451024275,0.07913382567785035,0.0036072324931149037,0.0023906976899460103,0.006322100267876213,0.00815527531348351
screen,0,"{""colsample_bytree"":0.7,""gamma"":0.5,""learning_rate"":0.03,""max_depth"":5,""min_child_weight"":3,""reg_alpha"":1.0,""reg_lambda"":5.0,""subsample"":0.85}",9618,5,240,60,331,1604.8189532991807,40.06019162833823,5,0.03,3,0.5,0.85,0.7,5.0,1.0,0.14503289096711255,0.019936760495047764,0.42172858174462396,0.005835975609203737,0.2289474484072885,0.008595423289536292,0.07568896712279335,0.07368289137132517,0.0033549538870366238,0.0019422070141075138,0.0033052077775697557,0.011948692314354777
screen,1,"{""colsample_bytree"":1.0,""gamma"":1.0,""learning_rate"":0.03,""max_depth"":3,""min_child_weight"":3,""reg_alpha"":1.0,""reg_lambda"":1.0,""subsample"":0.7}",9618,1,240,60,163,846.5182384113953,29.094986482406128,3,0.03,3,1.0,0.7,1.0,1.0,1.0,0.16212702517797842,0.01158376016022518,0.4149777114634133,0.0015842637437983372,0.18258802139105806,0.005142238453656114,0.11066342429845508,0.0986082508528656,0.0011724038631664986,0.0016663646040027227,0.0015181793229859927,0.008368356668394717
screen,1,"{""colsample_bytree"":1.0,""gamma"":1.0,""learning_rate"":0.03,""max_depth"":3,""min_child_weight"":3,""reg_alpha"":1.0,""reg_lambda"":1.0,""subsample"":0.7}",9618,2,240,60,184,1636.3971006127665,40.45240537486945,3,0.03,3,1.0,0.7,1.0,1.0,1.0,0.18354165573609763,0.011186722537652141,0.4315277074659119,0.001403010787748766,0.2190233723419055,0.0038156884496497426,0.0769431681535131,0.0621108886005506,0.000641810985019881,0.0008232958729969779,0.0016162869424196102,0.0073663921265341705
screen,1,"{""colsample_bytree"":1.0,""gamma"":1.0,""learning_rate"":0.03,""max_depth"":3,""min_child_weight"":3,""reg_alpha"":1.0,""reg_lambda"":1.0,""subsample"":0.7}",9618,3,240,60,349,1399.2673075057162,37.40678157106965,3,0.03,3,1.0,0.7,1.0,1.0,1.0,0.1314287544003338,0.02951057383132686,0.4678914723190104,0.004470103353466269,0.1592406598907717,0.011086451560236873,0.05980217091767736,0.120081220433293,0.0024737679776468415,0.0013152634901729195,0.005703649406749575,0.006995912419314375
screen,1,"{""colsample_bytree"":1.0,""gamma"":1.0,""learning_rate"":0.03,""max_depth"":3,""min_child_weight"":3,""reg_alpha"":1.0,""reg_lambda"":1.0,""subsample"":0.7}",9618,4,240,60,293,2029.9611674450946,45.05509036108012,3,0.03,3,1.0,0.7,1.0,1.0,1.0,0.1650108441413561,0.01814291464326987,0.43091124381050505,0.0008219018345663577,0.18312039054636076,0.0062057011165800105,0.10221067545509889,0.0821114582691513,0.0018114848875621034,0.0006490612388095015,0.005362614228520624,0.003641709828219426
screen,1,"{""colsample_bytree"":1.0,""gamma"":1.0,""learning_rate"":0.03,""max_depth"":3,""min_child_weight"":3,""reg_alpha"":1.0,""reg_lambda"":1.0,""subsample"":0.7}",9618,5,240,60,264,1553.2381646275114,39.4111426455452,3,0.03,3,1.0,0.7,1.0,1.0,1.0,0.17581777846889843,0.014825170361596666,0.3831537865337984,0.004797538256489396,0.23172347737058752,0.0031921818382513417,0.0882672868728427,0.08448263412211812,0.0007399634372423611,0.0007048205073047873,0.0030078752646487995,0.009287486966221477
screen,2,"{""colsample_bytree"":0.7,""gamma"":0.1,""learning_rate"":0.05,""max_depth"":1,""min_child_weight"":5,""reg_alpha"":0.1,""reg_lambda"":1.0,""subsample"":1.0}",9618,1,240,60,637,784.8543975030061,28.015252943762725,1,0.05,5,0.1,1.0,0.7,1.0,0.1,0.21424508127989433,0.001039007954427539,0.3264862640322104,0.003290327147418999,0.18165218226545063,0.005457621037405868,0.1444022308501158,0.12030040547187397,5.263652302250772e-05,0.0,0.00027064558201449,0.0028035978561654633
screen,2,"{""colsample_bytree"":0.7,""gamma"":0.1,""learning_rate"":0.05,""max_depth"":1,""min_child_weight"":5,""reg_alpha"":0.1,""reg_lambda"":1.0,""subsample"":1.0}",9618,2,240,60,1675,1856.7120804312187,43.08958204057239,1,0.05,5,0.1,1.0,0.7,1.0,0.1,0.25009571955610704,0.006792173131266912,0.37154030113132963,0.0020272905160248584,0.19523321426534493,0.0017763196824799943,0.09553306450127082,0.07158384029536148,0.0,9.364352661602551e-05,0.002919312572552979,0.002405120821645358
screen,2,"{""colsample_bytree"":0.7,""gamma"":0.1,""learning_rate"":0.05,""max_depth"":1,""min_child_weight"":5,""reg_alpha"":0.1,""reg_lambda"":1.0,""subsample"":1.0}",9618,3,240,60,177,1683.7075086843836,41.03300511398579,1,0.05,5,0.1,1.0,0.7,1.0,0.1,0.1817227972634801,0.007078770781090804,0.39985197548995827,0.0,0.1749665801802898,0.005437008745850841,0.07140784627596101,0.15953502126336916,0.0,0.0,0.0,0.0
screen,2,"{""colsample_bytree"":0.7,""gamma"":0.1,""learning_rate"":0.05,""max_depth"":1,""min_child_weight"":5,""reg_alpha"":0.1,""reg_lambda"":1.0,""subsample"":1.0}",9618,4,240,60,911,1880.7649178857614,43.3677866380769,1,0.05,5,0.1,1.0,0.7,1.0,0.1,0.21535660930185224,0.005771759053561886,0.343324721502721,2.8589843495794306e-05,0.18633402107058908,0.003917233565278135,0.14312844756454104,0.09968482231607668,0.0005034342423133383,0.0,0.0014434865671196374,0.0005068749724511914
screen,2,"{""colsample_bytree"":0.7,""gamma"":0.1,""learning_rate"":0.05,""max_depth"":1,""min_child_weight"":5,""reg_alpha"":0.1,""reg_lambda"":1.0,""subsample"":1.0}",9618,5,240,60,1393,1618.8918725840017,40.235455416634736,1,0.05,5,0.1,1.0,0.7,1.0,0.1,0.22343173241820605,0.008358777468743596,0.31651298508032405,0.004220393468600584,0.2102110212881896,0.0019436173624646762,0.1016726745616774,0.1301420047777863,0.0007297355425451987,0.0,0.0008985307193970754,0.001878527312065466
screen,3,"{""colsample_bytree"":0.85,""gamma"":0.1,""learning_rate"":0.1,""max_depth"":3,""min_child_weight"":5,""reg_alpha"":0.1,""reg_lambda"":10.0,""subsample"":0.7}",9618,1,240,60,85,879.9652974063381,29.66420903051922,3,0.1,5,0.1,0.7,0.85,10.0,0.1,0.13915067224771796,0.024643013535113046,0.4079838081404348,0.00386005064233666,0.23162004273093972,0.004457622357825265,0.09216847874808831,0.08230143379709233,0.0015935527469090427,0.0011220615899239432,0.0036131551455219975,0.007486108318096956
screen,3,"{""colsample_bytree"":0.85,""gamma"":0.1,""learning_rate"":0.1,""max_depth"":3,""min_child_weight"":5,""reg_alpha"":0.1,""reg_lambda"":10.0,""subsample"":0.7}",9618,2,240,60,177,1708.5308324717016,41.33437833658203,3,0.1,5,0.1,0.7,0.85,10.0,0.1,0.1450930101714348,0.01505007441332635,0.3423648778600579,0.004245082826128288,0.3202021619063212,0.006651535307553256,0.09057343589900928,0.05679472160383483,0.0010156439447700078,0.0012788079924879992,0.0056612246962599744,0.011069423378816098
screen,3,"{""colsample_bytree"":0.85,""gamma"":0.1,""learning_rate"":0.1,""max_depth"":3,""min_child_weight"":5,""reg_alpha"":0.1,""reg_lambda"":10.0,""subsample"":0.7}",9618,3,240,60,124,1406.7547534223465,37.506729441826124,3,0.1,5,0.1,0.7,0.85,10.0,0.1,0.11092871116932809,0.023451296255810966,0.48035295842179027,0.0025182854470717176,0.1834937705418752,0.010299754223657745,0.07686906452506065,0.09422690598529018,0.003206319961041742,0.0024066561201307153,0.005909056316268512,0.006337221032674209
screen,3,"{""colsample_bytree"":0.85,""gamma"":0.1,""learning_rate"":0.1,""max_depth"":3,""min_child_weight"":5,""reg_alpha"":0.1,""reg_lambda"":10.0,""subsample"":0.7}",9618,4,240,60,264,2279.2566930813095,47.74156148557889,3,0.1,5,0.1,0.7,0.85,10.0,0.1,0.15391639053139314,0.025505840156702302,0.40099629496366235,0.0012943853451394063,0.2184763787036867,0.01674654733255237,0.10473998087488959,0.06138569601385104,0.0021454946777367196,0.002679359219996016,0.00645617166411333,0.005657460516277058
screen,3,"{""colsample_bytree"":0.85,""gamma"":0.1,""learning_rate"":0.1,""max_depth"":3,""min_child_weight"":5,""reg_alpha"":0.1,""reg_lambda"":10.0,""subsample"":0.7}",9618,5,240,60,129,1578.0634826383227,39.72484716947722,3,0.1,5,0.1,0.7,0.85,10.0,0.1,0.14620108425735645,0.013533099638230116,0.4581818364227582,0.0048379733108507555,0.17953847266966586,0.010619735190181199,0.09933104982032936,0.07152946056506437,0.0026746669058172086,0.0016334276480755442,0.004002953677876194,0.007916239893794702
screen,4,"{""colsample_bytree"":1.0,""gamma"":0.0,""learning_rate"":0.05,""max_depth"":1,""min_child_weight"":3,""reg_alpha"":1.0,""reg_lambda"":5.0,""subsample"":1.0}",9618,1,240,60,473,836.536009244842,28.922932238015598,1,0.05,3,0.0,1.0,1.0,5.0,1.0,0.20846862006545996,0.00048772667952223586,0.3590180990945851,0.0,0.17338043252884744,0.0023566058616105875,0.13473084503486513,0.11921360827981253,0.0,0.0,0.0,0.0023440624552970163
screen,4,"{""colsample_bytree"":1.0,""gamma"":0.0,""learning_rate"":0.05,""max_depth"":1,""min_child_weight"":3,""reg_alpha"":1.0,""reg_lambda"":5.0,""subsample"":1.0}",9618,2,240,60,1494,1731.4782344147272,41.61103500773235,1,0.05,3,0.0,1.0,1.0,5.0,1.0,0.24286214404561599,0.005108953035974027,0.3796938872180822,0.0002494437736418526,0.18966894583311264,0.002477344396962712,0.09906908735939672,0.0764795535181635,0.0,9.222963454974931e-05,0.0022800065927857166,0.0020184045917148955
screen,4,"{""colsample_bytree"":1.0,""gamma"":0.0,""learning_rate"":0.05,""max_depth"":1,""min_child_weight"":3,""reg_alpha"":1.0,""reg_lambda"":5.0,""subsample"":1.0}",9618,3,240,60,496,1440.5279353080493,37.95428744302874,1,0.05,3,0.0,1.0,1.0,5.0,1.0,0.1824934265119131,0.010282466978408282,0.39987170317318665,0.0,0.1741391580729872,0.0027431403906608655,0.07903398253455618,0.1510487534822618,0.0,0.0,0.00038736885602592204,0.0
screen,4,"{""colsample_bytree"":1.0,""gamma"":0.0,""learning_rate"":0.05,""max_depth"":1,""min_child_weight"":3,""reg_alpha"":1.0,""reg_lambda"":5.0,""subsample"":1.0}",9618,4,240,60,705,2001.0249544361038,44.732817421174175,1,0.05,3,0.0,1.0,1.0,5.0,1.0,0.21286527580412692,0.0058266708730543215,0.3668985672196713,0.0,0.16695524292516542,0.0030063984470989425,0.14612491855990523,0.09675545763084076,0.00043890704288220326,0.0,0.0007927412484155824,0.0003358202488393754
screen,4,"{""colsample_bytree"":1.0,""gamma"":0.0,""learning_rate"":0.05,""max_depth"":1,""min_child_weight"":3,""reg_alpha"":1.0,""reg_lambda"":5.0,""subsample"":1.0}",9618,5,240,60,1552,1632.6405423716383,40.40594686889095,1,0.05,3,0.0,1.0,1.0,5.0,1.0,0.22377720502742307,0.007266805605778814,0.319508685468107,0.0002015576827594197,0.20941948164242485,0.0010447537223986928,0.10734010216014786,0.128361212372417,0.0,4.353944242636362e-05,0.0008375565712104743,0.002199100304906414
screen,5,"{""colsample_bytree"":0.85,""gamma"":0.5,""learning_rate"":0.01,""max_depth"":4,""min_child_weight"":1,""reg_alpha"":1.0,""reg_lambda"":1.0,""subsample"":0.7}",9618,1,240,60,511,821.8923038563765,28.668664144957585,4,0.01,1,0.5,0.7,0.85,1.0,1.0,0.14377553559063216,0.019666770086878175,0.43155915184291127,0.005044926952216096,0.17486955523538786,0.011768011427936435,0.09684006021917874,0.09890812261778426,0.0032132437816174307,0.0038418234984820996,0.0023923808054019933,0.008120417941573449
screen,5,"{""colsample_bytree"":0.85,""gamma"":0.5,""learning_rate"":0.01,""max_depth"":4,""min_child_weight"":1,""reg_alpha"":1.0,""reg_lambda"":1.0,""subsample"":0.7}",9618,2,240,60,699,1613.9388243417952,40.17385747400659,4,0.01,1,0.5,0.7,0.85,1.0,1.0,0.1692864336988555,0.01714141849613624,0.4452662707161602,0.0038179193990039097,0.21529355084534715,0.00787105097942779,0.06713115372498649,0.05743848898855897,0.0024057531646874894,0.002076722301987353,0.0035590542634584116,0.008712183421390499
screen,5,"{""colsample_bytree"":0.85,""gamma"":0.5,""learning_rate"":0.01,""max_depth"":4,""min_child_weight"":1,""reg_alpha"":1.0,""reg_lambda"":1.0,""subsample"":0.7}",9618,3,240,60,508,1583.1441086497248,39.788743491717916,4,0.01,1,0.5,0.7,0.85,1.0,1.0,0.12990706888003137,0.030596391503564673,0.4535479075883914,0.004877926279940926,0.18124309673011366,0.010222326579507609,0.054354939891086834,0.122944212421097,0.0024689190128318905,0.0011381916036543535,0.00357417447160185,0.005124845038178409
screen,5,"{""colsample_bytree"":0.85,""gamma"":0.5,""learning_rate"":0.01,""max_depth"":4,""min_child_weight"":1,""reg_alpha"":1.0,""reg_lambda"":1.0,""subsample"":0.7}",9618,4,240,60,884,2063.928601829805,45.43048097731087,4,0.01,1,0.5,0.7,0.85,1.0,1.0,0.16408840813394976,0.024101239566474208,0.43605770445586123,0.002317196738238387,0.16523736438798628,0.01011172995665795,0.09416584152627222,0.0864755448086495,0.004919620108892762,0.001292706445534466,0.005986280654401568,0.0052463632170816725
screen,5,"{""colsample_bytree"":0.85,""gamma"":0.5,""learning_rate"":0.01,""max_depth"":4,""min_child_weight"":1,""reg_alpha"":1.0,""reg_lambda"":1.0,""subsample"":0.7}",9618,5,240,60,729,1673.2547354372105,40.90543650222071,4,0.01,1,0.5,0.7,0.85,1.0,1.0,0.16242557404070226,0.019847714647517903,0.41728995044501543,0.007570232871391684,0.2058333964038102,0.008570771731338606,0.07756454939626611,0.08231058242136471,0.003302858407235779,0.002071157368545406,0.002903947097949931,0.010309265168861933
screen,6,"{""colsample_bytree"":0.85,""gamma"":0.5,""learning_rate"":0.05,""max_depth"":1,""min_child_weight"":3,""reg_alpha"":0.0,""reg_lambda"":1.0,""subsample"":0.85}",9618,1,240,60,332,804.7157172858487,28.36751165128603,1,0.05,3,0.5,0.85,0.85,1.0,0.0,0.2121458885786015,0.003052781233180008,0.3361400647614235,0.0004888643469436605,0.18396219462978122,0.0008979965684034961,0.13114590447532512,0.12861200991762384,0.00011603663279991656,0.0,0.00046621957663932015,0.002972039279278442
screen,6,"{""colsample_bytree"":0.85,""gamma"":0.5,""learning_rate"":0.05,""max_depth"":1,""min_child_weight"":3,""reg_alpha"":0.0,""reg_lambda"":1.0,""subsample"":0.85}",9618,2,240,60,431,1624.1601417274858,40.30087023536199,1,0.05,3,0.5,0.85,0.85,1.0,0.0,0.24407130424454446,0.004690988645913879,0.353009379664637,0.000505650641033185,0.21944829835561144,0.006243990972941714,0.08790577809211504,0.07912840631378643,0.0,0.00034860840138679157,0.0019472770135708574,0.002700317654459206
screen,6,"{""colsample_bytree"":0.85,""gamma"":0.5,""learning_rate"":0.05,""max_depth"":1,""min_child_weight"":3,""reg_alpha"":0.0,""reg_lambda"":1.0,""subsample"":0.85}",9618,3,240,60,447,1340.6242074462302,36.614535466754596,1,0.05,3,0.5,0.85,0.85,1.0,0.0,0.17425179004222624,0.016174073310991306,0.4223659220526839,0.0,0.15078318513402333,0.004189264963970895,0.07154310532492211,0.1566886807811622,0.0001047812775605272,0.0005092554041696995,0.0014796520017179436,0.0019102897065718292
screen,6,"{""colsample_bytree"":0.85,""gamma"":0.5,""learning_rate"":0.05,""max_depth"":1,""min_child_weight"":3,""reg_alpha"":0.0,""reg_lambda"":1.0,""subsample"":0.85}",9618,4,240,60,260,2021.4997490712542,44.961091502222835,1,0.05,3,0.5,0.85,0.85,1.0,0.0,0.2118094957361882,0.002692636740154851,0.3722977705265738,0.0,0.1636904264269469,0.002759162332723738,0.14354221545631943,0.10032611794338697,0.0017500217923786454,0.0,0.0007581099222069763,0.0003740431231204996
screen,6,"{""colsample_bytree"":0.85,""gamma"":0.5,""learning_rate"":0.05,""max_depth"":1,""min_child_weight"":3,""reg_alpha"":0.0,""reg_lambda"":1.0,""subsample"":0.85}",9618,5,240,60,690,1614.7158806906446,40.183527479436705,1,0.05,3,0.5,0.85,0.85,1.0,0.0,0.21503402927834642,0.00984253831618352,0.35413906661210126,0.0007381435328622734,0.1924132481441353,0.001715912243084768,0.10322271838141979,0.11760409146583585,0.0,9.359012966720051e-05,0.0016430159516066605,0.003553645944756956
screen,7,"{""colsample_bytree"":1.0,""gamma"":0.5,""learning_rate"":0.1,""max_depth"":5,""min_child_weight"":1,""reg_alpha"":0.0,""reg_lambda"":10.0,""subsample"":0.7}",9618,1,240,60,51,1100.5621353351291,33.17472133018044,5,0.1,1,0.5,0.7,1.0,10.0,0.0,0.1358494592318828,0.020584750093199593,0.4405483721900024,0.0033868826566970833,0.22769154288310708,0.008648294892079621,0.07879249438279068,0.07171915773120725,0.0020511727278194683,0.002947139730351539,0.0027044533646526773,0.00507628011620977
screen,7,"{""colsample_bytree"":1.0,""gamma"":0.5,""learning_rate"":0.1,""max_depth"":5,""min_child_weight"":1,""reg_alpha"":0.0,""reg_lambda"":10.0,""subsample"":0.7}",9618,2,240,60,76,1959.573314623237,44.26706805993861,5,0.1,1,0.5,0.7,1.0,10.0,0.0,0.12882720485277452,0.01632408575073348,0.4832957636473182,0.0025159134815965537,0.1994940031813192,0.007196200888109972,0.08365591267902658,0.06438264896005902,0.0009436231009962152,0.0017739115554947726,0.0027568030353046003,0.008833928867266912
screen,7,"{""colsample_bytree"":1.0,""gamma"":0.5,""learning_rate"":0.1,""max_depth"":5,""min_child_weight"":1,""reg_alpha"":0.0,""reg_lambda"":10.0,""subsample"":0.7}",9618,3,240,60,596,1490.1038993767265,38.601863936560456,5,0.1,1,0.5,0.7,1.0,10.0,0.0,0.09989426270708253,0.036217095372105976,0.49783832801377353,0.0057350888045616145,0.1276811321964928,0.0151709699552589,0.08615075896035022,0.10366430775999154,0.0045130094331021905,0.003052340324398169,0.009179622753044566,0.010903083719837952
screen,7,"{""colsample_bytree"":1.0,""gamma"":0.5,""learning_rate"":0.1,""max_depth"":5,""min_child_weight"":1,""reg_alpha"":0.0,""reg_lambda"":10.0,""subsample"":0.7}",9618,4,240,60,203,2412.8442289713175,49.12071079464667,5,0.1,1,0.5,0.7,1.0,10.0,0.0,0.14468643134400797,0.026447365262973047,0.5270047958542241,0.0032213673700921975,0.10616302754686752,0.01197452306659928,0.10095399645941111,0.06377971748166274,0.0028536579301180506,0.001774058412206279,0.004919850811843872,0.006221208459993813
screen,7,"{""colsample_bytree"":1.0,""gamma"":0.5,""learning_rate"":0.1,""max_depth"":5,""min_child_weight"":1,""reg_alpha"":0.0,""reg_lambda"":10.0,""subsample"":0.7}",9618,5,240,60,219,1838.7312222099022,42.880429361305396,5,0.1,1,0.5,0.7,1.0,10.0,0.0,0.14652420627646856,0.019772717997341056,0.44989406073014465,0.003528839368118053,0.19185900616359552,0.009067300599428488,0.09861228993323393,0.06148292318324198,0.0027134803847615866,0.002639771511084726,0.0069773885588566,0.006928015293724835
screen,8,"{""colsample_bytree"":0.7,""gamma"":0.1,""learning_rate"":0.03,""max_depth"":2,""min_child_weight"":10,""reg_alpha"":0.1,""reg_lambda"":1.0,""subsample"":0.85}",9618,1,240,60,213,891.2528634900373,29.853858435552972,2,0.03,10,0.1,0.85,0.7,1.0,0.1,0.17351654545591877,0.010594641352240853,0.3359577150062994,0.0004925839174428684,0.22710449954311226,0.005290768694523551,0.1280794127849384,0.11487120404701302,0.0,0.0001246594281881654,0.0012276834540339376,0.002740286316288784
screen,8,"{""colsample_bytree"":0.7,""gamma"":0.1,""learning_rate"":0.03,""max_depth"":2,""min_child_weight"":10,""reg_alpha"":0.1,""reg_lambda"":1.0,""subsample"":0.85}",9618,2,240,60,534,1546.5924446814736,39.3267395633235,2,0.03,10,0.1,0.85,0.7,1.0,0.1,0.20951509069507593,0.016475034253207854,0.3584797637693725,0.0022076058838359637,0.22627709460020667,0.00674969322955461,0.09158474007081882,0.07566119734276047,0.0004540582833414415,0.00044579163443771234,0.0067354227781570245,0.005414507459230972
screen,8,"{""colsample_bytree"":0.7,""gamma"":0.1,""learning_rate"":0.03,""max_depth"":2,""min_child_weight"":10,""reg_alpha"":0.1,""reg_lambda"":1.0,""subsample"":0.85}",9618,3,240,60,150,1979.9356427108335,44.49646775543912,2,0.03,10,0.1,0.85,0.7,1.0,0.1,0.13376907515601563,0.015796111751256683,0.4120965676992476,0.0005961911371335734,0.20638416483538086,0.007501450182902099,0.06123954671486261,0.15777852802783973,0.001324922736622521,0.0026694134667551543,0.0004405799033437921,0.00040344838863974413
screen,8,"{""colsample_bytree"":0.7,""gamma"":0.1,""learning_rate"":0.03,""max_depth"":2,""min_child_weight"":10,""reg_alpha"":0.1,""reg_lambda"":1.0,""subsample"":0.85}",9618,4,240,60,488,1957.1180434766761,44.23932688769887,2,0.03,10,0.1,0.85,0.7,1.0,0.1,0.19457492601482185,0.02004914415147752,0.3274914708351806,0.0005334017955281212,0.2130943797855028,0.007711598872567472,0.13399790742575698,0.0924202288336621,0.0005216985011143694,0.0002338022295531391,0.0058860753671102,0.0034853661877248354
screen,8,"{""colsample_bytree"":0.7,""gamma"":0.1,""learning_rate"":0.03,""max_depth"":2,""min_child_weight"":10,""reg_alpha"":0.1,""reg_lambda"":1.0,""subsample"":0.85}",9618,5,240,60,484,1758.853981649249,41.93869313234795,2,0.03,10,0.1,0.85,0.7,1.0,0.1,0.18010840924222293,0.013879225716313328,0.32310848815356924,0.0025461857355465662,0.25985948738187153,0.00860129595945734,0.10485735197189851,0.09032878367913806,0.001110895292187675,0.00047186289815349307,0.0021872062110379767,0.012940807758603344
screen,9,"{""colsample_bytree"":0.85,""gamma"":0.0,""learning_rate"":0.1,""max_depth"":3,""min_child_weight"":3,""reg_alpha"":0.1,""reg_lambda"":5.0,""subsample"":0.85}",9618,1,240,60,73,972.3156999376343,31.18197716530551,3,0.1,3,0.0,0.85,0.85,5.0,0.1,0.1450779377935862,0.013224995319993138,0.43864020507699225,0.002623030010952143,0.20632174254583965,0.005358530136761315,0.09551908178339731,0.08249441676970742,5.8388036109676966e-05,0.004489667281658213,0.00181041529472834,0.004381589950274345
screen,9,"{""colsample_bytree"":0.85,""gamma"":0.0,""learning_rate"":0.1,""max_depth"":3,""min_child_weight"":3,""reg_alpha"":0.1,""reg_lambda"":5.0,""subsample"":0.85}",9618,2,240,60,124,1791.8461615629792,42.33020389229161,3,0.1,3,0.0,0.85,0.85,5.0,0.1,0.17249329434246785,0.010905160873750937,0.38831310519065093,0.0021218512492816887,0.2851545811309743,0.006275113267352303,0.0648712309719981,0.05785702777003965,0.0004379415328144131,0.0007183916308509174,0.0034483503273627664,0.007403951712456151
screen,9,"{""colsample_bytree"":0.85,""gamma"":0.0,""learning_rate"":0.1,""max_depth"":3,""min_child_weight"":3,""reg_alpha"":0.1,""reg_lambda"":5.0,""subsample"":0.85}",9618,3,240,60,61,1768.387741656789,42.05220257794815,3,0.1,3,0.0,0.85,0.85,5.0,0.1,0.11207580324643018,0.025771227359930406,0.5198683855041911,0.0029406827256362473,0.16152412160896829,0.009539020990451633,0.051719785473710284,0.11111435289795438,0.0009539885800575092,0.00012461803539345046,0.0018472232088544752,0.0025207903684220773
screen,9,"{""colsample_bytree"":0.85,""gamma"":0.0,""learning_rate"":0.1,""max_depth"":3,""min_child_weight"":3,""reg_alpha"":0.1,""reg_lambda"":5.0,""subsample"":0.85}",9618,4,240,60,211,2065.0368239656386,45.44267624123428,3,0.1,3,0.0,0.85,0.85,5.0,0.1,0.1595692381753961,0.017954115120070998,0.41315194143856415,0.001062354243813732,0.2200650918439586,0.006674851918634936,0.10130233291160676,0.06608721900490723,0.00203054514520165,0.0007114935398940998,0.005732603022942581,0.005658213635009193
screen,9,"{""colsample_bytree"":0.85,""gamma"":0.0,""learning_rate"":0.1,""max_depth"":3,""min_child_weight"":3,""reg_alpha"":0.1,""reg_lambda"":5.0,""subsample"":0.85}",9618,5,240,60,138,1605.2968568574113,40.066156003008466,3,0.1,3,0.0,0.85,0.85,5.0,0.1,0.1501951712113206,0.014392598697235987,0.4571704222669182,0.005250093438663109,0.2004631696488781,0.009612082825148523,0.08029480074609859,0.071521612293002,0.0007048595381849878,0.0010190614310024372,0.004190769016525292,0.005185358887022195
screen,10,"{""colsample_bytree"":0.85,""gamma"":0.5,""learning_rate"":0.05,""max_depth"":4,""min_child_weight"":3,""reg_alpha"":1.0,""reg_lambda"":1.0,""subsample"":0.85}",9618,1,240,60,86,815.7015848227273,28.560489926167712,4,0.05,3,0.5,0.85,0.85,1.0,1.0,0.13986731727150253,0.019436977467521283,0.4632118346112118,0.0026761061836053862,0.17986284828212917,0.008695799236356811,0.07911374125640692,0.091361622793207,0.001405047269730231,0.0037258172877908708,0.0025439796480697242,0.008098908692468258
screen,10,"{""colsample_bytree"":0.85,""gamma"":0.5,""learning_rate"":0.05,""max_depth"":4,""min_child_weight"":3,""reg_alpha"":1.0,""reg_lambda"":1.0,""subsample"":0.85}",9618,2,240,60,120,1694.9069399099571,41.1692475023525,4,0.05,3,0.5,0.85,0.85,1.0,1.0,0.16693921644001083,0.01147749672397589,0.4543046066948959,0.0017093178841723435,0.23715172415313632,0.005185592509202213,0.0633607877856862,0.0468144328314053,0.0016476509275473801,0.000836496086185327,0.0025558541074435508,0.008016823856338756
screen,10,"{""colsample_bytree"":0.85,""gamma"":0.5,""learning_rate"":0.05,""max_depth"":4,""min_child_weight"":3,""reg_alpha"":1.0,""reg_lambda"":1.0,""subsample"":0.85}",9618,3,240,60,561,1777.5523283810899,42.1610285498479,4,0.05,3,0.5,0.85,0.85,1.0,1.0,0.11339276899122927,0.036732500748630104,0.47768185275929753,0.0054469537165837256,0.1607243123694333,0.013735395671036515,0.045611339294262754,0.1288389386398791,0.004272564407394533,0.0017884056088206717,0.005509274688894386,0.0062656931045380945
screen,10,"{""colsample_bytree"":0.85,""gamma"":0.5,""learning_rate"":0.05,""max_depth"":4,""min_child_weight"":3,""reg_alpha"":1.0,""reg_lambda"":1.0,""subsample"":0.85}",9618,4,240,60,297,2104.337506408952,45.87305861187971,4,0.05,3,0.5,0.85,0.85,1.0,1.0,0.14784421439510734,0.02384772665671368,0.44743426720993557,0.0016769356020975021,0.1814594072989139,0.007792297353095946,0.07956149502442142,0.0938141663941351,0.004146413252429451,0.0010495871384837321,0.0067280190306997735,0.004645470643966558
screen,10,"{""colsample_bytree"":0.85,""gamma"":0.5,""learning_rate"":0.05,""max_depth"":4,""min_child_weight"":3,""reg_alpha"":1.0,""reg_lambda"":1.0,""subsample"":0.85}",9618,5,240,60,192,1749.0629951897474,41.821800477618694,4,0.05,3,0.5,0.85,0.85,1.0,1.0,0.16142033869510838,0.016420505104993408,0.460325107654991,0.004637164072509978,0.1950910700930777,0.0061496505818406455,0.06881031772715092,0.07477778201430382,0.002522979815043411,0.000920190846588352,0.002553523198677527,0.006371370195714889
screen,11,"{""colsample_bytree"":1.0,""gamma"":0.0,""learning_rate"":0.1,""max_depth"":4,""min_child_weight"":10,""reg_alpha"":1.0,""reg_lambda"":1.0,""subsample"":0.85}",9618,1,240,60,60,1005.729025917423,31.713231086053387,4,0.1,10,0.0,0.85,1.0,1.0,1.0,0.14120163882643288,0.013982051662350748,0.4849854704727854,0.003302073139211846,0.16093380254703954,0.005548035162977573,0.09107957844436569,0.09022767717807473,0.0,0.0005035221071440082,0.0025406495742866515,0.005695500885330934
screen,11,"{""colsample_bytree"":1.0,""gamma"":0.0,""learning_rate"":0.1,""max_depth"":4,""min_child_weight"":10,""reg_alpha"":1.0,""reg_lambda"":1.0,""subsample"":0.85}",9618,2,240,60,63,1476.7617466718225,38.42865788278095,4,0.1,10,0.0,0.85,1.0,1.0,1.0,0.16009559904221476,0.013127304035642806,0.4821537602294079,0.0019209426111521971,0.20995524405326685,0.004366093511327253,0.06121098705395936,0.056420880432318854,0.0,0.000822048756093106,0.002741253845703676,0.007185886428913203
screen,11,"{""colsample_bytree"":1.0,""gamma"":0.0,""learning_rate"":0.1,""max_depth"":4,""min_child_weight"":10,""reg_alpha"":1.0,""reg_lambda"":1.0,""subsample"":0.85}",9618,3,240,60,30,2262.9317745896446,47.57028247330096,4,0.1,10,0.0,0.85,1.0,1.0,1.0,0.10486054897713613,0.014119497007269674,0.5629139802510171,0.0009552213777546282,0.13838956185564696,0.0089664218972401,0.04442660287254181,0.11747547163521717,0.001855394836403538,0.0002148097352397567,0.0012260075827872999,0.004596481971745793
screen,11,"{""colsample_bytree"":1.0,""gamma"":0.0,""learning_rate"":0.1,""max_depth"":4,""min_child_weight"":10,""reg_alpha"":1.0,""reg_lambda"":1.0,""subsample"":0.85}",9618,4,240,60,206,2289.5788131905315,47.849543500335834,4,0.1,10,0.0,0.85,1.0,1.0,1.0,0.13291683119758027,0.023693629986457267,0.4832144661569686,0.0003599661474299943,0.13727296015539223,0.004470982951684688,0.09809310128894005,0.10301731043350114,0.00276159780484353,0.0003700619706583976,0.00624534595843242,0.0075837459481114325
screen,11,"{""colsample_bytree"":1.0,""gamma"":0.0,""learning_rate"":0.1,""max_depth"":4,""min_child_weight"":10,""reg_alpha"":1.0,""reg_lambda"":1.0,""subsample"":0.85}",9618,5,240,60,67,1795.0576246287117,42.3681203811157,4,0.1,10,0.0,0.85,1.0,1.0,1.0,0.14603153065335625,0.01406166426566886,0.4608575983778335,0.0037514757315752923,0.18261359733529844,0.007105787094088957,0.08154620858060795,0.09287688411063454,0.0007311714769384476,0.0004938698752261978,0.0025006530407928147,0.007429559457978705
screen,12,"{""colsample_bytree"":1.0,""gamma"":0.1,""learning_rate"":0.01,""max_depth"":1,""min_child_weight"":1,""reg_alpha"":1.0,""reg_lambda"":5.0,""subsample"":0.7}",9618,1,240,60,1112,876.9240885645843,29.61290408866689,1,0.01,1,0.1,0.7,1.0,5.0,1.0,0.20730790848640443,0.0026907994434971915,0.33554382284262724,2.9313114397309177e-05,0.1747716167683466,0.004021455016682632,0.14377799047716483,0.12947831092258041,0.0,0.0,9.634205090765497e-05,0.0022824408773916643
screen,12,"{""colsample_bytree"":1.0,""gamma"":0.1,""learning_rate"":0.01,""max_depth"":1,""min_child_weight"":1,""reg_alpha"":1.0,""reg_lambda"":5.0,""subsample"":0.7}",9618,2,240,60,3383,1549.8003584792207,39.36750383856234,1,0.01,1,0.1,0.7,1.0,5.0,1.0,0.24637521855165856,0.009265581429826924,0.34077810932121066,0.0008214820725536729,0.2000580038291517,0.006359122917961124,0.10413408685466093,0.0819779091986005,0.00026307168662749567,0.0007256154023870801,0.004510709438593337,0.004731089296768004
screen,12,"{""colsample_bytree"":1.0,""gamma"":0.1,""learning_rate"":0.01,""max_depth"":1,""min_child_weight"":1,""reg_alpha"":1.0,""reg_lambda"":5.0,""subsample"":0.7}",9618,3,240,60,915,1718.587149011136,41.45584577609213,1,0.01,1,0.1,0.7,1.0,5.0,1.0,0.17914883069360918,0.006146435741245754,0.3926952857485076,0.0,0.17082071864065068,0.00489246082411388,0.08021458446523597,0.1658039749998147,0.0002031964478362634,0.0,4.049824065034444e-05,3.401419833567036e-05
screen,12,"{""colsample_bytree"":1.0,""gamma"":0.1,""learning_rate"":0.01,""max_depth"":1,""min_child_weight"":1,""reg_alpha"":1.0,""reg_lambda"":5.0,""subsample"":0.7}",9618,4,240,60,2954,1935.76571941636,43.99733764009318,1,0.01,1,0.1,0.7,1.0,5.0,1.0,0.22263329192805664,0.010581722051611342,0.32208005861078753,0.00012322278624713953,0.1717685050088189,0.006561106040420696,0.1512500343597796,0.10707561148084652,0.0012561381970511516,0.00011440523175871949,0.004115577621961195,0.002440326682660579
screen,12,"{""colsample_bytree"":1.0,""gamma"":0.1,""learning_rate"":0.01,""max_depth"":1,""min_child_weight"":1,""reg_alpha"":1.0,""reg_lambda"":5.0,""subsample"":0.7}",9618,5,240,60,2485,1550.921611583798,39.381742109558814,1,0.01,1,0.1,0.7,1.0,5.0,1.0,0.22721517740817782,0.007865139285603834,0.32018959930191865,0.0006003093923791892,0.20279736417482702,0.0051389397282118774,0.11313978186183685,0.11701742813017635,0.00034008030185670194,0.00014985982785174616,0.0012532999998484194,0.004293020587311554
screen,13,"{""colsample_bytree"":1.0,""gamma"":0.5,""learning_rate"":0.1,""max_depth"":3,""min_child_weight"":3,""reg_alpha"":0.1,""reg_lambda"":5.0,""subsample"":0.7}",9618,1,240,60,48,1030.7393172697616,32.10512914270493,3,0.1,3,0.5,0.7,1.0,5.0,0.1,0.1504440857702469,0.01631325251307332,0.3879672151381871,0.002039734088967821,0.25061859419438465,0.007617391282020091,0.09374795244324009,0.07914121973611841,0.0008753717870481272,0.0024929374625287017,0.0011961500602008695,0.0075460955239839145
screen,13,"{""colsample_bytree"":1.0,""gamma"":0.5,""learning_rate"":0.1,""max_depth"":3,""min_child_weight"":3,""reg_alpha"":0.1,""reg_lambda"":5.0,""subsample"":0.7}",9618,2,240,60,148,1852.3270196149758,43.03866888758266,3,0.1,3,0.5,0.7,1.0,5.0,0.1,0.15762355234521602,0.01387921879466115,0.40947191589129517,0.0034146917222268184,0.24150975321945056,0.005717976943070571,0.08389230073517014,0.07010890951553979,0.000632855991535195,0.0008383134335061367,0.004206057067955266,0.008704454340373204
screen,13,"{""colsample_bytree"":1.0,""gamma"":0.5,""learning_rate"":0.1,""max_depth"":3,""min_child_weight"":3,""reg_alpha"":0.1,""reg_lambda"":5.0,""subsample"":0.7}",9618,3,240,60,120,1423.0789854253044,37.72371913564865,3,0.1,3,0.5,0.7,1.0,5.0,0.1,0.11143101146328481,0.03437522076392141,0.4863222907941954,0.001826143107824903,0.1657920734828963,0.007986495549564711,0.06952727563616215,0.10305666502261257,0.002975014475640492,0.0019984178861456,0.004244657020370715,0.010464734797380953
screen,13,"{""colsample_bytree"":1.0,""gamma"":0.5,""learning_rate"":0.1,""max_depth"":3,""min_child_weight"":3,""reg_alpha"":0.1,""reg_lambda"":5.0,""subsample"":0.7}",9618,4,240,60,145,2143.718203156887,46.30030456872705,3,0.1,3,0.5,0.7,1.0,5.0,0.1,0.15660826538774503,0.021421077724552887,0.4493369461870905,0.001486049448521305,0.16887841197645356,0.007327035193786437,0.11114893830469214,0.07145250804258409,0.0025643546377590986,0.00042262095248830813,0.0052581343091393715,0.0040956578351872995
screen,13,"{""colsample_bytree"":1.0,""gamma"":0.5,""learning_rate"":0.1,""max_depth"":3,""min_child_weight"":3,""reg_alpha"":0.1,""reg_lambda"":5.0,""subsample"":0.7}",9618,5,240,60,129,1744.220154808452,41.76386182824155,3,0.1,3,0.5,0.7,1.0,5.0,0.1,0.17686777187741196,0.01699107116116885,0.4212985410625054,0.005472995166784871,0.18185212632614545,0.007662937254639924,0.09645137755277516,0.07466186700036857,0.0009977858782096876,0.000640680525216851,0.004228343038152081,0.012874503156621179
screen,14,"{""colsample_bytree"":0.85,""gamma"":0.0,""learning_rate"":0.1,""max_depth"":5,""min_child_weight"":5,""reg_alpha"":1.0,""reg_lambda"":10.0,""subsample"":1.0}",9618,1,240,60,79,1023.2635826509128,31.988491409425873,5,0.1,5,0.0,1.0,0.85,10.0,1.0,0.1282561305794381,0.013601683709057092,0.5134813859308571,0.0024543706093356796,0.16178580259285286,0.005718721998695331,0.09536601239596552,0.06897884285052801,0.0009301490470590827,0.0019382188587930365,0.001545020039311258,0.005943661388106931
screen,14,"{""colsample_bytree"":0.85,""gamma"":0.0,""learning_rate"":0.1,""max_depth"":5,""min_child_weight"":5,""reg_alpha"":1.0,""reg_lambda"":10.0,""subsample"":1.0}",9618,2,240,60,53,1949.3204047993088,44.15110876070168,5,0.1,5,0.0,1.0,0.85,10.0,1.0,0.14062472957128722,0.0062254134565956675,0.44716077885509253,0.0012253871384619714,0.29445078630696075,0.004069158441194171,0.059255324053243,0.03999962963365543,0.0003830630803823386,0.0005627794058235931,0.0009762277061618677,0.005066722351141442
screen,14,"{""colsample_bytree"":0.85,""gamma"":0.0,""learning_rate"":0.1,""max_depth"":5,""min_child_weight"":5,""reg_alpha"":1.0,""reg_lambda"":10.0,""subsample"":1.0}",9618,3,240,60,55,2138.304670164324,46.24180651925619,5,0.1,5,0.0,1.0,0.85,10.0,1.0,0.09052683297453683,0.01431786920103918,0.6150326473166647,0.004220645280262201,0.12816714670467477,0.0039891531436475865,0.04409367151452521,0.09154346488887245,0.0018412553077921695,0.00043739865913857535,0.0025805058714274062,0.0032494091374188822
screen,14,"{""colsample_bytree"":0.85,""gamma"":0.0,""learning_rate"":0.1,""max_depth"":5,""min_child_weight"":5,""reg_alpha"":1.0,""reg_lambda"":10.0,""subsample"":1.0}",9618,4,240,60,493,2093.0011704123885,45.74932972637291,5,0.1,5,0.0,1.0,0.85,10.0,1.0,0.13048792498031386,0.014342583056032733,0.5027941082542612,0.001169314112484215,0.1856924627109183,0.005335133633769734,0.08352959729925126,0.0653167137350885,0.0023524345542538794,0.000671360874071995,0.004544997746696912,0.0037633690428574133
screen,14,"{""colsample_bytree"":0.85,""gamma"":0.0,""learning_rate"":0.1,""max_depth"":5,""min_child_weight"":5,""reg_alpha"":1.0,""reg_lambda"":10.0,""subsample"":1.0}",9618,5,240,60,121,1727.1814909050124,41.559373081231776,5,0.1,5,0.0,1.0,0.85,10.0,1.0,0.12289208697895154,0.012351856435294411,0.4897803628421299,0.003936911816328318,0.2152735999092804,0.006750165057878604,0.06055459310317237,0.07746122680901012,0.001086264318340926,0.0009401886596379388,0.0032620535901985346,0.005710690479776901
screen,15,"{""colsample_bytree"":1.0,""gamma"":1.0,""learning_rate"":0.1,""max_depth"":2,""min_child_weight"":1,""reg_alpha"":0.1,""reg_lambda"":5.0,""subsample"":0.7}",9618,1,240,60,47,1011.9990075384331,31.811931842288878,2,0.1,1,1.0,0.7,1.0,5.0,0.1,0.18959418644340073,0.01202337391789789,0.3333567033256368,6.854499502797176e-05,0.2467369278916144,0.007135367320640907,0.1181685922727572,0.08328764498860274,0.00025709619470999043,0.0005375532244833171,0.0,0.008834009425228035
screen,15,"{""colsample_bytree"":1.0,""gamma"":1.0,""learning_rate"":0.1,""max_depth"":2,""min_child_weight"":1,""reg_alpha"":0.1,""reg_lambda"":5.0,""subsample"":0.7}",9618,2,240,60,220,1817.4651183587214,42.63173839240808,2,0.1,1,1.0,0.7,1.0,5.0,0.1,0.16254917748318723,0.017187943380931534,0.38272821900271703,0.0016151041587797634,0.2140229750156508,0.009044547877557804,0.10649959302848418,0.08983523838915662,0.0005078994315626842,0.0015572878568383846,0.004918401264175888,0.009533613110958059
screen,15,"{""colsample_bytree"":1.0,""gamma"":1.0,""learning_rate"":0.1,""max_depth"":2,""min_child_weight"":1,""reg_alpha"":0.1,""reg_lambda"":5.0,""subsample"":0.7}",9618,3,240,60,119,1369.6811510355533,37.00920359904484,2,0.1,1,1.0,0.7,1.0,5.0,0.1,0.14117562192345295,0.025505119818479468,0.37322681582776834,0.0008811213409166638,0.21583243409131753,0.007860462294656352,0.07249911251131244,0.1481421683737159,0.0030356746276509134,0.0006851335797256046,0.003744681616754637,0.007411653994249213
screen,15,"{""colsample_bytree"":1.0,""gamma"":1.0,""learning_rate"":0.1,""max_depth"":2,""min_child_weight"":1,""reg_alpha"":0.1,""reg_lambda"":5.0,""subsample"":0.7}",9618,4,240,60,169,2145.913839650042,46.324009321841324,2,0.1,1,1.0,0.7,1.0,5.0,0.1,0.1942722257766584,0.018887661500289855,0.39920872948397546,0.0007729313075756155,0.17000832834247084,0.00871266745544343,0.11843582832736395,0.08124191129687196,0.001065322566897039,0.00027945550441386974,0.004968812408351917,0.0021461260296876702
screen,15,"{""colsample_bytree"":1.0,""gamma"":1.0,""learning_rate"":0.1,""max_depth"":2,""min_child_weight"":1,""reg_alpha"":0.1,""reg_lambda"":5.0,""subsample"":0.7}",9618,5,240,60,246,1699.4726145629209,41.22466027225598,2,0.1,1,1.0,0.7,1.0,5.0,0.1,0.17747397157083464,0.015796637563956013,0.3728038942662375,0.00201451012069394,0.18514906790292743,0.007560838417319573,0.11612706421770314,0.10811837532191648,0.00017855980215873615,0.0006338027659785472,0.005559295768128811,0.008583982282145214
screen,16,"{""colsample_bytree"":0.85,""gamma"":0.5,""learning_rate"":0.01,""max_depth"":2,""min_child_weight"":10,""reg_alpha"":0.1,""reg_lambda"":10.0,""subsample"":0.85}",9618,1,240,60,996,905.0113012630535,30.08340574574384,2,0.01,10,0.5,0.85,0.85,10.0,0.1,0.16379581085611294,0.00914796045205955,0.36222871668332235,0.0003671235952211618,0.22556726759555407,0.003824389836108729,0.13228518868852088,0.09496199827779096,0.00037019047225052005,0.0006154386401868383,0.0014342597879229545,0.0054016551149490616
screen,16,"{""colsample_bytree"":0.85,""gamma"":0.5,""learning_rate"":0.01,""max_depth"":2,""min_child_weight"":10,""reg_alpha"":0.1,""reg_lambda"":10.0,""subsample"":0.85}",9618,2,240,60,1161,1507.1458131169982,38.821975904337975,2,0.01,10,0.5,0.85,0.85,10.0,0.1,0.1795185346651186,0.00979511801392851,0.3701221058489441,0.0014674459942221863,0.2656823349259501,0.0033858992026824988,0.09380248494459628,0.0679394583376531,0.0003151834343794403,0.00019116524892077454,0.002347042829522318,0.005433226554082082
screen,16,"{""colsample_bytree"":0.85,""gamma"":0.5,""learning_rate"":0.01,""max_depth"":2,""min_child_weight"":10,""reg_alpha"":0.1,""reg_lambda"":10.0,""subsample"":0.85}",9618,3,240,60,601,1975.2245664211575,44.44349858439542,2,0.01,10,0.5,0.85,0.85,10.0,0.1,0.13925121002004975,0.017074053995264488,0.4272542434794462,0.000339608516867748,0.22794784119390243,0.003105561915458113,0.07285582371509054,0.10991673973174916,0.00029351145060100875,4.830277554789555e-05,0.00028766397347366904,0.001625439232548997
screen,16,"{""colsample_bytree"":0.85,""gamma"":0.5,""learning_rate"":0.01,""max_depth"":2,""min_child_weight"":10,""reg_alpha"":0.1,""reg_lambda"":10.0,""subsample"":0.85}",9618,4,240,60,2338,2074.908746165648,45.55116624374889,2,0.01,10,0.5,0.85,0.85,10.0,0.1,0.17004978627077796,0.020261395280789723,0.37402245592387895,0.00033325674125254294,0.2034013254899834,0.007374037272507003,0.13605912976062692,0.0777746415925689,0.00048760862254661723,0.0008326041275499657,0.00615746063510279,0.003246298282415177
screen,16,"{""colsample_bytree"":0.85,""gamma"":0.5,""learning_rate"":0.01,""max_depth"":2,""min_child_weight"":10,""reg_alpha"":0.1,""reg_lambda"":10.0,""subsample"":0.85}",9618,5,240,60,2485,1768.6828005114464,42.05571067657098,2,0.01,10,0.5,0.85,0.85,10.0,0.1,0.16185034983880806,0.014379718407132803,0.33861724510275737,0.0022674761491545204,0.2572624876903975,0.004622084205873074,0.10149739583375444,0.10465216865683569,0.0015225927499755167,0.0008834342265384035,0.0027206348750450924,0.009724412263727503
screen,17,"{""colsample_bytree"":0.85,""gamma"":1.0,""learning_rate"":0.1,""max_depth"":4,""min_child_weight"":5,""reg_alpha"":0.1,""reg_lambda"":5.0,""subsample"":1.0}",9618,1,240,60,67,1024.112049546963,32.00175072628001,4,0.1,5,1.0,1.0,0.85,5.0,0.1,0.1331553934280074,0.014115916854036998,0.505603667989699,0.003684102985238288,0.15540290243014718,0.0034757392716594044,0.08711619927048536,0.08524021696539802,0.0006921928309871829,0.0036184269897700273,0.0007680618694858261,0.007127179115085244
screen,17,"{""colsample_bytree"":0.85,""gamma"":1.0,""learning_rate"":0.1,""max_depth"":4,""min_child_weight"":5,""reg_alpha"":0.1,""reg_lambda"":5.0,""subsample"":1.0}",9618,2,240,60,50,1865.3926569470145,43.19019167527524,4,0.1,5,1.0,1.0,0.85,5.0,0.1,0.16700748750468516,0.008450756174461116,0.4272376100345668,0.001163791255437931,0.2858984315605829,0.003474969636658421,0.059117275533834286,0.04003011058689813,0.0,0.00018469910981877715,0.0005695190629251083,0.006865349540131364
screen,17,"{""colsample_bytree"":0.85,""gamma"":1.0,""learning_rate"":0.1,""max_depth"":4,""min_child_weight"":5,""reg_alpha"":0.1,""reg_lambda"":5.0,""subsample"":1.0}",9618,3,240,60,67,1931.8342475424738,43.95263641173842,4,0.1,5,1.0,1.0,0.85,5.0,0.1,0.08908727529641589,0.01996805415233165,0.5890421053369777,0.003817476948558293,0.11699072490761077,0.005810919040629944,0.043835089106249836,0.12251665285255396,0.0017909143588237136,0.0005740904021624604,0.0027848516141815087,0.0037818459835043585
screen,17,"{""colsample_bytree"":0.85,""gamma"":1.0,""learning_rate"":0.1,""max_depth"":4,""min_child_weight"":5,""reg_alpha"":0.1,""reg_lambda"":5.0,""subsample"":1.0}",9618,4,240,60,262,2059.6783641857974,45.38367949148457,4,0.1,5,1.0,1.0,0.85,5.0,0.1,0.1446201440694315,0.020012795920745112,0.4626260428695711,0.0012833704354258924,0.19350252278295113,0.005227669326426995,0.09373057926980533,0.06979108424609408,0.0016716949258469799,0.00021518142810023094,0.0037786788021842116,0.0035402359234174854
screen,17,"{""colsample_bytree"":0.85,""gamma"":1.0,""learning_rate"":0.1,""max_depth"":4,""min_child_weight"":5,""reg_alpha"":0.1,""reg_lambda"":5.0,""subsample"":1.0}",9618,5,240,60,105,1727.3121743819067,41.560945301832426,4,0.1,5,1.0,1.0,0.85,5.0,0.1,0.13394199502164927,0.01401071309643077,0.4945745593520473,0.007223444316459804,0.1891289281433038,0.004846816027882119,0.06958891093022405,0.07834540407788347,0.0006299136915312066,2.1190211684376258e-05,0.002111756807467732,0.005576368323436111
screen,18,"{""colsample_bytree"":0.85,""gamma"":1.0,""learning_rate"":0.01,""max_depth"":3,""min_child_weight"":3,""reg_alpha"":1.0,""reg_lambda"":10.0,""subsample"":1.0}",9618,1,240,60,660,1061.124102086986,32.57489987838775,3,0.01,3,1.0,1.0,0.85,10.0,1.0,0.14468563913011534,0.008836345503606464,0.45724182365857824,0.0013771225649247404,0.20374086867253302,0.005073404634473736,0.0946522892099931,0.07665447888014452,1.6887998644445996e-05,0.002083922464101378,0.0006445005726815867,0.004992716710203405
screen,18,"{""colsample_bytree"":0.85,""gamma"":1.0,""learning_rate"":0.01,""max_depth"":3,""min_child_weight"":3,""reg_alpha"":1.0,""reg_lambda"":10.0,""subsample"":1.0}",9618,2,240,60,1378,1843.4105612200224,42.93495733339003,3,0.01,3,1.0,1.0,0.85,10.0,1.0,0.14682967951968195,0.0075941739887665834,0.43535094076133835,0.0012055264096979754,0.28302395620084325,0.0025415928397400146,0.06310670014462161,0.05329462996960311,8.433994369043552e-05,0.0005198070620603119,0.002084582964571211,0.004364070195385237
screen,18,"{""colsample_bytree"":0.85,""gamma"":1.0,""learning_rate"":0.01,""max_depth"":3,""min_child_weight"":3,""reg_alpha"":1.0,""reg_lambda"":10.0,""subsample"":1.0}",9618,3,240,60,668,1998.9795716046694,44.70994935810898,3,0.01,3,1.0,1.0,0.85,10.0,1.0,0.11785288254065919,0.02025980506371482,0.5093623596112755,0.0014445003821763288,0.19503274301465937,0.002835165561783964,0.05044444802927403,0.10019628764267581,5.2258549313323534e-05,0.0001588265447464504,0.0009993451789302244,0.0013613778807909703
screen,18,"{""colsample_bytree"":0.85,""gamma"":1.0,""learning_rate"":0.01,""max_depth"":3,""min_child_weight"":3,""reg_alpha"":1.0,""reg_lambda"":10.0,""subsample"":1.0}",9618,4,240,60,1715,2109.038217215312,45.92426610426466,3,0.01,3,1.0,1.0,0.85,10.0,1.0,0.14526745477229092,0.011224565894778318,0.46031595495585054,0.0007730298768784186,0.20907089982982507,0.006871158904449913,0.10469976615474295,0.056464017823315345,0.0005126063370904677,0.0004221059082879859,0.002245600436743963,0.0021328391057461086
screen,18,"{""colsample_bytree"":0.85,""gamma"":1.0,""learning_rate"":0.01,""max_depth"":3,""min_child_weight"":3,""reg_alpha"":1.0,""reg_lambda"":10.0,""subsample"":1.0}",9618,5,240,60,895,1617.763002983699,40.22142467620583,3,0.01,3,1.0,1.0,0.85,10.0,1.0,0.15594048832995885,0.007951119681561914,0.41746351212968696,0.004218339915471493,0.2504009050148204,0.0021274860708516185,0.06847168741982443,0.08582313761984976,1.9733080219266294e-05,0.0008490599863751743,0.0011937657912161979,0.005540764960163979
screen,19,"{""colsample_bytree"":0.85,""gamma"":0.5,""learning_rate"":0.01,""max_depth"":4,""min_child_weight"":5,""reg_alpha"":1.0,""reg_lambda"":5.0,""subsample"":1.0}",9618,1,240,60,710,1054.9486416667805,32.47997293205123,4,0.01,5,0.5,1.0,0.85,5.0,1.0,0.13888110117998598,0.013012645032367725,0.5101555931429345,0.002654035752645758,0.15340245812962802,0.004044012546251052,0.07971403944410796,0.08749070631225503,0.0005816768264061722,0.002841180027957554,0.0013214006102500375,0.005901150995210228
screen,19,"{""colsample_bytree"":0.85,""gamma"":0.5,""learning_rate"":0.01,""max_depth"":4,""min_child_weight"":5,""reg_alpha"":1.0,""reg_lambda"":5.0,""subsample"":1.0}",9618,2,240,60,817,1729.9341620516825,41.59247722908173,4,0.01,5,0.5,1.0,0.85,5.0,1.0,0.15660663094792593,0.007601065554068942,0.5124452102534458,0.0019691989045465537,0.21310483694210072,0.0030506751926935366,0.05065961382901547,0.04739199282407551,0.00029799501768251453,0.00018839452665281054,0.0011976889887839845,0.0054866970190082616
screen,19,"{""colsample_bytree"":0.85,""gamma"":0.5,""learning_rate"":0.01,""max_depth"":4,""min_child_weight"":5,""reg_alpha"":1.0,""reg_lambda"":5.0,""subsample"":1.0}",9618,3,240,60,686,1946.6071003008826,44.12037058208921,4,0.01,5,0.5,1.0,0.85,5.0,1.0,0.10934238446565282,0.017872477536687848,0.5321197849573716,0.003478705983344362,0.16699167573216417,0.004213321400275124,0.04435312666966878,0.11471173897954386,0.0016934134958884806,0.0003001358244383027,0.002107306066206244,0.0028159288887584914
screen,19,"{""colsample_bytree"":0.85,""gamma"":0.5,""learning_rate"":0.01,""max_depth"":4,""min_child_weight"":5,""reg_alpha"":1.0,""reg_lambda"":5.0,""subsample"":1.0}",9618,4,240,60,1518,2094.741153707444,45.76834226523224,4,0.01,5,0.5,1.0,0.85,5.0,1.0,0.13457597668430452,0.014879598092714214,0.5147833833146827,0.001634418081555799,0.15964728178705687,0.004453006486511514,0.08388891597039631,0.07751268905144333,0.001829560565696064,0.00043630364645777184,0.003672267787956928,0.002686598531224046
screen,19,"{""colsample_bytree"":0.85,""gamma"":0.5,""learning_rate"":0.01,""max_depth"":4,""min_child_weight"":5,""reg_alpha"":1.0,""reg_lambda"":5.0,""subsample"":1.0}",9618,5,240,60,1058,1682.109551839283,41.01352888790823,4,0.01,5,0.5,1.0,0.85,5.0,1.0,0.15222254199048915,0.010668973325394,0.4625336033394086,0.008683081781949738,0.21500767683894959,0.004199335035519931,0.0717040687504542,0.06449213167361281,0.0020195424559156477,0.0004179260747115175,0.0019120840552096917,0.006139034678385098
screen,20,"{""colsample_bytree"":1.0,""gamma"":0.5,""learning_rate"":0.1,""max_depth"":4,""min_child_weight"":10,""reg_alpha"":1.0,""reg_lambda"":1.0,""subsample"":0.7}",9618,1,240,60,45,1062.8349294168424,32.60114920392903,4,0.1,10,0.5,0.7,1.0,1.0,1.0,0.13083533782902504,0.014718995626367061,0.44393888900150136,0.001697735987055215,0.17569300043100533,0.010417274860168977,0.10040523348342674,0.10351443922906593,0.00020858370144592855,0.0004626181624541204,0.004915446116403652,0.013192445572080632
screen,20,"{""colsample_bytree"":1.0,""gamma"":0.5,""learning_rate"":0.1,""max_depth"":4,""min_child_weight"":10,""reg_alpha"":1.0,""reg_lambda"":1.0,""subsample"":0.7}",9618,2,240,60,58,1579.7023910029536,39.74547006896451,4,0.1,10,0.5,0.7,1.0,1.0,1.0,0.16189728150356383,0.011887496520851247,0.4289277322020622,0.0019046666910095458,0.2361887960604634,0.005087679934435331,0.07656100699093812,0.06607338110872549,0.00032302242093408204,0.0006485638878510929,0.004122104558640795,0.006378268120524855
screen,20,"{""colsample_bytree"":1.0,""gamma"":0.5,""learning_rate"":0.1,""max_depth"":4,""min_child_weight"":10,""reg_alpha"":1.0,""reg_lambda"":1.0,""subsample"":0.7}",9618,3,240,60,47,1880.653791795977,43.3665054136943,4,0.1,10,0.5,0.7,1.0,1.0,1.0,0.12436193546733582,0.015559421662655039,0.4863751517627366,0.0016573096206406793,0.1663060378988282,0.006636844500228255,0.06261632834885647,0.1227574796844297,0.0004944826568291866,0.00044545264226746316,0.004419812149215018,0.008369743605977574
screen,20,"{""colsample_bytree"":1.0,""gamma"":0.5,""learning_rate"":0.1,""max_depth"":4,""min_child_weight"":10,""reg_alpha"":1.0,""reg_lambda"":1.0,""subsample"":0.7}",9618,4,240,60,218,2108.6628374694365,45.920178979065795,4,0.1,10,0.5,0.7,1.0,1.0,1.0,0.16038050620558952,0.02153254285726669,0.4382296625447965,0.0010867461444169784,0.155103711973454,0.0074410620008435666,0.10622167124217204,0.08867815688834181,0.0018662292683956792,0.0010238454759607075,0.010090971377619653,0.008344894021142859
screen,20,"{""colsample_bytree"":1.0,""gamma"":0.5,""learning_rate"":0.1,""max_depth"":4,""min_child_weight"":10,""reg_alpha"":1.0,""reg_lambda"":1.0,""subsample"":0.7}",9618,5,240,60,152,1971.754163473118,44.40443855599481,4,0.1,10,0.5,0.7,1.0,1.0,1.0,0.1666110804810679,0.02481633741787709,0.41681925600875536,0.005105559924079029,0.16632185497028548,0.0168478181855768,0.09982998207852735,0.07877062118280423,0.0024399073631294808,0.0012444567982222371,0.007212957576294612,0.013980168013380449
screen,21,"{""colsample_bytree"":0.85,""gamma"":1.0,""learning_rate"":0.03,""max_depth"":5,""min_child_weight"":3,""reg_alpha"":0.0,""reg_lambda"":10.0,""subsample"":1.0}",9618,1,240,60,175,1223.6859239668795,34.98122244814894,5,0.03,3,1.0,1.0,0.85,10.0,0.0,0.13268737918311085,0.010141059712083443,0.5224901448639019,0.0033185966700470773,0.16479222638478724,0.005894906003850671,0.0828476094518439,0.06926623297833531,0.0009434925151747412,0.0009032270004502061,0.0014864811885224362,0.005228644047892201
screen,21,"{""colsample_bytree"":0.85,""gamma"":1.0,""learning_rate"":0.03,""max_depth"":5,""min_child_weight"":3,""reg_alpha"":0.0,""reg_lambda"":10.0,""subsample"":1.0}",9618,2,240,60,266,1875.5060770829214,43.307113469762925,5,0.03,3,1.0,1.0,0.85,10.0,0.0,0.1264089406668542,0.01099591690238168,0.5353218242878776,0.0020627010451127015,0.21251649344992163,0.004347145269936965,0.05922189135666959,0.04081395033713291,0.0006087664953108115,0.0006795563987319678,0.0016130545340751015,0.005409759255994923
screen,21,"{""colsample_bytree"":0.85,""gamma"":1.0,""learning_rate"":0.03,""max_depth"":5,""min_child_weight"":3,""reg_alpha"":0.0,""reg_lambda"":10.0,""subsample"":1.0}",9618,3,240,60,336,1896.8570793542756,43.55292274181235,5,0.03,3,1.0,1.0,0.85,10.0,0.0,0.10258868278359146,0.02064923389738997,0.6009756053390237,0.0043961856875376765,0.1103048629158007,0.0034796665307361323,0.05325782551713207,0.09566733088659321,0.0014492026142520983,0.0007048300083393301,0.0034714829915773065,0.0030550908280263266
screen,21,"{""colsample_bytree"":0.85,""gamma"":1.0,""learning_rate"":0.03,""max_depth"":5,""min_child_weight"":3,""reg_alpha"":0.0,""reg_lambda"":10.0,""subsample"":1.0}",9618,4,240,60,1032,2210.399130843798,47.014882014568514,5,0.03,3,1.0,1.0,0.85,10.0,0.0,0.13217077597839139,0.013145347339123856,0.5354514127399234,0.0016667046842038867,0.14584466916886218,0.006790524790958154,0.09751928090559207,0.05704040939260554,0.002276148253550058,0.0011949691561242463,0.0035372753721116417,0.0033624822185535736
screen,21,"{""colsample_bytree"":0.85,""gamma"":1.0,""learning_rate"":0.03,""max_depth"":5,""min_child_weight"":3,""reg_alpha"":0.0,""reg_lambda"":10.0,""subsample"":1.0}",9618,5,240,60,469,1958.3907205449354,44.25370855131732,5,0.03,3,1.0,1.0,0.85,10.0,0.0,0.13984853555933852,0.013451883605959402,0.49224890183145137,0.005057318621147216,0.2103502247388066,0.004944628322243605,0.05179766866953021,0.07187128535086577,0.0019428714119944259,0.0007011330607628921,0.0030231953769096443,0.004762353450990375
screen,22,"{""colsample_bytree"":0.85,""gamma"":0.1,""learning_rate"":0.05,""max_depth"":1,""min_child_weight"":1,""reg_alpha"":1.0,""reg_lambda"":1.0,""subsample"":0.85}",9618,1,240,60,332,795.8279868893372,28.210423373096287,1,0.05,1,0.1,0.85,0.85,1.0,1.0,0.21007861052456792,0.0033138478018287297,0.34046456583955315,0.0006561683148541424,0.18249690996448287,0.0012421398438337502,0.1315189401031421,0.12663081705859033,0.0,0.0006250589073006154,0.0004152798896053712,0.0025576617522410513
screen,22,"{""colsample_bytree"":0.85,""gamma"":0.1,""learning_rate"":0.05,""max_depth"":1,""min_child_weight"":1,""reg_alpha"":1.0,""reg_lambda"":1.0,""subsample"":0.85}",9618,2,240,60,705,1680.4962293516717,40.99385599515703,1,0.05,1,0.1,0.85,0.85,1.0,1.0,0.24341439604013979,0.007786691532328665,0.34850491971895126,0.0010401307761550437,0.21699018945389764,0.0068940888757241135,0.0871575129350327,0.07983785394913173,0.00017136000934259214,0.0011624747325295179,0.003419521531361301,0.0036208604454057033
screen,22,"{""colsample_bytree"":0.85,""gamma"":0.1,""learning_rate"":0.05,""max_depth"":1,""min_child_weight"":1,""reg_alpha"":1.0,""reg_lambda"":1.0,""subsample"":0.85}",9618,3,240,60,547,1289.4512390549858,35.908929795455975,1,0.05,1,0.1,0.85,0.85,1.0,1.0,0.17634127903711036,0.017299818063896296,0.4199907868173887,0.00045932960408674164,0.15039303140346008,0.004334054112784979,0.07094863465499178,0.1557795065548333,0.0,0.0004939895328205304,0.0019681453771987897,0.001991424841428434
screen,22,"{""colsample_bytree"":0.85,""gamma"":0.1,""learning_rate"":0.05,""max_depth"":1,""min_child_weight"":1,""reg_alpha"":1.0,""reg_lambda"":1.0,""subsample"":0.85}",9618,4,240,60,401,1913.5160503800146,43.743754415687896,1,0.05,1,0.1,0.85,0.85,1.0,1.0,0.21203000781982453,0.005139083280067047,0.36936865602574875,0.0,0.16331569410591795,0.0031159535474020303,0.14303506314907283,0.09996889799778494,0.0018314844213217663,0.0,0.0014954464164905431,0.0006997132363696247
screen,22,"{""colsample_bytree"":0.85,""gamma"":0.1,""learning_rate"":0.05,""max_depth"":1,""min_child_weight"":1,""reg_alpha"":1.0,""reg_lambda"":1.0,""subsample"":0.85}",9618,5,240,60,690,1612.2524998420363,40.15286415490228,1,0.05,1,0.1,0.85,0.85,1.0,1.0,0.2159486939061172,0.009691850275399278,0.354839313596091,0.0003201467053053367,0.19305835416241238,0.0016200845686672387,0.10330636379006987,0.11557840497600148,0.0,0.0006095247137509364,0.0015981426691744605,0.0034291206370108246
screen,23,"{""colsample_bytree"":0.85,""gamma"":0.5,""learning_rate"":0.01,""max_depth"":2,""min_child_weight"":3,""reg_alpha"":0.0,""reg_lambda"":1.0,""subsample"":0.85}",9618,1,240,60,691,846.4634665169882,29.094045207172346,2,0.01,3,0.5,0.85,0.85,1.0,0.0,0.17854032472486764,0.005803342373718153,0.3580222361202742,0.0009928746027943872,0.21496256392729893,0.004845754090612246,0.1309454685533847,0.10055297849963693,0.0002349781204509923,0.00012264088660273432,0.0008528631711064202,0.004123974929252687
screen,23,"{""colsample_bytree"":0.85,""gamma"":0.5,""learning_rate"":0.01,""max_depth"":2,""min_child_weight"":3,""reg_alpha"":0.0,""reg_lambda"":1.0,""subsample"":0.85}",9618,2,240,60,771,1609.1566066319567,40.11429429308157,2,0.01,3,0.5,0.85,0.85,1.0,0.0,0.206361964886011,0.006136218087681401,0.3712114950448756,0.0009564462926295418,0.2527230831834971,0.002991676953259298,0.08246697890792588,0.07231903630289856,4.995613058605166e-05,0.0001847548018720069,0.0007586746097169126,0.0038397147990466536
screen,23,"{""colsample_bytree"":0.85,""gamma"":0.5,""learning_rate"":0.01,""max_depth"":2,""min_child_weight"":3,""reg_alpha"":0.0,""reg_lambda"":1.0,""subsample"":0.85}",9618,3,240,60,502,1579.849934870797,39.74732613485839,2,0.01,3,0.5,0.85,0.85,1.0,0.0,0.1434566487668593,0.02106214091582296,0.4219755052573474,0.0007419695196210521,0.2094332196853714,0.004721142438781252,0.06483202516507935,0.13195496497206524,0.0004376563552032111,1.5704827421839446e-05,0.00034435671489459907,0.0010246653815324167
screen,23,"{""colsample_bytree"":0.85,""gamma"":0.5,""learning_rate"":0.01,""max_depth"":2,""min_child_weight"":3,""reg_alpha"":0.0,""reg_lambda"":1.0,""subsample"":0.85}",9618,4,240,60,922,1874.3655684428684,43.2939437848167,2,0.01,3,0.5,0.85,0.85,1.0,0.0,0.1876650639677475,0.012008323717848855,0.36557535252720014,0.0005092014752425635,0.2043312767630754,0.0044394624310956955,0.1329717270458123,0.08697673023239788,0.0005799613543863612,6.692739956169926e-05,0.0031434978680334054,0.001732475217598229
screen,23,"{""colsample_bytree"":0.85,""gamma"":0.5,""learning_rate"":0.01,""max_depth"":2,""min_child_weight"":3,""reg_alpha"":0.0,""reg_lambda"":1.0,""subsample"":0.85}",9618,5,240,60,994,1523.7229649477094,39.03489419670187,2,0.01,3,0.5,0.85,0.85,1.0,0.0,0.17848777506205882,0.008295291363502494,0.35104832858765667,0.0015307004262904726,0.24834042285642155,0.0031971137169621404,0.0971942300947969,0.10387935358800916,0.00038608676745250704,0.00016438099132420452,0.00176510369795287,0.0057112128475722375
screen,24,"{""colsample_bytree"":0.7,""gamma"":0.1,""learning_rate"":0.03,""max_depth"":2,""min_child_weight"":10,""reg_alpha"":1.0,""reg_lambda"":10.0,""subsample"":0.85}",9618,1,240,60,298,949.9367050144606,30.821043217491205,2,0.03,10,0.1,0.85,0.7,10.0,1.0,0.1597441117435317,0.011988278374263143,0.3135138557377996,0.00015872063978514627,0.2402248612098659,0.003941712794728964,0.14452297324395058,0.12086824751251601,0.000457074778648803,3.396266579066024e-05,0.0011035038833368367,0.00344269741578266
screen,24,"{""colsample_bytree"":0.7,""gamma"":0.1,""learning_rate"":0.03,""max_depth"":2,""min_child_weight"":10,""reg_alpha"":1.0,""reg_lambda"":10.0,""subsample"":0.85}",9618,2,240,60,535,1519.0681074579484,38.97522427719882,2,0.03,10,0.1,0.85,0.7,10.0,1.0,0.18585074855027597,0.01463426607524413,0.361723860812456,0.0015048502260414606,0.24896498543528595,0.005078967300614487,0.08772410147754865,0.08303454543736641,0.000456084127829295,0.00019206108738916946,0.0031758725336383502,0.007659656936310099
screen,24,"{""colsample_bytree"":0.7,""gamma"":0.1,""learning_rate"":0.03,""max_depth"":2,""min_child_weight"":10,""reg_alpha"":1.0,""reg_lambda"":10.0,""subsample"":0.85}",9618,3,240,60,220,1960.5455633655886,44.278048323809266,2,0.03,10,0.1,0.85,0.7,10.0,1.0,0.13253256284991016,0.01900487129268966,0.4147183688944477,0.0007006317335692705,0.21527594744385647,0.004836374577512456,0.06741113240519374,0.13911334008246556,0.0010638863719667753,0.0012878345298556377,0.0005102775032990342,0.003544772315233549
screen,24,"{""colsample_bytree"":0.7,""gamma"":0.1,""learning_rate"":0.03,""max_depth"":2,""min_child_weight"":10,""reg_alpha"":1.0,""reg_lambda"":10.0,""subsample"":0.85}",9618,4,240,60,1353,2100.0429895351213,45.826226001440716,2,0.03,10,0.1,0.85,0.7,10.0,1.0,0.17291851299616817,0.026648681821357583,0.3265223046569174,0.0007001343174800887,0.21574344312357088,0.010728072597423546,0.14170471446923605,0.09003304799750948,0.0010022153330619674,0.0007554213468610591,0.00810649064627155,0.005136960694142248
screen,24,"{""colsample_bytree"":0.7,""gamma"":0.1,""learning_rate"":0.03,""max_depth"":2,""min_child_weight"":10,""reg_alpha"":1.0,""reg_lambda"":10.0,""subsample"":0.85}",9618,5,240,60,990,1806.2432058979953,42.49992006931301,2,0.03,10,0.1,0.85,0.7,10.0,1.0,0.17711691515395778,0.017719342391515413,0.3247725069976109,0.002781244010040641,0.2575473929641202,0.0061862543945619426,0.10855218549876734,0.08910105000321675,0.0017692538054219057,0.0008497873532483512,0.003040197506158415,0.01056386992138039
screen,25,"{""colsample_bytree"":0.7,""gamma"":1.0,""learning_rate"":0.01,""max_depth"":4,""min_child_weight"":1,""reg_alpha"":0.1,""reg_lambda"":10.0,""subsample"":1.0}",9618,1,240,60,558,1088.9383554392277,32.99906597828532,4,0.01,1,1.0,1.0,0.7,10.0,0.1,0.14755793808328177,0.013040278378942543,0.4093307353876404,0.003758912273103874,0.22027336677051684,0.008278388958870845,0.10151395759634937,0.08179162791427975,0.002628721833573292,0.003793038239054319,0.0014998214853000906,0.00653321307908691
screen,25,"{""colsample_bytree"":0.7,""gamma"":1.0,""learning_rate"":0.01,""max_depth"":4,""min_child_weight"":1,""reg_alpha"":0.1,""reg_lambda"":10.0,""subsample"":1.0}",9618,2,240,60,676,1855.954221093627,43.080787145706,4,0.01,1,1.0,1.0,0.7,10.0,0.1,0.16797812698368308,0.011272625206786981,0.5044202995820092,0.004265872538078587,0.16399551551863528,0.005552046221576595,0.07475866167556619,0.056968446126751705,0.000960060276417212,0.002412834679858481,0.0011050168790069331,0.00631049431162974
screen,25,"{""colsample_bytree"":0.7,""gamma"":1.0,""learning_rate"":0.01,""max_depth"":4,""min_child_weight"":1,""reg_alpha"":0.1,""reg_lambda"":10.0,""subsample"":1.0}",9618,3,240,60,504,2149.60961654756,46.36388267334348,4,0.01,1,1.0,1.0,0.7,10.0,0.1,0.12974834228964588,0.020098908335916484,0.4923307520288684,0.004475589409043748,0.17481055919103863,0.007673473651918958,0.06232150451293822,0.09898225852810803,0.002878477909337897,0.0009591970084995417,0.002187141813494611,0.0035337953211895595
screen,25,"{""colsample_bytree"":0.7,""gamma"":1.0,""learning_rate"":0.01,""max_depth"":4,""min_child_weight"":1,""reg_alpha"":0.1,""reg_lambda"":10.0,""subsample"":1.0}",9618,4,240,60,3890,2301.0574528823145,47.969338674640014,4,0.01,1,1.0,1.0,0.7,10.0,0.1,0.15854009003255118,0.019097824343431637,0.425775798357224,0.0019145864836914999,0.17162425652943492,0.013320315181969525,0.1274845608773774,0.06768090938952401,0.0028264559978907603,0.0018453955540161226,0.004296189393927532,0.00559361785896144
screen,25,"{""colsample_bytree"":0.7,""gamma"":1.0,""learning_rate"":0.01,""max_depth"":4,""min_child_weight"":1,""reg_alpha"":0.1,""reg_lambda"":10.0,""subsample"":1.0}",9618,5,240,60,1176,1717.9682898092963,41.448381027602224,4,0.01,1,1.0,1.0,0.7,10.0,0.1,0.15258784142103396,0.015721627508188597,0.4131897642670453,0.006718842241465369,0.231902761894122,0.0066542169704099825,0.07182983814649667,0.08673877245229987,0.002126571221579272,0.002081688124960378,0.001885271953418951,0.00856280379897963
screen,26,"{""colsample_bytree"":1.0,""gamma"":0.1,""learning_rate"":0.01,""max_depth"":4,""min_child_weight"":5,""reg_alpha"":1.0,""reg_lambda"":1.0,""subsample"":1.0}",9618,1,240,60,529,987.4887551072618,31.424333805305434,4,0.01,5,0.1,1.0,1.0,1.0,1.0,0.12526854035510712,0.013670819496784932,0.5393405718844277,0.0013957169025598346,0.13253466689482976,0.0063870097559211225,0.0768751562187764,0.09357054934215797,0.0012284037128676172,0.002595546207589044,0.0012220904199219482,0.005910928809056478
screen,26,"{""colsample_bytree"":1.0,""gamma"":0.1,""learning_rate"":0.01,""max_depth"":4,""min_child_weight"":5,""reg_alpha"":1.0,""reg_lambda"":1.0,""subsample"":1.0}",9618,2,240,60,872,1593.3940254369363,39.917339909329336,4,0.01,5,0.1,1.0,1.0,1.0,1.0,0.16568257962055488,0.012437531867091109,0.4849657440330225,0.0022922277041770326,0.21693182771596028,0.003909401169543438,0.05714707100620086,0.04820001723914094,0.0015385286212781317,0.0003717089833200108,0.002435699711027931,0.004087662328682881
screen,26,"{""colsample_bytree"":1.0,""gamma"":0.1,""learning_rate"":0.01,""max_depth"":4,""min_child_weight"":5,""reg_alpha"":1.0,""reg_lambda"":1.0,""subsample"":1.0}",9618,3,240,60,378,1979.7413642733084,44.49428462480668,4,0.01,5,0.1,1.0,1.0,1.0,1.0,0.12006140019367481,0.01726892508566545,0.4948438647829871,0.001496185857708012,0.18859548189229747,0.0050404526350458015,0.03725038377259834,0.12948012663677497,0.0009257581415659205,1.0382190621844401e-05,0.0029668371910312667,0.002060201620029014
screen,26,"{""colsample_bytree"":1.0,""gamma"":0.1,""learning_rate"":0.01,""max_depth"":4,""min_child_weight"":5,""reg_alpha"":1.0,""reg_lambda"":1.0,""subsample"":1.0}",9618,4,240,60,491,2116.8946529126365,46.00972346051035,4,0.01,5,0.1,1.0,1.0,1.0,1.0,0.12629528236911294,0.015281743203443325,0.5326207747036409,0.00191270946824984,0.14022938570308932,0.002432639640000932,0.07818037774779676,0.09588713280208766,0.0021360626013676386,4.66455056890959e-05,0.0035114482717508518,0.0014657979837707463
screen,26,"{""colsample_bytree"":1.0,""gamma"":0.1,""learning_rate"":0.01,""max_depth"":4,""min_child_weight"":5,""reg_alpha"":1.0,""reg_lambda"":1.0,""subsample"":1.0}",9618,5,240,60,667,1729.4190313893166,41.58628417386334,4,0.01,5,0.1,1.0,1.0,1.0,1.0,0.16626850541455418,0.0162453933021565,0.4807809990212523,0.008705163838519756,0.1873201102629174,0.004376668581642868,0.06210571999471658,0.06658593520993193,0.0007143430127280829,9.373415929155824e-06,0.0006683129839478791,0.006219474961703336
screen,27,"{""colsample_bytree"":0.7,""gamma"":0.5,""learning_rate"":0.05,""max_depth"":1,""min_child_weight"":1,""reg_alpha"":0.1,""reg_lambda"":10.0,""subsample"":0.85}",9618,1,240,60,366,886.8872929857098,29.78065299797353,1,0.05,1,0.5,0.85,0.7,10.0,0.1,0.1999835988943625,0.0036043628809606766,0.3160684616676014,7.798464429675747e-05,0.18871156967686903,0.003904472146776704,0.1451266751155783,0.13989210713924982,0.00010295675185923073,0.0,9.664651201833246e-05,0.0024311645704272015
screen,27,"{""colsample_bytree"":0.7,""gamma"":0.5,""learning_rate"":0.05,""max_depth"":1,""min_child_weight"":1,""reg_alpha"":0.1,""reg_lambda"":10.0,""subsample"":0.85}",9618,2,240,60,1838,1732.9507051236883,41.62872451953925,1,0.05,1,0.5,0.85,0.7,10.0,0.1,0.22402617213032514,0.01304839178367994,0.35759505116530294,0.0013809268769207903,0.1916770412628561,0.00932041602194862,0.10100688225398233,0.08866222636822176,0.00032911756757521846,0.0005577812263439284,0.0062702273231666425,0.00612576601967659
screen,27,"{""colsample_bytree"":0.7,""gamma"":0.5,""learning_rate"":0.05,""max_depth"":1,""min_child_weight"":1,""reg_alpha"":0.1,""reg_lambda"":10.0,""subsample"":0.85}",9618,3,240,60,551,1417.2593132487598,37.64650466177119,1,0.05,1,0.5,0.85,0.7,10.0,0.1,0.16276703372841653,0.010687091760596809,0.39921940496072095,0.0,0.17163053438765888,0.006528681552987614,0.08103086154828652,0.16399639186405468,0.0009113703915895433,0.00014816506405070855,0.0018480620674782774,0.0012324026741594946
screen,27,"{""colsample_bytree"":0.7,""gamma"":0.5,""learning_rate"":0.05,""max_depth"":1,""min_child_weight"":1,""reg_alpha"":0.1,""reg_lambda"":10.0,""subsample"":0.85}",9618,4,240,60,1090,2023.8436769862763,44.98715013185739,1,0.05,1,0.5,0.85,0.7,10.0,0.1,0.21242127375356426,0.011421440464627296,0.32031946998898503,0.00012752127589734077,0.18827033163790982,0.006272038830352716,0.14298863274991,0.1107400856081617,0.0020755423431395833,0.0,0.003797768278904531,0.001565895068547714
screen,27,"{""colsample_bytree"":0.7,""gamma"":0.5,""learning_rate"":0.05,""max_depth"":1,""min_child_weight"":1,""reg_alpha"":0.1,""reg_lambda"":10.0,""subsample"":0.85}",9618,5,240,60,761,1577.332160583531,39.71564125862166,1,0.05,1,0.5,0.85,0.7,10.0,0.1,0.22040382505232115,0.007392995257512962,0.3196892666917789,0.0011509992106208894,0.2146012623647744,0.0021636849641470724,0.10997147507288589,0.12000103470743229,0.00024239787472491985,0.00014785983167544796,0.001102939656031749,0.0031322593160943595
screen,28,"{""colsample_bytree"":1.0,""gamma"":0.5,""learning_rate"":0.1,""max_depth"":3,""min_child_weight"":5,""reg_alpha"":1.0,""reg_lambda"":1.0,""subsample"":1.0}",9618,1,240,60,57,935.7647033758693,30.590271384475642,3,0.1,5,0.5,1.0,1.0,1.0,1.0,0.15233812077927716,0.007426858751708243,0.450615653960087,0.001157774893831918,0.18815615994567753,0.003276607805824368,0.09235662912532802,0.09419775856871056,0.002163345020960148,0.003652743527193412,0.00014377469236385684,0.004514572929037803
screen,28,"{""colsample_bytree"":1.0,""gamma"":0.5,""learning_rate"":0.1,""max_depth"":3,""min_child_weight"":5,""reg_alpha"":1.0,""reg_lambda"":1.0,""subsample"":1.0}",9618,2,240,60,70,1682.3375481432274,41.016308319292065,3,0.1,5,0.5,1.0,1.0,1.0,1.0,0.17820905978176105,0.010854828743533216,0.4522838511966992,0.0026982159151718345,0.23231450165536563,0.0010805979468594125,0.061435785360776665,0.05626716779955047,0.0,0.00025887907480634027,0.0009880572523432091,0.0036090552731329194
screen,28,"{""colsample_bytree"":1.0,""gamma"":0.5,""learning_rate"":0.1,""max_depth"":3,""min_child_weight"":5,""reg_alpha"":1.0,""reg_lambda"":1.0,""subsample"":1.0}",9618,3,240,60,40,1710.9438747930749,41.36355732759303,3,0.1,5,0.5,1.0,1.0,1.0,1.0,0.12255358757988695,0.017479624689502964,0.4829445371476327,0.0005304202778683031,0.19886180281336,0.004365625014056055,0.05137206464784141,0.1206994102966102,0.0,0.00018486602244756548,0.0002047440505174642,0.0008033174602764326
screen,28,"{""colsample_bytree"":1.0,""gamma"":0.5,""learning_rate"":0.1,""max_depth"":3,""min_child_weight"":5,""reg_alpha"":1.0,""reg_lambda"":1.0,""subsample"":1.0}",9618,4,240,60,85,2008.0340911796918,44.81109339415511,3,0.1,5,0.5,1.0,1.0,1.0,1.0,0.15745813250064733,0.016566549843443388,0.4518196798537845,0.00038172141854270837,0.19311544245335857,0.002552714557739739,0.09076572071175074,0.08134523830540112,0.000835177284086562,0.0,0.0033883019649323786,0.0017713211063129551
screen,28,"{""colsample_bytree"":1.0,""gamma"":0.5,""learning_rate"":0.1,""max_depth"":3,""min_child_weight"":5,""reg_alpha"":1.0,""reg_lambda"":1.0,""subsample"":1.0}",9618,5,240,60,87,1560.4898728751728,39.50303624881476,3,0.1,5,0.5,1.0,1.0,1.0,1.0,0.15691777362745699,0.00954390499021398,0.42225911009911204,0.00770398649666948,0.21559609162613907,0.003326166452405258,0.08295256501176476,0.09506318997973703,0.0006881860225388261,0.0,0.00041715624961567255,0.005531869444346855
screen,29,"{""colsample_bytree"":0.85,""gamma"":0.1,""learning_rate"":0.03,""max_depth"":1,""min_child_weight"":3,""reg_alpha"":0.0,""reg_lambda"":1.0,""subsample"":1.0}",9618,1,240,60,552,839.0539760031021,28.96642843022077,1,0.03,3,0.1,1.0,0.85,1.0,0.0,0.2081030673983606,0.0003763492269639785,0.3667680420200257,0.0,0.17379394921404842,0.0006014057097433576,0.13067206179898355,0.11705119142499168,0.0,0.0,0.0,0.002633933206882712
screen,29,"{""colsample_bytree"":0.85,""gamma"":0.1,""learning_rate"":0.03,""max_depth"":1,""min_child_weight"":3,""reg_alpha"":0.0,""reg_lambda"":1.0,""subsample"":1.0}",9618,2,240,60,519,1679.0530809043437,40.976250205507384,1,0.03,3,0.1,1.0,0.85,1.0,0.0,0.24498059562555877,0.0016162549768079964,0.3775113499907822,0.0,0.20501284660679006,0.001145901219882165,0.09373587947929614,0.07420493238938214,0.0,0.0,4.91136841150254e-05,0.001743126027385571
screen,29,"{""colsample_bytree"":0.85,""gamma"":0.1,""learning_rate"":0.03,""max_depth"":1,""min_child_weight"":3,""reg_alpha"":0.0,""reg_lambda"":1.0,""subsample"":1.0}",9618,3,240,60,718,1467.412962265664,38.30682657524196,1,0.03,3,0.1,1.0,0.85,1.0,0.0,0.1806658441909366,0.012429507980953571,0.4135076929689757,0.0,0.16713452537676593,0.002477269209486689,0.07274859596257453,0.1505591878531342,0.0,4.7998803232803956e-05,0.00032395670729675255,0.00010542094664320157
screen,29,"{""colsample_bytree"":0.85,""gamma"":0.1,""learning_rate"":0.03,""max_depth"":1,""min_child_weight"":3,""reg_alpha"":0.0,""reg_lambda"":1.0,""subsample"":1.0}",9618,4,240,60,601,2026.9906574966399,45.022112983473356,1,0.03,3,0.1,1.0,0.85,1.0,0.0,0.21197186667285856,0.0036179905220091,0.3719497628594207,0.0,0.16676152283556694,0.0024017161832532432,0.14252102301070166,0.09971845180003766,0.00022940986514590476,0.0,0.0005886579152429319,0.00023959833576330897
screen,29,"{""colsample_bytree"":0.85,""gamma"":0.1,""learning_rate"":0.03,""max_depth"":1,""min_child_weight"":3,""reg_alpha"":0.0,""reg_lambda"":1.0,""subsample"":1.0}",9618,5,240,60,2528,1658.5651792931278,40.72548562378511,1,0.03,3,0.1,1.0,0.85,1.0,0.0,0.2225316372856025,0.0075519285105759065,0.33542422943985045,0.00022708336217706982,0.20026560717106237,0.0011965425941192003,0.10278352882284245,0.12703717468565395,0.0,6.566236778565937e-05,0.0008243900247311335,0.0020922157355993476
screen,30,"{""colsample_bytree"":1.0,""gamma"":0.5,""learning_rate"":0.03,""max_depth"":1,""min_child_weight"":5,""reg_alpha"":0.1,""reg_lambda"":5.0,""subsample"":0.85}",9618,1,240,60,628,795.8903630649236,28.211528903356577,1,0.03,5,0.5,0.85,1.0,5.0,0.1,0.20651385189089264,0.0036454013297431906,0.33278478187304916,0.001781593148309226,0.18393239525909638,0.004763088058092244,0.1373641148097739,0.12611363307736803,0.0007556493144909982,0.0,0.00026683602734226263,0.0020786552118419763
screen,30,"{""colsample_bytree"":1.0,""gamma"":0.5,""learning_rate"":0.03,""max_depth"":1,""min_child_weight"":5,""reg_alpha"":0.1,""reg_lambda"":5.0,""subsample"":0.85}",9618,2,240,60,1705,1700.2957897486378,41.23464307774032,1,0.03,5,0.5,0.85,1.0,5.0,0.1,0.2427759326053042,0.00959111574249022,0.3477004689850705,0.0019959327597898493,0.1966036960020973,0.005182804298698887,0.10095282936366388,0.08517903445759539,9.659148122721259e-05,0.0005998994001484452,0.005195789380102734,0.004125905523811388
screen,30,"{""colsample_bytree"":1.0,""gamma"":0.5,""learning_rate"":0.03,""max_depth"":1,""min_child_weight"":5,""reg_alpha"":0.1,""reg_lambda"":5.0,""subsample"":0.85}",9618,3,240,60,548,1393.6328878006234,37.33139279213439,1,0.03,5,0.5,0.85,1.0,5.0,0.1,0.17400718551561487,0.007981749500007202,0.41143574356677826,0.00044002072467763464,0.15502938756911513,0.006327965734502429,0.08340210219253316,0.15893753254065468,0.0012637112686252267,0.00014035463131097087,0.0006806067197575589,0.0003536400364228661
screen,30,"{""colsample_bytree"":1.0,""gamma"":0.5,""learning_rate"":0.03,""max_depth"":1,""min_child_weight"":5,""reg_alpha"":0.1,""reg_lambda"":5.0,""subsample"":0.85}",9618,4,240,60,1263,1936.9102684029765,44.01034274352992,1,0.03,5,0.5,0.85,1.0,5.0,0.1,0.21679643761959813,0.009559996572916046,0.3470658888816467,3.863935930962151e-05,0.16418410346485393,0.005558213960326007,0.14755730400400613,0.10331810911180568,0.0009724703710629238,2.6736299678764144e-05,0.0038733996798124897,0.0010487006749835591
screen,30,"{""colsample_bytree"":1.0,""gamma"":0.5,""learning_rate"":0.03,""max_depth"":1,""min_child_weight"":5,""reg_alpha"":0.1,""reg_lambda"":5.0,""subsample"":0.85}",9618,5,240,60,956,1494.1238689729482,38.65389849643821,1,0.03,5,0.5,0.85,1.0,5.0,0.1,0.22071851847000765,0.007705535664366535,0.3249948541429651,0.004651138213960223,0.2019796955089388,0.002463197236744761,0.1130512845009562,0.11958759244440888,0.0007971195778598583,0.0,0.0013076077205625785,0.002743456519229416
screen,31,"{""colsample_bytree"":0.85,""gamma"":0.5,""learning_rate"":0.01,""max_depth"":2,""min_child_weight"":10,""reg_alpha"":0.0,""reg_lambda"":10.0,""subsample"":0.7}",9618,1,240,60,722,1045.3347915597378,32.33163762570244,2,0.01,10,0.5,0.7,0.85,10.0,0.0,0.1617528455414413,0.012581542494210523,0.3668238007320761,0.00022274632034171625,0.21857356292474692,0.0048617137534232545,0.1272681762026631,0.09846030100583612,2.1705230357654565e-05,0.00010280572897577115,0.0013679633471271344,0.00796283671880041
screen,31,"{""colsample_bytree"":0.85,""gamma"":0.5,""learning_rate"":0.01,""max_depth"":2,""min_child_weight"":10,""reg_alpha"":0.0,""reg_lambda"":10.0,""subsample"":0.7}",9618,2,240,60,1578,1581.9946009857122,39.77429573211463,2,0.01,10,0.5,0.7,0.85,10.0,0.0,0.17862225524218714,0.016703863817617036,0.3470546560978483,0.0014631418464224036,0.2657906738691953,0.006743519718528225,0.09851534323602995,0.06903864437814018,0.0008884310305045526,0.0005577623810303012,0.00441761034467602,0.010204098037820564
screen,31,"{""colsample_bytree"":0.85,""gamma"":0.5,""learning_rate"":0.01,""max_depth"":2,""min_child_weight"":10,""reg_alpha"":0.0,""reg_lambda"":10.0,""subsample"":0.7}",9618,3,240,60,831,1836.4456848791294,42.853770952847654,2,0.01,10,0.5,0.7,0.85,10.0,0.0,0.13521474380718765,0.02040887209363981,0.40711265786673384,0.0005774115361097525,0.2274092800375564,0.005356340773194491,0.069943243225674,0.12768713221943156,0.001186964587516681,0.0003055489846164471,0.0021726646045207377,0.002625140263818644
screen,31,"{""colsample_bytree"":0.85,""gamma"":0.5,""learning_rate"":0.01,""max_depth"":2,""min_child_weight"":10,""reg_alpha"":0.0,""reg_lambda"":10.0,""subsample"":0.7}",9618,4,240,60,2301,2071.634964095525,45.515216841134844,2,0.01,10,0.5,0.7,0.85,10.0,0.0,0.175347924066244,0.026018343336458003,0.3502359590534116,0.00035763675353686365,0.2062609331300169,0.009712464390562734,0.13694436842030905,0.07880132801649009,0.0008710463707897707,0.0010353339489583475,0.008051219589188445,0.006363442924034183
screen,31,"{""colsample_bytree"":0.85,""gamma"":0.5,""learning_rate"":0.01,""max_depth"":2,""min_child_weight"":10,""reg_alpha"":0.0,""reg_lambda"":10.0,""subsample"":0.7}",9618,5,240,60,3795,1870.7745193380053,43.25245102116185,2,0.01,10,0.5,0.7,0.85,10.0,0.0,0.16725133174227746,0.02218744142992037,0.3277525263440765,0.0028290104526697175,0.23911062859614238,0.011100942690959186,0.10736808944333293,0.09610076755137138,0.0025519906605605894,0.002024338084055998,0.005184610286862034,0.01653832271777148
screen,32,"{""colsample_bytree"":0.7,""gamma"":0.1,""learning_rate"":0.05,""max_depth"":1,""min_child_weight"":5,""reg_alpha"":1.0,""reg_lambda"":10.0,""subsample"":0.7}",9618,1,240,60,368,862.6380139820027,29.370699923256897,1,0.05,5,0.1,0.7,0.7,10.0,1.0,0.20809520456658412,0.005910906625464432,0.29388428235570346,0.00036259935586974943,0.18634181387329485,0.005012485483599304,0.14212302602560561,0.151931958896466,0.0014037540635531156,0.0,0.0005072118589582097,0.004426756894901159
screen,32,"{""colsample_bytree"":0.7,""gamma"":0.1,""learning_rate"":0.05,""max_depth"":1,""min_child_weight"":5,""reg_alpha"":1.0,""reg_lambda"":10.0,""subsample"":0.7}",9618,2,240,60,913,1488.5490647703105,38.581719308116774,1,0.05,5,0.1,0.7,0.7,10.0,1.0,0.22066443173949496,0.011453554626051826,0.3519397246133162,0.0018460905193785333,0.18920019591841633,0.007796833895764156,0.11137598893035822,0.09271803068329905,0.000758518108996314,0.000641174232125854,0.005220179194122595,0.006385277538675964
screen,32,"{""colsample_bytree"":0.7,""gamma"":0.1,""learning_rate"":0.05,""max_depth"":1,""min_child_weight"":5,""reg_alpha"":1.0,""reg_lambda"":10.0,""subsample"":0.7}",9618,3,240,60,376,1523.580025129434,39.033063230157,1,0.05,5,0.1,0.7,0.7,10.0,1.0,0.18134156386592384,0.010683242812265488,0.3436251808270787,0.00127247779953813,0.19309456478550618,0.00511042766297276,0.09737353145547191,0.16292532454220132,0.001985812401692543,0.0,0.002060693168995733,0.0005271806783533759
screen,32,"{""colsample_bytree"":0.7,""gamma"":0.1,""learning_rate"":0.05,""max_depth"":1,""min_child_weight"":5,""reg_alpha"":1.0,""reg_lambda"":10.0,""subsample"":0.7}",9618,4,240,60,1003,2053.421432202058,45.31469333673194,1,0.05,5,0.1,0.7,0.7,10.0,1.0,0.207586445021003,0.016986132663485528,0.30634240603307844,0.000153203402856855,0.18860309524330565,0.012701836301128274,0.14034214580663598,0.11521526055580725,0.0021760603078594272,0.0004410369448824081,0.006456439470731305,0.002995938249225883
screen,32,"{""colsample_bytree"":0.7,""gamma"":0.1,""learning_rate"":0.05,""max_depth"":1,""min_child_weight"":5,""reg_alpha"":1.0,""reg_lambda"":10.0,""subsample"":0.7}",9618,5,240,60,960,1600.8620180880278,40.01077377517245,1,0.05,5,0.1,0.7,0.7,10.0,1.0,0.213607572177246,0.013465986377530523,0.29237392435281007,0.0037562809834630387,0.22132544724958753,0.0069053648488209786,0.11410893098806306,0.12397453289941801,0.0022824922029316312,0.0009803440182543381,0.0022031685601192194,0.005015955341755623
screen,33,"{""colsample_bytree"":0.85,""gamma"":0.1,""learning_rate"":0.1,""max_depth"":5,""min_child_weight"":1,""reg_alpha"":1.0,""reg_lambda"":1.0,""subsample"":0.85}",9618,1,240,60,41,861.5594004418671,29.35233211248924,5,0.1,1,0.1,0.85,0.85,1.0,1.0,0.145935041518267,0.01985302848614676,0.49456834302308944,0.0033668002367349694,0.15619892193892893,0.008417637512725494,0.06826427461943009,0.08887276757746128,0.0007819466125358682,0.006320466928043765,0.0017076429883541501,0.005713128558282242
screen,33,"{""colsample_bytree"":0.85,""gamma"":0.1,""learning_rate"":0.1,""max_depth"":5,""min_child_weight"":1,""reg_alpha"":1.0,""reg_lambda"":1.0,""subsample"":0.85}",9618,2,240,60,183,1751.6457095663857,41.85266669599902,5,0.1,1,0.1,0.85,0.85,1.0,1.0,0.1889428204758174,0.013064091583081573,0.414023500128035,0.004011123493118552,0.24660679541015457,0.010005008659108165,0.0584150711480055,0.04712193458448565,0.002042167563408256,0.0028126426165478485,0.004114132905025092,0.008840711433212366
screen,33,"{""colsample_bytree"":0.85,""gamma"":0.1,""learning_rate"":0.1,""max_depth"":5,""min_child_weight"":1,""reg_alpha"":1.0,""reg_lambda"":1.0,""subsample"":0.85}",9618,3,240,60,84,1828.8184567122823,42.764687029280154,5,0.1,1,0.1,0.85,0.85,1.0,1.0,0.10966722304899311,0.020003590905791995,0.5521976427093312,0.00655495679364683,0.1054600483557912,0.015197782513090926,0.04850218040162611,0.1282892113574034,0.0037861936835363883,0.0009494417280935913,0.004312316324333639,0.00507941217836161
screen,33,"{""colsample_bytree"":0.85,""gamma"":0.1,""learning_rate"":0.1,""max_depth"":5,""min_child_weight"":1,""reg_alpha"":1.0,""reg_lambda"":1.0,""subsample"":0.85}",9618,4,240,60,63,2185.9635213648726,46.754288801829425,5,0.1,1,0.1,0.85,0.85,1.0,1.0,0.1470461895110735,0.02229880425296168,0.45849881872632675,0.0023004367150374237,0.16959293971878492,0.009648865105187459,0.07673321106017893,0.09973156021712268,0.004038138347648166,0.0010518807436496727,0.004715282043364106,0.004343873558664731
screen,33,"{""colsample_bytree"":0.85,""gamma"":0.1,""learning_rate"":0.1,""max_depth"":5,""min_child_weight"":1,""reg_alpha"":1.0,""reg_lambda"":1.0,""subsample"":0.85}",9618,5,240,60,66,1928.9436314320071,43.91974079422609,5,0.1,1,0.1,0.85,0.85,1.0,1.0,0.16233005135106848,0.01857946017941539,0.5406058729945608,0.003700490180045765,0.11492849704002982,0.007215648182944418,0.06210079082853001,0.0775691293575445,0.002327725908551744,0.0015042156602707065,0.002591829961905016,0.00654628835513338
screen,34,"{""colsample_bytree"":0.7,""gamma"":0.0,""learning_rate"":0.05,""max_depth"":2,""min_child_weight"":1,""reg_alpha"":0.0,""reg_lambda"":5.0,""subsample"":0.85}",9618,1,240,60,161,878.4522634487669,29.638695373595088,2,0.05,1,0.0,0.85,0.7,5.0,0.0,0.17429160426694304,0.007741115947374104,0.3293173879541559,0.0008164828953240244,0.21888587761593278,0.005052106525665065,0.1401259685061496,0.11915961437279673,0.000364778753763777,0.0,0.0002427091416592482,0.004002354020235717
screen,34,"{""colsample_bytree"":0.7,""gamma"":0.0,""learning_rate"":0.05,""max_depth"":2,""min_child_weight"":1,""reg_alpha"":0.0,""reg_lambda"":5.0,""subsample"":0.85}",9618,2,240,60,231,1703.851401129372,41.27773493215649,2,0.05,1,0.0,0.85,0.7,5.0,0.0,0.2160030400712362,0.010040521478186832,0.3536405414478392,0.0015518046172234125,0.24148083283978578,0.005679691923412979,0.07030011750470444,0.09409151674328836,7.300472236842515e-05,0.0003468549599987581,0.0014304670841226617,0.005361606607832963
screen,34,"{""colsample_bytree"":0.7,""gamma"":0.0,""learning_rate"":0.05,""max_depth"":2,""min_child_weight"":1,""reg_alpha"":0.0,""reg_lambda"":5.0,""subsample"":0.85}",9618,3,240,60,254,1346.3869454200906,36.69314575530545,2,0.05,1,0.0,0.85,0.7,5.0,0.0,0.15384233501310168,0.024144765627117315,0.4168263445905978,0.0014717393193530658,0.19394710063724283,0.009087124857917702,0.07103200366963648,0.1193950731729928,0.001340206134528048,0.0032209996653546316,0.0027977504299884527,0.002894556882169227
screen,34,"{""colsample_bytree"":0.7,""gamma"":0.0,""learning_rate"":0.05,""max_depth"":2,""min_child_weight"":1,""reg_alpha"":0.0,""reg_lambda"":5.0,""subsample"":0.85}",9618,4,240,60,313,2022.4426375196883,44.97157588432596,2,0.05,1,0.0,0.85,0.7,5.0,0.0,0.19265861659996267,0.01962331573438381,0.340258193475572,0.0006044496417553515,0.21525975096373903,0.010259502037863638,0.12915558750907563,0.08470254640336745,0.001450228026330063,0.00014945340761566062,0.003664693746308798,0.002213662454025897
screen,34,"{""colsample_bytree"":0.7,""gamma"":0.0,""learning_rate"":0.05,""max_depth"":2,""min_child_weight"":1,""reg_alpha"":0.0,""reg_lambda"":5.0,""subsample"":0.85}",9618,5,240,60,469,1679.23959359651,40.978526005659475,2,0.05,1,0.0,0.85,0.7,5.0,0.0,0.1739403209376505,0.013480673107336869,0.3528028325518475,0.0027901705563994727,0.2493390772961759,0.007377069213868614,0.1015877111568509,0.08429327317425235,0.0012516055508936602,0.0010206632999355026,0.002315340280133484,0.009801262874655164
screen,35,"{""colsample_bytree"":0.85,""gamma"":0.1,""learning_rate"":0.03,""max_depth"":2,""min_child_weight"":10,""reg_alpha"":0.1,""reg_lambda"":5.0,""subsample"":1.0}",9618,1,240,60,248,882.828891593848,29.712436648545808,2,0.03,10,0.1,1.0,0.85,5.0,0.1,0.1639623879641818,0.004891007707361539,0.37940491403446713,0.00042980209647597414,0.21633188980320797,0.0014705957735032349,0.14102462374291558,0.08744494385128848,0.0,0.00013850496419481672,0.000406868798358089,0.004494461264045378
screen,35,"{""colsample_bytree"":0.85,""gamma"":0.1,""learning_rate"":0.03,""max_depth"":2,""min_child_weight"":10,""reg_alpha"":0.1,""reg_lambda"":5.0,""subsample"":1.0}",9618,2,240,60,321,1476.1685264296893,38.420938645869775,2,0.03,10,0.1,1.0,0.85,5.0,0.1,0.18711474702304087,0.009278221711167971,0.3873092326382008,0.002000517636071004,0.263457239038187,0.0026888334088503757,0.08240467839515861,0.06331577103940562,0.0,0.0,0.0009535093098572977,0.0014772498000604488
screen,35,"{""colsample_bytree"":0.85,""gamma"":0.1,""learning_rate"":0.03,""max_depth"":2,""min_child_weight"":10,""reg_alpha"":0.1,""reg_lambda"":5.0,""subsample"":1.0}",9618,3,240,60,173,1953.2045870253414,44.19507423939167,2,0.03,10,0.1,1.0,0.85,5.0,0.1,0.12810993061628734,0.018047850605913098,0.44998280329500684,0.0003971989318968309,0.21661411471594483,0.004046141332463093,0.061944435829869623,0.12085752467261836,0.0,0.0,0.0,0.0
screen,35,"{""colsample_bytree"":0.85,""gamma"":0.1,""learning_rate"":0.03,""max_depth"":2,""min_child_weight"":10,""reg_alpha"":0.1,""reg_lambda"":5.0,""subsample"":1.0}",9618,4,240,60,526,2019.4080693389553,44.93782448382382,2,0.03,10,0.1,1.0,0.85,5.0,0.1,0.18217083926196612,0.01454917428584852,0.39374992900421346,8.939465681186769e-05,0.1907975721266379,0.004993278907458499,0.13451097335287476,0.0727718535244634,2.3830124011649152e-05,2.9603918759585512e-05,0.00483165123491644,0.0014818996020377916
screen,35,"{""colsample_bytree"":0.85,""gamma"":0.1,""learning_rate"":0.03,""max_depth"":2,""min_child_weight"":10,""reg_alpha"":0.1,""reg_lambda"":5.0,""subsample"":1.0}",9618,5,240,60,544,1665.5127986957878,40.81069466078454,2,0.03,10,0.1,1.0,0.85,5.0,0.1,0.16603254207460733,0.0096594673618855,0.3506593131773107,0.002110032309387321,0.26401285209501374,0.001777468382471644,0.1013986961240111,0.09443056970783105,0.0006542420219751318,0.00021079075292677383,0.0009034374856996874,0.008150588506879997
screen,36,"{""colsample_bytree"":0.85,""gamma"":0.1,""learning_rate"":0.05,""max_depth"":2,""min_child_weight"":3,""reg_alpha"":0.0,""reg_lambda"":5.0,""subsample"":1.0}",9618,1,240,60,164,858.5511003583271,29.301042649679328,2,0.05,3,0.1,1.0,0.85,5.0,0.0,0.16792385251254643,0.0027601940693580324,0.3857965118849752,0.0006154059976959096,0.21209135139394997,0.00371831906776437,0.1344039363188247,0.08719750531490342,6.568465642224306e-07,0.0,0.0002873169783531952,0.005204949615064567
screen,36,"{""colsample_bytree"":0.85,""gamma"":0.1,""learning_rate"":0.05,""max_depth"":2,""min_child_weight"":3,""reg_alpha"":0.0,""reg_lambda"":5.0,""subsample"":1.0}",9618,2,240,60,310,1720.8174186311342,41.48273639275903,2,0.05,3,0.1,1.0,0.85,5.0,0.0,0.19064368243307625,0.003942641310505017,0.3703311643214178,0.0005993743489338791,0.2719539061471437,0.004631191149087517,0.08580655565702291,0.06762025727109272,1.1989563218295408e-05,5.774529464796342e-05,0.0008257714554062145,0.0035757210484476817
screen,36,"{""colsample_bytree"":0.85,""gamma"":0.1,""learning_rate"":0.05,""max_depth"":2,""min_child_weight"":3,""reg_alpha"":0.0,""reg_lambda"":5.0,""subsample"":1.0}",9618,3,240,60,147,1506.4627585773335,38.81317764081335,2,0.05,3,0.1,1.0,0.85,5.0,0.0,0.12721010786839354,0.02009819932621482,0.4494958641322411,0.00019114860756056128,0.2099961274077344,0.0058189739028242675,0.07108425723298761,0.11589627663068527,0.0,0.0,0.00020904489135843693,0.0
screen,36,"{""colsample_bytree"":0.85,""gamma"":0.1,""learning_rate"":0.05,""max_depth"":2,""min_child_weight"":3,""reg_alpha"":0.0,""reg_lambda"":5.0,""subsample"":1.0}",9618,4,240,60,291,2033.035105971262,45.0891905668228,2,0.05,3,0.1,1.0,0.85,5.0,0.0,0.1843644638051788,0.008509417824464767,0.39252750541623777,0.00010715957844629617,0.19002255902862117,0.00595593396798309,0.14398206211264378,0.07027601260657936,0.00026200021043475526,2.4293660206626167e-05,0.0030048673542102905,0.0009637244349933
screen,36,"{""colsample_bytree"":0.85,""gamma"":0.1,""learning_rate"":0.05,""max_depth"":2,""min_child_weight"":3,""reg_alpha"":0.0,""reg_lambda"":5.0,""subsample"":1.0}",9618,5,240,60,372,1530.6094996044246,39.12300473640061,2,0.05,3,0.1,1.0,0.85,5.0,0.0,0.16920945361034312,0.0070407870621716625,0.3551482962213811,0.0008518564235109493,0.2565026338735639,0.002643956322170627,0.09864104642221393,0.10140438348595672,0.0,3.2314542174091466e-05,0.001394811287499846,0.0071304607490140295
screen,37,"{""colsample_bytree"":0.85,""gamma"":1.0,""learning_rate"":0.01,""max_depth"":1,""min_child_weight"":5,""reg_alpha"":0.0,""reg_lambda"":5.0,""subsample"":0.7}",9618,1,240,60,1092,881.7696772713837,29.694606871810638,1,0.01,5,1.0,0.7,0.85,5.0,0.0,0.2050351527134575,0.0029338582021001818,0.337223802452224,0.0005399935881983746,0.16869411613243637,0.004177953442157121,0.14793639591650182,0.13026884150358992,0.0006122947729654723,0.0,0.00012656033679086205,0.002451030939578391
screen,37,"{""colsample_bytree"":0.85,""gamma"":1.0,""learning_rate"":0.01,""max_depth"":1,""min_child_weight"":5,""reg_alpha"":0.0,""reg_lambda"":5.0,""subsample"":0.7}",9618,2,240,60,2205,1465.5862498314245,38.282975979296914,1,0.01,5,1.0,0.7,0.85,5.0,0.0,0.2474314037189529,0.006307492101464073,0.3392558594998948,0.001427651511253192,0.2066787449047677,0.004435225710997335,0.10438091898818433,0.08291370616340912,0.00038446075164323213,0.0003461105368991701,0.0023283611038257546,0.004110065008708382
screen,37,"{""colsample_bytree"":0.85,""gamma"":1.0,""learning_rate"":0.01,""max_depth"":1,""min_child_weight"":5,""reg_alpha"":0.0,""reg_lambda"":5.0,""subsample"":0.7}",9618,3,240,60,960,1656.1244138652287,40.69550852201295,1,0.01,5,1.0,0.7,0.85,5.0,0.0,0.18121416984948532,0.005536781246701478,0.37375377533571724,0.00026810630094161754,0.18131069821898682,0.004742186172896751,0.08237962569531021,0.1700707154340687,0.0005470929609991612,0.0,0.00011515431971497692,6.169446517771122e-05
screen,37,"{""colsample_bytree"":0.85,""gamma"":1.0,""learning_rate"":0.01,""max_depth"":1,""min_child_weight"":5,""reg_alpha"":0.0,""reg_lambda"":5.0,""subsample"":0.7}",9618,4,240,60,2953,1970.9654803843343,44.395556989234116,1,0.01,5,1.0,0.7,0.85,5.0,0.0,0.2170699506251524,0.010866605625063024,0.3258491218807511,8.748068605628572e-05,0.16762471190117073,0.006609694983313584,0.15273230909744884,0.11075110834541622,0.0014875649972144883,7.823726025657022e-05,0.0042173779565443425,0.0026258366416123547
screen,37,"{""colsample_bytree"":0.85,""gamma"":1.0,""learning_rate"":0.01,""max_depth"":1,""min_child_weight"":5,""reg_alpha"":0.0,""reg_lambda"":5.0,""subsample"":0.7}",9618,5,240,60,2791,1512.4789783681642,38.890602699986076,1,0.01,5,1.0,0.7,0.85,5.0,0.0,0.2261865093392858,0.009262969515032585,0.30465745823427276,0.0040843315160146495,0.2066593733914593,0.005653970637037084,0.11603713469007101,0.12002615908622909,0.0016424291804477973,5.8645194470768236e-05,0.0015917352055834174,0.004139284010095729
screen,38,"{""colsample_bytree"":1.0,""gamma"":0.5,""learning_rate"":0.05,""max_depth"":5,""min_child_weight"":5,""reg_alpha"":0.1,""reg_lambda"":1.0,""subsample"":1.0}",9618,1,240,60,95,1187.0762872164185,34.453973460493906,5,0.05,5,0.5,1.0,1.0,1.0,0.1,0.12152574748409187,0.01589711166449096,0.5660156208778789,0.0013842320895821735,0.11543264943765298,0.007173945975129221,0.064706109936445,0.09929554212864444,0.00041663347078761676,0.001972010417158889,0.001419936286197594,0.004760460231940267
screen,38,"{""colsample_bytree"":1.0,""gamma"":0.5,""learning_rate"":0.05,""max_depth"":5,""min_child_weight"":5,""reg_alpha"":0.1,""reg_lambda"":1.0,""subsample"":1.0}",9618,2,240,60,217,1724.749614526356,41.530104918316255,5,0.05,5,0.5,1.0,1.0,1.0,0.1,0.1644187404664495,0.013844184644931468,0.5593859000053845,0.0016540272809733275,0.15429842575615466,0.006613271122011567,0.051522825438174186,0.037758414001308915,0.002167376726954149,0.0004565893735937875,0.003237369743527221,0.004642875440536782
screen,38,"{""colsample_bytree"":1.0,""gamma"":0.5,""learning_rate"":0.05,""max_depth"":5,""min_child_weight"":5,""reg_alpha"":0.1,""reg_lambda"":1.0,""subsample"":1.0}",9618,3,240,60,92,1845.2721787485239,42.95663137105287,5,0.05,5,0.5,1.0,1.0,1.0,0.1,0.10642933201831335,0.016580244386813554,0.583180577757051,0.0027382965234274614,0.1065207605424765,0.006723852021216849,0.03535229831368138,0.13426157905151345,0.0005335761680117561,3.576394985230176e-05,0.002895019269771795,0.004748699997870552
screen,38,"{""colsample_bytree"":1.0,""gamma"":0.5,""learning_rate"":0.05,""max_depth"":5,""min_child_weight"":5,""reg_alpha"":0.1,""reg_lambda"":1.0,""subsample"":1.0}",9618,4,240,60,331,2371.0262508952574,48.69318485060571,5,0.05,5,0.5,1.0,1.0,1.0,0.1,0.12113451885048127,0.014867370921806811,0.5849466295676715,0.0017576223284140918,0.08072297145669877,0.004214884872696221,0.07229107895099611,0.11052544768445079,0.0019372436241963528,0.0006010442080885393,0.003151127107776852,0.0038500604267226405
screen,38,"{""colsample_bytree"":1.0,""gamma"":0.5,""learning_rate"":0.05,""max_depth"":5,""min_child_weight"":5,""reg_alpha"":0.1,""reg_lambda"":1.0,""subsample"":1.0}",9618,5,240,60,121,1797.3699031851152,42.39539955213437,5,0.05,5,0.5,1.0,1.0,1.0,0.1,0.16683949236870543,0.01657972279938286,0.5381671124597809,0.008117366829493771,0.13896250419348274,0.003937083397374699,0.053576206148154185,0.06486820020197363,0.0010591450566259009,0.00010274215462764771,0.0018030226329303403,0.005987401757467874
screen,39,"{""colsample_bytree"":1.0,""gamma"":0.0,""learning_rate"":0.1,""max_depth"":3,""min_child_weight"":1,""reg_alpha"":0.0,""reg_lambda"":1.0,""subsample"":0.7}",9618,1,240,60,47,925.4442316555435,30.42111489829956,3,0.1,1,0.0,0.7,1.0,1.0,0.0,0.15851309599803945,0.014479738831993693,0.36118646078464367,0.003466235461692685,0.2337585944827092,0.004682327396509495,0.11560776709374912,0.08906015399206316,0.0,0.0020522230683413002,0.0014404134818150147,0.01575298940844321
screen,39,"{""colsample_bytree"":1.0,""gamma"":0.0,""learning_rate"":0.1,""max_depth"":3,""min_child_weight"":1,""reg_alpha"":0.0,""reg_lambda"":1.0,""subsample"":0.7}",9618,2,240,60,124,1845.0280688884654,42.95378992462092,3,0.1,1,0.0,0.7,1.0,1.0,0.0,0.18156666570792498,0.014275288924376447,0.4129605965008955,0.0031018966291926405,0.21749758851471604,0.009313739568919883,0.07779486411447128,0.06882430200393884,0.001183961554555294,0.0011023471926630449,0.004360702951075661,0.008018046337270374
screen,39,"{""colsample_bytree"":1.0,""gamma"":0.0,""learning_rate"":0.1,""max_depth"":3,""min_child_weight"":1,""reg_alpha"":0.0,""reg_lambda"":1.0,""subsample"":0.7}",9618,3,240,60,86,1428.5452521570617,37.796101017923284,3,0.1,1,0.0,0.7,1.0,1.0,0.0,0.1351904344169403,0.030265590763194374,0.4433267340529055,0.003725186873338473,0.18340923127047973,0.009798407696308856,0.06364339449803576,0.11744098664918035,0.002158563409575973,0.002286885531025273,0.0031000854189614452,0.005654499420053951
screen,39,"{""colsample_bytree"":1.0,""gamma"":0.0,""learning_rate"":0.1,""max_depth"":3,""min_child_weight"":1,""reg_alpha"":0.0,""reg_lambda"":1.0,""subsample"":0.7}",9618,4,240,60,71,2055.764946416886,45.340544178658526,3,0.1,1,0.0,0.7,1.0,1.0,0.0,0.1819028853962694,0.017843009339271233,0.436327964287415,0.0011643423440738428,0.17048796939596542,0.006008546256824062,0.09877760839133316,0.07895940281802415,0.0013695019286228685,7.448265354577624e-05,0.002578445398999374,0.004505841789655731
screen,39,"{""colsample_bytree"":1.0,""gamma"":0.0,""learning_rate"":0.1,""max_depth"":3,""min_child_weight"":1,""reg_alpha"":0.0,""reg_lambda"":1.0,""subsample"":0.7}",9618,5,240,60,85,1758.9798299520776,41.94019348968335,3,0.1,1,0.0,0.7,1.0,1.0,0.0,0.16436665373443857,0.019314333906720632,0.4255804132128424,0.005676019480997393,0.17555343270114035,0.010470314790198193,0.09989674045015676,0.08302526574452193,0.0009202091995801722,0.0009796987230014196,0.0034482546669509398,0.010768663389451238
screen,40,"{""colsample_bytree"":0.85,""gamma"":0.1,""learning_rate"":0.05,""max_depth"":4,""min_child_weight"":5,""reg_alpha"":0.1,""reg_lambda"":1.0,""subsample"":0.7}",9618,1,240,60,81,794.8294564015472,28.19271991847447,4,0.05,5,0.1,0.7,0.85,1.0,0.1,0.14158692048107294,0.015603425482582759,0.43369436414563184,0.0018800293474312496,0.19090124907449021,0.008842404437134362,0.08907071971905785,0.10076427877206177,0.003686648159962279,0.0025514898294780926,0.003181762805021052,0.008236707746075628
screen,40,"{""colsample_bytree"":0.85,""gamma"":0.1,""learning_rate"":0.05,""max_depth"":4,""min_child_weight"":5,""reg_alpha"":0.1,""reg_lambda"":1.0,""subsample"":0.7}",9618,2,240,60,124,1536.2388298691337,39.19488270003029,4,0.05,5,0.1,0.7,0.85,1.0,0.1,0.186023287695183,0.013375627861351333,0.40648023340303846,0.0035659750900799408,0.23514057921081377,0.007057310330125881,0.07177173799092214,0.059586831534352604,0.0011933558771994113,0.0008739595496691963,0.004637424345849958,0.010293677111414283
screen,40,"{""colsample_bytree"":0.85,""gamma"":0.1,""learning_rate"":0.05,""max_depth"":4,""min_child_weight"":5,""reg_alpha"":0.1,""reg_lambda"":1.0,""subsample"":0.7}",9618,3,240,60,121,1544.6814542887412,39.30243572971962,4,0.05,5,0.1,0.7,0.85,1.0,0.1,0.11544188304796178,0.02562414605669524,0.4835591836650154,0.003039731154572864,0.15037707571881714,0.014973935735561024,0.05580557712078588,0.13188150586196035,0.0038568706766295585,0.001651514723614388,0.00524706534286278,0.008541510895523578
screen,40,"{""colsample_bytree"":0.85,""gamma"":0.1,""learning_rate"":0.05,""max_depth"":4,""min_child_weight"":5,""reg_alpha"":0.1,""reg_lambda"":1.0,""subsample"":0.7}",9618,4,240,60,202,2165.223019374422,46.531956969102666,4,0.05,5,0.1,0.7,0.85,1.0,0.1,0.1627681465841647,0.02120630247908296,0.43341436663439376,0.0012406786375039316,0.17607242615995583,0.011056913942094047,0.08631449531541857,0.08442711933819932,0.005252624988550522,0.0014932159072973963,0.009846165944038882,0.006907544069300103
screen,40,"{""colsample_bytree"":0.85,""gamma"":0.1,""learning_rate"":0.05,""max_depth"":4,""min_child_weight"":5,""reg_alpha"":0.1,""reg_lambda"":1.0,""subsample"":0.7}",9618,5,240,60,217,1672.5822357900397,40.89721550167003,4,0.05,5,0.1,0.7,0.85,1.0,0.1,0.15916782749548003,0.02093352350244101,0.42192038855451836,0.007445666635121187,0.20061831445358486,0.013448446937347756,0.07641202959902406,0.08302980799611247,0.0029059644034825616,0.0016733761989111238,0.0031890083306770254,0.009255645893299537
screen,41,"{""colsample_bytree"":0.85,""gamma"":0.1,""learning_rate"":0.01,""max_depth"":3,""min_child_weight"":10,""reg_alpha"":1.0,""reg_lambda"":1.0,""subsample"":0.7}",9618,1,240,60,613,918.8823434271067,30.313072154222617,3,0.01,10,0.1,0.7,0.85,1.0,1.0,0.15811059111941744,0.015226582444004828,0.40144446070733153,0.0015511242092710962,0.19601291340471277,0.009175133679831353,0.10198049592143363,0.10441246351759448,0.0005461267786405828,0.0006960108709855828,0.0034144855856295168,0.007429611761147191
screen,41,"{""colsample_bytree"":0.85,""gamma"":0.1,""learning_rate"":0.01,""max_depth"":3,""min_child_weight"":10,""reg_alpha"":1.0,""reg_lambda"":1.0,""subsample"":0.7}",9618,2,240,60,654,1507.8738832058395,38.831351807603085,3,0.01,10,0.1,0.7,0.85,1.0,1.0,0.17611954417445716,0.015513395484746466,0.3770286513000144,0.002044068358773513,0.2655990057458244,0.0066743615402761755,0.08009117496748674,0.06191855405058293,0.0005721591035848195,0.0005638825416536419,0.00487600020020964,0.008999202532390102
screen,41,"{""colsample_bytree"":0.85,""gamma"":0.1,""learning_rate"":0.01,""max_depth"":3,""min_child_weight"":10,""reg_alpha"":1.0,""reg_lambda"":1.0,""subsample"":0.7}",9618,3,240,60,339,2127.0108555769593,46.119527920144186,3,0.01,10,0.1,0.7,0.85,1.0,1.0,0.12814981320422544,0.017458377697779873,0.4499721196872221,0.0014241541951622646,0.20513160023288216,0.007774740501933066,0.058543753633363706,0.1261442415813898,0.0011771626698327017,0.0005553599838644542,0.0009806247346042267,0.0026880518777401977
screen,41,"{""colsample_bytree"":0.85,""gamma"":0.1,""learning_rate"":0.01,""max_depth"":3,""min_child_weight"":10,""reg_alpha"":1.0,""reg_lambda"":1.0,""subsample"":0.7}",9618,4,240,60,971,2001.728924744487,44.74068534057661,3,0.01,10,0.1,0.7,0.85,1.0,1.0,0.17209860212721445,0.020475899249858345,0.3890826299663507,0.0006573987863690488,0.19818615830304592,0.009920176440045982,0.10915007848421182,0.08420188380336245,0.0008593678469809009,0.0005251132288690217,0.009012674550562209,0.005830017213129173
screen,41,"{""colsample_bytree"":0.85,""gamma"":0.1,""learning_rate"":0.01,""max_depth"":3,""min_child_weight"":10,""reg_alpha"":1.0,""reg_lambda"":1.0,""subsample"":0.7}",9618,5,240,60,723,1567.339955664122,39.58964455086863,3,0.01,10,0.1,0.7,0.85,1.0,1.0,0.1642885812885051,0.017328684565317977,0.3697235779106585,0.002867930425822457,0.23971253128880043,0.007392165497052863,0.09129331790203449,0.0893556265251574,0.0012366316808732128,0.0014607906102307334,0.002824785837802721,0.012515376467744095
screen,42,"{""colsample_bytree"":0.85,""gamma"":0.5,""learning_rate"":0.03,""max_depth"":4,""min_child_weight"":1,""reg_alpha"":0.0,""reg_lambda"":1.0,""subsample"":0.85}",9618,1,240,60,171,864.5803677908184,29.403747512703518,4,0.03,1,0.5,0.85,0.85,1.0,0.0,0.13962026126961488,0.018487477549731485,0.4649558336807186,0.004227001815110162,0.1613938864608849,0.01188042056867825,0.08745496333234562,0.09581421740775341,0.004117210806190827,0.0026369237801690867,0.0015647308829025062,0.007847072445900289
screen,42,"{""colsample_bytree"":0.85,""gamma"":0.5,""learning_rate"":0.03,""max_depth"":4,""min_child_weight"":1,""reg_alpha"":0.0,""reg_lambda"":1.0,""subsample"":0.85}",9618,2,240,60,245,1599.8688452938675,39.99836053257518,4,0.03,1,0.5,0.85,0.85,1.0,0.0,0.16909551000790599,0.01198244974338173,0.45971963146948275,0.0026616202192805585,0.22283334381476844,0.004854597989206818,0.06136936214694416,0.052635532199321704,0.0019817341412752035,0.002138145239567868,0.0030899365530911,0.007638136475773693
screen,42,"{""colsample_bytree"":0.85,""gamma"":0.5,""learning_rate"":0.03,""max_depth"":4,""min_child_weight"":1,""reg_alpha"":0.0,""reg_lambda"":1.0,""subsample"":0.85}",9618,3,240,60,284,1583.8702182298853,39.79786700603294,4,0.03,1,0.5,0.85,0.85,1.0,0.0,0.11685363844886675,0.030600310598665036,0.4828024296983985,0.004752988573490316,0.1603551319228095,0.011903088727254794,0.049062300427194866,0.13072765163032915,0.0029486374433606096,0.0008404911069455723,0.0037088477391706855,0.0054444836835142035
screen,42,"{""colsample_bytree"":0.85,""gamma"":0.5,""learning_rate"":0.03,""max_depth"":4,""min_child_weight"":1,""reg_alpha"":0.0,""reg_lambda"":1.0,""subsample"":0.85}",9618,4,240,60,301,2154.2646958909163,46.41405709363184,4,0.03,1,0.5,0.85,0.85,1.0,0.0,0.149583555378143,0.023600141811099318,0.4580113543833609,0.001614771226985363,0.17318858840697632,0.008425616379511277,0.08318473044832816,0.08633356354550752,0.0049647309821476806,0.0006303606095835134,0.005863672960789784,0.004598913867567224
screen,42,"{""colsample_bytree"":0.85,""gamma"":0.5,""learning_rate"":0.03,""max_depth"":4,""min_child_weight"":1,""reg_alpha"":0.0,""reg_lambda"":1.0,""subsample"":0.85}",9618,5,240,60,349,1775.9746499761652,42.142314245615005,4,0.03,1,0.5,0.85,0.85,1.0,0.0,0.16590062013006185,0.0168240056922983,0.46389081255706355,0.006182779887390055,0.18547509678732252,0.005868253733204794,0.06851045103516046,0.07352556673887074,0.0024819925966872965,0.001466117989978564,0.002640649415282873,0.00723365343667899
screen,43,"{""colsample_bytree"":0.7,""gamma"":0.0,""learning_rate"":0.1,""max_depth"":5,""min_child_weight"":3,""reg_alpha"":0.0,""reg_lambda"":5.0,""subsample"":0.7}",9618,1,240,60,46,975.2578339813921,31.22911836702074,5,0.1,3,0.0,0.7,0.7,5.0,0.0,0.15239063401671035,0.013237891161017727,0.3734890977730533,0.006547888406410552,0.15772566382222983,0.01194256855449497,0.11811842019074228,0.14813756805648826,0.004375781912929449,0.0021276134740570245,0.0033934951545433285,0.008513377477322929
screen,43,"{""colsample_bytree"":0.7,""gamma"":0.0,""learning_rate"":0.1,""max_depth"":5,""min_child_weight"":3,""reg_alpha"":0.0,""reg_lambda"":5.0,""subsample"":0.7}",9618,2,240,60,131,1654.3443992394925,40.67363272735167,5,0.1,3,0.0,0.7,0.7,5.0,0.0,0.1973365882564504,0.013814033770952427,0.38196108296489106,0.010258795268802332,0.18411818283541434,0.015540542406817428,0.08810084798238033,0.08560065605651783,0.0020345591732537586,0.0022853780920927204,0.004405254056203397,0.01454407913622398
screen,43,"{""colsample_bytree"":0.7,""gamma"":0.0,""learning_rate"":0.1,""max_depth"":5,""min_child_weight"":3,""reg_alpha"":0.0,""reg_lambda"":5.0,""subsample"":0.7}",9618,3,240,60,250,1693.079312639217,41.14704500494801,5,0.1,3,0.0,0.7,0.7,5.0,0.0,0.10527838420048033,0.03728828429837171,0.4290116943536684,0.009248743914578672,0.1528349273229112,0.01601876781271303,0.08006217678070006,0.1352405736147648,0.006674801694379464,0.007698589624854085,0.008301772946783213,0.012341283435795046
screen,43,"{""colsample_bytree"":0.7,""gamma"":0.0,""learning_rate"":0.1,""max_depth"":5,""min_child_weight"":3,""reg_alpha"":0.0,""reg_lambda"":5.0,""subsample"":0.7}",9618,4,240,60,263,2238.8329812695833,47.316307773003416,5,0.1,3,0.0,0.7,0.7,5.0,0.0,0.17052859842728813,0.03233237901780773,0.35384930668421605,0.0024748849581438825,0.21863083296760336,0.013103189944290492,0.1067938334272561,0.08095405661289608,0.0039040178542787103,0.0011777393616687613,0.006469903367612349,0.009781257376938421
screen,43,"{""colsample_bytree"":0.7,""gamma"":0.0,""learning_rate"":0.1,""max_depth"":5,""min_child_weight"":3,""reg_alpha"":0.0,""reg_lambda"":5.0,""subsample"":0.7}",9618,5,240,60,101,1534.2589929174717,39.169618238086926,5,0.1,3,0.0,0.7,0.7,5.0,0.0,0.1559218105002288,0.01950624884871151,0.4243157230946152,0.005877694114218981,0.18611860689997323,0.015548637924418835,0.09301053983337261,0.07124527985077893,0.003387483451736681,0.0014018726272253725,0.004948787040864101,0.018717315813855773
screen,44,"{""colsample_bytree"":0.7,""gamma"":0.5,""learning_rate"":0.05,""max_depth"":4,""min_child_weight"":1,""reg_alpha"":1.0,""reg_lambda"":10.0,""subsample"":0.85}",9618,1,240,60,153,975.5109144997124,31.23317010006689,4,0.05,1,0.5,0.85,0.7,10.0,1.0,0.1489739133319029,0.0204816778462472,0.37107741061361926,0.00493014080091445,0.21323542514386315,0.011150475560399359,0.10737968138685759,0.10670429660762111,0.0026934939711805218,0.0048531302319762245,0.0020090883864671842,0.006511266118951024
screen,44,"{""colsample_bytree"":0.7,""gamma"":0.5,""learning_rate"":0.05,""max_depth"":4,""min_child_weight"":1,""reg_alpha"":1.0,""reg_lambda"":10.0,""subsample"":0.85}",9618,2,240,60,303,1861.7236625144687,43.14769591200055,4,0.05,1,0.5,0.85,0.7,10.0,1.0,0.1721132858999378,0.017668795602533288,0.46421038963181066,0.005416122943098477,0.1724953953022611,0.007283264622564796,0.07206600018261503,0.07307876921573442,0.0016201878245627212,0.0030682265016688426,0.0034717768277726527,0.0075077854454402015
screen,44,"{""colsample_bytree"":0.7,""gamma"":0.5,""learning_rate"":0.05,""max_depth"":4,""min_child_weight"":1,""reg_alpha"":1.0,""reg_lambda"":10.0,""subsample"":0.85}",9618,3,240,60,154,1830.8239988145326,42.78812918105363,4,0.05,1,0.5,0.85,0.7,10.0,1.0,0.13641248570742823,0.028292919696650768,0.448322782799917,0.004693397241604805,0.18126170840185757,0.010321203531909054,0.06404427105746417,0.10832961197330258,0.0031361289239492805,0.004456652088512016,0.0038795463210509807,0.006849292256353524
screen,44,"{""colsample_bytree"":0.7,""gamma"":0.5,""learning_rate"":0.05,""max_depth"":4,""min_child_weight"":1,""reg_alpha"":1.0,""reg_lambda"":10.0,""subsample"":0.85}",9618,4,240,60,446,2198.1328228431025,46.88424919781805,4,0.05,1,0.5,0.85,0.7,10.0,1.0,0.16473841310803639,0.027540112551464605,0.38484852349184995,0.002304245366383146,0.20326676440456382,0.015214171579420777,0.1153414924484307,0.06605624709492208,0.004356640743089808,0.0028013027548724786,0.00544551795643895,0.008086568500527296
screen,44,"{""colsample_bytree"":0.7,""gamma"":0.5,""learning_rate"":0.05,""max_depth"":4,""min_child_weight"":1,""reg_alpha"":1.0,""reg_lambda"":10.0,""subsample"":0.85}",9618,5,240,60,356,1633.7354016844329,40.41949284298892,4,0.05,1,0.5,0.85,0.7,10.0,1.0,0.15231455278538936,0.019259507912226734,0.397539607953932,0.006226725762138629,0.24240555856622162,0.008248251474112909,0.0896837391394053,0.06436800396558631,0.0028556683106056423,0.002742014246720159,0.0037791156156373996,0.010577254268023948
screen,45,"{""colsample_bytree"":1.0,""gamma"":0.5,""learning_rate"":0.03,""max_depth"":5,""min_child_weight"":5,""reg_alpha"":0.0,""reg_lambda"":10.0,""subsample"":0.7}",9618,1,240,60,287,975.8131893079096,31.238008728276995,5,0.03,5,0.5,0.7,1.0,10.0,0.0,0.13069359162249095,0.01630244452532527,0.45514035331316294,0.002726045282422492,0.1896814013970369,0.00932655063136787,0.10170296249601937,0.07748720187036733,0.0015185202265484176,0.0015091869844503884,0.005128225550999021,0.008783516099809052
screen,45,"{""colsample_bytree"":1.0,""gamma"":0.5,""learning_rate"":0.03,""max_depth"":5,""min_child_weight"":5,""reg_alpha"":0.0,""reg_lambda"":10.0,""subsample"":0.7}",9618,2,240,60,395,1733.1678645440838,41.631332726013994,5,0.03,5,0.5,0.7,1.0,10.0,0.0,0.1282880164543867,0.013989033912542413,0.45888111964875206,0.0027553551465596795,0.23637420350826585,0.008471798134633427,0.07490970802977553,0.05770527273946653,0.000827929588687771,0.001907431885007141,0.00485224842841243,0.011037882523510413
screen,45,"{""colsample_bytree"":1.0,""gamma"":0.5,""learning_rate"":0.03,""max_depth"":5,""min_child_weight"":5,""reg_alpha"":0.0,""reg_lambda"":10.0,""subsample"":0.7}",9618,3,240,60,354,1591.4357834229818,39.892803654581385,5,0.03,5,0.5,0.7,1.0,10.0,0.0,0.10576260464747338,0.025554772554715895,0.5073704835795032,0.0045050607868418165,0.15327534768827938,0.013204556586077214,0.0681115477768871,0.10278705313096816,0.0018522203296785554,0.00273318994008346,0.005866257966150351,0.008976905013341455
screen,45,"{""colsample_bytree"":1.0,""gamma"":0.5,""learning_rate"":0.03,""max_depth"":5,""min_child_weight"":5,""reg_alpha"":0.0,""reg_lambda"":10.0,""subsample"":0.7}",9618,4,240,60,850,2218.0286125173398,47.095951126581355,5,0.03,5,0.5,0.7,1.0,10.0,0.0,0.13041993204560318,0.027954338581330507,0.46449491038077906,0.0014651996010681206,0.18332848112251948,0.010611753943881929,0.10020227059999036,0.06275192731628226,0.0022613129911463214,0.0016606299953669053,0.007262848931169847,0.007586394490862028
screen,45,"{""colsample_bytree"":1.0,""gamma"":0.5,""learning_rate"":0.03,""max_depth"":5,""min_child_weight"":5,""reg_alpha"":0.0,""reg_lambda"":10.0,""subsample"":0.7}",9618,5,240,60,567,1703.5788702984994,41.27443361572027,5,0.03,5,0.5,0.7,1.0,10.0,0.0,0.1453149646555171,0.01697376075383973,0.4049512805626027,0.004738585154880933,0.2417421794763639,0.012518905560789008,0.0822758350104494,0.07170249846965339,0.002414160623099908,0.0019707370777843763,0.005408216164862604,0.009988876490156982
screen,46,"{""colsample_bytree"":1.0,""gamma"":1.0,""learning_rate"":0.1,""max_depth"":1,""min_child_weight"":10,""reg_alpha"":1.0,""reg_lambda"":10.0,""subsample"":0.7}",9618,1,240,60,201,958.978116511917,30.96737180504534,1,0.1,10,1.0,0.7,1.0,10.0,1.0,0.20227381710623538,0.006931969349212122,0.28080530214366245,0.0,0.2225037989428169,0.0027392984826158885,0.1474281437015949,0.12649227537615146,0.0009834260805110585,0.00020287810318874689,0.003167479331073719,0.006471611382937412
screen,46,"{""colsample_bytree"":1.0,""gamma"":1.0,""learning_rate"":0.1,""max_depth"":1,""min_child_weight"":10,""reg_alpha"":1.0,""reg_lambda"":10.0,""subsample"":0.7}",9618,2,240,60,655,1560.951656231705,39.50888072613175,1,0.1,10,1.0,0.7,1.0,10.0,1.0,0.2202029931561326,0.02058412638803514,0.32506180392268413,0.001687362683531652,0.19412302551047994,0.0110292843555484,0.1167694946921405,0.08642913288524458,0.0020172314939285252,0.00030415195992358984,0.012324269020044363,0.009467123932306597
screen,46,"{""colsample_bytree"":1.0,""gamma"":1.0,""learning_rate"":0.1,""max_depth"":1,""min_child_weight"":10,""reg_alpha"":1.0,""reg_lambda"":10.0,""subsample"":0.7}",9618,3,240,60,295,1617.9036693113273,40.22317328743876,1,0.1,10,1.0,0.7,1.0,10.0,1.0,0.17369368920900255,0.01508984864104917,0.3576551795852321,0.0018282604364486422,0.17302640818526588,0.008709093972225109,0.08873493589799228,0.1720543885083554,0.0020505954899262433,0.00018002674562143521,0.004790334791734274,0.0021872385371469755
screen,46,"{""colsample_bytree"":1.0,""gamma"":1.0,""learning_rate"":0.1,""max_depth"":1,""min_child_weight"":10,""reg_alpha"":1.0,""reg_lambda"":10.0,""subsample"":0.7}",9618,4,240,60,258,2185.294795572767,46.74713676336516,1,0.1,10,1.0,0.7,1.0,10.0,1.0,0.2197155453756867,0.016806267259424187,0.30405658338522695,0.0,0.16804420420843535,0.0072283424959704,0.1546323498198133,0.12073583123258595,0.0013445791345141412,0.00017525192862806094,0.00413586618508152,0.0031251789746334436
screen,46,"{""colsample_bytree"":1.0,""gamma"":1.0,""learning_rate"":0.1,""max_depth"":1,""min_child_weight"":10,""reg_alpha"":1.0,""reg_lambda"":10.0,""subsample"":0.7}",9618,5,240,60,699,1923.7618121278526,43.86070920684996,1,0.1,10,1.0,0.7,1.0,10.0,1.0,0.2074947912479029,0.019911408638683344,0.2814464037942191,0.0013471657960561277,0.18769696669055472,0.007187194628925638,0.1429074477820763,0.13450889328780055,0.0027139565772982184,0.0010032088563657314,0.0037551289432118584,0.010027433756905508
screen,47,"{""colsample_bytree"":1.0,""gamma"":0.1,""learning_rate"":0.01,""max_depth"":2,""min_child_weight"":5,""reg_alpha"":0.0,""reg_lambda"":1.0,""subsample"":0.7}",9618,1,240,60,668,805.0325881099462,28.373096202387682,2,0.01,5,0.1,0.7,1.0,1.0,0.0,0.17909085026097635,0.0069223287457440075,0.3697439373554324,0.0015024550886039581,0.19417733605642704,0.006188966274800576,0.12986965952136592,0.1053031670467383,0.0014723320806299125,9.599914848032703e-05,0.0012899415432531859,0.004343026877548052
screen,47,"{""colsample_bytree"":1.0,""gamma"":0.1,""learning_rate"":0.01,""max_depth"":2,""min_child_weight"":5,""reg_alpha"":0.0,""reg_lambda"":1.0,""subsample"":0.7}",9618,2,240,60,918,1602.5905723647545,40.0323690576108,2,0.01,5,0.1,0.7,1.0,1.0,0.0,0.20405992547535637,0.009527484982977744,0.3546823241893117,0.0019426136142787964,0.2533267489936994,0.005745537671507997,0.08765280553247017,0.07357092503599304,0.0006578781605684332,0.0005812141471150824,0.0024998353788193836,0.005752706817901894
screen,47,"{""colsample_bytree"":1.0,""gamma"":0.1,""learning_rate"":0.01,""max_depth"":2,""min_child_weight"":5,""reg_alpha"":0.0,""reg_lambda"":1.0,""subsample"":0.7}",9618,3,240,60,510,1532.482062174793,39.14692915382755,2,0.01,5,0.1,0.7,1.0,1.0,0.0,0.15227057713329606,0.016814866913150792,0.4070236496950862,0.0007878063961399735,0.20467472137283324,0.005434619945216574,0.06872765406784787,0.1414086243844961,0.0004130205342788268,0.00046766290794523666,0.0008360164003675768,0.0011407802493414944
screen,47,"{""colsample_bytree"":1.0,""gamma"":0.1,""learning_rate"":0.01,""max_depth"":2,""min_child_weight"":5,""reg_alpha"":0.0,""reg_lambda"":1.0,""subsample"":0.7}",9618,4,240,60,1158,1951.4432875987286,44.175143322899686,2,0.01,5,0.1,0.7,1.0,1.0,0.0,0.19700829115653548,0.015333321381503751,0.3644521958229395,0.0004772585755720745,0.1954548463775716,0.005900335203633283,0.12692811773177648,0.08473692894233702,0.0007867234532528692,0.00036162978853477516,0.005360492718644767,0.0031998588476984183
screen,47,"{""colsample_bytree"":1.0,""gamma"":0.1,""learning_rate"":0.01,""max_depth"":2,""min_child_weight"":5,""reg_alpha"":0.0,""reg_lambda"":1.0,""subsample"":0.7}",9618,5,240,60,711,1485.906259490362,38.547454643469806,2,0.01,5,0.1,0.7,1.0,1.0,0.0,0.1929706628507535,0.008262568313767286,0.32979979066981896,0.0042082415185801395,0.25312375231229334,0.0035624010912986177,0.10542816803911095,0.09462844293112328,0.0005238877285759332,0.00010334912164707615,0.0007265234810485805,0.0066622119419822955
screen,48,"{""colsample_bytree"":0.7,""gamma"":0.1,""learning_rate"":0.03,""max_depth"":4,""min_child_weight"":10,""reg_alpha"":0.1,""reg_lambda"":10.0,""subsample"":0.7}",9618,1,240,60,266,976.0827570719724,31.24232317021211,4,0.03,10,0.1,0.7,0.7,10.0,0.1,0.16657347985559282,0.015460199199990789,0.3464612068571303,0.0023147639936910796,0.2290472352698771,0.009705130087680766,0.11335470421967077,0.09891643012385189,0.001153813699345685,0.0015410626920171295,0.003884357389815005,0.01158761661133671
screen,48,"{""colsample_bytree"":0.7,""gamma"":0.1,""learning_rate"":0.03,""max_depth"":4,""min_child_weight"":10,""reg_alpha"":0.1,""reg_lambda"":10.0,""subsample"":0.7}",9618,2,240,60,353,1608.6226805975903,40.107638681398214,4,0.03,10,0.1,0.7,0.7,10.0,0.1,0.16955222656342908,0.01479368982234583,0.393997341657364,0.003593412109993186,0.2282440448375181,0.008108734513485961,0.09021706457480527,0.0688326294024685,0.0007978136290617435,0.0011967403255943483,0.006427693830643813,0.014238608733290152
screen,48,"{""colsample_bytree"":0.7,""gamma"":0.1,""learning_rate"":0.03,""max_depth"":4,""min_child_weight"":10,""reg_alpha"":0.1,""reg_lambda"":10.0,""subsample"":0.7}",9618,3,240,60,261,1801.6289168226708,42.44559949891945,4,0.03,10,0.1,0.7,0.7,10.0,0.1,0.12231019267146911,0.0213866855124297,0.40772879678388346,0.00422611054877912,0.20909924071471978,0.011944677222007411,0.07385902944306884,0.13020996800406326,0.003073086114269742,0.0028540469771774998,0.005282186801834773,0.008025979206297324
screen,48,"{""colsample_bytree"":0.7,""gamma"":0.1,""learning_rate"":0.03,""max_depth"":4,""min_child_weight"":10,""reg_alpha"":0.1,""reg_lambda"":10.0,""subsample"":0.7}",9618,4,240,60,833,2075.0158675317334,45.552342064176386,4,0.03,10,0.1,0.7,0.7,10.0,0.1,0.15697989814799398,0.03176383257234421,0.33900549705682625,0.002393653827878285,0.21891859642510647,0.02010453780886575,0.11950474965137228,0.08387597129067531,0.002623290087948913,0.002609462094920754,0.010316020306560855,0.011904490729506926
screen,48,"{""colsample_bytree"":0.7,""gamma"":0.1,""learning_rate"":0.03,""max_depth"":4,""min_child_weight"":10,""reg_alpha"":0.1,""reg_lambda"":10.0,""subsample"":0.7}",9618,5,240,60,704,1620.9034712808732,40.26044549282674,4,0.03,10,0.1,0.7,0.7,10.0,0.1,0.1478010126872172,0.028524531576366936,0.3445064298565333,0.0031999189700278705,0.2557227409584158,0.017510436056734503,0.09978763863573337,0.07634892572930631,0.002383912136582881,0.0030830045067036407,0.006276086884565171,0.014855362001812986
screen,49,"{""colsample_bytree"":0.85,""gamma"":0.1,""learning_rate"":0.1,""max_depth"":4,""min_child_weight"":5,""reg_alpha"":0.0,""reg_lambda"":1.0,""subsample"":0.85}",9618,1,240,60,44,953.4529609020884,30.878033630755837,4,0.1,5,0.1,0.85,0.85,1.0,0.0,0.15386627194531768,0.015798633588369436,0.4600724862662962,0.0026014638641229534,0.1873758166692934,0.008219741260530272,0.07975123270806869,0.08157141255815085,0.0014397601503995006,0.00045674193795656147,0.0016297980075927283,0.0072166410439016985
screen,49,"{""colsample_bytree"":0.85,""gamma"":0.1,""learning_rate"":0.1,""max_depth"":4,""min_child_weight"":5,""reg_alpha"":0.0,""reg_lambda"":1.0,""subsample"":0.85}",9618,2,240,60,38,1579.762137531685,39.74622167617552,4,0.1,5,0.1,0.85,0.85,1.0,0.0,0.18240515932722726,0.010918945900760424,0.4004895972814266,0.0023259019734252107,0.2786939786064965,0.0055167893716767695,0.06317220727960929,0.04866567337074894,0.0015567111756046646,0.0001174237627048756,0.0014906823489698666,0.00464692960134964
screen,49,"{""colsample_bytree"":0.85,""gamma"":0.1,""learning_rate"":0.1,""max_depth"":4,""min_child_weight"":5,""reg_alpha"":0.0,""reg_lambda"":1.0,""subsample"":0.85}",9618,3,240,60,38,1966.3247663605018,44.343260664507994,4,0.1,5,0.1,0.85,0.85,1.0,0.0,0.10021292841262903,0.022127765109993654,0.5183537844607201,0.0015363711827981999,0.15778042965472275,0.011215515199634523,0.050692894396367434,0.12736829927146795,0.0034070354713136913,0.0007916293854237722,0.00365400547438062,0.0028593419805482438
screen,49,"{""colsample_bytree"":0.85,""gamma"":0.1,""learning_rate"":0.1,""max_depth"":4,""min_child_weight"":5,""reg_alpha"":0.0,""reg_lambda"":1.0,""subsample"":0.85}",9618,4,240,60,112,2142.1323018574544,46.28317514883194,4,0.1,5,0.1,0.85,0.85,1.0,0.0,0.14866929388075506,0.025888684601161255,0.4333221376751383,0.000814285075993315,0.19615336812329354,0.006995792273668695,0.08310037270153,0.09133737338160669,0.0021314949207065486,0.00033361446862400894,0.005038612060093886,0.0062149708374287195
screen,49,"{""colsample_bytree"":0.85,""gamma"":0.1,""learning_rate"":0.1,""max_depth"":4,""min_child_weight"":5,""reg_alpha"":0.0,""reg_lambda"":1.0,""subsample"":0.85}",9618,5,240,60,65,1679.3267831369485,40.97958983612389,4,0.1,5,0.1,0.85,0.85,1.0,0.0,0.15449508745572801,0.01170193229356431,0.4995378416799539,0.008297305999337585,0.14331908135534954,0.009604076613597082,0.08381827252333401,0.0766166697036275,0.0013747332681800942,0.0014453414168760273,0.0020834782630932704,0.007706179427358638
screen,50,"{""colsample_bytree"":0.85,""gamma"":1.0,""learning_rate"":0.01,""max_depth"":4,""min_child_weight"":1,""reg_alpha"":1.0,""reg_lambda"":1.0,""subsample"":1.0}",9618,1,240,60,430,883.2578201920167,29.719653769719738,4,0.01,1,1.0,1.0,0.85,1.0,1.0,0.14449012579511367,0.014185397888993966,0.5052257553693676,0.0025413417936850126,0.15049057541969427,0.007890410606559995,0.08646898924839898,0.07781340650924778,0.0013467905301416635,0.0016133308237593223,0.0013192006784831852,0.006614675336554516
screen,50,"{""colsample_bytree"":0.85,""gamma"":1.0,""learning_rate"":0.01,""max_depth"":4,""min_child_weight"":1,""reg_alpha"":1.0,""reg_lambda"":1.0,""subsample"":1.0}",9618,2,240,60,592,1654.7230853252804,40.67828764003323,4,0.01,1,1.0,1.0,0.85,1.0,1.0,0.16485987149657202,0.010858593632008574,0.5105900425164156,0.0025954866752316884,0.19575701773295148,0.004758779096473203,0.05607874807800462,0.044343212054148595,0.0006946516899762879,0.002423959083289776,0.0021147847042793594,0.004924853240648816
screen,50,"{""colsample_bytree"":0.85,""gamma"":1.0,""learning_rate"":0.01,""max_depth"":4,""min_child_weight"":1,""reg_alpha"":1.0,""reg_lambda"":1.0,""subsample"":1.0}",9618,3,240,60,453,1735.7231392671297,41.662010744407546,4,0.01,1,1.0,1.0,0.85,1.0,1.0,0.12906794072070715,0.017984447766331246,0.4959542361544397,0.003515319871025509,0.16669171691234638,0.008374581051270296,0.048401218277873255,0.12227567673662507,0.0016922215499801236,0.0004083611319536309,0.002001990266952037,0.003632289560495628
screen,50,"{""colsample_bytree"":0.85,""gamma"":1.0,""learning_rate"":0.01,""max_depth"":4,""min_child_weight"":1,""reg_alpha"":1.0,""reg_lambda"":1.0,""subsample"":1.0}",9618,4,240,60,666,2207.86436611933,46.98791723538435,4,0.01,1,1.0,1.0,0.85,1.0,1.0,0.136043233664367,0.02099167588973641,0.4977768307089964,0.0016244836138841522,0.14683490590492218,0.00677248858744301,0.08335761132594317,0.09577032410016204,0.0047752098177443565,0.0007244917656801823,0.003583353859106401,0.0017453907620146758
screen,50,"{""colsample_bytree"":0.85,""gamma"":1.0,""learning_rate"":0.01,""max_depth"":4,""min_child_weight"":1,""reg_alpha"":1.0,""reg_lambda"":1.0,""subsample"":1.0}",9618,5,240,60,786,1884.1862063309964,43.407213759132205,4,0.01,1,1.0,1.0,0.85,1.0,1.0,0.1666952577215835,0.015123788824743602,0.45936882082098807,0.009252058099846286,0.19673822490578402,0.005231406435868527,0.06192011403510557,0.0732149400370468,0.0017486446710524683,0.0017924718709858515,0.0014443358380366617,0.007469936738958643
screen,51,"{""colsample_bytree"":1.0,""gamma"":1.0,""learning_rate"":0.1,""max_depth"":3,""min_child_weight"":3,""reg_alpha"":0.0,""reg_lambda"":10.0,""subsample"":0.85}",9618,1,240,60,48,1087.7794589913915,32.98150176980108,3,0.1,3,1.0,0.85,1.0,10.0,0.0,0.13923331165386305,0.009338358467606788,0.45476463162816194,0.0022686611770860957,0.22129134289436125,0.0052972291903026665,0.084763472056086,0.0772046588304123,0.0003211702949567414,0.0010983407214747282,0.0007424568840243926,0.0036763662016640617
screen,51,"{""colsample_bytree"":1.0,""gamma"":1.0,""learning_rate"":0.1,""max_depth"":3,""min_child_weight"":3,""reg_alpha"":0.0,""reg_lambda"":10.0,""subsample"":0.85}",9618,2,240,60,150,1765.433885289987,42.017066595491734,3,0.1,3,1.0,0.85,1.0,10.0,0.0,0.1443097469013288,0.011989882596417438,0.44031921350407094,0.0019078857686023309,0.24563049280532157,0.006666422508275963,0.0812734745900285,0.057161335179576986,7.96963827716135e-05,0.0007210653567326889,0.0040605621450526,0.005880222261820585
screen,51,"{""colsample_bytree"":1.0,""gamma"":1.0,""learning_rate"":0.1,""max_depth"":3,""min_child_weight"":3,""reg_alpha"":0.0,""reg_lambda"":10.0,""subsample"":0.85}",9618,3,240,60,432,1442.2248424982013,37.97663548154577,3,0.1,3,1.0,0.85,1.0,10.0,0.0,0.11255003438465966,0.03423351457634993,0.4677511375985491,0.004252518573173161,0.16830779841339907,0.012282471435238687,0.07081493504582972,0.11095250455129389,0.002502806375036651,0.0018547289425404245,0.007915022954986329,0.006582527148943395
screen,51,"{""colsample_bytree"":1.0,""gamma"":1.0,""learning_rate"":0.1,""max_depth"":3,""min_child_weight"":3,""reg_alpha"":0.0,""reg_lambda"":10.0,""subsample"":0.85}",9618,4,240,60,202,2141.4347836490397,46.27563920303035,3,0.1,3,1.0,0.85,1.0,10.0,0.0,0.15217263704292952,0.018952171316258766,0.4508732311328771,0.00084200830318545,0.1817029489236433,0.009945192157358996,0.1088409105738874,0.0679868337408901,0.0010842707468779714,0.0002599803678324398,0.004034746815901606,0.003305068878357384
screen,51,"{""colsample_bytree"":1.0,""gamma"":1.0,""learning_rate"":0.1,""max_depth"":3,""min_child_weight"":3,""reg_alpha"":0.0,""reg_lambda"":10.0,""subsample"":0.85}",9618,5,240,60,155,1682.2627890979995,41.01539697598939,3,0.1,3,1.0,0.85,1.0,10.0,0.0,0.1594756816647003,0.011552679758464978,0.4093864187571112,0.004574226585549602,0.23003943208038646,0.004629312102137708,0.08703972604143012,0.08343879418109615,0.0005991552301608166,0.0006988542899913002,0.0031553405068205564,0.005410378802150848
screen,52,"{""colsample_bytree"":0.7,""gamma"":0.1,""learning_rate"":0.05,""max_depth"":4,""min_child_weight"":3,""reg_alpha"":0.0,""reg_lambda"":1.0,""subsample"":0.7}",9618,1,240,60,94,801.4599692886458,28.31006833776008,4,0.05,3,0.1,0.7,0.7,1.0,0.0,0.15669670339963043,0.019444213920374386,0.33777352349744477,0.005898251739628821,0.19120017202585976,0.012484176391582598,0.12118208486520317,0.13604885552677515,0.002872461864845189,0.003602177752995315,0.00418375663294499,0.00861362238271543
screen,52,"{""colsample_bytree"":0.7,""gamma"":0.1,""learning_rate"":0.05,""max_depth"":4,""min_child_weight"":3,""reg_alpha"":0.0,""reg_lambda"":1.0,""subsample"":0.7}",9618,2,240,60,167,1684.2612630472327,41.03975222935968,4,0.05,3,0.1,0.7,0.7,1.0,0.0,0.1968985066054595,0.016222452140143805,0.42669933194588194,0.005349943879139421,0.15861626508359458,0.010361542190691674,0.07535216231630128,0.08449812707201883,0.0010050571811480438,0.002390038937185352,0.005817248478931848,0.016789324169503766
screen,52,"{""colsample_bytree"":0.7,""gamma"":0.1,""learning_rate"":0.05,""max_depth"":4,""min_child_weight"":3,""reg_alpha"":0.0,""reg_lambda"":1.0,""subsample"":0.7}",9618,3,240,60,138,1573.013676565424,39.661236447763756,4,0.05,3,0.1,0.7,0.7,1.0,0.0,0.11099555007067953,0.030744347666182243,0.39305763051002157,0.004052226035014776,0.1865224812746273,0.01466207771855654,0.060766860617936624,0.1708613525899989,0.0079157369015286,0.005388688257909327,0.007866604222093468,0.007166444135451106
screen,52,"{""colsample_bytree"":0.7,""gamma"":0.1,""learning_rate"":0.05,""max_depth"":4,""min_child_weight"":3,""reg_alpha"":0.0,""reg_lambda"":1.0,""subsample"":0.7}",9618,4,240,60,201,2105.888346708996,45.889959105549394,4,0.05,3,0.1,0.7,0.7,1.0,0.0,0.17367925168133935,0.02598290303716503,0.3463074196133444,0.0033655197825007742,0.21488887488451128,0.016487791907862884,0.10290984809075417,0.092176097189866,0.0045875312857933765,0.0016342828464157278,0.008042903562750265,0.009937576117696755
screen,52,"{""colsample_bytree"":0.7,""gamma"":0.1,""learning_rate"":0.05,""max_depth"":4,""min_child_weight"":3,""reg_alpha"":0.0,""reg_lambda"":1.0,""subsample"":0.7}",9618,5,240,60,106,1551.6656762100686,39.39118779892361,4,0.05,3,0.1,0.7,0.7,1.0,0.0,0.1575394924607806,0.018456926067164273,0.37925010308405943,0.005708163395688899,0.2497712460991015,0.017905166749902515,0.0794235995727339,0.07318080432807456,0.0018074738268624563,0.002824483511617588,0.0035602663508255607,0.010572274553188692
screen,53,"{""colsample_bytree"":1.0,""gamma"":0.1,""learning_rate"":0.05,""max_depth"":1,""min_child_weight"":3,""reg_alpha"":0.0,""reg_lambda"":10.0,""subsample"":0.7}",9618,1,240,60,368,851.2305313672621,29.175855280818453,1,0.05,3,0.1,0.7,1.0,10.0,0.0,0.2129946426936899,0.004631635153250633,0.3201372375145056,0.0,0.17600415862438287,0.004780332721881763,0.1475233662428269,0.1305383826674725,0.0005607381432744672,0.0,0.0001965727396474878,0.0026329334990678726
screen,53,"{""colsample_bytree"":1.0,""gamma"":0.1,""learning_rate"":0.05,""max_depth"":1,""min_child_weight"":3,""reg_alpha"":0.0,""reg_lambda"":10.0,""subsample"":0.7}",9618,2,240,60,1120,1605.406457312203,40.06752372323754,1,0.05,3,0.1,0.7,1.0,10.0,0.0,0.2299342662830525,0.012792004667903863,0.35739389731367216,0.0018752560717828427,0.18628027880592934,0.008146382711618235,0.10359411277352115,0.08259898943732356,0.0003490876958368761,0.0006513243597808023,0.00759135660912956,0.008793043270449117
screen,53,"{""colsample_bytree"":1.0,""gamma"":0.1,""learning_rate"":0.05,""max_depth"":1,""min_child_weight"":3,""reg_alpha"":0.0,""reg_lambda"":10.0,""subsample"":0.7}",9618,3,240,60,547,1348.2812607159474,36.71894961346181,1,0.05,3,0.1,0.7,1.0,10.0,0.0,0.17402471020904847,0.014553404998829617,0.37904074012512545,0.00037946076088956184,0.17450959858516074,0.007302217380660902,0.08790025573267463,0.15478221881882118,0.001768636841926448,0.0004624040894698654,0.0030598019723733546,0.002216550485019767
screen,53,"{""colsample_bytree"":1.0,""gamma"":0.1,""learning_rate"":0.05,""max_depth"":1,""min_child_weight"":3,""reg_alpha"":0.0,""reg_lambda"":10.0,""subsample"":0.7}",9618,4,240,60,849,2057.7154375698233,45.362048427841344,1,0.05,3,0.1,0.7,1.0,10.0,0.0,0.21550208595514656,0.01467838541597817,0.3603427055815583,0.00023701051286494798,0.14384839218280157,0.010445528121620527,0.139225296883615,0.10541845368800629,0.0017441317278895287,0.0001229020563974485,0.006948032372730418,0.0014870755013912408
screen,53,"{""colsample_bytree"":1.0,""gamma"":0.1,""learning_rate"":0.05,""max_depth"":1,""min_child_weight"":3,""reg_alpha"":0.0,""reg_lambda"":10.0,""subsample"":0.7}",9618,5,240,60,934,1650.168817369552,40.62226996820281,1,0.05,3,0.1,0.7,1.0,10.0,0.0,0.22140879403737396,0.012570120994179547,0.291789040407616,0.002335445737051964,0.20603779835947078,0.004601359442158114,0.12045785874301304,0.130654381680372,0.0007727810651271294,0.0006072010363645258,0.0024015307943798386,0.006363687702893101
screen,54,"{""colsample_bytree"":1.0,""gamma"":0.5,""learning_rate"":0.1,""max_depth"":3,""min_child_weight"":10,""reg_alpha"":1.0,""reg_lambda"":5.0,""subsample"":1.0}",9618,1,240,60,60,1023.2588635982537,31.98841764761511,3,0.1,10,0.5,1.0,1.0,5.0,1.0,0.13597469516505578,0.009867647534289441,0.48615155537375376,0.0002612062142592002,0.19757359781784858,0.003095644617215901,0.07322646603669597,0.0873519109916552,0.0,0.0011577879271439152,0.000863944952393035,0.004475543369689206
screen,54,"{""colsample_bytree"":1.0,""gamma"":0.5,""learning_rate"":0.1,""max_depth"":3,""min_child_weight"":10,""reg_alpha"":1.0,""reg_lambda"":5.0,""subsample"":1.0}",9618,2,240,60,197,1764.2282081137275,42.00271667539764,3,0.1,10,0.5,1.0,1.0,5.0,1.0,0.14901710736131377,0.012878567374363475,0.4323656106849409,0.002110679923342885,0.2722495936949123,0.004499099248624755,0.061391837662625175,0.056273247413128044,1.5217401450697023e-05,0.0003363192997808668,0.004594467564279665,0.00426825237123744
screen,54,"{""colsample_bytree"":1.0,""gamma"":0.5,""learning_rate"":0.1,""max_depth"":3,""min_child_weight"":10,""reg_alpha"":1.0,""reg_lambda"":5.0,""subsample"":1.0}",9618,3,240,60,60,1817.0745208540368,42.62715708153708,3,0.1,10,0.5,1.0,1.0,5.0,1.0,0.11503752934943791,0.02116009026755171,0.516176486023789,0.0011704705913505792,0.18546982117342542,0.005189239370684595,0.04923852168226311,0.10258163004199633,0.0005111943102643674,0.0,0.0011864263520053385,0.002278590837231671
screen,54,"{""colsample_bytree"":1.0,""gamma"":0.5,""learning_rate"":0.1,""max_depth"":3,""min_child_weight"":10,""reg_alpha"":1.0,""reg_lambda"":5.0,""subsample"":1.0}",9618,4,240,60,253,2109.0713114721357,45.92462641625009,3,0.1,10,0.5,1.0,1.0,5.0,1.0,0.13469703781844816,0.015553969763425116,0.47671653590803614,0.0006017862607388661,0.1899693883378603,0.0028208148994617543,0.09529984001503027,0.07315745971082072,0.00045047027898088366,0.0016289113492731883,0.0067027436536111805,0.0024010420043134094
screen,54,"{""colsample_bytree"":1.0,""gamma"":0.5,""learning_rate"":0.1,""max_depth"":3,""min_child_weight"":10,""reg_alpha"":1.0,""reg_lambda"":5.0,""subsample"":1.0}",9618,5,240,60,78,1541.232731293168,39.258537049833734,3,0.1,10,0.5,1.0,1.0,5.0,1.0,0.14080683999313076,0.008146288377393186,0.44676951057408204,0.006448557925793105,0.23581736853835789,0.0020124298841001282,0.07557475877313047,0.07825154488284415,0.0,0.0,0.0011645706305666093,0.005008130420601691
screen,55,"{""colsample_bytree"":0.7,""gamma"":0.1,""learning_rate"":0.01,""max_depth"":5,""min_child_weight"":10,""reg_alpha"":0.0,""reg_lambda"":5.0,""subsample"":1.0}",9618,1,240,60,496,982.7434630289238,31.348739416903573,5,0.01,10,0.1,1.0,0.7,5.0,0.0,0.14648344602080718,0.01186110971630146,0.42410931349593184,0.0023480275489332295,0.22022912682164433,0.006401041866472813,0.09163383807492613,0.08228087089644202,0.0008277088276209111,0.0014669890796829112,0.002431630424764766,0.009926897226472385
screen,55,"{""colsample_bytree"":0.7,""gamma"":0.1,""learning_rate"":0.01,""max_depth"":5,""min_child_weight"":10,""reg_alpha"":0.0,""reg_lambda"":5.0,""subsample"":1.0}",9618,2,240,60,1162,1574.871545745904,39.68465126148779,5,0.01,10,0.1,1.0,0.7,5.0,0.0,0.16924481345812695,0.013642123344592494,0.4950444566227928,0.005297539704042773,0.1770402664234316,0.005933967378399442,0.06633034715608642,0.0528761763453279,0.001003201392420979,0.0009229102922041829,0.004319858041028007,0.008344339841546465
screen,55,"{""colsample_bytree"":0.7,""gamma"":0.1,""learning_rate"":0.01,""max_depth"":5,""min_child_weight"":10,""reg_alpha"":0.0,""reg_lambda"":5.0,""subsample"":1.0}",9618,3,240,60,388,2197.144425916622,46.87370719194954,5,0.01,10,0.1,1.0,0.7,5.0,0.0,0.14380024675128855,0.01289828103463041,0.47923761028498985,0.004316732079037859,0.18199097453088717,0.007040153748254008,0.057099975030716885,0.1036903572235469,0.0025259408734968638,0.0014223936367816939,0.0014771886767408525,0.004500146129628951
screen,55,"{""colsample_bytree"":0.7,""gamma"":0.1,""learning_rate"":0.01,""max_depth"":5,""min_child_weight"":10,""reg_alpha"":0.0,""reg_lambda"":5.0,""subsample"":1.0}",9618,4,240,60,1867,2153.9230084593187,46.410376086165456,5,0.01,10,0.1,1.0,0.7,5.0,0.0,0.1549039117455441,0.01795698111276385,0.4128796371835274,0.0012771648353376494,0.18712978148889345,0.010645289301375956,0.1159080878350069,0.08117370116583679,0.0024482332786555754,0.0021163917303297117,0.006864875715431524,0.006695944607297078
screen,55,"{""colsample_bytree"":0.7,""gamma"":0.1,""learning_rate"":0.01,""max_depth"":5,""min_child_weight"":10,""reg_alpha"":0.0,""reg_lambda"":5.0,""subsample"":1.0}",9618,5,240,60,779,1663.5751178760022,40.78694788625403,5,0.01,10,0.1,1.0,0.7,5.0,0.0,0.15124246001580335,0.012028728407380278,0.4236200903213155,0.006031376448399767,0.21933973572652135,0.007854635052283699,0.08031927835229927,0.0825237994936008,0.00188835847065134,0.0018168998909915159,0.002205603843558406,0.011129033977194733
screen,56,"{""colsample_bytree"":1.0,""gamma"":1.0,""learning_rate"":0.1,""max_depth"":3,""min_child_weight"":1,""reg_alpha"":0.1,""reg_lambda"":1.0,""subsample"":0.7}",9618,1,240,60,47,937.2634084887458,30.614758017804842,3,0.1,1,1.0,0.7,1.0,1.0,0.1,0.15759191948870166,0.015350605592482199,0.36212002770231694,0.0028511064211358492,0.23488268475886862,0.005792315638643189,0.11472606619457114,0.08807122455331354,0.0,0.0018850772185242458,0.0019288085877617145,0.014800163843680901
screen,56,"{""colsample_bytree"":1.0,""gamma"":1.0,""learning_rate"":0.1,""max_depth"":3,""min_child_weight"":1,""reg_alpha"":0.1,""reg_lambda"":1.0,""subsample"":0.7}",9618,2,240,60,75,1711.672850568216,41.37236820110998,3,0.1,1,1.0,0.7,1.0,1.0,0.1,0.1828940022273719,0.011079537747950244,0.4204737821961207,0.0023870359809383163,0.22002187555255012,0.007338066345137993,0.07662766024376788,0.06812606699950466,0.0007953231778834402,0.00081301300421521,0.0022477806547389944,0.007195855869820574
screen,56,"{""colsample_bytree"":1.0,""gamma"":1.0,""learning_rate"":0.1,""max_depth"":3,""min_child_weight"":1,""reg_alpha"":0.1,""reg_lambda"":1.0,""subsample"":0.7}",9618,3,240,60,86,1382.9123060333964,37.18752890463947,3,0.1,1,1.0,0.7,1.0,1.0,0.1,0.13486479301843776,0.031233670237096858,0.44359836088072263,0.0036012859997157113,0.18328242392237498,0.009341868025618429,0.06359428657006494,0.1173827147186676,0.002399743983460583,0.0018268839759218803,0.003432236518815045,0.005441732149103582
screen,56,"{""colsample_bytree"":1.0,""gamma"":1.0,""learning_rate"":0.1,""max_depth"":3,""min_child_weight"":1,""reg_alpha"":0.1,""reg_lambda"":1.0,""subsample"":0.7}",9618,4,240,60,71,2055.7288042113164,45.3401456130361,3,0.1,1,1.0,0.7,1.0,1.0,0.1,0.18188517457998235,0.017833606555349036,0.43637464227558065,0.0011623488045487248,0.17050452730856666,0.00600547839514204,0.09876027240760082,0.07895625206246192,0.0013676704006226619,7.422525851357937e-05,0.002575357392962744,0.004500444558668831
screen,56,"{""colsample_bytree"":1.0,""gamma"":1.0,""learning_rate"":0.1,""max_depth"":3,""min_child_weight"":1,""reg_alpha"":0.1,""reg_lambda"":1.0,""subsample"":0.7}",9618,5,240,60,173,1906.6935870613147,43.665702640187924,3,0.1,1,1.0,0.7,1.0,1.0,0.1,0.16236823676629827,0.027893312751390235,0.4114431008806923,0.0059318555158694745,0.16918610062220799,0.010260608874281216,0.09962015200075586,0.09334466154663872,0.001947437939450897,0.0013503070149005025,0.0037539119551457585,0.01290031413236877
screen,57,"{""colsample_bytree"":0.7,""gamma"":0.1,""learning_rate"":0.1,""max_depth"":2,""min_child_weight"":10,""reg_alpha"":1.0,""reg_lambda"":1.0,""subsample"":1.0}",9618,1,240,60,86,849.2221517836759,29.14141643406641,2,0.1,10,0.1,1.0,0.7,1.0,1.0,0.19379423006508642,0.008040815180227763,0.30628543423355997,0.0005141292240251507,0.2256205055651102,0.004332532705758846,0.17281048464538587,0.08327619343136915,0.0,0.0,0.002410012412722587,0.0029156625367540087
screen,57,"{""colsample_bytree"":0.7,""gamma"":0.1,""learning_rate"":0.1,""max_depth"":2,""min_child_weight"":10,""reg_alpha"":1.0,""reg_lambda"":1.0,""subsample"":1.0}",9618,2,240,60,205,1515.7646864261578,38.93282273899695,2,0.1,10,0.1,1.0,0.7,1.0,1.0,0.22460711488470364,0.012557011405814568,0.3548556146676858,0.0028095150258967525,0.23016203952496944,0.006206784923344339,0.08270467668891818,0.07857460857264524,0.0001350061322196991,0.0002993026008548583,0.004301934679583138,0.0027863908933643653
screen,57,"{""colsample_bytree"":0.7,""gamma"":0.1,""learning_rate"":0.1,""max_depth"":2,""min_child_weight"":10,""reg_alpha"":1.0,""reg_lambda"":1.0,""subsample"":1.0}",9618,3,240,60,51,1840.1385002164873,42.89683555014854,2,0.1,10,0.1,1.0,0.7,1.0,1.0,0.14577491539707513,0.013542379498427187,0.4561731050469273,0.00042625751345657336,0.1822390958112646,0.005150023885705339,0.07201525084482657,0.12403453709565088,0.0006444349066663759,0.0,0.0,0.0
screen,57,"{""colsample_bytree"":0.7,""gamma"":0.1,""learning_rate"":0.1,""max_depth"":2,""min_child_weight"":10,""reg_alpha"":1.0,""reg_lambda"":1.0,""subsample"":1.0}",9618,4,240,60,279,1967.4407495463904,44.35584233837061,2,0.1,10,0.1,1.0,0.7,1.0,1.0,0.19536742826143233,0.015335843494703192,0.32311201598695666,0.0001996486261906174,0.2335312248383226,0.006391993714313217,0.1255619453568853,0.088250743895625,0.00019714798151316783,0.00022039485196595065,0.009028603030721333,0.0028030099613705972
screen,57,"{""colsample_bytree"":0.7,""gamma"":0.1,""learning_rate"":0.1,""max_depth"":2,""min_child_weight"":10,""reg_alpha"":1.0,""reg_lambda"":1.0,""subsample"":1.0}",9618,5,240,60,128,1679.3673775298428,40.98008513326739,2,0.1,10,0.1,1.0,0.7,1.0,1.0,0.16266813200888275,0.00957992294514246,0.36910436681627706,0.0020388874765109983,0.25143828126026063,0.006340740850927779,0.09718563029407522,0.09296009922189646,0.0006269602704012618,0.0,0.0008426827973501531,0.007214296058275215
screen,58,"{""colsample_bytree"":0.85,""gamma"":1.0,""learning_rate"":0.05,""max_depth"":3,""min_child_weight"":1,""reg_alpha"":0.0,""reg_lambda"":10.0,""subsample"":0.85}",9618,1,240,60,166,921.8469956242376,30.361933331463554,3,0.05,1,1.0,0.85,0.85,10.0,0.0,0.1488792492175179,0.011798605535369803,0.431953904985868,0.0024828177393649824,0.20414302847575455,0.007937890730469153,0.09355663657514877,0.0856695575130298,0.0009661616464156489,0.003308259904538625,0.0017938463895504912,0.007510041286972288
screen,58,"{""colsample_bytree"":0.85,""gamma"":1.0,""learning_rate"":0.05,""max_depth"":3,""min_child_weight"":1,""reg_alpha"":0.0,""reg_lambda"":10.0,""subsample"":0.85}",9618,2,240,60,458,1809.8144693027089,42.541914264672066,3,0.05,1,1.0,0.85,0.85,10.0,0.0,0.14434908963458654,0.014763577979391717,0.42005959383017294,0.0033680905524673455,0.26361586729006514,0.005446787885492481,0.07346601959739892,0.060330524025251075,0.0005379533339569947,0.002223027979842725,0.004198418152047927,0.007641049739326172
screen,58,"{""colsample_bytree"":0.85,""gamma"":1.0,""learning_rate"":0.05,""max_depth"":3,""min_child_weight"":1,""reg_alpha"":0.0,""reg_lambda"":10.0,""subsample"":0.85}",9618,3,240,60,153,1668.9302167294907,40.85254235331616,3,0.05,1,1.0,0.85,0.85,10.0,0.0,0.11794451788118081,0.02312558827937799,0.49169053259412476,0.002130930809821331,0.18851274689517158,0.006439752308362862,0.057761140372705744,0.10470167680709193,0.0013049377992696198,0.0005158842724032961,0.0026558414855735184,0.0032164504949165553
screen,58,"{""colsample_bytree"":0.85,""gamma"":1.0,""learning_rate"":0.05,""max_depth"":3,""min_child_weight"":1,""reg_alpha"":0.0,""reg_lambda"":10.0,""subsample"":0.85}",9618,4,240,60,579,2224.6564002991217,47.166263370115736,3,0.05,1,1.0,0.85,0.85,10.0,0.0,0.14582714109780898,0.026084105947373787,0.4425117090131994,0.0014302780794460442,0.19885722706007358,0.01065992762499901,0.09931653622238201,0.06132500610369001,0.002238605107631852,0.001514171748493133,0.005240206458112007,0.00499508553679017
screen,58,"{""colsample_bytree"":0.85,""gamma"":1.0,""learning_rate"":0.05,""max_depth"":3,""min_child_weight"":1,""reg_alpha"":0.0,""reg_lambda"":10.0,""subsample"":0.85}",9618,5,240,60,438,1757.2024657955078,41.91899886442313,3,0.05,1,1.0,0.85,0.85,10.0,0.0,0.1545377443123807,0.01713316592985153,0.39737443078599816,0.0048125816121695275,0.2480170031580595,0.005950963183393556,0.08309211819138604,0.07227800695607103,0.0019014658706111563,0.0018589618653088993,0.004655969444953471,0.008387588689816422
screen,59,"{""colsample_bytree"":0.85,""gamma"":1.0,""learning_rate"":0.05,""max_depth"":2,""min_child_weight"":1,""reg_alpha"":0.1,""reg_lambda"":5.0,""subsample"":0.7}",9618,1,240,60,128,862.2677674931152,29.36439625623376,2,0.05,1,1.0,0.7,0.85,5.0,0.1,0.17821544034799558,0.014459933846656397,0.3732370331320174,0.001160609966003679,0.20828782902125967,0.006281515437559489,0.12466595360787149,0.08617847466895869,0.0,0.0003781388366330235,0.0004287954942876541,0.006706275640756954
screen,59,"{""colsample_bytree"":0.85,""gamma"":1.0,""learning_rate"":0.05,""max_depth"":2,""min_child_weight"":1,""reg_alpha"":0.1,""reg_lambda"":5.0,""subsample"":0.7}",9618,2,240,60,353,1693.7476457794537,41.15516548113315,2,0.05,1,1.0,0.7,0.85,5.0,0.1,0.19587359838932072,0.014650769496389876,0.36870599522516145,0.002512351621526953,0.2406957539204284,0.004149225559110295,0.08280803220908392,0.07487441626490551,0.0003448999945871078,0.0013108312208239322,0.004491061436455687,0.009583064662206106
screen,59,"{""colsample_bytree"":0.85,""gamma"":1.0,""learning_rate"":0.05,""max_depth"":2,""min_child_weight"":1,""reg_alpha"":0.1,""reg_lambda"":5.0,""subsample"":0.7}",9618,3,240,60,279,1293.288507113944,35.96232065807133,2,0.05,1,1.0,0.7,0.85,5.0,0.1,0.1407056190791124,0.027456333425210096,0.4153191117395187,0.0019740606742609636,0.19547020402939622,0.010210820161601233,0.07423262563549558,0.12273987647104088,0.0011156755582633427,0.0009598095425268311,0.004613270419030732,0.00520259326454304
screen,59,"{""colsample_bytree"":0.85,""gamma"":1.0,""learning_rate"":0.05,""max_depth"":2,""min_child_weight"":1,""reg_alpha"":0.1,""reg_lambda"":5.0,""subsample"":0.7}",9618,4,240,60,406,2048.868186301065,45.26442517365116,2,0.05,1,1.0,0.7,0.85,5.0,0.1,0.185140956483564,0.0184197285531058,0.3778094764333293,0.0012490342211781272,0.18685957397317052,0.01109729577475758,0.12965283035247857,0.07434757493038417,0.0019421904253403093,0.00041323764781465424,0.009084186246623127,0.003983914958253866
screen,59,"{""colsample_bytree"":0.85,""gamma"":1.0,""learning_rate"":0.05,""max_depth"":2,""min_child_weight"":1,""reg_alpha"":0.1,""reg_lambda"":5.0,""subsample"":0.7}",9618,5,240,60,444,1751.0445104432752,41.845483752052324,2,0.05,1,1.0,0.7,0.85,5.0,0.1,0.16597618641568462,0.018332286245790287,0.34492672058814483,0.0029258969894738786,0.23221467874337862,0.01141460697800401,0.10752721810680424,0.10272615657485144,0.0006368693155846937,0.0011858656290044778,0.003813381520866613,0.008320132892412256
