stage,candidate_id,config_key,cv_seed,fold,n_train,n_validation,best_n_estimators,mse,rmse,max_depth,learning_rate,min_child_weight,gamma,subsample,colsample_bytree,reg_lambda,reg_alpha,mdi_GrLivArea,mdi_LotArea,mdi_OverallQual,mdi_OverallCond,mdi_YearBuilt,mdi_YearRemodAdd,mdi_TotalBsmtSF,mdi_GarageArea,mdi_BedroomAbvGr,mdi_Fireplaces,mdi_WoodDeckSF,mdi_OpenPorchSF
repeated,22,"{""colsample_bytree"":0.85,""gamma"":0.1,""learning_rate"":0.05,""max_depth"":1,""min_child_weight"":1,""reg_alpha"":1.0,""reg_lambda"":1.0,""subsample"":0.85}",0,1,240,60,206,1252.195557299462,35.386375306033564,1,0.05,1,0.1,0.85,0.85,1.0,1.0,0.21660784628939223,0.000409657488141737,0.3674077116316837,0.0,0.19171288636638825,0.0033881022357907073,0.10704486523636886,0.11329247060431737,0.0001364601479171914,0.0,0.0,0.0
repeated,22,"{""colsample_bytree"":0.85,""gamma"":0.1,""learning_rate"":0.05,""max_depth"":1,""min_child_weight"":1,""reg_alpha"":1.0,""reg_lambda"":1.0,""subsample"":0.85}",0,2,240,60,353,1165.8088608353303,34.14394325257893,1,0.05,1,0.1,0.85,0.85,1.0,1.0,0.20829615947883431,0.004796386769307006,0.33312260038754987,0.0,0.2478179737311002,0.002675251231147717,0.10502453162657557,0.0937887516359879,0.0,0.0006995938880608264,0.0004768358830599984,0.00330191536837659
repeated,22,"{""colsample_bytree"":0.85,""gamma"":0.1,""learning_rate"":0.05,""max_depth"":1,""min_child_weight"":1,""reg_alpha"":1.0,""reg_lambda"":1.0,""subsample"":0.85}",0,3,240,60,341,1572.9047581899172,39.659863315320656,1,0.05,1,0.1,0.85,0.85,1.0,1.0,0.17618697891281884,0.012598717460893461,0.3863481901588191,0.0002013833713326796,0.15678496864299024,0.0022725737269872646,0.11903286438950277,0.1446540008909414,0.001246494407752607,0.0,0.0005972480382476263,7.657999971399945e-05
repeated,22,"{""colsample_bytree"":0.85,""gamma"":0.1,""learning_rate"":0.05,""max_depth"":1,""min_child_weight"":1,""reg_alpha"":1.0,""reg_lambda"":1.0,""subsample"":0.85}",0,4,240,60,458,846.6184063158819,29.096707826073416,1,0.05,1,0.1,0.85,0.85,1.0,1.0,0.23185632308598694,0.0058018481646144445,0.30334114523715067,0.0004661352690032479,0.21250204889588448,0.006001768033499565,0.09776785706300006,0.1377913359559601,0.00017443801053554914,8.376658065066616e-05,0.001590045986030181,0.0026232877176841133
repeated,22,"{""colsample_bytree"":0.85,""gamma"":0.1,""learning_rate"":0.05,""max_depth"":1,""min_child_weight"":1,""reg_alpha"":1.0,""reg_lambda"":1.0,""subsample"":0.85}",0,5,240,60,141,1542.3969619875556,39.27336198987242,1,0.05,1,0.1,0.85,0.85,1.0,1.0,0.2499427366267938,0.0005553165678378999,0.3764635781195847,0.0,0.1631367279926187,0.0007315555676799989,0.10110649846132813,0.10806358666415677,0.0,0.0,0.0,0.0
repeated,22,"{""colsample_bytree"":0.85,""gamma"":0.1,""learning_rate"":0.05,""max_depth"":1,""min_child_weight"":1,""reg_alpha"":1.0,""reg_lambda"":1.0,""subsample"":0.85}",42,1,240,60,140,1102.622082392673,33.20575375432205,1,0.05,1,0.1,0.85,0.85,1.0,1.0,0.16951340750650193,0.0005961873587563691,0.4730984008497757,0.0,0.12702519074635388,0.004855818369324946,0.10683989832519504,0.11807109684409214,0.0,0.0,0.0,0.0
repeated,22,"{""colsample_bytree"":0.85,""gamma"":0.1,""learning_rate"":0.05,""max_depth"":1,""min_child_weight"":1,""reg_alpha"":1.0,""reg_lambda"":1.0,""subsample"":0.85}",42,2,240,60,344,1317.701080664835,36.30015262591653,1,0.05,1,0.1,0.85,0.85,1.0,1.0,0.23261312387207378,0.003572732100351718,0.2925083395333983,7.314595445577759e-05,0.23703663508221567,0.008807341772883746,0.11843535048452122,0.10283575311672198,0.0,0.0002661653012151014,0.0014405440437481952,0.0024108687384145344
repeated,22,"{""colsample_bytree"":0.85,""gamma"":0.1,""learning_rate"":0.05,""max_depth"":1,""min_child_weight"":1,""reg_alpha"":1.0,""reg_lambda"":1.0,""subsample"":0.85}",42,3,240,60,602,1340.6251185572394,36.61454790868296,1,0.05,1,0.1,0.85,0.85,1.0,1.0,0.21037842433545345,0.007659873183337633,0.3635085031839808,0.000633586903842109,0.14656784242771875,0.002707355549246625,0.10793380549668605,0.15786847754516492,0.00023090281747035227,0.0,0.00138716660548039,0.0011240619516189128
repeated,22,"{""colsample_bytree"":0.85,""gamma"":0.1,""learning_rate"":0.05,""max_depth"":1,""min_child_weight"":1,""reg_alpha"":1.0,""reg_lambda"":1.0,""subsample"":0.85}",42,4,240,60,300,1110.3243669581166,33.32153008128703,1,0.05,1,0.1,0.85,0.85,1.0,1.0,0.23434882250934178,0.002668659311008949,0.34913376622044817,0.0001539332438051333,0.17029670909088432,0.00318030826035335,0.11254714032029293,0.12548196310007165,0.0,0.0,0.0012076729525403553,0.0009810249912533635
repeated,22,"{""colsample_bytree"":0.85,""gamma"":0.1,""learning_rate"":0.05,""max_depth"":1,""min_child_weight"":1,""reg_alpha"":1.0,""reg_lambda"":1.0,""subsample"":0.85}",42,5,240,60,520,1808.639076881057,42.52809749896011,1,0.05,1,0.1,0.85,0.85,1.0,1.0,0.20445348264751664,0.012477938402558062,0.4040769020869521,0.0004529998449987171,0.15696281406055984,0.001491397997140895,0.119789486549358,0.09325319531723925,0.0013589514509804777,0.0006965825515794134,0.0020570815245201306,0.002929167566596451
repeated,22,"{""colsample_bytree"":0.85,""gamma"":0.1,""learning_rate"":0.05,""max_depth"":1,""min_child_weight"":1,""reg_alpha"":1.0,""reg_lambda"":1.0,""subsample"":0.85}",2026,1,240,60,234,1358.5807265147891,36.85893007826989,1,0.05,1,0.1,0.85,0.85,1.0,1.0,0.20628959699225433,0.0036765990678311747,0.3695883279287887,0.0,0.1749917713264646,0.003719335884328339,0.1319427643838634,0.1097916044164694,0.0,0.0,0.0,0.0
repeated,22,"{""colsample_bytree"":0.85,""gamma"":0.1,""learning_rate"":0.05,""max_depth"":1,""min_child_weight"":1,""reg_alpha"":1.0,""reg_lambda"":1.0,""subsample"":0.85}",2026,2,240,60,159,1735.5765620039724,41.6602515835415,1,0.05,1,0.1,0.85,0.85,1.0,1.0,0.24583952722318217,0.00378148969698889,0.3844516640010819,0.0,0.15894319243080093,0.0,0.11683429802035272,0.08864814507524853,0.0,0.0,0.0,0.0015016835523448606
repeated,22,"{""colsample_bytree"":0.85,""gamma"":0.1,""learning_rate"":0.05,""max_depth"":1,""min_child_weight"":1,""reg_alpha"":1.0,""reg_lambda"":1.0,""subsample"":0.85}",2026,3,240,60,371,1399.3727452989176,37.40819088513795,1,0.05,1,0.1,0.85,0.85,1.0,1.0,0.22189501088293834,0.005448652968810002,0.36321858063335716,0.0007840828501765988,0.1667607208812084,0.006885904961621553,0.09170220272487487,0.13996326813077659,0.00047390836235304497,0.0002008060034131896,0.0017197859280491073,0.0009470756724211204
repeated,22,"{""colsample_bytree"":0.85,""gamma"":0.1,""learning_rate"":0.05,""max_depth"":1,""min_child_weight"":1,""reg_alpha"":1.0,""reg_lambda"":1.0,""subsample"":0.85}",2026,4,240,60,500,1096.3119496438592,33.11060177109228,1,0.05,1,0.1,0.85,0.85,1.0,1.0,0.19718588533801334,0.006415759315055924,0.394003809987267,6.045144908802675e-05,0.16972057946953253,0.004581280284155578,0.08906884571341549,0.1356190429850531,0.00030594053320883666,7.21039625966239e-05,0.002428959182591357,0.0005373417800222117
repeated,22,"{""colsample_bytree"":0.85,""gamma"":0.1,""learning_rate"":0.05,""max_depth"":1,""min_child_weight"":1,""reg_alpha"":1.0,""reg_lambda"":1.0,""subsample"":0.85}",2026,5,240,60,332,1442.0963041958587,37.97494310984361,1,0.05,1,0.1,0.85,0.85,1.0,1.0,0.2173676009962239,0.007596484599370456,0.3218540922542607,0.00019396184650869895,0.234081380313245,0.0034540180642085787,0.1050631858287586,0.109055192200669,0.0,0.000247522655409106,0.0002783944720542274,0.0008081667692917085
repeated,22,"{""colsample_bytree"":0.85,""gamma"":0.1,""learning_rate"":0.05,""max_depth"":1,""min_child_weight"":1,""reg_alpha"":1.0,""reg_lambda"":1.0,""subsample"":0.85}",9618,1,240,60,332,795.8279868893372,28.210423373096287,1,0.05,1,0.1,0.85,0.85,1.0,1.0,0.21007861052456792,0.0033138478018287297,0.34046456583955315,0.0006561683148541424,0.18249690996448287,0.0012421398438337502,0.1315189401031421,0.12663081705859033,0.0,0.0006250589073006154,0.0004152798896053712,0.0025576617522410513
repeated,22,"{""colsample_bytree"":0.85,""gamma"":0.1,""learning_rate"":0.05,""max_depth"":1,""min_child_weight"":1,""reg_alpha"":1.0,""reg_lambda"":1.0,""subsample"":0.85}",9618,2,240,60,705,1680.4962293516717,40.99385599515703,1,0.05,1,0.1,0.85,0.85,1.0,1.0,0.24341439604013979,0.007786691532328665,0.34850491971895126,0.0010401307761550437,0.21699018945389764,0.0068940888757241135,0.0871575129350327,0.07983785394913173,0.00017136000934259214,0.0011624747325295179,0.003419521531361301,0.0036208604454057033
repeated,22,"{""colsample_bytree"":0.85,""gamma"":0.1,""learning_rate"":0.05,""max_depth"":1,""min_child_weight"":1,""reg_alpha"":1.0,""reg_lambda"":1.0,""subsample"":0.85}",9618,3,240,60,547,1289.4512390549858,35.908929795455975,1,0.05,1,0.1,0.85,0.85,1.0,1.0,0.17634127903711036,0.017299818063896296,0.4199907868173887,0.00045932960408674164,0.15039303140346008,0.004334054112784979,0.07094863465499178,0.1557795065548333,0.0,0.0004939895328205304,0.0019681453771987897,0.001991424841428434
repeated,22,"{""colsample_bytree"":0.85,""gamma"":0.1,""learning_rate"":0.05,""max_depth"":1,""min_child_weight"":1,""reg_alpha"":1.0,""reg_lambda"":1.0,""subsample"":0.85}",9618,4,240,60,401,1913.5160503800146,43.743754415687896,1,0.05,1,0.1,0.85,0.85,1.0,1.0,0.21203000781982453,0.005139083280067047,0.36936865602574875,0.0,0.16331569410591795,0.0031159535474020303,0.14303506314907283,0.09996889799778494,0.0018314844213217663,0.0,0.0014954464164905431,0.0006997132363696247
repeated,22,"{""colsample_bytree"":0.85,""gamma"":0.1,""learning_rate"":0.05,""max_depth"":1,""min_child_weight"":1,""reg_alpha"":1.0,""reg_lambda"":1.0,""subsample"":0.85}",9618,5,240,60,690,1612.2524998420363,40.15286415490228,1,0.05,1,0.1,0.85,0.85,1.0,1.0,0.2159486939061172,0.009691850275399278,0.354839313596091,0.0003201467053053367,0.19305835416241238,0.0016200845686672387,0.10330636379006987,0.11557840497600148,0.0,0.0006095247137509364,0.0015981426691744605,0.0034291206370108246
repeated,22,"{""colsample_bytree"":0.85,""gamma"":0.1,""learning_rate"":0.05,""max_depth"":1,""min_child_weight"":1,""reg_alpha"":1.0,""reg_lambda"":1.0,""subsample"":0.85}",19618,1,240,60,744,1723.249726653023,41.512043151994135,1,0.05,1,0.1,0.85,0.85,1.0,1.0,0.1893821056754186,0.012988076570583802,0.41110773343636825,0.0006467877463040796,0.15828204293348533,0.006590810763579249,0.09942011864035612,0.11357067756235469,0.0007027064176494997,0.0004849650981272435,0.0038200939088361727,0.0030038812469369894
repeated,22,"{""colsample_bytree"":0.85,""gamma"":0.1,""learning_rate"":0.05,""max_depth"":1,""min_child_weight"":1,""reg_alpha"":1.0,""reg_lambda"":1.0,""subsample"":0.85}",19618,2,240,60,298,1043.9162812495877,32.30969330169489,1,0.05,1,0.1,0.85,0.85,1.0,1.0,0.19500157873704607,0.002163945036559159,0.3769978483568063,0.0,0.19072822487927452,0.003685468130585438,0.12710953945587833,0.10289258321220125,0.0,0.0,0.00011230979692399671,0.0013085023947249795
repeated,22,"{""colsample_bytree"":0.85,""gamma"":0.1,""learning_rate"":0.05,""max_depth"":1,""min_child_weight"":1,""reg_alpha"":1.0,""reg_lambda"":1.0,""subsample"":0.85}",19618,3,240,60,221,1132.7304802978795,33.65606156842894,1,0.05,1,0.1,0.85,0.85,1.0,1.0,0.21419965368114574,0.00130357434051331,0.39743396250210594,0.0016445376858073549,0.1950075798971214,0.0011137477037474267,0.09850408796077967,0.0879667461768737,0.00033602295248798,0.0,0.0004983895967288976,0.0019916975026885897
repeated,22,"{""colsample_bytree"":0.85,""gamma"":0.1,""learning_rate"":0.05,""max_depth"":1,""min_child_weight"":1,""reg_alpha"":1.0,""reg_lambda"":1.0,""subsample"":0.85}",19618,4,240,60,157,1682.7045848034961,41.0207823524064,1,0.05,1,0.1,0.85,0.85,1.0,1.0,0.24215418646102824,0.01020557558414439,0.36889653894206853,0.0,0.13708738114928884,0.006375369262309686,0.11344119848364545,0.1218397501175149,0.0,0.0,0.0,0.0
repeated,22,"{""colsample_bytree"":0.85,""gamma"":0.1,""learning_rate"":0.05,""max_depth"":1,""min_child_weight"":1,""reg_alpha"":1.0,""reg_lambda"":1.0,""subsample"":0.85}",19618,5,240,60,816,1382.3338956760092,37.17975115134593,1,0.05,1,0.1,0.85,0.85,1.0,1.0,0.22644591065517553,0.010472631247618491,0.369706194884117,0.0032419783577955063,0.14402345558778645,0.002418721630129558,0.10679861862848856,0.1302613645384376,0.0003303925216695436,0.0019489696943217852,0.0025062438879947593,0.0018455183664652162
repeated,22,"{""colsample_bytree"":0.85,""gamma"":0.1,""learning_rate"":0.05,""max_depth"":1,""min_child_weight"":1,""reg_alpha"":1.0,""reg_lambda"":1.0,""subsample"":0.85}",31415,1,240,60,528,1189.5843776641325,34.49035195042423,1,0.05,1,0.1,0.85,0.85,1.0,1.0,0.21703634116931836,0.007960753900143017,0.3343524662624036,0.0011426463275501658,0.18671638243353245,0.007281343505702723,0.09814620793475994,0.14357520820323247,7.333477590685424e-05,0.00012581125110655228,0.0012214864924192527,0.002368017743924586
repeated,22,"{""colsample_bytree"":0.85,""gamma"":0.1,""learning_rate"":0.05,""max_depth"":1,""min_child_weight"":1,""reg_alpha"":1.0,""reg_lambda"":1.0,""subsample"":0.85}",31415,2,240,60,1060,1540.7328869415835,39.252170474275474,1,0.05,1,0.1,0.85,0.85,1.0,1.0,0.1982275285874933,0.01606443174742871,0.3379886570339828,0.0015701986228197889,0.2087394498324232,0.003350850155913103,0.11990305934100212,0.10268312065548603,0.0009858728522952431,0.002819247278202718,0.0035621331687958643,0.004105450724157158
repeated,22,"{""colsample_bytree"":0.85,""gamma"":0.1,""learning_rate"":0.05,""max_depth"":1,""min_child_weight"":1,""reg_alpha"":1.0,""reg_lambda"":1.0,""subsample"":0.85}",31415,3,240,60,931,1112.7188430631174,33.357440595212296,1,0.05,1,0.1,0.85,0.85,1.0,1.0,0.21176363619546637,0.014108954412713322,0.42142340154897157,0.0008397933560530691,0.14636920856978172,0.0019109517944188457,0.11369705069905331,0.08375581168218926,0.000617527906925078,0.0011189179454211648,0.0017064051354975921,0.0026883407535086877
repeated,22,"{""colsample_bytree"":0.85,""gamma"":0.1,""learning_rate"":0.05,""max_depth"":1,""min_child_weight"":1,""reg_alpha"":1.0,""reg_lambda"":1.0,""subsample"":0.85}",31415,4,240,60,403,1389.2200396867422,37.27224221437103,1,0.05,1,0.1,0.85,0.85,1.0,1.0,0.2485290931265862,0.002642835566328839,0.327604187134276,0.0,0.20931823590606544,0.0035590534481389573,0.1012252590500352,0.10521492452605505,0.0,0.0007105978573967891,0.0010653897982587973,0.00013042358685867275
repeated,22,"{""colsample_bytree"":0.85,""gamma"":0.1,""learning_rate"":0.05,""max_depth"":1,""min_child_weight"":1,""reg_alpha"":1.0,""reg_lambda"":1.0,""subsample"":0.85}",31415,5,240,60,420,1300.4072073292782,36.061159262137956,1,0.05,1,0.1,0.85,0.85,1.0,1.0,0.18855957771658352,0.0065796531423172,0.40637456084301443,7.576442851763947e-05,0.12392981887818495,0.010547987202463523,0.10538702842053191,0.14896607517948696,8.480374760929853e-05,0.001708497339936794,0.0009928743649133852,0.006793358736440367
repeated,30,"{""colsample_bytree"":1.0,""gamma"":0.5,""learning_rate"":0.03,""max_depth"":1,""min_child_weight"":5,""reg_alpha"":0.1,""reg_lambda"":5.0,""subsample"":0.85}",0,1,240,60,560,1294.4108541313717,35.97792175948149,1,0.03,5,0.5,0.85,1.0,5.0,0.1,0.2136943472964768,0.004621731925563462,0.365863021107685,0.0006268403330597713,0.18665221774016774,0.0064985803247153045,0.10889325248823714,0.11086738383593929,0.0012452539575207387,0.0,0.0007663071349409942,0.00027106385569377196
repeated,30,"{""colsample_bytree"":1.0,""gamma"":0.5,""learning_rate"":0.03,""max_depth"":1,""min_child_weight"":5,""reg_alpha"":0.1,""reg_lambda"":5.0,""subsample"":0.85}",0,2,240,60,917,1152.8352867409255,33.95342820306847,1,0.03,5,0.5,0.85,1.0,5.0,0.1,0.21167133200465468,0.008083644043914172,0.3254536323868589,0.0006576294865816421,0.23290525908233137,0.003670454503826245,0.11659885796780196,0.09342153673004647,0.00010561638317754567,3.9595925684404105e-05,0.001649187713003015,0.005743253772119551
repeated,30,"{""colsample_bytree"":1.0,""gamma"":0.5,""learning_rate"":0.03,""max_depth"":1,""min_child_weight"":5,""reg_alpha"":0.1,""reg_lambda"":5.0,""subsample"":0.85}",0,3,240,60,900,1651.1679589032751,40.63456606023097,1,0.03,5,0.5,0.85,1.0,5.0,0.1,0.176987675264356,0.014564042013604273,0.35899918145849363,0.00015802905240449048,0.17238748978978813,0.002548506651255238,0.1340829999655405,0.13563281917960518,0.002240394274259451,3.0149597008610034e-05,0.0015374464317317769,0.0008312663219527489
repeated,30,"{""colsample_bytree"":1.0,""gamma"":0.5,""learning_rate"":0.03,""max_depth"":1,""min_child_weight"":5,""reg_alpha"":0.1,""reg_lambda"":5.0,""subsample"":0.85}",0,4,240,60,714,773.3983972418168,27.8100413024112,1,0.03,5,0.5,0.85,1.0,5.0,0.1,0.2260501152435578,0.005197743482232706,0.3005354494468518,0.0014666987634259175,0.21154807702769277,0.007179321122905103,0.11401526274210293,0.12946324179359608,0.001490104232832997,0.0,0.00112012452838278,0.0019338616164191382
repeated,30,"{""colsample_bytree"":1.0,""gamma"":0.5,""learning_rate"":0.03,""max_depth"":1,""min_child_weight"":5,""reg_alpha"":0.1,""reg_lambda"":5.0,""subsample"":0.85}",0,5,240,60,477,1534.2019743824458,39.16889038998227,1,0.03,5,0.5,0.85,1.0,5.0,0.1,0.24306268062225575,0.0012917689896580866,0.39552874919793707,0.00015783066931564422,0.14313175271887887,0.001458350818949471,0.10981017077989529,0.10456529948263885,0.0003732262315481818,0.0001141667237248924,0.0,0.0005060037651979036
repeated,30,"{""colsample_bytree"":1.0,""gamma"":0.5,""learning_rate"":0.03,""max_depth"":1,""min_child_weight"":5,""reg_alpha"":0.1,""reg_lambda"":5.0,""subsample"":0.85}",42,1,240,60,208,1194.573561241434,34.56260350785852,1,0.03,5,0.5,0.85,1.0,5.0,0.1,0.18178903896766296,0.0,0.42914023491719094,0.0,0.15420495272275792,0.0034075437217897064,0.10422115721744633,0.12723707245315216,0.0,0.0,0.0,0.0
repeated,30,"{""colsample_bytree"":1.0,""gamma"":0.5,""learning_rate"":0.03,""max_depth"":1,""min_child_weight"":5,""reg_alpha"":0.1,""reg_lambda"":5.0,""subsample"":0.85}",42,2,240,60,774,1394.2695287062224,37.33991870245867,1,0.03,5,0.5,0.85,1.0,5.0,0.1,0.2366328046844514,0.0051617608338548875,0.26445178148894144,0.0012936801801406927,0.2584097570302862,0.010184573726311532,0.12079445064142084,0.096767061688156,0.0016248501752514472,0.00022111394266714437,0.0021413532298451173,0.0023168123786733445
repeated,30,"{""colsample_bytree"":1.0,""gamma"":0.5,""learning_rate"":0.03,""max_depth"":1,""min_child_weight"":5,""reg_alpha"":0.1,""reg_lambda"":5.0,""subsample"":0.85}",42,3,240,60,602,1494.455020787927,38.658181809132294,1,0.03,5,0.5,0.85,1.0,5.0,0.1,0.21064248259994184,0.00577054526897793,0.3289837150448674,0.0,0.17977254761113512,0.0007078402162287832,0.10402305160967405,0.16925451236659544,0.00046972803401179917,0.0,0.0,0.0003755772485675934
repeated,30,"{""colsample_bytree"":1.0,""gamma"":0.5,""learning_rate"":0.03,""max_depth"":1,""min_child_weight"":5,""reg_alpha"":0.1,""reg_lambda"":5.0,""subsample"":0.85}",42,4,240,60,469,1053.2030801563544,32.45309045617003,1,0.03,5,0.5,0.85,1.0,5.0,0.1,0.23439231540202854,0.002740931617887282,0.3491920336866009,0.0,0.16165576486971173,0.003925066204234244,0.12412441446210191,0.12302575954005678,0.0,0.0,0.0006253535102684531,0.0003183607071101592
repeated,30,"{""colsample_bytree"":1.0,""gamma"":0.5,""learning_rate"":0.03,""max_depth"":1,""min_child_weight"":5,""reg_alpha"":0.1,""reg_lambda"":5.0,""subsample"":0.85}",42,5,240,60,1348,1792.2637787035242,42.33513645547306,1,0.03,5,0.5,0.85,1.0,5.0,0.1,0.20684783954414548,0.015631525328860196,0.3727868436440999,0.001649421748120841,0.1733481199443694,0.0018959055768254652,0.12380406229324055,0.09524611343085004,0.0016903557240558562,0.0002203961910766597,0.0038741030662334747,0.0030053135081221016
repeated,30,"{""colsample_bytree"":1.0,""gamma"":0.5,""learning_rate"":0.03,""max_depth"":1,""min_child_weight"":5,""reg_alpha"":0.1,""reg_lambda"":5.0,""subsample"":0.85}",2026,1,240,60,588,1397.6110106938622,37.38463602462731,1,0.03,5,0.5,0.85,1.0,5.0,0.1,0.2031946665926814,0.00697530936329382,0.3566577265929146,0.000139158830861686,0.181226669804268,0.0038682719989016055,0.14718336507025673,0.09987369454069693,0.0,0.0,0.0005341817782926534,0.0003469554278325519
repeated,30,"{""colsample_bytree"":1.0,""gamma"":0.5,""learning_rate"":0.03,""max_depth"":1,""min_child_weight"":5,""reg_alpha"":0.1,""reg_lambda"":5.0,""subsample"":0.85}",2026,2,240,60,724,1609.2484850708368,40.115439484951885,1,0.03,5,0.5,0.85,1.0,5.0,0.1,0.24001331775374363,0.00890276315525595,0.3505637869040161,0.0012853227729317347,0.18238397720363503,0.0027818289231098707,0.12254247222937657,0.086290044047055,0.0012729916128002194,0.0004652209405237483,0.00130813256144977,0.0021901418961024067
repeated,30,"{""colsample_bytree"":1.0,""gamma"":0.5,""learning_rate"":0.03,""max_depth"":1,""min_child_weight"":5,""reg_alpha"":0.1,""reg_lambda"":5.0,""subsample"":0.85}",2026,3,240,60,1396,1523.7110368458475,39.03474140872266,1,0.03,5,0.5,0.85,1.0,5.0,0.1,0.21953356654073133,0.008310149729038234,0.33158071101172476,0.0030166106784084807,0.16589243064572143,0.002765416634243032,0.11178370700151893,0.15000704701835957,0.0012676805715407021,0.0,0.003787739537107261,0.0020549406316062503
repeated,30,"{""colsample_bytree"":1.0,""gamma"":0.5,""learning_rate"":0.03,""max_depth"":1,""min_child_weight"":5,""reg_alpha"":0.1,""reg_lambda"":5.0,""subsample"":0.85}",2026,4,240,60,1068,995.5087092979537,31.55168314524526,1,0.03,5,0.5,0.85,1.0,5.0,0.1,0.19353408625247784,0.007248754782440457,0.3815515477985482,0.0010184188634404453,0.16683370848503304,0.005379895192658697,0.09287453810755239,0.14610897941980544,0.0020410901177374493,0.0,0.0027061601016609856,0.0007028208786450354
repeated,30,"{""colsample_bytree"":1.0,""gamma"":0.5,""learning_rate"":0.03,""max_depth"":1,""min_child_weight"":5,""reg_alpha"":0.1,""reg_lambda"":5.0,""subsample"":0.85}",2026,5,240,60,580,1445.4628302801232,38.01924289462013,1,0.03,5,0.5,0.85,1.0,5.0,0.1,0.2107131556004987,0.005753590128612743,0.3301079265390816,0.0008297780003523243,0.2295765054438812,0.004444273162533951,0.11155997631089694,0.10543827425417991,0.0005886536732827808,0.0,0.000514857790348189,0.00047300909633165363
repeated,30,"{""colsample_bytree"":1.0,""gamma"":0.5,""learning_rate"":0.03,""max_depth"":1,""min_child_weight"":5,""reg_alpha"":0.1,""reg_lambda"":5.0,""subsample"":0.85}",9618,1,240,60,628,795.8903630649236,28.211528903356577,1,0.03,5,0.5,0.85,1.0,5.0,0.1,0.20651385189089264,0.0036454013297431906,0.33278478187304916,0.001781593148309226,0.18393239525909638,0.004763088058092244,0.1373641148097739,0.12611363307736803,0.0007556493144909982,0.0,0.00026683602734226263,0.0020786552118419763
repeated,30,"{""colsample_bytree"":1.0,""gamma"":0.5,""learning_rate"":0.03,""max_depth"":1,""min_child_weight"":5,""reg_alpha"":0.1,""reg_lambda"":5.0,""subsample"":0.85}",9618,2,240,60,1705,1700.2957897486378,41.23464307774032,1,0.03,5,0.5,0.85,1.0,5.0,0.1,0.2427759326053042,0.00959111574249022,0.3477004689850705,0.0019959327597898493,0.1966036960020973,0.005182804298698887,0.10095282936366388,0.08517903445759539,9.659148122721259e-05,0.0005998994001484452,0.005195789380102734,0.004125905523811388
repeated,30,"{""colsample_bytree"":1.0,""gamma"":0.5,""learning_rate"":0.03,""max_depth"":1,""min_child_weight"":5,""reg_alpha"":0.1,""reg_lambda"":5.0,""subsample"":0.85}",9618,3,240,60,548,1393.6328878006234,37.33139279213439,1,0.03,5,0.5,0.85,1.0,5.0,0.1,0.17400718551561487,0.007981749500007202,0.41143574356677826,0.00044002072467763464,0.15502938756911513,0.006327965734502429,0.08340210219253316,0.15893753254065468,0.0012637112686252267,0.00014035463131097087,0.0006806067197575589,0.0003536400364228661
repeated,30,"{""colsample_bytree"":1.0,""gamma"":0.5,""learning_rate"":0.03,""max_depth"":1,""min_child_weight"":5,""reg_alpha"":0.1,""reg_lambda"":5.0,""subsample"":0.85}",9618,4,240,60,1263,1936.9102684029765,44.01034274352992,1,0.03,5,0.5,0.85,1.0,5.0,0.1,0.21679643761959813,0.009559996572916046,0.3470658888816467,3.863935930962151e-05,0.16418410346485393,0.005558213960326007,0.14755730400400613,0.10331810911180568,0.0009724703710629238,2.6736299678764144e-05,0.0038733996798124897,0.0010487006749835591
repeated,30,"{""colsample_bytree"":1.0,""gamma"":0.5,""learning_rate"":0.03,""max_depth"":1,""min_child_weight"":5,""reg_alpha"":0.1,""reg_lambda"":5.0,""subsample"":0.85}",9618,5,240,60,956,1494.1238689729482,38.65389849643821,1,0.03,5,0.5,0.85,1.0,5.0,0.1,0.22071851847000765,0.007705535664366535,0.3249948541429651,0.004651138213960223,0.2019796955089388,0.002463197236744761,0.1130512845009562,0.11958759244440888,0.0007971195778598583,0.0,0.0013076077205625785,0.002743456519229416
repeated,30,"{""colsample_bytree"":1.0,""gamma"":0.5,""learning_rate"":0.03,""max_depth"":1,""min_child_weight"":5,""reg_alpha"":0.1,""reg_lambda"":5.0,""subsample"":0.85}",19618,1,240,60,2439,1551.3341996352754,39.386980077625594,1,0.03,5,0.5,0.85,1.0,5.0,0.1,0.18696788577489304,0.01962564868186837,0.36254789282757677,0.002017642877134784,0.17096866314560863,0.006433033918313097,0.11696665215129226,0.12119039908736802,0.0026475730877824457,0.0005938819344784252,0.006063129120668069,0.003977597393016096
repeated,30,"{""colsample_bytree"":1.0,""gamma"":0.5,""learning_rate"":0.03,""max_depth"":1,""min_child_weight"":5,""reg_alpha"":0.1,""reg_lambda"":5.0,""subsample"":0.85}",19618,2,240,60,669,981.2066340012267,31.324218011009098,1,0.03,5,0.5,0.85,1.0,5.0,0.1,0.20524268733881743,0.004801017687974302,0.31348190719519947,9.988812463455806e-05,0.21919435802949183,0.003355622623208444,0.1352130367900224,0.11477725753347426,0.002211500092716003,0.0,0.000687980716661613,0.0009347438677997012
repeated,30,"{""colsample_bytree"":1.0,""gamma"":0.5,""learning_rate"":0.03,""max_depth"":1,""min_child_weight"":5,""reg_alpha"":0.1,""reg_lambda"":5.0,""subsample"":0.85}",19618,3,240,60,330,1265.4982030116612,35.57384155544157,1,0.03,5,0.5,0.85,1.0,5.0,0.1,0.21735369036590207,0.0006402749476323906,0.36605806522134066,0.0025036811264850392,0.20892379933707989,0.001016861811737747,0.10509621284916586,0.09650097048848477,0.0,0.0,0.0,0.0019064438521715849
repeated,30,"{""colsample_bytree"":1.0,""gamma"":0.5,""learning_rate"":0.03,""max_depth"":1,""min_child_weight"":5,""reg_alpha"":0.1,""reg_lambda"":5.0,""subsample"":0.85}",19618,4,240,60,475,1658.552329339978,40.72532786043568,1,0.03,5,0.5,0.85,1.0,5.0,0.1,0.25091159855058665,0.010941975121776151,0.3430667331211527,0.001778147303415904,0.15215566034624708,0.004499476247995626,0.11989159225945686,0.11515125411615819,0.000489787213567696,0.0,0.00040217383241477424,0.0007116018872283327
repeated,30,"{""colsample_bytree"":1.0,""gamma"":0.5,""learning_rate"":0.03,""max_depth"":1,""min_child_weight"":5,""reg_alpha"":0.1,""reg_lambda"":5.0,""subsample"":0.85}",19618,5,240,60,683,1527.7920027308173,39.0869799643157,1,0.03,5,0.5,0.85,1.0,5.0,0.1,0.22573527750533337,0.00405294864727233,0.3724660764926392,0.000501218384479955,0.14695556899405257,0.002456356308691723,0.11006015384391565,0.13517325777656258,4.23599027891564e-05,0.0004502704612217765,0.0005868125655513969,0.001519699117490297
repeated,30,"{""colsample_bytree"":1.0,""gamma"":0.5,""learning_rate"":0.03,""max_depth"":1,""min_child_weight"":5,""reg_alpha"":0.1,""reg_lambda"":5.0,""subsample"":0.85}",31415,1,240,60,721,1173.6547024672407,34.25864420065746,1,0.03,5,0.5,0.85,1.0,5.0,0.1,0.21543637251898423,0.00397212713693237,0.344481408193765,0.0010889427023187733,0.18841886227710408,0.007279543165020106,0.10900461505976353,0.1279427232930761,0.0003453793537452755,0.0,0.0007028878894158146,0.0013271384098747225
repeated,30,"{""colsample_bytree"":1.0,""gamma"":0.5,""learning_rate"":0.03,""max_depth"":1,""min_child_weight"":5,""reg_alpha"":0.1,""reg_lambda"":5.0,""subsample"":0.85}",31415,2,240,60,1108,1536.056906830374,39.192561881438344,1,0.03,5,0.5,0.85,1.0,5.0,0.1,0.19746710185702215,0.009138732337653815,0.36315394415379976,0.0004980131242402517,0.2009705076890707,0.001599023479512305,0.1253357727823726,0.09246331359306889,0.0003734224275466512,0.0017710957178353741,0.0026113803863871,0.004617692451490371
repeated,30,"{""colsample_bytree"":1.0,""gamma"":0.5,""learning_rate"":0.03,""max_depth"":1,""min_child_weight"":5,""reg_alpha"":0.1,""reg_lambda"":5.0,""subsample"":0.85}",31415,3,240,60,1570,1100.6579842783783,33.176165906843096,1,0.03,5,0.5,0.85,1.0,5.0,0.1,0.22038443987380235,0.013765250111169252,0.3757499715036299,0.002916708354722671,0.16214816765159054,0.0036762543322404377,0.11999744640838308,0.09565850875962914,0.0019452249305316161,0.0008546494422520663,0.0016301554122606623,0.0012732232197883275
repeated,30,"{""colsample_bytree"":1.0,""gamma"":0.5,""learning_rate"":0.03,""max_depth"":1,""min_child_weight"":5,""reg_alpha"":0.1,""reg_lambda"":5.0,""subsample"":0.85}",31415,4,240,60,407,1404.0347306909227,37.470451434309176,1,0.03,5,0.5,0.85,1.0,5.0,0.1,0.24681417326383012,0.0007233764998608148,0.3205028455439225,0.00010636274566587056,0.21499787850530055,0.001829202281200069,0.11109990869967488,0.10384910540096925,0.0,0.0,7.71470595759509e-05,0.0
repeated,30,"{""colsample_bytree"":1.0,""gamma"":0.5,""learning_rate"":0.03,""max_depth"":1,""min_child_weight"":5,""reg_alpha"":0.1,""reg_lambda"":5.0,""subsample"":0.85}",31415,5,240,60,813,1332.827799803171,36.50791420778748,1,0.03,5,0.5,0.85,1.0,5.0,0.1,0.19616733306029258,0.00817745779008771,0.3763043082106453,0.0015815938692988836,0.1357657085575058,0.00892074857917631,0.11142817125004041,0.14858091465569628,0.0024713449871091794,0.001454256587286597,0.001182481328611744,0.007965681124249191
repeated,47,"{""colsample_bytree"":1.0,""gamma"":0.1,""learning_rate"":0.01,""max_depth"":2,""min_child_weight"":5,""reg_alpha"":0.0,""reg_lambda"":1.0,""subsample"":0.7}",0,1,240,60,646,1288.2041585021188,35.89156110427796,2,0.01,5,0.1,0.7,1.0,1.0,0.0,0.17406484360976848,0.008508720339835865,0.39371623324765437,0.0018145158114078234,0.2168837936186834,0.00760011971862663,0.09524959634774742,0.0980486900119513,0.0008886491906354636,0.00034578548092648894,0.0013451686660516046,0.0015338839567111623
repeated,47,"{""colsample_bytree"":1.0,""gamma"":0.1,""learning_rate"":0.01,""max_depth"":2,""min_child_weight"":5,""reg_alpha"":0.0,""reg_lambda"":1.0,""subsample"":0.7}",0,2,240,60,931,1151.4763099776778,33.93340993737113,2,0.01,5,0.1,0.7,1.0,1.0,0.0,0.17751770236878353,0.014206377424063077,0.31729311348493594,0.001912018262248579,0.278637607412836,0.005509695933326313,0.11453099424361096,0.07781469013850356,0.0003374187773577708,0.0004026782076812931,0.0029202535081521686,0.008917450238500824
repeated,47,"{""colsample_bytree"":1.0,""gamma"":0.1,""learning_rate"":0.01,""max_depth"":2,""min_child_weight"":5,""reg_alpha"":0.0,""reg_lambda"":1.0,""subsample"":0.7}",0,3,240,60,862,1687.5784497222505,41.08014666140142,2,0.01,5,0.1,0.7,1.0,1.0,0.0,0.16059402187387933,0.019103059458751837,0.3686950141670774,0.0008629447159319168,0.20602072513992412,0.00687135027043353,0.12211289946669192,0.10823646354675637,0.0008598571092348973,6.50979699678372e-05,0.0031333253217206425,0.003445240959630252
repeated,47,"{""colsample_bytree"":1.0,""gamma"":0.1,""learning_rate"":0.01,""max_depth"":2,""min_child_weight"":5,""reg_alpha"":0.0,""reg_lambda"":1.0,""subsample"":0.7}",0,4,240,60,652,877.3103982083504,29.619426027665533,2,0.01,5,0.1,0.7,1.0,1.0,0.0,0.1867184342428381,0.007065674452157873,0.3169831163650691,0.0024254134875849606,0.2550865960469976,0.005420865960634189,0.09434846433453213,0.1196494336310034,0.001906676935676534,9.080067762944561e-05,0.0017726305449416533,0.008531893320934974
repeated,47,"{""colsample_bytree"":1.0,""gamma"":0.1,""learning_rate"":0.01,""max_depth"":2,""min_child_weight"":5,""reg_alpha"":0.0,""reg_lambda"":1.0,""subsample"":0.7}",0,5,240,60,447,1537.4201528347846,39.209949666312816,2,0.01,5,0.1,0.7,1.0,1.0,0.0,0.21707466608994064,0.004625530813234308,0.4178526673589361,0.0005431826666051818,0.16957545551766237,0.002599803411786496,0.08920419910924868,0.09530994848366152,2.645799032567521e-05,0.0002025827092390844,0.0003132244485828828,0.002672281400777074
repeated,47,"{""colsample_bytree"":1.0,""gamma"":0.1,""learning_rate"":0.01,""max_depth"":2,""min_child_weight"":5,""reg_alpha"":0.0,""reg_lambda"":1.0,""subsample"":0.7}",42,1,240,60,350,1176.7199472084387,34.303351836350316,2,0.01,5,0.1,0.7,1.0,1.0,0.0,0.15726817124865217,0.002402684716076845,0.46939266343102914,0.0003058121833997179,0.16421978525811923,0.006096149603251054,0.09547990850081252,0.1026490803591226,0.0,0.0,0.00014360644619123254,0.002042138253345476
repeated,47,"{""colsample_bytree"":1.0,""gamma"":0.1,""learning_rate"":0.01,""max_depth"":2,""min_child_weight"":5,""reg_alpha"":0.0,""reg_lambda"":1.0,""subsample"":0.7}",42,2,240,60,771,1450.6786261514656,38.08777528487934,2,0.01,5,0.1,0.7,1.0,1.0,0.0,0.1995487286712134,0.010049012809915736,0.25943612430616503,0.0010523348262067272,0.3130578346515911,0.010765134164539815,0.11371415562299146,0.08246852031203504,0.0011911137058272874,0.0007611914140853646,0.0027274946460217244,0.005228354869407382
repeated,47,"{""colsample_bytree"":1.0,""gamma"":0.1,""learning_rate"":0.01,""max_depth"":2,""min_child_weight"":5,""reg_alpha"":0.0,""reg_lambda"":1.0,""subsample"":0.7}",42,3,240,60,602,1477.2103489541755,38.43449425911801,2,0.01,5,0.1,0.7,1.0,1.0,0.0,0.18111533830808052,0.006627746926651372,0.366695230509897,0.00046553237577972814,0.20517268976519326,0.003406761887626812,0.09453358031576074,0.13963354728389382,0.0003828018895404867,3.001615984728438e-05,0.0007241498906050472,0.0012126046871239018
repeated,47,"{""colsample_bytree"":1.0,""gamma"":0.1,""learning_rate"":0.01,""max_depth"":2,""min_child_weight"":5,""reg_alpha"":0.0,""reg_lambda"":1.0,""subsample"":0.7}",42,4,240,60,877,1111.705936243034,33.342254516499544,2,0.01,5,0.1,0.7,1.0,1.0,0.0,0.2096934529630024,0.012615139238851165,0.3557236264397452,0.001353698373420459,0.19222992448332038,0.00502351689327316,0.11536942093123181,0.09827057352030868,0.0004726973037123656,0.00043866902684103383,0.003715620320153641,0.005093660506139723
repeated,47,"{""colsample_bytree"":1.0,""gamma"":0.1,""learning_rate"":0.01,""max_depth"":2,""min_child_weight"":5,""reg_alpha"":0.0,""reg_lambda"":1.0,""subsample"":0.7}",42,5,240,60,1339,1830.619691124001,42.785741680190625,2,0.01,5,0.1,0.7,1.0,1.0,0.0,0.1590997697671412,0.02416714076956798,0.3986392018512732,0.0032282940012665485,0.2000071870136485,0.004519223129385565,0.10401869152679118,0.0919330043690166,0.0015181067389422084,0.0003819509905241056,0.004277836977867527,0.008209592864575383
repeated,47,"{""colsample_bytree"":1.0,""gamma"":0.1,""learning_rate"":0.01,""max_depth"":2,""min_child_weight"":5,""reg_alpha"":0.0,""reg_lambda"":1.0,""subsample"":0.7}",2026,1,240,60,453,1435.9180712156246,37.89350961860916,2,0.01,5,0.1,0.7,1.0,1.0,0.0,0.18241969934802113,0.006492468097438965,0.37484916204331364,0.00045869916703617327,0.2144619467798384,0.004704687468363348,0.13013001568004012,0.084722719400813,3.264559727171857e-05,0.00023923156984334933,0.00036734526692564797,0.0011213795810945176
repeated,47,"{""colsample_bytree"":1.0,""gamma"":0.1,""learning_rate"":0.01,""max_depth"":2,""min_child_weight"":5,""reg_alpha"":0.0,""reg_lambda"":1.0,""subsample"":0.7}",2026,2,240,60,435,1797.5797775846581,42.39787468240193,2,0.01,5,0.1,0.7,1.0,1.0,0.0,0.19306388126155616,0.011033907639337103,0.35479096857277703,0.0004038791389301714,0.23899392076204914,0.0010573205763498579,0.11596240614638195,0.08053105200504276,0.0004949583812451091,0.0,0.00013102995695927523,0.0035366755593714302
repeated,47,"{""colsample_bytree"":1.0,""gamma"":0.1,""learning_rate"":0.01,""max_depth"":2,""min_child_weight"":5,""reg_alpha"":0.0,""reg_lambda"":1.0,""subsample"":0.7}",2026,3,240,60,888,1510.4297704447936,38.864247972201824,2,0.01,5,0.1,0.7,1.0,1.0,0.0,0.1942003058322206,0.011251260155929732,0.37450230900986564,0.002827323630031162,0.18469559397429622,0.004603477997030593,0.09073007721958332,0.12994753039175097,0.0004398007301886595,0.0003025964921800963,0.003195033104664175,0.0033046914622588655
repeated,47,"{""colsample_bytree"":1.0,""gamma"":0.1,""learning_rate"":0.01,""max_depth"":2,""min_child_weight"":5,""reg_alpha"":0.0,""reg_lambda"":1.0,""subsample"":0.7}",2026,4,240,60,745,1077.8588331966314,32.83076047240806,2,0.01,5,0.1,0.7,1.0,1.0,0.0,0.1789306006386351,0.008170101277001967,0.41494370258304486,0.0023336261558236614,0.180241798526791,0.007628913880417547,0.084074404076219,0.11759064859189794,0.0007120488998214332,0.0001540926497879988,0.0022673807512753135,0.002952681969284134
repeated,47,"{""colsample_bytree"":1.0,""gamma"":0.1,""learning_rate"":0.01,""max_depth"":2,""min_child_weight"":5,""reg_alpha"":0.0,""reg_lambda"":1.0,""subsample"":0.7}",2026,5,240,60,621,1478.565853384335,38.452124172590715,2,0.01,5,0.1,0.7,1.0,1.0,0.0,0.18751985444139935,0.015135766163248795,0.3210871328555061,0.0034650993156814707,0.27831211091580454,0.006312899198558543,0.09519744375546389,0.08600008208771863,0.0024265286741212855,0.00010239034937096071,0.0011396693025254431,0.0033010229406009676
repeated,47,"{""colsample_bytree"":1.0,""gamma"":0.1,""learning_rate"":0.01,""max_depth"":2,""min_child_weight"":5,""reg_alpha"":0.0,""reg_lambda"":1.0,""subsample"":0.7}",9618,1,240,60,668,805.0325881099462,28.373096202387682,2,0.01,5,0.1,0.7,1.0,1.0,0.0,0.17909085026097635,0.0069223287457440075,0.3697439373554324,0.0015024550886039581,0.19417733605642704,0.006188966274800576,0.12986965952136592,0.1053031670467383,0.0014723320806299125,9.599914848032703e-05,0.0012899415432531859,0.004343026877548052
repeated,47,"{""colsample_bytree"":1.0,""gamma"":0.1,""learning_rate"":0.01,""max_depth"":2,""min_child_weight"":5,""reg_alpha"":0.0,""reg_lambda"":1.0,""subsample"":0.7}",9618,2,240,60,918,1602.5905723647545,40.0323690576108,2,0.01,5,0.1,0.7,1.0,1.0,0.0,0.20405992547535637,0.009527484982977744,0.3546823241893117,0.0019426136142787964,0.2533267489936994,0.005745537671507997,0.08765280553247017,0.07357092503599304,0.0006578781605684332,0.0005812141471150824,0.0024998353788193836,0.005752706817901894
repeated,47,"{""colsample_bytree"":1.0,""gamma"":0.1,""learning_rate"":0.01,""max_depth"":2,""min_child_weight"":5,""reg_alpha"":0.0,""reg_lambda"":1.0,""subsample"":0.7}",9618,3,240,60,510,1532.482062174793,39.14692915382755,2,0.01,5,0.1,0.7,1.0,1.0,0.0,0.15227057713329606,0.016814866913150792,0.4070236496950862,0.0007878063961399735,0.20467472137283324,0.005434619945216574,0.06872765406784787,0.1414086243844961,0.0004130205342788268,0.00046766290794523666,0.0008360164003675768,0.0011407802493414944
repeated,47,"{""colsample_bytree"":1.0,""gamma"":0.1,""learning_rate"":0.01,""max_depth"":2,""min_child_weight"":5,""reg_alpha"":0.0,""reg_lambda"":1.0,""subsample"":0.7}",9618,4,240,60,1158,1951.4432875987286,44.175143322899686,2,0.01,5,0.1,0.7,1.0,1.0,0.0,0.19700829115653548,0.015333321381503751,0.3644521958229395,0.0004772585755720745,0.1954548463775716,0.005900335203633283,0.12692811773177648,0.08473692894233702,0.0007867234532528692,0.00036162978853477516,0.005360492718644767,0.0031998588476984183
repeated,47,"{""colsample_bytree"":1.0,""gamma"":0.1,""learning_rate"":0.01,""max_depth"":2,""min_child_weight"":5,""reg_alpha"":0.0,""reg_lambda"":1.0,""subsample"":0.7}",9618,5,240,60,711,1485.906259490362,38.547454643469806,2,0.01,5,0.1,0.7,1.0,1.0,0.0,0.1929706628507535,0.008262568313767286,0.32979979066981896,0.0042082415185801395,0.25312375231229334,0.0035624010912986177,0.10542816803911095,0.09462844293112328,0.0005238877285759332,0.00010334912164707615,0.0007265234810485805,0.0066622119419822955
repeated,47,"{""colsample_bytree"":1.0,""gamma"":0.1,""learning_rate"":0.01,""max_depth"":2,""min_child_weight"":5,""reg_alpha"":0.0,""reg_lambda"":1.0,""subsample"":0.7}",19618,1,240,60,1596,1459.6015003922153,38.204731387515544,2,0.01,5,0.1,0.7,1.0,1.0,0.0,0.1659424574922721,0.021834497676174305,0.3787200881549954,0.004179783447488789,0.20335888678319178,0.007702591154399839,0.10169607009564817,0.10361771757318225,0.0009991328448315617,0.0012850590026887395,0.005090501859615346,0.005573213915511695
repeated,47,"{""colsample_bytree"":1.0,""gamma"":0.1,""learning_rate"":0.01,""max_depth"":2,""min_child_weight"":5,""reg_alpha"":0.0,""reg_lambda"":1.0,""subsample"":0.7}",19618,2,240,60,812,1118.8087475864927,33.44859858927565,2,0.01,5,0.1,0.7,1.0,1.0,0.0,0.18249459441856553,0.010825580982440032,0.3035315085624536,0.0006620327499689322,0.278592719063144,0.00531029184099651,0.10829721897943363,0.10402362912303889,0.0012958208345313083,3.913566893630224e-05,0.0016415801560659257,0.0032858876204253516
repeated,47,"{""colsample_bytree"":1.0,""gamma"":0.1,""learning_rate"":0.01,""max_depth"":2,""min_child_weight"":5,""reg_alpha"":0.0,""reg_lambda"":1.0,""subsample"":0.7}",19618,3,240,60,454,1165.0608853430667,34.132988227564645,2,0.01,5,0.1,0.7,1.0,1.0,0.0,0.1795907148242462,0.002992125219153785,0.39096563161397757,0.002938394562534788,0.2388063378817529,0.0037917930891161124,0.10043255506245174,0.07492739243655373,0.0003156879137924321,0.0,0.000400551666878494,0.004838815729542209
repeated,47,"{""colsample_bytree"":1.0,""gamma"":0.1,""learning_rate"":0.01,""max_depth"":2,""min_child_weight"":5,""reg_alpha"":0.0,""reg_lambda"":1.0,""subsample"":0.7}",19618,4,240,60,401,1689.8741067628487,41.108078363782084,2,0.01,5,0.1,0.7,1.0,1.0,0.0,0.21128077616690893,0.008525001170548458,0.3805494757587177,0.0005659795878095883,0.18089865429732205,0.007502690337644941,0.10604106313120436,0.09938029491021667,0.000519194618810843,6.128442750865591e-05,0.0011919201187039644,0.003483665474603783
repeated,47,"{""colsample_bytree"":1.0,""gamma"":0.1,""learning_rate"":0.01,""max_depth"":2,""min_child_weight"":5,""reg_alpha"":0.0,""reg_lambda"":1.0,""subsample"":0.7}",19618,5,240,60,742,1478.9090488384404,38.456586546889994,2,0.01,5,0.1,0.7,1.0,1.0,0.0,0.19308861385136286,0.008602487878621832,0.39123624940673096,0.0012999916826047077,0.18669739544641759,0.003166164705144111,0.1015641685231582,0.10800946613966594,4.501617606023503e-05,0.0004970964812710375,0.0020130138018189703,0.0037803359071435236
repeated,47,"{""colsample_bytree"":1.0,""gamma"":0.1,""learning_rate"":0.01,""max_depth"":2,""min_child_weight"":5,""reg_alpha"":0.0,""reg_lambda"":1.0,""subsample"":0.7}",31415,1,240,60,807,1317.780223316608,36.301242724135605,2,0.01,5,0.1,0.7,1.0,1.0,0.0,0.19354030892191773,0.009229093877228376,0.32965403459429926,0.0024885695289255066,0.23206034615348267,0.00741335951983708,0.09399923084769798,0.12532411966262133,0.0006257738542365047,0.0002931943741682526,0.0019070039334543984,0.0034649647321309076
repeated,47,"{""colsample_bytree"":1.0,""gamma"":0.1,""learning_rate"":0.01,""max_depth"":2,""min_child_weight"":5,""reg_alpha"":0.0,""reg_lambda"":1.0,""subsample"":0.7}",31415,2,240,60,967,1540.845279668724,39.25360212348319,2,0.01,5,0.1,0.7,1.0,1.0,0.0,0.16924093021602377,0.018211840275323167,0.36529930026621366,0.000962541685511696,0.2394484014318616,0.003700019591983582,0.10880435288095278,0.08003474089384154,0.0002267350636546934,0.001451680600418125,0.004959932658291388,0.007659524435923997
repeated,47,"{""colsample_bytree"":1.0,""gamma"":0.1,""learning_rate"":0.01,""max_depth"":2,""min_child_weight"":5,""reg_alpha"":0.0,""reg_lambda"":1.0,""subsample"":0.7}",31415,3,240,60,1005,1162.3981177876583,34.09396013647664,2,0.01,5,0.1,0.7,1.0,1.0,0.0,0.19093353531441826,0.013315345342624895,0.3949555984965706,0.004415179915961086,0.19913591955201268,0.00492222644987728,0.10312096554903928,0.08141682609636033,0.0012331914155499243,0.000660916818494401,0.001543998633105131,0.0043462964159861365
repeated,47,"{""colsample_bytree"":1.0,""gamma"":0.1,""learning_rate"":0.01,""max_depth"":2,""min_child_weight"":5,""reg_alpha"":0.0,""reg_lambda"":1.0,""subsample"":0.7}",31415,4,240,60,579,1438.1195110567849,37.92254621009492,2,0.01,5,0.1,0.7,1.0,1.0,0.0,0.20811378695639277,0.004132015988412321,0.3230626461068876,0.00044410349433252056,0.25635270561857376,0.004632781850324709,0.10482266477095017,0.09332705791249894,0.0001811566065888142,3.4928726863568346e-05,0.001602102706517433,0.0032940492616573987
repeated,47,"{""colsample_bytree"":1.0,""gamma"":0.1,""learning_rate"":0.01,""max_depth"":2,""min_child_weight"":5,""reg_alpha"":0.0,""reg_lambda"":1.0,""subsample"":0.7}",31415,5,240,60,769,1369.8895684913587,37.01201924363704,2,0.01,5,0.1,0.7,1.0,1.0,0.0,0.16737109045300824,0.015415644371521656,0.42887094969590217,0.0015137815915238994,0.16437019450806153,0.006865095837805006,0.10122219569365772,0.10421051778816408,0.001481434717867293,0.0005427968153208702,0.0018492229617623236,0.0062870755654052
repeated,6,"{""colsample_bytree"":0.85,""gamma"":0.5,""learning_rate"":0.05,""max_depth"":1,""min_child_weight"":3,""reg_alpha"":0.0,""reg_lambda"":1.0,""subsample"":0.85}",0,1,240,60,245,1187.5773093333296,34.461243583674246,1,0.05,3,0.5,0.85,0.85,1.0,0.0,0.21636362272929321,0.002046500000910726,0.36601388795489204,0.0,0.19082199611542885,0.003573645413143975,0.10754791372705728,0.1128271784412729,0.00014079682156767934,0.0,0.0004138111245642791,0.0002506476718690899
repeated,6,"{""colsample_bytree"":0.85,""gamma"":0.5,""learning_rate"":0.05,""max_depth"":1,""min_child_weight"":3,""reg_alpha"":0.0,""reg_lambda"":1.0,""subsample"":0.85}",0,2,240,60,249,1172.3793972667418,34.24002624512344,1,0.05,3,0.5,0.85,0.85,1.0,0.0,0.205751690936845,0.002565366253006395,0.3360630564029234,0.00033137582425652546,0.2494628322116445,0.0019432645740768105,0.1063347320231513,0.094741889651599,0.0,0.0,0.0,0.0028057921224970265
repeated,6,"{""colsample_bytree"":0.85,""gamma"":0.5,""learning_rate"":0.05,""max_depth"":1,""min_child_weight"":3,""reg_alpha"":0.0,""reg_lambda"":1.0,""subsample"":0.85}",0,3,240,60,341,1632.2246838861022,40.400800535213435,1,0.05,3,0.5,0.85,0.85,1.0,0.0,0.17659965777240336,0.012400861825638708,0.384397897626599,0.0009666566170499058,0.15666513887014044,0.002488000495960965,0.11937006023279156,0.145013968942882,0.0013466054348618575,0.0,0.0005957330227447004,0.00015541915892753363
repeated,6,"{""colsample_bytree"":0.85,""gamma"":0.5,""learning_rate"":0.05,""max_depth"":1,""min_child_weight"":3,""reg_alpha"":0.0,""reg_lambda"":1.0,""subsample"":0.85}",0,4,240,60,401,844.2904356466222,29.056676266335458,1,0.05,3,0.5,0.85,0.85,1.0,0.0,0.23320801750804665,0.004850644798743486,0.30396519470429356,0.0003991472305952841,0.21457644224773353,0.006055921107190858,0.09848988541017836,0.1344266014381354,0.00017803288218272342,0.0,0.0011236897660980895,0.002726422906802048
repeated,6,"{""colsample_bytree"":0.85,""gamma"":0.5,""learning_rate"":0.05,""max_depth"":1,""min_child_weight"":3,""reg_alpha"":0.0,""reg_lambda"":1.0,""subsample"":0.85}",0,5,240,60,155,1530.4569467837275,39.121055031577654,1,0.05,3,0.5,0.85,0.85,1.0,0.0,0.2512620826445053,0.0005214210865971602,0.37493142685768666,0.0,0.16434862778098208,0.0,0.1014927243365336,0.10744371729369523,0.0,0.0,0.0,0.0
repeated,6,"{""colsample_bytree"":0.85,""gamma"":0.5,""learning_rate"":0.05,""max_depth"":1,""min_child_weight"":3,""reg_alpha"":0.0,""reg_lambda"":1.0,""subsample"":0.85}",42,1,240,60,120,1161.0703203100759,34.07448195218932,1,0.05,3,0.5,0.85,0.85,1.0,0.0,0.1684307733470348,0.0,0.4740466778586989,0.0,0.12803769462072917,0.0035307588913091777,0.10536519694729334,0.11955625654658712,0.0,0.0,0.0,0.0010326417883474855
repeated,6,"{""colsample_bytree"":0.85,""gamma"":0.5,""learning_rate"":0.05,""max_depth"":1,""min_child_weight"":3,""reg_alpha"":0.0,""reg_lambda"":1.0,""subsample"":0.85}",42,2,240,60,414,1306.9437449115565,36.15167693083623,1,0.05,3,0.5,0.85,0.85,1.0,0.0,0.23086577508115824,0.0044553981954162086,0.29224000715458365,6.890660495108455e-05,0.2368439889746766,0.009100296465970884,0.11842090585229707,0.10320068916669618,5.56814746458581e-05,0.0003281576508382145,0.0020870729811620446,0.002333120397603955
repeated,6,"{""colsample_bytree"":0.85,""gamma"":0.5,""learning_rate"":0.05,""max_depth"":1,""min_child_weight"":3,""reg_alpha"":0.0,""reg_lambda"":1.0,""subsample"":0.85}",42,3,240,60,559,1416.7254366541904,37.63941334099391,1,0.05,3,0.5,0.85,0.85,1.0,0.0,0.21170039585972436,0.007201633576782637,0.36075760477627067,0.0007499277965892063,0.14700100723809248,0.002507729832999121,0.1084821100285209,0.1584033618068174,0.0008187697479734978,0.0,0.0014067513810698828,0.000970707955159822
repeated,6,"{""colsample_bytree"":0.85,""gamma"":0.5,""learning_rate"":0.05,""max_depth"":1,""min_child_weight"":3,""reg_alpha"":0.0,""reg_lambda"":1.0,""subsample"":0.85}",42,4,240,60,411,1161.3999161310253,34.079318011530475,1,0.05,3,0.5,0.85,0.85,1.0,0.0,0.23414469016812986,0.0049395247150565,0.3471840170834246,0.0005698546180575246,0.1689092823083127,0.003689472684184625,0.11211009764213893,0.1248288450625841,0.0003113269878253117,0.00019020177226378212,0.0018685136948636987,0.0012541732631583858
repeated,6,"{""colsample_bytree"":0.85,""gamma"":0.5,""learning_rate"":0.05,""max_depth"":1,""min_child_weight"":3,""reg_alpha"":0.0,""reg_lambda"":1.0,""subsample"":0.85}",42,5,240,60,489,1847.4305885373094,42.98174715547647,1,0.05,3,0.5,0.85,0.85,1.0,0.0,0.20380892020007246,0.011934799046603377,0.4036418470679506,0.0015188751548148086,0.15705311404575598,0.0014825280766126048,0.11999361529236714,0.09384549349882429,0.001532578822644139,0.0002190708243786281,0.0018793858765153342,0.0030897720934606287
repeated,6,"{""colsample_bytree"":0.85,""gamma"":0.5,""learning_rate"":0.05,""max_depth"":1,""min_child_weight"":3,""reg_alpha"":0.0,""reg_lambda"":1.0,""subsample"":0.85}",2026,1,240,60,167,1485.3260270290787,38.539927698804505,1,0.05,3,0.5,0.85,0.85,1.0,0.0,0.2059846609347581,0.0028266790904470348,0.3714141206484112,0.0,0.17562350685129383,0.0024993578503750297,0.1321229975670384,0.10952867705767645,0.0,0.0,0.0,0.0
repeated,6,"{""colsample_bytree"":0.85,""gamma"":0.5,""learning_rate"":0.05,""max_depth"":1,""min_child_weight"":3,""reg_alpha"":0.0,""reg_lambda"":1.0,""subsample"":0.85}",2026,2,240,60,178,1673.8702438314378,40.912959362913824,1,0.05,3,0.5,0.85,0.85,1.0,0.0,0.2457918331083809,0.004205835775451907,0.3833933915650863,0.0,0.15855475874964692,0.0,0.1169767877047926,0.08929690243905558,0.0,0.0,0.0,0.0017804906575858476
repeated,6,"{""colsample_bytree"":0.85,""gamma"":0.5,""learning_rate"":0.05,""max_depth"":1,""min_child_weight"":3,""reg_alpha"":0.0,""reg_lambda"":1.0,""subsample"":0.85}",2026,3,240,60,371,1420.4647362868516,37.68905326864621,1,0.05,3,0.5,0.85,0.85,1.0,0.0,0.2198406459606027,0.005592303079775049,0.3622335462838158,0.0005991110043875767,0.16628632929775186,0.0070323542501631925,0.0923797112362067,0.14249327213904583,0.000325603343731685,0.0,0.002039721654712121,0.0011774017498074618
repeated,6,"{""colsample_bytree"":0.85,""gamma"":0.5,""learning_rate"":0.05,""max_depth"":1,""min_child_weight"":3,""reg_alpha"":0.0,""reg_lambda"":1.0,""subsample"":0.85}",2026,4,240,60,500,988.0829455605848,31.43378668822108,1,0.05,3,0.5,0.85,0.85,1.0,0.0,0.20549471802119257,0.0059051598024584435,0.38155430715484173,0.002226079200840519,0.16961670708562,0.004754493901642072,0.09040958289278134,0.1355289232944096,0.0014946177109536047,8.686900303051688e-05,0.002712529557890625,0.00021601237433902892
repeated,6,"{""colsample_bytree"":0.85,""gamma"":0.5,""learning_rate"":0.05,""max_depth"":1,""min_child_weight"":3,""reg_alpha"":0.0,""reg_lambda"":1.0,""subsample"":0.85}",2026,5,240,60,332,1448.9274382894255,38.064779498762704,1,0.05,3,0.5,0.85,0.85,1.0,0.0,0.21782683815849685,0.007783522809051755,0.3211392280899249,0.00010547845603799191,0.23647024253646293,0.002481640987532599,0.10455917850109649,0.10844875190837579,0.0,0.0,0.00046931558279759983,0.0007158029702230692
repeated,6,"{""colsample_bytree"":0.85,""gamma"":0.5,""learning_rate"":0.05,""max_depth"":1,""min_child_weight"":3,""reg_alpha"":0.0,""reg_lambda"":1.0,""subsample"":0.85}",9618,1,240,60,332,804.7157172858487,28.36751165128603,1,0.05,3,0.5,0.85,0.85,1.0,0.0,0.2121458885786015,0.003052781233180008,0.3361400647614235,0.0004888643469436605,0.18396219462978122,0.0008979965684034961,0.13114590447532512,0.12861200991762384,0.00011603663279991656,0.0,0.00046621957663932015,0.002972039279278442
repeated,6,"{""colsample_bytree"":0.85,""gamma"":0.5,""learning_rate"":0.05,""max_depth"":1,""min_child_weight"":3,""reg_alpha"":0.0,""reg_lambda"":1.0,""subsample"":0.85}",9618,2,240,60,431,1624.1601417274858,40.30087023536199,1,0.05,3,0.5,0.85,0.85,1.0,0.0,0.24407130424454446,0.004690988645913879,0.353009379664637,0.000505650641033185,0.21944829835561144,0.006243990972941714,0.08790577809211504,0.07912840631378643,0.0,0.00034860840138679157,0.0019472770135708574,0.002700317654459206
repeated,6,"{""colsample_bytree"":0.85,""gamma"":0.5,""learning_rate"":0.05,""max_depth"":1,""min_child_weight"":3,""reg_alpha"":0.0,""reg_lambda"":1.0,""subsample"":0.85}",9618,3,240,60,447,1340.6242074462302,36.614535466754596,1,0.05,3,0.5,0.85,0.85,1.0,0.0,0.17425179004222624,0.016174073310991306,0.4223659220526839,0.0,0.15078318513402333,0.004189264963970895,0.07154310532492211,0.1566886807811622,0.0001047812775605272,0.0005092554041696995,0.0014796520017179436,0.0019102897065718292
repeated,6,"{""colsample_bytree"":0.85,""gamma"":0.5,""learning_rate"":0.05,""max_depth"":1,""min_child_weight"":3,""reg_alpha"":0.0,""reg_lambda"":1.0,""subsample"":0.85}",9618,4,240,60,260,2021.4997490712542,44.961091502222835,1,0.05,3,0.5,0.85,0.85,1.0,0.0,0.2118094957361882,0.002692636740154851,0.3722977705265738,0.0,0.1636904264269469,0.002759162332723738,0.14354221545631943,0.10032611794338697,0.0017500217923786454,0.0,0.0007581099222069763,0.0003740431231204996
repeated,6,"{""colsample_bytree"":0.85,""gamma"":0.5,""learning_rate"":0.05,""max_depth"":1,""min_child_weight"":3,""reg_alpha"":0.0,""reg_lambda"":1.0,""subsample"":0.85}",9618,5,240,60,690,1614.7158806906446,40.183527479436705,1,0.05,3,0.5,0.85,0.85,1.0,0.0,0.21503402927834642,0.00984253831618352,0.35413906661210126,0.0007381435328622734,0.1924132481441353,0.001715912243084768,0.10322271838141979,0.11760409146583585,0.0,9.359012966720051e-05,0.0016430159516066605,0.003553645944756956
repeated,6,"{""colsample_bytree"":0.85,""gamma"":0.5,""learning_rate"":0.05,""max_depth"":1,""min_child_weight"":3,""reg_alpha"":0.0,""reg_lambda"":1.0,""subsample"":0.85}",19618,1,240,60,1045,1805.738443539293,42.49398126251873,1,0.05,3,0.5,0.85,0.85,1.0,0.0,0.18760954921985076,0.018128248083711915,0.4049401515161876,0.0012786685629512114,0.15672009240093351,0.007249421648538342,0.0998375708409768,0.11360468330427993,0.00186848425548497,0.0006157245683715904,0.004863779895514084,0.0032836257031992533
repeated,6,"{""colsample_bytree"":0.85,""gamma"":0.5,""learning_rate"":0.05,""max_depth"":1,""min_child_weight"":3,""reg_alpha"":0.0,""reg_lambda"":1.0,""subsample"":0.85}",19618,2,240,60,297,1026.112052281545,32.03298381795778,1,0.05,3,0.5,0.85,0.85,1.0,0.0,0.1970764518294351,0.0023766637329544985,0.3713353619054174,0.00043848159135281145,0.19032031734451527,0.004249151269184191,0.1275327712931602,0.10459308129782116,0.000962032766861992,0.0,0.00011343956972912107,0.0010022473995682372
repeated,6,"{""colsample_bytree"":0.85,""gamma"":0.5,""learning_rate"":0.05,""max_depth"":1,""min_child_weight"":3,""reg_alpha"":0.0,""reg_lambda"":1.0,""subsample"":0.85}",19618,3,240,60,172,1171.388055632235,34.22554682736617,1,0.05,3,0.5,0.85,0.85,1.0,0.0,0.21794692953575912,0.0002898128203685283,0.39486587874286305,0.001670227151755192,0.19677447410143897,0.0009366123125858226,0.09725242748992412,0.08823529917160741,0.0,0.0,0.00026751236408168973,0.0017608263096160729
repeated,6,"{""colsample_bytree"":0.85,""gamma"":0.5,""learning_rate"":0.05,""max_depth"":1,""min_child_weight"":3,""reg_alpha"":0.0,""reg_lambda"":1.0,""subsample"":0.85}",19618,4,240,60,163,1695.8830551142678,41.1811007030442,1,0.05,3,0.5,0.85,0.85,1.0,0.0,0.24108584330414176,0.010602918983743898,0.3689005407103777,0.0,0.13660399191974046,0.0074261361958969695,0.11385338974177873,0.12152717914432047,0.0,0.0,0.0,0.0
repeated,6,"{""colsample_bytree"":0.85,""gamma"":0.5,""learning_rate"":0.05,""max_depth"":1,""min_child_weight"":3,""reg_alpha"":0.0,""reg_lambda"":1.0,""subsample"":0.85}",19618,5,240,60,215,1545.7882371874814,39.31651354313453,1,0.05,3,0.5,0.85,0.85,1.0,0.0,0.2284912920752697,0.0017984850811487865,0.37668351751621926,0.00037177102217270217,0.14752897091559994,0.0017262827838493042,0.10959611939891283,0.1324930902708661,0.0,0.00014587009011631598,0.0,0.0011646008458451077
repeated,6,"{""colsample_bytree"":0.85,""gamma"":0.5,""learning_rate"":0.05,""max_depth"":1,""min_child_weight"":3,""reg_alpha"":0.0,""reg_lambda"":1.0,""subsample"":0.85}",31415,1,240,60,501,1271.3985693820975,35.6566763647721,1,0.05,3,0.5,0.85,0.85,1.0,0.0,0.21762440373302738,0.007108538088443246,0.33252927064578236,0.0025258327765654656,0.18632141630430782,0.00729122703551284,0.09801022353468224,0.14482556846990316,0.0,0.0001384347730199874,0.0011427026555706587,0.002482381983184822
repeated,6,"{""colsample_bytree"":0.85,""gamma"":0.5,""learning_rate"":0.05,""max_depth"":1,""min_child_weight"":3,""reg_alpha"":0.0,""reg_lambda"":1.0,""subsample"":0.85}",31415,2,240,60,1018,1565.1562137136912,39.56205522610891,1,0.05,3,0.5,0.85,0.85,1.0,0.0,0.19934839608057134,0.015525301607594192,0.3367030861452213,0.0016477090078059796,0.21012328450088635,0.0034233082459390733,0.12125164836340374,0.1018374733869126,0.0005601681409531842,0.001867252071585517,0.003257646683683232,0.004454725765443467
repeated,6,"{""colsample_bytree"":0.85,""gamma"":0.5,""learning_rate"":0.05,""max_depth"":1,""min_child_weight"":3,""reg_alpha"":0.0,""reg_lambda"":1.0,""subsample"":0.85}",31415,3,240,60,598,1070.5736936503415,32.719622455803815,1,0.05,3,0.5,0.85,0.85,1.0,0.0,0.21311608834468238,0.009953117864356941,0.4275584352507042,0.0003961847748187149,0.1471751147884583,0.0009191079693203871,0.11380627357718705,0.08319631522604169,0.0004387909846105426,0.0006892687169039574,0.0008197433402417378,0.0019315591626741376
repeated,6,"{""colsample_bytree"":0.85,""gamma"":0.5,""learning_rate"":0.05,""max_depth"":1,""min_child_weight"":3,""reg_alpha"":0.0,""reg_lambda"":1.0,""subsample"":0.85}",31415,4,240,60,462,1419.5503076533014,37.67692009245582,1,0.05,3,0.5,0.85,0.85,1.0,0.0,0.24840497081353835,0.0034890937364614335,0.32740468342989587,0.00011065881051609326,0.20861392076233232,0.0035256782459732842,0.10159449204131941,0.1048958701327179,0.0,0.0,0.001696051746345502,0.00026458028089984895
repeated,6,"{""colsample_bytree"":0.85,""gamma"":0.5,""learning_rate"":0.05,""max_depth"":1,""min_child_weight"":3,""reg_alpha"":0.0,""reg_lambda"":1.0,""subsample"":0.85}",31415,5,240,60,411,1285.4444404232713,35.85309526977094,1,0.05,3,0.5,0.85,0.85,1.0,0.0,0.18751508808216383,0.006626132196769892,0.40702304881288603,7.590389544566032e-05,0.1242352723407024,0.01019117464110297,0.1060375652523491,0.148433904690664,0.00017385260752820255,0.0013967234475871094,0.0009869780599438113,0.007304355972856988
repeated,23,"{""colsample_bytree"":0.85,""gamma"":0.5,""learning_rate"":0.01,""max_depth"":2,""min_child_weight"":3,""reg_alpha"":0.0,""reg_lambda"":1.0,""subsample"":0.85}",0,1,240,60,634,1247.6712755517037,35.322390569604764,2,0.01,3,0.5,0.85,0.85,1.0,0.0,0.17993935948790377,0.004317599306001356,0.41236836920301,0.00036622399052320496,0.21081652132663725,0.006062092367518363,0.08975147221419295,0.09446793282869713,0.00029473048738331675,0.0,0.0005460286726215585,0.001069670115511056
repeated,23,"{""colsample_bytree"":0.85,""gamma"":0.5,""learning_rate"":0.01,""max_depth"":2,""min_child_weight"":3,""reg_alpha"":0.0,""reg_lambda"":1.0,""subsample"":0.85}",0,2,240,60,628,1229.6021086341177,35.06568277724131,2,0.01,3,0.5,0.85,0.85,1.0,0.0,0.18016407080233462,0.0063894870737811835,0.34129117616385485,0.0010529289572958134,0.27286378237237513,0.002394425061520397,0.10862085666604092,0.08185811765927449,1.0001933834221593e-05,8.5472250458582e-05,0.0005026460059228327,0.00476703505330693
repeated,23,"{""colsample_bytree"":0.85,""gamma"":0.5,""learning_rate"":0.01,""max_depth"":2,""min_child_weight"":3,""reg_alpha"":0.0,""reg_lambda"":1.0,""subsample"":0.85}",0,3,240,60,852,1636.1416241922345,40.449247510828116,2,0.01,3,0.5,0.85,0.85,1.0,0.0,0.15148911577540122,0.018284771714531797,0.3928935736541,0.0012707923081764726,0.20273692946888677,0.00456721971944101,0.12437621530820105,0.09825773562381612,0.0005658154125071284,0.0001344764213888412,0.002044613056338969,0.003378741537210614
repeated,23,"{""colsample_bytree"":0.85,""gamma"":0.5,""learning_rate"":0.01,""max_depth"":2,""min_child_weight"":3,""reg_alpha"":0.0,""reg_lambda"":1.0,""subsample"":0.85}",0,4,240,60,740,958.8314859239225,30.965004213206925,2,0.01,3,0.5,0.85,0.85,1.0,0.0,0.19138122754526407,0.006047162466626301,0.31592617362842706,0.0013514826500500296,0.25919229949297734,0.0051379406113481185,0.0921345885859263,0.11954082274107183,0.0004326802124556125,5.8874731751925166e-05,0.0006922991827947981,0.008104448151306565
repeated,23,"{""colsample_bytree"":0.85,""gamma"":0.5,""learning_rate"":0.01,""max_depth"":2,""min_child_weight"":3,""reg_alpha"":0.0,""reg_lambda"":1.0,""subsample"":0.85}",0,5,240,60,438,1589.1502036382988,39.86414684448042,2,0.01,3,0.5,0.85,0.85,1.0,0.0,0.21797690947632506,0.0025999543114329023,0.41674998638288857,0.0006326116768262765,0.1734640523035682,0.001621369353612722,0.08845676757636947,0.09760208727035226,0.0,3.50687255244975e-05,5.735073637163123e-05,0.000803842186728386
repeated,23,"{""colsample_bytree"":0.85,""gamma"":0.5,""learning_rate"":0.01,""max_depth"":2,""min_child_weight"":3,""reg_alpha"":0.0,""reg_lambda"":1.0,""subsample"":0.85}",42,1,240,60,402,1218.234216979575,34.90321212982517,2,0.01,3,0.5,0.85,0.85,1.0,0.0,0.153203455702402,0.001344862844684604,0.46433432449253165,0.0001568534579175011,0.17364150739223433,0.004766828499008317,0.09385230434847175,0.10613285671134397,4.5581844582359415e-05,1.7139787351530067e-05,3.8866621557188534e-05,0.0024654182979147845
repeated,23,"{""colsample_bytree"":0.85,""gamma"":0.5,""learning_rate"":0.01,""max_depth"":2,""min_child_weight"":3,""reg_alpha"":0.0,""reg_lambda"":1.0,""subsample"":0.85}",42,2,240,60,1041,1434.370526161234,37.87308445533891,2,0.01,3,0.5,0.85,0.85,1.0,0.0,0.1932794705129537,0.008503993951843258,0.2835029300269725,0.000769981478158886,0.3063066997847499,0.009616339257906637,0.10480995687884563,0.0831750941395765,0.00041292658663292435,0.000981592334308698,0.003101042903611348,0.005539972144439986
repeated,23,"{""colsample_bytree"":0.85,""gamma"":0.5,""learning_rate"":0.01,""max_depth"":2,""min_child_weight"":3,""reg_alpha"":0.0,""reg_lambda"":1.0,""subsample"":0.85}",42,3,240,60,720,1509.013642181003,38.846024792519025,2,0.01,3,0.5,0.85,0.85,1.0,0.0,0.18034757144268188,0.0059552482825383345,0.3703472817816328,0.0007986992252274562,0.20764222550498498,0.002029025789981945,0.09638807188232099,0.1339759919528143,0.00028540054949723016,0.0,0.0010100751536302158,0.0012204084346898812
repeated,23,"{""colsample_bytree"":0.85,""gamma"":0.5,""learning_rate"":0.01,""max_depth"":2,""min_child_weight"":3,""reg_alpha"":0.0,""reg_lambda"":1.0,""subsample"":0.85}",42,4,240,60,1349,1201.129278293658,34.65731204657479,2,0.01,3,0.5,0.85,0.85,1.0,0.0,0.20862416836359368,0.011772451432883444,0.3650019358991193,0.0016897229141000032,0.1953359153317477,0.0045720595520628935,0.10457382401678172,0.09887627189361635,0.001154308918071995,0.0007580056329094689,0.0036963693891800234,0.0039449666559334415
repeated,23,"{""colsample_bytree"":0.85,""gamma"":0.5,""learning_rate"":0.01,""max_depth"":2,""min_child_weight"":3,""reg_alpha"":0.0,""reg_lambda"":1.0,""subsample"":0.85}",42,5,240,60,906,1840.266263719895,42.898324719269574,2,0.01,3,0.5,0.85,0.85,1.0,0.0,0.1615595064403795,0.01692126609272276,0.41256390158591527,0.0023276527277433573,0.20652618093835645,0.0018908466107675499,0.09627830688615299,0.09560369535559354,0.0005417951957147002,7.198379865217378e-05,0.0015627281145080712,0.004152136253493603
repeated,23,"{""colsample_bytree"":0.85,""gamma"":0.5,""learning_rate"":0.01,""max_depth"":2,""min_child_weight"":3,""reg_alpha"":0.0,""reg_lambda"":1.0,""subsample"":0.85}",2026,1,240,60,496,1422.417678353381,37.71495298092496,2,0.01,3,0.5,0.85,0.85,1.0,0.0,0.1779135281829516,0.004679675255039014,0.38670157302526076,0.0003690363067889721,0.21513409239413864,0.003948386559470675,0.1248435800912697,0.08450983551027554,5.3700016432227673e-05,5.6520208255515996e-05,0.00021170416119874045,0.0015783682889185951
repeated,23,"{""colsample_bytree"":0.85,""gamma"":0.5,""learning_rate"":0.01,""max_depth"":2,""min_child_weight"":3,""reg_alpha"":0.0,""reg_lambda"":1.0,""subsample"":0.85}",2026,2,240,60,449,1828.4719974271843,42.76063607369732,2,0.01,3,0.5,0.85,0.85,1.0,0.0,0.1968136605407149,0.009625010969188427,0.3656007663168681,0.00032656428083119727,0.23368396316465095,0.0010167466724553959,0.11459307205115239,0.07421721032862032,0.0005187720993914307,0.0,0.00011670499434301205,0.0034875285817838574
repeated,23,"{""colsample_bytree"":0.85,""gamma"":0.5,""learning_rate"":0.01,""max_depth"":2,""min_child_weight"":3,""reg_alpha"":0.0,""reg_lambda"":1.0,""subsample"":0.85}",2026,3,240,60,800,1486.087592696652,38.549806649277144,2,0.01,3,0.5,0.85,0.85,1.0,0.0,0.19100830375226677,0.008103456599498364,0.40121863944160957,0.0010454183747413122,0.1768845907156126,0.0042091123723948035,0.08921601910355918,0.12161788258520531,0.00021904397153683306,0.00017554864670191848,0.0028331901987815452,0.0034687942380917966
repeated,23,"{""colsample_bytree"":0.85,""gamma"":0.5,""learning_rate"":0.01,""max_depth"":2,""min_child_weight"":3,""reg_alpha"":0.0,""reg_lambda"":1.0,""subsample"":0.85}",2026,4,240,60,1117,1102.85617093013,33.20927838616988,2,0.01,3,0.5,0.85,0.85,1.0,0.0,0.17518591571975364,0.009113346296942436,0.410706904981287,0.003317209339785188,0.19421646874118556,0.005946870646145377,0.0801447216272317,0.11485576187356242,0.0010894906778884633,0.00020288596996667375,0.0030073496743994003,0.0022130744518521622
repeated,23,"{""colsample_bytree"":0.85,""gamma"":0.5,""learning_rate"":0.01,""max_depth"":2,""min_child_weight"":3,""reg_alpha"":0.0,""reg_lambda"":1.0,""subsample"":0.85}",2026,5,240,60,774,1435.2557916762999,37.88476991716196,2,0.01,3,0.5,0.85,0.85,1.0,0.0,0.17493459240405587,0.016063258859900034,0.3397183965870081,0.0021683486817118663,0.2737423567088854,0.004509145294226229,0.09420525898058814,0.0891419619620041,0.0011248858492180567,0.00018182506160163364,0.0009934610437786979,0.003216508567021864
repeated,23,"{""colsample_bytree"":0.85,""gamma"":0.5,""learning_rate"":0.01,""max_depth"":2,""min_child_weight"":3,""reg_alpha"":0.0,""reg_lambda"":1.0,""subsample"":0.85}",9618,1,240,60,691,846.4634665169882,29.094045207172346,2,0.01,3,0.5,0.85,0.85,1.0,0.0,0.17854032472486764,0.005803342373718153,0.3580222361202742,0.0009928746027943872,0.21496256392729893,0.004845754090612246,0.1309454685533847,0.10055297849963693,0.0002349781204509923,0.00012264088660273432,0.0008528631711064202,0.004123974929252687
repeated,23,"{""colsample_bytree"":0.85,""gamma"":0.5,""learning_rate"":0.01,""max_depth"":2,""min_child_weight"":3,""reg_alpha"":0.0,""reg_lambda"":1.0,""subsample"":0.85}",9618,2,240,60,771,1609.1566066319567,40.11429429308157,2,0.01,3,0.5,0.85,0.85,1.0,0.0,0.206361964886011,0.006136218087681401,0.3712114950448756,0.0009564462926295418,0.2527230831834971,0.002991676953259298,0.08246697890792588,0.07231903630289856,4.995613058605166e-05,0.0001847548018720069,0.0007586746097169126,0.0038397147990466536
repeated,23,"{""colsample_bytree"":0.85,""gamma"":0.5,""learning_rate"":0.01,""max_depth"":2,""min_child_weight"":3,""reg_alpha"":0.0,""reg_lambda"":1.0,""subsample"":0.85}",9618,3,240,60,502,1579.849934870797,39.74732613485839,2,0.01,3,0.5,0.85,0.85,1.0,0.0,0.1434566487668593,0.02106214091582296,0.4219755052573474,0.0007419695196210521,0.2094332196853714,0.004721142438781252,0.06483202516507935,0.13195496497206524,0.0004376563552032111,1.5704827421839446e-05,0.00034435671489459907,0.0010246653815324167
repeated,23,"{""colsample_bytree"":0.85,""gamma"":0.5,""learning_rate"":0.01,""max_depth"":2,""min_child_weight"":3,""reg_alpha"":0.0,""reg_lambda"":1.0,""subsample"":0.85}",9618,4,240,60,922,1874.3655684428684,43.2939437848167,2,0.01,3,0.5,0.85,0.85,1.0,0.0,0.1876650639677475,0.012008323717848855,0.36557535252720014,0.0005092014752425635,0.2043312767630754,0.0044394624310956955,0.1329717270458123,0.08697673023239788,0.0005799613543863612,6.692739956169926e-05,0.0031434978680334054,0.001732475217598229
repeated,23,"{""colsample_bytree"":0.85,""gamma"":0.5,""learning_rate"":0.01,""max_depth"":2,""min_child_weight"":3,""reg_alpha"":0.0,""reg_lambda"":1.0,""subsample"":0.85}",9618,5,240,60,994,1523.7229649477094,39.03489419670187,2,0.01,3,0.5,0.85,0.85,1.0,0.0,0.17848777506205882,0.008295291363502494,0.35104832858765667,0.0015307004262904726,0.24834042285642155,0.0031971137169621404,0.0971942300947969,0.10387935358800916,0.00038608676745250704,0.00016438099132420452,0.00176510369795287,0.0057112128475722375
repeated,23,"{""colsample_bytree"":0.85,""gamma"":0.5,""learning_rate"":0.01,""max_depth"":2,""min_child_weight"":3,""reg_alpha"":0.0,""reg_lambda"":1.0,""subsample"":0.85}",19618,1,240,60,2283,1591.775333985107,39.89705921474798,2,0.01,3,0.5,0.85,0.85,1.0,0.0,0.17114838591258336,0.016236676979995646,0.3838891214029625,0.0026897301024187505,0.20949346729216275,0.006205015173340166,0.09891260942739269,0.09942488971050627,0.0015098558785278696,0.0016963771563190512,0.00463589872018333,0.00415797224360765
repeated,23,"{""colsample_bytree"":0.85,""gamma"":0.5,""learning_rate"":0.01,""max_depth"":2,""min_child_weight"":3,""reg_alpha"":0.0,""reg_lambda"":1.0,""subsample"":0.85}",19618,2,240,60,884,1140.693903569901,33.77416029407543,2,0.01,3,0.5,0.85,0.85,1.0,0.0,0.18078044732252016,0.006607382820837549,0.32081330532662883,0.001582822163004997,0.273687649248039,0.004652278154530035,0.10903917540827267,0.09859439527898942,0.0010635168505640567,0.00010365189053443436,0.0008834251033055649,0.002191950432773294
repeated,23,"{""colsample_bytree"":0.85,""gamma"":0.5,""learning_rate"":0.01,""max_depth"":2,""min_child_weight"":3,""reg_alpha"":0.0,""reg_lambda"":1.0,""subsample"":0.85}",19618,3,240,60,498,1117.4057330799549,33.427619315170425,2,0.01,3,0.5,0.85,0.85,1.0,0.0,0.17725480875950728,0.004104513510880724,0.4045339236235194,0.00118764259238659,0.2305834250044245,0.00208909725921767,0.09468427198174402,0.0798734648806984,0.0002754532846823404,4.7018501439750666e-05,0.0006380621078539234,0.004728318493645393
repeated,23,"{""colsample_bytree"":0.85,""gamma"":0.5,""learning_rate"":0.01,""max_depth"":2,""min_child_weight"":3,""reg_alpha"":0.0,""reg_lambda"":1.0,""subsample"":0.85}",19618,4,240,60,442,1655.0639067057211,40.68247665403031,2,0.01,3,0.5,0.85,0.85,1.0,0.0,0.19344125069012982,0.013063403904387852,0.4017567486620311,0.00038266317440160816,0.1795059891361488,0.006305230471019018,0.09760012606864234,0.10462441606545024,0.0002258410586281734,0.0,0.0006947685729134154,0.0023995621962476336
repeated,23,"{""colsample_bytree"":0.85,""gamma"":0.5,""learning_rate"":0.01,""max_depth"":2,""min_child_weight"":3,""reg_alpha"":0.0,""reg_lambda"":1.0,""subsample"":0.85}",19618,5,240,60,691,1513.4468340182386,38.90304401995091,2,0.01,3,0.5,0.85,0.85,1.0,0.0,0.1935914311380664,0.0054721432344818546,0.4039677961414919,0.001290199693197741,0.1807930848282064,0.002234334501806821,0.10456120774588401,0.1033855068473905,2.0373759807000147e-05,0.00030414282502693173,0.001393313632034502,0.0029864656526059487
repeated,23,"{""colsample_bytree"":0.85,""gamma"":0.5,""learning_rate"":0.01,""max_depth"":2,""min_child_weight"":3,""reg_alpha"":0.0,""reg_lambda"":1.0,""subsample"":0.85}",31415,1,240,60,966,1313.4516566832888,36.241573595572376,2,0.01,3,0.5,0.85,0.85,1.0,0.0,0.18647219935169138,0.008113848397709856,0.34222848961883495,0.002568612676449753,0.23555176481651277,0.0068285492074944215,0.08646643911548418,0.1259411820687885,0.0010863649371904073,0.0001986278700146526,0.0016046516874994817,0.002939270252329634
repeated,23,"{""colsample_bytree"":0.85,""gamma"":0.5,""learning_rate"":0.01,""max_depth"":2,""min_child_weight"":3,""reg_alpha"":0.0,""reg_lambda"":1.0,""subsample"":0.85}",31415,2,240,60,1572,1594.109722250229,39.92630363870701,2,0.01,3,0.5,0.85,0.85,1.0,0.0,0.16877490284811408,0.017400351230490354,0.36880319757595015,0.001166119768241231,0.2408873958090222,0.0038301651720155927,0.10482670477428951,0.08022679984082798,0.0009939553701515873,0.0016596176060298272,0.004174528443462122,0.007256261561405383
repeated,23,"{""colsample_bytree"":0.85,""gamma"":0.5,""learning_rate"":0.01,""max_depth"":2,""min_child_weight"":3,""reg_alpha"":0.0,""reg_lambda"":1.0,""subsample"":0.85}",31415,3,240,60,965,1150.1141695497267,33.91333321202336,2,0.01,3,0.5,0.85,0.85,1.0,0.0,0.18984405582487074,0.010437867659168354,0.41616164272558,0.0024922100616937963,0.20282495667551445,0.002063580607757312,0.09291838206328795,0.07865682029248135,0.0003643556601787941,0.00034174463477367704,0.0006474586596308228,0.003246925135062775
repeated,23,"{""colsample_bytree"":0.85,""gamma"":0.5,""learning_rate"":0.01,""max_depth"":2,""min_child_weight"":3,""reg_alpha"":0.0,""reg_lambda"":1.0,""subsample"":0.85}",31415,4,240,60,768,1415.895794443834,37.628390803272914,2,0.01,3,0.5,0.85,0.85,1.0,0.0,0.20674084331778347,0.0051099896949310004,0.3437473414549029,0.0005864790090874335,0.2420029091299121,0.004524945519308443,0.10390020967920618,0.08867318045313305,9.587574460847794e-05,0.00010112877007402958,0.0012685797217209817,0.003248517505331944
repeated,23,"{""colsample_bytree"":0.85,""gamma"":0.5,""learning_rate"":0.01,""max_depth"":2,""min_child_weight"":3,""reg_alpha"":0.0,""reg_lambda"":1.0,""subsample"":0.85}",31415,5,240,60,801,1249.7893793718938,35.35236030835698,2,0.01,3,0.5,0.85,0.85,1.0,0.0,0.1749972903283357,0.01053708705844763,0.43477824320683617,0.0004364349562169413,0.1613487064405342,0.007226910758837737,0.0978313772551823,0.10552776705013077,0.0006869855851829575,0.0004881468162740917,0.0013374332968146344,0.004803617247206885
repeated,1,"{""colsample_bytree"":1.0,""gamma"":1.0,""learning_rate"":0.03,""max_depth"":3,""min_child_weight"":3,""reg_alpha"":1.0,""reg_lambda"":1.0,""subsample"":0.7}",0,1,240,60,191,1425.0942929558212,37.75042109640396,3,0.03,3,1.0,0.7,1.0,1.0,1.0,0.16531141711823585,0.01201054399368859,0.45941407670663076,0.002615084628462556,0.18364861065924687,0.006705613208374022,0.0833807433640311,0.07781064167537137,0.0003067765238677472,0.0003923494222937621,0.002825924934990652,0.0055782177648067465
repeated,1,"{""colsample_bytree"":1.0,""gamma"":1.0,""learning_rate"":0.03,""max_depth"":3,""min_child_weight"":3,""reg_alpha"":1.0,""reg_lambda"":1.0,""subsample"":0.7}",0,2,240,60,160,1115.8600140221326,33.404490925953844,3,0.03,3,1.0,0.7,1.0,1.0,1.0,0.16905979868445534,0.015140137539149803,0.36182393410242697,0.0029418509887212557,0.2825476243537872,0.004807375860017978,0.08733153984605925,0.06804561667871804,0.0005013054268206771,0.0005130678442985896,0.0016171511781954177,0.005670597497349491
repeated,1,"{""colsample_bytree"":1.0,""gamma"":1.0,""learning_rate"":0.03,""max_depth"":3,""min_child_weight"":3,""reg_alpha"":1.0,""reg_lambda"":1.0,""subsample"":0.7}",0,3,240,60,198,1733.495374162835,41.635265991258365,3,0.03,3,1.0,0.7,1.0,1.0,1.0,0.13392940037233994,0.029417776562467572,0.4197855563960432,0.0009978534892012237,0.1924068628005805,0.0071864863706303786,0.10234426643560743,0.1020020648207478,0.001509676190444676,0.001369137961025244,0.003287485187815531,0.0057634334130965015
repeated,1,"{""colsample_bytree"":1.0,""gamma"":1.0,""learning_rate"":0.03,""max_depth"":3,""min_child_weight"":3,""reg_alpha"":1.0,""reg_lambda"":1.0,""subsample"":0.7}",0,4,240,60,241,1074.0624492412667,32.772891987758214,3,0.03,3,1.0,0.7,1.0,1.0,1.0,0.18247632246135403,0.012667735919469259,0.3234845144344286,0.0031828407404474917,0.26502010564693773,0.007084581067985051,0.08517273227807057,0.10678665222506113,0.0010327277029230297,0.00042820174981298906,0.0031055725434850157,0.009558013230025067
repeated,1,"{""colsample_bytree"":1.0,""gamma"":1.0,""learning_rate"":0.03,""max_depth"":3,""min_child_weight"":3,""reg_alpha"":1.0,""reg_lambda"":1.0,""subsample"":0.7}",0,5,240,60,123,1567.3483420588213,39.589750467246205,3,0.03,3,1.0,0.7,1.0,1.0,1.0,0.18361030740781348,0.007145950323102261,0.4837063331535593,0.0014655291172815121,0.14834558065192682,0.004633605652074974,0.07121277950628761,0.09409599359167514,0.000568666709077026,0.0021299218959787702,0.0006730576207839967,0.002412274370439073
repeated,1,"{""colsample_bytree"":1.0,""gamma"":1.0,""learning_rate"":0.03,""max_depth"":3,""min_child_weight"":3,""reg_alpha"":1.0,""reg_lambda"":1.0,""subsample"":0.7}",42,1,240,60,103,1195.61482244507,34.5776636348535,3,0.03,3,1.0,0.7,1.0,1.0,1.0,0.13041025558649272,0.009253968958108883,0.5210479752663458,0.002380862868975817,0.14110055115477957,0.005738131045659865,0.07896557734345655,0.09880242517837345,0.0011841126131257591,0.0009785154186484671,0.0004947350430658208,0.00964288952296721
repeated,1,"{""colsample_bytree"":1.0,""gamma"":1.0,""learning_rate"":0.03,""max_depth"":3,""min_child_weight"":3,""reg_alpha"":1.0,""reg_lambda"":1.0,""subsample"":0.7}",42,2,240,60,186,1437.6157784211637,37.9159040301186,3,0.03,3,1.0,0.7,1.0,1.0,1.0,0.18420040205209076,0.016488474585715056,0.24918133161349668,0.0019413530489714433,0.36876216825971037,0.009961072476529205,0.08804182534896242,0.07064132446235426,0.0004038474729159631,0.000677467116894717,0.0022459235458377274,0.007454810016521452
repeated,1,"{""colsample_bytree"":1.0,""gamma"":1.0,""learning_rate"":0.03,""max_depth"":3,""min_child_weight"":3,""reg_alpha"":1.0,""reg_lambda"":1.0,""subsample"":0.7}",42,3,240,60,246,1464.665548488417,38.270949145382026,3,0.03,3,1.0,0.7,1.0,1.0,1.0,0.1751043672330605,0.01646428211125574,0.35834231665889177,0.001265379668406837,0.22717499774040315,0.007037837208870279,0.08465958813113401,0.11960732808850538,0.0007296438470775998,0.0008443088503207793,0.002374957088058078,0.006394993374015899
repeated,1,"{""colsample_bytree"":1.0,""gamma"":1.0,""learning_rate"":0.03,""max_depth"":3,""min_child_weight"":3,""reg_alpha"":1.0,""reg_lambda"":1.0,""subsample"":0.7}",42,4,240,60,293,1215.5026908924542,34.864060160750846,3,0.03,3,1.0,0.7,1.0,1.0,1.0,0.1923474391546874,0.017277146996807023,0.408442923836953,0.004104408011719531,0.15343383494227356,0.007207117687726051,0.1023374463096448,0.10013320460903026,0.0011080824412544876,0.0009520863489750392,0.004020620791164757,0.008635688869764109
repeated,1,"{""colsample_bytree"":1.0,""gamma"":1.0,""learning_rate"":0.03,""max_depth"":3,""min_child_weight"":3,""reg_alpha"":1.0,""reg_lambda"":1.0,""subsample"":0.7}",42,5,240,60,310,1906.5420434730775,43.663967335470986,3,0.03,3,1.0,0.7,1.0,1.0,1.0,0.14540745290923507,0.025060403306698304,0.4754645652443129,0.003935174872971561,0.15542212922116275,0.006057057627383718,0.08566853653772949,0.08809402552276517,0.0015154784522262482,0.0014768442993184116,0.003911119639091191,0.0079872123671052
repeated,1,"{""colsample_bytree"":1.0,""gamma"":1.0,""learning_rate"":0.03,""max_depth"":3,""min_child_weight"":3,""reg_alpha"":1.0,""reg_lambda"":1.0,""subsample"":0.7}",2026,1,240,60,136,1446.5114105017392,38.03303051955943,3,0.03,3,1.0,0.7,1.0,1.0,1.0,0.15938970037003408,0.008305958987107806,0.4005983943666192,0.0010519417111905145,0.22867714441123482,0.005073092175663058,0.10653155269790013,0.08448388223832572,0.00043060512615458556,0.0009263844054001863,0.0018136455487085046,0.0027176979616614187
repeated,1,"{""colsample_bytree"":1.0,""gamma"":1.0,""learning_rate"":0.03,""max_depth"":3,""min_child_weight"":3,""reg_alpha"":1.0,""reg_lambda"":1.0,""subsample"":0.7}",2026,2,240,60,112,1880.2078921549135,43.36136404859646,3,0.03,3,1.0,0.7,1.0,1.0,1.0,0.17723081388936435,0.009926143521030717,0.4294674379946204,0.0012853169529346094,0.20543997694095872,0.0016498993976861137,0.0994433363733136,0.06815766382841379,0.00032019020337257825,0.0005420010905875459,0.0010582822608870986,0.005478937546830478
repeated,1,"{""colsample_bytree"":1.0,""gamma"":1.0,""learning_rate"":0.03,""max_depth"":3,""min_child_weight"":3,""reg_alpha"":1.0,""reg_lambda"":1.0,""subsample"":0.7}",2026,3,240,60,289,1565.9185507122986,39.571688752342865,3,0.03,3,1.0,0.7,1.0,1.0,1.0,0.15124614813652792,0.02094576841395604,0.44793925897578735,0.003583188758890396,0.15164567011072996,0.00594729651263935,0.07822578949956432,0.1263177066208477,0.0021122435714534507,0.00225255554921505,0.005044323705187534,0.004740050145200891
repeated,1,"{""colsample_bytree"":1.0,""gamma"":1.0,""learning_rate"":0.03,""max_depth"":3,""min_child_weight"":3,""reg_alpha"":1.0,""reg_lambda"":1.0,""subsample"":0.7}",2026,4,240,60,331,1147.1017458342326,33.86889053149265,3,0.03,3,1.0,0.7,1.0,1.0,1.0,0.15192549234600272,0.01718490607275824,0.45066985006140664,0.005386407358397394,0.1676079682572443,0.01137599428371345,0.06732096853373101,0.11601962650838399,0.0016746056522135568,0.0008468372986488357,0.0042517317907490495,0.005735611836750783
repeated,1,"{""colsample_bytree"":1.0,""gamma"":1.0,""learning_rate"":0.03,""max_depth"":3,""min_child_weight"":3,""reg_alpha"":1.0,""reg_lambda"":1.0,""subsample"":0.7}",2026,5,240,60,229,1390.3306632637307,37.28713804066666,3,0.03,3,1.0,0.7,1.0,1.0,1.0,0.1676460257085139,0.020578102455339576,0.36348158364247485,0.004847520018796771,0.2736303661236394,0.00613142995979683,0.08221762234993255,0.07098453839778002,0.00043654605844663463,0.0007191114638118972,0.002699459873444797,0.0066276939480228066
repeated,1,"{""colsample_bytree"":1.0,""gamma"":1.0,""learning_rate"":0.03,""max_depth"":3,""min_child_weight"":3,""reg_alpha"":1.0,""reg_lambda"":1.0,""subsample"":0.7}",9618,1,240,60,163,846.5182384113953,29.094986482406128,3,0.03,3,1.0,0.7,1.0,1.0,1.0,0.16212702517797842,0.01158376016022518,0.4149777114634133,0.0015842637437983372,0.18258802139105806,0.005142238453656114,0.11066342429845508,0.0986082508528656,0.0011724038631664986,0.0016663646040027227,0.0015181793229859927,0.008368356668394717
repeated,1,"{""colsample_bytree"":1.0,""gamma"":1.0,""learning_rate"":0.03,""max_depth"":3,""min_child_weight"":3,""reg_alpha"":1.0,""reg_lambda"":1.0,""subsample"":0.7}",9618,2,240,60,184,1636.3971006127665,40.45240537486945,3,0.03,3,1.0,0.7,1.0,1.0,1.0,0.18354165573609763,0.011186722537652141,0.4315277074659119,0.001403010787748766,0.2190233723419055,0.0038156884496497426,0.0769431681535131,0.0621108886005506,0.000641810985019881,0.0008232958729969779,0.0016162869424196102,0.0073663921265341705
repeated,1,"{""colsample_bytree"":1.0,""gamma"":1.0,""learning_rate"":0.03,""max_depth"":3,""min_child_weight"":3,""reg_alpha"":1.0,""reg_lambda"":1.0,""subsample"":0.7}",9618,3,240,60,349,1399.2673075057162,37.40678157106965,3,0.03,3,1.0,0.7,1.0,1.0,1.0,0.1314287544003338,0.02951057383132686,0.4678914723190104,0.004470103353466269,0.1592406598907717,0.011086451560236873,0.05980217091767736,0.120081220433293,0.0024737679776468415,0.0013152634901729195,0.005703649406749575,0.006995912419314375
repeated,1,"{""colsample_bytree"":1.0,""gamma"":1.0,""learning_rate"":0.03,""max_depth"":3,""min_child_weight"":3,""reg_alpha"":1.0,""reg_lambda"":1.0,""subsample"":0.7}",9618,4,240,60,293,2029.9611674450946,45.05509036108012,3,0.03,3,1.0,0.7,1.0,1.0,1.0,0.1650108441413561,0.01814291464326987,0.43091124381050505,0.0008219018345663577,0.18312039054636076,0.0062057011165800105,0.10221067545509889,0.0821114582691513,0.0018114848875621034,0.0006490612388095015,0.005362614228520624,0.003641709828219426
repeated,1,"{""colsample_bytree"":1.0,""gamma"":1.0,""learning_rate"":0.03,""max_depth"":3,""min_child_weight"":3,""reg_alpha"":1.0,""reg_lambda"":1.0,""subsample"":0.7}",9618,5,240,60,264,1553.2381646275114,39.4111426455452,3,0.03,3,1.0,0.7,1.0,1.0,1.0,0.17581777846889843,0.014825170361596666,0.3831537865337984,0.004797538256489396,0.23172347737058752,0.0031921818382513417,0.0882672868728427,0.08448263412211812,0.0007399634372423611,0.0007048205073047873,0.0030078752646487995,0.009287486966221477
repeated,1,"{""colsample_bytree"":1.0,""gamma"":1.0,""learning_rate"":0.03,""max_depth"":3,""min_child_weight"":3,""reg_alpha"":1.0,""reg_lambda"":1.0,""subsample"":0.7}",19618,1,240,60,409,1477.5548785375784,38.43897603393694,3,0.03,3,1.0,0.7,1.0,1.0,1.0,0.1482646626306325,0.020847974405478618,0.40939364252270066,0.004917610981820531,0.20520494392989275,0.008757020677236169,0.08215865052378471,0.10536556462992318,0.0018454489190593056,0.0015398600176250211,0.004800020414669918,0.006904600347176649
repeated,1,"{""colsample_bytree"":1.0,""gamma"":1.0,""learning_rate"":0.03,""max_depth"":3,""min_child_weight"":3,""reg_alpha"":1.0,""reg_lambda"":1.0,""subsample"":0.7}",19618,2,240,60,197,1130.0437008246913,33.61612263222354,3,0.03,3,1.0,0.7,1.0,1.0,1.0,0.16825137590652697,0.014091960560677847,0.3255837661934915,0.0019426505573719634,0.2761394025459707,0.005636652702181518,0.09676711294553465,0.10431158232602802,0.0023919882584277226,0.0002775072782473593,0.002013833718081278,0.002592167007460454
repeated,1,"{""colsample_bytree"":1.0,""gamma"":1.0,""learning_rate"":0.03,""max_depth"":3,""min_child_weight"":3,""reg_alpha"":1.0,""reg_lambda"":1.0,""subsample"":0.7}",19618,3,240,60,155,1069.9416313975576,32.709962265303176,3,0.03,3,1.0,0.7,1.0,1.0,1.0,0.17098746257082964,0.009375660681290003,0.43986063911191847,0.002072713902403991,0.2035518792154995,0.003989482321701982,0.08527068969341459,0.07535221080879742,0.0004473079688770875,0.00047248901835239456,0.0024250028569456628,0.006194461849969245
repeated,1,"{""colsample_bytree"":1.0,""gamma"":1.0,""learning_rate"":0.03,""max_depth"":3,""min_child_weight"":3,""reg_alpha"":1.0,""reg_lambda"":1.0,""subsample"":0.7}",19618,4,240,60,98,1815.2212056728015,42.60541286823543,3,0.03,3,1.0,0.7,1.0,1.0,1.0,0.179493363402118,0.0148179627490642,0.454477745880342,0.0010031277611210225,0.157601436206001,0.006889955012113305,0.08186657186358491,0.09509662182511651,0.0007508035354630429,0.0,0.0022183567892781523,0.005784054975797855
repeated,1,"{""colsample_bytree"":1.0,""gamma"":1.0,""learning_rate"":0.03,""max_depth"":3,""min_child_weight"":3,""reg_alpha"":1.0,""reg_lambda"":1.0,""subsample"":0.7}",19618,5,240,60,311,1666.9919378648085,40.828812594353124,3,0.03,3,1.0,0.7,1.0,1.0,1.0,0.17226141546563412,0.015502309106935652,0.42132072663974335,0.003511386560774323,0.19436401983039953,0.005411303828017747,0.08150877561220549,0.09373511272236458,0.0008575491920353366,0.0015504412363752747,0.0044873413003101445,0.0054896185052044745
repeated,1,"{""colsample_bytree"":1.0,""gamma"":1.0,""learning_rate"":0.03,""max_depth"":3,""min_child_weight"":3,""reg_alpha"":1.0,""reg_lambda"":1.0,""subsample"":0.7}",31415,1,240,60,189,1246.9486899760075,35.312160652897006,3,0.03,3,1.0,0.7,1.0,1.0,1.0,0.17026750087610992,0.009654887782130786,0.3640188045517925,0.002851506651583612,0.23408379857283362,0.008996288484600894,0.08399147880254815,0.1162453277285183,0.0014925391274944288,0.0006074264456785533,0.0018040593686397754,0.005986381608069473
repeated,1,"{""colsample_bytree"":1.0,""gamma"":1.0,""learning_rate"":0.03,""max_depth"":3,""min_child_weight"":3,""reg_alpha"":1.0,""reg_lambda"":1.0,""subsample"":0.7}",31415,2,240,60,304,1628.679967106611,40.35690730354113,3,0.03,3,1.0,0.7,1.0,1.0,1.0,0.15212442488567804,0.025033502037911867,0.39887013582129166,0.003274258983614796,0.23580402062349842,0.00493027815892726,0.08299117171674684,0.07897458186857573,0.001328995380738747,0.0018594248181103517,0.004377115151129388,0.010432090553776856
repeated,1,"{""colsample_bytree"":1.0,""gamma"":1.0,""learning_rate"":0.03,""max_depth"":3,""min_child_weight"":3,""reg_alpha"":1.0,""reg_lambda"":1.0,""subsample"":0.7}",31415,3,240,60,436,1311.533751631426,36.21510391578942,3,0.03,3,1.0,0.7,1.0,1.0,1.0,0.15422160109484226,0.021837947107334766,0.45234271365427936,0.004133411241201163,0.17112558171809034,0.007849625209745565,0.08134338624595454,0.0920621687823168,0.001841014610293905,0.0018022125028342047,0.002410780649450981,0.00902955718365615
repeated,1,"{""colsample_bytree"":1.0,""gamma"":1.0,""learning_rate"":0.03,""max_depth"":3,""min_child_weight"":3,""reg_alpha"":1.0,""reg_lambda"":1.0,""subsample"":0.7}",31415,4,240,60,156,1467.5113575863224,38.3081108590116,3,0.03,3,1.0,0.7,1.0,1.0,1.0,0.19684492610373594,0.006912479634875147,0.34590471783012344,0.0024381953700147764,0.26882742229754264,0.004935192334218833,0.10040306586374373,0.06734545856234488,0.00018882077408842321,0.0001267446381557157,0.0013183334285298204,0.004754643162626695
repeated,1,"{""colsample_bytree"":1.0,""gamma"":1.0,""learning_rate"":0.03,""max_depth"":3,""min_child_weight"":3,""reg_alpha"":1.0,""reg_lambda"":1.0,""subsample"":0.7}",31415,5,240,60,290,1374.359619322232,37.072356538561614,3,0.03,3,1.0,0.7,1.0,1.0,1.0,0.15047948146962611,0.0262401838404131,0.48542306658215784,0.002136214701649342,0.1173700685278631,0.009983633161730574,0.08897842454178972,0.1055514801605197,0.0012550629124786444,0.0013641129697623904,0.003208340746157193,0.00800993038585231
repeated,37,"{""colsample_bytree"":0.85,""gamma"":1.0,""learning_rate"":0.01,""max_depth"":1,""min_child_weight"":5,""reg_alpha"":0.0,""reg_lambda"":5.0,""subsample"":0.7}",0,1,240,60,1371,1399.1498197693995,37.40521113119667,1,0.01,5,1.0,0.7,0.85,5.0,0.0,0.2135407309914619,0.004438186569598719,0.35352640383827394,0.0023828056163084864,0.18089886504405311,0.008465584897324277,0.11369180279500407,0.12045299948570641,0.0014123502824679582,3.3460465896016246e-05,0.0005922011250926826,0.0005646088888124309
repeated,37,"{""colsample_bytree"":0.85,""gamma"":1.0,""learning_rate"":0.01,""max_depth"":1,""min_child_weight"":5,""reg_alpha"":0.0,""reg_lambda"":5.0,""subsample"":0.7}",0,2,240,60,2348,1083.11695947751,32.91074231125013,1,0.01,5,1.0,0.7,0.85,5.0,0.0,0.20598054641376842,0.009784759307794202,0.3128180095114722,0.0008175892123201456,0.22465051096283314,0.004902357202538399,0.12290394551617538,0.10703722722424087,0.00023519596478446158,0.00014854453722029035,0.0027851581467169245,0.007936156000135577
repeated,37,"{""colsample_bytree"":0.85,""gamma"":1.0,""learning_rate"":0.01,""max_depth"":1,""min_child_weight"":5,""reg_alpha"":0.0,""reg_lambda"":5.0,""subsample"":0.7}",0,3,240,60,1598,1708.9413291325334,41.339343598230165,1,0.01,5,1.0,0.7,0.85,5.0,0.0,0.17854588100036597,0.01344867572715387,0.3442224965739788,6.941584334703354e-05,0.172740036855966,0.004287399093814849,0.14084906360574823,0.14145045176219428,0.0017751322198844195,0.0003509175916017755,0.001065703585354917,0.001194826140589848
repeated,37,"{""colsample_bytree"":0.85,""gamma"":1.0,""learning_rate"":0.01,""max_depth"":1,""min_child_weight"":5,""reg_alpha"":0.0,""reg_lambda"":5.0,""subsample"":0.7}",0,4,240,60,1477,779.5789443750577,27.920940965072393,1,0.01,5,1.0,0.7,0.85,5.0,0.0,0.2201698844768733,0.00497276043249466,0.3080577361340255,0.001282400389171949,0.1987019922751429,0.006745758340126082,0.11156988995609804,0.140850653971728,0.0019182116803674084,0.0,0.0005034926972981183,0.005227219646674046
repeated,37,"{""colsample_bytree"":0.85,""gamma"":1.0,""learning_rate"":0.01,""max_depth"":1,""min_child_weight"":5,""reg_alpha"":0.0,""reg_lambda"":5.0,""subsample"":0.7}",0,5,240,60,1537,1502.440101691975,38.76132223869531,1,0.01,5,1.0,0.7,0.85,5.0,0.0,0.24759886347523774,0.0040041147913482626,0.36158249111518964,0.000567751976756808,0.15564116825809207,0.0030339656425126304,0.1170763477813769,0.10697580408895163,0.001172451689315546,9.044510322753918e-05,0.00047865020180123084,0.001777945876190016
repeated,37,"{""colsample_bytree"":0.85,""gamma"":1.0,""learning_rate"":0.01,""max_depth"":1,""min_child_weight"":5,""reg_alpha"":0.0,""reg_lambda"":5.0,""subsample"":0.7}",42,1,240,60,614,1216.8557225321936,34.88345915376217,1,0.01,5,1.0,0.7,0.85,5.0,0.0,0.17657998547013898,0.002109902039744495,0.414009123436563,0.0,0.14710394221949918,0.00463376244008792,0.10992826456182818,0.1428662343026481,0.00012210796999215863,0.0,0.0,0.0026466775594979723
repeated,37,"{""colsample_bytree"":0.85,""gamma"":1.0,""learning_rate"":0.01,""max_depth"":1,""min_child_weight"":5,""reg_alpha"":0.0,""reg_lambda"":5.0,""subsample"":0.7}",42,2,240,60,1864,1361.5985034071596,36.899844219280375,1,0.01,5,1.0,0.7,0.85,5.0,0.0,0.2350197749598701,0.00632885436403692,0.25973075010564617,0.0012065212723077396,0.2528855746754854,0.009429688091948045,0.13005545872749188,0.09811733818381406,0.002232615515003533,0.0003398782190286685,0.0016619377393599197,0.0029916081460075964
repeated,37,"{""colsample_bytree"":0.85,""gamma"":1.0,""learning_rate"":0.01,""max_depth"":1,""min_child_weight"":5,""reg_alpha"":0.0,""reg_lambda"":5.0,""subsample"":0.7}",42,3,240,60,1161,1604.5873753028413,40.05730114851525,1,0.01,5,1.0,0.7,0.85,5.0,0.0,0.21172586673293942,0.004774758213962016,0.3088983980738413,0.0,0.19177238400026933,0.0012036994091114304,0.10686996099710008,0.1740344924172717,0.0001646806891877909,0.0,0.0002538442894048055,0.00030191517691210247
repeated,37,"{""colsample_bytree"":0.85,""gamma"":1.0,""learning_rate"":0.01,""max_depth"":1,""min_child_weight"":5,""reg_alpha"":0.0,""reg_lambda"":5.0,""subsample"":0.7}",42,4,240,60,1549,1015.3782992446679,31.865001164987707,1,0.01,5,1.0,0.7,0.85,5.0,0.0,0.24388958496986876,0.0059395623774168545,0.3176426886797382,0.0003827009770865238,0.17215471671501792,0.005145826908573164,0.126482118284383,0.12418727378926224,0.0006698785694634483,5.936364482805165e-05,0.0017101451279775007,0.001736139956384344
repeated,37,"{""colsample_bytree"":0.85,""gamma"":1.0,""learning_rate"":0.01,""max_depth"":1,""min_child_weight"":5,""reg_alpha"":0.0,""reg_lambda"":5.0,""subsample"":0.7}",42,5,240,60,2973,1782.4824461865708,42.21945577795349,1,0.01,5,1.0,0.7,0.85,5.0,0.0,0.19954710951965635,0.016007640202968368,0.36665723679923357,0.002034966994119387,0.178104371921244,0.0034634269216264886,0.1271537402743168,0.09668918524824625,0.0028731219212745815,0.00029313426335681424,0.003799589343890291,0.0033764765900671247
repeated,37,"{""colsample_bytree"":0.85,""gamma"":1.0,""learning_rate"":0.01,""max_depth"":1,""min_child_weight"":5,""reg_alpha"":0.0,""reg_lambda"":5.0,""subsample"":0.7}",2026,1,240,60,1728,1463.7122379204582,38.258492363401594,1,0.01,5,1.0,0.7,0.85,5.0,0.0,0.19650219443981287,0.00908340499078121,0.34922933738172335,0.000319391981694917,0.17692409021989935,0.0068192049456632575,0.1454648375092468,0.11291249160397929,0.0002423367137499635,0.00027424102840169977,0.0008162449903330221,0.0014122241947143023
repeated,37,"{""colsample_bytree"":0.85,""gamma"":1.0,""learning_rate"":0.01,""max_depth"":1,""min_child_weight"":5,""reg_alpha"":0.0,""reg_lambda"":5.0,""subsample"":0.7}",2026,2,240,60,1007,1625.3913634407477,40.31614271530385,1,0.01,5,1.0,0.7,0.85,5.0,0.0,0.23875843651386444,0.006158208857892522,0.3372445823733155,0.0004942747590603549,0.1933827135281374,0.002265068409885201,0.12512327678074553,0.09131375463215435,0.00036384433733225723,7.815725958962962e-05,0.0,0.004817682548022805
repeated,37,"{""colsample_bytree"":0.85,""gamma"":1.0,""learning_rate"":0.01,""max_depth"":1,""min_child_weight"":5,""reg_alpha"":0.0,""reg_lambda"":5.0,""subsample"":0.7}",2026,3,240,60,1393,1365.3374660635889,36.95047315074042,1,0.01,5,1.0,0.7,0.85,5.0,0.0,0.23038131681432497,0.0026892332774685556,0.3258736468647203,0.0011742813554256638,0.16988562438488106,0.0027127007677659395,0.11555734740177698,0.14699470044203253,0.00177672362162427,0.0,0.001438519948446916,0.0015159051215328139
repeated,37,"{""colsample_bytree"":0.85,""gamma"":1.0,""learning_rate"":0.01,""max_depth"":1,""min_child_weight"":5,""reg_alpha"":0.0,""reg_lambda"":5.0,""subsample"":0.7}",2026,4,240,60,1723,1073.2930232953638,32.761151128972315,1,0.01,5,1.0,0.7,0.85,5.0,0.0,0.1999908254968946,0.005086173534608362,0.36375836877437123,0.0007832891588908196,0.16358798437529581,0.00612403011587391,0.09099131266769658,0.16470080419200336,0.0018325667933638962,0.0,0.002178644977087831,0.0009659999139136014
repeated,37,"{""colsample_bytree"":0.85,""gamma"":1.0,""learning_rate"":0.01,""max_depth"":1,""min_child_weight"":5,""reg_alpha"":0.0,""reg_lambda"":5.0,""subsample"":0.7}",2026,5,240,60,1178,1459.2974832529078,38.20075239118868,1,0.01,5,1.0,0.7,0.85,5.0,0.0,0.2134153127050055,0.005400637427389688,0.31406424795567556,0.0009281452688974037,0.23067595347828748,0.005215245700750939,0.11428334067962571,0.11486223385393023,0.00015846403512084192,4.8416860240670044e-05,0.0005909622888733299,0.0003570397462026442
repeated,37,"{""colsample_bytree"":0.85,""gamma"":1.0,""learning_rate"":0.01,""max_depth"":1,""min_child_weight"":5,""reg_alpha"":0.0,""reg_lambda"":5.0,""subsample"":0.7}",9618,1,240,60,1092,881.7696772713837,29.694606871810638,1,0.01,5,1.0,0.7,0.85,5.0,0.0,0.2050351527134575,0.0029338582021001818,0.337223802452224,0.0005399935881983746,0.16869411613243637,0.004177953442157121,0.14793639591650182,0.13026884150358992,0.0006122947729654723,0.0,0.00012656033679086205,0.002451030939578391
repeated,37,"{""colsample_bytree"":0.85,""gamma"":1.0,""learning_rate"":0.01,""max_depth"":1,""min_child_weight"":5,""reg_alpha"":0.0,""reg_lambda"":5.0,""subsample"":0.7}",9618,2,240,60,2205,1465.5862498314245,38.282975979296914,1,0.01,5,1.0,0.7,0.85,5.0,0.0,0.2474314037189529,0.006307492101464073,0.3392558594998948,0.001427651511253192,0.2066787449047677,0.004435225710997335,0.10438091898818433,0.08291370616340912,0.00038446075164323213,0.0003461105368991701,0.0023283611038257546,0.004110065008708382
repeated,37,"{""colsample_bytree"":0.85,""gamma"":1.0,""learning_rate"":0.01,""max_depth"":1,""min_child_weight"":5,""reg_alpha"":0.0,""reg_lambda"":5.0,""subsample"":0.7}",9618,3,240,60,960,1656.1244138652287,40.69550852201295,1,0.01,5,1.0,0.7,0.85,5.0,0.0,0.18121416984948532,0.005536781246701478,0.37375377533571724,0.00026810630094161754,0.18131069821898682,0.004742186172896751,0.08237962569531021,0.1700707154340687,0.0005470929609991612,0.0,0.00011515431971497692,6.169446517771122e-05
repeated,37,"{""colsample_bytree"":0.85,""gamma"":1.0,""learning_rate"":0.01,""max_depth"":1,""min_child_weight"":5,""reg_alpha"":0.0,""reg_lambda"":5.0,""subsample"":0.7}",9618,4,240,60,2953,1970.9654803843343,44.395556989234116,1,0.01,5,1.0,0.7,0.85,5.0,0.0,0.2170699506251524,0.010866605625063024,0.3258491218807511,8.748068605628572e-05,0.16762471190117073,0.006609694983313584,0.15273230909744884,0.11075110834541622,0.0014875649972144883,7.823726025657022e-05,0.0042173779565443425,0.0026258366416123547
repeated,37,"{""colsample_bytree"":0.85,""gamma"":1.0,""learning_rate"":0.01,""max_depth"":1,""min_child_weight"":5,""reg_alpha"":0.0,""reg_lambda"":5.0,""subsample"":0.7}",9618,5,240,60,2791,1512.4789783681642,38.890602699986076,1,0.01,5,1.0,0.7,0.85,5.0,0.0,0.2261865093392858,0.009262969515032585,0.30465745823427276,0.0040843315160146495,0.2066593733914593,0.005653970637037084,0.11603713469007101,0.12002615908622909,0.0016424291804477973,5.8645194470768236e-05,0.0015917352055834174,0.004139284010095729
repeated,37,"{""colsample_bytree"":0.85,""gamma"":1.0,""learning_rate"":0.01,""max_depth"":1,""min_child_weight"":5,""reg_alpha"":0.0,""reg_lambda"":5.0,""subsample"":0.7}",19618,1,240,60,2116,1314.7644560600168,36.25968085987543,1,0.01,5,1.0,0.7,0.85,5.0,0.0,0.18839252579417679,0.008679326887783527,0.35900323322324407,0.0015359164601561198,0.1833671963748816,0.0052678539561550955,0.11590186852606221,0.13174930060129753,0.0013962499263673511,0.0001512435216038874,0.0027366556247514686,0.001818629103520349
repeated,37,"{""colsample_bytree"":0.85,""gamma"":1.0,""learning_rate"":0.01,""max_depth"":1,""min_child_weight"":5,""reg_alpha"":0.0,""reg_lambda"":5.0,""subsample"":0.7}",19618,2,240,60,1227,1009.8768543012646,31.77855966373027,1,0.01,5,1.0,0.7,0.85,5.0,0.0,0.20608495658988832,0.003997096769926034,0.30392246562914255,0.0,0.23337490805323016,0.003178179344407824,0.12855487204304922,0.11768432849773984,0.00217493350966505,0.0,6.714360832857423e-05,0.0009611159546224405
repeated,37,"{""colsample_bytree"":0.85,""gamma"":1.0,""learning_rate"":0.01,""max_depth"":1,""min_child_weight"":5,""reg_alpha"":0.0,""reg_lambda"":5.0,""subsample"":0.7}",19618,3,240,60,816,1303.927891519761,36.109941726895116,1,0.01,5,1.0,0.7,0.85,5.0,0.0,0.217216484807097,0.00021987182560662648,0.35929571918035896,0.0008212738332848022,0.21126597305012432,0.002282578387684489,0.11149766579690752,0.09419136551400419,0.0,0.0,0.0,0.0032090676049320844
repeated,37,"{""colsample_bytree"":0.85,""gamma"":1.0,""learning_rate"":0.01,""max_depth"":1,""min_child_weight"":5,""reg_alpha"":0.0,""reg_lambda"":5.0,""subsample"":0.7}",19618,4,240,60,796,1776.358959793567,42.14687366571294,1,0.01,5,1.0,0.7,0.85,5.0,0.0,0.24450647034943496,0.008261340139053198,0.32176465482360694,0.00017255517332874306,0.16275172575143526,0.004052817633560916,0.1249551516523528,0.1304164285821672,0.0,0.0,0.0,0.0031188558950599457
repeated,37,"{""colsample_bytree"":0.85,""gamma"":1.0,""learning_rate"":0.01,""max_depth"":1,""min_child_weight"":5,""reg_alpha"":0.0,""reg_lambda"":5.0,""subsample"":0.7}",19618,5,240,60,1268,1536.2148171163992,39.19457637373313,1,0.01,5,1.0,0.7,0.85,5.0,0.0,0.22268617073110558,0.0030328236841608396,0.3381939852840177,0.00012874044116199953,0.1612928913118597,0.0027595023176148308,0.12272725450212735,0.14676088975594515,4.521279508878909e-05,0.0002035953869995605,0.0005096343673832564,0.0016592994225352476
repeated,37,"{""colsample_bytree"":0.85,""gamma"":1.0,""learning_rate"":0.01,""max_depth"":1,""min_child_weight"":5,""reg_alpha"":0.0,""reg_lambda"":5.0,""subsample"":0.7}",31415,1,240,60,2305,1151.5880475858005,33.935056322125064,1,0.01,5,1.0,0.7,0.85,5.0,0.0,0.22170136368016521,0.006808017338463904,0.3117068455502039,0.0014865413054250558,0.18937279644180083,0.008769474535476817,0.11523608566264995,0.13976927779116552,0.0010193189771209616,3.9513266417977244e-05,0.001673155356613694,0.002417610094496178
repeated,37,"{""colsample_bytree"":0.85,""gamma"":1.0,""learning_rate"":0.01,""max_depth"":1,""min_child_weight"":5,""reg_alpha"":0.0,""reg_lambda"":5.0,""subsample"":0.7}",31415,2,240,60,2194,1579.8868438163688,39.74779042684472,1,0.01,5,1.0,0.7,0.85,5.0,0.0,0.20068221863502742,0.010119048170190189,0.3329445291658205,0.0008225763136496246,0.21838123196520687,0.0036527297869865453,0.1279267553359896,0.0963479219628527,0.00043344669972902324,0.0016387287893555142,0.002746550587430304,0.004304262587761715
repeated,37,"{""colsample_bytree"":0.85,""gamma"":1.0,""learning_rate"":0.01,""max_depth"":1,""min_child_weight"":5,""reg_alpha"":0.0,""reg_lambda"":5.0,""subsample"":0.7}",31415,3,240,60,2784,1027.9112206836564,32.061054578470376,1,0.01,5,1.0,0.7,0.85,5.0,0.0,0.21454151893576406,0.01322251051230586,0.353831399940134,0.0025379181546040684,0.17536927714432787,0.0031002253465742175,0.12519891654535859,0.10578421285698948,0.0026245051562664968,0.0006322371037875742,0.0015722144626603965,0.0015850638412274042
repeated,37,"{""colsample_bytree"":0.85,""gamma"":1.0,""learning_rate"":0.01,""max_depth"":1,""min_child_weight"":5,""reg_alpha"":0.0,""reg_lambda"":5.0,""subsample"":0.7}",31415,4,240,60,1159,1386.8109642882114,37.239910906018714,1,0.01,5,1.0,0.7,0.85,5.0,0.0,0.24058280922192454,0.00251671916287127,0.3091493517945191,0.0005331536936642518,0.21109716406855877,0.003508851269141499,0.11753502121388024,0.11148816503973123,0.0002461486790543042,0.0,0.0002795705140782676,0.003063045342576546
repeated,37,"{""colsample_bytree"":0.85,""gamma"":1.0,""learning_rate"":0.01,""max_depth"":1,""min_child_weight"":5,""reg_alpha"":0.0,""reg_lambda"":5.0,""subsample"":0.7}",31415,5,240,60,1719,1437.968486451378,37.92055493332578,1,0.01,5,1.0,0.7,0.85,5.0,0.0,0.20281511092102567,0.007643634959320633,0.3699084036810294,0.0011546440418218592,0.15098482806020447,0.009490386065744686,0.11308218366663073,0.1380070188323138,0.0019415657713708063,0.0016409971763602785,0.0009536177841814004,0.0023776090399962807
repeated,53,"{""colsample_bytree"":1.0,""gamma"":0.1,""learning_rate"":0.05,""max_depth"":1,""min_child_weight"":3,""reg_alpha"":0.0,""reg_lambda"":10.0,""subsample"":0.7}",0,1,240,60,391,1354.0397692770205,36.7972793733045,1,0.05,3,0.1,0.7,1.0,10.0,0.0,0.2094078535733399,0.00653336676932055,0.3510631071416139,0.0002846728152918959,0.19245449815352447,0.006265690429803624,0.11094732546735532,0.12061215189145272,0.0008510271130254704,0.0,0.0011887189173852648,0.00039158772788690655
repeated,53,"{""colsample_bytree"":1.0,""gamma"":0.1,""learning_rate"":0.05,""max_depth"":1,""min_child_weight"":3,""reg_alpha"":0.0,""reg_lambda"":10.0,""subsample"":0.7}",0,2,240,60,961,1176.9565696562397,34.30680063276434,1,0.05,3,0.1,0.7,1.0,10.0,0.0,0.21629851056936944,0.015850629838087663,0.2689795909812771,0.0012240121689870004,0.2548850119023126,0.00787667529776261,0.1239312054664161,0.09584814838087526,0.00041464683092206717,9.006529415376566e-05,0.00658922764525057,0.008012275624585822
repeated,53,"{""colsample_bytree"":1.0,""gamma"":0.1,""learning_rate"":0.05,""max_depth"":1,""min_child_weight"":3,""reg_alpha"":0.0,""reg_lambda"":10.0,""subsample"":0.7}",0,3,240,60,462,1731.1475070304114,41.60706078336238,1,0.05,3,0.1,0.7,1.0,10.0,0.0,0.17314450470290152,0.018802677282018544,0.3125458630211901,0.00015831078099165505,0.19741418771932231,0.005132330890159148,0.15547643977511247,0.131436952395671,0.0029317212053532543,0.0,0.0017516748918706972,0.0012053373354092983
repeated,53,"{""colsample_bytree"":1.0,""gamma"":0.1,""learning_rate"":0.05,""max_depth"":1,""min_child_weight"":3,""reg_alpha"":0.0,""reg_lambda"":10.0,""subsample"":0.7}",0,4,240,60,699,813.2327461330684,28.517235948336022,1,0.05,3,0.1,0.7,1.0,10.0,0.0,0.22377643632836317,0.01016308011733782,0.2808583696288227,0.0003746230677058109,0.20554355404552233,0.008444556270173535,0.12493437002001744,0.13678821925014809,0.0007127278474089593,0.00014807037687007357,0.002561730511134923,0.005694262536495193
repeated,53,"{""colsample_bytree"":1.0,""gamma"":0.1,""learning_rate"":0.05,""max_depth"":1,""min_child_weight"":3,""reg_alpha"":0.0,""reg_lambda"":10.0,""subsample"":0.7}",0,5,240,60,481,1495.0759943788298,38.66621256832417,1,0.05,3,0.1,0.7,1.0,10.0,0.0,0.2358677507643488,0.003964322189781739,0.3864024700778092,0.0,0.14119846900115174,0.0013909362006722429,0.11659865673218954,0.10937217263508103,0.0008839581877216938,0.0007170260983797809,0.0019741218599641317,0.0016301162529000865
repeated,53,"{""colsample_bytree"":1.0,""gamma"":0.1,""learning_rate"":0.05,""max_depth"":1,""min_child_weight"":3,""reg_alpha"":0.0,""reg_lambda"":10.0,""subsample"":0.7}",42,1,240,60,124,1329.3276629742572,36.459946008932285,1,0.05,3,0.1,0.7,1.0,10.0,0.0,0.18062387258678886,0.0,0.3952061128905123,0.0,0.17116892681898477,0.0013468067279045497,0.10905591276094191,0.14118959724233454,0.0,0.0,0.0,0.0014087709725330753
repeated,53,"{""colsample_bytree"":1.0,""gamma"":0.1,""learning_rate"":0.05,""max_depth"":1,""min_child_weight"":3,""reg_alpha"":0.0,""reg_lambda"":10.0,""subsample"":0.7}",42,2,240,60,845,1415.6144839243873,37.62465260868713,1,0.05,3,0.1,0.7,1.0,10.0,0.0,0.22167566470843433,0.012113092469649318,0.23394342350037517,0.0006331170765328789,0.2717304094663742,0.011923917660293461,0.12535935378962473,0.10722010018854708,0.0016051749276262766,0.0008277420123207359,0.0055233700106837105,0.007444634189538095
repeated,53,"{""colsample_bytree"":1.0,""gamma"":0.1,""learning_rate"":0.05,""max_depth"":1,""min_child_weight"":3,""reg_alpha"":0.0,""reg_lambda"":10.0,""subsample"":0.7}",42,3,240,60,885,1521.0350388563445,39.00044921351989,1,0.05,3,0.1,0.7,1.0,10.0,0.0,0.20885388157977228,0.014778190911511085,0.3162661483800825,0.0003127831256986289,0.17950169315850148,0.004980334816448224,0.11364505638608173,0.1521461306485555,0.0010151502253604996,0.00022424939198521584,0.004120812848583599,0.004155568527419257
repeated,53,"{""colsample_bytree"":1.0,""gamma"":0.1,""learning_rate"":0.05,""max_depth"":1,""min_child_weight"":3,""reg_alpha"":0.0,""reg_lambda"":10.0,""subsample"":0.7}",42,4,240,60,433,1023.5476086426651,31.992930604161057,1,0.05,3,0.1,0.7,1.0,10.0,0.0,0.23868572957267942,0.007852935370163048,0.31269238917979253,0.0,0.16852861845645198,0.0053791379512733275,0.12968192956132046,0.13272802167150377,0.0002853850063755568,0.0,0.0025145607721142374,0.001651292458325687
repeated,53,"{""colsample_bytree"":1.0,""gamma"":0.1,""learning_rate"":0.05,""max_depth"":1,""min_child_weight"":3,""reg_alpha"":0.0,""reg_lambda"":10.0,""subsample"":0.7}",42,5,240,60,623,1850.4135494052891,43.01643348076743,1,0.05,3,0.1,0.7,1.0,10.0,0.0,0.19629948305682515,0.013904327878121112,0.3748197482253982,0.0012448078114798969,0.1615395943344002,0.003595657404683524,0.1286934115883651,0.1090731441530773,0.003163055789340939,9.475799544843778e-05,0.003670459593970503,0.0039015521688896444
repeated,53,"{""colsample_bytree"":1.0,""gamma"":0.1,""learning_rate"":0.05,""max_depth"":1,""min_child_weight"":3,""reg_alpha"":0.0,""reg_lambda"":10.0,""subsample"":0.7}",2026,1,240,60,458,1482.136985203489,38.4985322473921,1,0.05,3,0.1,0.7,1.0,10.0,0.0,0.20225116012085795,0.006621270661320153,0.3277724909965752,0.00044563619343044675,0.19423111077808652,0.009015551756035191,0.14799711698627202,0.10445773012405804,9.558594421228568e-05,0.0005527189311686758,0.0022179231040027857,0.0043417044039807595
repeated,53,"{""colsample_bytree"":1.0,""gamma"":0.1,""learning_rate"":0.05,""max_depth"":1,""min_child_weight"":3,""reg_alpha"":0.0,""reg_lambda"":10.0,""subsample"":0.7}",2026,2,240,60,426,1568.3774545669248,39.602745543294404,1,0.05,3,0.1,0.7,1.0,10.0,0.0,0.25582865043603337,0.009324001060357022,0.31345865909163784,0.0,0.19578544555521366,0.003994681210909505,0.12426492468555998,0.09001293852140314,0.0012978955299813725,0.0002952100339628945,0.0014836520791783713,0.0042539417957628495
repeated,53,"{""colsample_bytree"":1.0,""gamma"":0.1,""learning_rate"":0.05,""max_depth"":1,""min_child_weight"":3,""reg_alpha"":0.0,""reg_lambda"":10.0,""subsample"":0.7}",2026,3,240,60,858,1476.451555309262,38.42462173280645,1,0.05,3,0.1,0.7,1.0,10.0,0.0,0.2116140474219896,0.012095801254388947,0.33234820841122353,0.0008516561296252222,0.16245593488318982,0.005467002995409275,0.12228050908284863,0.14129687922109282,0.0023143531432813203,0.0,0.0043378218449327075,0.004937785612018101
repeated,53,"{""colsample_bytree"":1.0,""gamma"":0.1,""learning_rate"":0.05,""max_depth"":1,""min_child_weight"":3,""reg_alpha"":0.0,""reg_lambda"":10.0,""subsample"":0.7}",2026,4,240,60,527,1013.7804400203255,31.83991897006532,1,0.05,3,0.1,0.7,1.0,10.0,0.0,0.20797982084959474,0.006411788818802211,0.356929343252579,0.000525454912744643,0.17317421698601757,0.010722612815908588,0.0879578072289445,0.1500891803074193,0.0015140078107511992,0.0,0.003281978136800204,0.0014137888804380432
repeated,53,"{""colsample_bytree"":1.0,""gamma"":0.1,""learning_rate"":0.05,""max_depth"":1,""min_child_weight"":3,""reg_alpha"":0.0,""reg_lambda"":10.0,""subsample"":0.7}",2026,5,240,60,331,1430.9409996516367,37.827780792053304,1,0.05,3,0.1,0.7,1.0,10.0,0.0,0.21495475791342608,0.004661518735818633,0.29226845002294316,0.0007696084847424054,0.2525534275308081,0.0019288013623725967,0.10502809291920459,0.12563426776478506,0.00021809693491033072,0.0,0.0013299428926762823,0.0006530354383127369
repeated,53,"{""colsample_bytree"":1.0,""gamma"":0.1,""learning_rate"":0.05,""max_depth"":1,""min_child_weight"":3,""reg_alpha"":0.0,""reg_lambda"":10.0,""subsample"":0.7}",9618,1,240,60,368,851.2305313672621,29.175855280818453,1,0.05,3,0.1,0.7,1.0,10.0,0.0,0.2129946426936899,0.004631635153250633,0.3201372375145056,0.0,0.17600415862438287,0.004780332721881763,0.1475233662428269,0.1305383826674725,0.0005607381432744672,0.0,0.0001965727396474878,0.0026329334990678726
repeated,53,"{""colsample_bytree"":1.0,""gamma"":0.1,""learning_rate"":0.05,""max_depth"":1,""min_child_weight"":3,""reg_alpha"":0.0,""reg_lambda"":10.0,""subsample"":0.7}",9618,2,240,60,1120,1605.406457312203,40.06752372323754,1,0.05,3,0.1,0.7,1.0,10.0,0.0,0.2299342662830525,0.012792004667903863,0.35739389731367216,0.0018752560717828427,0.18628027880592934,0.008146382711618235,0.10359411277352115,0.08259898943732356,0.0003490876958368761,0.0006513243597808023,0.00759135660912956,0.008793043270449117
repeated,53,"{""colsample_bytree"":1.0,""gamma"":0.1,""learning_rate"":0.05,""max_depth"":1,""min_child_weight"":3,""reg_alpha"":0.0,""reg_lambda"":10.0,""subsample"":0.7}",9618,3,240,60,547,1348.2812607159474,36.71894961346181,1,0.05,3,0.1,0.7,1.0,10.0,0.0,0.17402471020904847,0.014553404998829617,0.37904074012512545,0.00037946076088956184,0.17450959858516074,0.007302217380660902,0.08790025573267463,0.15478221881882118,0.001768636841926448,0.0004624040894698654,0.0030598019723733546,0.002216550485019767
repeated,53,"{""colsample_bytree"":1.0,""gamma"":0.1,""learning_rate"":0.05,""max_depth"":1,""min_child_weight"":3,""reg_alpha"":0.0,""reg_lambda"":10.0,""subsample"":0.7}",9618,4,240,60,849,2057.7154375698233,45.362048427841344,1,0.05,3,0.1,0.7,1.0,10.0,0.0,0.21550208595514656,0.01467838541597817,0.3603427055815583,0.00023701051286494798,0.14384839218280157,0.010445528121620527,0.139225296883615,0.10541845368800629,0.0017441317278895287,0.0001229020563974485,0.006948032372730418,0.0014870755013912408
repeated,53,"{""colsample_bytree"":1.0,""gamma"":0.1,""learning_rate"":0.05,""max_depth"":1,""min_child_weight"":3,""reg_alpha"":0.0,""reg_lambda"":10.0,""subsample"":0.7}",9618,5,240,60,934,1650.168817369552,40.62226996820281,1,0.05,3,0.1,0.7,1.0,10.0,0.0,0.22140879403737396,0.012570120994179547,0.291789040407616,0.002335445737051964,0.20603779835947078,0.004601359442158114,0.12045785874301304,0.130654381680372,0.0007727810651271294,0.0006072010363645258,0.0024015307943798386,0.006363687702893101
repeated,53,"{""colsample_bytree"":1.0,""gamma"":0.1,""learning_rate"":0.05,""max_depth"":1,""min_child_weight"":3,""reg_alpha"":0.0,""reg_lambda"":10.0,""subsample"":0.7}",19618,1,240,60,747,1527.4736188568627,39.0829069908683,1,0.05,3,0.1,0.7,1.0,10.0,0.0,0.1927061520105089,0.010947634804488501,0.33698070730110374,0.0012474779006909856,0.18515724954209542,0.006897795083840555,0.12370295111594273,0.13253255411285633,0.001315526923139928,0.00031298580644103456,0.004051701952024457,0.004147263446867381
repeated,53,"{""colsample_bytree"":1.0,""gamma"":0.1,""learning_rate"":0.05,""max_depth"":1,""min_child_weight"":3,""reg_alpha"":0.0,""reg_lambda"":10.0,""subsample"":0.7}",19618,2,240,60,388,974.472457948581,31.21654141554732,1,0.05,3,0.1,0.7,1.0,10.0,0.0,0.20487383858152064,0.005545612611742335,0.2910790794490115,0.0,0.22671665718460798,0.0043362075952383125,0.14200389010665213,0.11961365008602966,0.0030617058225782447,0.0,0.0004021991158819616,0.002367159446737207
repeated,53,"{""colsample_bytree"":1.0,""gamma"":0.1,""learning_rate"":0.05,""max_depth"":1,""min_child_weight"":3,""reg_alpha"":0.0,""reg_lambda"":10.0,""subsample"":0.7}",19618,3,240,60,170,1393.7056416651478,37.33236721218128,1,0.05,3,0.1,0.7,1.0,10.0,0.0,0.22494261402214866,0.0016088602709160252,0.31274859965117496,0.0,0.22422027258927574,0.0023026404027038645,0.12250587619504626,0.0977937847090016,0.0,0.0,0.0,0.013877352159732874
repeated,53,"{""colsample_bytree"":1.0,""gamma"":0.1,""learning_rate"":0.05,""max_depth"":1,""min_child_weight"":3,""reg_alpha"":0.0,""reg_lambda"":10.0,""subsample"":0.7}",19618,4,240,60,431,1769.1379789476948,42.06112194114293,1,0.05,3,0.1,0.7,1.0,10.0,0.0,0.240324298269713,0.015597356348316755,0.3387143246974022,0.0,0.1603826763146479,0.006044722402547874,0.12230755019929711,0.11132875875028783,0.0008271928084143665,0.0,0.000125102100190612,0.0043480181091823744
repeated,53,"{""colsample_bytree"":1.0,""gamma"":0.1,""learning_rate"":0.05,""max_depth"":1,""min_child_weight"":3,""reg_alpha"":0.0,""reg_lambda"":10.0,""subsample"":0.7}",19618,5,240,60,351,1545.1883925141344,39.30888439671284,1,0.05,3,0.1,0.7,1.0,10.0,0.0,0.2137318373454112,0.0034717571856439,0.3332126707507355,0.0004317330594631044,0.1883269767902353,0.002979481443708673,0.11547217389755716,0.14009532552310652,0.00026104104886462946,0.0,0.0007036826943487259,0.0013133202609252226
repeated,53,"{""colsample_bytree"":1.0,""gamma"":0.1,""learning_rate"":0.05,""max_depth"":1,""min_child_weight"":3,""reg_alpha"":0.0,""reg_lambda"":10.0,""subsample"":0.7}",31415,1,240,60,570,1220.1302690466096,34.9303631393464,1,0.05,3,0.1,0.7,1.0,10.0,0.0,0.2104562966982286,0.008183645784702693,0.32981261428984127,0.0016695393320197453,0.1763448509714337,0.009982882066193405,0.11833218319876593,0.14006012974558787,0.0009877123352565003,0.00016076866178774599,0.0018963966963986545,0.002112980219783842
repeated,53,"{""colsample_bytree"":1.0,""gamma"":0.1,""learning_rate"":0.05,""max_depth"":1,""min_child_weight"":3,""reg_alpha"":0.0,""reg_lambda"":10.0,""subsample"":0.7}",31415,2,240,60,761,1552.8845073933762,39.406655623046426,1,0.05,3,0.1,0.7,1.0,10.0,0.0,0.1935421013612686,0.013924993171850968,0.32222028084059934,0.0007611825712486563,0.22203677853932638,0.006516986729726191,0.12599598071181642,0.1021512779430845,0.0004491906227424212,0.001849961435702835,0.004557900353825749,0.005993365718807951
repeated,53,"{""colsample_bytree"":1.0,""gamma"":0.1,""learning_rate"":0.05,""max_depth"":1,""min_child_weight"":3,""reg_alpha"":0.0,""reg_lambda"":10.0,""subsample"":0.7}",31415,3,240,60,1005,1114.5594643584448,33.38501856160102,1,0.05,3,0.1,0.7,1.0,10.0,0.0,0.2096407649366345,0.017966499368317717,0.3582876294745155,0.0007874249014551424,0.16336775888391106,0.006402650117786523,0.12961822259153055,0.1030172156870145,0.0014109163406979984,0.0014650070608545028,0.004362949254402687,0.0036729613828793465
repeated,53,"{""colsample_bytree"":1.0,""gamma"":0.1,""learning_rate"":0.05,""max_depth"":1,""min_child_weight"":3,""reg_alpha"":0.0,""reg_lambda"":10.0,""subsample"":0.7}",31415,4,240,60,268,1418.6195980859015,37.66456687771547,1,0.05,3,0.1,0.7,1.0,10.0,0.0,0.23711493292546526,0.0025739179302197443,0.29532786885373064,0.0,0.21894087816075322,0.002273446956465688,0.12065657662554925,0.12002662498029339,0.0006326233846828066,0.0,0.0001527186998072443,0.0023004114830327458
repeated,53,"{""colsample_bytree"":1.0,""gamma"":0.1,""learning_rate"":0.05,""max_depth"":1,""min_child_weight"":3,""reg_alpha"":0.0,""reg_lambda"":10.0,""subsample"":0.7}",31415,5,240,60,766,1352.112432835405,36.771081474922724,1,0.05,3,0.1,0.7,1.0,10.0,0.0,0.21008490200112973,0.013231595838672668,0.34568032250351505,0.0002940800588498201,0.1525174711873421,0.013677674150396063,0.11804234337505808,0.13255899204033592,0.001974629938737176,0.0035898861752526622,0.00278171142675667,0.005566391303954068
repeated,40,"{""colsample_bytree"":0.85,""gamma"":0.1,""learning_rate"":0.05,""max_depth"":4,""min_child_weight"":5,""reg_alpha"":0.1,""reg_lambda"":1.0,""subsample"":0.7}",0,1,240,60,109,1645.2607519308888,40.56181396252994,4,0.05,5,0.1,0.7,0.85,1.0,0.1,0.1576018659821364,0.010270234270335637,0.4324831747400899,0.004102481231919207,0.1934997077252771,0.010786569907729722,0.09351815207062544,0.08068818724231785,0.0029382810929348443,0.0012672353772305914,0.003334307430572505,0.009509802928830805
repeated,40,"{""colsample_bytree"":0.85,""gamma"":0.1,""learning_rate"":0.05,""max_depth"":4,""min_child_weight"":5,""reg_alpha"":0.1,""reg_lambda"":1.0,""subsample"":0.7}",0,2,240,60,113,1130.0066070434739,33.61557090164428,4,0.05,5,0.1,0.7,0.85,1.0,0.1,0.17249111237127515,0.020424342644731374,0.3076584733085139,0.006807605191571825,0.3004163623809032,0.009226024734235687,0.08020763928719268,0.08468104812393909,0.0006710335952830254,0.001061892422915857,0.00491525894153561,0.011439206997902558
repeated,40,"{""colsample_bytree"":0.85,""gamma"":0.1,""learning_rate"":0.05,""max_depth"":4,""min_child_weight"":5,""reg_alpha"":0.1,""reg_lambda"":1.0,""subsample"":0.7}",0,3,240,60,171,1746.6890136469822,41.79340873447609,4,0.05,5,0.1,0.7,0.85,1.0,0.1,0.126949970135271,0.03311676112886888,0.437098039394578,0.004964907990514311,0.17673230651883873,0.012131763160185272,0.08754065753922392,0.1015124797030013,0.002142492567506104,0.00166894981490652,0.0065266021582265545,0.009615069888879406
repeated,40,"{""colsample_bytree"":0.85,""gamma"":0.1,""learning_rate"":0.05,""max_depth"":4,""min_child_weight"":5,""reg_alpha"":0.1,""reg_lambda"":1.0,""subsample"":0.7}",0,4,240,60,115,1072.9337152783053,32.75566691853953,4,0.05,5,0.1,0.7,0.85,1.0,0.1,0.1814880928388813,0.017564611961750794,0.31642290717087934,0.006412896946290495,0.23506885107132905,0.01248864746956966,0.07980042934094278,0.12958683196860843,0.003597184833268134,0.0029239611778391185,0.0036974486039780983,0.010948136616662786
repeated,40,"{""colsample_bytree"":0.85,""gamma"":0.1,""learning_rate"":0.05,""max_depth"":4,""min_child_weight"":5,""reg_alpha"":0.1,""reg_lambda"":1.0,""subsample"":0.7}",0,5,240,60,69,1490.3318262465516,38.60481610170616,4,0.05,5,0.1,0.7,0.85,1.0,0.1,0.1853443433364661,0.012443333491235402,0.43007307071091166,0.0039171387133431585,0.1811313269214065,0.006139970210234521,0.06958549720001425,0.09852428606070736,0.0013187935046816057,0.00398796061681378,0.001742962749484557,0.005791316484701073
repeated,40,"{""colsample_bytree"":0.85,""gamma"":0.1,""learning_rate"":0.05,""max_depth"":4,""min_child_weight"":5,""reg_alpha"":0.1,""reg_lambda"":1.0,""subsample"":0.7}",42,1,240,60,64,1246.0899746257232,35.299999640590976,4,0.05,5,0.1,0.7,0.85,1.0,0.1,0.1264412432508491,0.01723703391881152,0.5273281436843823,0.002872055849761401,0.13194645187780943,0.010772169518165281,0.07279472399757549,0.09529404133124969,0.00036171466749197647,0.0015737548798089567,0.0013529259410508913,0.012025741083043967
repeated,40,"{""colsample_bytree"":0.85,""gamma"":0.1,""learning_rate"":0.05,""max_depth"":4,""min_child_weight"":5,""reg_alpha"":0.1,""reg_lambda"":1.0,""subsample"":0.7}",42,2,240,60,174,1595.3525180078168,39.94186422799788,4,0.05,5,0.1,0.7,0.85,1.0,0.1,0.16948310607589695,0.022376867405752805,0.23891827247330977,0.003022927774856487,0.39220316897887797,0.01198488056100161,0.07455360708399673,0.0686859910556487,0.0014598094914444297,0.001736444488149344,0.006348503528769966,0.009226421082295232
repeated,40,"{""colsample_bytree"":0.85,""gamma"":0.1,""learning_rate"":0.05,""max_depth"":4,""min_child_weight"":5,""reg_alpha"":0.1,""reg_lambda"":1.0,""subsample"":0.7}",42,3,240,60,65,1536.0768837993967,39.192816737246595,4,0.05,5,0.1,0.7,0.85,1.0,0.1,0.14568266047428544,0.015836380658064288,0.39743243213518764,0.0009268721760059374,0.22290755795620884,0.008925793610179906,0.07261327579494288,0.12390407260685163,0.001223659023738597,0.003266907703130578,0.002904866181449588,0.0043755216799546935
repeated,40,"{""colsample_bytree"":0.85,""gamma"":0.1,""learning_rate"":0.05,""max_depth"":4,""min_child_weight"":5,""reg_alpha"":0.1,""reg_lambda"":1.0,""subsample"":0.7}",42,4,240,60,120,1193.1076139772144,34.54138986747949,4,0.05,5,0.1,0.7,0.85,1.0,0.1,0.1729592914513066,0.02418276797629472,0.4306017866323485,0.004251104374636584,0.12274131749490202,0.01170318396944499,0.10180682424556876,0.11152217824575637,0.0030754201099415204,0.001480255921786187,0.005389192759088964,0.010286676818924784
repeated,40,"{""colsample_bytree"":0.85,""gamma"":0.1,""learning_rate"":0.05,""max_depth"":4,""min_child_weight"":5,""reg_alpha"":0.1,""reg_lambda"":1.0,""subsample"":0.7}",42,5,240,60,275,2070.872358867096,45.50683859451342,4,0.05,5,0.1,0.7,0.85,1.0,0.1,0.13190002864671485,0.027827794233512927,0.4894883983037907,0.005250313837027274,0.14989855395078266,0.009689275855209453,0.07239238138778624,0.08873443067053603,0.003557419832979112,0.003330115565175605,0.006133968874298349,0.011797318842186795
repeated,40,"{""colsample_bytree"":0.85,""gamma"":0.1,""learning_rate"":0.05,""max_depth"":4,""min_child_weight"":5,""reg_alpha"":0.1,""reg_lambda"":1.0,""subsample"":0.7}",2026,1,240,60,72,1485.3397575602537,38.540105832239924,4,0.05,5,0.1,0.7,0.85,1.0,0.1,0.14630230461411156,0.01672106884594453,0.4263812478169907,0.002981791216891277,0.20781361110609137,0.005217531077891949,0.10192911037415094,0.0800299652462407,0.0019604864685608433,0.00031539025001091884,0.0029347572727609415,0.00741273571035426
repeated,40,"{""colsample_bytree"":0.85,""gamma"":0.1,""learning_rate"":0.05,""max_depth"":4,""min_child_weight"":5,""reg_alpha"":0.1,""reg_lambda"":1.0,""subsample"":0.7}",2026,2,240,60,62,2006.8244044763358,44.797593735337344,4,0.05,5,0.1,0.7,0.85,1.0,0.1,0.16121098525546368,0.017186783411864748,0.455846966480427,0.0014050316737386364,0.20031161825755955,0.004551643901161601,0.09277818867282007,0.054894322507729264,0.003422922960016446,0.0007775527321288602,0.0019155787308814199,0.0056984054162087195
repeated,40,"{""colsample_bytree"":0.85,""gamma"":0.1,""learning_rate"":0.05,""max_depth"":4,""min_child_weight"":5,""reg_alpha"":0.1,""reg_lambda"":1.0,""subsample"":0.7}",2026,3,240,60,172,1667.9215325478135,40.84019506010976,4,0.05,5,0.1,0.7,0.85,1.0,0.1,0.1482194214549435,0.015472712806123749,0.4676796868733074,0.0059762105596151355,0.13130633030153918,0.01056800620978835,0.07435316144403284,0.1311951647185183,0.002836286388015669,0.003064785850552886,0.003974905602870955,0.0053533277906920515
repeated,40,"{""colsample_bytree"":0.85,""gamma"":0.1,""learning_rate"":0.05,""max_depth"":4,""min_child_weight"":5,""reg_alpha"":0.1,""reg_lambda"":1.0,""subsample"":0.7}",2026,4,240,60,137,1237.1781028342727,35.17354265402154,4,0.05,5,0.1,0.7,0.85,1.0,0.1,0.15031072223270153,0.01663126082115324,0.47868894900905096,0.0036062540598683127,0.16283514633843027,0.010316056237312276,0.06259622811533874,0.09980856889869161,0.0018566483817592757,0.0007973311349767125,0.00405477777433788,0.008498056996379181
repeated,40,"{""colsample_bytree"":0.85,""gamma"":0.1,""learning_rate"":0.05,""max_depth"":4,""min_child_weight"":5,""reg_alpha"":0.1,""reg_lambda"":1.0,""subsample"":0.7}",2026,5,240,60,123,1512.0900189805354,38.88560169240712,4,0.05,5,0.1,0.7,0.85,1.0,0.1,0.16193042897538998,0.025089910642339047,0.3665813723735047,0.008176439018554676,0.26532706995821803,0.010773894552130594,0.0643259966240256,0.08348213821591009,0.003313795456107817,0.00040255799349821447,0.003500518300492504,0.007095877889828746
repeated,40,"{""colsample_bytree"":0.85,""gamma"":0.1,""learning_rate"":0.05,""max_depth"":4,""min_child_weight"":5,""reg_alpha"":0.1,""reg_lambda"":1.0,""subsample"":0.7}",9618,1,240,60,81,794.8294564015472,28.19271991847447,4,0.05,5,0.1,0.7,0.85,1.0,0.1,0.14158692048107294,0.015603425482582759,0.43369436414563184,0.0018800293474312496,0.19090124907449021,0.008842404437134362,0.08907071971905785,0.10076427877206177,0.003686648159962279,0.0025514898294780926,0.003181762805021052,0.008236707746075628
repeated,40,"{""colsample_bytree"":0.85,""gamma"":0.1,""learning_rate"":0.05,""max_depth"":4,""min_child_weight"":5,""reg_alpha"":0.1,""reg_lambda"":1.0,""subsample"":0.7}",9618,2,240,60,124,1536.2388298691337,39.19488270003029,4,0.05,5,0.1,0.7,0.85,1.0,0.1,0.186023287695183,0.013375627861351333,0.40648023340303846,0.0035659750900799408,0.23514057921081377,0.007057310330125881,0.07177173799092214,0.059586831534352604,0.0011933558771994113,0.0008739595496691963,0.004637424345849958,0.010293677111414283
repeated,40,"{""colsample_bytree"":0.85,""gamma"":0.1,""learning_rate"":0.05,""max_depth"":4,""min_child_weight"":5,""reg_alpha"":0.1,""reg_lambda"":1.0,""subsample"":0.7}",9618,3,240,60,121,1544.6814542887412,39.30243572971962,4,0.05,5,0.1,0.7,0.85,1.0,0.1,0.11544188304796178,0.02562414605669524,0.4835591836650154,0.003039731154572864,0.15037707571881714,0.014973935735561024,0.05580557712078588,0.13188150586196035,0.0038568706766295585,0.001651514723614388,0.00524706534286278,0.008541510895523578
repeated,40,"{""colsample_bytree"":0.85,""gamma"":0.1,""learning_rate"":0.05,""max_depth"":4,""min_child_weight"":5,""reg_alpha"":0.1,""reg_lambda"":1.0,""subsample"":0.7}",9618,4,240,60,202,2165.223019374422,46.531956969102666,4,0.05,5,0.1,0.7,0.85,1.0,0.1,0.1627681465841647,0.02120630247908296,0.43341436663439376,0.0012406786375039316,0.17607242615995583,0.011056913942094047,0.08631449531541857,0.08442711933819932,0.005252624988550522,0.0014932159072973963,0.009846165944038882,0.006907544069300103
repeated,40,"{""colsample_bytree"":0.85,""gamma"":0.1,""learning_rate"":0.05,""max_depth"":4,""min_child_weight"":5,""reg_alpha"":0.1,""reg_lambda"":1.0,""subsample"":0.7}",9618,5,240,60,217,1672.5822357900397,40.89721550167003,4,0.05,5,0.1,0.7,0.85,1.0,0.1,0.15916782749548003,0.02093352350244101,0.42192038855451836,0.007445666635121187,0.20061831445358486,0.013448446937347756,0.07641202959902406,0.08302980799611247,0.0029059644034825616,0.0016733761989111238,0.0031890083306770254,0.009255645893299537
repeated,40,"{""colsample_bytree"":0.85,""gamma"":0.1,""learning_rate"":0.05,""max_depth"":4,""min_child_weight"":5,""reg_alpha"":0.1,""reg_lambda"":1.0,""subsample"":0.7}",19618,1,240,60,222,1210.7541457308882,34.7958926560433,4,0.05,5,0.1,0.7,0.85,1.0,0.1,0.1277645497822713,0.02054410913897317,0.4669137663173359,0.008321181579122502,0.16421048025423446,0.01110024776576933,0.07351774549966188,0.10036204286912345,0.0025891166626788634,0.002236066755537498,0.006706467253955631,0.015734226121336004
repeated,40,"{""colsample_bytree"":0.85,""gamma"":0.1,""learning_rate"":0.05,""max_depth"":4,""min_child_weight"":5,""reg_alpha"":0.1,""reg_lambda"":1.0,""subsample"":0.7}",19618,2,240,60,137,1206.524657822118,34.735063809098115,4,0.05,5,0.1,0.7,0.85,1.0,0.1,0.15209781240285136,0.017716055205584717,0.3413271118387822,0.003596043225783599,0.26689737824155524,0.013221524475375356,0.08528165119340733,0.10417127332184477,0.0019514264689580703,0.003492197612590723,0.0036280997337354974,0.006619426279531118
repeated,40,"{""colsample_bytree"":0.85,""gamma"":0.1,""learning_rate"":0.05,""max_depth"":4,""min_child_weight"":5,""reg_alpha"":0.1,""reg_lambda"":1.0,""subsample"":0.7}",19618,3,240,60,67,1376.7908115367904,37.10513187601939,4,0.05,5,0.1,0.7,0.85,1.0,0.1,0.16809025037921818,0.014887275956334866,0.4563721743708964,0.005646543981874532,0.17707627767315456,0.007935176414943613,0.07501503500267236,0.08009679732332657,0.00205160159944813,0.000806235625883765,0.00247005717865863,0.009552574493588439
repeated,40,"{""colsample_bytree"":0.85,""gamma"":0.1,""learning_rate"":0.05,""max_depth"":4,""min_child_weight"":5,""reg_alpha"":0.1,""reg_lambda"":1.0,""subsample"":0.7}",19618,4,240,60,52,1905.3973152817236,43.650856982214265,4,0.05,5,0.1,0.7,0.85,1.0,0.1,0.1708046639209525,0.013529352912447222,0.5001714236750724,0.0024322246777249705,0.13263953795060024,0.008904663073790734,0.07527027604771949,0.08313759766626495,0.003360008886188996,0.00042781839172734815,0.001700929704775286,0.0076215030927358225
repeated,40,"{""colsample_bytree"":0.85,""gamma"":0.1,""learning_rate"":0.05,""max_depth"":4,""min_child_weight"":5,""reg_alpha"":0.1,""reg_lambda"":1.0,""subsample"":0.7}",19618,5,240,60,156,1738.2709097387842,41.692576194555116,4,0.05,5,0.1,0.7,0.85,1.0,0.1,0.1502039208199049,0.017727615875629314,0.44448324620783175,0.005091745795616502,0.1528019934232266,0.006744208021015004,0.1015795072953554,0.08798005124283927,0.0033085349334690895,0.0020572551390715898,0.005976691998676665,0.022045229247363927
repeated,40,"{""colsample_bytree"":0.85,""gamma"":0.1,""learning_rate"":0.05,""max_depth"":4,""min_child_weight"":5,""reg_alpha"":0.1,""reg_lambda"":1.0,""subsample"":0.7}",31415,1,240,60,119,1404.4560355808221,37.47607284095843,4,0.05,5,0.1,0.7,0.85,1.0,0.1,0.176970765295985,0.017226625175673877,0.35691349979843445,0.003037293758971944,0.23308341937486957,0.011124751233390755,0.07649531483297568,0.10859339450984182,0.0015049226272843869,0.0008611882550521328,0.0041122160120311444,0.010076609125489263
repeated,40,"{""colsample_bytree"":0.85,""gamma"":0.1,""learning_rate"":0.05,""max_depth"":4,""min_child_weight"":5,""reg_alpha"":0.1,""reg_lambda"":1.0,""subsample"":0.7}",31415,2,240,60,378,1665.3302402394215,40.80845794978563,4,0.05,5,0.1,0.7,0.85,1.0,0.1,0.136877223950916,0.03627486228992933,0.43203635470985624,0.007162111769522761,0.1975885343085964,0.009687635462986755,0.07450407538040427,0.07920036043517896,0.002730242963075194,0.002230142120775033,0.008703072536668502,0.013005384072090528
repeated,40,"{""colsample_bytree"":0.85,""gamma"":0.1,""learning_rate"":0.05,""max_depth"":4,""min_child_weight"":5,""reg_alpha"":0.1,""reg_lambda"":1.0,""subsample"":0.7}",31415,3,240,60,134,1146.2072787253928,33.85568310823742,4,0.05,5,0.1,0.7,0.85,1.0,0.1,0.15026782457863228,0.019292850084141087,0.4456057109560407,0.0059951686211949,0.1950008793364602,0.011396914368925684,0.07156858377414695,0.0865427785337368,0.0023156802045321643,0.0017214526116094675,0.0024818479354700297,0.007810308995109709
repeated,40,"{""colsample_bytree"":0.85,""gamma"":0.1,""learning_rate"":0.05,""max_depth"":4,""min_child_weight"":5,""reg_alpha"":0.1,""reg_lambda"":1.0,""subsample"":0.7}",31415,4,240,60,100,1472.8320697177567,38.37749431265357,4,0.05,5,0.1,0.7,0.85,1.0,0.1,0.16564444966388223,0.017502668286536596,0.36267138962988255,0.003602891388885123,0.2736921484731004,0.010530149067691836,0.07629937383559031,0.07713689738342452,0.0015947214265977867,0.0006666649734893141,0.0038228102301251,0.006835835640794237
repeated,40,"{""colsample_bytree"":0.85,""gamma"":0.1,""learning_rate"":0.05,""max_depth"":4,""min_child_weight"":5,""reg_alpha"":0.1,""reg_lambda"":1.0,""subsample"":0.7}",31415,5,240,60,142,1504.3877891025577,38.78643821108813,4,0.05,5,0.1,0.7,0.85,1.0,0.1,0.14292085613031402,0.022665413204604485,0.4988891624236797,0.0026981139951452815,0.10690487788085574,0.013689166593636351,0.09661421029464039,0.09459574798790435,0.003404142392708672,0.0026046867949358734,0.004296810113090108,0.010716812188485044
repeated,43,"{""colsample_bytree"":0.7,""gamma"":0.0,""learning_rate"":0.1,""max_depth"":5,""min_child_weight"":3,""reg_alpha"":0.0,""reg_lambda"":5.0,""subsample"":0.7}",0,1,240,60,106,1685.6142735467463,41.05623306572031,5,0.1,3,0.0,0.7,0.7,5.0,0.0,0.16726779657988014,0.014708838484899886,0.31265038070167217,0.0032416757751913875,0.2409934924602981,0.01997373888361362,0.12453138369232093,0.09319600398861862,0.003019099638564063,0.00339072516040869,0.005729024119668463,0.011297840514863945
repeated,43,"{""colsample_bytree"":0.7,""gamma"":0.0,""learning_rate"":0.1,""max_depth"":5,""min_child_weight"":3,""reg_alpha"":0.0,""reg_lambda"":5.0,""subsample"":0.7}",0,2,240,60,73,1308.2628275291322,36.169916056429166,5,0.1,3,0.0,0.7,0.7,5.0,0.0,0.11493749349227653,0.024666841315287846,0.33672323034186924,0.01040572424890549,0.2513325675674638,0.01991684647736535,0.10033778280588758,0.12159188129020987,0.0012588619814014827,0.0035866597031651423,0.0030108857734803124,0.012231225002687364
repeated,43,"{""colsample_bytree"":0.7,""gamma"":0.0,""learning_rate"":0.1,""max_depth"":5,""min_child_weight"":3,""reg_alpha"":0.0,""reg_lambda"":5.0,""subsample"":0.7}",0,3,240,60,86,1935.6371750590995,43.995876796116924,5,0.1,3,0.0,0.7,0.7,5.0,0.0,0.15922210598090394,0.03555377365952627,0.37352314555073174,0.007015390032542624,0.23289145275532486,0.017375488023553414,0.06818402455736522,0.08415185331822658,0.002450615608800557,0.0023226140584772176,0.007009847052912225,0.010299689401635389
repeated,43,"{""colsample_bytree"":0.7,""gamma"":0.0,""learning_rate"":0.1,""max_depth"":5,""min_child_weight"":3,""reg_alpha"":0.0,""reg_lambda"":5.0,""subsample"":0.7}",0,4,240,60,63,1164.2786004663722,34.12152693632529,5,0.1,3,0.0,0.7,0.7,5.0,0.0,0.17592434705859347,0.022990755559731745,0.2492467455396436,0.005682019481012618,0.16679506045439574,0.012373683630823853,0.12373456815879588,0.2130916923416272,0.004196114097512638,0.0042524776856743725,0.0036995935328292197,0.018012942459359634
repeated,43,"{""colsample_bytree"":0.7,""gamma"":0.0,""learning_rate"":0.1,""max_depth"":5,""min_child_weight"":3,""reg_alpha"":0.0,""reg_lambda"":5.0,""subsample"":0.7}",0,5,240,60,68,1553.193849891056,39.410580430780975,5,0.1,3,0.0,0.7,0.7,5.0,0.0,0.14034631555612587,0.01500123837022429,0.4737637273645549,0.003970522843843176,0.16954191101424448,0.014148504430547151,0.08040518931649318,0.07902733086659786,0.005849789834200668,0.002920297886961229,0.0048071342020514505,0.01021803831415571
repeated,43,"{""colsample_bytree"":0.7,""gamma"":0.0,""learning_rate"":0.1,""max_depth"":5,""min_child_weight"":3,""reg_alpha"":0.0,""reg_lambda"":5.0,""subsample"":0.7}",42,1,240,60,34,1225.089610378904,35.001280124859775,5,0.1,3,0.0,0.7,0.7,5.0,0.0,0.16655249991050194,0.017050501781493074,0.4925283051971336,0.0030416440664758604,0.09500269206693268,0.017186745030722084,0.10375714564448774,0.07847175085254939,0.0012744155576247219,0.003091163468452114,0.002679597547709861,0.01936353887591698
repeated,43,"{""colsample_bytree"":0.7,""gamma"":0.0,""learning_rate"":0.1,""max_depth"":5,""min_child_weight"":3,""reg_alpha"":0.0,""reg_lambda"":5.0,""subsample"":0.7}",42,2,240,60,114,1670.4894491513694,40.87162156253859,5,0.1,3,0.0,0.7,0.7,5.0,0.0,0.15603138152691406,0.022977538342858678,0.3351880054598772,0.006601450469908836,0.30238896799982795,0.008169925898303692,0.07701475397143379,0.06956234728779513,0.0018796400827198775,0.0017161361921824727,0.00413521876628219,0.014334634001896081
repeated,43,"{""colsample_bytree"":0.7,""gamma"":0.0,""learning_rate"":0.1,""max_depth"":5,""min_child_weight"":3,""reg_alpha"":0.0,""reg_lambda"":5.0,""subsample"":0.7}",42,3,240,60,66,1521.02720528461,39.000348784140506,5,0.1,3,0.0,0.7,0.7,5.0,0.0,0.14809369564989697,0.01955374221995898,0.33714826802132974,0.0022555304148820124,0.2437776659035308,0.01289234351752859,0.09564555698496724,0.10682699711077512,0.0048416562988236244,0.011604909923035131,0.007218892060060802,0.010140741895210966
repeated,43,"{""colsample_bytree"":0.7,""gamma"":0.0,""learning_rate"":0.1,""max_depth"":5,""min_child_weight"":3,""reg_alpha"":0.0,""reg_lambda"":5.0,""subsample"":0.7}",42,4,240,60,85,1404.5192811383347,37.47691664396012,5,0.1,3,0.0,0.7,0.7,5.0,0.0,0.18432325762223792,0.03269555727195801,0.3852233200832137,0.00661549807845256,0.13945950211099659,0.01372870759401379,0.12351650518245948,0.08878317652136385,0.004551611076073815,0.002628272828962265,0.005771842499078383,0.012702749131189631
repeated,43,"{""colsample_bytree"":0.7,""gamma"":0.0,""learning_rate"":0.1,""max_depth"":5,""min_child_weight"":3,""reg_alpha"":0.0,""reg_lambda"":5.0,""subsample"":0.7}",42,5,240,60,208,2162.579263319902,46.50354033103181,5,0.1,3,0.0,0.7,0.7,5.0,0.0,0.11082113022643157,0.03493692920768388,0.44554867511502366,0.008141979815738708,0.11360030432182755,0.01827491791610281,0.16269677865616325,0.07692949125452121,0.004366351794793258,0.005397441502752057,0.00724875576490069,0.012037244424061353
repeated,43,"{""colsample_bytree"":0.7,""gamma"":0.0,""learning_rate"":0.1,""max_depth"":5,""min_child_weight"":3,""reg_alpha"":0.0,""reg_lambda"":5.0,""subsample"":0.7}",2026,1,240,60,59,1386.9928946251864,37.24235350545379,5,0.1,3,0.0,0.7,0.7,5.0,0.0,0.17586477278069737,0.013433155342829394,0.43383058102082916,0.006117468932117193,0.14977503917709042,0.01559171025337029,0.09997266082638168,0.08999385191150017,0.0019851844243560283,0.002094220575382121,0.0037255698947603524,0.007615784860685827
repeated,43,"{""colsample_bytree"":0.7,""gamma"":0.0,""learning_rate"":0.1,""max_depth"":5,""min_child_weight"":3,""reg_alpha"":0.0,""reg_lambda"":5.0,""subsample"":0.7}",2026,2,240,60,43,1976.3572352927881,44.456239554114205,5,0.1,3,0.0,0.7,0.7,5.0,0.0,0.11269249250530697,0.017651849548755583,0.4987238042310929,0.0033298108747075914,0.19068218814711296,0.006391912178983729,0.08504104585558206,0.07217529723369036,0.004137170724523956,0.0012154754879692736,0.0025326962574417256,0.005426256954832881
repeated,43,"{""colsample_bytree"":0.7,""gamma"":0.0,""learning_rate"":0.1,""max_depth"":5,""min_child_weight"":3,""reg_alpha"":0.0,""reg_lambda"":5.0,""subsample"":0.7}",2026,3,240,60,145,1788.8169551146023,42.29440808327505,5,0.1,3,0.0,0.7,0.7,5.0,0.0,0.13927038984957751,0.029414478048254405,0.41701849777647043,0.006723913561862907,0.16396913323750847,0.013387512535850962,0.07223976648671432,0.13644095068755607,0.003513345170867863,0.0028333273012787537,0.006255409208196639,0.008933276135861645
repeated,43,"{""colsample_bytree"":0.7,""gamma"":0.0,""learning_rate"":0.1,""max_depth"":5,""min_child_weight"":3,""reg_alpha"":0.0,""reg_lambda"":5.0,""subsample"":0.7}",2026,4,240,60,453,1307.0822901593988,36.15359304632665,5,0.1,3,0.0,0.7,0.7,5.0,0.0,0.15341752521412358,0.023595496216370554,0.4648874057351418,0.007293083751495692,0.13683483754237982,0.01630342473510699,0.08351576521707693,0.08509726650848105,0.004457342771713666,0.002067764924574786,0.007753333008023895,0.01477675437551117
repeated,43,"{""colsample_bytree"":0.7,""gamma"":0.0,""learning_rate"":0.1,""max_depth"":5,""min_child_weight"":3,""reg_alpha"":0.0,""reg_lambda"":5.0,""subsample"":0.7}",2026,5,240,60,69,1522.2095577406405,39.015504068775535,5,0.1,3,0.0,0.7,0.7,5.0,0.0,0.1539488264843998,0.027133218356056612,0.37395840877811937,0.011934579943494282,0.2707306499133823,0.008448421336006057,0.06290189527729477,0.0741387994571077,0.003802926605518771,0.0018391669318298539,0.00450463144190049,0.006658475474890002
repeated,43,"{""colsample_bytree"":0.7,""gamma"":0.0,""learning_rate"":0.1,""max_depth"":5,""min_child_weight"":3,""reg_alpha"":0.0,""reg_lambda"":5.0,""subsample"":0.7}",9618,1,240,60,46,975.2578339813921,31.22911836702074,5,0.1,3,0.0,0.7,0.7,5.0,0.0,0.15239063401671035,0.013237891161017727,0.3734890977730533,0.006547888406410552,0.15772566382222983,0.01194256855449497,0.11811842019074228,0.14813756805648826,0.004375781912929449,0.0021276134740570245,0.0033934951545433285,0.008513377477322929
repeated,43,"{""colsample_bytree"":0.7,""gamma"":0.0,""learning_rate"":0.1,""max_depth"":5,""min_child_weight"":3,""reg_alpha"":0.0,""reg_lambda"":5.0,""subsample"":0.7}",9618,2,240,60,131,1654.3443992394925,40.67363272735167,5,0.1,3,0.0,0.7,0.7,5.0,0.0,0.1973365882564504,0.013814033770952427,0.38196108296489106,0.010258795268802332,0.18411818283541434,0.015540542406817428,0.08810084798238033,0.08560065605651783,0.0020345591732537586,0.0022853780920927204,0.004405254056203397,0.01454407913622398
repeated,43,"{""colsample_bytree"":0.7,""gamma"":0.0,""learning_rate"":0.1,""max_depth"":5,""min_child_weight"":3,""reg_alpha"":0.0,""reg_lambda"":5.0,""subsample"":0.7}",9618,3,240,60,250,1693.079312639217,41.14704500494801,5,0.1,3,0.0,0.7,0.7,5.0,0.0,0.10527838420048033,0.03728828429837171,0.4290116943536684,0.009248743914578672,0.1528349273229112,0.01601876781271303,0.08006217678070006,0.1352405736147648,0.006674801694379464,0.007698589624854085,0.008301772946783213,0.012341283435795046
repeated,43,"{""colsample_bytree"":0.7,""gamma"":0.0,""learning_rate"":0.1,""max_depth"":5,""min_child_weight"":3,""reg_alpha"":0.0,""reg_lambda"":5.0,""subsample"":0.7}",9618,4,240,60,263,2238.8329812695833,47.316307773003416,5,0.1,3,0.0,0.7,0.7,5.0,0.0,0.17052859842728813,0.03233237901780773,0.35384930668421605,0.0024748849581438825,0.21863083296760336,0.013103189944290492,0.1067938334272561,0.08095405661289608,0.0039040178542787103,0.0011777393616687613,0.006469903367612349,0.009781257376938421
repeated,43,"{""colsample_bytree"":0.7,""gamma"":0.0,""learning_rate"":0.1,""max_depth"":5,""min_child_weight"":3,""reg_alpha"":0.0,""reg_lambda"":5.0,""subsample"":0.7}",9618,5,240,60,101,1534.2589929174717,39.169618238086926,5,0.1,3,0.0,0.7,0.7,5.0,0.0,0.1559218105002288,0.01950624884871151,0.4243157230946152,0.005877694114218981,0.18611860689997323,0.015548637924418835,0.09301053983337261,0.07124527985077893,0.003387483451736681,0.0014018726272253725,0.004948787040864101,0.018717315813855773
repeated,43,"{""colsample_bytree"":0.7,""gamma"":0.0,""learning_rate"":0.1,""max_depth"":5,""min_child_weight"":3,""reg_alpha"":0.0,""reg_lambda"":5.0,""subsample"":0.7}",19618,1,240,60,193,1403.1879363492642,37.45915023527982,5,0.1,3,0.0,0.7,0.7,5.0,0.0,0.14202927804427723,0.02139715311062947,0.4099045109204056,0.01025212520392953,0.20317254538319215,0.012718289120583775,0.08773749176968192,0.08433573782834995,0.0033482292482914728,0.00280036422269512,0.005995677345532621,0.01630859780243116
repeated,43,"{""colsample_bytree"":0.7,""gamma"":0.0,""learning_rate"":0.1,""max_depth"":5,""min_child_weight"":3,""reg_alpha"":0.0,""reg_lambda"":5.0,""subsample"":0.7}",19618,2,240,60,76,1157.0296570975029,34.01513864586624,5,0.1,3,0.0,0.7,0.7,5.0,0.0,0.1303232389994545,0.016665306969483044,0.40058526226213176,0.004986601872916373,0.20635285294913178,0.01389057737233446,0.10867964594758103,0.09826199915498295,0.0039828143412922856,0.0011147338098673092,0.004091056578822703,0.011065909742001846
repeated,43,"{""colsample_bytree"":0.7,""gamma"":0.0,""learning_rate"":0.1,""max_depth"":5,""min_child_weight"":3,""reg_alpha"":0.0,""reg_lambda"":5.0,""subsample"":0.7}",19618,3,240,60,38,1636.6993704965366,40.45614131991009,5,0.1,3,0.0,0.7,0.7,5.0,0.0,0.14753652135090534,0.012761783565806175,0.286650710349658,0.005392712793830119,0.30150906159819046,0.006654712572075833,0.10180644298201116,0.10829671600614064,0.004610599290366201,0.002338103911558614,0.0029019724883936533,0.019540663091063774
repeated,43,"{""colsample_bytree"":0.7,""gamma"":0.0,""learning_rate"":0.1,""max_depth"":5,""min_child_weight"":3,""reg_alpha"":0.0,""reg_lambda"":5.0,""subsample"":0.7}",19618,4,240,60,62,1870.7824693784212,43.25254292383768,5,0.1,3,0.0,0.7,0.7,5.0,0.0,0.13477266473449104,0.03489276047635793,0.4849335600154835,0.005849093814527925,0.1360979088086325,0.01599350845274547,0.07721394248800285,0.08586243315066629,0.00541994241379788,0.001969611790086692,0.004478501350657523,0.012516072504550427
repeated,43,"{""colsample_bytree"":0.7,""gamma"":0.0,""learning_rate"":0.1,""max_depth"":5,""min_child_weight"":3,""reg_alpha"":0.0,""reg_lambda"":5.0,""subsample"":0.7}",19618,5,240,60,149,2097.396566072307,45.79734234726189,5,0.1,3,0.0,0.7,0.7,5.0,0.0,0.14283881516812094,0.022162696280276544,0.4726135408878795,0.009039948483990513,0.10516472911433412,0.012001726066744468,0.11537601562201674,0.07610112726312857,0.0037258601931237367,0.012103517554366259,0.0048569567854614745,0.024015066580557104
repeated,43,"{""colsample_bytree"":0.7,""gamma"":0.0,""learning_rate"":0.1,""max_depth"":5,""min_child_weight"":3,""reg_alpha"":0.0,""reg_lambda"":5.0,""subsample"":0.7}",31415,1,240,60,82,1397.7623811921512,37.38666047124497,5,0.1,3,0.0,0.7,0.7,5.0,0.0,0.21763882524325004,0.020180764337926583,0.34770302179419244,0.010093054430091689,0.1345085938534541,0.01781663016385841,0.11723248861541524,0.11472750815128534,0.0022471425363558475,0.001950161823644216,0.0054970641455889206,0.010404744904937216
repeated,43,"{""colsample_bytree"":0.7,""gamma"":0.0,""learning_rate"":0.1,""max_depth"":5,""min_child_weight"":3,""reg_alpha"":0.0,""reg_lambda"":5.0,""subsample"":0.7}",31415,2,240,60,253,1814.6379734486643,42.59856773940486,5,0.1,3,0.0,0.7,0.7,5.0,0.0,0.14220982452943204,0.02939598349530724,0.40070665289427465,0.007090037753477885,0.22636019136387311,0.00969889055807893,0.08347048688301018,0.06981628603270226,0.004644826792046632,0.0033879370058218735,0.007215487874925541,0.01600339481704968
repeated,43,"{""colsample_bytree"":0.7,""gamma"":0.0,""learning_rate"":0.1,""max_depth"":5,""min_child_weight"":3,""reg_alpha"":0.0,""reg_lambda"":5.0,""subsample"":0.7}",31415,3,240,60,143,1293.1764024175138,35.960761983271624,5,0.1,3,0.0,0.7,0.7,5.0,0.0,0.12293398319246579,0.02194533833832432,0.46680812234080377,0.007201630054060386,0.19642601899610285,0.008387484964965176,0.0757994426728676,0.08102119923696463,0.004290160400999298,0.0019590831470656183,0.005369630067344891,0.007857906588035651
repeated,43,"{""colsample_bytree"":0.7,""gamma"":0.0,""learning_rate"":0.1,""max_depth"":5,""min_child_weight"":3,""reg_alpha"":0.0,""reg_lambda"":5.0,""subsample"":0.7}",31415,4,240,60,68,1292.468250252947,35.95091445642165,5,0.1,3,0.0,0.7,0.7,5.0,0.0,0.12585504767591638,0.0270769002275545,0.3499200119515519,0.008407091228534605,0.29628292124150307,0.00855066251807744,0.07616982127546316,0.07883467497676257,0.007944789981237895,0.005803017769469462,0.005605248738149363,0.009549812415779589
repeated,43,"{""colsample_bytree"":0.7,""gamma"":0.0,""learning_rate"":0.1,""max_depth"":5,""min_child_weight"":3,""reg_alpha"":0.0,""reg_lambda"":5.0,""subsample"":0.7}",31415,5,240,60,103,1655.2879811886205,40.68523050430734,5,0.1,3,0.0,0.7,0.7,5.0,0.0,0.1206561005918975,0.02796759212010136,0.5657392466906165,0.0056073012662287425,0.0786992738195082,0.013086050745471546,0.08615992003399704,0.0726455116345408,0.0039036786154479385,0.0034365268374684115,0.006637963978463324,0.01546083366625869
