stage,base_id,complete_id,structure_id,cv_seed,fold,best_n_estimators,log_loss,brier_score,roc_auc,mean_probability,observed_prevalence,prevalence_bias,max_depth,learning_rate,min_child_weight,gamma,subsample,colsample_bytree,reg_lambda,reg_alpha,imbalance_strategy,scale_pos_weight,max_delta_step,sampling_ratio,k_neighbors,calibration,calibration_folds,mdi_GrLivArea,mdi_LotArea,mdi_OverallQual,mdi_OverallCond,mdi_YearBuilt,mdi_YearRemodAdd,mdi_TotalBsmtSF,mdi_GarageArea,mdi_BedroomAbvGr,mdi_Fireplaces,mdi_WoodDeckSF,mdi_OpenPorchSF
structure_screen,s0|imb=none|w=1.0|delta=0.0|r=None|k=None,s0|imb=none|w=1.0|delta=0.0|r=None|k=None|cal=none|folds=None,0,9618,1,116,0.4479080410029333,0.13562709093093872,0.505446623093682,0.14686281979084015,0.15,-0.0031371802091598455,4,0.03,10,0.5,0.85,1.0,10.0,1.0,none,1.0,0.0,,,none,,0.027840349223275575,0.07234499149819518,0.40871486439007687,0.05524746673426386,0.00518798229976423,0.0,0.0,0.19045426297179638,0.0,0.23376109430380218,0.0,0.006448988578825738
structure_screen,s0|imb=none|w=1.0|delta=0.0|r=None|k=None,s0|imb=none|w=1.0|delta=0.0|r=None|k=None|cal=none|folds=None,0,9618,2,1,0.42271451941003574,0.12750039994716644,0.5555555555555556,0.1581958383321762,0.15,0.008195838332176214,4,0.03,10,0.5,0.85,1.0,10.0,1.0,none,1.0,0.0,,,none,,1.0,0.0,0.0,0.0,0.0,0.0,0.0,0.0,0.0,0.0,0.0,0.0
structure_screen,s0|imb=none|w=1.0|delta=0.0|r=None|k=None,s0|imb=none|w=1.0|delta=0.0|r=None|k=None|cal=none|folds=None,0,9618,3,191,0.37111659311031225,0.11289302259683609,0.803921568627451,0.16107763350009918,0.15,0.011077633500099188,4,0.03,10,0.5,0.85,1.0,10.0,1.0,none,1.0,0.0,,,none,,0.165757568459331,0.03935124967335757,0.1682648593858459,0.06737298194409824,0.01703610533532873,0.06737715137961314,0.04721009904602553,0.15482533199599421,0.0,0.2257836473108862,0.0,0.047021005469519456
structure_screen,s0|imb=none|w=1.0|delta=0.0|r=None|k=None,s0|imb=none|w=1.0|delta=0.0|r=None|k=None|cal=none|folds=None,0,9618,4,108,0.42748014834781334,0.13211150467395782,0.644,0.1511096954345703,0.16666666666666666,-0.015556971232096345,4,0.03,10,0.5,0.85,1.0,10.0,1.0,none,1.0,0.0,,,none,,0.21063488554058124,0.01359823798842017,0.4878053364455732,0.0,0.03696071387078204,0.0,0.008297591039040042,0.06223384714082359,0.0,0.06256934306118823,0.10094970818970005,0.01695033672389138
structure_screen,s0|imb=none|w=1.0|delta=0.0|r=None|k=None,s0|imb=none|w=1.0|delta=0.0|r=None|k=None|cal=none|folds=None,0,9618,5,723,0.4247191273010581,0.13311387598514557,0.672,0.16633398830890656,0.16666666666666666,-0.00033267835776010224,4,0.03,10,0.5,0.85,1.0,10.0,1.0,none,1.0,0.0,,,none,,0.06474324911769427,0.11451093858611877,0.27919766602465723,0.0471706211652034,0.004282828843950345,0.04795072351226964,0.07531949284602725,0.07750490762102778,0.0,0.18310108697908584,0.0700957295015182,0.036122755802447275
structure_screen,s1|imb=none|w=1.0|delta=0.0|r=None|k=None,s1|imb=none|w=1.0|delta=0.0|r=None|k=None|cal=none|folds=None,1,9618,1,174,0.4766362476409934,0.14624960720539093,0.5947712418300652,0.12875910103321075,0.15,-0.02124089896678924,2,0.1,5,0.0,1.0,1.0,10.0,0.1,none,1.0,0.0,,,none,,0.08015176153043697,0.20182659542931305,0.3125213976449359,0.06149169300657247,0.06040571408580628,0.01875509905531789,0.08507506473197046,0.05501137513619952,0.007117476533376485,0.0934759585911311,0.001635633974491049,0.02253223028044882
structure_screen,s1|imb=none|w=1.0|delta=0.0|r=None|k=None,s1|imb=none|w=1.0|delta=0.0|r=None|k=None|cal=none|folds=None,1,9618,2,1,0.4226175914448289,0.12747301161289215,0.5119825708061003,0.1570095717906952,0.15,0.007009571790695196,2,0.1,5,0.0,1.0,1.0,10.0,0.1,none,1.0,0.0,,,none,,0.7748821294416716,0.2251178705583284,0.0,0.0,0.0,0.0,0.0,0.0,0.0,0.0,0.0,0.0
structure_screen,s1|imb=none|w=1.0|delta=0.0|r=None|k=None,s1|imb=none|w=1.0|delta=0.0|r=None|k=None|cal=none|folds=None,1,9618,3,157,0.2807474761529726,0.07971342653036118,0.8747276688453158,0.17510858178138733,0.15,0.025108581781387335,2,0.1,5,0.0,1.0,1.0,10.0,0.1,none,1.0,0.0,,,none,,0.11495593699594382,0.16568360320068068,0.15526961334012937,0.05075328104498073,0.10028252799321047,0.01580099030060509,0.12124113810425069,0.06291787987823065,0.06738522162515125,0.0757133855612312,0.06018511195406462,0.009811310001521432
structure_screen,s1|imb=none|w=1.0|delta=0.0|r=None|k=None,s1|imb=none|w=1.0|delta=0.0|r=None|k=None|cal=none|folds=None,1,9618,4,36,0.4068334073689643,0.12473097443580627,0.712,0.1549224555492401,0.16666666666666666,-0.011744211117426545,2,0.1,5,0.0,1.0,1.0,10.0,0.1,none,1.0,0.0,,,none,,0.10446643173269751,0.2493528367959235,0.29389545547312873,0.020857342401541246,0.0481730591784732,0.0,0.11585136344933708,0.0,0.10916199016843951,0.0,0.05235072298685483,0.005890797813604436
structure_screen,s1|imb=none|w=1.0|delta=0.0|r=None|k=None,s1|imb=none|w=1.0|delta=0.0|r=None|k=None|cal=none|folds=None,1,9618,5,388,0.3980371325179253,0.12232053279876709,0.774,0.14071598649024963,0.16666666666666666,-0.025950680176417024,2,0.1,5,0.0,1.0,1.0,10.0,0.1,none,1.0,0.0,,,none,,0.0746192056083102,0.19602179047382268,0.1662036043998648,0.05561590399802048,0.06523682074999004,0.03221831041508004,0.11274181765413138,0.10882898287397885,0.028628267847788418,0.04496847132438841,0.09920144398247623,0.015715380672148477
structure_screen,s2|imb=none|w=1.0|delta=0.0|r=None|k=None,s2|imb=none|w=1.0|delta=0.0|r=None|k=None|cal=none|folds=None,2,9618,1,190,0.44910346633350356,0.14048177003860474,0.6122004357298475,0.12495078146457672,0.15,-0.025049218535423273,1,0.05,1,0.1,0.85,0.7,1.0,0.0,none,1.0,0.0,,,none,,0.10017419081301979,0.14422750105503732,0.19655926108745345,0.1138728650713841,0.05369896209743536,0.01569821609162056,0.068343610195466,0.17236524199481362,0.015903877529620428,0.05989098629921437,0.002953138790855443,0.05631214897407958
structure_screen,s2|imb=none|w=1.0|delta=0.0|r=None|k=None,s2|imb=none|w=1.0|delta=0.0|r=None|k=None|cal=none|folds=None,2,9618,2,12,0.4045206017055465,0.12252112478017807,0.6884531590413944,0.1569569855928421,0.15,0.006956985592842108,1,0.05,1,0.1,0.85,0.7,1.0,0.0,none,1.0,0.0,,,none,,0.40508397978574645,0.0,0.32722058291986394,0.0,0.0,0.0,0.0,0.2098763030663083,0.0578191342280813,0.0,0.0,0.0
structure_screen,s2|imb=none|w=1.0|delta=0.0|r=None|k=None,s2|imb=none|w=1.0|delta=0.0|r=None|k=None|cal=none|folds=None,2,9618,3,142,0.3226911215965769,0.0950997993350029,0.826797385620915,0.16598397493362427,0.15,0.015983974933624273,1,0.05,1,0.1,0.85,0.7,1.0,0.0,none,1.0,0.0,,,none,,0.12637437036852964,0.16876687801831736,0.209388095659716,0.08547571175864964,0.026805960020083612,0.07800718613068595,0.06365795719936919,0.0643419991589223,0.09357431147805394,0.058541981657650066,0.00508832585020153,0.01997722269982077
structure_screen,s2|imb=none|w=1.0|delta=0.0|r=None|k=None,s2|imb=none|w=1.0|delta=0.0|r=None|k=None|cal=none|folds=None,2,9618,4,125,0.3926831586451921,0.11645416915416718,0.737,0.1592014580965042,0.16666666666666666,-0.007465208570162446,1,0.05,1,0.1,0.85,0.7,1.0,0.0,none,1.0,0.0,,,none,,0.17019448882337776,0.1868828533539564,0.16907510384817329,0.05911571452090698,0.10729348209195863,0.0,0.051074884212552914,0.04938570226230566,0.0814811541544522,0.013243548549549039,0.1007721787469074,0.011480889435859702
structure_screen,s2|imb=none|w=1.0|delta=0.0|r=None|k=None,s2|imb=none|w=1.0|delta=0.0|r=None|k=None|cal=none|folds=None,2,9618,5,495,0.36605099367700966,0.11927223950624466,0.7939999999999999,0.1455230712890625,0.16666666666666666,-0.021143595377604157,1,0.05,1,0.1,0.85,0.7,1.0,0.0,none,1.0,0.0,,,none,,0.11881069790981383,0.1852411323997398,0.12304903349977124,0.10924728670285935,0.07821616454128213,0.05528560720004343,0.08931272633691059,0.08206324065137416,0.03781207107459128,0.028711119701835354,0.08176551895107097,0.010485401030707879
structure_screen,s3|imb=none|w=1.0|delta=0.0|r=None|k=None,s3|imb=none|w=1.0|delta=0.0|r=None|k=None|cal=none|folds=None,3,9618,1,366,0.47606626126312535,0.14680437743663788,0.6274509803921569,0.11437296122312546,0.15,-0.03562703877687454,3,0.03,3,0.0,0.7,0.85,5.0,0.0,none,1.0,0.0,,,none,,0.10634104781786373,0.1949111271473813,0.16229769883160414,0.06124569150486283,0.062950894858493,0.052688019931709865,0.10363432612447236,0.128517768178258,0.015788697141306065,0.0615753138352131,0.01109908393672213,0.03895033069211351
structure_screen,s3|imb=none|w=1.0|delta=0.0|r=None|k=None,s3|imb=none|w=1.0|delta=0.0|r=None|k=None|cal=none|folds=None,3,9618,2,121,0.3680349973708772,0.11489558964967728,0.8093681917211328,0.16321149468421936,0.15,0.013211494684219366,3,0.03,3,0.0,0.7,0.85,5.0,0.0,none,1.0,0.0,,,none,,0.1758092287258524,0.15466047338782019,0.1344398452823143,0.10040468237520492,0.03148252978844641,0.017179836390407623,0.104225660641462,0.1055768652414026,0.08638681135704433,0.033440970373106046,0.022731415970922795,0.033661680466016405
structure_screen,s3|imb=none|w=1.0|delta=0.0|r=None|k=None,s3|imb=none|w=1.0|delta=0.0|r=None|k=None|cal=none|folds=None,3,9618,3,141,0.3116903391732534,0.09138310700654984,0.8681917211328977,0.15938958525657654,0.15,0.009389585256576544,3,0.03,3,0.0,0.7,0.85,5.0,0.0,none,1.0,0.0,,,none,,0.14514983896164804,0.17456474037022063,0.14123928368802288,0.06923768240190553,0.06379993892601724,0.06497062721629357,0.11374841251228116,0.09980003005233412,0.037686702006990834,0.04132214037227931,0.022671417789052125,0.025809185702954564
structure_screen,s3|imb=none|w=1.0|delta=0.0|r=None|k=None,s3|imb=none|w=1.0|delta=0.0|r=None|k=None|cal=none|folds=None,3,9618,4,57,0.41451166167406733,0.12767909467220306,0.7140000000000001,0.1474429816007614,0.16666666666666666,-0.019223685065905244,3,0.03,3,0.0,0.7,0.85,5.0,0.0,none,1.0,0.0,,,none,,0.14863615919079373,0.16687933835799648,0.20412595775034664,0.020785418933602254,0.06644028289086278,0.04585708682924376,0.07681578842263101,0.03239913556993581,0.14622493505320436,0.010141546421965771,0.06489970032241862,0.016794650256998778
structure_screen,s3|imb=none|w=1.0|delta=0.0|r=None|k=None,s3|imb=none|w=1.0|delta=0.0|r=None|k=None|cal=none|folds=None,3,9618,5,522,0.3883322653782095,0.12034590542316437,0.772,0.14499633014202118,0.16666666666666666,-0.021670336524645478,3,0.03,3,0.0,0.7,0.85,5.0,0.0,none,1.0,0.0,,,none,,0.10686525882760645,0.17308812764135473,0.12772500539911366,0.05536273704789668,0.0885284398492471,0.05034354454366419,0.10384345758355092,0.11000790217049773,0.03128786447866955,0.0408512659384226,0.07716097541493035,0.03493542110504607
structure_screen,s4|imb=none|w=1.0|delta=0.0|r=None|k=None,s4|imb=none|w=1.0|delta=0.0|r=None|k=None|cal=none|folds=None,4,9618,1,44,0.4412512773686431,0.1333862990140915,0.508714596949891,0.15092097222805023,0.15,0.0009209722280502375,1,0.03,10,0.1,0.85,1.0,1.0,0.0,none,1.0,0.0,,,none,,0.02310580270218725,0.048192474692300126,0.46509148133500416,0.038030595140374324,0.0,0.0,0.0,0.15036056124971112,0.0,0.27521908488042307,0.0,0.0
structure_screen,s4|imb=none|w=1.0|delta=0.0|r=None|k=None,s4|imb=none|w=1.0|delta=0.0|r=None|k=None|cal=none|folds=None,4,9618,2,1,0.4224977067955064,0.12744249403476715,0.5555555555555556,0.15822863578796387,0.15,0.008228635787963873,1,0.03,10,0.1,0.85,1.0,1.0,0.0,none,1.0,0.0,,,none,,1.0,0.0,0.0,0.0,0.0,0.0,0.0,0.0,0.0,0.0,0.0,0.0
structure_screen,s4|imb=none|w=1.0|delta=0.0|r=None|k=None,s4|imb=none|w=1.0|delta=0.0|r=None|k=None|cal=none|folds=None,4,9618,3,143,0.3735387773361231,0.1138119176030159,0.7494553376906318,0.15824776887893677,0.15,0.008247768878936773,1,0.03,10,0.1,0.85,1.0,1.0,0.0,none,1.0,0.0,,,none,,0.14823313920943523,0.05010441842966824,0.14881564506739287,0.06895202871643151,0.01700152970719164,0.10009599266134352,0.07629844545322444,0.14732587618169604,0.0,0.1950426483639102,0.01513757929833267,0.032992696911373645
structure_screen,s4|imb=none|w=1.0|delta=0.0|r=None|k=None,s4|imb=none|w=1.0|delta=0.0|r=None|k=None|cal=none|folds=None,4,9618,4,44,0.4309193018264066,0.13300035893917084,0.6489999999999999,0.15396267175674438,0.16666666666666666,-0.012703994909922273,1,0.03,10,0.1,0.85,1.0,1.0,0.0,none,1.0,0.0,,,none,,0.2732968967022825,0.0,0.5189867078329083,0.0,0.03327910704675175,0.0,0.0,0.02756608316686882,0.0,0.030915235196743312,0.11595597005444527,0.0
structure_screen,s4|imb=none|w=1.0|delta=0.0|r=None|k=None,s4|imb=none|w=1.0|delta=0.0|r=None|k=None|cal=none|folds=None,4,9618,5,480,0.43546274690742115,0.1369008868932724,0.628,0.16828808188438416,0.16666666666666666,0.0016214152177174979,1,0.03,10,0.1,0.85,1.0,1.0,0.0,none,1.0,0.0,,,none,,0.07458865433699441,0.14349502346220686,0.21539968945347018,0.03106813714518726,0.02315438370600195,0.13448512145152997,0.08205551367419807,0.08417465520014628,0.0,0.1031214770363178,0.07633715756101722,0.032120186972929995
structure_screen,s5|imb=none|w=1.0|delta=0.0|r=None|k=None,s5|imb=none|w=1.0|delta=0.0|r=None|k=None|cal=none|folds=None,5,9618,1,139,0.4405576493010636,0.13557204604148865,0.6013071895424836,0.12979206442832947,0.15,-0.020207935571670527,3,0.03,5,1.0,0.7,1.0,1.0,1.0,none,1.0,0.0,,,none,,0.10906225041165762,0.19953728385785188,0.13269280196683153,0.10541435063238346,0.055211122207201556,0.021492850551838496,0.06945166679536886,0.14078668613598494,0.039411075279744426,0.08650574842552845,0.0,0.04043416373560877
structure_screen,s5|imb=none|w=1.0|delta=0.0|r=None|k=None,s5|imb=none|w=1.0|delta=0.0|r=None|k=None|cal=none|folds=None,5,9618,2,9,0.4121986419405868,0.12475235015153885,0.7200435729847494,0.15930135548114777,0.15,0.009301355481147772,3,0.03,5,1.0,0.7,1.0,1.0,1.0,none,1.0,0.0,,,none,,0.3097397033635989,0.08658571321206104,0.2742039394823797,0.03637781820885683,0.0,0.0,0.060674459214731295,0.020537607518917582,0.21188075899945463,0.0,0.0,0.0
structure_screen,s5|imb=none|w=1.0|delta=0.0|r=None|k=None,s5|imb=none|w=1.0|delta=0.0|r=None|k=None|cal=none|folds=None,5,9618,3,215,0.31540862722622426,0.09313738346099854,0.855119825708061,0.16709958016872406,0.15,0.017099580168724066,3,0.03,5,1.0,0.7,1.0,1.0,1.0,none,1.0,0.0,,,none,,0.13541626215213956,0.16713177269210494,0.08476717197612443,0.06242971056283323,0.06742857590425574,0.06118875448269359,0.12579252443444977,0.09481012073683755,0.07321385912562374,0.07181277348091442,0.018818557111378306,0.037189917340644724
structure_screen,s5|imb=none|w=1.0|delta=0.0|r=None|k=None,s5|imb=none|w=1.0|delta=0.0|r=None|k=None|cal=none|folds=None,5,9618,4,22,0.4301930404528651,0.1333240419626236,0.6930000000000001,0.15506333112716675,0.16666666666666666,-0.01160333553949991,3,0.03,5,1.0,0.7,1.0,1.0,1.0,none,1.0,0.0,,,none,,0.13717132568304166,0.1487409458004932,0.26179399840703554,0.0,0.057531948389969396,0.0,0.1318900974164152,0.006900719972212444,0.16953241026474902,0.0,0.06426994302100857,0.022168611045074955
structure_screen,s5|imb=none|w=1.0|delta=0.0|r=None|k=None,s5|imb=none|w=1.0|delta=0.0|r=None|k=None|cal=none|folds=None,5,9618,5,501,0.3979859727306767,0.12422946095466614,0.7400000000000001,0.16087757050991058,0.16666666666666666,-0.005789096156756074,3,0.03,5,1.0,0.7,1.0,1.0,1.0,none,1.0,0.0,,,none,,0.10350800842524206,0.20042293367313027,0.106938645951334,0.07704225176016581,0.046614964444283806,0.06401982269306031,0.08700072075331819,0.07860684839322508,0.055672708606117574,0.058400083185899974,0.07627020631382796,0.04550280580039496
structure_screen,s6|imb=none|w=1.0|delta=0.0|r=None|k=None,s6|imb=none|w=1.0|delta=0.0|r=None|k=None|cal=none|folds=None,6,9618,1,60,0.43711009240951715,0.13150735199451447,0.4760348583877996,0.15040358901023865,0.15,0.000403589010238653,1,0.03,10,0.5,1.0,0.7,10.0,0.0,none,1.0,0.0,,,none,,0.0518272290372298,0.12448458994044785,0.4515152266452267,0.0,0.0,0.0,0.0,0.12722409387858116,0.0,0.2449488604985145,0.0,0.0
structure_screen,s6|imb=none|w=1.0|delta=0.0|r=None|k=None,s6|imb=none|w=1.0|delta=0.0|r=None|k=None|cal=none|folds=None,6,9618,2,1,0.4223474092785182,0.12740276753902435,0.6143790849673202,0.1584627628326416,0.15,0.008462762832641607,1,0.03,10,0.5,1.0,0.7,10.0,0.0,none,1.0,0.0,,,none,,1.0,0.0,0.0,0.0,0.0,0.0,0.0,0.0,0.0,0.0,0.0,0.0
structure_screen,s6|imb=none|w=1.0|delta=0.0|r=None|k=None,s6|imb=none|w=1.0|delta=0.0|r=None|k=None|cal=none|folds=None,6,9618,3,204,0.36799634742502196,0.11218802630901337,0.826797385620915,0.15968011319637299,0.15,0.009680113196372991,1,0.03,10,0.5,1.0,0.7,10.0,0.0,none,1.0,0.0,,,none,,0.16060614885542812,0.10032197133558007,0.16052393274629112,0.12567852162275703,0.0,0.07787440428776818,0.027437554841333072,0.08579558906602924,0.0,0.1904573628265614,0.0,0.07130451441825175
structure_screen,s6|imb=none|w=1.0|delta=0.0|r=None|k=None,s6|imb=none|w=1.0|delta=0.0|r=None|k=None|cal=none|folds=None,6,9618,4,82,0.42764359746637426,0.13231244683265686,0.6729999999999999,0.1520325243473053,0.16666666666666666,-0.01463414231936136,1,0.03,10,0.5,1.0,0.7,10.0,0.0,none,1.0,0.0,,,none,,0.21562871616755175,0.09161974524935104,0.5678194997936681,0.0,0.0,0.0,0.0,0.0,0.0,0.0,0.09286358472451497,0.03206845406491421
structure_screen,s6|imb=none|w=1.0|delta=0.0|r=None|k=None,s6|imb=none|w=1.0|delta=0.0|r=None|k=None|cal=none|folds=None,6,9618,5,217,0.4140282834310635,0.13075116276741028,0.6990000000000001,0.1710057407617569,0.16666666666666666,0.0043390740950902396,1,0.03,10,0.5,1.0,0.7,10.0,0.0,none,1.0,0.0,,,none,,0.04945551299679105,0.16042665490740815,0.38855902836150574,0.12432186206170606,0.0,0.0,0.023227075331903532,0.018916967577527952,0.0,0.18134864849009777,0.023380858396657406,0.030363391876402364
structure_screen,s7|imb=none|w=1.0|delta=0.0|r=None|k=None,s7|imb=none|w=1.0|delta=0.0|r=None|k=None|cal=none|folds=None,7,9618,1,177,0.5011819910329279,0.1533450037240982,0.6383442265795206,0.1148347407579422,0.15,-0.035165259242057795,4,0.1,3,0.1,0.7,0.7,5.0,0.0,none,1.0,0.0,,,none,,0.10007404175700224,0.16846678314692448,0.14813305204354751,0.0528743202634536,0.06701752087423467,0.06878996160769464,0.12614863342185656,0.154091852838944,0.015892431342547135,0.049442270415510636,0.015199287490121314,0.03386984479816321
structure_screen,s7|imb=none|w=1.0|delta=0.0|r=None|k=None,s7|imb=none|w=1.0|delta=0.0|r=None|k=None|cal=none|folds=None,7,9618,2,40,0.3578527075490534,0.1117805540561676,0.818082788671024,0.16391392052173615,0.15,0.01391392052173615,4,0.1,3,0.1,0.7,0.7,5.0,0.0,none,1.0,0.0,,,none,,0.17134823869624602,0.1877312920899072,0.14106878873807388,0.07141402819145717,0.05230728975198798,0.019496513294908868,0.11041658859903675,0.10605175009417686,0.02805344194550872,0.03466778600977154,0.05608434280238136,0.021359939786543665
structure_screen,s7|imb=none|w=1.0|delta=0.0|r=None|k=None,s7|imb=none|w=1.0|delta=0.0|r=None|k=None|cal=none|folds=None,7,9618,3,36,0.32140982471463553,0.09663450717926025,0.8856209150326797,0.15520396828651428,0.15,0.005203968286514288,4,0.1,3,0.1,0.7,0.7,5.0,0.0,none,1.0,0.0,,,none,,0.1828142390727446,0.20445333587092068,0.1111890978298032,0.04496027283533282,0.03987464555680618,0.01922306707989902,0.13233154612399278,0.09799253882244406,0.044947774121197985,0.059252516656089084,0.03873544073620247,0.024225525294567122
structure_screen,s7|imb=none|w=1.0|delta=0.0|r=None|k=None,s7|imb=none|w=1.0|delta=0.0|r=None|k=None|cal=none|folds=None,7,9618,4,8,0.4245539789767179,0.13141633570194244,0.717,0.15206164121627808,0.16666666666666666,-0.014605025450388581,4,0.1,3,0.1,0.7,0.7,5.0,0.0,none,1.0,0.0,,,none,,0.26035711618368773,0.20484189523844978,0.10692763944124563,0.0,0.07444375514901148,0.023889209910694233,0.010568165689793359,0.0405381165883023,0.21991190122626642,0.019652416959893913,0.01351353096233645,0.025356252650318704
structure_screen,s7|imb=none|w=1.0|delta=0.0|r=None|k=None,s7|imb=none|w=1.0|delta=0.0|r=None|k=None|cal=none|folds=None,7,9618,5,159,0.37087537289637257,0.11431192606687546,0.7879999999999999,0.1435936838388443,0.16666666666666666,-0.023072982827822358,4,0.1,3,0.1,0.7,0.7,5.0,0.0,none,1.0,0.0,,,none,,0.09716171540599197,0.17239284040942643,0.13024839080735584,0.053510445715316386,0.09865561396166414,0.05985144441845091,0.09677962544518356,0.11523918356268499,0.030411674500611822,0.04196899687538717,0.07259664018395205,0.031183428713974722
structure_screen,s8|imb=none|w=1.0|delta=0.0|r=None|k=None,s8|imb=none|w=1.0|delta=0.0|r=None|k=None|cal=none|folds=None,8,9618,1,438,0.4437892265732213,0.137685626745224,0.6143790849673203,0.13366055488586426,0.15,-0.016339445114135737,2,0.01,5,0.5,1.0,0.7,1.0,0.0,none,1.0,0.0,,,none,,0.093244285074272,0.19072982984291548,0.2619828826172542,0.067041203131431,0.05206705970138539,0.005646973162707057,0.07265318354256446,0.1289181270442374,0.0032369170036657888,0.09657828399923879,0.0,0.027901254880328404
structure_screen,s8|imb=none|w=1.0|delta=0.0|r=None|k=None,s8|imb=none|w=1.0|delta=0.0|r=None|k=None|cal=none|folds=None,8,9618,2,15,0.4159503863547293,0.12572260200977325,0.7254901960784313,0.15729273855686188,0.15,0.007292738556861883,2,0.01,5,0.5,1.0,0.7,1.0,0.0,none,1.0,0.0,,,none,,0.5367686576338823,0.07123456623515911,0.18254623212268103,0.0,0.0,0.0,0.04175628463901551,0.04438762213054056,0.12330663723872146,0.0,0.0,0.0
structure_screen,s8|imb=none|w=1.0|delta=0.0|r=None|k=None,s8|imb=none|w=1.0|delta=0.0|r=None|k=None|cal=none|folds=None,8,9618,3,167,0.33960046603526023,0.10321363806724548,0.8823529411764707,0.16531424224376678,0.15,0.01531424224376679,2,0.01,5,0.5,1.0,0.7,1.0,0.0,none,1.0,0.0,,,none,,0.18598219549883946,0.22958750173442627,0.11347528850075327,0.06172116429173355,0.08928422489817031,0.004695699298114199,0.12712479117919528,0.05487000117279415,0.07705492873287723,0.056204204693096275,0.0,0.0
structure_screen,s8|imb=none|w=1.0|delta=0.0|r=None|k=None,s8|imb=none|w=1.0|delta=0.0|r=None|k=None|cal=none|folds=None,8,9618,4,95,0.41698585478124883,0.12912355363368988,0.716,0.15465644001960754,0.16666666666666666,-0.012010226647059113,2,0.01,5,0.5,1.0,0.7,1.0,0.0,none,1.0,0.0,,,none,,0.13069938142460358,0.2391135806390328,0.23446193011055394,0.014416630821844264,0.077821402751004,0.019454451172975954,0.10454439748744937,0.0034012692632080705,0.140285418595052,0.0,0.03580153773427602,0.0
structure_screen,s8|imb=none|w=1.0|delta=0.0|r=None|k=None,s8|imb=none|w=1.0|delta=0.0|r=None|k=None|cal=none|folds=None,8,9618,5,1115,0.37306049891808435,0.11827250570058823,0.796,0.15041378140449524,0.16666666666666666,-0.016252885262171418,2,0.01,5,0.5,1.0,0.7,1.0,0.0,none,1.0,0.0,,,none,,0.09014317381700306,0.21444824752223282,0.17765174997758446,0.061359454902682124,0.06966190502210644,0.03234221086652162,0.10885502462482953,0.07920516206442745,0.026670979207720297,0.04061609701854434,0.08748458932356404,0.011561405652783819
structure_screen,s9|imb=none|w=1.0|delta=0.0|r=None|k=None,s9|imb=none|w=1.0|delta=0.0|r=None|k=None|cal=none|folds=None,9,9618,1,344,0.5112616319957104,0.14988969266414642,0.5642701525054467,0.10366232693195343,0.15,-0.046337673068046564,3,0.03,1,0.0,0.85,0.7,5.0,0.1,none,1.0,0.0,,,none,,0.12975841064544721,0.15998985987355818,0.16763584566508963,0.06022853780907348,0.08243698659287817,0.0328169118676633,0.11813085127007071,0.13413612753462162,0.014929533864521807,0.042062815386582866,0.015662388236840658,0.042211731253652365
structure_screen,s9|imb=none|w=1.0|delta=0.0|r=None|k=None,s9|imb=none|w=1.0|delta=0.0|r=None|k=None|cal=none|folds=None,9,9618,2,154,0.3660555018646321,0.11603722721338272,0.7766884531590414,0.15990005433559418,0.15,0.009900054335594183,3,0.03,1,0.0,0.85,0.7,5.0,0.1,none,1.0,0.0,,,none,,0.1421813764042842,0.18475729360268964,0.11492064796285159,0.08740022554140316,0.05259109812334379,0.015239285362775915,0.10473473135406038,0.10647764042487036,0.06740628633695604,0.037646666509793696,0.05316931668634165,0.03347543169062958
structure_screen,s9|imb=none|w=1.0|delta=0.0|r=None|k=None,s9|imb=none|w=1.0|delta=0.0|r=None|k=None|cal=none|folds=None,9,9618,3,142,0.2994866705344041,0.08584084361791611,0.8638344226579521,0.1649933010339737,0.15,0.0149933010339737,3,0.03,1,0.0,0.85,0.7,5.0,0.1,none,1.0,0.0,,,none,,0.1143410574825876,0.15896792988800562,0.15199935728566863,0.07448895755734875,0.07682884187578563,0.0576241559550535,0.10686769872835883,0.10345723757030127,0.0563283652778494,0.04744700185341693,0.026244487549339376,0.025404908976284474
structure_screen,s9|imb=none|w=1.0|delta=0.0|r=None|k=None,s9|imb=none|w=1.0|delta=0.0|r=None|k=None|cal=none|folds=None,9,9618,4,37,0.4182960444428975,0.1288347840309143,0.7040000000000001,0.1475529819726944,0.16666666666666666,-0.01911368469397226,3,0.03,1,0.0,0.85,0.7,5.0,0.1,none,1.0,0.0,,,none,,0.15844742597703454,0.19292422499227538,0.19402111402390007,0.02206604022856781,0.09311859325397139,0.01726761640966068,0.08793318068464563,0.04138701029838462,0.10753341553185351,0.0032900770483206758,0.05866964910968848,0.02334165244169722
structure_screen,s9|imb=none|w=1.0|delta=0.0|r=None|k=None,s9|imb=none|w=1.0|delta=0.0|r=None|k=None|cal=none|folds=None,9,9618,5,391,0.3594239857750174,0.11337099224328995,0.818,0.13450117409229279,0.16666666666666666,-0.03216549257437387,3,0.03,1,0.0,0.85,0.7,5.0,0.1,none,1.0,0.0,,,none,,0.1150810790302196,0.19280342797452224,0.1281232187718617,0.06870696412780268,0.08523730535746199,0.04513262171369414,0.09418582790393913,0.10599820412895479,0.028904018712618298,0.04036376186063251,0.06760616771062143,0.027857402707671508
structure_screen,s10|imb=none|w=1.0|delta=0.0|r=None|k=None,s10|imb=none|w=1.0|delta=0.0|r=None|k=None|cal=none|folds=None,10,9618,1,113,0.5042361174515649,0.1529727727174759,0.5947712418300654,0.12077971547842026,0.15,-0.029220284521579737,3,0.1,5,0.0,0.85,0.7,1.0,0.0,none,1.0,0.0,,,none,,0.1064089189740468,0.18092984730001865,0.1341085792283711,0.053352260042280684,0.062173804543054136,0.06040697937004395,0.11120704454837581,0.17642878563633438,0.015798072991315762,0.061731313919468636,0.0039642741639446255,0.03349011928274544
structure_screen,s10|imb=none|w=1.0|delta=0.0|r=None|k=None,s10|imb=none|w=1.0|delta=0.0|r=None|k=None|cal=none|folds=None,10,9618,2,7,0.40037179042054766,0.12185791879892349,0.7254901960784313,0.161695197224617,0.15,0.01169519722461701,3,0.1,5,0.0,0.85,0.7,1.0,0.0,none,1.0,0.0,,,none,,0.2362570840083655,0.1687191614453432,0.16339720130682878,0.13277079601050568,0.013090909441381438,0.0,0.0653325302593287,0.03751025671404725,0.1363411203928775,0.0,0.00878455933494017,0.03779638108638179
structure_screen,s10|imb=none|w=1.0|delta=0.0|r=None|k=None,s10|imb=none|w=1.0|delta=0.0|r=None|k=None|cal=none|folds=None,10,9618,3,20,0.32254866023961426,0.0976855680346489,0.9095860566448801,0.1586635708808899,0.15,0.008663570880889898,3,0.1,5,0.0,0.85,0.7,1.0,0.0,none,1.0,0.0,,,none,,0.13988262536765408,0.20593966704744174,0.15348811054298023,0.024666191266628,0.012342648179321597,0.031552870210830114,0.12475366870414305,0.06337986494037934,0.10182205947860189,0.10651010273217124,0.010533243810058032,0.025128947719790694
structure_screen,s10|imb=none|w=1.0|delta=0.0|r=None|k=None,s10|imb=none|w=1.0|delta=0.0|r=None|k=None|cal=none|folds=None,10,9618,4,23,0.41642074054491574,0.1260359138250351,0.6960000000000001,0.14799191057682037,0.16666666666666666,-0.018674756089846284,3,0.1,5,0.0,0.85,0.7,1.0,0.0,none,1.0,0.0,,,none,,0.20480450664412225,0.14969275433629495,0.13617029414660722,0.0,0.1294200254665728,0.019491769509705523,0.12163503371089707,0.03300067547563615,0.08718060805628727,0.0034709198974230073,0.10893139054435186,0.006202022212101886
structure_screen,s10|imb=none|w=1.0|delta=0.0|r=None|k=None,s10|imb=none|w=1.0|delta=0.0|r=None|k=None|cal=none|folds=None,10,9618,5,200,0.4184647412727258,0.12655819952487946,0.728,0.14843131601810455,0.16666666666666666,-0.018235350648562104,3,0.1,5,0.0,0.85,0.7,1.0,0.0,none,1.0,0.0,,,none,,0.11082957960396196,0.17429819962158286,0.0973709214648885,0.059977394048785444,0.09811654674738711,0.08008913532106696,0.08516767978603418,0.09839227924749948,0.03710519371339426,0.03682917703667695,0.07907627035927804,0.04274762304944426
structure_screen,s11|imb=none|w=1.0|delta=0.0|r=None|k=None,s11|imb=none|w=1.0|delta=0.0|r=None|k=None|cal=none|folds=None,11,9618,1,1432,0.4830590963303016,0.14870060980319977,0.579520697167756,0.13012224435806274,0.15,-0.01987775564193725,4,0.01,5,0.1,1.0,1.0,10.0,0.0,none,1.0,0.0,,,none,,0.10181691455105993,0.16992839894978515,0.2606336516672958,0.06313254003575271,0.05055790893032528,0.037364669874263776,0.11464277787800513,0.05812925105312079,0.0038921252361019385,0.11593464364010052,0.0014075584570785902,0.0225595597271104
structure_screen,s11|imb=none|w=1.0|delta=0.0|r=None|k=None,s11|imb=none|w=1.0|delta=0.0|r=None|k=None|cal=none|folds=None,11,9618,2,3,0.4228744450397463,0.1275428831577301,0.5108932461873639,0.15836143493652344,0.15,0.008361434936523443,4,0.01,5,0.1,1.0,1.0,10.0,0.0,none,1.0,0.0,,,none,,0.6789133794968488,0.1974462693332608,0.0,0.0,0.0,0.0,0.0,0.12364035116989039,0.0,0.0,0.0,0.0
structure_screen,s11|imb=none|w=1.0|delta=0.0|r=None|k=None,s11|imb=none|w=1.0|delta=0.0|r=None|k=None|cal=none|folds=None,11,9618,3,648,0.3105936484776961,0.09115702658891678,0.8572984749455337,0.16110938787460327,0.15,0.011109387874603277,4,0.01,5,0.1,1.0,1.0,10.0,0.0,none,1.0,0.0,,,none,,0.1469047042250794,0.18046335884704873,0.1770177386892478,0.057019976502186064,0.050053943038421,0.017848385459872072,0.10839309949612992,0.06737435355034072,0.08347249910347002,0.08634527571894096,0.005911941239030612,0.019194724130232675
structure_screen,s11|imb=none|w=1.0|delta=0.0|r=None|k=None,s11|imb=none|w=1.0|delta=0.0|r=None|k=None|cal=none|folds=None,11,9618,4,236,0.41459479164785046,0.12751492857933044,0.697,0.15539948642253876,0.16666666666666666,-0.0112671802441279,4,0.01,5,0.1,1.0,1.0,10.0,0.0,none,1.0,0.0,,,none,,0.08437196212084545,0.3187039874335894,0.25817858972313046,0.015896725150979642,0.046977960350587315,0.040468950570679285,0.08770507233492794,0.00898597651247285,0.09925619470529717,0.0,0.039454581097490456,0.0
structure_screen,s11|imb=none|w=1.0|delta=0.0|r=None|k=None,s11|imb=none|w=1.0|delta=0.0|r=None|k=None|cal=none|folds=None,11,9618,5,977,0.37563534452958824,0.11996295303106308,0.788,0.1504630446434021,0.16666666666666666,-0.016203622023264558,4,0.01,5,0.1,1.0,1.0,10.0,0.0,none,1.0,0.0,,,none,,0.08670872936443677,0.22391922268467343,0.20094039665551672,0.06435689375699524,0.06318535635293836,0.009420064742906194,0.0985589489658693,0.05728369875838743,0.03278372023913211,0.06894141344683666,0.07793379359881873,0.01596776143348904
structure_screen,s12|imb=none|w=1.0|delta=0.0|r=None|k=None,s12|imb=none|w=1.0|delta=0.0|r=None|k=None|cal=none|folds=None,12,9618,1,1247,0.4502857357567613,0.14059948921203613,0.616557734204793,0.12251642346382141,0.15,-0.027483576536178583,1,0.01,1,0.1,0.7,0.7,1.0,1.0,none,1.0,0.0,,,none,,0.10363002232445939,0.16744936818809975,0.1962339135357789,0.09661033460619199,0.05724431219688183,0.032165377713039914,0.06396891653580282,0.1443904303842331,0.014461259182382141,0.07090370491496038,0.005495384265748152,0.047446976152421654
structure_screen,s12|imb=none|w=1.0|delta=0.0|r=None|k=None,s12|imb=none|w=1.0|delta=0.0|r=None|k=None|cal=none|folds=None,12,9618,2,30,0.41109093308700423,0.12432550638914108,0.7766884531590413,0.1586587280035019,0.15,0.008658728003501898,1,0.01,1,0.1,0.7,0.7,1.0,1.0,none,1.0,0.0,,,none,,0.29563285320442084,0.07157860258955158,0.3712345233433193,0.0,0.0,0.0,0.0,0.17999835847264406,0.061758075514667346,0.0,0.0,0.01979758687539691
structure_screen,s12|imb=none|w=1.0|delta=0.0|r=None|k=None,s12|imb=none|w=1.0|delta=0.0|r=None|k=None|cal=none|folds=None,12,9618,3,221,0.3551862211335745,0.1068691834807396,0.8572984749455337,0.1642778217792511,0.15,0.014277821779251104,1,0.01,1,0.1,0.7,0.7,1.0,1.0,none,1.0,0.0,,,none,,0.16979831761933764,0.1567522800842169,0.2592111308450112,0.03808328600752342,0.0131352901411351,0.02609157320621063,0.023741588203071887,0.08793602774692115,0.0929426004196961,0.09903497023487369,0.005293004412512594,0.027979931079489703
structure_screen,s12|imb=none|w=1.0|delta=0.0|r=None|k=None,s12|imb=none|w=1.0|delta=0.0|r=None|k=None|cal=none|folds=None,12,9618,4,199,0.4118294434459097,0.12670454382896423,0.7020000000000001,0.15071921050548553,0.16666666666666666,-0.015947456161181123,1,0.01,1,0.1,0.7,0.7,1.0,1.0,none,1.0,0.0,,,none,,0.2360953083167314,0.1318522471056003,0.262473692506643,0.007697686250552917,0.08765268797829433,0.0037078017680779287,0.00356101787001856,0.03697142364737543,0.17177644619994686,0.004223106147571391,0.04187405844045753,0.01211452376873037
structure_screen,s12|imb=none|w=1.0|delta=0.0|r=None|k=None,s12|imb=none|w=1.0|delta=0.0|r=None|k=None|cal=none|folds=None,12,9618,5,2986,0.3772320566262887,0.1215609684586525,0.78,0.14594878256320953,0.16666666666666666,-0.020717884103457124,1,0.01,1,0.1,0.7,0.7,1.0,1.0,none,1.0,0.0,,,none,,0.10828128065752496,0.17903974050543317,0.12350162569253097,0.09213239525303153,0.08943198607949909,0.056883262126273565,0.08696545394806342,0.08198463903466865,0.040494955409591235,0.03840070415726557,0.07818974848882311,0.02469420864729473
structure_screen,s13|imb=none|w=1.0|delta=0.0|r=None|k=None,s13|imb=none|w=1.0|delta=0.0|r=None|k=None|cal=none|folds=None,13,9618,1,460,0.5188379556923894,0.15200060606002808,0.5838779956427015,0.10794945061206818,0.15,-0.04205054938793182,3,0.03,1,0.1,1.0,0.7,10.0,0.1,none,1.0,0.0,,,none,,0.10314786418905483,0.16193722331174334,0.2165791734453334,0.05963436972678281,0.08813592125613959,0.03390035723403328,0.13056865040695256,0.105745518114574,0.012385070896332418,0.05279501896839511,0.005964802467253627,0.02920602998340501
structure_screen,s13|imb=none|w=1.0|delta=0.0|r=None|k=None,s13|imb=none|w=1.0|delta=0.0|r=None|k=None|cal=none|folds=None,13,9618,2,92,0.3805375594985687,0.11761652678251266,0.7723311546840959,0.15593427419662476,0.15,0.005934274196624761,3,0.03,1,0.1,1.0,0.7,10.0,0.1,none,1.0,0.0,,,none,,0.20347228570608136,0.1962853606856736,0.11191523020487927,0.09556037579190443,0.03880323325368646,0.006648961914013403,0.06595025358520969,0.06799619761575774,0.09585771271429396,0.030964024517624027,0.0757527971299671,0.010793566880908968
structure_screen,s13|imb=none|w=1.0|delta=0.0|r=None|k=None,s13|imb=none|w=1.0|delta=0.0|r=None|k=None|cal=none|folds=None,13,9618,3,204,0.30372204673462744,0.08959612995386124,0.8660130718954249,0.1632765829563141,0.15,0.013276582956314092,3,0.03,1,0.1,1.0,0.7,10.0,0.1,none,1.0,0.0,,,none,,0.13908017202819278,0.16483452123337208,0.19979890772950962,0.05719177911574575,0.06253908043377027,0.0484613484811799,0.11254499863024127,0.08385133948513461,0.06027040722262973,0.039701287454231016,0.019512832864346564,0.01221332532164643
structure_screen,s13|imb=none|w=1.0|delta=0.0|r=None|k=None,s13|imb=none|w=1.0|delta=0.0|r=None|k=None|cal=none|folds=None,13,9618,4,140,0.4024795998745974,0.12030549347400665,0.7000000000000001,0.14921823143959045,0.16666666666666666,-0.017448435227076203,3,0.03,1,0.1,1.0,0.7,10.0,0.1,none,1.0,0.0,,,none,,0.11680160903076617,0.20395032631940804,0.19167760119694877,0.055448916624791976,0.10181214425476041,0.015419659857510946,0.10446458161062516,0.033198804206821544,0.08744771389428012,0.011971366464387543,0.0665746342733056,0.011232642266393752
structure_screen,s13|imb=none|w=1.0|delta=0.0|r=None|k=None,s13|imb=none|w=1.0|delta=0.0|r=None|k=None|cal=none|folds=None,13,9618,5,423,0.36298747428897715,0.11522158980369568,0.8200000000000001,0.14288492500782013,0.16666666666666666,-0.023781741658846528,3,0.03,1,0.1,1.0,0.7,10.0,0.1,none,1.0,0.0,,,none,,0.08513708914828336,0.21329060668550892,0.1906678074542318,0.06848289228955722,0.07525697783985134,0.030942901947741453,0.10465877897782445,0.07598046901446864,0.033237125282566254,0.04077108970545307,0.0686490659685163,0.012925195685997166
structure_screen,s14|imb=none|w=1.0|delta=0.0|r=None|k=None,s14|imb=none|w=1.0|delta=0.0|r=None|k=None|cal=none|folds=None,14,9618,1,92,0.44981377872824957,0.1377829760313034,0.6100217864923747,0.11413581669330597,0.15,-0.035864183306694025,4,0.1,5,0.5,0.7,1.0,5.0,0.1,none,1.0,0.0,,,none,,0.12076763858193275,0.18935932886750256,0.11188041347133372,0.0864959933758077,0.04828483260006051,0.05367483734598562,0.07800989454344151,0.17286696373091295,0.031425938199998206,0.06695233468301325,0.0,0.04028182460001125
structure_screen,s14|imb=none|w=1.0|delta=0.0|r=None|k=None,s14|imb=none|w=1.0|delta=0.0|r=None|k=None|cal=none|folds=None,14,9618,2,2,0.4187794507655112,0.12647885084152222,0.5980392156862745,0.15981237590312958,0.15,0.009812375903129583,4,0.1,5,0.5,0.7,1.0,5.0,0.1,none,1.0,0.0,,,none,,0.689293564554165,0.0,0.0,0.20366940308069623,0.0,0.0,0.10703703236513878,0.0,0.0,0.0,0.0,0.0
structure_screen,s14|imb=none|w=1.0|delta=0.0|r=None|k=None,s14|imb=none|w=1.0|delta=0.0|r=None|k=None|cal=none|folds=None,14,9618,3,36,0.3239115920258012,0.09695801883935928,0.8856209150326797,0.16139419376850128,0.15,0.011394193768501287,4,0.1,5,0.5,0.7,1.0,5.0,0.1,none,1.0,0.0,,,none,,0.13333639242813286,0.19797037510589344,0.06430890055489812,0.07431871801407604,0.04237832606944265,0.026880437650175098,0.11680587461004784,0.07643107964602601,0.11325995128691953,0.09386724085917919,0.016355027663722294,0.044087676111486965
structure_screen,s14|imb=none|w=1.0|delta=0.0|r=None|k=None,s14|imb=none|w=1.0|delta=0.0|r=None|k=None|cal=none|folds=None,14,9618,4,6,0.43409267637411403,0.13439637422561646,0.709,0.15209507942199707,0.16666666666666666,-0.014571587244669587,4,0.1,5,0.5,0.7,1.0,5.0,0.1,none,1.0,0.0,,,none,,0.10548292920925306,0.28919177832221576,0.24112751446691763,0.0,0.0,0.0,0.0,0.0,0.318947928802759,0.0,0.04524984919885449,0.0
structure_screen,s14|imb=none|w=1.0|delta=0.0|r=None|k=None,s14|imb=none|w=1.0|delta=0.0|r=None|k=None|cal=none|folds=None,14,9618,5,206,0.41106207671030964,0.12658339738845825,0.73,0.16393059492111206,0.16666666666666666,-0.002736071745554597,4,0.1,5,0.5,0.7,1.0,5.0,0.1,none,1.0,0.0,,,none,,0.10565780165860518,0.17467406599770127,0.11042124007287976,0.06345561284711225,0.05364748693004213,0.08243269069892435,0.08816996089540743,0.10848098246193229,0.05921923713242327,0.04229756686358123,0.0681220993590212,0.04342125508236964
structure_screen,s15|imb=none|w=1.0|delta=0.0|r=None|k=None,s15|imb=none|w=1.0|delta=0.0|r=None|k=None|cal=none|folds=None,15,9618,1,37,0.44019894868058984,0.132640540599823,0.3877995642701525,0.15533560514450073,0.15,0.005335605144500738,2,0.03,10,0.0,0.7,0.85,5.0,1.0,none,1.0,0.0,,,none,,0.009178822461368417,0.11587139751354515,0.0626462658264816,0.0,0.047741480584791184,0.0,0.0,0.37741151223013303,0.0,0.38221858061351555,0.0,0.004931940770165109
structure_screen,s15|imb=none|w=1.0|delta=0.0|r=None|k=None,s15|imb=none|w=1.0|delta=0.0|r=None|k=None|cal=none|folds=None,15,9618,2,340,0.39484958772774653,0.12084555625915527,0.6982570806100218,0.16092869639396667,0.15,0.01092869639396668,2,0.03,10,0.0,0.7,0.85,5.0,1.0,none,1.0,0.0,,,none,,0.24698464174378443,0.06721352544025781,0.1889878301630975,0.0,0.04760659538513461,0.05940476362989761,0.10503147808514689,0.1496151557098299,0.0,0.12428729488160747,0.0,0.010868714961243768
structure_screen,s15|imb=none|w=1.0|delta=0.0|r=None|k=None,s15|imb=none|w=1.0|delta=0.0|r=None|k=None|cal=none|folds=None,15,9618,3,172,0.38995237714001013,0.1191297322511673,0.7080610021786492,0.16157402098178864,0.15,0.01157402098178864,2,0.03,10,0.0,0.7,0.85,5.0,1.0,none,1.0,0.0,,,none,,0.23423281711820798,0.02811010640554823,0.04019123672110128,0.0,0.01472219492592324,0.12515836979530018,0.07179729450720904,0.22498356697111882,0.0,0.2304007742792861,0.0,0.03040363927630513
structure_screen,s15|imb=none|w=1.0|delta=0.0|r=None|k=None,s15|imb=none|w=1.0|delta=0.0|r=None|k=None|cal=none|folds=None,15,9618,4,90,0.4184522612555562,0.1301310509443283,0.739,0.14983409643173218,0.16666666666666666,-0.01683257023493448,2,0.03,10,0.0,0.7,0.85,5.0,1.0,none,1.0,0.0,,,none,,0.3466241919886037,0.02358074134399305,0.11735976914406357,0.0,0.0962867320856093,0.004590034368070502,0.04444262027639228,0.15593493487074964,0.0,0.1666259832825909,0.0,0.04455499263992707
structure_screen,s15|imb=none|w=1.0|delta=0.0|r=None|k=None,s15|imb=none|w=1.0|delta=0.0|r=None|k=None|cal=none|folds=None,15,9618,5,11,0.4438150202883897,0.13711616396903992,0.713,0.15590348839759827,0.16666666666666666,-0.01076317826906839,2,0.03,10,0.0,0.7,0.85,5.0,1.0,none,1.0,0.0,,,none,,0.19824277754794284,0.0,0.0,0.0,0.0,0.0,0.06322270408179147,0.14457083784597216,0.0,0.5939636805242936,0.0,0.0
structure_screen,s16|imb=none|w=1.0|delta=0.0|r=None|k=None,s16|imb=none|w=1.0|delta=0.0|r=None|k=None|cal=none|folds=None,16,9618,1,12,0.4388878866945628,0.13182035088539124,0.4716775599128541,0.15016917884349823,0.15,0.00016917884349823553,1,0.1,10,0.5,1.0,0.85,1.0,0.1,none,1.0,0.0,,,none,,0.06649531020256438,0.12183836270723729,0.45142807350378755,0.0,0.0,0.0,0.0,0.12230559502647845,0.0,0.23793265855993231,0.0,0.0
structure_screen,s16|imb=none|w=1.0|delta=0.0|r=None|k=None,s16|imb=none|w=1.0|delta=0.0|r=None|k=None|cal=none|folds=None,16,9618,2,1,0.42117294239475217,0.12709833681583405,0.565359477124183,0.15844877064228058,0.15,0.008448770642280584,1,0.1,10,0.5,1.0,0.85,1.0,0.1,none,1.0,0.0,,,none,,1.0,0.0,0.0,0.0,0.0,0.0,0.0,0.0,0.0,0.0,0.0,0.0
structure_screen,s16|imb=none|w=1.0|delta=0.0|r=None|k=None,s16|imb=none|w=1.0|delta=0.0|r=None|k=None|cal=none|folds=None,16,9618,3,49,0.36654557740211724,0.11195077747106552,0.8028322440087146,0.15658701956272125,0.15,0.006587019562721258,1,0.1,10,0.5,1.0,0.85,1.0,0.1,none,1.0,0.0,,,none,,0.1540153910100364,0.0972750300747237,0.15684366761830626,0.1305167455868393,0.0,0.09063858081047155,0.036550155243346365,0.0838631902139857,0.0,0.16960800692901637,0.0,0.08068923251327438
structure_screen,s16|imb=none|w=1.0|delta=0.0|r=None|k=None,s16|imb=none|w=1.0|delta=0.0|r=None|k=None|cal=none|folds=None,16,9618,4,15,0.42586180098699794,0.1318136751651764,0.695,0.15264852344989777,0.16666666666666666,-0.014018143216768891,1,0.1,10,0.5,1.0,0.85,1.0,0.1,none,1.0,0.0,,,none,,0.2074468214047104,0.08940312527523471,0.5860397174844028,0.0,0.0,0.0,0.0,0.0,0.0,0.0,0.07983791843292784,0.03727241740272423
structure_screen,s16|imb=none|w=1.0|delta=0.0|r=None|k=None,s16|imb=none|w=1.0|delta=0.0|r=None|k=None|cal=none|folds=None,16,9618,5,55,0.41300526169813484,0.13078424334526062,0.7030000000000001,0.16944952309131622,0.16666666666666666,0.0027828564246495657,1,0.1,10,0.5,1.0,0.85,1.0,0.1,none,1.0,0.0,,,none,,0.048323570845101534,0.1868020063509434,0.35422341574894217,0.11379533089616055,0.0,0.0,0.03181656888326242,0.030854049191653927,0.0,0.1622854913068243,0.03239548814651974,0.039504078630591986
structure_screen,s17|imb=none|w=1.0|delta=0.0|r=None|k=None,s17|imb=none|w=1.0|delta=0.0|r=None|k=None|cal=none|folds=None,17,9618,1,698,0.44778546786779544,0.13917966187000275,0.6187363834422658,0.1265268623828888,0.15,-0.0234731376171112,4,0.01,5,0.1,0.85,0.7,5.0,0.1,none,1.0,0.0,,,none,,0.10010029625501476,0.18370707934807726,0.20526331786054983,0.0706491499844761,0.0562371877930944,0.03016426951582785,0.0822710668551164,0.11516651836105445,0.019951090410686906,0.0992495675536637,0.0036327693802949076,0.03360768668214342
structure_screen,s17|imb=none|w=1.0|delta=0.0|r=None|k=None,s17|imb=none|w=1.0|delta=0.0|r=None|k=None|cal=none|folds=None,17,9618,2,47,0.4085609855483198,0.12376948446035385,0.7429193899782135,0.157660111784935,0.15,0.007660111784935003,4,0.01,5,0.1,0.85,0.7,5.0,0.1,none,1.0,0.0,,,none,,0.2728538594964387,0.08045255313342137,0.21782934982005972,0.058420185730969146,0.031489351700670805,0.015484675932583592,0.06869168765772184,0.07605127266187604,0.11057669527704465,0.04106106041846569,0.010652144271028004,0.016437163899720476
structure_screen,s17|imb=none|w=1.0|delta=0.0|r=None|k=None,s17|imb=none|w=1.0|delta=0.0|r=None|k=None|cal=none|folds=None,17,9618,3,577,0.3052653175177243,0.08961115032434464,0.8747276688453158,0.16410072147846222,0.15,0.014100721478462225,4,0.01,5,0.1,0.85,0.7,5.0,0.1,none,1.0,0.0,,,none,,0.14226802732043686,0.16575699256903403,0.10863054957448148,0.0669206227753809,0.05952383738812591,0.05131422367682449,0.11039462017431763,0.08996616171653891,0.07333873489964075,0.07099403444569292,0.023251694257813794,0.03764050120171227
structure_screen,s17|imb=none|w=1.0|delta=0.0|r=None|k=None,s17|imb=none|w=1.0|delta=0.0|r=None|k=None|cal=none|folds=None,17,9618,4,202,0.41383758980637797,0.12728890776634216,0.7080000000000001,0.15019004046916962,0.16666666666666666,-0.01647662619749704,4,0.01,5,0.1,0.85,0.7,5.0,0.1,none,1.0,0.0,,,none,,0.160623942834851,0.20956882223248688,0.21758521620948584,0.009004655733261277,0.06465854862156684,0.026010311736051873,0.09514484637833558,0.022859408645927,0.12210299834934155,0.014354092552206276,0.048042932890469146,0.010044223816016759
structure_screen,s17|imb=none|w=1.0|delta=0.0|r=None|k=None,s17|imb=none|w=1.0|delta=0.0|r=None|k=None|cal=none|folds=None,17,9618,5,2810,0.41557953854800966,0.1268361657857895,0.732,0.14738139510154724,0.16666666666666666,-0.019285271565119416,4,0.01,5,0.1,0.85,0.7,5.0,0.1,none,1.0,0.0,,,none,,0.11404720928757699,0.1878873781597837,0.11264029307700009,0.06256509608729559,0.07377375804901673,0.059305405548634504,0.09726029622581765,0.10479641532098957,0.04012464279321079,0.0446912900552419,0.07571240877735198,0.027195806618080513
structure_screen,s18|imb=none|w=1.0|delta=0.0|r=None|k=None,s18|imb=none|w=1.0|delta=0.0|r=None|k=None|cal=none|folds=None,18,9618,1,20,0.43247716537435316,0.13025438785552979,0.49673202614379086,0.15068945288658142,0.15,0.0006894528865814264,2,0.05,10,0.0,1.0,0.7,1.0,0.0,none,1.0,0.0,,,none,,0.06330821967148055,0.1618215729353715,0.43861912877105314,0.0,0.003742499437016798,0.0,0.00727626910521119,0.1310503203924553,0.0,0.1941819896874115,0.0,0.0
structure_screen,s18|imb=none|w=1.0|delta=0.0|r=None|k=None,s18|imb=none|w=1.0|delta=0.0|r=None|k=None|cal=none|folds=None,18,9618,2,1,0.42155144337562267,0.127190962433815,0.60239651416122,0.1581021398305893,0.15,0.0081021398305893,2,0.05,10,0.0,1.0,0.7,1.0,0.0,none,1.0,0.0,,,none,,1.0,0.0,0.0,0.0,0.0,0.0,0.0,0.0,0.0,0.0,0.0,0.0
structure_screen,s18|imb=none|w=1.0|delta=0.0|r=None|k=None,s18|imb=none|w=1.0|delta=0.0|r=None|k=None|cal=none|folds=None,18,9618,3,1031,0.3354814164983476,0.10145667940378189,0.8180827886710239,0.1614002287387848,0.15,0.011400228738784796,2,0.05,10,0.0,1.0,0.7,1.0,0.0,none,1.0,0.0,,,none,,0.1166202425393683,0.07203375414258857,0.10631126441029622,0.050843298992685686,0.09964984193149544,0.08493603359870766,0.17692641685544042,0.12375712025345025,0.0,0.0929402297228218,0.03648168258907446,0.039500114964071215
structure_screen,s18|imb=none|w=1.0|delta=0.0|r=None|k=None,s18|imb=none|w=1.0|delta=0.0|r=None|k=None|cal=none|folds=None,18,9618,4,31,0.42690109671048754,0.1319923996925354,0.673,0.15295089781284332,0.16666666666666666,-0.013715768853823335,2,0.05,10,0.0,1.0,0.7,1.0,0.0,none,1.0,0.0,,,none,,0.23780780904166546,0.13444794310712327,0.48497755793710556,0.0,0.0,0.0,0.007228880330638867,0.009330018876497339,0.0,0.0,0.0848811975111678,0.04132659319580168
structure_screen,s18|imb=none|w=1.0|delta=0.0|r=None|k=None,s18|imb=none|w=1.0|delta=0.0|r=None|k=None|cal=none|folds=None,18,9618,5,116,0.41375209237523947,0.13131935894489288,0.694,0.16822299361228943,0.16666666666666666,0.0015563269456227713,2,0.05,10,0.0,1.0,0.7,1.0,0.0,none,1.0,0.0,,,none,,0.036153613467489125,0.18138051105604672,0.3386153150113835,0.09825525118964042,0.0,0.021636017652649317,0.05728584249425468,0.031185653435250423,0.0,0.162107913084068,0.03239926504075423,0.040980617568463586
structure_screen,s19|imb=none|w=1.0|delta=0.0|r=None|k=None,s19|imb=none|w=1.0|delta=0.0|r=None|k=None|cal=none|folds=None,19,9618,1,130,0.49109162603797607,0.14685794711112976,0.5773420479302832,0.10653313994407654,0.15,-0.043466860055923456,3,0.05,1,0.5,0.7,1.0,1.0,1.0,none,1.0,0.0,,,none,,0.12416786149143678,0.18019430442183249,0.17922528548417474,0.054481123117568954,0.08409498575352166,0.03873575894585178,0.1219660144980144,0.12821937572735928,0.0045527277670320615,0.03670515345674869,0.011353730654357993,0.036303678682101166
structure_screen,s19|imb=none|w=1.0|delta=0.0|r=None|k=None,s19|imb=none|w=1.0|delta=0.0|r=None|k=None|cal=none|folds=None,19,9618,2,40,0.36813450455927227,0.11379235237836838,0.7941176470588235,0.15713195502758026,0.15,0.007131955027580267,3,0.05,1,0.5,0.7,1.0,1.0,1.0,none,1.0,0.0,,,none,,0.14767206706605226,0.16521697610999816,0.12253100650802157,0.11297552843464968,0.038540212912549596,0.03865700486728214,0.10375128387476219,0.1074872581231954,0.07402930459650443,0.02323370867595226,0.05190875556474877,0.013996893266283533
structure_screen,s19|imb=none|w=1.0|delta=0.0|r=None|k=None,s19|imb=none|w=1.0|delta=0.0|r=None|k=None|cal=none|folds=None,19,9618,3,35,0.3266259415660874,0.09710907936096191,0.8747276688453158,0.15982094407081604,0.15,0.009820944070816046,3,0.05,1,0.5,0.7,1.0,1.0,1.0,none,1.0,0.0,,,none,,0.11202743056785563,0.16545211670316876,0.12804398619683732,0.06524059428666142,0.033645359456831066,0.07555418276155487,0.13174167285977356,0.10803092152733802,0.07531607897161846,0.040024847954288574,0.028682606258405,0.0362402024556673
structure_screen,s19|imb=none|w=1.0|delta=0.0|r=None|k=None,s19|imb=none|w=1.0|delta=0.0|r=None|k=None|cal=none|folds=None,19,9618,4,4,0.4368351939587451,0.13499665260314941,0.693,0.15463140606880188,0.16666666666666666,-0.012035260597864778,3,0.05,1,0.5,0.7,1.0,1.0,1.0,none,1.0,0.0,,,none,,0.13454097088073805,0.13841079200852136,0.20825442895585608,0.02923767940538079,0.0,0.021021057881013647,0.0,0.0,0.33643428841255174,0.0,0.036207142502195144,0.09589363995374318
structure_screen,s19|imb=none|w=1.0|delta=0.0|r=None|k=None,s19|imb=none|w=1.0|delta=0.0|r=None|k=None|cal=none|folds=None,19,9618,5,337,0.3615740489087594,0.1128060445189476,0.812,0.13723675906658173,0.16666666666666666,-0.02942990760008493,3,0.05,1,0.5,0.7,1.0,1.0,1.0,none,1.0,0.0,,,none,,0.10113520443963418,0.1880572303708437,0.12068138300403004,0.06224310401208188,0.08607284729456302,0.04788341056161426,0.09188832674267804,0.12854755514452046,0.024074905734698785,0.04180653825772865,0.06763111418507,0.03997838025253697
structure_screen,s20|imb=none|w=1.0|delta=0.0|r=None|k=None,s20|imb=none|w=1.0|delta=0.0|r=None|k=None|cal=none|folds=None,20,9618,1,1118,0.4698542712953928,0.145152747631073,0.6143790849673203,0.12309767305850983,0.15,-0.026902326941490168,4,0.01,5,1.0,0.85,0.7,1.0,0.0,none,1.0,0.0,,,none,,0.11804553776058946,0.1858991765781769,0.16542649690344854,0.06344152936998106,0.06522112477428063,0.0513532984123401,0.09874416684744496,0.1252755188331978,0.018425673771182684,0.07334373770021531,0.0066406150944551805,0.028183123954687393
structure_screen,s20|imb=none|w=1.0|delta=0.0|r=None|k=None,s20|imb=none|w=1.0|delta=0.0|r=None|k=None|cal=none|folds=None,20,9618,2,12,0.4172325445153089,0.12605029344558716,0.7135076252723311,0.15867580473423004,0.15,0.008675804734230047,4,0.01,5,1.0,0.85,0.7,1.0,0.0,none,1.0,0.0,,,none,,0.3079497883829052,0.03725914165728996,0.2244291719700815,0.02624540496300617,0.029977740174502974,0.017899523073304446,0.10081477859130171,0.042711596891427006,0.17027278433418708,0.0,0.016543220457398682,0.025896849504595282
structure_screen,s20|imb=none|w=1.0|delta=0.0|r=None|k=None,s20|imb=none|w=1.0|delta=0.0|r=None|k=None|cal=none|folds=None,20,9618,3,284,0.3139392884595589,0.09346866607666016,0.8790849673202614,0.1629423350095749,0.15,0.012942335009574896,4,0.01,5,1.0,0.85,0.7,1.0,0.0,none,1.0,0.0,,,none,,0.15663699069557777,0.16196208776768833,0.11895070763572456,0.05794368613789172,0.06729172459837558,0.044555728441535415,0.10127318097951053,0.09209782051987046,0.07590010442815012,0.06887996865990753,0.017499531944450402,0.03700846819131757
structure_screen,s20|imb=none|w=1.0|delta=0.0|r=None|k=None,s20|imb=none|w=1.0|delta=0.0|r=None|k=None|cal=none|folds=None,20,9618,4,80,0.42184582500159284,0.1305021345615387,0.705,0.15329986810684204,0.16666666666666666,-0.013366798559824616,4,0.01,5,1.0,0.85,0.7,1.0,0.0,none,1.0,0.0,,,none,,0.17411444770627776,0.17573419420125796,0.22654692605444945,0.0,0.07745377384309897,0.02373860597898616,0.08563746688116433,0.014427579797906018,0.14165356826837724,0.020289338379690977,0.04881821580428269,0.011585883084508405
structure_screen,s20|imb=none|w=1.0|delta=0.0|r=None|k=None,s20|imb=none|w=1.0|delta=0.0|r=None|k=None|cal=none|folds=None,20,9618,5,1980,0.40281005163444134,0.12530232965946198,0.734,0.1492837518453598,0.16666666666666666,-0.017382914821306855,4,0.01,5,1.0,0.85,0.7,1.0,0.0,none,1.0,0.0,,,none,,0.11836222870987398,0.1937962619837916,0.11456782053049495,0.06462302185091977,0.07243259570607077,0.05417312929750848,0.09507238186363916,0.10161908564249852,0.03694318669536015,0.03824185062084927,0.08146059930260531,0.028707837796388032
structure_screen,s21|imb=none|w=1.0|delta=0.0|r=None|k=None,s21|imb=none|w=1.0|delta=0.0|r=None|k=None|cal=none|folds=None,21,9618,1,67,0.436016317601651,0.13121026754379272,0.4836601307189543,0.14962005615234375,0.15,-0.00037994384765624445,4,0.03,10,1.0,1.0,0.85,10.0,1.0,none,1.0,0.0,,,none,,0.05448026890111384,0.13438951048107103,0.46552044654228764,0.0,0.0,0.0,0.0,0.11505920234144507,0.0,0.2305505717340824,0.0,0.0
structure_screen,s21|imb=none|w=1.0|delta=0.0|r=None|k=None,s21|imb=none|w=1.0|delta=0.0|r=None|k=None|cal=none|folds=None,21,9618,2,1,0.4224127971075383,0.12742017209529877,0.6143790849673202,0.15844856202602386,0.15,0.00844856202602387,4,0.03,10,1.0,1.0,0.85,10.0,1.0,none,1.0,0.0,,,none,,1.0,0.0,0.0,0.0,0.0,0.0,0.0,0.0,0.0,0.0,0.0,0.0
structure_screen,s21|imb=none|w=1.0|delta=0.0|r=None|k=None,s21|imb=none|w=1.0|delta=0.0|r=None|k=None|cal=none|folds=None,21,9618,3,56,0.38790160090242515,0.11807438731193542,0.8518518518518519,0.15993064641952515,0.15,0.009930646419525152,4,0.03,10,1.0,1.0,0.85,10.0,1.0,none,1.0,0.0,,,none,,0.20799388065230856,0.14290647484355937,0.17515928147709312,0.0,0.0,0.007028219641907948,0.08966299310962542,0.06019400284801692,0.0,0.29663171947814465,0.0,0.020423427949344056
structure_screen,s21|imb=none|w=1.0|delta=0.0|r=None|k=None,s21|imb=none|w=1.0|delta=0.0|r=None|k=None|cal=none|folds=None,21,9618,4,100,0.42701951112237263,0.1320713609457016,0.673,0.15234585106372833,0.16666666666666666,-0.014320815602938325,4,0.03,10,1.0,1.0,0.85,10.0,1.0,none,1.0,0.0,,,none,,0.19791500298697312,0.10850568773005397,0.58569984305816,0.0,0.0,0.0,0.0,0.0,0.0,0.0,0.0826627424414738,0.025216723783339088
structure_screen,s21|imb=none|w=1.0|delta=0.0|r=None|k=None,s21|imb=none|w=1.0|delta=0.0|r=None|k=None|cal=none|folds=None,21,9618,5,87,0.4165347049220155,0.13001851737499237,0.729,0.16627137362957,0.16666666666666666,-0.0003952930370966501,4,0.03,10,1.0,1.0,0.85,10.0,1.0,none,1.0,0.0,,,none,,0.015534967109523826,0.15190661765323443,0.5122903438511953,0.04768962582067578,0.0,0.0,0.07079382147620342,0.0,0.0,0.20178462408916728,0.0,0.0
structure_screen,s22|imb=none|w=1.0|delta=0.0|r=None|k=None,s22|imb=none|w=1.0|delta=0.0|r=None|k=None|cal=none|folds=None,22,9618,1,304,0.44975882676189677,0.1372276395559311,0.5337690631808278,0.14535857737064362,0.15,-0.004641422629356379,1,0.03,5,0.5,1.0,0.7,10.0,1.0,none,1.0,0.0,,,none,,0.06635716363958391,0.1517583570200996,0.4048459434053743,0.07071052067343231,0.024688517757839267,0.0,0.0,0.11113501224823959,0.002115986050003576,0.1293992593479032,0.0,0.0389892398575243
structure_screen,s22|imb=none|w=1.0|delta=0.0|r=None|k=None,s22|imb=none|w=1.0|delta=0.0|r=None|k=None|cal=none|folds=None,22,9618,2,1,0.42275532197974885,0.12751121819019318,0.5326797385620916,0.15788745880126953,0.15,0.007887458801269537,1,0.03,5,0.5,1.0,0.7,10.0,1.0,none,1.0,0.0,,,none,,1.0,0.0,0.0,0.0,0.0,0.0,0.0,0.0,0.0,0.0,0.0,0.0
structure_screen,s22|imb=none|w=1.0|delta=0.0|r=None|k=None,s22|imb=none|w=1.0|delta=0.0|r=None|k=None|cal=none|folds=None,22,9618,3,91,0.37275076286666026,0.11357082426548004,0.8583877995642701,0.16646064817905426,0.15,0.016460648179054266,1,0.03,5,0.5,1.0,0.7,10.0,1.0,none,1.0,0.0,,,none,,0.2498978443184576,0.285265230502976,0.11576917225773528,0.0,0.0,0.0,0.0,0.0,0.19853804921100876,0.15052970370982235,0.0,0.0
structure_screen,s22|imb=none|w=1.0|delta=0.0|r=None|k=None,s22|imb=none|w=1.0|delta=0.0|r=None|k=None|cal=none|folds=None,22,9618,4,161,0.4175648522708875,0.1287640482187271,0.6809999999999999,0.15139196813106537,0.16666666666666666,-0.015274698535601289,1,0.03,5,0.5,1.0,0.7,10.0,1.0,none,1.0,0.0,,,none,,0.13885954030021594,0.2038195269530889,0.3602381619681096,0.0,0.0442130084396307,0.0,0.0,0.0,0.19146330901188546,0.0,0.06140645332706946,0.0
structure_screen,s22|imb=none|w=1.0|delta=0.0|r=None|k=None,s22|imb=none|w=1.0|delta=0.0|r=None|k=None|cal=none|folds=None,22,9618,5,230,0.39168700189521305,0.12240560352802277,0.778,0.16345949470996857,0.16666666666666666,-0.0032071719566980905,1,0.03,5,0.5,1.0,0.7,10.0,1.0,none,1.0,0.0,,,none,,0.1456609168816949,0.15756395601956288,0.4046133313740338,0.07136573253566865,0.01756578398928729,0.0,0.0,0.045205220048210405,0.04945775221824554,0.09909492158905717,0.009472385344239309,0.0
structure_screen,s23|imb=none|w=1.0|delta=0.0|r=None|k=None,s23|imb=none|w=1.0|delta=0.0|r=None|k=None|cal=none|folds=None,23,9618,1,113,0.4619970745140888,0.14505453407764435,0.616557734204793,0.1287079155445099,0.15,-0.021292084455490107,1,0.1,5,0.0,0.85,0.7,1.0,0.1,none,1.0,0.0,,,none,,0.06630504717096307,0.18371526454729983,0.17917296312631834,0.07391561627741254,0.03476874247425012,0.022815568099799784,0.0737712465647088,0.2111141170326361,0.03362122396168941,0.07073381443030716,0.002180080062387276,0.047886316252227557
structure_screen,s23|imb=none|w=1.0|delta=0.0|r=None|k=None,s23|imb=none|w=1.0|delta=0.0|r=None|k=None|cal=none|folds=None,23,9618,2,1,0.42187609051208474,0.12727083265781403,0.5326797385620916,0.15791882574558258,0.15,0.007918825745582586,1,0.1,5,0.0,0.85,0.7,1.0,0.1,none,1.0,0.0,,,none,,1.0,0.0,0.0,0.0,0.0,0.0,0.0,0.0,0.0,0.0,0.0,0.0
structure_screen,s23|imb=none|w=1.0|delta=0.0|r=None|k=None,s23|imb=none|w=1.0|delta=0.0|r=None|k=None|cal=none|folds=None,23,9618,3,26,0.34335509243893636,0.1044614166021347,0.8888888888888888,0.16439788043498993,0.15,0.014397880434989935,1,0.1,5,0.0,0.85,0.7,1.0,0.1,none,1.0,0.0,,,none,,0.19732380642116387,0.2213192224592874,0.11436460957476498,0.03238210843196037,0.0,0.01559865240221159,0.05857485671110785,0.03828050975189679,0.17505913225142686,0.14709710199618029,0.0,0.0
structure_screen,s23|imb=none|w=1.0|delta=0.0|r=None|k=None,s23|imb=none|w=1.0|delta=0.0|r=None|k=None|cal=none|folds=None,23,9618,4,96,0.40214886460024946,0.11958883702754974,0.716,0.15436576306819916,0.16666666666666666,-0.0123009035984675,1,0.1,5,0.0,0.85,0.7,1.0,0.1,none,1.0,0.0,,,none,,0.1384699516158253,0.1447642320612159,0.1648543924811602,0.06292780067014916,0.12861860502283975,0.011798780559905396,0.07982195676998523,0.028501274285345476,0.08707510637821028,0.023267023691637558,0.1168424515157348,0.01305842494799093
structure_screen,s23|imb=none|w=1.0|delta=0.0|r=None|k=None,s23|imb=none|w=1.0|delta=0.0|r=None|k=None|cal=none|folds=None,23,9618,5,370,0.4264323199913586,0.1321142315864563,0.7220000000000001,0.14716166257858276,0.16666666666666666,-0.019505004088083894,1,0.1,5,0.0,0.85,0.7,1.0,0.1,none,1.0,0.0,,,none,,0.1048430256075219,0.19541647060509929,0.11463705777250907,0.07364650494081289,0.08346621860010198,0.05646481942634282,0.10015795638956645,0.06843322005756039,0.04149528802308847,0.04142779591024629,0.09374498385478464,0.026266658812365815
structure_screen,s24|imb=none|w=1.0|delta=0.0|r=None|k=None,s24|imb=none|w=1.0|delta=0.0|r=None|k=None|cal=none|folds=None,24,9618,1,993,0.45396455310754924,0.14073927700519562,0.5969498910675382,0.13399647176265717,0.15,-0.01600352823734283,2,0.01,5,0.5,1.0,0.7,10.0,0.0,none,1.0,0.0,,,none,,0.05120103025481542,0.18823295920641783,0.31777394594341457,0.06343913548133884,0.05976797000404774,0.012190374742198343,0.0786258268055458,0.07825199580284,0.0052945790708764,0.11362041283336456,0.0,0.03160176985514052
structure_screen,s24|imb=none|w=1.0|delta=0.0|r=None|k=None,s24|imb=none|w=1.0|delta=0.0|r=None|k=None|cal=none|folds=None,24,9618,2,27,0.41698068967619173,0.12599316239356995,0.6960784313725491,0.15626269578933716,0.15,0.006262695789337164,2,0.01,5,0.5,1.0,0.7,10.0,0.0,none,1.0,0.0,,,none,,0.39090648323477867,0.04889032811123083,0.24074163859357722,0.0,0.011253610757147207,0.0027476858127732234,0.07755285267278623,0.02972499311720824,0.17727379570614663,0.020908611994351754,0.0,0.0
structure_screen,s24|imb=none|w=1.0|delta=0.0|r=None|k=None,s24|imb=none|w=1.0|delta=0.0|r=None|k=None|cal=none|folds=None,24,9618,3,539,0.3205673423571202,0.09544582664966583,0.8703703703703703,0.16736111044883728,0.15,0.017361110448837286,2,0.01,5,0.5,1.0,0.7,10.0,0.0,none,1.0,0.0,,,none,,0.161052920471707,0.19768803499807358,0.11456069409670713,0.05944505133570042,0.06809795508078417,0.01149910106895205,0.1078079785662533,0.0685424286086157,0.09519354127296463,0.09778572647660515,0.0004456482615977541,0.017880919762039114
structure_screen,s24|imb=none|w=1.0|delta=0.0|r=None|k=None,s24|imb=none|w=1.0|delta=0.0|r=None|k=None|cal=none|folds=None,24,9618,4,337,0.4076927577936159,0.12512964010238647,0.715,0.15337997674942017,0.16666666666666666,-0.013286689917246491,2,0.01,5,0.5,1.0,0.7,10.0,0.0,none,1.0,0.0,,,none,,0.10798800532252921,0.23168030099968734,0.30423676502071983,0.015890342573497772,0.05965209353837517,0.015257522630045296,0.09471245553555104,0.0,0.11321281462536964,0.0,0.053359583456169,0.004010116298055684
structure_screen,s24|imb=none|w=1.0|delta=0.0|r=None|k=None,s24|imb=none|w=1.0|delta=0.0|r=None|k=None|cal=none|folds=None,24,9618,5,1961,0.3716765172015893,0.1177481859922409,0.792,0.15389016270637512,0.16666666666666666,-0.012776503960291535,2,0.01,5,0.5,1.0,0.7,10.0,0.0,none,1.0,0.0,,,none,,0.08102440110748617,0.2258456265718421,0.22414917726639277,0.066477908343325,0.05330337563781944,0.00786738211159871,0.09467519920229503,0.06518035528467324,0.03290361355340251,0.06390173216794737,0.0802222916278017,0.00444893712541599
structure_screen,s25|imb=none|w=1.0|delta=0.0|r=None|k=None,s25|imb=none|w=1.0|delta=0.0|r=None|k=None|cal=none|folds=None,25,9618,1,77,0.44077173779202933,0.1335279643535614,0.5032679738562091,0.15169022977352142,0.15,0.0016902297735214289,3,0.03,10,0.0,0.85,0.85,10.0,0.0,none,1.0,0.0,,,none,,0.0,0.09238959089040862,0.4436609196464563,0.05207945274459933,0.0,0.0,0.0,0.15916203622477962,0.0,0.244308558861095,0.0,0.008399441632661082
structure_screen,s25|imb=none|w=1.0|delta=0.0|r=None|k=None,s25|imb=none|w=1.0|delta=0.0|r=None|k=None|cal=none|folds=None,25,9618,2,1,0.4226774748105292,0.12749053537845612,0.5555555555555556,0.15816615521907806,0.15,0.00816615521907807,3,0.03,10,0.0,0.85,0.85,10.0,0.0,none,1.0,0.0,,,none,,1.0,0.0,0.0,0.0,0.0,0.0,0.0,0.0,0.0,0.0,0.0,0.0
structure_screen,s25|imb=none|w=1.0|delta=0.0|r=None|k=None,s25|imb=none|w=1.0|delta=0.0|r=None|k=None|cal=none|folds=None,25,9618,3,114,0.37677893555114567,0.11457697302103043,0.7962962962962963,0.16302481293678284,0.15,0.013024812936782842,3,0.03,10,0.0,0.85,0.85,10.0,0.0,none,1.0,0.0,,,none,,0.198722350580174,0.04631925079972028,0.16483922973860496,0.0537960652837652,0.0,0.0756883721933642,0.014147932563859277,0.15087364865566874,0.0,0.25933352611213983,0.0,0.0362796240727035
structure_screen,s25|imb=none|w=1.0|delta=0.0|r=None|k=None,s25|imb=none|w=1.0|delta=0.0|r=None|k=None|cal=none|folds=None,25,9618,4,108,0.43163515321510876,0.13305525481700897,0.628,0.15086382627487183,0.16666666666666666,-0.01580284039179483,3,0.03,10,0.0,0.85,0.85,10.0,0.0,none,1.0,0.0,,,none,,0.2247168869124303,0.0,0.43230267600912337,0.0,0.05308675783935907,0.0055296401002802795,0.01056779242185425,0.07374334211511933,0.0,0.05192746391735778,0.13204940882213448,0.016076031862341113
structure_screen,s25|imb=none|w=1.0|delta=0.0|r=None|k=None,s25|imb=none|w=1.0|delta=0.0|r=None|k=None|cal=none|folds=None,25,9618,5,590,0.4340344768722551,0.1362924575805664,0.63,0.1676970273256302,0.16666666666666666,0.0010303606589635306,3,0.03,10,0.0,0.85,0.85,10.0,0.0,none,1.0,0.0,,,none,,0.0735571053214412,0.1234395677581377,0.2324870491615501,0.02925497039981212,0.0175849867607643,0.09901802834719993,0.08095364380766584,0.08944063566682425,0.0,0.14566999487986,0.0752417662082231,0.03335225168852147
structure_screen,s26|imb=none|w=1.0|delta=0.0|r=None|k=None,s26|imb=none|w=1.0|delta=0.0|r=None|k=None|cal=none|folds=None,26,9618,1,252,0.493866038140737,0.1487908512353897,0.5991285403050108,0.10848098248243332,0.15,-0.041519017517566675,3,0.05,1,0.1,0.85,0.85,5.0,1.0,none,1.0,0.0,,,none,,0.11952012296741733,0.177689751413077,0.18962769520879166,0.058393751006482315,0.08472144669324137,0.030345754612907585,0.10482242901157307,0.12840564917105524,0.008889867857710981,0.043873321985742356,0.009934405351149266,0.043775804720851824
structure_screen,s26|imb=none|w=1.0|delta=0.0|r=None|k=None,s26|imb=none|w=1.0|delta=0.0|r=None|k=None|cal=none|folds=None,26,9618,2,149,0.37490936895636967,0.11844633519649506,0.7440087145969498,0.1552840918302536,0.15,0.005284091830253607,3,0.05,1,0.1,0.85,0.85,5.0,1.0,none,1.0,0.0,,,none,,0.14803466685074199,0.17705912932057707,0.09709603809969825,0.10959922917141073,0.06473475857928394,0.01640862250550374,0.09685481633388066,0.1045685694598935,0.06955601352284778,0.0376853651140835,0.05629202331563581,0.022110767726443034
structure_screen,s26|imb=none|w=1.0|delta=0.0|r=None|k=None,s26|imb=none|w=1.0|delta=0.0|r=None|k=None|cal=none|folds=None,26,9618,3,142,0.27884865485648275,0.07870077341794968,0.8769063180827886,0.16830593347549438,0.15,0.01830593347549439,3,0.05,1,0.1,0.85,0.85,5.0,1.0,none,1.0,0.0,,,none,,0.11477304779771955,0.16889057598924662,0.1446705058877655,0.08016128432670655,0.08786091000174524,0.04727313726972929,0.09400748148282848,0.1159698907822886,0.04201886458172542,0.04364239258809198,0.03159438614083724,0.029137523151315525
structure_screen,s26|imb=none|w=1.0|delta=0.0|r=None|k=None,s26|imb=none|w=1.0|delta=0.0|r=None|k=None|cal=none|folds=None,26,9618,4,31,0.409221694802309,0.12583233416080475,0.722,0.14962750673294067,0.16666666666666666,-0.017039159933725984,3,0.05,1,0.1,0.85,0.85,5.0,1.0,none,1.0,0.0,,,none,,0.14479014721416794,0.1923656434926037,0.21031550435854005,0.012061223912477756,0.09152136064402464,0.01577196817836097,0.12327198708736967,0.04215220643139528,0.09695847330978141,0.0002810745424121883,0.05342754699003521,0.017082863838831203
structure_screen,s26|imb=none|w=1.0|delta=0.0|r=None|k=None,s26|imb=none|w=1.0|delta=0.0|r=None|k=None|cal=none|folds=None,26,9618,5,454,0.3735157786783964,0.1171523705124855,0.802,0.13338612020015717,0.16666666666666666,-0.03328054646650949,3,0.05,1,0.1,0.85,0.85,5.0,1.0,none,1.0,0.0,,,none,,0.09380997080081385,0.19872265189655375,0.13184067914975492,0.07061808000811733,0.08274760838395458,0.04646617927168886,0.09413725951329198,0.11046818777226927,0.026252725289455443,0.04641566572213259,0.06975300759835083,0.028767984593616607
structure_screen,s27|imb=none|w=1.0|delta=0.0|r=None|k=None,s27|imb=none|w=1.0|delta=0.0|r=None|k=None|cal=none|folds=None,27,9618,1,571,0.4549052040300525,0.1403397172689438,0.5751633986928104,0.1317872852087021,0.15,-0.018212714791297907,1,0.03,5,1.0,0.85,0.85,10.0,0.1,none,1.0,0.0,,,none,,0.06591132306865267,0.19291729163403673,0.2318771557067792,0.08414776653853907,0.04893423059732604,0.02288520242385473,0.05769597415298911,0.12700637656246783,0.024583080742506196,0.0940125734825833,0.0008222988042879693,0.04920672628597719
structure_screen,s27|imb=none|w=1.0|delta=0.0|r=None|k=None,s27|imb=none|w=1.0|delta=0.0|r=None|k=None|cal=none|folds=None,27,9618,2,2,0.4221685398658685,0.12735719978809357,0.6296296296296295,0.15837505459785461,0.15,0.00837505459785462,1,0.03,5,1.0,0.85,0.85,10.0,0.1,none,1.0,0.0,,,none,,0.4598579768604774,0.0,0.0,0.0,0.0,0.0,0.0,0.0,0.5401420231395226,0.0,0.0,0.0
structure_screen,s27|imb=none|w=1.0|delta=0.0|r=None|k=None,s27|imb=none|w=1.0|delta=0.0|r=None|k=None|cal=none|folds=None,27,9618,3,163,0.3536835282272396,0.10751856863498688,0.8594771241830065,0.16771936416625977,0.15,0.01771936416625977,1,0.03,5,1.0,0.85,0.85,10.0,0.1,none,1.0,0.0,,,none,,0.17786442811483022,0.14993549509285853,0.10192979658023764,0.061089474539996,0.003695571979766073,0.03732895561270507,0.03610144535368346,0.08420054546849334,0.14692326145730727,0.1484718836756684,0.0040590120340743335,0.04840013009037964
structure_screen,s27|imb=none|w=1.0|delta=0.0|r=None|k=None,s27|imb=none|w=1.0|delta=0.0|r=None|k=None|cal=none|folds=None,27,9618,4,91,0.41787760518262673,0.1291847825050354,0.6980000000000001,0.15238752961158752,0.16666666666666666,-0.014279137055079133,1,0.03,5,1.0,0.85,0.85,10.0,0.1,none,1.0,0.0,,,none,,0.17753557175009105,0.14518300027375422,0.3256601380785545,0.0,0.03026752677675008,0.0,0.0,0.027169791886435028,0.22313043956118778,0.017279632565731794,0.03669580594926,0.017078093158235587
structure_screen,s27|imb=none|w=1.0|delta=0.0|r=None|k=None,s27|imb=none|w=1.0|delta=0.0|r=None|k=None|cal=none|folds=None,27,9618,5,862,0.3817860494084258,0.1207914799451828,0.7799999999999999,0.15685170888900757,0.16666666666666666,-0.009814957777659089,1,0.03,5,1.0,0.85,0.85,10.0,0.1,none,1.0,0.0,,,none,,0.0977177745195937,0.2082435195136403,0.17815173046497784,0.08849056554617815,0.03528309430069805,0.020103292414821818,0.08632905200790428,0.06792015323959891,0.06034166539271928,0.06290248627494076,0.07430358762407326,0.02021307870085365
structure_screen,s28|imb=none|w=1.0|delta=0.0|r=None|k=None,s28|imb=none|w=1.0|delta=0.0|r=None|k=None|cal=none|folds=None,28,9618,1,272,0.4963890702348726,0.1495801955461502,0.607843137254902,0.1071925163269043,0.15,-0.0428074836730957,3,0.03,3,0.1,0.85,0.85,1.0,0.1,none,1.0,0.0,,,none,,0.10928433167213844,0.18541356603105433,0.18325891436646477,0.05088968490705981,0.07033903172002477,0.04994336976392177,0.11802212691018162,0.13152203628328943,0.0038329474889599352,0.04413805974286491,0.02086515839750885,0.03249077271653136
structure_screen,s28|imb=none|w=1.0|delta=0.0|r=None|k=None,s28|imb=none|w=1.0|delta=0.0|r=None|k=None|cal=none|folds=None,28,9618,2,503,0.36141222111044086,0.11940418183803558,0.7875816993464053,0.1609068214893341,0.15,0.010906821489334112,3,0.03,3,0.1,0.85,0.85,1.0,0.1,none,1.0,0.0,,,none,,0.14693559518242633,0.18413105233255103,0.07522919063862879,0.05461455409702162,0.07447923891148053,0.042981328484201164,0.11316438341493086,0.13644578315658418,0.040251523600283175,0.025717836301628764,0.05928276801298324,0.04676674586728029
structure_screen,s28|imb=none|w=1.0|delta=0.0|r=None|k=None,s28|imb=none|w=1.0|delta=0.0|r=None|k=None|cal=none|folds=None,28,9618,3,130,0.27965343939420484,0.0789070650935173,0.8769063180827886,0.16622301936149597,0.15,0.016223019361495977,3,0.03,3,0.1,0.85,0.85,1.0,0.1,none,1.0,0.0,,,none,,0.1318420763116476,0.1583579263088374,0.15763545285407957,0.06341417125774897,0.0882580982630233,0.050822734422547595,0.11524160090721064,0.11880189002640537,0.03588492678852644,0.037166238117479274,0.02713774018362969,0.015437144558864142
structure_screen,s28|imb=none|w=1.0|delta=0.0|r=None|k=None,s28|imb=none|w=1.0|delta=0.0|r=None|k=None|cal=none|folds=None,28,9618,4,66,0.39504996291885974,0.11992399394512177,0.728,0.1524336338043213,0.16666666666666666,-0.014233032862345368,3,0.03,3,0.1,0.85,0.85,1.0,0.1,none,1.0,0.0,,,none,,0.11463326377497982,0.18078518110708072,0.20144401569605058,0.022704408733564527,0.11482163307079808,0.016354821940476084,0.11166100793786163,0.0528124010206188,0.06961649431416618,0.005328780420409125,0.10661630887513289,0.0032216831088615503
structure_screen,s28|imb=none|w=1.0|delta=0.0|r=None|k=None,s28|imb=none|w=1.0|delta=0.0|r=None|k=None|cal=none|folds=None,28,9618,5,466,0.39287706498027003,0.11812646687030792,0.79,0.1309952437877655,0.16666666666666666,-0.035671422878901154,3,0.03,3,0.1,0.85,0.85,1.0,0.1,none,1.0,0.0,,,none,,0.09912782080352026,0.16719941308340938,0.12584521727251272,0.05090302103635632,0.09586088680973766,0.048922873680459104,0.10935346689491762,0.1481908224477734,0.01995185008733438,0.028717435617123754,0.08103989639848651,0.024887295868368894
structure_screen,s29|imb=none|w=1.0|delta=0.0|r=None|k=None,s29|imb=none|w=1.0|delta=0.0|r=None|k=None|cal=none|folds=None,29,9618,1,702,0.451558420982546,0.14134740829467773,0.6339869281045751,0.12563680112361908,0.15,-0.024363198876380915,1,0.03,1,0.1,0.85,0.7,10.0,0.1,none,1.0,0.0,,,none,,0.0877037559057038,0.1702674726202763,0.20790661221206166,0.10432793526194718,0.055260198174960265,0.026600859138871624,0.06279267040480534,0.1351574600793084,0.01850043841945284,0.07751807946550175,0.004158328309813205,0.049806190007297635
structure_screen,s29|imb=none|w=1.0|delta=0.0|r=None|k=None,s29|imb=none|w=1.0|delta=0.0|r=None|k=None|cal=none|folds=None,29,9618,2,1,0.4224221083301274,0.12742282450199127,0.6013071895424836,0.1586824208498001,0.15,0.008682420849800115,1,0.03,1,0.1,0.85,0.7,10.0,0.1,none,1.0,0.0,,,none,,1.0,0.0,0.0,0.0,0.0,0.0,0.0,0.0,0.0,0.0,0.0,0.0
structure_screen,s29|imb=none|w=1.0|delta=0.0|r=None|k=None,s29|imb=none|w=1.0|delta=0.0|r=None|k=None|cal=none|folds=None,29,9618,3,187,0.34627011258095486,0.10445170849561691,0.8442265795206971,0.1657334864139557,0.15,0.015733486413955694,1,0.03,1,0.1,0.85,0.7,10.0,0.1,none,1.0,0.0,,,none,,0.1560970520634254,0.15007684963943918,0.2382187047931551,0.06399308035161598,0.007232203808206682,0.04605053026055049,0.035557608722566636,0.05728991678625974,0.1008467252847833,0.10627673277901309,0.0,0.038360595510984426
structure_screen,s29|imb=none|w=1.0|delta=0.0|r=None|k=None,s29|imb=none|w=1.0|delta=0.0|r=None|k=None|cal=none|folds=None,29,9618,4,498,0.41472357842139523,0.1237633004784584,0.7000000000000001,0.15964476764202118,0.16666666666666666,-0.007021899024645478,1,0.03,1,0.1,0.85,0.7,10.0,0.1,none,1.0,0.0,,,none,,0.1433428601897272,0.17687913041599154,0.17943819575235756,0.060382976983596154,0.10767128233802623,0.002698216296222327,0.06644435221716041,0.04070002303359497,0.09788817169297095,0.011180056366403901,0.10089524659036724,0.012479488123581529
structure_screen,s29|imb=none|w=1.0|delta=0.0|r=None|k=None,s29|imb=none|w=1.0|delta=0.0|r=None|k=None|cal=none|folds=None,29,9618,5,2315,0.39346918791867247,0.12698329985141754,0.7699999999999999,0.14491836726665497,0.16666666666666666,-0.02174829940001169,1,0.03,1,0.1,0.85,0.7,10.0,0.1,none,1.0,0.0,,,none,,0.10338621797535055,0.17883298934652947,0.12298733363673203,0.09235317281752145,0.09031410022043279,0.057958094492077755,0.08243675314168933,0.09057962735224546,0.04396101949848023,0.033847125670129756,0.07881434518718891,0.024529220661622237
structure_screen,s30|imb=none|w=1.0|delta=0.0|r=None|k=None,s30|imb=none|w=1.0|delta=0.0|r=None|k=None|cal=none|folds=None,30,9618,1,928,0.4803969911695826,0.14756689965724945,0.6034858387799564,0.11957549303770065,0.15,-0.03042450696229934,1,0.03,3,0.1,0.7,1.0,5.0,0.1,none,1.0,0.0,,,none,,0.09840513801454413,0.1861933619299309,0.17026578464370662,0.07085883040349465,0.0711957336426338,0.05809921675914404,0.08764257287996258,0.11255087626900112,0.0191284414854319,0.05931423166041545,0.02072973727254196,0.045616075039192835
structure_screen,s30|imb=none|w=1.0|delta=0.0|r=None|k=None,s30|imb=none|w=1.0|delta=0.0|r=None|k=None|cal=none|folds=None,30,9618,2,2,0.42189308389893243,0.12728320062160492,0.6154684095860566,0.15793615579605103,0.15,0.007936155796051031,1,0.03,3,0.1,0.7,1.0,5.0,0.1,none,1.0,0.0,,,none,,1.0,0.0,0.0,0.0,0.0,0.0,0.0,0.0,0.0,0.0,0.0,0.0
structure_screen,s30|imb=none|w=1.0|delta=0.0|r=None|k=None,s30|imb=none|w=1.0|delta=0.0|r=None|k=None|cal=none|folds=None,30,9618,3,145,0.34912357321887416,0.10552635043859482,0.835511982570806,0.1629473716020584,0.15,0.012947371602058416,1,0.03,3,0.1,0.7,1.0,5.0,0.1,none,1.0,0.0,,,none,,0.14321742364632772,0.16059598488638588,0.20714324119424338,0.05465746234444133,0.010302946305575197,0.06307231199604947,0.06405819077820965,0.08608745569764192,0.0895248524112642,0.08941315135278917,0.004053760424518343,0.027873218962553716
structure_screen,s30|imb=none|w=1.0|delta=0.0|r=None|k=None,s30|imb=none|w=1.0|delta=0.0|r=None|k=None|cal=none|folds=None,30,9618,4,54,0.419274656455756,0.12993085384368896,0.72,0.15152963995933533,0.16666666666666666,-0.01513702670733133,1,0.03,3,0.1,0.7,1.0,5.0,0.1,none,1.0,0.0,,,none,,0.2047678470220097,0.11321016080395711,0.3045392776715416,0.0,0.04665215722019751,0.0,0.018771894656540375,0.0,0.24874868462004104,0.0,0.030882440888490723,0.03242753711722192
structure_screen,s30|imb=none|w=1.0|delta=0.0|r=None|k=None,s30|imb=none|w=1.0|delta=0.0|r=None|k=None|cal=none|folds=None,30,9618,5,1694,0.42105535098256236,0.13066312670707703,0.728,0.14726649224758148,0.16666666666666666,-0.019400174419085175,1,0.03,3,0.1,0.7,1.0,5.0,0.1,none,1.0,0.0,,,none,,0.10725120897553996,0.1766776090311089,0.10495871410367046,0.06599669147278778,0.09994094983219026,0.06703774244723881,0.09399667996815604,0.0958155825092517,0.03001923429212375,0.030746221202672702,0.08966236061546246,0.037897005549797205
structure_screen,s31|imb=none|w=1.0|delta=0.0|r=None|k=None,s31|imb=none|w=1.0|delta=0.0|r=None|k=None|cal=none|folds=None,31,9618,1,27,0.44607166219849603,0.13529808819293976,0.5021786492374728,0.15066446363925934,0.15,0.0006644636392593439,1,0.1,10,0.5,0.85,0.85,10.0,0.0,none,1.0,0.0,,,none,,0.04080435453721787,0.08387471363900303,0.37297454025011895,0.06824466286654192,0.0,0.0,0.0,0.22168028624856018,0.0,0.21242144245855807,0.0,0.0
structure_screen,s31|imb=none|w=1.0|delta=0.0|r=None|k=None,s31|imb=none|w=1.0|delta=0.0|r=None|k=None|cal=none|folds=None,31,9618,2,1,0.42203784559838,0.12731990218162537,0.5555555555555556,0.15781085193157196,0.15,0.007810851931571966,1,0.1,10,0.5,0.85,0.85,10.0,0.0,none,1.0,0.0,,,none,,1.0,0.0,0.0,0.0,0.0,0.0,0.0,0.0,0.0,0.0,0.0,0.0
structure_screen,s31|imb=none|w=1.0|delta=0.0|r=None|k=None,s31|imb=none|w=1.0|delta=0.0|r=None|k=None|cal=none|folds=None,31,9618,3,162,0.3726784147947289,0.11311657726764679,0.7352941176470588,0.1562359631061554,0.15,0.006235963106155401,1,0.1,10,0.5,0.85,0.85,10.0,0.0,none,1.0,0.0,,,none,,0.13718614787276245,0.07361428738709579,0.14601418727676516,0.04166809852958629,0.0816229060850054,0.09744784699343563,0.0826191433466183,0.13161154417050247,0.0,0.14315198342305666,0.037893012669230064,0.02717084224594181
structure_screen,s31|imb=none|w=1.0|delta=0.0|r=None|k=None,s31|imb=none|w=1.0|delta=0.0|r=None|k=None|cal=none|folds=None,31,9618,4,13,0.42510564072932283,0.13174322247505188,0.702,0.1507451832294464,0.16666666666666666,-0.015921483437220246,1,0.1,10,0.5,0.85,0.85,10.0,0.0,none,1.0,0.0,,,none,,0.3169093373525651,0.0,0.6830906626474349,0.0,0.0,0.0,0.0,0.0,0.0,0.0,0.0,0.0
structure_screen,s31|imb=none|w=1.0|delta=0.0|r=None|k=None,s31|imb=none|w=1.0|delta=0.0|r=None|k=None|cal=none|folds=None,31,9618,5,320,0.4314291278511497,0.1355065405368805,0.648,0.1689906120300293,0.16666666666666666,0.0023239453633626395,1,0.1,10,0.5,0.85,0.85,10.0,0.0,none,1.0,0.0,,,none,,0.09746225179933174,0.12949447978121664,0.2062489513035009,0.03589354702675314,0.025916714182027987,0.12765562525536572,0.0743024606210444,0.09279876086505758,0.0,0.11335006242071483,0.08174865445062272,0.01512849229436431
structure_screen,s32|imb=none|w=1.0|delta=0.0|r=None|k=None,s32|imb=none|w=1.0|delta=0.0|r=None|k=None|cal=none|folds=None,32,9618,1,571,0.45019950580285023,0.14176274836063385,0.6296296296296297,0.12955422699451447,0.15,-0.02044577300548553,1,0.05,1,0.0,1.0,0.85,10.0,0.1,none,1.0,0.0,,,none,,0.0703883394614842,0.17850202321901815,0.264601702192146,0.10316417721426821,0.0589635682562307,0.013848081321527584,0.053806331813403184,0.1100092143055142,0.0066751163974518735,0.07887213518099782,0.0,0.06116931063795808
structure_screen,s32|imb=none|w=1.0|delta=0.0|r=None|k=None,s32|imb=none|w=1.0|delta=0.0|r=None|k=None|cal=none|folds=None,32,9618,2,1,0.42258144472497694,0.1274646669626236,0.5326797385620916,0.1575196534395218,0.15,0.007519653439521795,1,0.05,1,0.0,1.0,0.85,10.0,0.1,none,1.0,0.0,,,none,,1.0,0.0,0.0,0.0,0.0,0.0,0.0,0.0,0.0,0.0,0.0,0.0
structure_screen,s32|imb=none|w=1.0|delta=0.0|r=None|k=None,s32|imb=none|w=1.0|delta=0.0|r=None|k=None|cal=none|folds=None,32,9618,3,494,0.314456652511958,0.09219245612621307,0.8442265795206971,0.16354145109653473,0.15,0.013541451096534735,1,0.05,1,0.0,1.0,0.85,10.0,0.1,none,1.0,0.0,,,none,,0.1127302455169987,0.1869681662223142,0.23266872954347337,0.09087323136917447,0.03728124426394052,0.05892396753496997,0.06924863555632021,0.052865697923309224,0.07495001414053577,0.04506929680059704,0.02132054030870699,0.0171002308196595
structure_screen,s32|imb=none|w=1.0|delta=0.0|r=None|k=None,s32|imb=none|w=1.0|delta=0.0|r=None|k=None|cal=none|folds=None,32,9618,4,373,0.42391786222552125,0.12714959681034088,0.686,0.1607082486152649,0.16666666666666666,-0.005958418051401765,1,0.05,1,0.0,1.0,0.85,10.0,0.1,none,1.0,0.0,,,none,,0.1462981307783014,0.2143459878956887,0.21062816484090147,0.057468216319619174,0.1197670870167065,0.0,0.052906352241939854,0.0033445023080971347,0.0921997130264987,0.0,0.10304184557224708,0.0
structure_screen,s32|imb=none|w=1.0|delta=0.0|r=None|k=None,s32|imb=none|w=1.0|delta=0.0|r=None|k=None|cal=none|folds=None,32,9618,5,1964,0.38532317019285245,0.125724196434021,0.776,0.14600655436515808,0.16666666666666666,-0.020660112301508576,1,0.05,1,0.0,1.0,0.85,10.0,0.1,none,1.0,0.0,,,none,,0.10460177531769875,0.18819530323977518,0.17123091815820973,0.10452382402846787,0.08275989376248986,0.04275054051674675,0.07111910983127212,0.07637015288235421,0.041469154182116774,0.034239382304015825,0.07727120949121143,0.00546873628564152
structure_screen,s33|imb=none|w=1.0|delta=0.0|r=None|k=None,s33|imb=none|w=1.0|delta=0.0|r=None|k=None|cal=none|folds=None,33,9618,1,122,0.47468598613384233,0.14469245076179504,0.607843137254902,0.11501384526491165,0.15,-0.03498615473508834,4,0.1,3,0.0,0.7,1.0,5.0,1.0,none,1.0,0.0,,,none,,0.09885416564203363,0.18520368045904986,0.19366268341668982,0.06219537711959591,0.060743156538215354,0.04254168240600432,0.11400508767983573,0.13748658736217095,0.010550688494115674,0.05268392120591001,0.008917447089814769,0.033155522586563964
structure_screen,s33|imb=none|w=1.0|delta=0.0|r=None|k=None,s33|imb=none|w=1.0|delta=0.0|r=None|k=None|cal=none|folds=None,33,9618,2,40,0.3701312781370492,0.115455262362957,0.7941176470588235,0.15977460145950317,0.15,0.00977460145950318,4,0.1,3,0.0,0.7,1.0,5.0,1.0,none,1.0,0.0,,,none,,0.15658979386342098,0.17054741754062946,0.14869551101261747,0.10203532144574716,0.04246572420015825,0.017460374981594085,0.11502242508595079,0.09396044341548736,0.10573072413614924,0.02348521675021869,0.018601066583670504,0.005405980984356008
structure_screen,s33|imb=none|w=1.0|delta=0.0|r=None|k=None,s33|imb=none|w=1.0|delta=0.0|r=None|k=None|cal=none|folds=None,33,9618,3,35,0.3284684867000532,0.09892738610506058,0.8703703703703705,0.156796395778656,0.15,0.006796395778656011,4,0.1,3,0.0,0.7,1.0,5.0,1.0,none,1.0,0.0,,,none,,0.14841187972702302,0.19117636771180324,0.1226003112289165,0.08020770126915862,0.03170454075556409,0.037086101180788124,0.1250602713139839,0.06798317845202168,0.07443413375987079,0.052493468627602555,0.0215482337931227,0.04729381218014481
structure_screen,s33|imb=none|w=1.0|delta=0.0|r=None|k=None,s33|imb=none|w=1.0|delta=0.0|r=None|k=None|cal=none|folds=None,33,9618,4,39,0.4086147723992004,0.12362745404243469,0.706,0.1525716930627823,0.16666666666666666,-0.01409497360388437,4,0.1,3,0.0,0.7,1.0,5.0,1.0,none,1.0,0.0,,,none,,0.13333083261134016,0.20064065375000487,0.1673916525858614,0.03834630463230875,0.09849480532050946,0.03149068869050821,0.08644931574264904,0.018763299034576235,0.10508474957423382,0.005207125574188971,0.08604735938139102,0.028753213102428097
structure_screen,s33|imb=none|w=1.0|delta=0.0|r=None|k=None,s33|imb=none|w=1.0|delta=0.0|r=None|k=None|cal=none|folds=None,33,9618,5,167,0.3868236093465788,0.12065848708152771,0.766,0.1502486914396286,0.16666666666666666,-0.016417975227038056,4,0.1,3,0.0,0.7,1.0,5.0,1.0,none,1.0,0.0,,,none,,0.08754033437808584,0.18341341296525995,0.1433706356027739,0.05580293983824371,0.09726700626438846,0.052120796307226505,0.09158422689669533,0.11868827260780432,0.03624714524760923,0.04770530547866517,0.058844624968748746,0.027415299444498803
structure_screen,s34|imb=none|w=1.0|delta=0.0|r=None|k=None,s34|imb=none|w=1.0|delta=0.0|r=None|k=None|cal=none|folds=None,34,9618,1,37,0.4273916135945934,0.12882214784622192,0.43790849673202614,0.15736757218837738,0.15,0.007367572188377386,2,0.01,10,0.1,0.7,0.7,5.0,1.0,none,1.0,0.0,,,none,,0.04000299170904858,0.061920798040489396,0.0,0.0,0.040729534015771375,0.0,0.0,0.3785794539616739,0.0,0.47876722227301677,0.0,0.0
structure_screen,s34|imb=none|w=1.0|delta=0.0|r=None|k=None,s34|imb=none|w=1.0|delta=0.0|r=None|k=None|cal=none|folds=None,34,9618,2,56,0.41475528426816066,0.12537389993667603,0.6775599128540305,0.16034580767154694,0.15,0.010345807671546942,2,0.01,10,0.1,0.7,0.7,5.0,1.0,none,1.0,0.0,,,none,,0.3581528333766569,0.031845242514636274,0.0,0.0,0.022874974465070037,0.03473876283078047,0.0,0.192610804897442,0.0,0.3286194166305657,0.0,0.03115796528484862
structure_screen,s34|imb=none|w=1.0|delta=0.0|r=None|k=None,s34|imb=none|w=1.0|delta=0.0|r=None|k=None|cal=none|folds=None,34,9618,3,252,0.3917946013502348,0.11923167109489441,0.75599128540305,0.1613970249891281,0.15,0.011397024989128118,2,0.01,10,0.1,0.7,0.7,5.0,1.0,none,1.0,0.0,,,none,,0.21217243815540468,0.042818157864723434,0.05825735191017038,0.0,0.006565085404453309,0.07167806246026892,0.03692149288497326,0.25593870356510734,0.0,0.2941093249464586,0.0,0.02153938280844009
structure_screen,s34|imb=none|w=1.0|delta=0.0|r=None|k=None,s34|imb=none|w=1.0|delta=0.0|r=None|k=None|cal=none|folds=None,34,9618,4,90,0.4345680084490737,0.13470420241355896,0.746,0.15317745506763458,0.16666666666666666,-0.013489211599032075,2,0.01,10,0.1,0.7,0.7,5.0,1.0,none,1.0,0.0,,,none,,0.4322404948367697,0.008413282261010525,0.0,0.0,0.08431388588933739,0.007438671014882382,0.006026830587625057,0.16609413805411516,0.0,0.21059478545111301,0.0,0.08487791190514682
structure_screen,s34|imb=none|w=1.0|delta=0.0|r=None|k=None,s34|imb=none|w=1.0|delta=0.0|r=None|k=None|cal=none|folds=None,34,9618,5,11,0.4481689964693834,0.13826774060726166,0.7010000000000001,0.15490466356277466,0.16666666666666666,-0.011762003103892,2,0.01,10,0.1,0.7,0.7,5.0,1.0,none,1.0,0.0,,,none,,0.33164420714731935,0.0,0.0,0.0,0.0,0.0,0.0,0.14389321796361906,0.0,0.5244625748890616,0.0,0.0
structure_screen,s35|imb=none|w=1.0|delta=0.0|r=None|k=None,s35|imb=none|w=1.0|delta=0.0|r=None|k=None|cal=none|folds=None,35,9618,1,764,0.4473077321396979,0.13792604207992554,0.5947712418300654,0.1246185451745987,0.15,-0.0253814548254013,2,0.01,5,1.0,0.7,0.7,1.0,1.0,none,1.0,0.0,,,none,,0.11198622296602934,0.18619314840779289,0.12486872055527438,0.08254466913014837,0.05727142504291616,0.04064487865474313,0.07481278192838281,0.15007877788382432,0.03930456440932487,0.09214373459112886,0.004367963249492026,0.03578311318094286
structure_screen,s35|imb=none|w=1.0|delta=0.0|r=None|k=None,s35|imb=none|w=1.0|delta=0.0|r=None|k=None|cal=none|folds=None,35,9618,2,9,0.4176458309683262,0.1261480748653412,0.8159041394335512,0.15893326699733734,0.15,0.008933266997337347,2,0.01,5,1.0,0.7,0.7,1.0,1.0,none,1.0,0.0,,,none,,0.24609076438433936,0.07092379639430554,0.4120020575336348,0.04546546043457537,0.0,0.0,0.1285284490508796,0.0,0.09698947220226535,0.0,0.0,0.0
structure_screen,s35|imb=none|w=1.0|delta=0.0|r=None|k=None,s35|imb=none|w=1.0|delta=0.0|r=None|k=None|cal=none|folds=None,35,9618,3,264,0.3443741987157102,0.1043551117181778,0.8660130718954248,0.16158969700336456,0.15,0.011589697003364569,2,0.01,5,1.0,0.7,0.7,1.0,1.0,none,1.0,0.0,,,none,,0.15902003705658893,0.16403186086421923,0.09504472801415761,0.056883304991146445,0.04398039848908024,0.05076892510676457,0.11868894121822506,0.08907410375348826,0.08764014440436244,0.08359464454050339,0.010875922733220638,0.04039698882824322
structure_screen,s35|imb=none|w=1.0|delta=0.0|r=None|k=None,s35|imb=none|w=1.0|delta=0.0|r=None|k=None|cal=none|folds=None,35,9618,4,203,0.41135426292062205,0.1266922503709793,0.7120000000000001,0.14728784561157227,0.16666666666666666,-0.019378821055094392,2,0.01,5,1.0,0.7,0.7,1.0,1.0,none,1.0,0.0,,,none,,0.19652058162742814,0.14853791178872208,0.17148099375294587,0.019276081578863076,0.06817450212549546,0.019929316547141928,0.09672431965615254,0.02935767593107152,0.15212077477395233,0.011342334634615472,0.06269853653301442,0.02383697105059714
structure_screen,s35|imb=none|w=1.0|delta=0.0|r=None|k=None,s35|imb=none|w=1.0|delta=0.0|r=None|k=None|cal=none|folds=None,35,9618,5,2713,0.39507375839748593,0.12309200316667557,0.752,0.1579582691192627,0.16666666666666666,-0.008708397547403962,2,0.01,5,1.0,0.7,0.7,1.0,1.0,none,1.0,0.0,,,none,,0.10979804024791116,0.19282925315240004,0.10287505245189679,0.07357046075105873,0.0666825417137219,0.06238638447186094,0.09599689735591355,0.08888166515991998,0.056618526249052295,0.0510513819347534,0.05958660309657139,0.03972319341493983
structure_screen,s36|imb=none|w=1.0|delta=0.0|r=None|k=None,s36|imb=none|w=1.0|delta=0.0|r=None|k=None|cal=none|folds=None,36,9618,1,716,0.4881555925674414,0.14854754507541656,0.6034858387799564,0.10719142109155655,0.15,-0.042808578908443445,2,0.03,1,0.1,0.85,0.7,10.0,0.0,none,1.0,0.0,,,none,,0.09619708223622028,0.15583955790818038,0.17641416606405655,0.07673079259232249,0.08331106981265832,0.03649914089522651,0.10897257379201569,0.13785803674194452,0.019685112056957207,0.04929765009492256,0.0139937656692363,0.0452010521362592
structure_screen,s36|imb=none|w=1.0|delta=0.0|r=None|k=None,s36|imb=none|w=1.0|delta=0.0|r=None|k=None|cal=none|folds=None,36,9618,2,30,0.40062443047047286,0.12174349278211594,0.8017429193899783,0.15766048431396484,0.15,0.007660484313964849,2,0.03,1,0.1,0.85,0.7,10.0,0.0,none,1.0,0.0,,,none,,0.2006888304454299,0.12764710098929222,0.251715747357808,0.09382418777394887,0.02577132047976869,0.0074443123132623724,0.057846973312275375,0.03775983346698739,0.13253802893915384,0.03489404838748258,0.012008656057101157,0.017860960477489616
structure_screen,s36|imb=none|w=1.0|delta=0.0|r=None|k=None,s36|imb=none|w=1.0|delta=0.0|r=None|k=None|cal=none|folds=None,36,9618,3,284,0.3004904409115949,0.08709926158189774,0.8616557734204794,0.16290108859539032,0.15,0.012901088595390325,2,0.03,1,0.1,0.85,0.7,10.0,0.0,none,1.0,0.0,,,none,,0.1035756693001676,0.1699310516883637,0.1662510219074718,0.08300884865469084,0.06988379401542918,0.04801955551410673,0.1055071220457269,0.07587938672408556,0.06747017490798952,0.06082479183597026,0.015755956298291917,0.033892627107705985
structure_screen,s36|imb=none|w=1.0|delta=0.0|r=None|k=None,s36|imb=none|w=1.0|delta=0.0|r=None|k=None|cal=none|folds=None,36,9618,4,251,0.39723617750334184,0.1174740120768547,0.7180000000000001,0.15224266052246094,0.16666666666666666,-0.01442400614420572,2,0.03,1,0.1,0.85,0.7,10.0,0.0,none,1.0,0.0,,,none,,0.12505490930545643,0.19812116174534186,0.17377878868358101,0.0552661249001914,0.10780563693025737,0.015104016216664516,0.09989527110691615,0.04049880628854257,0.07580662357149034,0.014853621958962617,0.07221199557833881,0.0216030437142569
structure_screen,s36|imb=none|w=1.0|delta=0.0|r=None|k=None,s36|imb=none|w=1.0|delta=0.0|r=None|k=None|cal=none|folds=None,36,9618,5,918,0.375392937287488,0.12024666368961334,0.796,0.14115585386753082,0.16666666666666666,-0.025510812799135835,2,0.03,1,0.1,0.85,0.7,10.0,0.0,none,1.0,0.0,,,none,,0.10961299664051488,0.19082764253300247,0.12447252519297099,0.07698496808131247,0.08259095148255156,0.04785848792539289,0.09104575539531307,0.1051251517605923,0.03592071784643228,0.04499523802522591,0.06452436477436173,0.026041200342329453
structure_screen,s37|imb=none|w=1.0|delta=0.0|r=None|k=None,s37|imb=none|w=1.0|delta=0.0|r=None|k=None|cal=none|folds=None,37,9618,1,1124,0.4494906616498463,0.13992492854595184,0.5991285403050108,0.13798411190509796,0.15,-0.012015888094902033,1,0.01,5,0.0,1.0,1.0,1.0,1.0,none,1.0,0.0,,,none,,0.08783913817340294,0.18069334805982504,0.3250593452883464,0.07316782826344627,0.04005118624870393,0.0019172014018409586,0.02860578199541733,0.11856461320464155,0.002836760121922073,0.09907958542021371,0.0,0.04218521182223981
structure_screen,s37|imb=none|w=1.0|delta=0.0|r=None|k=None,s37|imb=none|w=1.0|delta=0.0|r=None|k=None|cal=none|folds=None,37,9618,2,1,0.42284121668071656,0.12753412127494812,0.5326797385620916,0.15824586153030396,0.15,0.00824586153030396,1,0.01,5,0.0,1.0,1.0,1.0,1.0,none,1.0,0.0,,,none,,1.0,0.0,0.0,0.0,0.0,0.0,0.0,0.0,0.0,0.0,0.0,0.0
structure_screen,s37|imb=none|w=1.0|delta=0.0|r=None|k=None,s37|imb=none|w=1.0|delta=0.0|r=None|k=None|cal=none|folds=None,37,9618,3,168,0.3725840545132187,0.11407597362995148,0.8594771241830065,0.1632911115884781,0.15,0.013291111588478094,1,0.01,5,0.0,1.0,1.0,1.0,1.0,none,1.0,0.0,,,none,,0.30237908166949085,0.3690190789591811,0.07790512524052007,0.003383715480257287,0.0,0.0,0.0,0.0,0.16008137079817528,0.08723162785237543,0.0,0.0
structure_screen,s37|imb=none|w=1.0|delta=0.0|r=None|k=None,s37|imb=none|w=1.0|delta=0.0|r=None|k=None|cal=none|folds=None,37,9618,4,279,0.4203422404939254,0.13012288510799408,0.6759999999999999,0.15271058678627014,0.16666666666666666,-0.013956079880396516,1,0.01,5,0.0,1.0,1.0,1.0,1.0,none,1.0,0.0,,,none,,0.18357228966828706,0.22728400115923675,0.27796009339178557,0.0017196043476760629,0.0795412600500902,0.0,0.0,0.0,0.17304803577948813,0.0,0.056874715603436245,0.0
structure_screen,s37|imb=none|w=1.0|delta=0.0|r=None|k=None,s37|imb=none|w=1.0|delta=0.0|r=None|k=None|cal=none|folds=None,37,9618,5,4000,0.38897852746983486,0.12340245395898819,0.7589999999999999,0.15496467053890228,0.16666666666666666,-0.011701996127764375,1,0.01,5,0.0,1.0,1.0,1.0,1.0,none,1.0,0.0,,,none,,0.12024942711560535,0.20315623300343438,0.22525147698516299,0.07301912576654265,0.07081517049710481,0.019291618899091523,0.06368426341141768,0.05218211709290012,0.03654395581063086,0.04961450108439564,0.08403097259554083,0.0021611377381731416
structure_screen,s38|imb=none|w=1.0|delta=0.0|r=None|k=None,s38|imb=none|w=1.0|delta=0.0|r=None|k=None|cal=none|folds=None,38,9618,1,37,0.450052369995892,0.13617639243602753,0.4629629629629629,0.15074677765369415,0.15,0.0007467776536941584,4,0.05,10,1.0,0.7,0.7,1.0,1.0,none,1.0,0.0,,,none,,0.05608185692267356,0.06500463163592826,0.22385053383650763,0.0,0.08076230877915579,0.0,0.0,0.3568682165846607,0.0,0.21743245224107405,0.0,0.0
structure_screen,s38|imb=none|w=1.0|delta=0.0|r=None|k=None,s38|imb=none|w=1.0|delta=0.0|r=None|k=None|cal=none|folds=None,38,9618,2,326,0.3922316602867585,0.12000323832035065,0.7091503267973857,0.16174504160881042,0.15,0.01174504160881043,4,0.05,10,1.0,0.7,0.7,1.0,1.0,none,1.0,0.0,,,none,,0.24680605370262595,0.05579463852682002,0.21331690832421196,0.0,0.038388197820043386,0.06065110957008301,0.11169819613273402,0.15356639900955357,0.0,0.10200651612336431,0.0,0.017771980790563774
structure_screen,s38|imb=none|w=1.0|delta=0.0|r=None|k=None,s38|imb=none|w=1.0|delta=0.0|r=None|k=None|cal=none|folds=None,38,9618,3,172,0.3955126188721271,0.12099100649356842,0.681917211328976,0.15777350962162018,0.15,0.007773509621620184,4,0.05,10,1.0,0.7,0.7,1.0,1.0,none,1.0,0.0,,,none,,0.22527472388065065,0.013511879710434762,0.0548077825656938,0.0,0.005510838942031452,0.1500425866724155,0.11072327642693665,0.20849975194878628,0.0,0.1784243828143006,0.0,0.053204777038750345
structure_screen,s38|imb=none|w=1.0|delta=0.0|r=None|k=None,s38|imb=none|w=1.0|delta=0.0|r=None|k=None|cal=none|folds=None,38,9618,4,90,0.41665111361880386,0.12888239324092865,0.706,0.14734764397144318,0.16666666666666666,-0.01931902269522348,4,0.05,10,1.0,0.7,0.7,1.0,1.0,none,1.0,0.0,,,none,,0.2964773527714382,0.02327645296756077,0.33411592095633685,0.0,0.08439515594799993,0.0,0.06937764506743214,0.10292167155632598,0.0,0.0812609178002415,0.0,0.008174882932664603
structure_screen,s38|imb=none|w=1.0|delta=0.0|r=None|k=None,s38|imb=none|w=1.0|delta=0.0|r=None|k=None|cal=none|folds=None,38,9618,5,356,0.4185660701959026,0.1294998824596405,0.686,0.16929954290390015,0.16666666666666666,0.002632876237233489,4,0.05,10,1.0,0.7,0.7,1.0,1.0,none,1.0,0.0,,,none,,0.13436150623869106,0.09689801372726498,0.16217481068340106,0.0,0.013257919510602229,0.06183689787510302,0.10598731667133852,0.13374859731226904,0.0,0.2030944387856716,0.0,0.08864049919565846
structure_screen,s39|imb=none|w=1.0|delta=0.0|r=None|k=None,s39|imb=none|w=1.0|delta=0.0|r=None|k=None|cal=none|folds=None,39,9618,1,190,0.4358666031028112,0.1312565952539444,0.5054466230936818,0.14878681302070618,0.15,-0.0012131869792938177,3,0.01,10,0.0,1.0,1.0,10.0,0.1,none,1.0,0.0,,,none,,0.061163764402939705,0.14125310037131747,0.4539817759425731,0.0,0.001808681265339998,0.0007481185949788651,0.004303315624292727,0.11629272010710447,0.0,0.22044852369145365,0.0,0.0
structure_screen,s39|imb=none|w=1.0|delta=0.0|r=None|k=None,s39|imb=none|w=1.0|delta=0.0|r=None|k=None|cal=none|folds=None,39,9618,2,1,0.4225557836285803,0.1274581104516983,0.7450980392156863,0.1583762913942337,0.15,0.00837629139423371,3,0.01,10,0.0,1.0,1.0,10.0,0.1,none,1.0,0.0,,,none,,0.0,0.0,0.8308741290828172,0.0,0.0,0.0,0.16912587091718273,0.0,0.0,0.0,0.0,0.0
structure_screen,s39|imb=none|w=1.0|delta=0.0|r=None|k=None,s39|imb=none|w=1.0|delta=0.0|r=None|k=None|cal=none|folds=None,39,9618,3,157,0.3886555360693885,0.11841224133968353,0.809368191721133,0.15818382799625397,0.15,0.008183827996253973,3,0.01,10,0.0,1.0,1.0,10.0,0.1,none,1.0,0.0,,,none,,0.18944397606586846,0.14037920974013351,0.1740484749660201,0.0,0.0,0.01645062059471242,0.13016475051243157,0.06078027130128329,0.0,0.2616333992895677,0.0,0.027099297529982944
structure_screen,s39|imb=none|w=1.0|delta=0.0|r=None|k=None,s39|imb=none|w=1.0|delta=0.0|r=None|k=None|cal=none|folds=None,39,9618,4,255,0.4252453308886584,0.13147196173667908,0.683,0.1513860672712326,0.16666666666666666,-0.015280599395434052,3,0.01,10,0.0,1.0,1.0,10.0,0.1,none,1.0,0.0,,,none,,0.1790457990912205,0.13116577322745765,0.5659199441538245,0.0,0.0,0.0,0.014214812497864441,0.008880049085006557,0.0,0.0,0.07944255043221488,0.021331071512411467
structure_screen,s39|imb=none|w=1.0|delta=0.0|r=None|k=None,s39|imb=none|w=1.0|delta=0.0|r=None|k=None|cal=none|folds=None,39,9618,5,1092,0.4144114818407131,0.1316920816898346,0.7,0.1688644289970398,0.16666666666666666,0.0021977623303731375,3,0.01,10,0.0,1.0,1.0,10.0,0.1,none,1.0,0.0,,,none,,0.027716292950154816,0.17807394554352662,0.337535448196457,0.09419238044407822,0.0,0.029099208071891813,0.06789743766589264,0.0399968568784467,0.0,0.15865712375986615,0.03420816454103152,0.03262314194865452
structure_screen,s40|imb=none|w=1.0|delta=0.0|r=None|k=None,s40|imb=none|w=1.0|delta=0.0|r=None|k=None|cal=none|folds=None,40,9618,1,266,0.46533882939815746,0.14474456012248993,0.6209150326797386,0.12297539412975311,0.15,-0.02702460587024688,3,0.1,5,0.5,0.85,0.7,10.0,0.1,none,1.0,0.0,,,none,,0.09842430507283018,0.18043951907200545,0.18024943459250078,0.06501780265188555,0.05960663028261575,0.04760819378955991,0.08952805681695425,0.14604420764462367,0.022974031608002057,0.07775112318853926,0.005936904093038879,0.026419791187444263
structure_screen,s40|imb=none|w=1.0|delta=0.0|r=None|k=None,s40|imb=none|w=1.0|delta=0.0|r=None|k=None|cal=none|folds=None,40,9618,2,12,0.40116475387602085,0.12197340279817581,0.7342047930283224,0.15923888981342316,0.15,0.009238889813423162,3,0.1,5,0.5,0.85,0.7,10.0,0.1,none,1.0,0.0,,,none,,0.290610958732208,0.0,0.27147899922534496,0.11027969345160701,0.0075584098802148085,0.0,0.05084383164833648,0.03244482749809683,0.16276733924758627,0.0,0.014541508867609,0.059474431448996605
structure_screen,s40|imb=none|w=1.0|delta=0.0|r=None|k=None,s40|imb=none|w=1.0|delta=0.0|r=None|k=None|cal=none|folds=None,40,9618,3,128,0.2933548942818053,0.08544829487800598,0.8834422657952069,0.17198540270328522,0.15,0.021985402703285223,3,0.1,5,0.5,0.85,0.7,10.0,0.1,none,1.0,0.0,,,none,,0.12146170784774336,0.16470091167020603,0.09402112830963355,0.07086071999500428,0.04851670628224408,0.05594561139821066,0.12910437935878039,0.08465604849696508,0.07177137038186941,0.07803331711173231,0.044635436306044725,0.036292662841566126
structure_screen,s40|imb=none|w=1.0|delta=0.0|r=None|k=None,s40|imb=none|w=1.0|delta=0.0|r=None|k=None|cal=none|folds=None,40,9618,4,33,0.42072201225040645,0.12905888259410858,0.6859999999999999,0.1517450362443924,0.16666666666666666,-0.014921630422274262,3,0.1,5,0.5,0.85,0.7,10.0,0.1,none,1.0,0.0,,,none,,0.1955898239893628,0.18806695399942883,0.1978285718115726,0.009214782541439885,0.07987056061542869,0.012792584160058866,0.08769740730619413,0.011530420283307415,0.12063789413832245,0.0,0.0818921809052454,0.014878820249638951
structure_screen,s40|imb=none|w=1.0|delta=0.0|r=None|k=None,s40|imb=none|w=1.0|delta=0.0|r=None|k=None|cal=none|folds=None,40,9618,5,661,0.40903255765278834,0.12717045843601227,0.738,0.1450442373752594,0.16666666666666666,-0.021622429291407258,3,0.1,5,0.5,0.85,0.7,10.0,0.1,none,1.0,0.0,,,none,,0.10903086184294371,0.17971218683155202,0.12140909669602291,0.07084667967382265,0.06753488273819709,0.05750840666823489,0.0984812017014977,0.09600110259875388,0.041321507436514554,0.042758412914815656,0.0855347345376212,0.029860926360023746
structure_screen,s41|imb=none|w=1.0|delta=0.0|r=None|k=None,s41|imb=none|w=1.0|delta=0.0|r=None|k=None|cal=none|folds=None,41,9618,1,59,0.45105220620927844,0.14073702692985535,0.6427015250544662,0.12441187351942062,0.15,-0.02558812648057937,2,0.1,1,0.0,1.0,1.0,1.0,0.0,none,1.0,0.0,,,none,,0.09774257632347153,0.17272892529754832,0.25307852210795234,0.07430073046697468,0.0837443379281463,0.011805179381462878,0.09628758516939176,0.12461329507885117,0.004665117077725291,0.0419727191492407,0.0,0.03906101201923506
structure_screen,s41|imb=none|w=1.0|delta=0.0|r=None|k=None,s41|imb=none|w=1.0|delta=0.0|r=None|k=None|cal=none|folds=None,41,9618,2,88,0.3763156739416028,0.11943893134593964,0.7244008714596949,0.15669839084148407,0.15,0.006698390841484075,2,0.1,1,0.0,1.0,1.0,1.0,0.0,none,1.0,0.0,,,none,,0.1417816476583532,0.24140063922346464,0.16474402973521649,0.07471393393047254,0.025035040218004616,0.019403864151270645,0.11267667190332772,0.06846560291753606,0.07307033124895569,0.008373794306674624,0.04170708625388659,0.0286273584528372
structure_screen,s41|imb=none|w=1.0|delta=0.0|r=None|k=None,s41|imb=none|w=1.0|delta=0.0|r=None|k=None|cal=none|folds=None,41,9618,3,37,0.31237027456873595,0.09264587610960007,0.8485838779956427,0.1684877872467041,0.15,0.018487787246704107,2,0.1,1,0.0,1.0,1.0,1.0,0.0,none,1.0,0.0,,,none,,0.10739112974490876,0.22463411452916024,0.31331952875768426,0.0697439467449805,0.029956227026342114,0.04883205588528878,0.10275372916190942,0.032988486911707283,0.05344849801422826,0.010967595360910262,0.005964687862880145,0.0
structure_screen,s41|imb=none|w=1.0|delta=0.0|r=None|k=None,s41|imb=none|w=1.0|delta=0.0|r=None|k=None|cal=none|folds=None,41,9618,4,17,0.3936625355217606,0.1200035959482193,0.766,0.15526404976844788,0.16666666666666666,-0.011402616898218781,2,0.1,1,0.0,1.0,1.0,1.0,0.0,none,1.0,0.0,,,none,,0.11337655192266363,0.25257025073248424,0.26342114699938385,0.03448101379104858,0.09041283335070138,0.002666220246947622,0.11057982409175796,0.01757821391803089,0.053980981141717684,0.0,0.060932963805264174,0.0
structure_screen,s41|imb=none|w=1.0|delta=0.0|r=None|k=None,s41|imb=none|w=1.0|delta=0.0|r=None|k=None|cal=none|folds=None,41,9618,5,82,0.3793811512716369,0.1229982003569603,0.7879999999999999,0.14916449785232544,0.16666666666666666,-0.017502168814341218,2,0.1,1,0.0,1.0,1.0,1.0,0.0,none,1.0,0.0,,,none,,0.09916509788238809,0.23588437050956126,0.15919388624208886,0.09867326408456502,0.07288979093326928,0.025265236491093225,0.12277259540050663,0.07169650239061681,0.026560116067017546,0.03221014563463067,0.055363134146712234,0.0003258602175503981
structure_screen,s42|imb=none|w=1.0|delta=0.0|r=None|k=None,s42|imb=none|w=1.0|delta=0.0|r=None|k=None|cal=none|folds=None,42,9618,1,261,0.4533440215422732,0.13920149207115173,0.5773420479302832,0.12625277042388916,0.15,-0.023747229576110834,3,0.05,5,0.0,0.7,1.0,10.0,1.0,none,1.0,0.0,,,none,,0.10803502270500359,0.19817806287228065,0.14362598228635898,0.08324268702297631,0.05555324125926875,0.03626058122122225,0.06431355416091762,0.12848895160612095,0.03950817320237406,0.10566260070277488,0.0025934653454780755,0.034537677615223895
structure_screen,s42|imb=none|w=1.0|delta=0.0|r=None|k=None,s42|imb=none|w=1.0|delta=0.0|r=None|k=None|cal=none|folds=None,42,9618,2,9,0.41202200699988706,0.1246752068400383,0.7570806100217865,0.16011834144592285,0.15,0.010118341445922857,3,0.05,5,0.0,0.7,1.0,10.0,1.0,none,1.0,0.0,,,none,,0.3017488946809617,0.0,0.38258687139772163,0.0792486746624755,0.0,0.0,0.12382466251883875,0.005639065651408953,0.10695183108859342,0.0,0.0,0.0
structure_screen,s42|imb=none|w=1.0|delta=0.0|r=None|k=None,s42|imb=none|w=1.0|delta=0.0|r=None|k=None|cal=none|folds=None,42,9618,3,253,0.31043094910169633,0.09083621203899384,0.855119825708061,0.16510996222496033,0.15,0.015109962224960333,3,0.05,5,0.0,0.7,1.0,10.0,1.0,none,1.0,0.0,,,none,,0.12215320224941625,0.17550445489778158,0.07768888499696193,0.07054906715658346,0.058021923288332874,0.07347049189289243,0.12699829066240326,0.08890474575470447,0.06879100177691087,0.08236300797419081,0.018159148071076135,0.03739578127874593
structure_screen,s42|imb=none|w=1.0|delta=0.0|r=None|k=None,s42|imb=none|w=1.0|delta=0.0|r=None|k=None|cal=none|folds=None,42,9618,4,35,0.42232552973265247,0.13106529414653778,0.7230000000000001,0.15263041853904724,0.16666666666666666,-0.014036248127619416,3,0.05,5,0.0,0.7,1.0,10.0,1.0,none,1.0,0.0,,,none,,0.1484561251134821,0.15855772348843056,0.31283468274645543,0.0,0.029828749546138487,0.013694180129198952,0.07547144584104798,0.0015367990140944655,0.17939442683476622,0.018506628334145143,0.03752067089546606,0.02419856805677464
structure_screen,s42|imb=none|w=1.0|delta=0.0|r=None|k=None,s42|imb=none|w=1.0|delta=0.0|r=None|k=None|cal=none|folds=None,42,9618,5,501,0.3985217696118547,0.12327761948108673,0.74,0.1621970236301422,0.16666666666666666,-0.0044696430365244455,3,0.05,5,0.0,0.7,1.0,10.0,1.0,none,1.0,0.0,,,none,,0.10120409296884289,0.19594365651678056,0.11487601050071079,0.08105201466137782,0.04917154700109027,0.06336757845198074,0.08681521531872562,0.07786855269611631,0.06303198273578596,0.05840339137038517,0.06914984609002794,0.03911611168817592
structure_screen,s43|imb=none|w=1.0|delta=0.0|r=None|k=None,s43|imb=none|w=1.0|delta=0.0|r=None|k=None|cal=none|folds=None,43,9618,1,145,0.4456463213821515,0.1396990269422531,0.6579520697167756,0.11900599300861359,0.15,-0.030994006991386408,4,0.1,3,0.5,0.85,0.7,5.0,1.0,none,1.0,0.0,,,none,,0.11477238432718981,0.176099588524595,0.19726365129999565,0.0703629279760804,0.046513288167969034,0.033744717630226385,0.09602415099995373,0.1688344327805903,0.008668813214728826,0.06079691318776854,0.0013882731944992626,0.02553085869640305
structure_screen,s43|imb=none|w=1.0|delta=0.0|r=None|k=None,s43|imb=none|w=1.0|delta=0.0|r=None|k=None|cal=none|folds=None,43,9618,2,12,0.39530542022751675,0.12072198837995529,0.7527233115468409,0.16356651484966278,0.15,0.013566514849662786,4,0.1,3,0.5,0.85,0.7,5.0,1.0,none,1.0,0.0,,,none,,0.21676811050459063,0.15774019767126288,0.20467546649228077,0.09226306110833156,0.006052409319501086,0.0,0.061959020742364986,0.06960883085890669,0.12190072251938411,0.0,0.03367522678768456,0.0353569539956927
structure_screen,s43|imb=none|w=1.0|delta=0.0|r=None|k=None,s43|imb=none|w=1.0|delta=0.0|r=None|k=None|cal=none|folds=None,43,9618,3,97,0.2896359178659761,0.0823078379034996,0.8638344226579521,0.1680193394422531,0.15,0.01801933944225312,4,0.1,3,0.5,0.85,0.7,5.0,1.0,none,1.0,0.0,,,none,,0.12792273869656845,0.16485605767363298,0.15667035485966294,0.07144602975973054,0.05939725661809404,0.06305952308322124,0.09347759329622918,0.09812720944027194,0.05334848948330052,0.05335755904278714,0.033654415418230506,0.024682772628270556
structure_screen,s43|imb=none|w=1.0|delta=0.0|r=None|k=None,s43|imb=none|w=1.0|delta=0.0|r=None|k=None|cal=none|folds=None,43,9618,4,39,0.4078538446914518,0.12251962721347809,0.6920000000000001,0.15408460795879364,0.16666666666666666,-0.012582058707873017,4,0.1,3,0.5,0.85,0.7,5.0,1.0,none,1.0,0.0,,,none,,0.15022377199006748,0.2059460371085216,0.1737697830177021,0.02844794897832366,0.0841673658340759,0.02428663363263379,0.08750096542395012,0.037549782966008784,0.09318895665428727,0.0,0.09661649584010613,0.01830225855432315
structure_screen,s43|imb=none|w=1.0|delta=0.0|r=None|k=None,s43|imb=none|w=1.0|delta=0.0|r=None|k=None|cal=none|folds=None,43,9618,5,201,0.36326427486889673,0.11609314382076263,0.8220000000000001,0.15322771668434143,0.16666666666666666,-0.013438949982325227,4,0.1,3,0.5,0.85,0.7,5.0,1.0,none,1.0,0.0,,,none,,0.11657922065103257,0.18565044884660692,0.1573449299900389,0.05131352955020956,0.07956023369705882,0.055136149167741524,0.09183669628933157,0.10538138343833565,0.02368697234298826,0.03648270067795476,0.07619357751871282,0.020834157829988622
structure_screen,s44|imb=none|w=1.0|delta=0.0|r=None|k=None,s44|imb=none|w=1.0|delta=0.0|r=None|k=None|cal=none|folds=None,44,9618,1,265,0.5033689150599832,0.15200988948345184,0.6013071895424836,0.11284207552671432,0.15,-0.03715792447328567,3,0.1,3,0.1,0.7,0.7,10.0,0.1,none,1.0,0.0,,,none,,0.11359980762317005,0.1765344931567146,0.15019893276028776,0.0602595970527894,0.07037636568886523,0.06655347338951752,0.11204807959820348,0.1409216600726987,0.014215403757199875,0.051219642468864804,0.013564940519498199,0.030507603912190356
structure_screen,s44|imb=none|w=1.0|delta=0.0|r=None|k=None,s44|imb=none|w=1.0|delta=0.0|r=None|k=None|cal=none|folds=None,44,9618,2,42,0.3766281647337148,0.11661161482334137,0.7766884531590413,0.16541942954063416,0.15,0.01541942954063416,3,0.1,3,0.1,0.7,0.7,10.0,0.1,none,1.0,0.0,,,none,,0.18961240177611974,0.19780002364707636,0.1710175319351247,0.06867101412494717,0.017416374494052804,0.025354148051853174,0.10410016052907776,0.11107358197101493,0.03854388081363607,0.021550777149129903,0.041242253218848626,0.01361785228911879
structure_screen,s44|imb=none|w=1.0|delta=0.0|r=None|k=None,s44|imb=none|w=1.0|delta=0.0|r=None|k=None|cal=none|folds=None,44,9618,3,48,0.3229021440976418,0.09718035906553268,0.8899782135076253,0.15039581060409546,0.15,0.00039581060409546454,3,0.1,3,0.1,0.7,0.7,10.0,0.1,none,1.0,0.0,,,none,,0.1624348263502433,0.19364336874518118,0.1284169875347363,0.05070147257675621,0.05340666637162508,0.027122818847001077,0.11586996468181594,0.08854342210088206,0.04449772617680256,0.07472247832459586,0.026822545156502235,0.03381772313385821
structure_screen,s44|imb=none|w=1.0|delta=0.0|r=None|k=None,s44|imb=none|w=1.0|delta=0.0|r=None|k=None|cal=none|folds=None,44,9618,4,8,0.4335626748994887,0.13436955213546753,0.7140000000000001,0.14901262521743774,0.16666666666666666,-0.017654041449228913,3,0.1,3,0.1,0.7,0.7,10.0,0.1,none,1.0,0.0,,,none,,0.3145338997380814,0.12582158290413964,0.12205157593889789,0.0,0.048889914546575416,0.015266038508736058,0.0,0.07221210799815649,0.2522866055873984,0.016683722479632217,0.007747692698801278,0.024506859599581283
structure_screen,s44|imb=none|w=1.0|delta=0.0|r=None|k=None,s44|imb=none|w=1.0|delta=0.0|r=None|k=None|cal=none|folds=None,44,9618,5,497,0.397163151690102,0.1182958260178566,0.78,0.1399117410182953,0.16666666666666666,-0.02675492564837137,3,0.1,3,0.1,0.7,0.7,10.0,0.1,none,1.0,0.0,,,none,,0.10302956098217907,0.17763878139442887,0.10873520799276473,0.050721517849735887,0.10638291428722779,0.05857903555425589,0.10165381361474811,0.11970256285625022,0.02543843258821497,0.03715923030622241,0.07358925764606825,0.037369684927903796
structure_screen,s45|imb=none|w=1.0|delta=0.0|r=None|k=None,s45|imb=none|w=1.0|delta=0.0|r=None|k=None|cal=none|folds=None,45,9618,1,206,0.5129651600942967,0.1482667624950409,0.5577342047930283,0.1038050502538681,0.15,-0.04619494974613189,4,0.05,1,0.1,1.0,0.7,10.0,0.0,none,1.0,0.0,,,none,,0.12355986151334161,0.14955116427487875,0.2160207652282579,0.06654359387886982,0.08164465125763797,0.037509064159274276,0.12342415453317698,0.09733356105685313,0.012125494458590447,0.053396718198548625,0.010432352732339374,0.028458618708231145
structure_screen,s45|imb=none|w=1.0|delta=0.0|r=None|k=None,s45|imb=none|w=1.0|delta=0.0|r=None|k=None|cal=none|folds=None,45,9618,2,86,0.37719359159723126,0.11817145347595215,0.7505446623093682,0.15267206728458405,0.15,0.002672067284584051,4,0.05,1,0.1,1.0,0.7,10.0,0.0,none,1.0,0.0,,,none,,0.1666735386643134,0.174630186234896,0.12641188761955088,0.07982650671717466,0.05030666515196648,0.01677081768516088,0.08410601102234837,0.09343797057436094,0.07352137215751271,0.029003290402529597,0.09017028052268641,0.015141473247499664
structure_screen,s45|imb=none|w=1.0|delta=0.0|r=None|k=None,s45|imb=none|w=1.0|delta=0.0|r=None|k=None|cal=none|folds=None,45,9618,3,111,0.3082367694449099,0.09074611961841583,0.8594771241830065,0.1631929874420166,0.15,0.013192987442016607,4,0.05,1,0.1,1.0,0.7,10.0,0.0,none,1.0,0.0,,,none,,0.12357927729186938,0.15808168135581857,0.1822216003466211,0.050664265841980534,0.07432110252153479,0.05448949131704548,0.1159273766616173,0.08371174434354063,0.07113677719729168,0.03400078042971808,0.02808710416738923,0.023778798525573238
structure_screen,s45|imb=none|w=1.0|delta=0.0|r=None|k=None,s45|imb=none|w=1.0|delta=0.0|r=None|k=None|cal=none|folds=None,45,9618,4,87,0.3982069830894743,0.11854631453752518,0.706,0.14741088449954987,0.16666666666666666,-0.01925578216711679,4,0.05,1,0.1,1.0,0.7,10.0,0.0,none,1.0,0.0,,,none,,0.1035080224755359,0.1948616728839767,0.18415281867449587,0.05167165164164064,0.10611922415613716,0.028387432364452837,0.10138740891922181,0.048573872870978564,0.07536355666942099,0.01171878156978899,0.08190320298976235,0.012352354784588166
structure_screen,s45|imb=none|w=1.0|delta=0.0|r=None|k=None,s45|imb=none|w=1.0|delta=0.0|r=None|k=None|cal=none|folds=None,45,9618,5,231,0.3725464407346478,0.11619117856025696,0.798,0.13636980950832367,0.16666666666666666,-0.030296857158342988,4,0.05,1,0.1,1.0,0.7,10.0,0.0,none,1.0,0.0,,,none,,0.09854968319913467,0.20636920786562526,0.16498962510503407,0.06382081954139683,0.07813331331257127,0.04635114972501359,0.10068780346733751,0.0858130793519085,0.024608372990742585,0.04314054889842876,0.061874874309081694,0.025661522233725226
structure_screen,s46|imb=none|w=1.0|delta=0.0|r=None|k=None,s46|imb=none|w=1.0|delta=0.0|r=None|k=None|cal=none|folds=None,46,9618,1,146,0.43977600018974733,0.13750723004341125,0.6230936819172113,0.12827803194522858,0.15,-0.021721968054771418,1,0.1,1,0.5,0.85,1.0,10.0,0.0,none,1.0,0.0,,,none,,0.08022638767809027,0.18207485938156176,0.22345487463223804,0.09983862083684017,0.045075953624311174,0.006874992971284278,0.06026098209919114,0.14939531379937132,0.023173021221488056,0.08042105609745033,0.0,0.04920393765817345
structure_screen,s46|imb=none|w=1.0|delta=0.0|r=None|k=None,s46|imb=none|w=1.0|delta=0.0|r=None|k=None|cal=none|folds=None,46,9618,2,1,0.4211712264144111,0.12709271907806396,0.6013071895424836,0.15954796969890594,0.15,0.00954796969890595,1,0.1,1,0.5,0.85,1.0,10.0,0.0,none,1.0,0.0,,,none,,1.0,0.0,0.0,0.0,0.0,0.0,0.0,0.0,0.0,0.0,0.0,0.0
structure_screen,s46|imb=none|w=1.0|delta=0.0|r=None|k=None,s46|imb=none|w=1.0|delta=0.0|r=None|k=None|cal=none|folds=None,46,9618,3,178,0.3101491678700256,0.09003432095050812,0.8398692810457516,0.1650095134973526,0.15,0.015009513497352606,1,0.1,1,0.5,0.85,1.0,10.0,0.0,none,1.0,0.0,,,none,,0.088841901692592,0.15404039440427672,0.16639273155855683,0.10798261498367116,0.044353330662198834,0.06884312141039912,0.07409157082896292,0.06862544057423745,0.07890351327548831,0.0712803508712762,0.03216109268559615,0.044483937052744296
structure_screen,s46|imb=none|w=1.0|delta=0.0|r=None|k=None,s46|imb=none|w=1.0|delta=0.0|r=None|k=None|cal=none|folds=None,46,9618,4,120,0.40585123514411187,0.12246935069561005,0.725,0.16017785668373108,0.16666666666666666,-0.006488809982935578,1,0.1,1,0.5,0.85,1.0,10.0,0.0,none,1.0,0.0,,,none,,0.1535969926831528,0.15683756083114828,0.1887141231298323,0.05792990340008897,0.11735945189207084,0.0,0.07403903200823704,0.0319437330178414,0.09573417932923438,0.012005372946415151,0.09946660171435505,0.012373049047623793
structure_screen,s46|imb=none|w=1.0|delta=0.0|r=None|k=None,s46|imb=none|w=1.0|delta=0.0|r=None|k=None|cal=none|folds=None,46,9618,5,519,0.3842353107036422,0.12427195906639099,0.776,0.14719939231872559,0.16666666666666666,-0.01946727434794107,1,0.1,1,0.5,0.85,1.0,10.0,0.0,none,1.0,0.0,,,none,,0.09539048477955143,0.18049956524869043,0.13454918732862983,0.09590952479516511,0.09133388105916945,0.051699321030065484,0.08149377648184924,0.08294196169807236,0.04154724753485472,0.03539906225491247,0.09165733407064924,0.017578653718390208
structure_screen,s47|imb=none|w=1.0|delta=0.0|r=None|k=None,s47|imb=none|w=1.0|delta=0.0|r=None|k=None|cal=none|folds=None,47,9618,1,392,0.46438903009997606,0.1441381871700287,0.6034858387799564,0.1277104765176773,0.15,-0.022289523482322687,1,0.1,5,0.5,0.85,0.85,10.0,1.0,none,1.0,0.0,,,none,,0.06711323651985761,0.20001577914310945,0.2077583481344041,0.08123270115895141,0.05098078155752544,0.025891347075591428,0.06716956735322976,0.14178307889967232,0.02967687860974533,0.08492311974484239,0.0019779764575860916,0.04147718534548469
structure_screen,s47|imb=none|w=1.0|delta=0.0|r=None|k=None,s47|imb=none|w=1.0|delta=0.0|r=None|k=None|cal=none|folds=None,47,9618,2,2,0.4206922067722701,0.12698166072368622,0.6296296296296295,0.15849877893924713,0.15,0.008498778939247137,1,0.1,5,0.5,0.85,0.85,10.0,1.0,none,1.0,0.0,,,none,,0.4594825219482657,0.0,0.0,0.0,0.0,0.0,0.0,0.0,0.5405174780517342,0.0,0.0,0.0
structure_screen,s47|imb=none|w=1.0|delta=0.0|r=None|k=None,s47|imb=none|w=1.0|delta=0.0|r=None|k=None|cal=none|folds=None,47,9618,3,27,0.3699129468984757,0.11263938248157501,0.8496732026143791,0.1670382022857666,0.15,0.017038202285766607,1,0.1,5,0.5,0.85,0.85,10.0,1.0,none,1.0,0.0,,,none,,0.19672502246203644,0.218691444919575,0.11990937976878564,0.0,0.0,0.0,0.0,0.03147471582261804,0.20221857933617723,0.23098085769080764,0.0,0.0
structure_screen,s47|imb=none|w=1.0|delta=0.0|r=None|k=None,s47|imb=none|w=1.0|delta=0.0|r=None|k=None|cal=none|folds=None,47,9618,4,251,0.4135121200274299,0.12315607815980911,0.704,0.1490614414215088,0.16666666666666666,-0.01760522524515787,1,0.1,5,0.5,0.85,0.85,10.0,1.0,none,1.0,0.0,,,none,,0.13974873446719827,0.16149114404838286,0.16655040901298773,0.04782007614391673,0.11155679246953769,0.0018167150119734919,0.07580236141858913,0.03171369408427764,0.11458163255675548,0.013087174412937719,0.11253624252550239,0.023295023847940882
structure_screen,s47|imb=none|w=1.0|delta=0.0|r=None|k=None,s47|imb=none|w=1.0|delta=0.0|r=None|k=None|cal=none|folds=None,47,9618,5,869,0.3944067031088575,0.12519311904907227,0.758,0.15371087193489075,0.16666666666666666,-0.01295579473177591,1,0.1,5,0.5,0.85,0.85,10.0,1.0,none,1.0,0.0,,,none,,0.09259107874511192,0.19976820581026541,0.15287187036398647,0.08344485134442887,0.05329135780065016,0.03319317726020403,0.09222264723864956,0.06536172223846651,0.053193203350928926,0.05637592899049282,0.09291874587446364,0.02476721098235169
structure_screen,s48|imb=none|w=1.0|delta=0.0|r=None|k=None,s48|imb=none|w=1.0|delta=0.0|r=None|k=None|cal=none|folds=None,48,9618,1,89,0.5287880937553958,0.1538853943347931,0.5729847494553377,0.10505359619855881,0.15,-0.04494640380144119,3,0.1,1,0.0,1.0,0.85,5.0,0.0,none,1.0,0.0,,,none,,0.12488592823634487,0.14450046122929613,0.23945137881218545,0.03578252370079581,0.09623437122369867,0.03866496986226767,0.12927690927315527,0.1016881789108345,0.01031382959990235,0.04458917526107818,0.009315443233795425,0.025296830656645685
structure_screen,s48|imb=none|w=1.0|delta=0.0|r=None|k=None,s48|imb=none|w=1.0|delta=0.0|r=None|k=None|cal=none|folds=None,48,9618,2,26,0.3775094584808798,0.11783470958471298,0.761437908496732,0.15050365030765533,0.15,0.00050365030765534,3,0.1,1,0.0,1.0,0.85,5.0,0.0,none,1.0,0.0,,,none,,0.22295038347133295,0.18511960894662335,0.1389711210212482,0.09288360660779216,0.04899033547178679,0.004052994369566307,0.10823175736887251,0.08714511016836672,0.049508489300249724,0.004983533901011843,0.052653746631026004,0.004509312742123422
structure_screen,s48|imb=none|w=1.0|delta=0.0|r=None|k=None,s48|imb=none|w=1.0|delta=0.0|r=None|k=None|cal=none|folds=None,48,9618,3,27,0.31494344971615246,0.09258973598480225,0.855119825708061,0.16380858421325684,0.15,0.013808584213256841,3,0.1,1,0.0,1.0,0.85,5.0,0.0,none,1.0,0.0,,,none,,0.10909210730814065,0.1848121005505542,0.20791648589958944,0.054588509962576484,0.0857214190710386,0.03170876152749082,0.14398758806565676,0.07604447383888198,0.04110938254524583,0.04213952656266475,0.0080495543300827,0.014830090338077802
structure_screen,s48|imb=none|w=1.0|delta=0.0|r=None|k=None,s48|imb=none|w=1.0|delta=0.0|r=None|k=None|cal=none|folds=None,48,9618,4,2,0.4366195978119413,0.1351100355386734,0.752,0.15111182630062103,0.16666666666666666,-0.015554840366045625,3,0.1,1,0.0,1.0,0.85,5.0,0.0,none,1.0,0.0,,,none,,0.09438067022102802,0.28033924570470775,0.18460048785850522,0.0,0.09331949078644639,0.0,0.18356227981352613,0.0,0.15857645770750914,0.0,0.00522136790827737,0.0
structure_screen,s48|imb=none|w=1.0|delta=0.0|r=None|k=None,s48|imb=none|w=1.0|delta=0.0|r=None|k=None|cal=none|folds=None,48,9618,5,134,0.381264083397448,0.11815539002418518,0.8019999999999999,0.1292237788438797,0.16666666666666666,-0.03744288782278696,3,0.1,1,0.0,1.0,0.85,5.0,0.0,none,1.0,0.0,,,none,,0.10082670585131089,0.20942088780138712,0.16417561397584277,0.06607363531881155,0.08344405275885874,0.03870756463760069,0.1078781084195626,0.06836114335771623,0.025929717439994088,0.03563058312777316,0.07839471370627553,0.021157273604866626
structure_screen,s49|imb=none|w=1.0|delta=0.0|r=None|k=None,s49|imb=none|w=1.0|delta=0.0|r=None|k=None|cal=none|folds=None,49,9618,1,1923,0.45463096873616665,0.1420186460018158,0.6405228758169934,0.12224780768156052,0.15,-0.027752192318439478,4,0.01,3,1.0,0.85,0.85,10.0,0.0,none,1.0,0.0,,,none,,0.09271170426179605,0.19224919103118362,0.22566459875479808,0.07843716424703472,0.05683439488636437,0.02628123018160101,0.08686114813570556,0.11929384899031203,0.011886665744790751,0.07405669899129821,0.0018601937180110144,0.03386316105710456
structure_screen,s49|imb=none|w=1.0|delta=0.0|r=None|k=None,s49|imb=none|w=1.0|delta=0.0|r=None|k=None|cal=none|folds=None,49,9618,2,11,0.42002032491592817,0.1267903447151184,0.7352941176470588,0.15797482430934906,0.15,0.007974824309349066,4,0.01,3,1.0,0.85,0.85,10.0,0.0,none,1.0,0.0,,,none,,0.25510522659525514,0.14902962169622844,0.2773815475167951,0.103716509606116,0.0,0.0,0.021695440564511996,0.01008738621901959,0.13556687690942554,0.0,0.03735241189042912,0.010064979002219058
structure_screen,s49|imb=none|w=1.0|delta=0.0|r=None|k=None,s49|imb=none|w=1.0|delta=0.0|r=None|k=None|cal=none|folds=None,49,9618,3,1151,0.29337901082437606,0.08457013964653015,0.8638344226579521,0.1621295064687729,0.15,0.012129506468772894,4,0.01,3,1.0,0.85,0.85,10.0,0.0,none,1.0,0.0,,,none,,0.11613766721052589,0.16522097951082482,0.1591959605376147,0.079999559716489,0.059024215261290584,0.05523986330264892,0.104066324485065,0.10116552587889337,0.047117322851382044,0.05204594282158106,0.03424227964827648,0.026544358775408165
structure_screen,s49|imb=none|w=1.0|delta=0.0|r=None|k=None,s49|imb=none|w=1.0|delta=0.0|r=None|k=None|cal=none|folds=None,49,9618,4,297,0.40326407777824586,0.12301275134086609,0.718,0.14916425943374634,0.16666666666666666,-0.01750240723292032,4,0.01,3,1.0,0.85,0.85,10.0,0.0,none,1.0,0.0,,,none,,0.1321760796932651,0.21866080023606907,0.2245150765891545,0.0413695553287238,0.06667453640433789,0.011542444980449793,0.08387602085946441,0.03982479629406504,0.10303967651044152,0.004435303914493181,0.06105072948680185,0.012834979702733834
structure_screen,s49|imb=none|w=1.0|delta=0.0|r=None|k=None,s49|imb=none|w=1.0|delta=0.0|r=None|k=None|cal=none|folds=None,49,9618,5,1227,0.3631191207350017,0.11573279649019241,0.814,0.1552465409040451,0.16666666666666666,-0.011420125762621552,4,0.01,3,1.0,0.85,0.85,10.0,0.0,none,1.0,0.0,,,none,,0.1052780475569884,0.21085400723089318,0.17147935106566384,0.07206627436447,0.05876159863707356,0.025380511329538065,0.09231836775808994,0.09917112601665788,0.031687223052018494,0.05555113839986426,0.05829472029713284,0.01915763429160954
structure_screen,s50|imb=none|w=1.0|delta=0.0|r=None|k=None,s50|imb=none|w=1.0|delta=0.0|r=None|k=None|cal=none|folds=None,50,9618,1,92,0.446651429310145,0.13510705530643463,0.508714596949891,0.14774678647518158,0.15,-0.002253213524818415,3,0.03,10,0.0,0.85,1.0,10.0,0.1,none,1.0,0.0,,,none,,0.01995146328601124,0.06690359839089763,0.42459283619669236,0.04719767294652547,0.0063513725005012065,0.0,0.0,0.17677435416002,0.0,0.2508253728544267,0.0,0.007403329664925386
structure_screen,s50|imb=none|w=1.0|delta=0.0|r=None|k=None,s50|imb=none|w=1.0|delta=0.0|r=None|k=None|cal=none|folds=None,50,9618,2,1,0.42268117000670874,0.1274915188550949,0.5555555555555556,0.15816907584667206,0.15,0.008169075846672064,3,0.03,10,0.0,0.85,1.0,10.0,0.1,none,1.0,0.0,,,none,,1.0,0.0,0.0,0.0,0.0,0.0,0.0,0.0,0.0,0.0,0.0,0.0
structure_screen,s50|imb=none|w=1.0|delta=0.0|r=None|k=None,s50|imb=none|w=1.0|delta=0.0|r=None|k=None|cal=none|folds=None,50,9618,3,190,0.3722149700300398,0.11334408819675446,0.7603485838779955,0.15974588692188263,0.15,0.009745886921882635,3,0.03,10,0.0,0.85,1.0,10.0,0.1,none,1.0,0.0,,,none,,0.15773015028839948,0.041613824837166684,0.16081294213180658,0.057356204838794486,0.023831669831387046,0.07698406063288578,0.06656128820993805,0.15552145549250235,0.0,0.21048824741118982,0.002952236386363793,0.04614791993956594
structure_screen,s50|imb=none|w=1.0|delta=0.0|r=None|k=None,s50|imb=none|w=1.0|delta=0.0|r=None|k=None|cal=none|folds=None,50,9618,4,108,0.4310494435501841,0.1328282207250595,0.609,0.15086810290813446,0.16666666666666666,-0.015798563758532197,3,0.03,10,0.0,0.85,1.0,10.0,0.1,none,1.0,0.0,,,none,,0.2110239553797776,0.01272738169377125,0.47213760146393446,0.0,0.03596289813518584,0.002786631890223505,0.012010743192221925,0.07050795613371519,0.0,0.04778406196021188,0.1274304399110215,0.007628330239936873
structure_screen,s50|imb=none|w=1.0|delta=0.0|r=None|k=None,s50|imb=none|w=1.0|delta=0.0|r=None|k=None|cal=none|folds=None,50,9618,5,555,0.43210533726660855,0.13547755777835846,0.64,0.16757839918136597,0.16666666666666666,0.0009117325146993094,3,0.03,10,0.0,0.85,1.0,10.0,0.1,none,1.0,0.0,,,none,,0.07134124370191543,0.12901017772768797,0.24372965181367692,0.037478068910545115,0.015920323516023554,0.10005477884458795,0.07757585822656833,0.08273532148776083,0.0,0.14154530254981856,0.0720298024535671,0.02857947076784823
structure_screen,s51|imb=none|w=1.0|delta=0.0|r=None|k=None,s51|imb=none|w=1.0|delta=0.0|r=None|k=None|cal=none|folds=None,51,9618,1,214,0.5045265630534915,0.14997705817222595,0.5490196078431372,0.11839279532432556,0.15,-0.03160720467567443,3,0.03,1,0.5,1.0,0.85,5.0,0.1,none,1.0,0.0,,,none,,0.10665883001619038,0.17603176239516716,0.23589065725256708,0.05377425220446089,0.07974581210270847,0.035647815678569436,0.1332775125971868,0.10461829293979716,0.0070605635197583255,0.043672039477245225,0.002862049768306134,0.020760412048042954
structure_screen,s51|imb=none|w=1.0|delta=0.0|r=None|k=None,s51|imb=none|w=1.0|delta=0.0|r=None|k=None|cal=none|folds=None,51,9618,2,186,0.3755746436164584,0.11920176446437836,0.7309368191721133,0.15193268656730652,0.15,0.001932686567306524,3,0.03,1,0.5,1.0,0.85,5.0,0.1,none,1.0,0.0,,,none,,0.17099183683142366,0.19998523430864973,0.13266212716370965,0.08154818186932891,0.045292683667638244,0.0064588908518927075,0.10165570192509356,0.10697153774142613,0.050245031240760865,0.02035675318270373,0.06903940472329512,0.014792616494077683
structure_screen,s51|imb=none|w=1.0|delta=0.0|r=None|k=None,s51|imb=none|w=1.0|delta=0.0|r=None|k=None|cal=none|folds=None,51,9618,3,181,0.28283924748125544,0.08062706887722015,0.8660130718954248,0.16528545320034027,0.15,0.015285453200340277,3,0.03,1,0.5,1.0,0.85,5.0,0.1,none,1.0,0.0,,,none,,0.10241595462727217,0.15352350666728554,0.19644321747753818,0.049908182205564075,0.10655855137809553,0.03386349535479127,0.14425706827373974,0.08602688001560387,0.05426984536934925,0.036076855268320225,0.029171463347671935,0.007484980014768246
structure_screen,s51|imb=none|w=1.0|delta=0.0|r=None|k=None,s51|imb=none|w=1.0|delta=0.0|r=None|k=None|cal=none|folds=None,51,9618,4,74,0.3965312624023084,0.1199122741818428,0.717,0.15078391134738922,0.16666666666666666,-0.015882755319277436,3,0.03,1,0.5,1.0,0.85,5.0,0.1,none,1.0,0.0,,,none,,0.08482881931113599,0.20387732570703604,0.20873426256254865,0.04198137807733465,0.08208607095269758,0.015480666042511226,0.13243693908064533,0.048178061325756055,0.08357259902661968,0.009006527301437363,0.07971297695453976,0.010104373657737645
structure_screen,s51|imb=none|w=1.0|delta=0.0|r=None|k=None,s51|imb=none|w=1.0|delta=0.0|r=None|k=None|cal=none|folds=None,51,9618,5,211,0.3666862694071332,0.11574960500001907,0.8160000000000001,0.14841540157794952,0.16666666666666666,-0.018251265088717133,3,0.03,1,0.5,1.0,0.85,5.0,0.1,none,1.0,0.0,,,none,,0.08245758521588742,0.22937292201942902,0.20051913518160774,0.06707896876436856,0.07479617968241385,0.022124727724045275,0.11021541271245089,0.07245913742445183,0.026727893282174515,0.04231690518346762,0.06235969833834661,0.00957143447135667
structure_screen,s52|imb=none|w=1.0|delta=0.0|r=None|k=None,s52|imb=none|w=1.0|delta=0.0|r=None|k=None|cal=none|folds=None,52,9618,1,116,0.5096163307741561,0.1540430635213852,0.6078431372549019,0.11256517469882965,0.15,-0.037434825301170344,3,0.1,3,1.0,0.7,0.85,1.0,0.1,none,1.0,0.0,,,none,,0.10221205229454776,0.17830640003731682,0.13675417803146875,0.0541001946097092,0.08311920922199749,0.06197717114629703,0.12917139081151335,0.15402948540269887,0.0038645055238933513,0.035673393252434224,0.01365465737416685,0.04713736229395632
structure_screen,s52|imb=none|w=1.0|delta=0.0|r=None|k=None,s52|imb=none|w=1.0|delta=0.0|r=None|k=None|cal=none|folds=None,52,9618,2,393,0.39539513989221403,0.13059104979038239,0.7265795206971677,0.17625302076339722,0.15,0.026253020763397222,3,0.1,3,1.0,0.7,0.85,1.0,0.1,none,1.0,0.0,,,none,,0.12796664801999477,0.18165406420693597,0.06970767144112458,0.03805717160590722,0.08031935264987144,0.04769897712350882,0.10745482617076273,0.1613815773172941,0.03353649515688947,0.024963043782300482,0.06728438963276465,0.05997578289264574
structure_screen,s52|imb=none|w=1.0|delta=0.0|r=None|k=None,s52|imb=none|w=1.0|delta=0.0|r=None|k=None|cal=none|folds=None,52,9618,3,24,0.3084194385360861,0.09136354923248291,0.8703703703703703,0.15745387971401215,0.15,0.0074538797140121515,3,0.1,3,1.0,0.7,0.85,1.0,0.1,none,1.0,0.0,,,none,,0.1108814207610151,0.18676727325427298,0.11640710248155893,0.07592821132627044,0.024212355588191094,0.08549268582196415,0.10021585610047079,0.1260765885641676,0.05781276091199242,0.034537502330728456,0.05062377493966104,0.03104446791970704
structure_screen,s52|imb=none|w=1.0|delta=0.0|r=None|k=None,s52|imb=none|w=1.0|delta=0.0|r=None|k=None|cal=none|folds=None,52,9618,4,8,0.42472014313696704,0.13054543733596802,0.651,0.153705433011055,0.16666666666666666,-0.012961233655611665,3,0.1,3,1.0,0.7,0.85,1.0,0.1,none,1.0,0.0,,,none,,0.17788723207177465,0.24802029490003638,0.0923826551880283,0.0,0.09473705152472121,0.028211206213892698,0.03851574908352947,0.03723405865317575,0.259858483859292,0.0,0.014796083797240948,0.008357184708308594
structure_screen,s52|imb=none|w=1.0|delta=0.0|r=None|k=None,s52|imb=none|w=1.0|delta=0.0|r=None|k=None|cal=none|folds=None,52,9618,5,104,0.3880248964696158,0.12207825481891632,0.774,0.15182463824748993,0.16666666666666666,-0.014842028419176728,3,0.1,3,1.0,0.7,0.85,1.0,0.1,none,1.0,0.0,,,none,,0.10369268801182337,0.16192457711223737,0.13951582910777546,0.0578746217535582,0.08025685092033308,0.06506041316077914,0.09955921600151618,0.12239431711095222,0.032677575381373225,0.03577237326328807,0.07277266658002746,0.02849887159633622
structure_screen,s53|imb=none|w=1.0|delta=0.0|r=None|k=None,s53|imb=none|w=1.0|delta=0.0|r=None|k=None|cal=none|folds=None,53,9618,1,45,0.4354242954521673,0.13112029433250427,0.48039215686274506,0.15027306973934174,0.15,0.0002730697393417414,1,0.03,10,0.1,1.0,0.85,5.0,0.1,none,1.0,0.0,,,none,,0.05952911341376078,0.10374437756818904,0.47746198251383015,0.0,0.0,0.0,0.0,0.11429958209882418,0.0,0.24496494440539585,0.0,0.0
structure_screen,s53|imb=none|w=1.0|delta=0.0|r=None|k=None,s53|imb=none|w=1.0|delta=0.0|r=None|k=None|cal=none|folds=None,53,9618,2,1,0.42252424009420686,0.12745016813278198,0.565359477124183,0.15845425426959991,0.15,0.00845425426959992,1,0.03,10,0.1,1.0,0.85,5.0,0.1,none,1.0,0.0,,,none,,1.0,0.0,0.0,0.0,0.0,0.0,0.0,0.0,0.0,0.0,0.0,0.0
structure_screen,s53|imb=none|w=1.0|delta=0.0|r=None|k=None,s53|imb=none|w=1.0|delta=0.0|r=None|k=None|cal=none|folds=None,53,9618,3,561,0.3556033139918326,0.1098460853099823,0.8006535947712418,0.1512107104063034,0.15,0.0012107104063034113,1,0.03,10,0.1,1.0,0.85,5.0,0.1,none,1.0,0.0,,,none,,0.14660844853196633,0.07720061189944356,0.1463755092388776,0.08900218321503507,0.013436613410712955,0.08380470269287235,0.12834992365250478,0.09449899452261637,0.0,0.13893013406362523,0.02136704918246768,0.06042582958987806
structure_screen,s53|imb=none|w=1.0|delta=0.0|r=None|k=None,s53|imb=none|w=1.0|delta=0.0|r=None|k=None|cal=none|folds=None,53,9618,4,67,0.4265242717037555,0.13203741610050201,0.6729999999999999,0.15224148333072662,0.16666666666666666,-0.014425183335940034,1,0.03,10,0.1,1.0,0.85,5.0,0.1,none,1.0,0.0,,,none,,0.20601267294276485,0.08934036641400524,0.5902256771996056,0.0,0.0,0.0,0.0,0.0,0.0,0.0,0.08805545325043813,0.026365830193186113
structure_screen,s53|imb=none|w=1.0|delta=0.0|r=None|k=None,s53|imb=none|w=1.0|delta=0.0|r=None|k=None|cal=none|folds=None,53,9618,5,238,0.4148691800635677,0.13137541711330414,0.6920000000000001,0.1697118878364563,0.16666666666666666,0.0030452211697896414,1,0.03,10,0.1,1.0,0.85,5.0,0.1,none,1.0,0.0,,,none,,0.044444460174641355,0.18606811229426734,0.35873180215317874,0.11023491578575234,0.0,0.002687983338477041,0.033199701735054946,0.028740342657791337,0.0,0.16932979423600233,0.030097876702498694,0.036465010922335866
structure_screen,s54|imb=none|w=1.0|delta=0.0|r=None|k=None,s54|imb=none|w=1.0|delta=0.0|r=None|k=None|cal=none|folds=None,54,9618,1,631,0.5088452987847902,0.15339046716690063,0.5773420479302832,0.12425028532743454,0.15,-0.025749714672565455,3,0.03,5,0.0,1.0,0.7,5.0,0.0,none,1.0,0.0,,,none,,0.10622505154322542,0.18297825199605922,0.22304880615191344,0.05260088107962415,0.05592179072612244,0.03668738425332886,0.12141623425052432,0.09495949379514483,0.005366451620918064,0.09366367248249298,0.004767944883303094,0.022364037217343195
structure_screen,s54|imb=none|w=1.0|delta=0.0|r=None|k=None,s54|imb=none|w=1.0|delta=0.0|r=None|k=None|cal=none|folds=None,54,9618,2,27,0.40267966151029455,0.122495636343956,0.7233115468409586,0.15729022026062012,0.15,0.007290220260620123,3,0.03,5,0.0,1.0,0.7,5.0,0.0,none,1.0,0.0,,,none,,0.30030454299564313,0.1528852129860725,0.16103669933572834,0.040360848978865424,0.006214417533391645,0.00797825491618426,0.0798616030797507,0.07336304426253586,0.1617978590217634,0.0007285321227340621,0.00902345369543732,0.006445531071893383
structure_screen,s54|imb=none|w=1.0|delta=0.0|r=None|k=None,s54|imb=none|w=1.0|delta=0.0|r=None|k=None|cal=none|folds=None,54,9618,3,149,0.30974759297733917,0.09194551408290863,0.8725490196078431,0.16333717107772827,0.15,0.013337171077728277,3,0.03,5,0.0,1.0,0.7,5.0,0.0,none,1.0,0.0,,,none,,0.17223409726403305,0.17722213025267916,0.17463048728628222,0.06005489535560026,0.04939999666125035,0.020188267282532188,0.1167882570358711,0.0735845879204915,0.06788667779810167,0.07009539139094821,0.0033079417714899388,0.014607269980720358
structure_screen,s54|imb=none|w=1.0|delta=0.0|r=None|k=None,s54|imb=none|w=1.0|delta=0.0|r=None|k=None|cal=none|folds=None,54,9618,4,50,0.41544209139571464,0.12823766469955444,0.707,0.15310430526733398,0.16666666666666666,-0.013562361399332673,3,0.03,5,0.0,1.0,0.7,5.0,0.0,none,1.0,0.0,,,none,,0.09520368806657621,0.27930081487780756,0.2470381747294381,0.003065243780688426,0.08725290830537206,0.037422563941817345,0.0925916369731603,0.013917638195499737,0.10495206560549339,0.002632590241382589,0.03662267528276429,0.0
structure_screen,s54|imb=none|w=1.0|delta=0.0|r=None|k=None,s54|imb=none|w=1.0|delta=0.0|r=None|k=None|cal=none|folds=None,54,9618,5,925,0.41284386650548904,0.12397324293851852,0.764,0.1391419768333435,0.16666666666666666,-0.02752468983332315,3,0.03,5,0.0,1.0,0.7,5.0,0.0,none,1.0,0.0,,,none,,0.08800209632028297,0.20728535657189565,0.15588909488413083,0.04972432553271802,0.07312645029750674,0.04200355339280313,0.09762557709700005,0.11542432112556802,0.026401211818541416,0.033268503714696904,0.087924421055132,0.02332508818972425
structure_screen,s55|imb=none|w=1.0|delta=0.0|r=None|k=None,s55|imb=none|w=1.0|delta=0.0|r=None|k=None|cal=none|folds=None,55,9618,1,180,0.44633126637721726,0.13850267231464386,0.6405228758169934,0.13137832283973694,0.15,-0.018621677160263056,4,0.03,3,1.0,1.0,0.7,5.0,0.0,none,1.0,0.0,,,none,,0.12047623409564592,0.16330437098131995,0.2658695815880541,0.05241098651444847,0.05752654610251455,0.003425555371633763,0.1138771647470689,0.10938657730253565,0.0,0.08497958961998756,0.000889732528910419,0.02785366114788073
structure_screen,s55|imb=none|w=1.0|delta=0.0|r=None|k=None,s55|imb=none|w=1.0|delta=0.0|r=None|k=None|cal=none|folds=None,55,9618,2,50,0.3866655519598189,0.11918450891971588,0.7527233115468409,0.15912088751792908,0.15,0.009120887517929083,4,0.03,3,1.0,1.0,0.7,5.0,0.0,none,1.0,0.0,,,none,,0.22617029321109852,0.21591215117295443,0.14979859137402088,0.06282423164670918,0.013773695006140035,0.0035754886771586568,0.07286492203121787,0.0884892245664137,0.09503292188031058,0.00531985171528093,0.06387687249476018,0.0023617562239350303
structure_screen,s55|imb=none|w=1.0|delta=0.0|r=None|k=None,s55|imb=none|w=1.0|delta=0.0|r=None|k=None|cal=none|folds=None,55,9618,3,118,0.30721470399300177,0.09102892875671387,0.8790849673202614,0.1651034951210022,0.15,0.015103495121002203,4,0.03,3,1.0,1.0,0.7,5.0,0.0,none,1.0,0.0,,,none,,0.13459467275089948,0.16451888357471775,0.20026999986837035,0.06618003627485174,0.07606284377691147,0.036559184788105055,0.12864172833508783,0.08996439916529309,0.0461015341445368,0.039559240471310625,0.0096810540446301,0.007866422805285718
structure_screen,s55|imb=none|w=1.0|delta=0.0|r=None|k=None,s55|imb=none|w=1.0|delta=0.0|r=None|k=None|cal=none|folds=None,55,9618,4,83,0.3959238375230704,0.12018612027168274,0.722,0.15097789466381073,0.16666666666666666,-0.015688772002855927,4,0.03,3,1.0,1.0,0.7,5.0,0.0,none,1.0,0.0,,,none,,0.09169140259182265,0.2472506529650179,0.22287936429698016,0.034308745384873635,0.07946782774082702,0.020837642384222036,0.08459749017972007,0.048013484464468924,0.07862502800105955,0.001594762021671684,0.08048720210039373,0.010246397868942644
structure_screen,s55|imb=none|w=1.0|delta=0.0|r=None|k=None,s55|imb=none|w=1.0|delta=0.0|r=None|k=None|cal=none|folds=None,55,9618,5,128,0.357544079252867,0.11284925043582916,0.844,0.1530139446258545,0.16666666666666666,-0.013652722040812165,4,0.03,3,1.0,1.0,0.7,5.0,0.0,none,1.0,0.0,,,none,,0.07835347040737134,0.21561313977348517,0.22711104315152186,0.04700687039844963,0.06366385873358126,0.023015684355840966,0.10810164604300493,0.08464272274520517,0.02022569872213673,0.06037562419459856,0.06123281816769425,0.010657423307110137
structure_screen,s56|imb=none|w=1.0|delta=0.0|r=None|k=None,s56|imb=none|w=1.0|delta=0.0|r=None|k=None|cal=none|folds=None,56,9618,1,226,0.44620128731080055,0.1350102573633194,0.49673202614379086,0.1483605057001114,0.15,-0.0016394942998886053,3,0.01,10,1.0,0.85,0.7,5.0,0.1,none,1.0,0.0,,,none,,0.054699949036889794,0.0780617879859481,0.3865833944788204,0.05612872356982942,0.003886310278137925,0.0,0.0,0.1787314488051263,0.0,0.23320278626974544,0.0,0.008705599575502643
structure_screen,s56|imb=none|w=1.0|delta=0.0|r=None|k=None,s56|imb=none|w=1.0|delta=0.0|r=None|k=None|cal=none|folds=None,56,9618,2,1,0.4228479562771406,0.12753599882125854,0.5555555555555556,0.1582806557416916,0.15,0.008280655741691595,3,0.01,10,1.0,0.85,0.7,5.0,0.1,none,1.0,0.0,,,none,,1.0,0.0,0.0,0.0,0.0,0.0,0.0,0.0,0.0,0.0,0.0,0.0
structure_screen,s56|imb=none|w=1.0|delta=0.0|r=None|k=None,s56|imb=none|w=1.0|delta=0.0|r=None|k=None|cal=none|folds=None,56,9618,3,357,0.37499648425279714,0.11415307223796844,0.8006535947712418,0.16022804379463196,0.15,0.010228043794631964,3,0.01,10,1.0,0.85,0.7,5.0,0.1,none,1.0,0.0,,,none,,0.17594708278350044,0.0586699369905623,0.16703477330359037,0.05756659187576372,0.01297084175469572,0.07947873734120005,0.047200578276809416,0.13848412627645504,0.0,0.21394225364515032,0.009169073702538232,0.03953600404973442
structure_screen,s56|imb=none|w=1.0|delta=0.0|r=None|k=None,s56|imb=none|w=1.0|delta=0.0|r=None|k=None|cal=none|folds=None,56,9618,4,169,0.4246928394157672,0.1315404325723648,0.721,0.150466188788414,0.16666666666666666,-0.016200477878252656,3,0.01,10,1.0,0.85,0.7,5.0,0.1,none,1.0,0.0,,,none,,0.21934722968688228,0.039327543413047145,0.48132727264360614,0.0,0.03498678287217978,0.0,0.0023089220505218945,0.05239807087215501,0.0,0.05517241528462766,0.07007156882857248,0.04506019434840763
structure_screen,s56|imb=none|w=1.0|delta=0.0|r=None|k=None,s56|imb=none|w=1.0|delta=0.0|r=None|k=None|cal=none|folds=None,56,9618,5,1262,0.42296220307591526,0.132675439119339,0.662,0.16872763633728027,0.16666666666666666,0.002060969670613616,3,0.01,10,1.0,0.85,0.7,5.0,0.1,none,1.0,0.0,,,none,,0.07583245907679144,0.11828598650681624,0.2715894457580467,0.0517688574799368,0.004187102384678329,0.04066241877566936,0.0811435491900239,0.08967293178815769,0.0,0.16487882736226836,0.06401171423146039,0.03796670744615077
structure_screen,s57|imb=none|w=1.0|delta=0.0|r=None|k=None,s57|imb=none|w=1.0|delta=0.0|r=None|k=None|cal=none|folds=None,57,9618,1,531,0.48414811854005535,0.14760670065879822,0.6427015250544662,0.11262974143028259,0.15,-0.0373702585697174,2,0.05,3,0.0,0.85,0.85,10.0,0.0,none,1.0,0.0,,,none,,0.10030780282782253,0.19068228054238917,0.19533520915025254,0.06467252123612377,0.06610588378811652,0.03953828600121244,0.1040216343554257,0.11501945333172092,0.008925052843186721,0.061065931477331276,0.024315273022346446,0.030010671424071957
structure_screen,s57|imb=none|w=1.0|delta=0.0|r=None|k=None,s57|imb=none|w=1.0|delta=0.0|r=None|k=None|cal=none|folds=None,57,9618,2,142,0.36441142717511266,0.11480758339166641,0.7919389978213508,0.16804377734661102,0.15,0.01804377734661103,2,0.05,3,0.0,0.85,0.85,10.0,0.0,none,1.0,0.0,,,none,,0.16415160672181306,0.21681435297449284,0.10766783793557673,0.10743622872060221,0.040695242889428315,0.00900996515062347,0.09424149304555869,0.08302688378016654,0.10438742752849571,0.03398275086929639,0.020231512366951157,0.01835469801699489
structure_screen,s57|imb=none|w=1.0|delta=0.0|r=None|k=None,s57|imb=none|w=1.0|delta=0.0|r=None|k=None|cal=none|folds=None,57,9618,3,198,0.2950054758718749,0.08400695770978928,0.855119825708061,0.16598668694496155,0.15,0.015986686944961553,2,0.05,3,0.0,0.85,0.85,10.0,0.0,none,1.0,0.0,,,none,,0.10951500213047423,0.1765936604269853,0.16204592991643316,0.08417093605542585,0.05531230404478178,0.05045750292611743,0.10956292888811381,0.08784018973292033,0.052012889115279466,0.06651974730916872,0.020918004036868436,0.025050905417431504
structure_screen,s57|imb=none|w=1.0|delta=0.0|r=None|k=None,s57|imb=none|w=1.0|delta=0.0|r=None|k=None|cal=none|folds=None,57,9618,4,78,0.4038931127202916,0.1226426288485527,0.716,0.1499474197626114,0.16666666666666666,-0.016719246904055268,2,0.05,3,0.0,0.85,0.85,10.0,0.0,none,1.0,0.0,,,none,,0.12759511337322044,0.19721613224866735,0.23329889171238352,0.039966058217249426,0.07075397436810299,0.004229731415034228,0.07434554479995778,0.03258013049969889,0.1266730847754956,0.011428840390009987,0.06602720609265028,0.015885292107529526
structure_screen,s57|imb=none|w=1.0|delta=0.0|r=None|k=None,s57|imb=none|w=1.0|delta=0.0|r=None|k=None|cal=none|folds=None,57,9618,5,664,0.39157390699260136,0.12203572690486908,0.786,0.1468849927186966,0.16666666666666666,-0.019781673947970063,2,0.05,3,0.0,0.85,0.85,10.0,0.0,none,1.0,0.0,,,none,,0.09509291043214764,0.18750103877479052,0.14398258075466944,0.060451948996638714,0.08623115833754721,0.04771495127469178,0.09794707813031261,0.11149440136713472,0.027384536097538235,0.03921002335164365,0.0779546046514217,0.025034767831463776
structure_screen,s58|imb=none|w=1.0|delta=0.0|r=None|k=None,s58|imb=none|w=1.0|delta=0.0|r=None|k=None|cal=none|folds=None,58,9618,1,325,0.44943896403141564,0.13956302404403687,0.6252723311546842,0.13141870498657227,0.15,-0.01858129501342773,3,0.01,1,0.5,1.0,0.85,1.0,1.0,none,1.0,0.0,,,none,,0.0938605839873109,0.17942398133773704,0.2838370762229751,0.040440190748797455,0.05928874142258415,0.031119544597871942,0.13717279778258668,0.10947601580433444,0.0019259933077720808,0.03875026529733373,0.005732037594201355,0.018972771896495155
structure_screen,s58|imb=none|w=1.0|delta=0.0|r=None|k=None,s58|imb=none|w=1.0|delta=0.0|r=None|k=None|cal=none|folds=None,58,9618,2,95,0.3968319080465319,0.12169147282838821,0.7396514161220044,0.15000687539577484,0.15,6.87539577484686e-06,3,0.01,1,0.5,1.0,0.85,1.0,1.0,none,1.0,0.0,,,none,,0.24156872212101205,0.18513960933756626,0.18685043505931184,0.08641838604139584,0.011617367843805394,0.0071699619796112,0.0948244353534051,0.08031573478027977,0.05259691982591647,0.004804233331159089,0.0447632558104174,0.003930938516119569
structure_screen,s58|imb=none|w=1.0|delta=0.0|r=None|k=None,s58|imb=none|w=1.0|delta=0.0|r=None|k=None|cal=none|folds=None,58,9618,3,304,0.2942839689768985,0.08419885486364365,0.8594771241830065,0.1684054285287857,0.15,0.01840542852878571,3,0.01,1,0.5,1.0,0.85,1.0,1.0,none,1.0,0.0,,,none,,0.09836909904427645,0.16881874861454216,0.2053317989444298,0.046621451292563745,0.08671417260522128,0.02762221274088081,0.16908180192762043,0.0961639738300513,0.03806547315504156,0.03032641588785996,0.02433913007872921,0.00854572187878329
structure_screen,s58|imb=none|w=1.0|delta=0.0|r=None|k=None,s58|imb=none|w=1.0|delta=0.0|r=None|k=None|cal=none|folds=None,58,9618,4,57,0.41597964795417164,0.12850329279899597,0.74,0.1531219184398651,0.16666666666666666,-0.013544748226801545,3,0.01,1,0.5,1.0,0.85,1.0,1.0,none,1.0,0.0,,,none,,0.0576385090305466,0.22657201920458198,0.2801156831333963,0.003564405307862693,0.08040298997119101,0.008091299653590378,0.17656610566142514,0.016649452036644773,0.06328031833688066,0.0,0.08711921766388044,0.0
structure_screen,s58|imb=none|w=1.0|delta=0.0|r=None|k=None,s58|imb=none|w=1.0|delta=0.0|r=None|k=None|cal=none|folds=None,58,9618,5,296,0.3672821265127642,0.11618418246507645,0.8240000000000001,0.15014642477035522,0.16666666666666666,-0.016520241896311433,3,0.01,1,0.5,1.0,0.85,1.0,1.0,none,1.0,0.0,,,none,,0.07652051020322102,0.21855647259297858,0.20729646671040725,0.0883197813064347,0.08615034278085647,0.014161443609899056,0.11261690154334411,0.08071142573444103,0.007251102999669753,0.04791807115280956,0.054615455007198305,0.00588202635874015
structure_screen,s59|imb=none|w=1.0|delta=0.0|r=None|k=None,s59|imb=none|w=1.0|delta=0.0|r=None|k=None|cal=none|folds=None,59,9618,1,37,0.42628182921620167,0.1285048872232437,0.4727668845315904,0.15754446387290955,0.15,0.0075444638729095514,2,0.01,10,1.0,0.7,1.0,10.0,1.0,none,1.0,0.0,,,none,,0.016635214980689417,0.027619164218697617,0.0,0.0,0.03598166119302671,0.0,0.0,0.3429003940448922,0.0,0.576863565562694,0.0,0.0
structure_screen,s59|imb=none|w=1.0|delta=0.0|r=None|k=None,s59|imb=none|w=1.0|delta=0.0|r=None|k=None|cal=none|folds=None,59,9618,2,56,0.41632245862546097,0.12579694390296936,0.6742919389978214,0.16008004546165466,0.15,0.010080045461654669,2,0.01,10,1.0,0.7,1.0,10.0,1.0,none,1.0,0.0,,,none,,0.3717697811732252,0.01738976133673116,0.0,0.0,0.0,0.038271299751291205,0.0,0.2087215672965593,0.0,0.32559110636887867,0.0,0.03825648407331447
structure_screen,s59|imb=none|w=1.0|delta=0.0|r=None|k=None,s59|imb=none|w=1.0|delta=0.0|r=None|k=None|cal=none|folds=None,59,9618,3,172,0.39843847618517025,0.12092600017786026,0.7570806100217864,0.16158060729503632,0.15,0.011580607295036321,2,0.01,10,1.0,0.7,1.0,10.0,1.0,none,1.0,0.0,,,none,,0.172723979652056,0.01957769758374672,0.009392439608494481,0.0,0.0,0.01981832717655666,0.011085573786886448,0.34897562831504225,0.0,0.40271077629046986,0.0,0.0157155775867476
structure_screen,s59|imb=none|w=1.0|delta=0.0|r=None|k=None,s59|imb=none|w=1.0|delta=0.0|r=None|k=None|cal=none|folds=None,59,9618,4,90,0.43711230166334425,0.13537925481796265,0.748,0.15375381708145142,0.16666666666666666,-0.012912849585215241,2,0.01,10,1.0,0.7,1.0,10.0,1.0,none,1.0,0.0,,,none,,0.42358763889520423,0.025105661723183414,0.0,0.0,0.05905419556974643,0.006335834604182061,0.0,0.14992301725839277,0.0,0.22714919973323883,0.0,0.10884445221605227
structure_screen,s59|imb=none|w=1.0|delta=0.0|r=None|k=None,s59|imb=none|w=1.0|delta=0.0|r=None|k=None|cal=none|folds=None,59,9618,5,11,0.4489256007370713,0.13846401870250702,0.704,0.15465690195560455,0.16666666666666666,-0.012009764711062104,2,0.01,10,1.0,0.7,1.0,10.0,1.0,none,1.0,0.0,,,none,,0.18048099026131664,0.0,0.0,0.0,0.0,0.0,0.0,0.09295767759827214,0.0,0.6665007899137347,0.0,0.06006054222667645
