stage,complete_id,structure_id,cv_seed,fold,n_train,n_validation,positive_train,positive_validation,log_loss,brier_score,roc_auc,mean_probability,observed_prevalence,prevalence_bias,max_depth,min_samples_leaf,max_features,criterion,max_samples,strategy,sampling_ratio,k_neighbors,calibration,calibration_folds,mdi_GrLivArea,mdi_LotArea,mdi_OverallQual,mdi_OverallCond,mdi_YearBuilt,mdi_YearRemodAdd,mdi_TotalBsmtSF,mdi_GarageArea,mdi_BedroomAbvGr,mdi_Fireplaces,mdi_WoodDeckSF,mdi_OpenPorchSF
structure_screen,s0|none|r=None|k=None|cal=none|folds=None,0,9618,1,240,60,38,9,0.4407036856834431,0.13648625099621062,0.5686274509803921,0.13621592117794795,0.15,-0.013784078822052043,10,10,4,gini,1.0,none,,,none,,0.160961805257593,0.11260038528112686,0.1872292076760045,0.02572098403086066,0.07672188695105733,0.04034737560454777,0.08234376599871149,0.20044007721740809,0.019655549311119333,0.048721026569587385,0.012568617930589351,0.03268931817139408
structure_screen,s0|none|r=None|k=None|cal=none|folds=None,0,9618,2,240,60,38,9,0.35623062199598526,0.11076420822786841,0.8311546840958606,0.17001089508023437,0.15,0.020010895080234375,10,10,4,gini,1.0,none,,,none,,0.18033787663871462,0.0997294706288568,0.12844492240489094,0.03766870553925259,0.07921939020023078,0.05750730135211795,0.09303761870128195,0.14193855146414683,0.08061520064100157,0.02786247051143422,0.03641443530931481,0.0372240566087571
structure_screen,s0|none|r=None|k=None|cal=none|folds=None,0,9618,3,240,60,38,9,0.32309551760908745,0.09680589611731887,0.8616557734204793,0.16048742759909077,0.15,0.01048742759909077,10,10,4,gini,1.0,none,,,none,,0.13825466701716918,0.10891245900424322,0.13347473931170936,0.035337493099320424,0.0810685509469231,0.06915809656861886,0.11289893716481761,0.13752418446626133,0.062357194757869126,0.04085688026054469,0.03955646210138333,0.04060033530113982
structure_screen,s0|none|r=None|k=None|cal=none|folds=None,0,9618,4,240,60,37,10,0.38919770062992004,0.11724877198009338,0.752,0.15337004941818547,0.16666666666666666,-0.01329661724848119,10,10,4,gini,1.0,none,,,none,,0.15179777344941617,0.11851086291529066,0.1421292205526471,0.014383159922355782,0.11405708602757869,0.05512039742785862,0.08879225291165109,0.10688828864415499,0.079721169047563,0.016394873345865205,0.07226210449535149,0.03994281126026717
structure_screen,s0|none|r=None|k=None|cal=none|folds=None,0,9618,5,240,60,37,10,0.3627631860059764,0.11529291371988783,0.8360000000000001,0.16446044974612037,0.16666666666666666,-0.002206216920546289,10,10,4,gini,1.0,none,,,none,,0.1480690952167175,0.13006410919392933,0.1591418872704738,0.020245111576478382,0.08945098286557202,0.04425835462825197,0.1031564513656213,0.14507852455831044,0.03411645860654935,0.03496021829037812,0.054521436126346426,0.036937370301371585
structure_screen,s1|none|r=None|k=None|cal=none|folds=None,1,9618,1,240,60,38,9,0.4333482590166956,0.13445612318383252,0.5838779956427016,0.13235334058847367,0.15,-0.017646659411526322,4,5,3,log_loss,1.0,none,,,none,,0.15367590707728793,0.12536043544412415,0.1404276587899282,0.09897365927584911,0.0649847589942239,0.04037851047633087,0.07162890737987532,0.1448946910114831,0.029657587967772854,0.05015472550457511,0.016669660099602895,0.06319349797894655
structure_screen,s1|none|r=None|k=None|cal=none|folds=None,1,9618,2,240,60,38,9,0.36370489846044296,0.11359561825069604,0.8180827886710239,0.15360463420130227,0.15,0.003604634201302276,4,5,3,log_loss,1.0,none,,,none,,0.15724310897119784,0.1738157472294493,0.11184326038550556,0.09686534388631057,0.05974869343957453,0.04456793039491228,0.07670280066078132,0.09270017690044381,0.07123353435896519,0.029342460448515652,0.04503339969716749,0.04090354362717654
structure_screen,s1|none|r=None|k=None|cal=none|folds=None,1,9618,3,240,60,38,9,0.31801002269116146,0.09455830350110123,0.8638344226579521,0.16414771135193343,0.15,0.014147711351933434,4,5,3,log_loss,1.0,none,,,none,,0.14913374763548196,0.16046821796761634,0.10965204215185174,0.06286126118154202,0.06398558291315988,0.05493991239500743,0.09386022722352227,0.10097833764264247,0.07015634593210036,0.04039573364185104,0.042844324692704334,0.05072426662252
structure_screen,s1|none|r=None|k=None|cal=none|folds=None,1,9618,4,240,60,37,10,0.37097032457395035,0.11264754213361154,0.764,0.15436315125097913,0.16666666666666666,-0.012303515415687527,4,5,3,log_loss,1.0,none,,,none,,0.16284868876261518,0.15332110077208178,0.11455593020767299,0.0426299755672427,0.1007289043868765,0.05547397865057103,0.07755394658178066,0.10054901722712044,0.06461776373694746,0.02129316418829332,0.05550203044245971,0.05092549947633805
structure_screen,s1|none|r=None|k=None|cal=none|folds=None,1,9618,5,240,60,37,10,0.3556223872220519,0.11191583844098134,0.856,0.16259302886308025,0.16666666666666666,-0.004073637803586411,4,5,3,log_loss,1.0,none,,,none,,0.14610660600693268,0.16200455865522448,0.11699735764614747,0.0866766642732521,0.0757673414181757,0.0531728745246545,0.08159749630154335,0.1137547942821195,0.0421591728308116,0.038441974484605373,0.041084305040123816,0.04223685453640932
structure_screen,s2|none|r=None|k=None|cal=none|folds=None,2,9618,1,240,60,38,9,0.44101562428752794,0.1365008745130571,0.5599128540305011,0.13297722476937426,0.15,-0.01702277523062573,6,5,4,gini,0.7,none,,,none,,0.14189088097074906,0.11248249929814422,0.1464198987565648,0.0741047446387201,0.08246945300602473,0.06220926740006258,0.10456996816707921,0.16380164062033234,0.020210177182961715,0.040189425317362644,0.02124356632665058,0.03040847831534794
structure_screen,s2|none|r=None|k=None|cal=none|folds=None,2,9618,2,240,60,38,9,0.3549825276609932,0.11000074611880986,0.8333333333333334,0.1681206156436698,0.15,0.01812061564366982,6,5,4,gini,0.7,none,,,none,,0.1502559796621769,0.10497335591202359,0.11605353907540202,0.07448112641161835,0.08409615917002267,0.06352170752630305,0.09777046245174,0.12399718724527561,0.07424630975485418,0.028098511401738125,0.04124107820163022,0.04126458318721504
structure_screen,s2|none|r=None|k=None|cal=none|folds=None,2,9618,3,240,60,38,9,0.3159184347064265,0.09261282975658514,0.8572984749455337,0.16509544925974598,0.15,0.015095449259745986,6,5,4,gini,0.7,none,,,none,,0.12450737780753278,0.11294579311058689,0.10525780867217659,0.045896410966635354,0.08703578528247126,0.08700392830902871,0.10874108895738498,0.1284228314358828,0.07515726076133605,0.02812098839579869,0.0470985597056651,0.049812166595500924
structure_screen,s2|none|r=None|k=None|cal=none|folds=None,2,9618,4,240,60,37,10,0.38950662542921105,0.11430676670563443,0.752,0.15537461621781154,0.16666666666666666,-0.011292050448855118,6,5,4,gini,0.7,none,,,none,,0.14919836150181678,0.11717498462623975,0.12295207464844038,0.03777836674458377,0.10934692170876789,0.06650354010323938,0.09160238035735083,0.10785818153276804,0.061473462279580435,0.01927164026773912,0.0695099550686139,0.04733013116085971
structure_screen,s2|none|r=None|k=None|cal=none|folds=None,2,9618,5,240,60,37,10,0.35447384956079697,0.1116067773607863,0.836,0.16871711419403035,0.16666666666666666,0.0020504475273636913,6,5,4,gini,0.7,none,,,none,,0.1418677405747332,0.11801866786869687,0.12056867986925036,0.0674323366388803,0.0868672901190545,0.06354139401981686,0.09994949770603676,0.13042041365185605,0.04027876937628044,0.03302346630393247,0.051931151330838914,0.04610059254062321
structure_screen,s3|none|r=None|k=None|cal=none|folds=None,3,9618,1,240,60,38,9,0.42864145389099856,0.13380578083744382,0.6122004357298475,0.1258018390324273,0.15,-0.024198160967572685,10,5,4,log_loss,0.7,none,,,none,,0.15258674371450717,0.14083070908014975,0.11758323403166748,0.0615989520767794,0.07739656482509522,0.060076103075609934,0.09017918342211412,0.15147219825953304,0.02303035532707805,0.049504722736015964,0.02409374885461571,0.05164748459683424
structure_screen,s3|none|r=None|k=None|cal=none|folds=None,3,9618,2,240,60,38,9,0.34810251535945114,0.10898141883084139,0.8442265795206972,0.16893984402651588,0.15,0.018939844026515884,10,5,4,log_loss,0.7,none,,,none,,0.15363042501707092,0.1580447135253428,0.09339297456491201,0.06886380956527033,0.07236944654790617,0.05841397293564198,0.09694299920044742,0.11013036403028383,0.055182201147877794,0.03206183321908464,0.05106694587571539,0.04990031437044675
structure_screen,s3|none|r=None|k=None|cal=none|folds=None,3,9618,3,240,60,38,9,0.3065419450638163,0.09001811806331254,0.8594771241830066,0.1664136954929602,0.15,0.016413695492960206,10,5,4,log_loss,0.7,none,,,none,,0.14255878322956536,0.147256644629341,0.08761211197402564,0.04621062348437708,0.0877514724665392,0.07856951212490389,0.10733806073263252,0.11619315696740433,0.049224291464697416,0.03409323539345287,0.050654451974189746,0.05253765555887094
structure_screen,s3|none|r=None|k=None|cal=none|folds=None,3,9618,4,240,60,37,10,0.38113848539764855,0.11377519769973347,0.768,0.15664840531934207,0.16666666666666666,-0.010018261347324586,10,5,4,log_loss,0.7,none,,,none,,0.15057574526093023,0.16115386887665026,0.10239067694825793,0.03346783208642411,0.09944572675735737,0.06276623265220065,0.09885643399816105,0.1013924139748464,0.05302892756434841,0.01953460683697385,0.06836960323134544,0.049017931812504335
structure_screen,s3|none|r=None|k=None|cal=none|folds=None,3,9618,5,240,60,37,10,0.3456371878408637,0.10937761096794944,0.838,0.16504326566121072,0.16666666666666666,-0.0016234010054559378,10,5,4,log_loss,0.7,none,,,none,,0.14167805457550744,0.16599999212862457,0.10009543819742131,0.050596301347192826,0.07975119992156919,0.06521796729310154,0.1071514877674132,0.11789298811138109,0.032821318705806214,0.03691694987930522,0.0553426088370597,0.04653569323561795
structure_screen,s4|none|r=None|k=None|cal=none|folds=None,4,9618,1,240,60,38,9,0.4325624832931236,0.1343149991877691,0.5751633986928104,0.13345262691800236,0.15,-0.016547373081997635,8,5,3,gini,0.7,none,,,none,,0.13060291302573057,0.10964159398940189,0.13832338150496867,0.07322661253704572,0.09756695619714022,0.06644077010858974,0.0953645330187934,0.15879537767977053,0.022540501151539025,0.038582117421049035,0.026329628539334134,0.04258561482663702
structure_screen,s4|none|r=None|k=None|cal=none|folds=None,4,9618,2,240,60,38,9,0.3596639614291105,0.11174206946575964,0.8246187363834423,0.16734042678606684,0.15,0.017340426786066843,8,5,3,gini,0.7,none,,,none,,0.14113875894780814,0.10826325607389177,0.11686278593394014,0.06955172454905781,0.09508438539197876,0.06742445621178357,0.09871058277966493,0.12478581843392836,0.06075231178713338,0.029184354134797225,0.047502455121605995,0.04073911063440991
structure_screen,s4|none|r=None|k=None|cal=none|folds=None,4,9618,3,240,60,38,9,0.31715055198377035,0.09279999861418346,0.8464052287581698,0.16436761084679483,0.15,0.014367610846794832,8,5,3,gini,0.7,none,,,none,,0.13483213719905857,0.10632234808223667,0.11273196736988995,0.04568313616267705,0.08806766951844149,0.07131418392921995,0.10654439038140379,0.1278997716120394,0.072636242823314,0.031266705135532785,0.050103330319369296,0.05259811746681706
structure_screen,s4|none|r=None|k=None|cal=none|folds=None,4,9618,4,240,60,37,10,0.3847175747978428,0.11472696891456106,0.752,0.15476482863688057,0.16666666666666666,-0.011901838029786088,8,5,3,gini,0.7,none,,,none,,0.13879346302405562,0.11011406317905889,0.10998858432344648,0.0386434094024211,0.10815584168443099,0.06950457635358809,0.09463500703553633,0.11718043205127872,0.0664876797009156,0.025201601750589327,0.07090413357578568,0.050391207918893295
structure_screen,s4|none|r=None|k=None|cal=none|folds=None,4,9618,5,240,60,37,10,0.3580893429676516,0.11297401541963918,0.83,0.16721315777962245,0.16666666666666666,0.0005464911129557937,8,5,3,gini,0.7,none,,,none,,0.14012236054366417,0.12084010310985191,0.11429608781544441,0.0669439681925348,0.08367807138951626,0.05821642304065637,0.09627326559396344,0.13513375830981672,0.04841527391620815,0.03588559016914394,0.05063878309881377,0.04955631482038611
structure_screen,s5|none|r=None|k=None|cal=none|folds=None,5,9618,1,240,60,38,9,0.41613113249202827,0.13084940235696887,0.6122004357298475,0.13642797895200307,0.15,-0.01357202104799693,4,15,4,log_loss,1.0,none,,,none,,0.19299251315150767,0.1457357478750127,0.1506637776259597,0.031395374787699715,0.056388913834397945,0.026572387114008666,0.051562703722894385,0.1911104179100956,0.015456755791887905,0.06935082883626732,0.012884868137532994,0.05588571121273547
structure_screen,s5|none|r=None|k=None|cal=none|folds=None,5,9618,2,240,60,38,9,0.3651446938002985,0.11409228907222187,0.7810457516339869,0.16157629441974913,0.15,0.011576294419749139,4,15,4,log_loss,1.0,none,,,none,,0.202870188169875,0.18458334780843894,0.08494283754738818,0.05452117384856563,0.056905541571068,0.0421948569071805,0.07343948740018538,0.10344268743638249,0.0799806751422698,0.03162499292612471,0.04153742433153312,0.043956786910988296
structure_screen,s5|none|r=None|k=None|cal=none|folds=None,5,9618,3,240,60,38,9,0.3319498022087162,0.10142483999978154,0.8572984749455338,0.16085122641020402,0.15,0.010851226410204029,4,15,4,log_loss,1.0,none,,,none,,0.17361727032231145,0.1671372166802158,0.10180149410097145,0.047613816255341626,0.05597345127662552,0.05617724338558483,0.09480197844582787,0.11543000104961544,0.05628666352769762,0.055368265658432385,0.031184888224327183,0.044607711073048895
structure_screen,s5|none|r=None|k=None|cal=none|folds=None,5,9618,4,240,60,37,10,0.3885071937266626,0.11975522671852526,0.764,0.15037290420008748,0.16666666666666666,-0.01629376246657918,4,15,4,log_loss,1.0,none,,,none,,0.17479393911394112,0.1798419287739306,0.12227138357135615,0.02018152739861866,0.09745766924846026,0.038868322963889285,0.08102972083404796,0.0838073938803994,0.07995048476153559,0.02311769835770939,0.04806296029795828,0.05061697079815326
structure_screen,s5|none|r=None|k=None|cal=none|folds=None,5,9618,5,240,60,37,10,0.364136120468946,0.11562349924031166,0.8400000000000001,0.1636604013765323,0.16666666666666666,-0.003006265290134369,4,15,4,log_loss,1.0,none,,,none,,0.17878493188357045,0.18456732035916343,0.1397162266104631,0.027872730186881547,0.06308764328242428,0.04327734575473571,0.09032559058183252,0.11486273646534854,0.033996178921972375,0.04206777209969139,0.04134514197494156,0.04009638187897511
structure_screen,s6|none|r=None|k=None|cal=none|folds=None,6,9618,1,240,60,38,9,0.4390526810160053,0.13536126736359796,0.6274509803921569,0.12147087481033057,0.15,-0.02852912518966942,10,2,3,log_loss,1.0,none,,,none,,0.13758127407941037,0.13056957817251533,0.10614456785775163,0.0809450035456245,0.08985497050766289,0.06894810338144754,0.10383811009081395,0.12257577545233056,0.027925502707229457,0.037646487222794955,0.03651710417113503,0.0574535228112836
structure_screen,s6|none|r=None|k=None|cal=none|folds=None,6,9618,2,240,60,38,9,0.35002222701539104,0.11196968973965876,0.8202614379084967,0.1605285257403822,0.15,0.01052852574038221,10,2,3,log_loss,1.0,none,,,none,,0.13811439165405012,0.14551760145198356,0.08985779826652429,0.07473057905719607,0.08562747303574987,0.0628580651722782,0.09894130615237981,0.09888611094139624,0.05317371805477243,0.025245307157461868,0.060938815385808184,0.06610883367039952
structure_screen,s6|none|r=None|k=None|cal=none|folds=None,6,9618,3,240,60,38,9,0.29337222577263466,0.0870464365239456,0.8681917211328977,0.17511381962180309,0.15,0.02511381962180309,10,2,3,log_loss,1.0,none,,,none,,0.13253138050125463,0.13108131526452924,0.10491613487311487,0.057254053321441865,0.08234460651089137,0.0785638995280645,0.11306125047841113,0.10531886627970982,0.05077195279567123,0.029106492991130613,0.05411855220328782,0.06093149525249267
structure_screen,s6|none|r=None|k=None|cal=none|folds=None,6,9618,4,240,60,37,10,0.3832187556892966,0.11338473810329514,0.744,0.16214812714546,0.16666666666666666,-0.004518539521206649,10,2,3,log_loss,1.0,none,,,none,,0.14352940087673616,0.13357129041783614,0.09453192736917822,0.04322300625163053,0.11377020548882354,0.06769488685061371,0.10535732700765371,0.10121776524080207,0.045664689579832336,0.021420021594207164,0.07101945132915884,0.05900002799352756
structure_screen,s6|none|r=None|k=None|cal=none|folds=None,6,9618,5,240,60,37,10,0.34198969128684914,0.10782124823110124,0.836,0.16978999385646143,0.16666666666666666,0.0031233271897947723,10,2,3,log_loss,1.0,none,,,none,,0.12697913434790695,0.1413594337071643,0.08696710904789323,0.07283514873540742,0.09306727124005078,0.0666919748390433,0.10399498582768905,0.1070234382443529,0.03869281877879973,0.03412702332880505,0.05951776287948756,0.06874389902339964
structure_screen,s7|none|r=None|k=None|cal=none|folds=None,7,9618,1,240,60,38,9,0.4149409422821444,0.1308991058011546,0.6383442265795207,0.13398775143541233,0.15,-0.01601224856458766,6,10,4,log_loss,1.0,none,,,none,,0.1654905007543295,0.1457182597408133,0.14447448763136098,0.034446918959969056,0.06528699742894284,0.04120818534265012,0.07887203898530744,0.17237809700717832,0.016367054055504655,0.0641464638503742,0.015508691931913612,0.05610230431165612
structure_screen,s7|none|r=None|k=None|cal=none|folds=None,7,9618,2,240,60,38,9,0.35344075642597483,0.11073496269458148,0.8115468409586056,0.165354634293191,0.15,0.015354634293191005,6,10,4,log_loss,1.0,none,,,none,,0.18057627077074065,0.1711759296030346,0.08762944520595517,0.05709425983033272,0.06646660442364466,0.05083840217917735,0.08951614869667791,0.11393251676243635,0.06298941412770011,0.029560742807210275,0.04333417028698944,0.04688609530610087
structure_screen,s7|none|r=None|k=None|cal=none|folds=None,7,9618,3,240,60,38,9,0.31784477417657264,0.09583173614684701,0.855119825708061,0.16161848167850762,0.15,0.011618481678507625,6,10,4,log_loss,1.0,none,,,none,,0.1641127145778391,0.15662723774100698,0.09997977718875688,0.04650266244515727,0.0726451797870908,0.07058367347765229,0.09947703714100979,0.1156809793414909,0.04723895571102785,0.048401105546048914,0.03574568985619821,0.043004987186720925
structure_screen,s7|none|r=None|k=None|cal=none|folds=None,7,9618,4,240,60,37,10,0.38198044079635096,0.11587640192227372,0.776,0.15311473331410216,0.16666666666666666,-0.013551933352564494,6,10,4,log_loss,1.0,none,,,none,,0.16019649226424773,0.16995952030651792,0.11903514067032912,0.020685657348562824,0.09944957422110992,0.04734142524460198,0.09626782217104934,0.10359059005916663,0.06270008834890374,0.017765802599686135,0.059120653903170735,0.04388723286265392
structure_screen,s7|none|r=None|k=None|cal=none|folds=None,7,9618,5,240,60,37,10,0.35328511068999385,0.11235713038981435,0.832,0.165276692572307,0.16666666666666666,-0.0013899740943596472,6,10,4,log_loss,1.0,none,,,none,,0.16825446347109954,0.17568066570681234,0.12308410111959678,0.027371159585686897,0.07702083670116613,0.05152465199581581,0.10304224230942911,0.12132107088049202,0.02634461939421472,0.03808707176342059,0.046512577172816136,0.041756539899449885
structure_screen,s8|none|r=None|k=None|cal=none|folds=None,8,9618,1,240,60,38,9,0.43207509751436607,0.13417819851654855,0.5708061002178649,0.1374084450074266,0.15,-0.01259155499257339,12,10,4,gini,0.7,none,,,none,,0.16261999024500348,0.10380519113299407,0.16049394451894083,0.025874185755980342,0.08242512411344768,0.055301321718437615,0.07310627654925804,0.21563866918130936,0.02488473702306148,0.04895288337235129,0.014511742949265615,0.03238593343995025
structure_screen,s8|none|r=None|k=None|cal=none|folds=None,8,9618,2,240,60,38,9,0.36273065456197845,0.11238400664713183,0.8093681917211328,0.16926651646391752,0.15,0.019266516463917527,12,10,4,gini,0.7,none,,,none,,0.18018354982868873,0.10414277609950491,0.1188261438970376,0.03225471760096042,0.08527378834444407,0.06389071969038475,0.09441703736640171,0.1345134397186474,0.08486531156990759,0.03030789322411049,0.03272097540577457,0.03860364725413767
structure_screen,s8|none|r=None|k=None|cal=none|folds=None,8,9618,3,240,60,38,9,0.33027466874003436,0.09927956399920539,0.8572984749455338,0.16114043612865023,0.15,0.011140436128650233,12,10,4,gini,0.7,none,,,none,,0.13381197329787628,0.10507707126847822,0.13241894677103955,0.029390889627264636,0.07260201681558803,0.0692913471719891,0.10890197576408152,0.1435023748560242,0.06731913541597694,0.04392351211210726,0.04926211629746577,0.044498640602108494
structure_screen,s8|none|r=None|k=None|cal=none|folds=None,8,9618,4,240,60,37,10,0.39499762494134316,0.11937868820709073,0.744,0.15194310482657217,0.16666666666666666,-0.01472356184009449,12,10,4,gini,0.7,none,,,none,,0.1474226479224387,0.12189650663466647,0.14447077633154887,0.015396504652120814,0.10593511370274915,0.05610222559986064,0.07952787097020086,0.11887929563334274,0.08215865486803292,0.01988061421958342,0.06685610662403385,0.041473682841421604
structure_screen,s8|none|r=None|k=None|cal=none|folds=None,8,9618,5,240,60,37,10,0.3661015261418456,0.11573850320361573,0.8340000000000001,0.16605051028184498,0.16666666666666666,-0.0006161563848216811,12,10,4,gini,0.7,none,,,none,,0.16294997963454544,0.12674620839859113,0.16315580575550678,0.020183634931430716,0.08967863533014352,0.04966121573421903,0.09584185113120328,0.12956802298628833,0.04466316313277156,0.035425230073136124,0.038319903324535366,0.04380634956762881
structure_screen,s9|none|r=None|k=None|cal=none|folds=None,9,9618,1,240,60,38,9,0.4608022216430455,0.1378939489331427,0.5577342047930283,0.1241506635741886,0.15,-0.0258493364258114,10,1,3,gini,1.0,none,,,none,,0.1350105916666347,0.11844660712784515,0.11065092289271904,0.08493653570938092,0.115712406406165,0.06477059656969528,0.10825588131482439,0.11581105578607896,0.027553591003380947,0.02763022967670978,0.04399982646489845,0.04722175538166738
structure_screen,s9|none|r=None|k=None|cal=none|folds=None,9,9618,2,240,60,38,9,0.3486487644894523,0.11127930369596593,0.8180827886710239,0.16305090755175838,0.15,0.01305090755175839,10,1,3,gini,1.0,none,,,none,,0.13112896832102064,0.11083892044615878,0.09752863498988147,0.07461791383584253,0.10001450998448069,0.06267281426167053,0.10663426333291613,0.10711661193745307,0.0540847616567278,0.024710898168743514,0.057690769835513,0.07296093322959174
structure_screen,s9|none|r=None|k=None|cal=none|folds=None,9,9618,3,240,60,38,9,0.30388669393859025,0.08938034635337917,0.8376906318082789,0.1835959866252834,0.15,0.0335959866252834,10,1,3,gini,1.0,none,,,none,,0.1236251136042505,0.10804925573449235,0.11129695580472475,0.05552576540322041,0.09059245735315923,0.08140314084340382,0.11433434878276573,0.10928608819683262,0.060502567489331624,0.023873689383187072,0.05338190334365246,0.06812871406097956
structure_screen,s9|none|r=None|k=None|cal=none|folds=None,9,9618,4,240,60,37,10,0.4148406287677941,0.12046907216497796,0.7060000000000001,0.1688909093661904,0.16666666666666666,0.002224242699523732,10,1,3,gini,1.0,none,,,none,,0.13682834307120897,0.11271840192356791,0.099189843154757,0.05065682888180736,0.11651710291165544,0.06724825030892143,0.10015587385206752,0.10338052804012372,0.05346190152237884,0.02187090335351334,0.06941521523195032,0.06855680774804798
structure_screen,s9|none|r=None|k=None|cal=none|folds=None,9,9618,5,240,60,37,10,0.3735882226631781,0.11642441019744666,0.7619999999999999,0.18319805696324845,0.16666666666666666,0.016531390296581794,10,1,3,gini,1.0,none,,,none,,0.12225612665822372,0.11165703697883164,0.08840952470704856,0.07546986862870779,0.10285434977460112,0.06292148011187336,0.1045235228978372,0.11411870732662191,0.05073977057059826,0.030572967811277052,0.05523925471680614,0.08123738981757334
structure_screen,s10|none|r=None|k=None|cal=none|folds=None,10,9618,1,240,60,38,9,0.4332073864827269,0.13530090904051842,0.6187363834422658,0.1272311087572629,0.15,-0.022768891242737094,8,5,3,log_loss,1.0,none,,,none,,0.14436567259653438,0.13254485488357978,0.12302987752002381,0.07704198521858308,0.07581209512983803,0.05942880790305476,0.09514435641410814,0.1380511926875955,0.02619426283484723,0.04418706127957725,0.023321860923897767,0.060877972608360205
structure_screen,s10|none|r=None|k=None|cal=none|folds=None,10,9618,2,240,60,38,9,0.35331840874893017,0.11128880883258674,0.8115468409586057,0.16197892809639158,0.15,0.011978928096391589,8,5,3,log_loss,1.0,none,,,none,,0.14650861558897543,0.16233741642836852,0.09209377032290893,0.07739278068069164,0.07441741230201589,0.059438471152735435,0.09861292526904598,0.10356522058625464,0.05450936008824492,0.025423062998132014,0.05624117066114448,0.04945979392148203
structure_screen,s10|none|r=None|k=None|cal=none|folds=None,10,9618,3,240,60,38,9,0.30567134157921705,0.09038716596344377,0.8616557734204793,0.16645332229596732,0.15,0.016453322295967326,8,5,3,log_loss,1.0,none,,,none,,0.1410579486168735,0.14746093594439635,0.09338834369467333,0.05450736256066188,0.08272009760150938,0.0686452077800245,0.10969665240903874,0.11357793992285777,0.0543225947086817,0.037909944858168766,0.04746575287620461,0.04924721902690931
structure_screen,s10|none|r=None|k=None|cal=none|folds=None,10,9618,4,240,60,37,10,0.37798462229795327,0.11320116483015195,0.764,0.15664217847484066,0.16666666666666666,-0.010024488191825998,8,5,3,log_loss,1.0,none,,,none,,0.15106293873872761,0.1437336389388542,0.10253945753355552,0.038670842157307254,0.10436209899810124,0.061501722317746844,0.09691147515043914,0.10003895305289974,0.05574766759575072,0.024419962862062165,0.06476203604797721,0.05624920660657836
structure_screen,s10|none|r=None|k=None|cal=none|folds=None,10,9618,5,240,60,37,10,0.3456256313418865,0.10943803753963223,0.84,0.16500019291230103,0.16666666666666666,-0.0016664737543656272,8,5,3,log_loss,1.0,none,,,none,,0.137319185992845,0.1627096132231024,0.09363563572528522,0.06558478704935836,0.08494262606729182,0.06336470098855364,0.10271025100830761,0.11506341396718296,0.03454854535846964,0.03547901681727597,0.056972076226399694,0.0476701475759277
structure_screen,s11|none|r=None|k=None|cal=none|folds=None,11,9618,1,240,60,38,9,0.4368818241001758,0.13520038160894912,0.6296296296296295,0.12271134669716126,0.15,-0.027288653302838736,12,5,6,log_loss,1.0,none,,,none,,0.16585396519153742,0.15087472479792585,0.13118165007650964,0.0711174793415391,0.06698088319633229,0.054739438354431166,0.10235649272732372,0.13270729048516827,0.013611158387355252,0.038379753383013,0.024710816779403337,0.04748634727946101
structure_screen,s11|none|r=None|k=None|cal=none|folds=None,11,9618,2,240,60,38,9,0.34680036454541,0.11044967130241973,0.7962962962962963,0.1642068384293339,0.15,0.014206838429333901,12,5,6,log_loss,1.0,none,,,none,,0.16035927650155668,0.17835291525570893,0.10212925716200694,0.07463464751876958,0.06414618875999087,0.05014904955920257,0.10672327144893917,0.10515579190171406,0.045805477973430084,0.01928511398481933,0.055128739890353294,0.03813027004350856
structure_screen,s11|none|r=None|k=None|cal=none|folds=None,11,9618,3,240,60,38,9,0.30001263085566454,0.0889381345537366,0.8616557734204793,0.1687872449480344,0.15,0.01878724494803441,12,5,6,log_loss,1.0,none,,,none,,0.1480000187809949,0.17229629273378522,0.093310267308402,0.048863835813239914,0.07505631882142938,0.07599349034414533,0.11613601012299096,0.11107310222840389,0.04781973807495095,0.030127424120443457,0.04075360919986151,0.04056989245135253
structure_screen,s11|none|r=None|k=None|cal=none|folds=None,11,9618,4,240,60,37,10,0.39383406396123466,0.11479528526211165,0.746,0.1614642203287482,0.16666666666666666,-0.0052024463379184704,12,5,6,log_loss,1.0,none,,,none,,0.15255236432832572,0.1656045477501567,0.10213911212154393,0.037960388961308225,0.10604899548804629,0.05540261799340549,0.10547413390472975,0.10282733399682618,0.04506934586888092,0.01645537943636806,0.07076966691575254,0.039696113234656064
structure_screen,s11|none|r=None|k=None|cal=none|folds=None,11,9618,5,240,60,37,10,0.34191086760097417,0.10846323942466136,0.8280000000000001,0.16868745039234356,0.16666666666666666,0.0020207837256769057,12,5,6,log_loss,1.0,none,,,none,,0.14110050853326825,0.1766098863429964,0.1005938238034823,0.06216437578580835,0.07334401937728278,0.056603766947951585,0.11138359119214516,0.12129308437857028,0.026211087697926693,0.0306595911182386,0.059536933408299526,0.040499331414030004
structure_screen,s12|none|r=None|k=None|cal=none|folds=None,12,9618,1,240,60,38,9,0.4465517960131737,0.1356687987087917,0.5206971677559913,0.13201936414449933,0.15,-0.017980635855500665,3,5,4,gini,1.0,none,,,none,,0.13112567770267963,0.10119111908828639,0.20756429975245588,0.13561575395644515,0.07322338307884856,0.03376639371678723,0.05548293422402635,0.16315407979651883,0.017749060653263538,0.04444152183948616,0.010659650188651103,0.026026126002551307
structure_screen,s12|none|r=None|k=None|cal=none|folds=None,12,9618,2,240,60,38,9,0.3697991346896637,0.11460987571389677,0.8050108932461874,0.15204978904336833,0.15,0.002049789043368333,3,5,4,gini,1.0,none,,,none,,0.14897486911749097,0.08582281995232521,0.16953192566152325,0.14474245164928026,0.06711251846494992,0.03600021664502733,0.05151073903497936,0.11103712362936624,0.09706926805582197,0.02644641097057945,0.031346622741082714,0.030405034077573476
structure_screen,s12|none|r=None|k=None|cal=none|folds=None,12,9618,3,240,60,38,9,0.32388457319193514,0.09514921401029793,0.8529411764705882,0.16605250891141984,0.15,0.01605250891141985,3,5,4,gini,1.0,none,,,none,,0.12830326427220867,0.11066715073339178,0.14441392110518658,0.0734907175213447,0.07378421284729045,0.06991385407145097,0.088658238611829,0.10832193519880032,0.10991279855626657,0.03603536932506106,0.02384642426897788,0.032652113488192074
structure_screen,s12|none|r=None|k=None|cal=none|folds=None,12,9618,4,240,60,37,10,0.3855899445580083,0.11516658100642965,0.7180000000000001,0.15208836454763464,0.16666666666666666,-0.014578302119032022,3,5,4,gini,1.0,none,,,none,,0.16062547807113575,0.12251203056290065,0.15328863310859875,0.05567659656225961,0.10290525182038009,0.049933594095263364,0.05698978845361603,0.09875027439009885,0.08989497221908911,0.018528380303892995,0.05129815349421402,0.03959684691855085
structure_screen,s12|none|r=None|k=None|cal=none|folds=None,12,9618,5,240,60,37,10,0.3734353415604176,0.11588465448222494,0.8140000000000001,0.16257798758641742,0.16666666666666666,-0.004088679080249236,3,5,4,gini,1.0,none,,,none,,0.14065351692620895,0.10410048484794926,0.15840182337553885,0.138150038378436,0.08472299583243072,0.03404640718272156,0.06688193507778666,0.11805857601129488,0.057757168796873044,0.034680918782243386,0.030157348246872825,0.03238878654164399
structure_screen,s13|none|r=None|k=None|cal=none|folds=None,13,9618,1,240,60,38,9,0.43207509751436607,0.13417819851654855,0.5708061002178649,0.1374084450074266,0.15,-0.01259155499257339,8,10,4,gini,0.7,none,,,none,,0.16261999024500348,0.10380519113299407,0.16049394451894083,0.025874185755980342,0.08242512411344768,0.055301321718437615,0.07310627654925804,0.21563866918130936,0.02488473702306148,0.04895288337235129,0.014511742949265615,0.03238593343995025
structure_screen,s13|none|r=None|k=None|cal=none|folds=None,13,9618,2,240,60,38,9,0.3627306545619785,0.11238400664713183,0.8093681917211328,0.16926651646391752,0.15,0.019266516463917527,8,10,4,gini,0.7,none,,,none,,0.18018354982868873,0.10414277609950491,0.1188261438970376,0.03225471760096042,0.08527378834444407,0.06389071969038475,0.09441703736640171,0.1345134397186474,0.08486531156990759,0.03030789322411049,0.03272097540577457,0.03860364725413767
structure_screen,s13|none|r=None|k=None|cal=none|folds=None,13,9618,3,240,60,38,9,0.33027466874003436,0.09927956399920539,0.8572984749455338,0.16114043612865023,0.15,0.011140436128650233,8,10,4,gini,0.7,none,,,none,,0.13381197329787628,0.10507707126847822,0.13241894677103955,0.029390889627264636,0.07260201681558803,0.0692913471719891,0.10890197576408152,0.1435023748560242,0.06731913541597694,0.04392351211210726,0.04926211629746577,0.044498640602108494
structure_screen,s13|none|r=None|k=None|cal=none|folds=None,13,9618,4,240,60,37,10,0.39499762494134316,0.11937868820709072,0.744,0.15194310482657217,0.16666666666666666,-0.01472356184009449,8,10,4,gini,0.7,none,,,none,,0.1474226479224387,0.12189650663466647,0.14447077633154887,0.015396504652120814,0.10593511370274915,0.05610222559986064,0.07952787097020086,0.11887929563334274,0.08215865486803292,0.01988061421958342,0.06685610662403385,0.041473682841421604
structure_screen,s13|none|r=None|k=None|cal=none|folds=None,13,9618,5,240,60,37,10,0.3661015261418457,0.11573850320361573,0.8340000000000001,0.16605051028184498,0.16666666666666666,-0.0006161563848216811,8,10,4,gini,0.7,none,,,none,,0.16294997963454544,0.12674620839859113,0.16315580575550678,0.020183634931430716,0.08967863533014352,0.04966121573421903,0.09584185113120328,0.12956802298628833,0.04466316313277156,0.035425230073136124,0.038319903324535366,0.04380634956762881
structure_screen,s14|none|r=None|k=None|cal=none|folds=None,14,9618,1,240,60,38,9,0.41505059231403135,0.1309816194519506,0.6405228758169935,0.13356263440550842,0.15,-0.016437365594491576,12,10,4,log_loss,1.0,none,,,none,,0.1647233224650076,0.14724918162799927,0.14248091201539761,0.033999762994627196,0.06618043611014494,0.04153301583562978,0.08005170829650503,0.1713317410228992,0.016297512879425227,0.06459227049584654,0.016408555217493792,0.05515158103902398
structure_screen,s14|none|r=None|k=None|cal=none|folds=None,14,9618,2,240,60,38,9,0.35340057079418113,0.11074285732728725,0.8159041394335511,0.16600600695751205,0.15,0.01600600695751206,12,10,4,log_loss,1.0,none,,,none,,0.17937892118875404,0.16864890781272385,0.08564386107886075,0.05625913041217117,0.06749395622299116,0.05244715990314658,0.09130384330583884,0.11544003179022051,0.061652685445468314,0.03014753167150958,0.043292217780535804,0.04829175338777949
structure_screen,s14|none|r=None|k=None|cal=none|folds=None,14,9618,3,240,60,38,9,0.31735998430163803,0.09568962384811755,0.8507625272331154,0.161857607451625,0.15,0.011857607451625007,12,10,4,log_loss,1.0,none,,,none,,0.16416448987592633,0.15644116744397538,0.09958132204150047,0.04534626742602964,0.07260804442675012,0.06916844965523576,0.10094527856456759,0.11675446162222566,0.04671626544126125,0.04839523873947938,0.03688588920415373,0.042993125558894785
structure_screen,s14|none|r=None|k=None|cal=none|folds=None,14,9618,4,240,60,37,10,0.3829870286968829,0.11593667034456792,0.77,0.15351168722428177,0.16666666666666666,-0.01315497944238489,12,10,4,log_loss,1.0,none,,,none,,0.15996079558968837,0.16855681999603586,0.1190342081430765,0.02033444926461496,0.09959112388293435,0.048254647870093904,0.0972051454288175,0.1025522634210297,0.06229573535128527,0.01898192540348211,0.05947495735692135,0.043757928292020215
structure_screen,s14|none|r=None|k=None|cal=none|folds=None,14,9618,5,240,60,37,10,0.3529103199974841,0.1122828314758639,0.834,0.16540376192176895,0.16666666666666666,-0.0012629047448977082,12,10,4,log_loss,1.0,none,,,none,,0.16711326433047036,0.17572804820019947,0.12134349524323518,0.027344771326297614,0.07822248788753329,0.05193282234021209,0.10335248729121967,0.12045832091772617,0.026308729928561654,0.03852341136277658,0.04676110868090155,0.04291105249086641
structure_screen,s15|none|r=None|k=None|cal=none|folds=None,15,9618,1,240,60,38,9,0.4340792882860561,0.1337185530262334,0.5555555555555556,0.13863702154148186,0.15,-0.011362978458518136,6,15,3,gini,0.7,none,,,none,,0.15211865622561593,0.09696863679833526,0.12494300499697278,0.024462562640346266,0.09218745549377529,0.05179520651974067,0.06073432157580468,0.2191953692241572,0.04208159217557856,0.06761309010415144,0.013736535639469298,0.05416356860605273
structure_screen,s15|none|r=None|k=None|cal=none|folds=None,15,9618,2,240,60,38,9,0.3777844230939641,0.11655792106962129,0.761437908496732,0.16524034263682888,0.15,0.015240342636828885,6,15,3,gini,0.7,none,,,none,,0.186697006564737,0.10368346415631507,0.09140047331536635,0.03273881739596022,0.09448351746300783,0.06897605429869004,0.07845027238441307,0.13091632217911095,0.1022101742785546,0.043328354072750486,0.03258388184483092,0.034531662046263345
structure_screen,s15|none|r=None|k=None|cal=none|folds=None,15,9618,3,240,60,38,9,0.3420670444974439,0.10370307377119278,0.8660130718954248,0.16212300332684945,0.15,0.012123003326849457,6,15,3,gini,0.7,none,,,none,,0.1555339747302633,0.10287969066506807,0.10384911437560163,0.030944834800132198,0.07708753690152964,0.05807568246608601,0.0790784364717454,0.14465168078524862,0.08434017959524859,0.07148605203494683,0.04631490161818729,0.04575791555594237
structure_screen,s15|none|r=None|k=None|cal=none|folds=None,15,9618,4,240,60,37,10,0.39667125773902606,0.12285286606916891,0.7520000000000001,0.14837487562278304,0.16666666666666666,-0.01829179104388362,6,15,3,gini,0.7,none,,,none,,0.17840548419984212,0.10504606207949554,0.11356171770944505,0.012474323883566611,0.10356301982067084,0.06963930884073752,0.0778443675908184,0.10819615904955444,0.0973020493686797,0.032519761008603605,0.049780087799668686,0.05166765864891742
structure_screen,s15|none|r=None|k=None|cal=none|folds=None,15,9618,5,240,60,37,10,0.38229377935748654,0.12081957524257364,0.794,0.1644528863689773,0.16666666666666666,-0.002213780297689344,6,15,3,gini,0.7,none,,,none,,0.17466085904331952,0.11493996555920229,0.12689548718692004,0.019962577984640663,0.08777047805428034,0.04650622708419285,0.09406998201679616,0.1267032922590379,0.06454388739991862,0.058838715244764216,0.042605033276723325,0.042503494890204045
structure_screen,s16|none|r=None|k=None|cal=none|folds=None,16,9618,1,240,60,38,9,0.4174255221678085,0.1324803847599366,0.6470588235294118,0.13435108735146245,0.15,-0.015648912648537544,6,10,6,log_loss,1.0,none,,,none,,0.18261810572465265,0.14766913237031715,0.15588017820518166,0.031058931512055358,0.055037691502821014,0.04145470129547727,0.09108062785467898,0.16294626973723686,0.012300047620190985,0.055677115193553166,0.014446511844919015,0.04983068713891583
structure_screen,s16|none|r=None|k=None|cal=none|folds=None,16,9618,2,240,60,38,9,0.3520585096741346,0.11113916456864943,0.8115468409586056,0.1668143259298217,0.15,0.01681432592982171,6,10,6,log_loss,1.0,none,,,none,,0.1828874968291258,0.1975525826118914,0.0846702849135237,0.057202558571083424,0.05520755285819273,0.04127259398565471,0.09746944894248338,0.12103668404155168,0.053589596132591365,0.023303659553849998,0.04644710216443063,0.03936043939562122
structure_screen,s16|none|r=None|k=None|cal=none|folds=None,16,9618,3,240,60,38,9,0.3133500379913695,0.09470294251179506,0.8681917211328976,0.16237385040760796,0.15,0.012373850407607967,6,10,6,log_loss,1.0,none,,,none,,0.1620127710908699,0.1731011125946465,0.11203935292843235,0.04811511848263323,0.06079378902055798,0.065240406405776,0.10782023508481298,0.1132849549286791,0.04226834013064427,0.038241244073096176,0.03405331511746837,0.04302936014238318
structure_screen,s16|none|r=None|k=None|cal=none|folds=None,16,9618,4,240,60,37,10,0.388293206703475,0.11622609861914705,0.752,0.15451543470445328,0.16666666666666666,-0.012151231962213377,6,10,6,log_loss,1.0,none,,,none,,0.17330579317639963,0.17888154582764693,0.11764013886657172,0.024710828825558213,0.09026082975942755,0.04343039243129533,0.10646862652529394,0.09408009763583436,0.052669169832425276,0.01925257532541695,0.061493835349307024,0.03780616644482314
structure_screen,s16|none|r=None|k=None|cal=none|folds=None,16,9618,5,240,60,37,10,0.3483645493661119,0.11149667599473417,0.844,0.16440490254427806,0.16666666666666666,-0.0022617641223885987,6,10,6,log_loss,1.0,none,,,none,,0.16203847915184463,0.19862193620458282,0.12495626914962238,0.0321527402402404,0.060158729331964436,0.04484206536676245,0.10988278898379361,0.12987664728488363,0.02256607608980933,0.03454480476542726,0.04374470339278632,0.036614760038282776
structure_screen,s17|none|r=None|k=None|cal=none|folds=None,17,9618,1,240,60,38,9,0.438796073400816,0.13595334747589477,0.5664488017429193,0.13685840344437347,0.15,-0.013141596555626522,5,10,4,gini,1.0,none,,,none,,0.16006397273199233,0.1100952859790006,0.18979783651458496,0.026188557738183904,0.07626851232495742,0.039774913485497214,0.08069293248820386,0.20218108122609638,0.019615698352852998,0.04866021052467423,0.01287354302239315,0.03378745561156288
structure_screen,s17|none|r=None|k=None|cal=none|folds=None,17,9618,2,240,60,38,9,0.35691187909383193,0.11087985639608361,0.8180827886710239,0.1693178661034288,0.15,0.01931786610342881,5,10,4,gini,1.0,none,,,none,,0.17945272871545376,0.10012959240208684,0.13274908798462792,0.038389788533428115,0.07751317440047387,0.05484513087393987,0.0915548419872099,0.14245767095363612,0.0826842211833928,0.026780934992940757,0.03637853083579222,0.03706429713701782
structure_screen,s17|none|r=None|k=None|cal=none|folds=None,17,9618,3,240,60,38,9,0.32345796607108895,0.09702184744170503,0.8616557734204793,0.15964502242272413,0.15,0.009645022422724137,5,10,4,gini,1.0,none,,,none,,0.14209650942044122,0.10879893188499513,0.13826080108407574,0.035721898820516726,0.0791871197845096,0.06722628044497302,0.11326860582447544,0.1348609746006856,0.06334888286110499,0.039797813063209286,0.037922773166874514,0.039509409044138695
structure_screen,s17|none|r=None|k=None|cal=none|folds=None,17,9618,4,240,60,37,10,0.38914255809429366,0.11732352703708407,0.7500000000000001,0.15331699958934475,0.16666666666666666,-0.013349667077321908,5,10,4,gini,1.0,none,,,none,,0.15225839304197913,0.1206759924080144,0.14386113854510416,0.014869603960828244,0.11272551845608575,0.05414251455001353,0.08704043875103278,0.10751583523710027,0.07953707300131649,0.01612753353096683,0.07127041741061067,0.03997554110694776
structure_screen,s17|none|r=None|k=None|cal=none|folds=None,17,9618,5,240,60,37,10,0.3640111146621701,0.11563663730834475,0.834,0.1637705616850219,0.16666666666666666,-0.002896104981644748,5,10,4,gini,1.0,none,,,none,,0.15091246768512415,0.13080304444177984,0.16177142392954338,0.019468011647530696,0.08943388695318456,0.04361527033034319,0.10209764673527039,0.1431848530054166,0.035345687562248956,0.03455586924859668,0.05435654473232364,0.03445529372863802
structure_screen,s18|none|r=None|k=None|cal=none|folds=None,18,9618,1,240,60,38,9,0.4279951541939765,0.13453652039872968,0.6230936819172113,0.12775349638923172,0.15,-0.02224650361076827,12,5,6,log_loss,0.7,none,,,none,,0.1589847273015092,0.14977046124114293,0.12793813626099285,0.058100069960401256,0.07534194835183951,0.054738202095881185,0.09896591750249285,0.14294816481232683,0.016911117810527794,0.045317618455601706,0.0247717155704001,0.04621192063688383
structure_screen,s18|none|r=None|k=None|cal=none|folds=None,18,9618,2,240,60,38,9,0.35455157134396525,0.11200052140497137,0.8006535947712419,0.16761966726972147,0.15,0.017619667269721473,12,5,6,log_loss,0.7,none,,,none,,0.16603982634210052,0.1680859036907653,0.09227669204621342,0.06648307611847216,0.06577273726264395,0.04926073221718859,0.10509189220929885,0.11284792389366484,0.04893131607604961,0.027345888905228273,0.05890923723965779,0.038954773998716684
structure_screen,s18|none|r=None|k=None|cal=none|folds=None,18,9618,3,240,60,38,9,0.3073656114221964,0.09089818565939743,0.8616557734204793,0.1673195848623055,0.15,0.017319584862305504,12,5,6,log_loss,0.7,none,,,none,,0.14617167460226443,0.15748157832031398,0.08776404780779078,0.05198375296614352,0.0750245284884277,0.08075951916248242,0.11046735402601361,0.11809909712490871,0.0457726338098646,0.03172403076117138,0.04708279867262156,0.04766898425799738
structure_screen,s18|none|r=None|k=None|cal=none|folds=None,18,9618,4,240,60,37,10,0.37821993506212237,0.11312297115242312,0.772,0.15795212179160706,0.16666666666666666,-0.008714544875059599,12,5,6,log_loss,0.7,none,,,none,,0.16355449677006978,0.15914702425686847,0.10047642775952502,0.036459418964922816,0.10109267989143136,0.05788474023674801,0.10233237997257585,0.10388447841710573,0.043638335577772254,0.015264508504756715,0.07202423077046399,0.044241278877759915
structure_screen,s18|none|r=None|k=None|cal=none|folds=None,18,9618,5,240,60,37,10,0.34578893535236,0.10949135860288371,0.8320000000000001,0.1671558445911387,0.16666666666666666,0.000489177924472034,12,5,6,log_loss,0.7,none,,,none,,0.14146135676672522,0.18219603171622673,0.10440601925847393,0.0534929905314896,0.07373032803181902,0.058720115002458516,0.10915626675797288,0.12462846686234985,0.026083287372135135,0.031983946991985986,0.05511142390715226,0.039029766801210994
structure_screen,s19|none|r=None|k=None|cal=none|folds=None,19,9618,1,240,60,38,9,0.4455770096551114,0.13596374936155453,0.5294117647058822,0.13537992802030935,0.15,-0.014620071979690646,3,2,3,gini,0.7,none,,,none,,0.12268294284360927,0.08723710105363117,0.1719438562860517,0.14028025101149352,0.0976528183575347,0.043902362756542204,0.06723343016484568,0.1434619465748333,0.029113266273745258,0.0433020364414512,0.01911526065309755,0.03407472758316433
structure_screen,s19|none|r=None|k=None|cal=none|folds=None,19,9618,2,240,60,38,9,0.37106508026984814,0.11447227856819148,0.8006535947712418,0.1480030363624322,0.15,-0.0019969636375677946,3,2,3,gini,0.7,none,,,none,,0.13033200011882454,0.08083668067402919,0.17045386047648703,0.14217403123800998,0.08395916962584621,0.041415432031492436,0.0613452647043106,0.0982741288801241,0.08583633115214842,0.03037105009699524,0.02255366022785321,0.05244839077387895
structure_screen,s19|none|r=None|k=None|cal=none|folds=None,19,9618,3,240,60,38,9,0.3213327378391726,0.09358328644877187,0.8507625272331155,0.16614487581471143,0.15,0.01614487581471144,3,2,3,gini,0.7,none,,,none,,0.11447410916880155,0.0951017106731184,0.17854467056611478,0.09204210167111827,0.06644164642801821,0.05860565809545327,0.0693844536251375,0.09367047165230559,0.09958006704739619,0.03849873066142235,0.03350489868439186,0.06015148172672197
structure_screen,s19|none|r=None|k=None|cal=none|folds=None,19,9618,4,240,60,37,10,0.3800509252871753,0.11194923949833914,0.718,0.1549303617510932,0.16666666666666666,-0.011736304915573453,3,2,3,gini,0.7,none,,,none,,0.14392705696609553,0.09790074227607089,0.1421224903326921,0.0838791297146675,0.10574409270610349,0.05149120659456379,0.06027390939960427,0.09557635888125254,0.07346431015500736,0.022381260962356736,0.050979769968384804,0.072259672043201
structure_screen,s19|none|r=None|k=None|cal=none|folds=None,19,9618,5,240,60,37,10,0.37608753080169227,0.11582428029754567,0.786,0.1660061298470268,0.16666666666666666,-0.0006605368196398453,3,2,3,gini,0.7,none,,,none,,0.12286616110080333,0.09197015836159751,0.1508190937445817,0.12333913109176407,0.09328147724289279,0.034571205187666564,0.06545453315758193,0.10574536457056387,0.06682461321018468,0.034551190139681706,0.032848748122805145,0.07772832406987673
structure_screen,s20|none|r=None|k=None|cal=none|folds=None,20,9618,1,240,60,38,9,0.4426186035100173,0.13559459372420968,0.6078431372549019,0.11878571491923447,0.15,-0.031214285080765528,8,1,4,log_loss,1.0,none,,,none,,0.1454057128005893,0.1382025553146208,0.11471680721694633,0.08231200637951043,0.0967281027210788,0.05297661430284302,0.10396983255677548,0.12039946379830124,0.024780178692523747,0.03622708936270475,0.03103994192634118,0.053241694927764996
structure_screen,s20|none|r=None|k=None|cal=none|folds=None,20,9618,2,240,60,38,9,0.34703259454050245,0.11092047963000233,0.8137254901960784,0.1550993465488308,0.15,0.005099346548830819,8,1,4,log_loss,1.0,none,,,none,,0.14858092044914029,0.15329150984826742,0.09205718191854215,0.08441343950073096,0.07960512246695754,0.05137116467209856,0.10119302647445214,0.09230595983248928,0.05053605971425676,0.021350708654785173,0.05983529367252654,0.06545961279575327
structure_screen,s20|none|r=None|k=None|cal=none|folds=None,20,9618,3,240,60,38,9,0.2925843485996498,0.08705322123088045,0.8660130718954249,0.17637715931861894,0.15,0.026377159318618948,8,1,4,log_loss,1.0,none,,,none,,0.13520912196210663,0.14616678096893404,0.10839371660902376,0.05473775493289013,0.07374809132686103,0.07894878532296334,0.11687665035137303,0.09677930796033181,0.048962452751932804,0.028810954452788234,0.05117769852429711,0.06018868483649826
structure_screen,s20|none|r=None|k=None|cal=none|folds=None,20,9618,4,240,60,37,10,0.38096390481863623,0.11351585649497696,0.7520000000000001,0.1611147976528202,0.16666666666666666,-0.005551869013846467,8,1,4,log_loss,1.0,none,,,none,,0.143563268781816,0.14526403975820698,0.0995531238696353,0.04802441806043124,0.10831816839034583,0.06154433696418473,0.09883508023120907,0.09491685726576138,0.04782917919636304,0.01988476988663896,0.07141919695237034,0.060847560643036994
structure_screen,s20|none|r=None|k=None|cal=none|folds=None,20,9618,5,240,60,37,10,0.345729009330552,0.10803357959418027,0.818,0.1698588958021006,0.16666666666666666,0.0031922291354339327,8,1,4,log_loss,1.0,none,,,none,,0.12256439804162796,0.14598381060580906,0.0891500271082063,0.07640652973210231,0.09130990504360464,0.05591605823810243,0.10912827801200806,0.10499504648240167,0.04137145783485377,0.032666052495880005,0.056043135317745005,0.07446530108765895
structure_screen,s21|none|r=None|k=None|cal=none|folds=None,21,9618,1,240,60,38,9,0.430432200480679,0.13341970423865365,0.5773420479302832,0.13052844061681657,0.15,-0.01947155938318343,8,5,3,gini,1.0,none,,,none,,0.13864544975336004,0.10783153891654529,0.14155389675413202,0.09631141200141421,0.08986579910727595,0.06174074769249074,0.0991861997581393,0.13925291563925263,0.02514507040137046,0.03530471973293692,0.024307469287640163,0.04085478095544229
structure_screen,s21|none|r=None|k=None|cal=none|folds=None,21,9618,2,240,60,38,9,0.3586768875225245,0.11173465576919449,0.8224400871459695,0.1675241621453134,0.15,0.01752416214531341,8,5,3,gini,1.0,none,,,none,,0.1414180446133256,0.10969901527461387,0.1138277185302775,0.08682363010459979,0.08311339990804571,0.063637820535282,0.09918275747434231,0.12179581485406002,0.06155960345608729,0.02618336087980832,0.04974653015606126,0.043012304213496354
structure_screen,s21|none|r=None|k=None|cal=none|folds=None,21,9618,3,240,60,38,9,0.31627569305681913,0.09315135538199569,0.8420479302832244,0.16474934405166472,0.15,0.014749344051664726,8,5,3,gini,1.0,none,,,none,,0.13474440561288772,0.11451686749605747,0.1160527147002309,0.04882901179277317,0.08565689439840786,0.07106691465066572,0.11025624983668345,0.12284618664242289,0.07119397138035512,0.03218032464673546,0.045866187958727725,0.046790270884052444
structure_screen,s21|none|r=None|k=None|cal=none|folds=None,21,9618,4,240,60,37,10,0.387754466551619,0.11397997605183681,0.75,0.15789580898877364,0.16666666666666666,-0.008770857677893013,8,5,3,gini,1.0,none,,,none,,0.1458601903605932,0.11539868076332012,0.10914101107037351,0.04027532790550951,0.11665465609926993,0.06773120376476821,0.09499788411851334,0.10683504727587984,0.0677584138900802,0.019788599114782677,0.06554513238463733,0.050013853252272054
structure_screen,s21|none|r=None|k=None|cal=none|folds=None,21,9618,5,240,60,37,10,0.3569303341234174,0.11203293575524934,0.8260000000000001,0.16553024839284894,0.16666666666666666,-0.0011364182738177186,8,5,3,gini,1.0,none,,,none,,0.1260984030563686,0.13380160353608853,0.11207142100119004,0.08392612719845219,0.08778481171380931,0.05569894133082607,0.09539004665768998,0.12432057203719207,0.04280091226434102,0.03303911398781997,0.05410164487998217,0.050966402336240044
structure_screen,s22|none|r=None|k=None|cal=none|folds=None,22,9618,1,240,60,38,9,0.41433832258841513,0.1306038221945245,0.627450980392157,0.13566144653882894,0.15,-0.01433855346117105,10,15,4,log_loss,1.0,none,,,none,,0.1908355772847829,0.1445358726702336,0.14561684735656652,0.03194818585307564,0.059571945126133875,0.03066838464757223,0.05491977754161928,0.18704684289211979,0.014286668003675024,0.07141373144683759,0.01372939498979311,0.055426772187590394
structure_screen,s22|none|r=None|k=None|cal=none|folds=None,22,9618,2,240,60,38,9,0.3640973334571915,0.11393927419969775,0.789760348583878,0.16321084660852858,0.15,0.013210846608528587,10,15,4,log_loss,1.0,none,,,none,,0.19753410093764548,0.1779982442153992,0.0847818601600558,0.05249366038253394,0.05996946370980874,0.04465729666679549,0.08036002021366694,0.10451903868046902,0.07692003018971295,0.0337833672940721,0.04227354492770702,0.04470937262213327
structure_screen,s22|none|r=None|k=None|cal=none|folds=None,22,9618,3,240,60,38,9,0.32970481785922645,0.10051220733344189,0.8572984749455338,0.16102216184333187,0.15,0.011022161843331879,10,15,4,log_loss,1.0,none,,,none,,0.17338645660181906,0.16155298924236794,0.10101615430143683,0.04616923301231209,0.060367683474533244,0.06003669691818227,0.0930032306629362,0.11545306890275682,0.053398374527612855,0.057970728674872796,0.03206137254337821,0.04558401113779171
structure_screen,s22|none|r=None|k=None|cal=none|folds=None,22,9618,4,240,60,37,10,0.3876967397123755,0.11952861347964787,0.768,0.1501916844258723,0.16666666666666666,-0.016474982240794356,10,15,4,log_loss,1.0,none,,,none,,0.1754036756203039,0.17528134352956737,0.11998839430262814,0.018689223631795912,0.09778710667664763,0.04257754684824727,0.08333507286836012,0.08478906173452386,0.07882239501831559,0.02309998317858423,0.047900604060973864,0.052325592530052194
structure_screen,s22|none|r=None|k=None|cal=none|folds=None,22,9618,5,240,60,37,10,0.36212845014818024,0.11507645313967527,0.842,0.1641410648395692,0.16666666666666666,-0.0025256018270974623,10,15,4,log_loss,1.0,none,,,none,,0.17302869187065606,0.18181043002337624,0.13549742069542403,0.0274335206667392,0.06631140158459865,0.04439720613858835,0.09695970677343342,0.11458789151830268,0.03221472148780809,0.04341602159328618,0.041981458185417736,0.04236152946236937
structure_screen,s23|none|r=None|k=None|cal=none|folds=None,23,9618,1,240,60,38,9,0.428532571100767,0.13374125338205117,0.5729847494553377,0.13707710747482077,0.15,-0.012922892525179225,3,10,6,log_loss,0.7,none,,,none,,0.18782437849124484,0.13917692864793388,0.16665021881370745,0.033147819946333666,0.05209267295877024,0.029130087863111796,0.05796206871219275,0.1929703447759414,0.016829129606184007,0.06071814734997002,0.013694390847962855,0.04980381198664703
structure_screen,s23|none|r=None|k=None|cal=none|folds=None,23,9618,2,240,60,38,9,0.3658643230981727,0.11418421481801926,0.7766884531590413,0.16169368348954333,0.15,0.011693683489543333,3,10,6,log_loss,0.7,none,,,none,,0.21392150465677826,0.19888491351553222,0.0934380219134338,0.0592548551792007,0.04587070008754503,0.031751325243259236,0.07029364935702145,0.10829486205726824,0.06739840204969975,0.02501379524520552,0.04676889525002261,0.0391090754450331
structure_screen,s23|none|r=None|k=None|cal=none|folds=None,23,9618,3,240,60,38,9,0.33046608571400676,0.10057946934162348,0.8594771241830065,0.16196211612929654,0.15,0.01196211612929654,3,10,6,log_loss,0.7,none,,,none,,0.1757096675296963,0.18218733058325598,0.11529516509804653,0.04487853860766641,0.05283864174035621,0.05386912174328272,0.07956444205518487,0.11804323516029121,0.050790192833516504,0.03971620958039751,0.04488260938547637,0.04222484568282937
structure_screen,s23|none|r=None|k=None|cal=none|folds=None,23,9618,4,240,60,37,10,0.385233101225864,0.11813605476562454,0.77,0.15261819133288299,0.16666666666666666,-0.014048475333783672,3,10,6,log_loss,0.7,none,,,none,,0.19669355453333942,0.1873293718511288,0.1269267477733478,0.030078713011109072,0.077905699457321,0.03656015256232847,0.08312733259235526,0.09596458087581265,0.054296445619428965,0.01436250757179779,0.05458661019090761,0.04216828396112334
structure_screen,s23|none|r=None|k=None|cal=none|folds=None,23,9618,5,240,60,37,10,0.3650913211866704,0.11547789104403386,0.848,0.1650657091498607,0.16666666666666666,-0.0016009575168059453,3,10,6,log_loss,0.7,none,,,none,,0.17840074886731364,0.19120060815460146,0.15346670099848628,0.029288147864568702,0.0663508729915454,0.035753767725929725,0.0874186292857395,0.12520999940644728,0.0290312513604211,0.03263820226050477,0.03452987366975024,0.03671119741469202
structure_screen,s24|none|r=None|k=None|cal=none|folds=None,24,9618,1,240,60,38,9,0.42688091782251963,0.13285980772610648,0.5708061002178649,0.13806223121024935,0.15,-0.011937768789750641,3,10,4,log_loss,1.0,none,,,none,,0.1832465463019527,0.1433005767506954,0.16702029814643693,0.030382810950011923,0.05520176951071967,0.025013899404553157,0.046440992604727116,0.19574004194588596,0.01941111920918985,0.06831095717752685,0.008234944433123854,0.05769604356517652
structure_screen,s24|none|r=None|k=None|cal=none|folds=None,24,9618,2,240,60,38,9,0.3634455976269447,0.11317059727939903,0.789760348583878,0.1575283172929533,0.15,0.007528317292953307,3,10,4,log_loss,1.0,none,,,none,,0.19810197738772817,0.19228570415616764,0.10588284238378394,0.05825697236862449,0.05362423102782306,0.03094024591398695,0.05741774166318982,0.11748025613895836,0.07884411663242825,0.028829664285302602,0.037791044086933415,0.04054520395507315
structure_screen,s24|none|r=None|k=None|cal=none|folds=None,24,9618,3,240,60,38,9,0.3283548602337482,0.0999755771064963,0.8703703703703705,0.15983050919021233,0.15,0.009830509190212333,3,10,4,log_loss,1.0,none,,,none,,0.17652731563511717,0.18123151168935694,0.11599444316777971,0.049097659224545426,0.047360036076203586,0.04728610550760201,0.08117210241219787,0.11743076654760241,0.05651090918568287,0.053313386002943455,0.02849150294306316,0.045584261607905414
structure_screen,s24|none|r=None|k=None|cal=none|folds=None,24,9618,4,240,60,37,10,0.38427740839038566,0.11828109182947548,0.776,0.15242356789913403,0.16666666666666666,-0.01424309876753263,3,10,4,log_loss,1.0,none,,,none,,0.17780936606805497,0.1919014814524887,0.13151498869541728,0.019288784267695747,0.0984505305888988,0.034920215435431834,0.0630158489426073,0.09472722646514964,0.07509391790890166,0.017139333359618498,0.049853864938276274,0.046284441877459385
structure_screen,s24|none|r=None|k=None|cal=none|folds=None,24,9618,5,240,60,37,10,0.3677250433923176,0.11627921376086628,0.8300000000000001,0.16389417685863492,0.16666666666666666,-0.0027724898080317417,3,10,4,log_loss,1.0,none,,,none,,0.1821688306731701,0.18228889554246042,0.150520286980229,0.02944336330556375,0.07287874124846004,0.03803849160329869,0.07395202601010735,0.12766292434022097,0.031323296025711794,0.03981739285412684,0.03691275958837415,0.034992991828276844
structure_screen,s25|none|r=None|k=None|cal=none|folds=None,25,9618,1,240,60,38,9,0.44163311882444733,0.13463950452859066,0.5403050108932462,0.13418084163912478,0.15,-0.01581915836087522,3,5,3,gini,1.0,none,,,none,,0.12598573573206112,0.08732370953014759,0.18159804306943644,0.1426188215945993,0.08236157257658082,0.03857571806681308,0.05571610447612946,0.16179626865440155,0.02683581453972646,0.04946222660710867,0.012896274076109816,0.03482971107688559
structure_screen,s25|none|r=None|k=None|cal=none|folds=None,25,9618,2,240,60,38,9,0.37240257831676277,0.11485122729449496,0.8071895424836601,0.1537648986906706,0.15,0.003764898690670593,3,5,3,gini,1.0,none,,,none,,0.139104162444178,0.09113958267127127,0.16192383341397673,0.1312686812475406,0.07141910584507229,0.042862591658245915,0.06685442362841376,0.1189071496075165,0.08960590666875605,0.02476990364109524,0.030914401171528747,0.031230258002405017
structure_screen,s25|none|r=None|k=None|cal=none|folds=None,25,9618,3,240,60,38,9,0.33085827346678515,0.097574733154021,0.8398692810457516,0.16272859201701284,0.15,0.012728592017012846,3,5,3,gini,1.0,none,,,none,,0.1325250296738983,0.11516622335540629,0.16055020464413794,0.06774733963067374,0.06420475255913914,0.05160059546273297,0.0777272731876397,0.11595645376873191,0.10443505856764361,0.04004335677530205,0.02809314177936403,0.04195057059533042
structure_screen,s25|none|r=None|k=None|cal=none|folds=None,25,9618,4,240,60,37,10,0.380568155780095,0.11447408500471704,0.7380000000000001,0.151966499119312,0.16666666666666666,-0.014700167547354648,3,5,3,gini,1.0,none,,,none,,0.15714217409593603,0.10914508808220379,0.1441718639297603,0.05714786262164623,0.1046334370499514,0.0544762069934196,0.06372785959460871,0.1050128007949716,0.08815456004018105,0.0207442669078459,0.045054615453500334,0.050589264435975216
structure_screen,s25|none|r=None|k=None|cal=none|folds=None,25,9618,5,240,60,37,10,0.3751751534275446,0.1166451568371174,0.802,0.16213413481219946,0.16666666666666666,-0.004532531854467198,3,5,3,gini,1.0,none,,,none,,0.12604472512650863,0.12043551026730887,0.14415496671739322,0.1391092420377771,0.07931249077356244,0.03228318776555513,0.06894588486630816,0.12157930680639371,0.05509170764680433,0.04307340963315647,0.03245419789132482,0.037515370467907205
structure_screen,s26|none|r=None|k=None|cal=none|folds=None,26,9618,1,240,60,38,9,0.4319148036623632,0.13329650691757802,0.5751633986928104,0.13798237035612015,0.15,-0.01201762964387984,5,15,4,gini,0.7,none,,,none,,0.17554837176429766,0.1003907853488507,0.12261960480951796,0.022430157952437742,0.0820211085797014,0.05338043745805273,0.059172732274499866,0.23925240979327367,0.035232005288172705,0.06320340972097432,0.01106053167067,0.03568844533955122
structure_screen,s26|none|r=None|k=None|cal=none|folds=None,26,9618,2,240,60,38,9,0.37627503240964644,0.11655328390468717,0.7549019607843137,0.1639455328755122,0.15,0.013945532875512201,5,15,4,gini,0.7,none,,,none,,0.2117688073272945,0.1060210947447923,0.09115028504247272,0.030948664848364865,0.0834000621889052,0.05851717342274358,0.07971460665300456,0.12424746693609603,0.11368909374619139,0.03817424579491585,0.024640852598607547,0.03772764669661138
structure_screen,s26|none|r=None|k=None|cal=none|folds=None,26,9618,3,240,60,38,9,0.3421595823196871,0.10383426550104342,0.8703703703703703,0.16174520514099947,0.15,0.01174520514099947,5,15,4,gini,0.7,none,,,none,,0.14062727305324577,0.10998918767625177,0.09676995204435843,0.028611697830016578,0.07685384023737649,0.07116237001025094,0.10141702189274926,0.15012353568955453,0.08469025140615805,0.06070911891067268,0.03697116288377052,0.042074588365595064
structure_screen,s26|none|r=None|k=None|cal=none|folds=None,26,9618,4,240,60,37,10,0.4049823594482443,0.12410695030930927,0.72,0.15019644499429166,0.16666666666666666,-0.016470221672374996,5,15,4,gini,0.7,none,,,none,,0.16511172779479108,0.1219468742669004,0.13025206532538003,0.010481023672149144,0.10908378200762522,0.05403937910607759,0.07718154573436127,0.10426845670743601,0.10518686577321539,0.02578961513881495,0.05152638007416458,0.045132284399084246
structure_screen,s26|none|r=None|k=None|cal=none|folds=None,26,9618,5,240,60,37,10,0.37694841407635005,0.11921785930366086,0.802,0.16472766628234614,0.16666666666666666,-0.0019390003843205161,5,15,4,gini,0.7,none,,,none,,0.1778655710649734,0.1212649116464368,0.15231904981463912,0.021628470013594338,0.08756699520880264,0.04250536373112753,0.09039960939768822,0.12970264836178863,0.06281631477132042,0.04653397429703751,0.024743272121656622,0.042653819570934844
structure_screen,s27|none|r=None|k=None|cal=none|folds=None,27,9618,1,240,60,38,9,0.4303010083734577,0.13340682773947404,0.5838779956427016,0.13857201256823617,0.15,-0.01142798743176382,10,15,4,gini,1.0,none,,,none,,0.17551742039244064,0.10517478052944167,0.19180932686465024,0.018678429474919416,0.0748335352996249,0.038026732890447765,0.059292496988057095,0.20981817996716517,0.022410501313757276,0.061271002379322405,0.010054296821379706,0.03311329707879373
structure_screen,s27|none|r=None|k=None|cal=none|folds=None,27,9618,2,240,60,38,9,0.36602752321252424,0.1136840677753536,0.8028322440087146,0.16804916773738268,0.15,0.018049167737382688,10,15,4,gini,1.0,none,,,none,,0.19993194196564365,0.10037894047168558,0.12065515365186465,0.031109586097010616,0.08301567719646391,0.053338246438435134,0.08776319372340341,0.13162459883847574,0.09621220889764052,0.028703502361130222,0.03007870487400706,0.03718824548423963
structure_screen,s27|none|r=None|k=None|cal=none|folds=None,27,9618,3,240,60,38,9,0.3332975580668846,0.10074551364563825,0.8660130718954249,0.16218609756523367,0.15,0.012186097565233672,10,15,4,gini,1.0,none,,,none,,0.15392441953729136,0.11462624462851535,0.13068816579554374,0.03242290062809623,0.07209368318019688,0.06019444620252335,0.09860479429381479,0.13652897307043693,0.0777260315559489,0.052682457670379795,0.03157636047528646,0.038931522961966225
structure_screen,s27|none|r=None|k=None|cal=none|folds=None,27,9618,4,240,60,37,10,0.3957998571456533,0.1207928271859294,0.7400000000000001,0.14965586258870373,0.16666666666666666,-0.017010804077962932,10,15,4,gini,1.0,none,,,none,,0.16808863737478705,0.10675899917313177,0.15349581469193946,0.012028992773826864,0.111243040156292,0.051292097831237046,0.07386451843967778,0.10163350616655713,0.09915490965078048,0.021912231200558994,0.06291618899815513,0.0376110635430564
structure_screen,s27|none|r=None|k=None|cal=none|folds=None,27,9618,5,240,60,37,10,0.3682776492951945,0.11674484151673034,0.8340000000000001,0.1646005204276322,0.16666666666666666,-0.00206614623903445,10,15,4,gini,1.0,none,,,none,,0.1639889169075279,0.126874585293345,0.17559088647683516,0.017497223152471018,0.08457675122566982,0.042767563924505175,0.09518500211537391,0.13473424861961858,0.04845460836770357,0.037925183465336465,0.03651178499699391,0.03589324545461956
structure_screen,s28|none|r=None|k=None|cal=none|folds=None,28,9618,1,240,60,38,9,0.431967874358848,0.13321956458199088,0.5751633986928104,0.13784874790794668,0.15,-0.01215125209205331,4,15,4,gini,0.7,none,,,none,,0.17502139973034675,0.1010218828281621,0.12394928681107181,0.022550548563796704,0.08148084693925564,0.05254702299124257,0.05935595969463426,0.23884765194185875,0.035462848263261196,0.06309708952726086,0.01097999354165841,0.03568546916745089
structure_screen,s28|none|r=None|k=None|cal=none|folds=None,28,9618,2,240,60,38,9,0.3764669194921276,0.11658637616852226,0.7527233115468409,0.16382394642715833,0.15,0.01382394642715834,4,15,4,gini,0.7,none,,,none,,0.212408501071431,0.10622645717997162,0.09146411950152622,0.0309469907629043,0.08404538477245402,0.058656080541908906,0.0783487099180454,0.1241885961774731,0.11394668308974411,0.038020425044421546,0.025115132664865668,0.03663291927525412
structure_screen,s28|none|r=None|k=None|cal=none|folds=None,28,9618,3,240,60,38,9,0.3422998031014585,0.1038591941454227,0.8681917211328976,0.16169440531598311,0.15,0.01169440531598312,4,15,4,gini,0.7,none,,,none,,0.14085768060328147,0.11028080052919531,0.09736079921899726,0.0287573569539149,0.07699665537008596,0.07057501644251896,0.10062784092901988,0.14923860309766884,0.0851710625450541,0.06066069990581481,0.03756414864406552,0.04190933576038307
structure_screen,s28|none|r=None|k=None|cal=none|folds=None,28,9618,4,240,60,37,10,0.40431747017422615,0.1239896559524816,0.724,0.15007842131257865,0.16666666666666666,-0.01658824535408801,4,15,4,gini,0.7,none,,,none,,0.16536752510670438,0.12184308051045337,0.13050955825961963,0.01045755808454266,0.10942713393349597,0.053777824935483116,0.07663520606610638,0.10453643861989834,0.10539089411707525,0.026017145369046493,0.05147278519579425,0.04456484980178005
structure_screen,s28|none|r=None|k=None|cal=none|folds=None,28,9618,5,240,60,37,10,0.3773203627101357,0.11928849772003312,0.806,0.16477085935032418,0.16666666666666666,-0.0018958073163424793,4,15,4,gini,0.7,none,,,none,,0.17775930296227715,0.12070257030408331,0.1533422389233142,0.02139323578228356,0.08795046875695382,0.04195567616923542,0.09061475898322546,0.1297621510103526,0.06307668356566096,0.046277962728626734,0.024875242794280508,0.04228970801970632
structure_screen,s29|none|r=None|k=None|cal=none|folds=None,29,9618,1,240,60,38,9,0.4382202621605592,0.13459601296380688,0.5381263616557734,0.1321839167499555,0.15,-0.017816083250044495,3,2,3,log_loss,0.7,none,,,none,,0.144946200295149,0.11815819684674354,0.13605862590069198,0.11416518887066243,0.07268673349851178,0.03101484294749067,0.05938401693645526,0.15593952433540256,0.035546559209469725,0.05232388971278839,0.01832476788665271,0.06145145355998205
structure_screen,s29|none|r=None|k=None|cal=none|folds=None,29,9618,2,240,60,38,9,0.3710604513018205,0.11520408847114419,0.8028322440087147,0.14922327179070793,0.15,-0.0007767282092920602,3,2,3,log_loss,0.7,none,,,none,,0.14830708093036232,0.14847957269600812,0.13436687348522536,0.11707574174770562,0.07113770901908387,0.04041964962442505,0.061717126574165754,0.09062485895776197,0.07114820655390769,0.032533140077271525,0.036443883157096665,0.047746157176986166
structure_screen,s29|none|r=None|k=None|cal=none|folds=None,29,9618,3,240,60,38,9,0.3226227046418978,0.09500083916034409,0.8442265795206972,0.16457871677031016,0.15,0.014578716770310168,3,2,3,log_loss,0.7,none,,,none,,0.1410443937205486,0.14671698878083286,0.14089111961885323,0.08244382932931793,0.054008857370593286,0.04780153750988482,0.0644927460255465,0.10101621089833797,0.07693371325088069,0.03910353898331783,0.0442346859078046,0.06131237860408157
structure_screen,s29|none|r=None|k=None|cal=none|folds=None,29,9618,4,240,60,37,10,0.37244644990310205,0.11143374237196921,0.7480000000000001,0.15490167325838916,0.16666666666666666,-0.011764993408277497,3,2,3,log_loss,0.7,none,,,none,,0.16583661471536842,0.14826845299813043,0.12326445020892002,0.06497125865966662,0.09870970874023513,0.050962091398260335,0.06162679623500432,0.0931684874383679,0.0625075074181352,0.019145209578732236,0.04542909538482811,0.0661103272243514
structure_screen,s29|none|r=None|k=None|cal=none|folds=None,29,9618,5,240,60,37,10,0.36405365185007527,0.1126920203440856,0.8220000000000001,0.16192390890247121,0.16666666666666666,-0.004742757764195443,3,2,3,log_loss,0.7,none,,,none,,0.12925950730704444,0.1521847199512888,0.13029891078884032,0.10130047269372564,0.08234125093532833,0.037900159383768464,0.06907089001347909,0.0993449179571243,0.05304150677101559,0.041570710157547854,0.035897523695663354,0.06778943034517376
structure_screen,s30|none|r=None|k=None|cal=none|folds=None,30,9618,1,240,60,38,9,0.4459375782667808,0.13728098206779782,0.6361655773420479,0.11704065716545285,0.15,-0.03295934283454714,10,2,6,log_loss,1.0,none,,,none,,0.15808064732175298,0.14606687594550632,0.11984570509407465,0.076979561916402,0.09224804045486741,0.05520179552185288,0.10854572963709361,0.11839965051294686,0.016636269468449275,0.030746083907237737,0.033230855800375166,0.04401878441944099
structure_screen,s30|none|r=None|k=None|cal=none|folds=None,30,9618,2,240,60,38,9,0.34578674205454546,0.1112251345849085,0.8159041394335512,0.16159543369266316,0.15,0.011595433692663165,10,2,6,log_loss,1.0,none,,,none,,0.14865215922998734,0.16544652401598936,0.09429376372811304,0.07628846493859653,0.07357998197891262,0.05652918394951704,0.11196564208660348,0.09412739447424914,0.04160007275934474,0.01842391732473212,0.06084603436757765,0.05824686114637679
structure_screen,s30|none|r=None|k=None|cal=none|folds=None,30,9618,3,240,60,38,9,0.30051141910735873,0.08916084639016016,0.8572984749455338,0.17906614655967765,0.15,0.029066146559677652,10,2,6,log_loss,1.0,none,,,none,,0.13980881771200748,0.15205588241182827,0.11009900411031844,0.052852124096164466,0.07511593203361988,0.08340826950040135,0.11887152288127832,0.10352225021853784,0.04263407223727273,0.021849416044637027,0.04924486855027504,0.050537840203658986
structure_screen,s30|none|r=None|k=None|cal=none|folds=None,30,9618,4,240,60,37,10,0.3982133595892047,0.11623477213466435,0.7380000000000001,0.1701406402300586,0.16666666666666666,0.0034739735633919355,10,2,6,log_loss,1.0,none,,,none,,0.14890275981307316,0.15535589309887696,0.0963410791221404,0.04550263310707374,0.10965750520094224,0.06119758838392393,0.1002945132190683,0.09617101830936199,0.04260066869831487,0.019435134719079657,0.07229491416034453,0.05224629216780026
structure_screen,s30|none|r=None|k=None|cal=none|folds=None,30,9618,5,240,60,37,10,0.34375980597208,0.10779192788836559,0.822,0.1697771416093655,0.16666666666666666,0.0031104749426988376,10,2,6,log_loss,1.0,none,,,none,,0.1371012072728089,0.1577271937053238,0.08161182903134209,0.07196090263108634,0.08900721400302147,0.05673282993868558,0.10510607838524572,0.10999489994742936,0.034120162626831915,0.02896637658960103,0.06098218150237264,0.06668912436625105
structure_screen,s31|none|r=None|k=None|cal=none|folds=None,31,9618,1,240,60,38,9,0.4411896608181062,0.13507012004377747,0.5359477124183006,0.13725587003121983,0.15,-0.01274412996878016,3,10,4,gini,0.7,none,,,none,,0.15739062958299838,0.09647227871024867,0.1815205748359873,0.0280806842592346,0.07714752876974348,0.04743099815579561,0.05482979300055667,0.2331599046802651,0.025562101830474127,0.05552371395744038,0.010942909827562398,0.0319388823896933
structure_screen,s31|none|r=None|k=None|cal=none|folds=None,31,9618,2,240,60,38,9,0.36748294519642866,0.11339264493247302,0.8006535947712418,0.1633805650366338,0.15,0.013380565036633818,3,10,4,gini,0.7,none,,,none,,0.1901268013298914,0.09565845798833243,0.13635115128613243,0.03465605074892594,0.08357854447109474,0.05519395031934815,0.07389187760765144,0.14159485449131964,0.09339603109485037,0.03108533044644653,0.0296974847729016,0.034769465443105316
structure_screen,s31|none|r=None|k=None|cal=none|folds=None,31,9618,3,240,60,38,9,0.3364366509829486,0.10122237738161782,0.8572984749455338,0.16063842083939148,0.15,0.010638420839391483,3,10,4,gini,0.7,none,,,none,,0.13128239136259726,0.10629737587101533,0.1533119159936176,0.032981768769848714,0.06936878805861006,0.05960471012723256,0.09867826616443602,0.14653108316211064,0.07621828248451627,0.04530252154682514,0.03950349375383473,0.040919402705355754
structure_screen,s31|none|r=None|k=None|cal=none|folds=None,31,9618,4,240,60,37,10,0.3951543698444873,0.11999721831772191,0.722,0.1516756661365186,0.16666666666666666,-0.014991000530148069,3,10,4,gini,0.7,none,,,none,,0.15299380147962097,0.1211987242503347,0.16144629011034933,0.015850545471688054,0.10980392746800241,0.04388538385604865,0.06830023341746688,0.11682576080251995,0.08557749734169788,0.019803274107572377,0.06287854235463793,0.041436019340060894
structure_screen,s31|none|r=None|k=None|cal=none|folds=None,31,9618,5,240,60,37,10,0.3725140177876833,0.11737072582032539,0.8420000000000001,0.16426316684272727,0.16666666666666666,-0.0024034998239393923,3,10,4,gini,0.7,none,,,none,,0.172934324279921,0.11432208716106801,0.18601377450483497,0.020466715516242007,0.09229610894271015,0.04269794298059031,0.08340737311059959,0.13983279541653956,0.04773264423276522,0.033777060518887715,0.03140247759328224,0.03511669574255913
structure_screen,s32|none|r=None|k=None|cal=none|folds=None,32,9618,1,240,60,38,9,0.41818508851798186,0.13266227343852827,0.6470588235294117,0.1341887257896406,0.15,-0.015811274210359383,12,10,6,log_loss,1.0,none,,,none,,0.18232941912066494,0.14731020432154301,0.1547597502728465,0.030714740310138912,0.05548022906096418,0.04297608866645131,0.09183794631527425,0.1615359935710109,0.0121754602234526,0.055555913351186655,0.015473697515403874,0.049850557271062815
structure_screen,s32|none|r=None|k=None|cal=none|folds=None,32,9618,2,240,60,38,9,0.35130032033345787,0.11096337611796374,0.809368191721133,0.16722017860492125,0.15,0.017220178604921255,12,10,6,log_loss,1.0,none,,,none,,0.18131521052452437,0.19626657936685168,0.0843853290941856,0.05631802150373566,0.0560691798458661,0.04344416670277927,0.0981765405876449,0.11973795185747585,0.05330308320784248,0.023979190538579588,0.046389901702677996,0.0406148450678365
structure_screen,s32|none|r=None|k=None|cal=none|folds=None,32,9618,3,240,60,38,9,0.3132006714814,0.0945732254239424,0.8681917211328976,0.16234199187092338,0.15,0.012341991870923386,12,10,6,log_loss,1.0,none,,,none,,0.16234309738312536,0.17230778437720343,0.11190028924515624,0.04675857983387152,0.06147465089310095,0.06687949980907769,0.10740352310901831,0.11415565399412263,0.04215878983425259,0.03786098737186523,0.034055880205065045,0.042701263944141074
structure_screen,s32|none|r=None|k=None|cal=none|folds=None,32,9618,4,240,60,37,10,0.3897084635437593,0.11611320413691975,0.754,0.15469945723317532,0.16666666666666666,-0.011967209433491333,12,10,6,log_loss,1.0,none,,,none,,0.17337374038242714,0.177800016528092,0.11713181261724924,0.024898658472434824,0.09127343830897135,0.04348341024776985,0.10761778104993858,0.09317749452999977,0.05196133378829305,0.019095839421536802,0.06271518398008386,0.03747129067320362
structure_screen,s32|none|r=None|k=None|cal=none|folds=None,32,9618,5,240,60,37,10,0.3484948049391307,0.11154689262818138,0.844,0.1648491959631865,0.16666666666666666,-0.0018174707034801507,12,10,6,log_loss,1.0,none,,,none,,0.16059203156843885,0.19955214011251265,0.12415983792891355,0.03172891022683619,0.06100313970790374,0.04548159527508108,0.10835547410972587,0.1298960154885682,0.022801303592959517,0.03474634385564185,0.04360390180171564,0.03807930633170284
structure_screen,s33|none|r=None|k=None|cal=none|folds=None,33,9618,1,240,60,38,9,0.4368311157374125,0.134527360915461,0.5686274509803921,0.13863760988231666,0.15,-0.011362390117683335,4,15,6,gini,0.7,none,,,none,,0.20704653350793428,0.09664956447777617,0.14261528008579605,0.023389904116351837,0.06936527263909095,0.04092577602315875,0.06810219764344007,0.2318647869195433,0.02245735022761437,0.05912321458072694,0.008927245267200583,0.029532874511366578
structure_screen,s33|none|r=None|k=None|cal=none|folds=None,33,9618,2,240,60,38,9,0.3781516007207725,0.11738624667636019,0.7374727668845316,0.16773637630347366,0.15,0.01773637630347366,4,15,6,gini,0.7,none,,,none,,0.2385521653917713,0.10334695486553082,0.07940283802341638,0.03112654232959488,0.06544368918580616,0.05179784960479651,0.09015481141925101,0.1283881270100592,0.12577013827315522,0.03318401540331566,0.024008116534955163,0.028824751958347827
structure_screen,s33|none|r=None|k=None|cal=none|folds=None,33,9618,3,240,60,38,9,0.33961317835906807,0.10322497586546514,0.8725490196078431,0.16327299507641851,0.15,0.01327299507641852,4,15,6,gini,0.7,none,,,none,,0.16644310534789578,0.11351814040823643,0.0995752022623864,0.023310782709473517,0.07271938414071165,0.06855262253980361,0.10147221554262967,0.14181656287258526,0.08820967452286856,0.054357007857778354,0.03440107781620078,0.03562422397943007
structure_screen,s33|none|r=None|k=None|cal=none|folds=None,33,9618,4,240,60,37,10,0.39952989480410217,0.12171609568740013,0.748,0.1504697642442548,0.16666666666666666,-0.01619690242241187,4,15,6,gini,0.7,none,,,none,,0.194203786315113,0.108239329986853,0.15239969954060267,0.009754694382974414,0.10234583831179167,0.04840925370403411,0.0986309229106372,0.08838804403417329,0.09808981464599556,0.015543029429419661,0.05192416720721888,0.032071419531186536
structure_screen,s33|none|r=None|k=None|cal=none|folds=None,33,9618,5,240,60,37,10,0.37570444782003876,0.1188669045332911,0.794,0.16616387880928055,0.16666666666666666,-0.0005027878573861111,4,15,6,gini,0.7,none,,,none,,0.18201774604330015,0.1425272032611212,0.15605387829454237,0.02176847499267932,0.08068974377458414,0.029836471589596354,0.10382748714096905,0.13146532030233976,0.055901474087387604,0.033815006778227685,0.031094262761807427,0.03100293097344503
structure_screen,s34|none|r=None|k=None|cal=none|folds=None,34,9618,1,240,60,38,9,0.44890061909938905,0.13883988385347384,0.5751633986928104,0.13747465911247167,0.15,-0.012525340887528325,6,10,6,gini,1.0,none,,,none,,0.17564769752784368,0.10184977505703706,0.21346811277544628,0.02739008112518424,0.06817727111733778,0.03430945642238131,0.10071473905841324,0.19118359283070346,0.007833451404200753,0.04013846075626406,0.01205662820008329,0.027230733725104966
structure_screen,s34|none|r=None|k=None|cal=none|folds=None,34,9618,2,240,60,38,9,0.3558170516641327,0.11098406507435435,0.8267973856209151,0.17236933166118454,0.15,0.022369331661184544,6,10,6,gini,1.0,none,,,none,,0.17277479704750065,0.11485275372867997,0.13468699515813706,0.0394379659932376,0.069417388534125,0.03990608931558233,0.09960829029692847,0.16798287299593262,0.06766737685222829,0.02103330573865453,0.043411565826607414,0.02922059851238607
structure_screen,s34|none|r=None|k=None|cal=none|folds=None,34,9618,3,240,60,38,9,0.32084754993573866,0.096809803556856,0.8638344226579521,0.1617614874230559,0.15,0.01176148742305591,6,10,6,gini,1.0,none,,,none,,0.14332812143015172,0.11362998073007431,0.14739912283400297,0.02806293322438613,0.06781209084370737,0.059406789710143876,0.12093445155308286,0.14277416118453906,0.06896327829411256,0.034493010507209564,0.03420152745926457,0.038994532229324946
structure_screen,s34|none|r=None|k=None|cal=none|folds=None,34,9618,4,240,60,37,10,0.3981295548960087,0.11785277717946792,0.738,0.1536697537224942,0.16666666666666666,-0.012996912944172462,6,10,6,gini,1.0,none,,,none,,0.171885631998,0.10631531447262503,0.15825464360900746,0.013989172884294474,0.10537713699216286,0.05443120439561722,0.09956376639111468,0.10718034966026654,0.06764511921939666,0.013990167191046468,0.06915588459070293,0.0322116085957656
structure_screen,s34|none|r=None|k=None|cal=none|folds=None,34,9618,5,240,60,37,10,0.3535975846412372,0.11283167129271239,0.8420000000000001,0.16476957046099247,0.16666666666666666,-0.001897096205674187,6,10,6,gini,1.0,none,,,none,,0.1572456137321946,0.13994968175005762,0.1744525658722385,0.02360108423722272,0.0768702318285878,0.037280548703449275,0.10616781054047678,0.14877762820954216,0.029579376044876173,0.024843167832984146,0.050793875067154916,0.030438416181215427
structure_screen,s35|none|r=None|k=None|cal=none|folds=None,35,9618,1,240,60,38,9,0.4240264771345658,0.13250162124679793,0.5860566448801743,0.13592430634037447,0.15,-0.014075693659625521,5,15,4,log_loss,0.7,none,,,none,,0.1853720139702148,0.14042671579293733,0.10179357027205305,0.0309649759857338,0.06769259419972466,0.041621667977402486,0.055242339082169,0.19320092945972084,0.024660853129059,0.07743922282069894,0.019373269224516022,0.0622118480857702
structure_screen,s35|none|r=None|k=None|cal=none|folds=None,35,9618,2,240,60,38,9,0.374592902272657,0.11663012006165542,0.7592592592592592,0.162785332231111,0.15,0.012785332231111002,5,15,4,log_loss,0.7,none,,,none,,0.2053083625803643,0.1719470592604633,0.0714522539159652,0.047781042618329404,0.05792712758685117,0.05060727090432208,0.06920924015720842,0.10830889192479644,0.08197863721965776,0.03809761732433255,0.046826157776806376,0.05055633873090294
structure_screen,s35|none|r=None|k=None|cal=none|folds=None,35,9618,3,240,60,38,9,0.3394721785671927,0.10349899845726096,0.8703703703703703,0.1619970520943376,0.15,0.011997052094337601,5,15,4,log_loss,0.7,none,,,none,,0.17460515980603408,0.15213552984877854,0.06881375448376718,0.04425034259884046,0.06793161595785396,0.06619170792567983,0.08291868300995675,0.12376463549742676,0.052114016481170033,0.06890672461058787,0.04390417024615728,0.0544636595337472
structure_screen,s35|none|r=None|k=None|cal=none|folds=None,35,9618,4,240,60,37,10,0.3952821412332176,0.1219817378022998,0.754,0.1503149674981118,0.16666666666666666,-0.016351699168554862,5,15,4,log_loss,0.7,none,,,none,,0.18608682593620085,0.17388359277074733,0.10931440092349533,0.01956385140565799,0.08665641869662917,0.047450832130300886,0.07574087932898163,0.10355828169050242,0.0734026739820973,0.027263935281600253,0.0432773619630621,0.05380094589072479
structure_screen,s35|none|r=None|k=None|cal=none|folds=None,35,9618,5,240,60,37,10,0.3731147708291671,0.11838867971204967,0.8280000000000001,0.164259260977537,0.16666666666666666,-0.0024074056891296436,5,15,4,log_loss,0.7,none,,,none,,0.16706915114948095,0.17601042241144682,0.12002989535389849,0.03171667263591665,0.07133047147269524,0.04704930446454793,0.08875317617935408,0.11013703451366189,0.04329755287715621,0.05510977470200044,0.038026075635446036,0.051470468604395435
structure_screen,s36|none|r=None|k=None|cal=none|folds=None,36,9618,1,240,60,38,9,0.4474964504161106,0.13831675545169594,0.5773420479302833,0.12757531342587833,0.15,-0.022424686574121666,6,5,6,gini,1.0,none,,,none,,0.15607707256576805,0.11913230865643054,0.17110910207106725,0.09558522666118276,0.07897448305380476,0.05482439267709013,0.11872320200352604,0.1344752854786521,0.006699955167524911,0.022770320397196543,0.019689688704694182,0.021938962563062915
structure_screen,s36|none|r=None|k=None|cal=none|folds=None,36,9618,2,240,60,38,9,0.34907735904376036,0.10954971416441332,0.8376906318082789,0.16435762301433565,0.15,0.014357623014335658,6,5,6,gini,1.0,none,,,none,,0.1413683604397523,0.11731006275785139,0.13513308275448496,0.09729547595901407,0.07308152701567064,0.04710388352203122,0.10020871733713342,0.12139313395649405,0.06538720981136806,0.016966115406471294,0.049024754167943656,0.035727676871785054
structure_screen,s36|none|r=None|k=None|cal=none|folds=None,36,9618,3,240,60,38,9,0.3083752572074803,0.09157247426978063,0.8638344226579521,0.16782146199482398,0.15,0.017821461994823984,6,5,6,gini,1.0,none,,,none,,0.13392623218611546,0.11506712551815565,0.11720294590264091,0.05294128905600104,0.08054922202252793,0.0793152400325225,0.11932582334465197,0.12115938987862696,0.07983773398315906,0.020470652376430972,0.0427177384718845,0.03748660722728304
structure_screen,s36|none|r=None|k=None|cal=none|folds=None,36,9618,4,240,60,37,10,0.38928332822225914,0.11287286928543377,0.758,0.15939067470691448,0.16666666666666666,-0.007275991959752176,6,5,6,gini,1.0,none,,,none,,0.15052150769237274,0.12654788958965318,0.11725219550801518,0.03830964200896158,0.1137562799053739,0.06324394622919023,0.09845293336672936,0.10492753004241058,0.05962443265020795,0.014048186338282384,0.07472525661750477,0.03859020005129807
structure_screen,s36|none|r=None|k=None|cal=none|folds=None,36,9618,5,240,60,37,10,0.3523820720288916,0.11095238603836594,0.8300000000000001,0.16677147865939182,0.16666666666666666,0.00010481199272516228,6,5,6,gini,1.0,none,,,none,,0.12544741078611893,0.13810597180274767,0.12495133807140121,0.09828792823951914,0.07901801721218764,0.042467339438297995,0.1087333648604564,0.12222854259137081,0.03961821091243,0.02610880436638548,0.054965819439032025,0.040067252280052805
structure_screen,s37|none|r=None|k=None|cal=none|folds=None,37,9618,1,240,60,38,9,0.44401561438828996,0.13668667469991286,0.5403050108932462,0.140576175667595,0.15,-0.00942382433240499,3,10,6,gini,0.7,none,,,none,,0.17227628271314646,0.09221156283254299,0.2174930233200405,0.021353479754351937,0.06692020456942699,0.03836716759656884,0.07643279391293788,0.22208286779169267,0.013907987189386762,0.043363384038328893,0.010386949513161749,0.02520429676841432
structure_screen,s37|none|r=None|k=None|cal=none|folds=None,37,9618,2,240,60,38,9,0.36394140778583833,0.1126687442135277,0.8071895424836601,0.16792887665392098,0.15,0.017928876653920983,3,10,6,gini,0.7,none,,,none,,0.19289477556089588,0.10033409808161617,0.13921452409077828,0.035500946946071546,0.07766711315940944,0.04391421695877268,0.0968924817986981,0.15208436800340508,0.08028336243179204,0.026983369863447983,0.0310411884653234,0.02318955463978939
structure_screen,s37|none|r=None|k=None|cal=none|folds=None,37,9618,3,240,60,38,9,0.33101453040461043,0.09965117754865965,0.8660130718954248,0.16132883422664998,0.15,0.011328834226649986,3,10,6,gini,0.7,none,,,none,,0.14922183745982953,0.11693363924921195,0.1739391902059967,0.020768165640955006,0.06076343756334472,0.051655755290933254,0.10146365464190191,0.1468796827752077,0.06855328256039785,0.03459992115976935,0.04137688948290284,0.03384454396954913
structure_screen,s37|none|r=None|k=None|cal=none|folds=None,37,9618,4,240,60,37,10,0.39557098207945357,0.11937224878179911,0.7280000000000001,0.15107916468657231,0.16666666666666666,-0.015587501980094343,3,10,6,gini,0.7,none,,,none,,0.17922176266976164,0.10571603177708519,0.1840472051178936,0.009908747938600533,0.10519206305498637,0.047038721697086325,0.08777201293718064,0.1039097156296565,0.07318126580092776,0.012657240742629475,0.06248812989216705,0.028867102742024912
structure_screen,s37|none|r=None|k=None|cal=none|folds=None,37,9618,5,240,60,37,10,0.3682517036519281,0.11623598915124772,0.836,0.16451647280483836,0.16666666666666666,-0.002150193861828298,3,10,6,gini,0.7,none,,,none,,0.17014951453682148,0.13230265129339824,0.2008464793436539,0.0169729269798317,0.07810461315776128,0.027723569704872556,0.09424730927146485,0.1546677052254,0.03810532480496325,0.028412426690583196,0.030828044670792754,0.027639434320456704
structure_screen,s38|none|r=None|k=None|cal=none|folds=None,38,9618,1,240,60,38,9,0.4325677579145956,0.1343171636747685,0.5751633986928104,0.13336650084578883,0.15,-0.016633499154211168,12,5,3,gini,0.7,none,,,none,,0.130411333314034,0.11001189869797467,0.13855043087943392,0.07292361840023315,0.09750278700528174,0.06670987975300947,0.09523322141142379,0.15946261335662362,0.022472384597494843,0.03843520306760964,0.025775353634104218,0.04251127588277687
structure_screen,s38|none|r=None|k=None|cal=none|folds=None,38,9618,2,240,60,38,9,0.36033134412863654,0.11188748298568649,0.8246187363834423,0.1675073473560897,0.15,0.017507347356089692,12,5,3,gini,0.7,none,,,none,,0.1410383756668015,0.10816392537581036,0.1165809744551394,0.06942274611884464,0.09533892511679015,0.06760189872609472,0.09854259528626243,0.12494366353590812,0.06070513437857968,0.029140009442227777,0.046944461352028885,0.04157729054551229
structure_screen,s38|none|r=None|k=None|cal=none|folds=None,38,9618,3,240,60,38,9,0.3169837491355755,0.09274123310520452,0.8464052287581698,0.16443476128766715,0.15,0.014434761287667158,12,5,3,gini,0.7,none,,,none,,0.1343041080714905,0.10642531368701516,0.11248271242135656,0.0456468362179514,0.08831621645034683,0.07116129787189704,0.10686840257535445,0.12839277726057496,0.07244730726612245,0.03145734831147494,0.05002282048132737,0.05247485938508839
structure_screen,s38|none|r=None|k=None|cal=none|folds=None,38,9618,4,240,60,37,10,0.38456652674788183,0.11467025463972659,0.7500000000000001,0.15489151288392974,0.16666666666666666,-0.011775153782736913,12,5,3,gini,0.7,none,,,none,,0.13841771438726577,0.11013089655779265,0.10985700585848646,0.03856506929017849,0.10858422416693558,0.06993969624779003,0.09495763197792374,0.11663745317887787,0.06653945450685059,0.02513519195982371,0.07115983436037858,0.05007582750769664
structure_screen,s38|none|r=None|k=None|cal=none|folds=None,38,9618,5,240,60,37,10,0.358039571547127,0.11296790539803143,0.826,0.16714711205066005,0.16666666666666666,0.00048044538399338865,12,5,3,gini,0.7,none,,,none,,0.14022261874283937,0.12074472704362413,0.11426140363316166,0.06683114687677764,0.0837353969701904,0.05832042009858357,0.09622857561575933,0.1350389254876283,0.04845822735665335,0.03592912730046865,0.05075044203588205,0.04947898883843153
structure_screen,s39|none|r=None|k=None|cal=none|folds=None,39,9618,1,240,60,38,9,0.45440747844757995,0.13861604332803465,0.5555555555555556,0.12642677936055727,0.15,-0.023573220639442727,6,1,4,gini,1.0,none,,,none,,0.1359885480596689,0.11902369242815143,0.13960458612279578,0.10354653135823245,0.10965310813539814,0.05525731457334762,0.10377304693174483,0.11740158519651325,0.02065504213298902,0.02825552657407166,0.0309342051706368,0.03590681331645021
structure_screen,s39|none|r=None|k=None|cal=none|folds=None,39,9618,2,240,60,38,9,0.347407609487563,0.10914797165829587,0.8311546840958606,0.15057354811553483,0.15,0.0005735481155348388,6,1,4,gini,1.0,none,,,none,,0.1372490508836005,0.10018245015453336,0.12172738456480306,0.10475394497106727,0.08949055457265355,0.048895288943553133,0.09414874850435068,0.09836098501337269,0.06396317615093518,0.023529495451102687,0.048028926557566326,0.0696699942324616
structure_screen,s39|none|r=None|k=None|cal=none|folds=None,39,9618,3,240,60,38,9,0.29429642497944175,0.0872494537475436,0.8616557734204793,0.1752642641022662,0.15,0.025264264102266204,6,1,4,gini,1.0,none,,,none,,0.11631738781108723,0.1040775618960844,0.13399119375596066,0.06652637988068215,0.08230834089088195,0.0784265992704626,0.11177329063717234,0.0982581516214119,0.07301335726807445,0.022156558399972624,0.04837161545777044,0.06477956311043916
structure_screen,s39|none|r=None|k=None|cal=none|folds=None,39,9618,4,240,60,37,10,0.37578075644647746,0.11133403178852116,0.732,0.1570698539642698,0.16666666666666666,-0.009596812702396845,6,1,4,gini,1.0,none,,,none,,0.1396778941878509,0.11641996498364174,0.11839935654665283,0.06059863000694599,0.11557067469310325,0.06524993314184901,0.08749862792048335,0.09321617856040244,0.05472498310232351,0.017507795618512807,0.06519500358104917,0.06594095765718505
structure_screen,s39|none|r=None|k=None|cal=none|folds=None,39,9618,5,240,60,37,10,0.3724898635944157,0.11756449985610448,0.784,0.17817003195688913,0.16666666666666666,0.011503365290222473,6,1,4,gini,1.0,none,,,none,,0.11678946756332434,0.10937431865416841,0.10840218910703925,0.10108466178082037,0.09659797246178313,0.044975496958288876,0.0959199826118736,0.10320935363997492,0.055141004849891914,0.026881718468438186,0.051426899207318286,0.09019693469707862
structure_screen,s40|none|r=None|k=None|cal=none|folds=None,40,9618,1,240,60,38,9,0.4319148036623632,0.133296506917578,0.5751633986928104,0.13798237035612015,0.15,-0.01201762964387984,6,15,4,gini,0.7,none,,,none,,0.17554837176429766,0.1003907853488507,0.12261960480951796,0.022430157952437742,0.0820211085797014,0.05338043745805273,0.059172732274499866,0.23925240979327367,0.035232005288172705,0.06320340972097432,0.01106053167067,0.03568844533955122
structure_screen,s40|none|r=None|k=None|cal=none|folds=None,40,9618,2,240,60,38,9,0.37630043570069965,0.11655777790705017,0.7549019607843137,0.16398554374570937,0.15,0.013985543745709372,6,15,4,gini,0.7,none,,,none,,0.21177721145188774,0.10598725440786344,0.09112310280571563,0.03091335960578556,0.0833967390443241,0.05843289521899664,0.07973978332338698,0.1242034007890833,0.11368301793098066,0.03817424579491585,0.024640852598607547,0.03792813702845241
structure_screen,s40|none|r=None|k=None|cal=none|folds=None,40,9618,3,240,60,38,9,0.3421647855603381,0.1038349485580401,0.8703703703703703,0.16174679244258675,0.15,0.011746792442586751,6,15,4,gini,0.7,none,,,none,,0.1406410436230344,0.10998439047532503,0.0967664327469541,0.028611697830016578,0.0768497965619556,0.07116237001025094,0.10141702189274926,0.15012212529351787,0.08469025140615805,0.06070911891067268,0.03697116288377052,0.042074588365595064
structure_screen,s40|none|r=None|k=None|cal=none|folds=None,40,9618,4,240,60,37,10,0.4049823594482443,0.12410695030930927,0.72,0.1501964449942916,0.16666666666666666,-0.01647022167237505,6,15,4,gini,0.7,none,,,none,,0.16511172779479108,0.1219468742669004,0.13025206532538003,0.010481023672149144,0.10908378200762522,0.05403937910607759,0.07718154573436127,0.10426845670743601,0.10518686577321539,0.02578961513881495,0.05152638007416458,0.045132284399084246
structure_screen,s40|none|r=None|k=None|cal=none|folds=None,40,9618,5,240,60,37,10,0.3769799497578669,0.11923020846111965,0.802,0.16473429649423948,0.16666666666666666,-0.0019323701724271725,6,15,4,gini,0.7,none,,,none,,0.17782201855443644,0.12124027486360385,0.152271064480626,0.021628470013594334,0.08756716628639853,0.04247535039940145,0.09035021037696589,0.12970261060574143,0.06281631477132041,0.046533974297037504,0.024743272121656616,0.042849273229217534
structure_screen,s41|none|r=None|k=None|cal=none|folds=None,41,9618,1,240,60,38,9,0.4294098087271739,0.13373758064400454,0.6230936819172113,0.12681701273387766,0.15,-0.023182987266122335,5,1,3,log_loss,1.0,none,,,none,,0.14623809694251844,0.12935263429126598,0.12439703697428234,0.10627555382443356,0.08897015886982072,0.04136312424333783,0.0816276853521972,0.12165647386019507,0.03032850022996565,0.041231747091654496,0.027332050304777214,0.06122693801555157
structure_screen,s41|none|r=None|k=None|cal=none|folds=None,41,9618,2,240,60,38,9,0.35793636459378764,0.11279831224172801,0.8115468409586056,0.14672575149248052,0.15,-0.0032742485075194783,5,1,3,log_loss,1.0,none,,,none,,0.14350234649720192,0.15596467944371195,0.11077826871784183,0.09977765881711119,0.07362041921898989,0.04048286607706167,0.08494278716074978,0.08227664769392365,0.06793929105291154,0.024442813535862078,0.05335631823350377,0.06291590355113089
structure_screen,s41|none|r=None|k=None|cal=none|folds=None,41,9618,3,240,60,38,9,0.2989472528478324,0.08796242344794258,0.855119825708061,0.17041117946304654,0.15,0.020411179463046547,5,1,3,log_loss,1.0,none,,,none,,0.13690607376679448,0.1372182749783397,0.13417668690151546,0.06884591689620277,0.07246948841280448,0.06171816176741257,0.09708597105889297,0.09206109663425784,0.06423199278163129,0.03332648981828929,0.04051876296831885,0.06144108401554006
structure_screen,s41|none|r=None|k=None|cal=none|folds=None,41,9618,4,240,60,37,10,0.3673462318837554,0.10896549208339097,0.746,0.15645230051347303,0.16666666666666666,-0.010214366153193627,5,1,3,log_loss,1.0,none,,,none,,0.14546086888873053,0.1384545661571101,0.10648792345016532,0.05702323374327642,0.11091740809322193,0.05403967518280765,0.08401527252877934,0.08695349225980878,0.05995050639069838,0.020917440201665114,0.06505679591686042,0.07072281718687609
structure_screen,s41|none|r=None|k=None|cal=none|folds=None,41,9618,5,240,60,37,10,0.353207656366238,0.11052494122995817,0.836,0.1661943698430727,0.16666666666666666,-0.000472296823593954,5,1,3,log_loss,1.0,none,,,none,,0.13217799114685105,0.1485250125289961,0.10223392082421616,0.09653512494652784,0.07991580793898356,0.049143572415926054,0.09056239903770369,0.09901816901716748,0.04510304508384176,0.03582172653444055,0.045926859528523996,0.07503637099682166
structure_screen,s42|none|r=None|k=None|cal=none|folds=None,42,9618,1,240,60,38,9,0.47772411363128836,0.1446413619086666,0.5490196078431373,0.12416693919142088,0.15,-0.02583306080857911,8,1,6,gini,1.0,none,,,none,,0.14764638522233345,0.12639606441278162,0.13548179804365335,0.08687386204162345,0.11200645345156786,0.061374330106295075,0.11589269811607253,0.11250561051262226,0.016576931315876495,0.018729902170314994,0.03522994581023501,0.03128601879662404
structure_screen,s42|none|r=None|k=None|cal=none|folds=None,42,9618,2,240,60,38,9,0.33760071096294336,0.10756227696808575,0.8333333333333334,0.15959967170095593,0.15,0.009599671700955936,8,1,6,gini,1.0,none,,,none,,0.1383880980329583,0.1116445173247869,0.11552534897275986,0.08493766191386742,0.08961312190786098,0.05167016595170385,0.10804369197437666,0.10265622031830376,0.053549535635589764,0.01957912071335119,0.05675730486442075,0.06763521239002054
structure_screen,s42|none|r=None|k=None|cal=none|folds=None,42,9618,3,240,60,38,9,0.30085455058309374,0.08981103124499858,0.8420479302832243,0.18013447983522585,0.15,0.030134479835225852,8,1,6,gini,1.0,none,,,none,,0.12750411533514314,0.11101208112125828,0.13089010708468482,0.05536673263713107,0.08132903772883585,0.07638754818350584,0.11698863494021342,0.10555995162300554,0.06197500962123541,0.01808944175380279,0.05195811021804146,0.06293922975314245
structure_screen,s42|none|r=None|k=None|cal=none|folds=None,42,9618,4,240,60,37,10,0.40453027045868545,0.11506809197917109,0.728,0.16172084334496367,0.16666666666666666,-0.004945823321702986,8,1,6,gini,1.0,none,,,none,,0.14253914042790553,0.11874182356340689,0.10920229443974652,0.05228194635487541,0.11258000440051749,0.0612595184848098,0.09737006624924038,0.09763208205041,0.048407761602347825,0.020323929742910227,0.07674574588494397,0.06291568679888601
structure_screen,s42|none|r=None|k=None|cal=none|folds=None,42,9618,5,240,60,37,10,0.40269805242330936,0.12672194910438697,0.736,0.18701128077260742,0.16666666666666666,0.020344614105940767,8,1,6,gini,1.0,none,,,none,,0.1242617346961294,0.11898972939850493,0.0963459651970458,0.0896076786274255,0.09360260504423822,0.05173953714407988,0.10659451907836504,0.10354034635104176,0.0448611305002404,0.026185823746196678,0.053268848036596685,0.09100208218013563
structure_screen,s43|none|r=None|k=None|cal=none|folds=None,43,9618,1,240,60,38,9,0.4382718950101657,0.1352186773620486,0.6013071895424836,0.12243026911141325,0.15,-0.027569730888586746,8,2,3,log_loss,1.0,none,,,none,,0.13844656883834677,0.13363510536325862,0.10865352881825097,0.08773583051031876,0.09043145390290366,0.060428758998683205,0.10130727248434639,0.12138628850689644,0.028515395696693247,0.03811829385612327,0.03344863386625153,0.05789286915792712
structure_screen,s43|none|r=None|k=None|cal=none|folds=None,43,9618,2,240,60,38,9,0.3523832412317157,0.1119554717597345,0.8115468409586057,0.15540619529483565,0.15,0.005406195294835658,8,2,3,log_loss,1.0,none,,,none,,0.1382556820708224,0.1483588000955106,0.09250414043617845,0.08080148127734763,0.08414105133564793,0.05879084028862768,0.09548740472842247,0.09489747158920205,0.05862588882133956,0.02460269778876062,0.05828212219886119,0.06525241936927936
structure_screen,s43|none|r=None|k=None|cal=none|folds=None,43,9618,3,240,60,38,9,0.29461034643048023,0.08708408825545476,0.8638344226579522,0.17275513512853216,0.15,0.022755135128532167,8,2,3,log_loss,1.0,none,,,none,,0.1265974937927964,0.13648141601847064,0.10567636968822133,0.05969808636459054,0.08028086724545545,0.07995618351883833,0.111442214693912,0.10348150575181084,0.053617499176951126,0.030481435732465312,0.05229801184327793,0.059988916173210144
structure_screen,s43|none|r=None|k=None|cal=none|folds=None,43,9618,4,240,60,37,10,0.3805682531083083,0.11245494129458698,0.748,0.16083526811069032,0.16666666666666666,-0.005831398555976336,8,2,3,log_loss,1.0,none,,,none,,0.14649528854975868,0.13261999465279126,0.09591312079630851,0.045624439842060334,0.11263710711885191,0.06466770993275993,0.10185774413598936,0.09841185506030221,0.04918746570610147,0.019465303633768784,0.07129039597241699,0.06182957459889066
structure_screen,s43|none|r=None|k=None|cal=none|folds=None,43,9618,5,240,60,37,10,0.34667461418514917,0.1089789808674564,0.8220000000000001,0.17025003343545062,0.16666666666666666,0.0035833667687839577,8,2,3,log_loss,1.0,none,,,none,,0.128422661117308,0.1438618361328844,0.08820268048231479,0.0799824182298798,0.09032045976639633,0.06404236249388548,0.10208408135867166,0.10133138337127369,0.03799373918796369,0.03546996454727647,0.05779141373213156,0.07049699958001418
structure_screen,s44|none|r=None|k=None|cal=none|folds=None,44,9618,1,240,60,38,9,0.42744076838598505,0.13296519850296212,0.579520697167756,0.13693612331708818,0.15,-0.013063876682911812,3,10,4,log_loss,0.7,none,,,none,,0.17926414395172904,0.1401657640219961,0.14920122626518315,0.031091068765499035,0.05952824585923689,0.03338455532023236,0.04920595454447647,0.19175780666417577,0.025391439488915948,0.06656155926333472,0.013252368709345388,0.06119586714587505
structure_screen,s44|none|r=None|k=None|cal=none|folds=None,44,9618,2,240,60,38,9,0.368356672498365,0.11445105402008308,0.7919389978213508,0.16110573096913008,0.15,0.01110573096913009,3,10,4,log_loss,0.7,none,,,none,,0.19867402844225832,0.17475780380556566,0.09380775725965212,0.05941607205434313,0.05177029688638805,0.04366038792135709,0.06070880489116197,0.11102799422644388,0.07609016722437917,0.032809212035748686,0.05141429189377432,0.04586318335892754
structure_screen,s44|none|r=None|k=None|cal=none|folds=None,44,9618,3,240,60,38,9,0.33113584825495096,0.10037775634313315,0.8703703703703703,0.15967351667750462,0.15,0.009673516677504629,3,10,4,log_loss,0.7,none,,,none,,0.16966354723396607,0.16024673746861143,0.10112509693255882,0.05186662166686871,0.058400422713133934,0.05549752301833379,0.08403986885309009,0.12401162361543612,0.057559842440127455,0.0477913862824097,0.038974493738057794,0.05082283603740616
structure_screen,s44|none|r=None|k=None|cal=none|folds=None,44,9618,4,240,60,37,10,0.3881916038374042,0.11897492576512346,0.754,0.15123957814309177,0.16666666666666666,-0.015427088523574883,3,10,4,log_loss,0.7,none,,,none,,0.18264725694813072,0.1866495367695509,0.1225155004430918,0.022624291328756548,0.08482025655255414,0.04252042472218162,0.06659455899789513,0.10467919093499445,0.06910721558591598,0.02025584492509541,0.049516428471087996,0.04806949432074547
structure_screen,s44|none|r=None|k=None|cal=none|folds=None,44,9618,5,240,60,37,10,0.37051492198817787,0.11711020151036251,0.822,0.16465010613725292,0.16666666666666666,-0.0020165605294137356,3,10,4,log_loss,0.7,none,,,none,,0.16599102178509947,0.167223836277786,0.1436684001335774,0.032452201064161114,0.07767871803699056,0.040731155193768694,0.07696813549744332,0.12034144760047058,0.042447842843447936,0.045770042143774066,0.03681102860844887,0.04991617081503197
structure_screen,s45|none|r=None|k=None|cal=none|folds=None,45,9618,1,240,60,38,9,0.43266246375596557,0.1339824865689157,0.5838779956427015,0.1389281280628805,0.15,-0.011071871937119504,5,15,3,gini,1.0,none,,,none,,0.16205565891557294,0.0978105942539124,0.15858356808381688,0.018835344637130325,0.09058504917750414,0.046296013593301204,0.062127972144950375,0.20091790156581765,0.03474924658998322,0.06554062419770089,0.014304958127373283,0.0481930687129366
structure_screen,s45|none|r=None|k=None|cal=none|folds=None,45,9618,2,240,60,38,9,0.36788068691949294,0.11370365872320236,0.8028322440087147,0.16654070367452872,0.15,0.01654070367452873,5,15,3,gini,1.0,none,,,none,,0.18264141714969892,0.10308440028940205,0.11478131650681038,0.0285469874489763,0.08471877254843083,0.05703715807799978,0.08174855868649422,0.1442375521476102,0.0964775175440267,0.03466617552152055,0.038021729214037965,0.03403841486499206
structure_screen,s45|none|r=None|k=None|cal=none|folds=None,45,9618,3,240,60,38,9,0.33543834910040093,0.10152745850404486,0.8725490196078431,0.16039895450118666,0.15,0.010398954501186664,5,15,3,gini,1.0,none,,,none,,0.15621055283132582,0.11664996391464445,0.13688751323867304,0.03220365454180905,0.06867671398726885,0.04913438433245728,0.08906316011585177,0.13286975935505524,0.08099586097106665,0.058910308064795344,0.033447526999904706,0.04495060164714773
structure_screen,s45|none|r=None|k=None|cal=none|folds=None,45,9618,4,240,60,37,10,0.3946549242538221,0.1210807254386638,0.75,0.1493656852427249,0.16666666666666666,-0.017300981423941764,5,15,3,gini,1.0,none,,,none,,0.16744857223676643,0.10421623069451522,0.13551113832541065,0.017191518358550394,0.10402538202930392,0.05643717822799178,0.0746831472711697,0.10461210757805346,0.09733023074552609,0.026119535257532002,0.060703406343592545,0.05172155293158777
structure_screen,s45|none|r=None|k=None|cal=none|folds=None,45,9618,5,240,60,37,10,0.37299863478147455,0.11789872716630331,0.82,0.1637532698663176,0.16666666666666666,-0.0029133968003490496,5,15,3,gini,1.0,none,,,none,,0.1625423273612524,0.1248170170466342,0.16029667812591736,0.01821064856626837,0.08752475288744965,0.037330698030093645,0.09183587825446256,0.13613578947191515,0.050584312658145225,0.050505883073398226,0.0438672167883254,0.036348797736137875
structure_screen,s46|none|r=None|k=None|cal=none|folds=None,46,9618,1,240,60,38,9,0.4329159714712964,0.13528455290101699,0.644880174291939,0.12269198177552211,0.15,-0.027308018224477884,10,2,6,log_loss,0.7,none,,,none,,0.15422488484643776,0.14059165300181545,0.10947833161953859,0.0697880578594143,0.09487398024248583,0.06175070076854265,0.10903794915838758,0.12381008614352693,0.01914680977411641,0.0357843451549248,0.03274747131258264,0.0487657301182271
structure_screen,s46|none|r=None|k=None|cal=none|folds=None,46,9618,2,240,60,38,9,0.3479701580379805,0.11069835687716208,0.8224400871459695,0.16800680342992036,0.15,0.018006803429920365,10,2,6,log_loss,0.7,none,,,none,,0.1537782290048744,0.1574709304926118,0.09267347587591866,0.07302215264034213,0.07738505510343766,0.058175135427670506,0.10914458424364384,0.10178193323798684,0.04297600922623151,0.023092346225280648,0.053789445565759646,0.05671070295624226
structure_screen,s46|none|r=None|k=None|cal=none|folds=None,46,9618,3,240,60,38,9,0.2965940289560041,0.08699208551538788,0.8572984749455338,0.1755267429431056,0.15,0.025526742943105613,10,2,6,log_loss,0.7,none,,,none,,0.13978824900530618,0.14688046292953058,0.09943553811017004,0.053300358183659344,0.08071299927091898,0.08387560727740964,0.11366390956555532,0.10862823130504146,0.04199015831415317,0.02531290147525188,0.05158058616037164,0.054830998402631684
structure_screen,s46|none|r=None|k=None|cal=none|folds=None,46,9618,4,240,60,37,10,0.37640914251857116,0.11220796699716308,0.768,0.16842253799313792,0.16666666666666666,0.0017558713264712589,10,2,6,log_loss,0.7,none,,,none,,0.1470716999564568,0.1503955471938607,0.09080269920383681,0.043286087663235,0.10381622221498037,0.06705878334471911,0.10056270590469507,0.10876450837057389,0.041698912555170616,0.01866187534131079,0.07173151224656774,0.05614944600459297
structure_screen,s46|none|r=None|k=None|cal=none|folds=None,46,9618,5,240,60,37,10,0.3400177728299035,0.10708850225074508,0.828,0.16749893540133287,0.16666666666666666,0.0008322687346662139,10,2,6,log_loss,0.7,none,,,none,,0.1356451211018317,0.15235263865107437,0.08705594409652977,0.07250815467703764,0.085426817289688,0.061348149909077734,0.1076746245192549,0.1131123452793243,0.031475241045368405,0.029778203267849957,0.06083923481346239,0.06278352534950098
structure_screen,s47|none|r=None|k=None|cal=none|folds=None,47,9618,1,240,60,38,9,0.4303010083734577,0.13340682773947404,0.5838779956427016,0.13857201256823617,0.15,-0.01142798743176382,8,15,4,gini,1.0,none,,,none,,0.17551742039244064,0.10517478052944167,0.19180932686465024,0.018678429474919416,0.0748335352996249,0.038026732890447765,0.059292496988057095,0.20981817996716517,0.022410501313757276,0.061271002379322405,0.010054296821379706,0.03311329707879373
structure_screen,s47|none|r=None|k=None|cal=none|folds=None,47,9618,2,240,60,38,9,0.36602752321252424,0.1136840677753536,0.8028322440087146,0.16804916773738268,0.15,0.018049167737382688,8,15,4,gini,1.0,none,,,none,,0.19993194196564365,0.10037894047168558,0.12065515365186465,0.031109586097010616,0.08301567719646391,0.053338246438435134,0.08776319372340341,0.13162459883847574,0.09621220889764052,0.028703502361130222,0.03007870487400706,0.03718824548423963
structure_screen,s47|none|r=None|k=None|cal=none|folds=None,47,9618,3,240,60,38,9,0.33329755806688455,0.10074551364563825,0.8660130718954249,0.1621860975652337,0.15,0.0121860975652337,8,15,4,gini,1.0,none,,,none,,0.15392441953729136,0.11462624462851535,0.13068816579554374,0.03242290062809623,0.07209368318019688,0.06019444620252335,0.09860479429381479,0.13652897307043693,0.0777260315559489,0.052682457670379795,0.03157636047528646,0.038931522961966225
structure_screen,s47|none|r=None|k=None|cal=none|folds=None,47,9618,4,240,60,37,10,0.3957998571456533,0.1207928271859294,0.7400000000000001,0.14965586258870373,0.16666666666666666,-0.017010804077962932,8,15,4,gini,1.0,none,,,none,,0.16808863737478705,0.10675899917313177,0.15349581469193946,0.012028992773826864,0.111243040156292,0.051292097831237046,0.07386451843967778,0.10163350616655713,0.09915490965078048,0.021912231200558994,0.06291618899815513,0.0376110635430564
structure_screen,s47|none|r=None|k=None|cal=none|folds=None,47,9618,5,240,60,37,10,0.3682776492951945,0.11674484151673034,0.8340000000000001,0.1646005204276322,0.16666666666666666,-0.00206614623903445,8,15,4,gini,1.0,none,,,none,,0.1639889169075279,0.126874585293345,0.17559088647683516,0.017497223152471018,0.08457675122566982,0.042767563924505175,0.09518500211537391,0.13473424861961858,0.04845460836770357,0.037925183465336465,0.03651178499699391,0.03589324545461956
structure_screen,s48|none|r=None|k=None|cal=none|folds=None,48,9618,1,240,60,38,9,0.42908555047124175,0.13423654711025415,0.6296296296296295,0.12549346773124223,0.15,-0.024506532268757764,8,1,4,log_loss,0.7,none,,,none,,0.14319403301885053,0.1350977693863447,0.10869449380035383,0.0767121351205455,0.09465651930972035,0.06203887299022968,0.1016695223252396,0.12816916299940131,0.027385805356358237,0.035575656629896646,0.03285014296213075,0.053955886100928774
structure_screen,s48|none|r=None|k=None|cal=none|folds=None,48,9618,2,240,60,38,9,0.34279328533748615,0.10871427199832083,0.8464052287581699,0.15938506361981641,0.15,0.00938506361981642,8,1,4,log_loss,0.7,none,,,none,,0.14221067913274626,0.14973854454787594,0.0932037068135408,0.07573486004525104,0.07850579822783889,0.053430372070418404,0.10239251204278815,0.105541777716076,0.05262438306191665,0.027250380660050665,0.056594019730790986,0.06277296595070622
structure_screen,s48|none|r=None|k=None|cal=none|folds=None,48,9618,3,240,60,38,9,0.29113821892649744,0.08428932297355714,0.8660130718954248,0.17637910209085947,0.15,0.026379102090859474,8,1,4,log_loss,0.7,none,,,none,,0.13304562607945836,0.13809792281863675,0.09857421770859039,0.060179842771390706,0.08359973350240908,0.08191717124041835,0.1116291767894584,0.10474191970170622,0.04831198455399481,0.0286439983951635,0.051569821620830306,0.05968858481794316
structure_screen,s48|none|r=None|k=None|cal=none|folds=None,48,9618,4,240,60,37,10,0.3701674353822436,0.10934476542175094,0.762,0.16480312622641088,0.16666666666666666,-0.0018635404402557731,8,1,4,log_loss,0.7,none,,,none,,0.14069275761870542,0.14174344974381203,0.09531518412460993,0.04750795546615681,0.09935051522483661,0.06461183097911473,0.10372836789505469,0.0997079124437694,0.05129851462764785,0.023494726027250733,0.06514634103942489,0.06740244480961691
structure_screen,s48|none|r=None|k=None|cal=none|folds=None,48,9618,5,240,60,37,10,0.3393736267907262,0.1067526389536471,0.838,0.16676179331067328,0.16666666666666666,9.512664400662674e-05,8,1,4,log_loss,0.7,none,,,none,,0.1286664289793345,0.14008014819855827,0.09100356743836095,0.07173305500337174,0.09387605610424891,0.06603885492538698,0.09970743034292788,0.10686739286873953,0.04151563639619101,0.03395344867641573,0.055793647740559636,0.07076433332590489
structure_screen,s49|none|r=None|k=None|cal=none|folds=None,49,9618,1,240,60,38,9,0.4287805647799425,0.13444526625664927,0.6034858387799564,0.13430273305887408,0.15,-0.015697266941125915,12,10,3,log_loss,1.0,none,,,none,,0.15735624601279244,0.1380649590651275,0.12934378222987813,0.03724277964475011,0.07241869926620358,0.050453960767979394,0.07999950503348581,0.1590529728494642,0.024152707268856367,0.0649691408963061,0.01975137119552623,0.06719387576963017
structure_screen,s49|none|r=None|k=None|cal=none|folds=None,49,9618,2,240,60,38,9,0.3559490549478381,0.11096747210185016,0.8137254901960784,0.16652454015654783,0.15,0.016524540156547834,12,10,3,log_loss,1.0,none,,,none,,0.16419863716321012,0.16736757622379073,0.08880609507571549,0.04543573078856093,0.07306402144269954,0.0566038232191796,0.0917535523039059,0.11464208037429241,0.06801803399515731,0.030273531019435494,0.054013970533197606,0.045822947860854925
structure_screen,s49|none|r=None|k=None|cal=none|folds=None,49,9618,3,240,60,38,9,0.3182921050637857,0.09630822463991442,0.8747276688453159,0.15991002481018063,0.15,0.009910024810180634,12,10,3,log_loss,1.0,none,,,none,,0.15509243967506633,0.1563543972989404,0.10659150983477525,0.04883929868777818,0.06577540234801893,0.05538303467822961,0.09590762274711913,0.11131371395072855,0.05418765503690811,0.05123312271078124,0.04137194390162115,0.05794985913003327
structure_screen,s49|none|r=None|k=None|cal=none|folds=None,49,9618,4,240,60,37,10,0.3774872448135461,0.11586139840887366,0.7799999999999999,0.15188559704457136,0.16666666666666666,-0.0147810696220953,12,10,3,log_loss,1.0,none,,,none,,0.17472761691603314,0.15090214382138717,0.1065136497921098,0.022940910820267307,0.09510297216322594,0.053707363147355636,0.09341916717210981,0.10160520364501051,0.06515549112485643,0.025044587090000917,0.05419822641802997,0.05668266788961337
structure_screen,s49|none|r=None|k=None|cal=none|folds=None,49,9618,5,240,60,37,10,0.3560752510221928,0.11338778224755496,0.842,0.1642625002883142,0.16666666666666666,-0.002404166378352446,12,10,3,log_loss,1.0,none,,,none,,0.15740915219349008,0.16776792443940874,0.11269019689223503,0.03303692950905791,0.07219507954462258,0.05095599074884371,0.10647634613225929,0.1236655110963286,0.03469873455006252,0.045496052931974444,0.05121226717587744,0.044395814785839656
structure_screen,s50|none|r=None|k=None|cal=none|folds=None,50,9618,1,240,60,38,9,0.4392284206695312,0.13619428278877896,0.5664488017429194,0.13390173922210694,0.15,-0.01609826077789306,10,5,4,gini,0.7,none,,,none,,0.14333166711693784,0.11045291447604559,0.14483546877135303,0.07202076389940093,0.0815616481647362,0.06423946942733588,0.10736606465764391,0.16114768013206282,0.020356768187150903,0.03999979743909268,0.022435291173271445,0.03225246655496868
structure_screen,s50|none|r=None|k=None|cal=none|folds=None,50,9618,2,240,60,38,9,0.3551701909971655,0.11014009132716036,0.8289760348583878,0.1687066217704724,0.15,0.018706621770472415,10,5,4,gini,0.7,none,,,none,,0.14870945037622293,0.10967071985509547,0.1124269180614571,0.07265267219204008,0.0849014960896193,0.06280055766958988,0.10035188737839563,0.12533603371122426,0.07235071268521426,0.026927866458932793,0.04167793306273101,0.04219375245947742
structure_screen,s50|none|r=None|k=None|cal=none|folds=None,50,9618,3,240,60,38,9,0.31489736404649965,0.09232817386471433,0.8616557734204793,0.16538464418207072,0.15,0.015384644182070722,10,5,4,gini,0.7,none,,,none,,0.1264229761622705,0.11359381462571158,0.10182304998437701,0.04541239662576192,0.08795115641395503,0.08571867415984034,0.11082470856656113,0.12367254835555483,0.07388019560820505,0.028094148219778847,0.05091366868890508,0.05169266258907873
structure_screen,s50|none|r=None|k=None|cal=none|folds=None,50,9618,4,240,60,37,10,0.38884766571047713,0.11423784665566547,0.75,0.15570997969422512,0.16666666666666666,-0.010956686972441537,10,5,4,gini,0.7,none,,,none,,0.14753055402780688,0.1193860163907261,0.1203128252569169,0.03763048096885624,0.10833608704268312,0.06743528027904012,0.0921340260220216,0.10819654956389019,0.059970941390265785,0.020065379269858723,0.0705645111903071,0.04843734859762728
structure_screen,s50|none|r=None|k=None|cal=none|folds=None,50,9618,5,240,60,37,10,0.3544588582166162,0.11164536087709268,0.836,0.1698815959590805,0.16666666666666666,0.0032149292924138484,10,5,4,gini,0.7,none,,,none,,0.1395193339164576,0.12284584829541857,0.1200717393481911,0.06494633988609358,0.08550140663904425,0.06528201771190531,0.09998502494128869,0.1298670726867576,0.03969243705057189,0.032016769149011005,0.05337796436767024,0.046894046007590236
structure_screen,s51|none|r=None|k=None|cal=none|folds=None,51,9618,1,240,60,38,9,0.46104885569976417,0.14145477615696417,0.55119825708061,0.12575463053439478,0.15,-0.02424536946560521,6,2,6,gini,1.0,none,,,none,,0.14653403662612358,0.13309371184638427,0.1509086596095288,0.10186740500186582,0.10180591119123042,0.05541773182183873,0.11437600743821325,0.11046016266755537,0.013224390095369857,0.019356371784028256,0.029293379670699886,0.023662232247161737
structure_screen,s51|none|r=None|k=None|cal=none|folds=None,51,9618,2,240,60,38,9,0.3509376355804673,0.110803524449845,0.8050108932461874,0.1578174209867803,0.15,0.007817420986780316,6,2,6,gini,1.0,none,,,none,,0.13381302235811846,0.11373087770554502,0.1337494500894601,0.10092138915049945,0.07931563420394702,0.04548872514086183,0.10532654900994115,0.10350744693008382,0.055311394086070165,0.01611023720268228,0.05618108158968061,0.056544192533110195
structure_screen,s51|none|r=None|k=None|cal=none|folds=None,51,9618,3,240,60,38,9,0.29759849346155687,0.08907478366646779,0.8616557734204793,0.17174571677630546,0.15,0.021745716776305463,6,2,6,gini,1.0,none,,,none,,0.12287471111693622,0.11381432408290644,0.14919806055273188,0.061513938386568955,0.07870943542840851,0.07815353027203237,0.10993297758391204,0.09628375092210237,0.0669170938891214,0.017831174686255752,0.05046674411277623,0.05430425896624797
structure_screen,s51|none|r=None|k=None|cal=none|folds=None,51,9618,4,240,60,37,10,0.38158961135645847,0.10962138984950144,0.74,0.1599454400266482,0.16666666666666666,-0.006721226640018452,6,2,6,gini,1.0,none,,,none,,0.1487793213896957,0.11923896195670909,0.11971760934939082,0.061061838619272196,0.11417857651937,0.05679444632690964,0.0937200371463976,0.0925361367169871,0.04976140806269812,0.01667744776171516,0.07492070731989917,0.05261350883095529
structure_screen,s51|none|r=None|k=None|cal=none|folds=None,51,9618,5,240,60,37,10,0.3699982360998737,0.11641135404389692,0.788,0.1736595118072238,0.16666666666666666,0.006992845140557147,6,2,6,gini,1.0,none,,,none,,0.11380945304096227,0.11937668022638823,0.11265935508185482,0.10655894994297134,0.08829621112230268,0.04581459515724398,0.10121454645119748,0.10639010280080642,0.04337899776437134,0.02569862451092014,0.05440437502739765,0.08239810887358363
structure_screen,s52|none|r=None|k=None|cal=none|folds=None,52,9618,1,240,60,38,9,0.4281730144038459,0.13362038716109376,0.6056644880174292,0.13003928640960896,0.15,-0.019960713590391033,6,5,3,log_loss,0.7,none,,,none,,0.14029181488523715,0.14103113242696427,0.11438301519395411,0.0674962109206452,0.07545942551343342,0.057085079719123674,0.08568308489366365,0.1518464400549494,0.030381097265160126,0.048788902726531316,0.02461808461677968,0.06293571178355797
structure_screen,s52|none|r=None|k=None|cal=none|folds=None,52,9618,2,240,60,38,9,0.3515217782408345,0.10958902466216211,0.8398692810457516,0.1651419991311706,0.15,0.01514199913117062,6,5,3,log_loss,0.7,none,,,none,,0.14679002675163613,0.15135404457059057,0.09865003857932897,0.06913149385416222,0.07756499004826505,0.06310197050732823,0.09288660719501173,0.11003935045330189,0.05744186508579376,0.03275152326724532,0.05338835551580334,0.04689973417153282
structure_screen,s52|none|r=None|k=None|cal=none|folds=None,52,9618,3,240,60,38,9,0.3069970814891876,0.09054611087260236,0.8703703703703703,0.16665790822072793,0.15,0.016657908220727935,6,5,3,log_loss,0.7,none,,,none,,0.13991882601949596,0.13188273876320397,0.09828406964603323,0.0533650317060706,0.07639424915803278,0.06940318854718497,0.10104371876992936,0.11627700112310833,0.057203532743503684,0.039342971114373765,0.056394871746837744,0.06048980066222568
structure_screen,s52|none|r=None|k=None|cal=none|folds=None,52,9618,4,240,60,37,10,0.3706428945854586,0.11228907625466862,0.776,0.15402690540556735,0.16666666666666666,-0.012639761261099308,6,5,3,log_loss,0.7,none,,,none,,0.14720577682134384,0.14490114126447423,0.09799092799927249,0.03971043814993021,0.10127484341385773,0.06629002435034,0.0968505726321912,0.10724961938571374,0.0563265572052582,0.023065048709944393,0.06247076404323054,0.05666428602444328
structure_screen,s52|none|r=None|k=None|cal=none|folds=None,52,9618,5,240,60,37,10,0.35279943211690756,0.11182634556603237,0.834,0.16243475860207063,0.16666666666666666,-0.004231908064596029,6,5,3,log_loss,0.7,none,,,none,,0.1352694195700241,0.15372905972589346,0.1007542144587278,0.05946015953982605,0.08675894670648131,0.058212491143675764,0.09785300329587833,0.12232366094046404,0.040324483748508014,0.04287240686083685,0.05649349726770831,0.045948656741976
structure_screen,s53|none|r=None|k=None|cal=none|folds=None,53,9618,1,240,60,38,9,0.42850076737831455,0.13379204573055184,0.616557734204793,0.12581041860100686,0.15,-0.024189581398993132,12,5,4,log_loss,0.7,none,,,none,,0.15265937076151775,0.14077567779427483,0.1176739516554537,0.061591833993882204,0.07736511933027185,0.060076103075609934,0.09013532633861922,0.15151094538423057,0.023013047117666406,0.049498015906064216,0.02408847583909085,0.051612132803318514
structure_screen,s53|none|r=None|k=None|cal=none|folds=None,53,9618,2,240,60,38,9,0.34809775060409687,0.1089806620439976,0.8442265795206972,0.1689368784735503,0.15,0.0189368784735503,12,5,4,log_loss,0.7,none,,,none,,0.1536243993321289,0.15803707144940615,0.09339155553160094,0.06886117077043817,0.07242903049738933,0.05841570400359739,0.09694278022389188,0.11013022238314055,0.055182038509104345,0.03206097621904607,0.05102473670980964,0.04990031437044676
structure_screen,s53|none|r=None|k=None|cal=none|folds=None,53,9618,3,240,60,38,9,0.30646916049931155,0.08998838431952622,0.8594771241830066,0.1664622397591515,0.15,0.01646223975915151,12,5,4,log_loss,0.7,none,,,none,,0.14253251698405806,0.1472277291305965,0.08759703428972487,0.04619544091583956,0.08787374661644014,0.0785657267054385,0.10733016618295309,0.11619315696740433,0.04921721458851156,0.03409323539345287,0.050654451974189746,0.052519580251390786
structure_screen,s53|none|r=None|k=None|cal=none|folds=None,53,9618,4,240,60,37,10,0.381160107895296,0.11378174098231293,0.768,0.1566617456554765,0.16666666666666666,-0.01000492101119016,12,5,4,log_loss,0.7,none,,,none,,0.15055944823273293,0.16120365981549387,0.10239067694825794,0.03345797769477977,0.09939094033150328,0.06276623265220066,0.09885318581677655,0.10137585736737176,0.05302892756434842,0.019531557454998228,0.06836389404896218,0.04907764207257458
structure_screen,s53|none|r=None|k=None|cal=none|folds=None,53,9618,5,240,60,37,10,0.3456298014905838,0.10937399030343939,0.838,0.1650453898442172,0.16666666666666666,-0.0016212768224494467,12,5,4,log_loss,0.7,none,,,none,,0.14165966997898483,0.166070856061343,0.1000954381974213,0.050587253774872616,0.07975119992156918,0.06520325749810098,0.10714541780307404,0.11790320777060785,0.03282131870580621,0.036916949879305216,0.05530973717329697,0.046535693235617945
structure_screen,s54|none|r=None|k=None|cal=none|folds=None,54,9618,1,240,60,38,9,0.41505941008097247,0.13098762612044795,0.6405228758169935,0.13356724268960166,0.15,-0.016432757310398338,8,10,4,log_loss,1.0,none,,,none,,0.16473208020817925,0.14729230275265512,0.1425271197257038,0.033999762994627196,0.0661899591625101,0.041542254358608775,0.07999224134814359,0.17123634692858514,0.01631243831767627,0.06459227049584654,0.016408555217493792,0.05517466848997055
structure_screen,s54|none|r=None|k=None|cal=none|folds=None,54,9618,2,240,60,38,9,0.35316551158388126,0.1106695402025825,0.8137254901960784,0.16597504279441946,0.15,0.01597504279441947,8,10,4,log_loss,1.0,none,,,none,,0.17939600972340247,0.16876949456447612,0.08564866530225514,0.05625913041217117,0.06747892014250227,0.052409649483754886,0.09131550743838152,0.1154211640781224,0.06168013326546016,0.03014753167150958,0.04326389065378532,0.04820990326417902
structure_screen,s54|none|r=None|k=None|cal=none|folds=None,54,9618,3,240,60,38,9,0.31740958389790247,0.09570767530103251,0.8507625272331154,0.1618685236303148,0.15,0.011868523630314792,8,10,4,log_loss,1.0,none,,,none,,0.16417326909665306,0.15627734456339581,0.09958675395384567,0.04535948492048672,0.07273471291414663,0.06916844965523576,0.10095119854538216,0.11675826740706516,0.04671626544126125,0.04839523873947938,0.03688588920415373,0.042993125558894785
structure_screen,s54|none|r=None|k=None|cal=none|folds=None,54,9618,4,240,60,37,10,0.3829829010041781,0.11595276098788937,0.772,0.1535248496482859,0.16666666666666666,-0.01314181701838077,8,10,4,log_loss,1.0,none,,,none,,0.16003806645254712,0.1685923573705595,0.11908259687141912,0.020338446418299308,0.09956831215499727,0.048198595851288155,0.09694134270096294,0.10269403829995996,0.06230538676718687,0.01898192540348211,0.05950068414369463,0.043758247565603134
structure_screen,s54|none|r=None|k=None|cal=none|folds=None,54,9618,5,240,60,37,10,0.3529028304722487,0.11228171033154818,0.834,0.16540578573129275,0.16666666666666666,-0.0012608809353739092,8,10,4,log_loss,1.0,none,,,none,,0.16711278128348478,0.17572778210016354,0.12134349524323518,0.02734460803147318,0.07822248788753329,0.051932561940413215,0.103309955956666,0.12045789531536,0.026308729928561654,0.03852341136277658,0.04675652960550417,0.042959761344828394
structure_screen,s55|none|r=None|k=None|cal=none|folds=None,55,9618,1,240,60,38,9,0.4502700842151825,0.13692976350507563,0.5098039215686274,0.13437210672504854,0.15,-0.015627893274951454,3,1,3,gini,1.0,none,,,none,,0.11850716949656646,0.08344865273660494,0.18188822265432433,0.17232807883044393,0.10633031718549713,0.03118671987069592,0.05030226895828451,0.13508927429717743,0.027572278233912693,0.041313627037766025,0.015382949288099817,0.03665044141062689
structure_screen,s55|none|r=None|k=None|cal=none|folds=None,55,9618,2,240,60,38,9,0.37069191923739825,0.11405769709225266,0.8028322440087147,0.14660163668404988,0.15,-0.0033983633159501148,3,1,3,gini,1.0,none,,,none,,0.12903797546796122,0.08169505411416357,0.1757784904215806,0.15362586335947448,0.08908096813747333,0.037497989993879904,0.05347045291902635,0.09326908502016726,0.0793936307890095,0.02387297572983747,0.024785790149011687,0.05849172389841456
structure_screen,s55|none|r=None|k=None|cal=none|folds=None,55,9618,3,240,60,38,9,0.31740988197043174,0.09259389497344038,0.8616557734204793,0.17077891774156667,0.15,0.020778917741566677,3,1,3,gini,1.0,none,,,none,,0.1136050078671412,0.08778146308564663,0.21231761721597114,0.11061631218770746,0.06308463800679777,0.041241063313656665,0.06853361628849254,0.08740223853128405,0.09454440522813269,0.03265789419823309,0.029507721063832145,0.058708023013104606
structure_screen,s55|none|r=None|k=None|cal=none|folds=None,55,9618,4,240,60,37,10,0.3773225592567317,0.11081783641343414,0.714,0.15487822244465504,0.16666666666666666,-0.011788444222011613,3,1,3,gini,1.0,none,,,none,,0.14530488627128796,0.09806928098234315,0.15465573055139661,0.08907781706600947,0.11630988896185263,0.04292821358971288,0.05745584989809309,0.08062219623220036,0.07482823685164636,0.0178486578842337,0.04772665012865024,0.0751725915825734
structure_screen,s55|none|r=None|k=None|cal=none|folds=None,55,9618,5,240,60,37,10,0.3840180135409115,0.11849859188260745,0.754,0.1690520406605872,0.16666666666666666,0.002385373993920553,3,1,3,gini,1.0,none,,,none,,0.10542232934415788,0.09264637878904278,0.15214528439714936,0.14945448466571765,0.09218056793924821,0.02846467644593611,0.06248182366214907,0.10256865424195212,0.05350677831337756,0.034705298290577814,0.03178456241450182,0.0946391614961897
structure_screen,s56|none|r=None|k=None|cal=none|folds=None,56,9618,1,240,60,38,9,0.4320881878140807,0.13418179100072158,0.5708061002178649,0.13740356100254258,0.15,-0.01259643899745741,6,10,4,gini,0.7,none,,,none,,0.16263889313816493,0.10380519113299407,0.16049394451894083,0.025874185755980342,0.08242512411344768,0.05530181469858565,0.07311142695372708,0.21559207228689975,0.024892474143336864,0.04895288337235129,0.014511742949265615,0.03240024693630598
structure_screen,s56|none|r=None|k=None|cal=none|folds=None,56,9618,2,240,60,38,9,0.36269463753782166,0.1123639379367197,0.8093681917211328,0.16928822697798745,0.15,0.01928822697798746,6,10,4,gini,0.7,none,,,none,,0.18011556539967027,0.1041477079021579,0.11885015973095953,0.032242005527285914,0.08529332850434958,0.06383381373424342,0.09452103548123875,0.13449460823296633,0.08489171528608572,0.03030789322411049,0.03277022886563251,0.038531938111299534
structure_screen,s56|none|r=None|k=None|cal=none|folds=None,56,9618,3,240,60,38,9,0.3303856310043063,0.09930484241776,0.8572984749455338,0.16117910437085803,0.15,0.011179104370858034,6,10,4,gini,0.7,none,,,none,,0.13366602015340376,0.10522655135636036,0.13253736837472732,0.029402884195246212,0.07243715348211215,0.06924337708765733,0.10893490047360196,0.143526587191564,0.06733307679996274,0.04393024799780245,0.04931587738917716,0.04444595549838459
structure_screen,s56|none|r=None|k=None|cal=none|folds=None,56,9618,4,240,60,37,10,0.39476334466378116,0.1193056222863981,0.7460000000000001,0.15193510065495613,0.16666666666666666,-0.014731566011710523,6,10,4,gini,0.7,none,,,none,,0.14751652225323095,0.12208611530959153,0.14440958587793482,0.015395302417263388,0.1057499260474614,0.05577958342374838,0.07966052292465481,0.11890944798578008,0.08217011326671449,0.019880614219583415,0.06695799771100105,0.04148426856303564
structure_screen,s56|none|r=None|k=None|cal=none|folds=None,56,9618,5,240,60,37,10,0.36629272715659444,0.11579494600123362,0.8320000000000001,0.16610486068740593,0.16666666666666666,-0.0005618059792607266,6,10,4,gini,0.7,none,,,none,,0.16279703145817895,0.12696007086264674,0.16322439046296613,0.020201511228638412,0.08961280544253705,0.04976150736563625,0.09577659110054504,0.12964195364231104,0.04466316313277156,0.035425230073136124,0.038156527113917184,0.043779218116715576
structure_screen,s57|none|r=None|k=None|cal=none|folds=None,57,9618,1,240,60,38,9,0.424484696981184,0.13279726110824633,0.5729847494553377,0.13706639638814447,0.15,-0.012933603611855526,12,15,3,log_loss,1.0,none,,,none,,0.17724575868251097,0.12977832106565615,0.1273143651997975,0.02880128183491696,0.06881720570000087,0.039849181095457015,0.06674299296750465,0.17124323809689887,0.02464275359389026,0.07316292207541344,0.019658718921065455,0.07274326076688792
structure_screen,s57|none|r=None|k=None|cal=none|folds=None,57,9618,2,240,60,38,9,0.3666990215405443,0.11410697748721939,0.7962962962962963,0.16393560733985277,0.15,0.013935607339852774,12,15,3,log_loss,1.0,none,,,none,,0.18150510927905403,0.16562899998764144,0.08591632987598481,0.04184940555019685,0.06371751129046997,0.05369148045254144,0.082372016743782,0.11367002806010232,0.07750810581045349,0.03808179020981144,0.05271093985185132,0.043348282888110906
structure_screen,s57|none|r=None|k=None|cal=none|folds=None,57,9618,3,240,60,38,9,0.3322391317811889,0.1009528693318374,0.8616557734204793,0.1610713641441782,0.15,0.011071364144178197,12,15,3,log_loss,1.0,none,,,none,,0.1620610328887494,0.16402868712766427,0.1077408131025851,0.04560204309008198,0.061014861356631006,0.05033343427326031,0.08089291168281833,0.11581527772657281,0.055411187021311405,0.06023761410958575,0.04174084305352958,0.05512129456721015
structure_screen,s57|none|r=None|k=None|cal=none|folds=None,57,9618,4,240,60,37,10,0.38602696865790365,0.1190181009653207,0.768,0.14919336729435842,0.16666666666666666,-0.017473299372308237,12,15,3,log_loss,1.0,none,,,none,,0.17745580752933823,0.15048151755138645,0.11488248455990638,0.022327873457025922,0.08981805291213765,0.047991473103137214,0.0819461474015585,0.09462199425922141,0.08087734850737224,0.02732050164797752,0.05206820802262899,0.060208591048309404
structure_screen,s57|none|r=None|k=None|cal=none|folds=None,57,9618,5,240,60,37,10,0.3684289623428662,0.11694516770592801,0.826,0.1630331627244626,0.16666666666666666,-0.003633503942204047,12,15,3,log_loss,1.0,none,,,none,,0.16505415844562413,0.17333343474913523,0.12152176683940372,0.030450387038167433,0.06855458056239733,0.04605343146165452,0.08944938074268455,0.1251897510093926,0.03811878192502376,0.05517213084178439,0.0445007939336837,0.04260140245104862
structure_screen,s58|none|r=None|k=None|cal=none|folds=None,58,9618,1,240,60,38,9,0.4521325410137947,0.13899887387153384,0.5403050108932462,0.13138334054834058,0.15,-0.018616659451659412,12,2,4,gini,0.7,none,,,none,,0.1422681538897941,0.11829702985365118,0.11942836499096253,0.08658351027451486,0.10697196291365726,0.06636535969726588,0.11216496238983982,0.12802821249380664,0.023649896756267157,0.028578211827316062,0.03399043202695239,0.033673902885971996
structure_screen,s58|none|r=None|k=None|cal=none|folds=None,58,9618,2,240,60,38,9,0.34600861976062663,0.1086208299982782,0.8420479302832244,0.16675326821326822,0.15,0.016753268213268224,12,2,4,gini,0.7,none,,,none,,0.1372468316703006,0.1119148907978842,0.10377726727502094,0.08466794296865421,0.08925364551197884,0.060679068301728076,0.10460170570552381,0.11790684898403445,0.05549631510918197,0.024493760586881037,0.05331304165224538,0.05664868143656659
structure_screen,s58|none|r=None|k=None|cal=none|folds=None,58,9618,3,240,60,38,9,0.29497160701223785,0.08634218892074032,0.8594771241830066,0.1713589862914863,0.15,0.021358986291486304,12,2,4,gini,0.7,none,,,none,,0.12317412465028134,0.11538609323222898,0.106293727758796,0.05697933152818573,0.09304856302854188,0.08679665785427533,0.11131000796511088,0.11367172426451289,0.059721232167322405,0.023311068677753496,0.054948238001796296,0.05535923087119482
structure_screen,s58|none|r=None|k=None|cal=none|folds=None,58,9618,4,240,60,37,10,0.3966174209436647,0.11322900397997814,0.7480000000000001,0.16804358669108674,0.16666666666666666,0.0013769200244200808,12,2,4,gini,0.7,none,,,none,,0.1375163491218141,0.11739531948885486,0.10050795174791026,0.05164444684848559,0.11109198915495822,0.07091662725495063,0.09808421989561943,0.10553939417997302,0.05142683102005262,0.02060683281316487,0.07357356276174681,0.06169647571246957
structure_screen,s58|none|r=None|k=None|cal=none|folds=None,58,9618,5,240,60,37,10,0.35013301559288984,0.11029480421541482,0.818,0.17721739538239542,0.16666666666666666,0.010550728715728763,12,2,4,gini,0.7,none,,,none,,0.12299626450874393,0.11421780039503437,0.1030961263142652,0.07681579133735209,0.09886030117851229,0.06566145470668147,0.11038871840190494,0.1107860563774698,0.042405010301232025,0.02359727131217914,0.05557024271295525,0.07560496245366959
structure_screen,s59|none|r=None|k=None|cal=none|folds=None,59,9618,1,240,60,38,9,0.4286428318299542,0.13375303760679794,0.6165577342047931,0.12819380932266716,0.15,-0.021806190677332832,4,1,6,log_loss,1.0,none,,,none,,0.16336707719255109,0.14096909116675946,0.15503965432112912,0.11160141210411266,0.08415225300613398,0.033220754966797245,0.07551215844067426,0.12650715523300593,0.014964203206644074,0.03483763192659589,0.017660111871533008,0.04216849656406326
structure_screen,s59|none|r=None|k=None|cal=none|folds=None,59,9618,2,240,60,38,9,0.35836283129090785,0.11313617657757506,0.7962962962962963,0.14457236940996862,0.15,-0.005427630590031374,4,1,6,log_loss,1.0,none,,,none,,0.1554243783460288,0.18419541707043902,0.1317431376011045,0.11357494785490889,0.06386625452488065,0.024365637341105514,0.07768771653648344,0.07475464223016716,0.06024475000987621,0.0164114249438262,0.041058372435282285,0.05667332110589745
structure_screen,s59|none|r=None|k=None|cal=none|folds=None,59,9618,3,240,60,38,9,0.30637678275331787,0.0911016919423618,0.8725490196078433,0.17054472130549095,0.15,0.020544721305490954,4,1,6,log_loss,1.0,none,,,none,,0.15061194351537946,0.17256679223629007,0.16890040772640352,0.06367245848362713,0.053291297264220966,0.05864878019624496,0.0943102760356345,0.07894867566400528,0.05594088399679441,0.024117955039225963,0.03220806735977176,0.046782462482402004
structure_screen,s59|none|r=None|k=None|cal=none|folds=None,59,9618,4,240,60,37,10,0.36734076926033676,0.10891884467578028,0.762,0.1549347430071863,0.16666666666666666,-0.011731923659480364,4,1,6,log_loss,1.0,none,,,none,,0.1571521204601672,0.17321799555489875,0.1261987640709108,0.05899109661230159,0.10040246029380981,0.03374285839255746,0.08663167269341779,0.07685390487524893,0.057766266579932404,0.01807363546846345,0.05776981338486033,0.05319941161343154
structure_screen,s59|none|r=None|k=None|cal=none|folds=None,59,9618,5,240,60,37,10,0.35901234144929867,0.11211724469612569,0.826,0.16350653314014696,0.16666666666666666,-0.0031601335265196984,4,1,6,log_loss,1.0,none,,,none,,0.14190283621461217,0.16135309019480587,0.11513851070863433,0.10703231821932083,0.07311887811038893,0.032175077984772746,0.08243741257566939,0.0937554887373336,0.0426309962516899,0.02982561762537723,0.04095060256923876,0.07967917080815627
structure_screen,s60|none|r=None|k=None|cal=none|folds=None,60,9618,1,240,60,38,9,0.41998137084094106,0.13156091441746773,0.6187363834422658,0.13055260090909007,0.15,-0.019447399090909923,4,5,4,log_loss,0.7,none,,,none,,0.15184966663354732,0.14383490704941954,0.1350683521247756,0.07173205299553984,0.06704417865772919,0.046182979363631395,0.07169702708371774,0.16203690566191017,0.02506951300038774,0.05091713088567667,0.015134393301604886,0.05943289324205984
structure_screen,s60|none|r=None|k=None|cal=none|folds=None,60,9618,2,240,60,38,9,0.35967788411588114,0.11229205754055668,0.8202614379084967,0.15894961434225519,0.15,0.008949614342255191,4,5,4,log_loss,0.7,none,,,none,,0.1634847262726253,0.16618391265930832,0.10438704201600943,0.0850991151872482,0.057414262042345614,0.04617788286836659,0.07596644883141809,0.10529194748537767,0.06753598953751849,0.029363548867346486,0.050090103053218774,0.04900502117921708
structure_screen,s60|none|r=None|k=None|cal=none|folds=None,60,9618,3,240,60,38,9,0.31380713948652317,0.09317113346625279,0.8725490196078431,0.16320834419573224,0.15,0.013208344195732247,4,5,4,log_loss,0.7,none,,,none,,0.1538379783013707,0.1549233879291998,0.09532067690561934,0.05356986440171785,0.07676645869747867,0.0709524119841167,0.09734433641049549,0.10622385000061625,0.058624236852505354,0.03681647082536037,0.04299281043501935,0.05262751725650016
structure_screen,s60|none|r=None|k=None|cal=none|folds=None,60,9618,4,240,60,37,10,0.37666248253943674,0.11375677224353005,0.77,0.15295817774884624,0.16666666666666666,-0.013708488917820422,4,5,4,log_loss,0.7,none,,,none,,0.16095606669762222,0.16874513078821898,0.11211284451835701,0.03592191420205334,0.09028248642967533,0.053709776364313046,0.08702029577599418,0.09637942144436412,0.059538182681811755,0.02140505733846437,0.06323518664531015,0.0506936371138155
structure_screen,s60|none|r=None|k=None|cal=none|folds=None,60,9618,5,240,60,37,10,0.35305817280086615,0.11124967995872365,0.852,0.1642028038741191,0.16666666666666666,-0.0024638627925475665,4,5,4,log_loss,0.7,none,,,none,,0.14836569268100108,0.16846695479520551,0.11306862222210134,0.06299067717631696,0.07729760839812136,0.05612412907014238,0.09183574288239188,0.11372076439839812,0.039116196165685624,0.03997566093910287,0.04464865808906932,0.0443892931824636
structure_screen,s61|none|r=None|k=None|cal=none|folds=None,61,9618,1,240,60,38,9,0.4533236508811069,0.13823761550305244,0.5315904139433552,0.127646944450474,0.15,-0.02235305554952599,4,2,6,gini,0.7,none,,,none,,0.13819198331818824,0.11510225562981156,0.1722005639365476,0.11856508983629806,0.10235603399271989,0.05427834070462099,0.09695160215247663,0.12471333564693216,0.014647755777592355,0.025743877040741554,0.018921996931235485,0.018327165032835498
structure_screen,s61|none|r=None|k=None|cal=none|folds=None,61,9618,2,240,60,38,9,0.3622624799116283,0.11266434050450123,0.8028322440087146,0.1503768429770765,0.15,0.00037684297707651915,4,2,6,gini,0.7,none,,,none,,0.139482061511119,0.0954943955393812,0.15523667499465735,0.12704227377150465,0.072955333704264,0.036913827168985884,0.08129767110978252,0.09815444064791441,0.07451850452918773,0.02070093472943415,0.03483704247603787,0.06336683981773136
structure_screen,s61|none|r=None|k=None|cal=none|folds=None,61,9618,3,240,60,38,9,0.30842779831432915,0.09023206592454595,0.8529411764705882,0.17001414487371466,0.15,0.020014144873714668,4,2,6,gini,0.7,none,,,none,,0.12138117282233334,0.10657592393721671,0.16801052809130926,0.07334096198148113,0.07365609538211254,0.06767491636309148,0.09912589693406289,0.10400036954507894,0.0799569107639313,0.021897815265402604,0.03663982960994784,0.047739579304032075
structure_screen,s61|none|r=None|k=None|cal=none|folds=None,61,9618,4,240,60,37,10,0.3796881941279841,0.11115993310840078,0.7300000000000001,0.15373731594442813,0.16666666666666666,-0.012929350722238525,4,2,6,gini,0.7,none,,,none,,0.14569792915064858,0.12144205776129918,0.13693058154911647,0.06322665410554228,0.11328095281754227,0.0516595953715968,0.07706155263983765,0.08977989274152032,0.0588843617306282,0.0153094980021117,0.06455592649616136,0.0621709976339952
structure_screen,s61|none|r=None|k=None|cal=none|folds=None,61,9618,5,240,60,37,10,0.3746235607339873,0.1164479401255632,0.788,0.16970676991405914,0.16666666666666666,0.003040103247392484,4,2,6,gini,0.7,none,,,none,,0.116365928994925,0.10395451609637801,0.13487373961981067,0.1285254191038799,0.09179514188129663,0.03613735672809689,0.07608650480465114,0.1003465510781936,0.05451318664664565,0.02815987127306812,0.04330338180055954,0.08593840197249494
structure_screen,s62|none|r=None|k=None|cal=none|folds=None,62,9618,1,240,60,38,9,0.4155542788603622,0.13124615474066895,0.6361655773420479,0.13693928044658324,0.15,-0.013060719553416755,8,15,6,log_loss,1.0,none,,,none,,0.20544797144060278,0.13999698811078762,0.16140432633425603,0.02691046137521867,0.05653345283829528,0.032242159153583826,0.07053908606943124,0.17272107643859982,0.01189955978654866,0.062205760971489554,0.014488071486580044,0.04561108599460649
structure_screen,s62|none|r=None|k=None|cal=none|folds=None,62,9618,2,240,60,38,9,0.3617047825420134,0.11362018495996624,0.7854030501089324,0.1658790522844184,0.15,0.01587905228441841,8,15,6,log_loss,1.0,none,,,none,,0.2095493279700252,0.20323429092557577,0.07730125987887154,0.048346181616791675,0.05887463051381877,0.041774494086091685,0.08723483375029902,0.10369781249136507,0.06630161979952635,0.02671705858367262,0.03971342889710773,0.03725506148685468
structure_screen,s62|none|r=None|k=None|cal=none|folds=None,62,9618,3,240,60,38,9,0.32383962795072,0.09889508698693907,0.8703703703703703,0.1625821334839118,0.15,0.012582133483911795,8,15,6,log_loss,1.0,none,,,none,,0.1769013624320004,0.18351231209503313,0.10823154595778617,0.040996898327271936,0.05421189574384507,0.05592159283016548,0.09973767024485512,0.11233128257646169,0.049401454784106937,0.05022558359013065,0.02981036121320185,0.03871804020514156
structure_screen,s62|none|r=None|k=None|cal=none|folds=None,62,9618,4,240,60,37,10,0.3884885453439766,0.11803543219657144,0.768,0.15119396396552612,0.16666666666666666,-0.01547270270114054,8,15,6,log_loss,1.0,none,,,none,,0.19243271016626837,0.1895918466244522,0.1276467339114081,0.020458648508021798,0.0810034768927849,0.037503068129971305,0.09356001984195768,0.08515141212583717,0.06469984210322106,0.019702266743964608,0.047830470843144554,0.04041950410896832
structure_screen,s62|none|r=None|k=None|cal=none|folds=None,62,9618,5,240,60,37,10,0.3576275870413496,0.11408522364058031,0.842,0.16351444180536964,0.16666666666666666,-0.003152224861297015,8,15,6,log_loss,1.0,none,,,none,,0.1825137331076562,0.19743536946872628,0.14865696071502682,0.0230993551077395,0.05482419571563626,0.03710916488381513,0.10063756888247376,0.1140038002768171,0.023408045119094285,0.04311060848385282,0.04304295821156666,0.0321582400275951
structure_screen,s63|none|r=None|k=None|cal=none|folds=None,63,9618,1,240,60,38,9,0.43356572610160604,0.13370477689121477,0.5751633986928104,0.1360945294248834,0.15,-0.013905470575116596,4,5,3,gini,0.7,none,,,none,,0.12785002569187587,0.10318500372084369,0.15659029951110814,0.08508581094653579,0.09330843758673568,0.05975329352951858,0.08123820174864343,0.16236307907665498,0.023696918855855093,0.04142202464513204,0.023024981704137897,0.04248192298295878
structure_screen,s63|none|r=None|k=None|cal=none|folds=None,63,9618,2,240,60,38,9,0.3662838168973257,0.11327945981475095,0.8050108932461874,0.16077553395426555,0.15,0.01077553395426556,4,5,3,gini,0.7,none,,,none,,0.14284277565588435,0.09734425420818363,0.1364846136742019,0.08243104437036759,0.08846892631717578,0.05900681120187194,0.08311392780476133,0.12692950897452887,0.07364182213093257,0.03496353322718596,0.03716742143255441,0.037605361002351616
structure_screen,s63|none|r=None|k=None|cal=none|folds=None,63,9618,3,240,60,38,9,0.32287629034096865,0.09523630511365218,0.8638344226579521,0.16249546491749126,0.15,0.012495464917491261,4,5,3,gini,0.7,none,,,none,,0.13042172177826125,0.10896727131444657,0.1311494099690849,0.052265804172144034,0.08000454986458466,0.06600163911655971,0.08863023339651553,0.12090383233582228,0.0902338544575663,0.03578446526683114,0.04653540693736224,0.04910181139082148
structure_screen,s63|none|r=None|k=None|cal=none|folds=None,63,9618,4,240,60,37,10,0.38609993319904745,0.1151032524351385,0.7280000000000001,0.15242639335940594,0.16666666666666666,-0.014240273307260715,4,5,3,gini,0.7,none,,,none,,0.14679684178485924,0.10621705554137101,0.12920976502108192,0.04438094536381367,0.10667869812378572,0.06388946928641512,0.07784996331135416,0.12043083720189834,0.07173621632747107,0.02474793352555934,0.05771960737196093,0.050342667140429474
structure_screen,s63|none|r=None|k=None|cal=none|folds=None,63,9618,5,240,60,37,10,0.3655404130631165,0.11474541517113544,0.842,0.16314329294459196,0.16666666666666666,-0.003523373722074702,4,5,3,gini,0.7,none,,,none,,0.14278349361438183,0.11065891989897711,0.13063268609252518,0.08159058592907911,0.08219587627752223,0.04873733964680601,0.08613437433600474,0.13638830639300928,0.055233301674320744,0.04082830757275071,0.04369623279308451,0.04112057577153849
structure_screen,s64|none|r=None|k=None|cal=none|folds=None,64,9618,1,240,60,38,9,0.4271212320702921,0.13294347978268,0.607843137254902,0.13109666409702783,0.15,-0.018903335902972163,5,5,3,log_loss,0.7,none,,,none,,0.1376225695460831,0.13932716750242613,0.11985180803142916,0.07070012393331526,0.07538772494906629,0.04839084613109797,0.0793254735574039,0.15524025088685922,0.03208798584787756,0.05180993196436258,0.023620572786629088,0.06663554486344982
structure_screen,s64|none|r=None|k=None|cal=none|folds=None,64,9618,2,240,60,38,9,0.35454640072226096,0.11054797329681731,0.835511982570806,0.16221047095837757,0.15,0.012210470958377573,5,5,3,log_loss,0.7,none,,,none,,0.14988590485836442,0.15329452334154445,0.10283888917628907,0.07372725799551419,0.07554279628219591,0.06018466710360934,0.08760745906269266,0.10729182689350632,0.060773175558841167,0.03146120479882374,0.052754756795065215,0.04463753813355346
structure_screen,s64|none|r=None|k=None|cal=none|folds=None,64,9618,3,240,60,38,9,0.3127397243699105,0.09236068229828517,0.8638344226579521,0.16618202588852798,0.15,0.01618202588852799,5,5,3,log_loss,0.7,none,,,none,,0.14298854047573434,0.1380654824475489,0.0993391608233462,0.056399878321113796,0.07066625855381979,0.06787316269770184,0.09743658861259379,0.11422952227529233,0.06125812679861855,0.03903293906711427,0.052664249587824306,0.06004609033929198
structure_screen,s64|none|r=None|k=None|cal=none|folds=None,64,9618,4,240,60,37,10,0.3710791334742618,0.11259259264106251,0.774,0.1534426834376451,0.16666666666666666,-0.013223983229021546,5,5,3,log_loss,0.7,none,,,none,,0.1512791322096268,0.14923901027263298,0.09974339750897089,0.03926585831233593,0.1035138085902972,0.0650033584128651,0.09170617296809765,0.10945402580937004,0.05443119408608268,0.021586537095065875,0.058947277309999685,0.055830227424655196
structure_screen,s64|none|r=None|k=None|cal=none|folds=None,64,9618,5,240,60,37,10,0.35706893943939566,0.11271854633238833,0.8260000000000001,0.16222984400263168,0.16666666666666666,-0.004436822664034973,5,5,3,log_loss,0.7,none,,,none,,0.13850468265812899,0.1554408060966731,0.10408251120690012,0.06193652621537305,0.08504627059306437,0.05495005932202081,0.09512891908407302,0.12252187103199698,0.04344692098569908,0.042910403847588534,0.05176532763270714,0.04426570132577496
structure_screen,s65|none|r=None|k=None|cal=none|folds=None,65,9618,1,240,60,38,9,0.4344347559270465,0.13407749644865039,0.5642701525054467,0.13820134342282792,0.15,-0.011798656577172079,5,10,3,gini,0.7,none,,,none,,0.14166313537750697,0.10737550766271892,0.1530045367176737,0.0247239771428331,0.09282215916941342,0.05633502530793437,0.07658642987989231,0.1926063598409395,0.03307677843119989,0.054889054261022356,0.016152044578196818,0.05076499163066875
structure_screen,s65|none|r=None|k=None|cal=none|folds=None,65,9618,2,240,60,38,9,0.3656305259938579,0.11276584965891272,0.8028322440087146,0.1699152200913442,0.15,0.019915220091344193,5,10,3,gini,0.7,none,,,none,,0.16645500035493038,0.09963590315543155,0.11005059735428142,0.03470328094230092,0.09397523364561841,0.07298031661751574,0.09361201604501221,0.14552292597259708,0.07764266905022893,0.03692433131789255,0.033958095614796444,0.034539629929394494
structure_screen,s65|none|r=None|k=None|cal=none|folds=None,65,9618,3,240,60,38,9,0.33306365982109554,0.10017435466928323,0.863834422657952,0.16159411576186172,0.15,0.011594115761861729,5,10,3,gini,0.7,none,,,none,,0.13941844429652697,0.1051437404744236,0.13033946841178445,0.03451687254147796,0.07727877510906223,0.0636407828807491,0.09282229737079727,0.1415281096467526,0.06798775628654818,0.050938947577391105,0.04834299707049217,0.04804180833399426
structure_screen,s65|none|r=None|k=None|cal=none|folds=None,65,9618,4,240,60,37,10,0.3923668510459214,0.12028383947796885,0.744,0.15107730450476556,0.16666666666666666,-0.0155893621619011,5,10,3,gini,0.7,none,,,none,,0.16821137798553565,0.10744934938958395,0.12807592548872315,0.015810627767632007,0.10453044050135371,0.07003823825919807,0.08037529836474955,0.11729899516425267,0.08332653532702786,0.024340122559130466,0.05687827916673227,0.043664810026080685
structure_screen,s65|none|r=None|k=None|cal=none|folds=None,65,9618,5,240,60,37,10,0.37045441684482555,0.11721428436557453,0.818,0.16381427808041912,0.16666666666666666,-0.002852388586247534,5,10,3,gini,0.7,none,,,none,,0.16265211665373597,0.11643471356397783,0.14109295198211777,0.021415768102767404,0.08595516424044669,0.04994822207379589,0.09145570496179495,0.14847116410954198,0.05571999261603739,0.04509032722940515,0.04541747378077891,0.03634640068560019
structure_screen,s66|none|r=None|k=None|cal=none|folds=None,66,9618,1,240,60,38,9,0.434073287873846,0.13371312068626123,0.5555555555555556,0.1386252080660917,0.15,-0.011374791933908307,5,15,3,gini,0.7,none,,,none,,0.15211865622561593,0.09696863679833526,0.12494300499697278,0.024462562640346266,0.09221583023276117,0.051727922044734476,0.06075820758192178,0.2191953692241572,0.04209380181920971,0.06761309010415144,0.013739349725741375,0.05416356860605273
structure_screen,s66|none|r=None|k=None|cal=none|folds=None,66,9618,2,240,60,38,9,0.3777844230939641,0.11655792106962128,0.761437908496732,0.16524034263682888,0.15,0.015240342636828885,5,15,3,gini,0.7,none,,,none,,0.186697006564737,0.10368346415631507,0.09140047331536635,0.03273881739596022,0.09448351746300783,0.06897605429869004,0.07845027238441307,0.13091632217911095,0.1022101742785546,0.043328354072750486,0.03258388184483092,0.034531662046263345
structure_screen,s66|none|r=None|k=None|cal=none|folds=None,66,9618,3,240,60,38,9,0.34207398527253496,0.10370401031477008,0.8660130718954248,0.1621273872939131,0.15,0.012127387293913106,5,15,3,gini,0.7,none,,,none,,0.1555339747302633,0.1028828032659445,0.1038458856426645,0.030946372416134283,0.07708753690152964,0.058075682466086014,0.07907049590405543,0.14465168078524862,0.08434254261136111,0.07148605203494683,0.04631905768582341,0.04575791555594237
structure_screen,s66|none|r=None|k=None|cal=none|folds=None,66,9618,4,240,60,37,10,0.3967319802759571,0.12286750493751335,0.7540000000000001,0.1483569970482683,0.16666666666666666,-0.01830966961839836,5,15,3,gini,0.7,none,,,none,,0.17846065371580366,0.10507260199206218,0.11369632126088479,0.0124895958392704,0.10356773525345991,0.06954310458229929,0.07784544312168151,0.10805498740866876,0.0973020493686797,0.032519761008603605,0.049780087799668686,0.05166765864891742
structure_screen,s66|none|r=None|k=None|cal=none|folds=None,66,9618,5,240,60,37,10,0.38229207883419875,0.12081931966548672,0.794,0.16445131229490326,0.16666666666666666,-0.0022153543717634006,5,15,3,gini,0.7,none,,,none,,0.17463099865035153,0.11494314778371356,0.1268965980617191,0.01996257798464066,0.08777047805428033,0.046506227084192844,0.09406998201679616,0.12671678227699562,0.06455596467561847,0.05883871524476421,0.04260503327672332,0.04250349489020404
structure_screen,s67|none|r=None|k=None|cal=none|folds=None,67,9618,1,240,60,38,9,0.4290056439314677,0.13378593934162214,0.6122004357298475,0.12575129830790185,0.15,-0.02424870169209814,8,5,4,log_loss,0.7,none,,,none,,0.1529952246834415,0.1403256217527406,0.11773529415022899,0.062003033744533025,0.07774108153528729,0.05963157560752223,0.09015887639943672,0.15142658127158298,0.02315394776064423,0.049091468670718,0.02385976418771918,0.05187753023614518
structure_screen,s67|none|r=None|k=None|cal=none|folds=None,67,9618,2,240,60,38,9,0.3488648571668312,0.10919205277849027,0.8464052287581699,0.1690083014205453,0.15,0.019008301420545298,8,5,4,log_loss,0.7,none,,,none,,0.15289560707154787,0.15876034540988973,0.09387075107058972,0.06922434695249298,0.07126630425338334,0.05842311510612987,0.09627453164514467,0.10979334818994194,0.05592578171688516,0.03210209315391178,0.05168255133897946,0.04978122409110353
structure_screen,s67|none|r=None|k=None|cal=none|folds=None,67,9618,3,240,60,38,9,0.30563719788033694,0.08968426809586201,0.8616557734204794,0.1663082842022597,0.15,0.016308284202259715,8,5,4,log_loss,0.7,none,,,none,,0.1422410431339112,0.1477795500961062,0.0881357332699771,0.04656008971733125,0.08790757145086352,0.07839556612829428,0.1066072864552535,0.11581960952437195,0.04931448515182163,0.03440649653254,0.050079831670599324,0.05275273686893011
structure_screen,s67|none|r=None|k=None|cal=none|folds=None,67,9618,4,240,60,37,10,0.38259088881593406,0.11388123377389865,0.766,0.15645349530942027,0.16666666666666666,-0.010213171357246392,8,5,4,log_loss,0.7,none,,,none,,0.15121765370800774,0.1607073144894244,0.10284683046957292,0.03366139851421802,0.09957339780819756,0.061952771945764054,0.09824610828928054,0.10163108257470792,0.053170651367064614,0.019430860789998224,0.06851664956338888,0.04904528048037529
structure_screen,s67|none|r=None|k=None|cal=none|folds=None,67,9618,5,240,60,37,10,0.3457121102690549,0.1094133822299753,0.84,0.16498881917738611,0.16666666666666666,-0.0016778474892805428,8,5,4,log_loss,0.7,none,,,none,,0.14239181001448012,0.1656560517008037,0.10039944703911614,0.05110480979421134,0.07986445332163754,0.0653440799880698,0.10612179440775435,0.11685819508950934,0.033267136407023064,0.03706929839531898,0.05515110217934676,0.046771821662728856
structure_screen,s68|none|r=None|k=None|cal=none|folds=None,68,9618,1,240,60,38,9,0.4314301240736579,0.1335866018851114,0.5708061002178649,0.13998440372658794,0.15,-0.010015596273412058,3,15,3,log_loss,1.0,none,,,none,,0.18217472093764717,0.1223614253947773,0.13076663707560773,0.026174169840845744,0.06180649555826344,0.031869662772472794,0.04942255522358227,0.19757770669469948,0.029831290332946826,0.07454585932362029,0.014442465204499771,0.07902701164103698
structure_screen,s68|none|r=None|k=None|cal=none|folds=None,68,9618,2,240,60,38,9,0.37113900415097173,0.11507241633463569,0.7745098039215687,0.15971893304699097,0.15,0.00971893304699098,3,15,3,log_loss,1.0,none,,,none,,0.1912649606352663,0.17781162146948204,0.08949761096408054,0.04338879059254458,0.061244541101407236,0.0465016991305543,0.06566834021963266,0.11214393956438386,0.0874689349326857,0.03511060937794222,0.05316852558508149,0.03673042642693905
structure_screen,s68|none|r=None|k=None|cal=none|folds=None,68,9618,3,240,60,38,9,0.33896846231699995,0.10348525790231208,0.8703703703703703,0.15957273649370465,0.15,0.009572736493704659,3,15,3,log_loss,1.0,none,,,none,,0.1699421377445998,0.16842944275380914,0.10976001443777632,0.04906474139090661,0.052183654917196474,0.037095409532735706,0.06940357186810749,0.11920572898699064,0.06672667064640844,0.05760524553361812,0.042673466340148854,0.05790991584770234
structure_screen,s68|none|r=None|k=None|cal=none|folds=None,68,9618,4,240,60,37,10,0.38861649644177826,0.12013797401896247,0.766,0.14934769219441835,0.16666666666666666,-0.01731897447224831,3,15,3,log_loss,1.0,none,,,none,,0.18002218088888708,0.1641966978809796,0.12200701269940413,0.022187701903072163,0.08874302706712275,0.042464828608017965,0.06123544232909174,0.09499225433267208,0.0920180451642305,0.02595496085420955,0.04452494259453463,0.06165290567777781
structure_screen,s68|none|r=None|k=None|cal=none|folds=None,68,9618,5,240,60,37,10,0.374792488369024,0.11860803201878688,0.824,0.16266339211276443,0.16666666666666666,-0.004003274553902231,3,15,3,log_loss,1.0,none,,,none,,0.1791943722587529,0.17737588756939696,0.13196742406669973,0.03150377849924682,0.06610072504785597,0.03817107304921071,0.07076016229239916,0.13277048634412836,0.04563771046376985,0.05434491551613183,0.03650741327041422,0.035666051621993655
structure_screen,s69|none|r=None|k=None|cal=none|folds=None,69,9618,1,240,60,38,9,0.433767320731343,0.1348585260614131,0.644880174291939,0.11893655084549924,0.15,-0.031063449154500752,8,2,4,log_loss,1.0,none,,,none,,0.14639990346091555,0.1385065991810009,0.11646584296916065,0.08424755243032801,0.0887286215149283,0.0553849176424482,0.10636527156224068,0.12158222541309348,0.02347247877728129,0.038080560730268005,0.029136355698395323,0.05162967061993946
structure_screen,s69|none|r=None|k=None|cal=none|folds=None,69,9618,2,240,60,38,9,0.34740877690537714,0.11088148318882231,0.8224400871459695,0.15646179730517226,0.15,0.006461797305172268,8,2,4,log_loss,1.0,none,,,none,,0.14845571229357996,0.15746996502947616,0.0909716043925071,0.08671786517578359,0.07564185020924856,0.056264038136303464,0.10226998061760044,0.0921198963707106,0.04979396356594392,0.022976682664640747,0.058279152619963366,0.05903928892424222
structure_screen,s69|none|r=None|k=None|cal=none|folds=None,69,9618,3,240,60,38,9,0.2934481708763335,0.0879813593918691,0.8681917211328976,0.17382144411453956,0.15,0.02382144411453957,8,2,4,log_loss,1.0,none,,,none,,0.13673146829509625,0.14379035689286596,0.10414029970503146,0.054253116890825716,0.07526167914230507,0.08335392947600108,0.1154044566355762,0.1015579802461878,0.045461807549500716,0.028883015757280524,0.05511546195545947,0.0560464274538697
structure_screen,s69|none|r=None|k=None|cal=none|folds=None,69,9618,4,240,60,37,10,0.3776004228161821,0.11259634012989526,0.746,0.16106947303057986,0.16666666666666666,-0.005597193636086795,8,2,4,log_loss,1.0,none,,,none,,0.14369891959538852,0.15057515775018832,0.0998626823234419,0.05036974917223843,0.10477834374051372,0.06361509248398017,0.10343424281322122,0.09604125101777315,0.047082887248229406,0.019834803881978714,0.0662069369365017,0.05449993303654478
structure_screen,s69|none|r=None|k=None|cal=none|folds=None,69,9618,5,240,60,37,10,0.3416702291931507,0.10721035066834525,0.822,0.1693481944037408,0.16666666666666666,0.002681527737074141,8,2,4,log_loss,1.0,none,,,none,,0.13398763432534413,0.14330170062192885,0.09120483504397421,0.07879209893240241,0.08455666776564216,0.0618683569737394,0.1087146757243018,0.1054258746123002,0.03730105543248321,0.03235962384551532,0.05629229353899792,0.0661951831833704
structure_screen,s70|none|r=None|k=None|cal=none|folds=None,70,9618,1,240,60,38,9,0.4342343880996486,0.13606096607735624,0.6209150326797386,0.12258934151860525,0.15,-0.027410658481394748,5,1,6,log_loss,1.0,none,,,none,,0.16874240753201683,0.14255271676373923,0.13859182872047732,0.09985116475784235,0.08637983124781408,0.03892814364970107,0.09191404054976361,0.12229834723280825,0.015311590107221001,0.03279793697975033,0.018684238084385425,0.04394775437448031
structure_screen,s70|none|r=None|k=None|cal=none|folds=None,70,9618,2,240,60,38,9,0.3486072013802037,0.11063804321253091,0.8202614379084967,0.14888961706756682,0.15,-0.0011103829324331793,5,1,6,log_loss,1.0,none,,,none,,0.15210720188289975,0.1834480351605396,0.11635374658380457,0.09955270021800842,0.0699674911171678,0.03377073559162275,0.08885970619568566,0.07824422808741428,0.054789056863666946,0.01763057822636884,0.04720070558465993,0.0580758144881616
structure_screen,s70|none|r=None|k=None|cal=none|folds=None,70,9618,3,240,60,38,9,0.30037116409747744,0.08951811549789125,0.8572984749455338,0.172658528502803,0.15,0.022658528502803005,5,1,6,log_loss,1.0,none,,,none,,0.1439015106937443,0.16503089969286222,0.1526858590226271,0.05857164887265523,0.06331011190948627,0.06599658884630977,0.10632206055597501,0.08213142393570318,0.053504894977963444,0.023434965660719446,0.03399999501951174,0.05111004081244217
structure_screen,s70|none|r=None|k=None|cal=none|folds=None,70,9618,4,240,60,37,10,0.3699117692661173,0.10906871977003357,0.752,0.15568959396978244,0.16666666666666666,-0.010977072696884221,5,1,6,log_loss,1.0,none,,,none,,0.14800424893520492,0.17128216508518052,0.11848170591981036,0.0555522704916914,0.10149648787931571,0.043420178808715224,0.08936729229438523,0.08122104506895998,0.053274823359259094,0.019927861680110105,0.0632466377479281,0.05472528272943952
structure_screen,s70|none|r=None|k=None|cal=none|folds=None,70,9618,5,240,60,37,10,0.35065642331980196,0.10988166666887549,0.828,0.16421526274459258,0.16666666666666666,-0.0024514039220740746,5,1,6,log_loss,1.0,none,,,none,,0.14231007017297326,0.1575207250064153,0.10249424035754312,0.09538497447800948,0.08329881219584058,0.04131276310522835,0.09134106255283157,0.09437904852670106,0.040879959379526654,0.028695838143965445,0.046914077735538316,0.07546842834542684
structure_screen,s71|none|r=None|k=None|cal=none|folds=None,71,9618,1,240,60,38,9,0.4457220108159596,0.13743263313902382,0.5555555555555556,0.14021463565186362,0.15,-0.009785364348136372,4,10,6,gini,0.7,none,,,none,,0.17785918507917128,0.09977609880732523,0.2008202997972251,0.019294691462414956,0.06835442256778282,0.04374062144015577,0.08797814763851527,0.20593189287416136,0.013624114560999056,0.040452727848166066,0.014727653674546076,0.027440144249536825
structure_screen,s71|none|r=None|k=None|cal=none|folds=None,71,9618,2,240,60,38,9,0.3638211528488995,0.11284289042388371,0.8050108932461874,0.17196025285182742,0.15,0.021960252851827428,4,10,6,gini,0.7,none,,,none,,0.18567488243801206,0.10499586510549869,0.12553743396245473,0.03349078831793786,0.07726066641896144,0.04604712317391157,0.10671641439307024,0.151252992495689,0.0763899289253903,0.025698912113954253,0.03750872617138591,0.029426266483734073
structure_screen,s71|none|r=None|k=None|cal=none|folds=None,71,9618,3,240,60,38,9,0.3280398295564098,0.09862597513045426,0.8660130718954248,0.16156764915132163,0.15,0.011567649151321635,4,10,6,gini,0.7,none,,,none,,0.14771827297309487,0.11522422397976025,0.15863563829962676,0.019817961251210638,0.06706996727950386,0.05765259434289344,0.11294280846085306,0.15293875139073776,0.06312176433091421,0.03173323189617091,0.039309244978272574,0.03383554081696154
structure_screen,s71|none|r=None|k=None|cal=none|folds=None,71,9618,4,240,60,37,10,0.3944709370555666,0.1187921409363353,0.738,0.1502022269260543,0.16666666666666666,-0.016464439740612347,4,10,6,gini,0.7,none,,,none,,0.17410231911638605,0.10899506333629352,0.16694196672666467,0.010758538645192238,0.10502406331524045,0.050943772038445204,0.09613460412280628,0.10374206263357842,0.07191169135326529,0.01255224951371632,0.06878981372070203,0.03010385547770961
structure_screen,s71|none|r=None|k=None|cal=none|folds=None,71,9618,5,240,60,37,10,0.3614237304993987,0.11456625432024811,0.8500000000000001,0.16446574388924137,0.16666666666666666,-0.002200922777425285,4,10,6,gini,0.7,none,,,none,,0.16056458823100447,0.13172907465225112,0.18256271803960958,0.0177588624806773,0.08094683127378717,0.031783205917618525,0.1046956791823384,0.15307389351577802,0.037205518523942264,0.03078209983570188,0.038406634519915626,0.03049089382737562
