y,x1,x2,x3,x4,x5,x6,x7,x8,x9,x10,x11,x12,x13,x14,x15,x16,x17,x18,x19,x20,x21,x22,x23,x24,x25,x26,x27,x28,x29,x30,x31,x32,x33,x34,x35,x36,x37,x38,x39,x40
-9.518102933189953,0.6767976410397689,2.2333399278451638,1.7043761629520457,0.41016333077310774,1.4525391940514414,0.27406951333692214,1.841471243387372,0.39401383297030657,1.306154771563175,-0.022637618849290553,0.49644740515225316,1.337423819060336,1.2384303336807796,-0.6690225234984115,-0.26803996940468755,1.0502917519115178,-0.644311031242155,-0.23852693285647933,0.04816062218733263,-0.2683967876314965,-1.8356265680022366,-2.3734888941779877,0.7021563787286844,0.5386731633465565,-1.7705674783438143,-0.643736162206995,-0.4682519339335072,-0.46320233890395174,-1.1409005628030149,-1.0499690787748972,-2.186071666071095,-1.2623301083905791,-0.06402439108363826,0.5670088066169051,-0.33018139934627194,-0.0718147389177447,-0.7591481286130566,0.019041587171766308,0.40572778446408364,1.3448583357835902
5.598441094243221,-1.2514125939200749,-0.46549454139783003,-0.09862519266549462,-1.0573968529155022,-1.307347942403278,-0.8080694995213171,-0.5920716995995499,0.7077728794675182,-0.8512568457713519,-1.0511986957345398,-1.8998812130793676,-2.55033246817996,-1.3271049382247164,-0.29300577955553897,-0.79095378602883,-1.4068223635211536,0.15968314539784192,-0.19081901872555057,0.2336695684655961,-0.04571965510465005,-0.45825787432023585,-0.9338074811434494,-0.20341948028315568,0.7471080993927338,0.17759657613655142,0.8655263454629158,0.8043503264787151,0.14153360541729373,1.201217030352354,0.7200782142642733,0.5976068463081488,1.2120695875971164,-0.5718567583466204,0.00594595399209319,-0.1471438678346474,-0.9037490954851128,0.05947098057630077,-0.4489122312548109,0.6957741612787852,0.36677656199339664
-2.214008027054704,-0.18808463585998092,0.5527369531570973,0.9363769427820302,1.0481151825222432,-0.2329767626797131,-0.6239664770999435,1.4879426990160665,0.591843653542726,0.4066039861583938,-0.6160483571401575,-1.2346907133970255,-0.8309321558130007,-0.5718079677804956,-0.7279829487351666,0.03439592588133347,-2.499878613369684,1.6595599278835385,0.9291459896985687,2.481314444029598,0.8463133854012165,-0.21485475597514692,0.8026303702631667,-0.12051033009149369,1.9605346971429145,-1.4532225058874517,-0.010483061169816753,0.4851912052317105,0.6324696621401517,0.06308202065846537,-0.3916218673629119,-1.0200079204075851,1.0624064149664962,1.7815410908918323,0.12318568357498864,-0.7627642248043546,0.5742327229605221,-0.23154267552807836,0.27754393154821605,0.5137144870665162,-0.015195040059663694
-5.119292590338643,-0.18086190367259183,-0.7102077211023221,-0.8996656403129243,-0.4425992654010647,-0.06564433109956325,-1.2995126799906613,-1.279626183219003,-0.2668634883763986,0.5121722279429022,-0.704456368927429,-2.3217477790001557,-0.4868189766875789,-1.1110362561910156,-1.5998471204073315,-0.9734019084547852,-0.5282241677140572,0.4479417418061522,1.5813070481540017,-0.18708341856133953,0.43948183846916716,0.5782346561092532,1.7280883188702647,1.7957553931204968,0.2722765703306119,0.4497628502267492,-1.2946739816702197,1.1159002952992154,0.3104680602075298,-0.6208121811408133,-0.14359031636028108,-0.3004957470424411,-0.5152567645543503,-0.10106645310033796,-1.6653123403959862,-1.5620147443341597,-1.4780197529633277,-1.3079852436874817,-2.6375166787057616,-1.717087162131383,-3.503325676237822
-7.3452277433940525,-1.6767781035821472,0.37487585069469315,0.578289861750129,-0.7362397535686173,0.10887124135912381,-1.4984029874127247,-0.04137337415174923,-1.3403451189955429,2.016727038801321,0.23668555346046538,0.320701800656182,1.6335347633355408,0.7362750136725498,-0.23921878537133368,2.705531341597798,1.2782481582311627,-0.3482391476952026,-0.6411608537705284,0.5710453605575047,0.17447076553019802,0.6419965107223587,-0.621335576432593,-0.21737136370620003,-0.38872192053406207,0.5259953566356534,1.1944266825347771,2.888510348857438,1.940340429898325,1.8517383430920944,1.9717141784833025,0.67663434945368,1.7397727156312777,0.38798245700417006,-1.348134018723474,-0.3302450908719812,-0.4635531949270631,0.19265099346984496,0.4065769164365336,-0.2725852612611521,0.9134765740771345
-2.1466919682429646,1.5990558426939114,1.5084451178074039,0.7780009642440806,1.3709324981176534,0.8727808541966499,0.7917220093899395,1.06796328621796,1.1612582385823325,1.6696544791330874,-0.026684620896678602,1.8606099201081805,0.365751229706036,-0.10236080563461354,1.3171223155277203,1.187499546732978,1.0320248542273094,-0.7253627911486697,-0.13342288844264424,-0.8056179745040153,0.0465650388088033,-0.2712077382247444,-1.028170261890619,0.8806507732306683,-1.5345962180216004,0.48444104728120146,-1.3656228710298324,-1.099835999830306,-2.2295292567122256,-0.5806853868055767,-1.280787841566455,-1.2705117087304054,-2.4099087768149428,-1.0684455689398422,0.3136022318412965,-1.026365537073045,0.19465368216315537,-0.9364017414840274,-0.5127720920496317,0.32532857284405603,1.3847733400021514
4.318423236738375,-0.724743082634151,0.9280692182166025,0.24936457654378513,0.4189262136987321,-2.038464005250952,-0.23528199647657308,1.110354202840959,-0.12200427113746896,-0.05801881693110499,-0.17062583083345395,-0.7477773920162596,-1.009083297515317,-0.44940199312621404,-1.1473216828870105,-0.7371487181839602,0.2952654864122418,-1.6720493857835295,-0.7474918292214504,-0.9084489279209551,0.31772267966585516,-2.8863930697779594,-1.5491200354338255,-0.42721030500802626,-0.3585521390242332,-0.593891761112164,1.0542195377274273,0.26585374943950163,0.423110426160827,0.6915461953539183,-0.3545114211971384,2.0680297342308025,0.37101626102603497,-0.8215488129104787,-1.808996127599237,-1.411175961674304,-1.3444140210862852,-1.2673348475021877,-1.4240028631123576,-1.3672574729140918,-1.4061623283475615
4.848006819821364,-0.6216694292743703,-0.004759203714086508,1.0403823931438734,-0.9389287074258894,-0.6929736289109996,-0.4392017901243888,-0.08605547886430895,-0.17004382932440873,-1.2896617740604377,-0.8416599958602959,-1.4238489570980228,-1.3858004388509781,-2.267690694600694,-0.3229901939125507,-1.2434359341600634,-2.0007784247950755,-0.7200385189586213,-0.9114426435956574,-0.8314709591312156,-0.8641192655877484,-0.4483299586704953,-0.908725455395399,0.011307567386283643,-1.1623208987522358,0.5535180683007079,0.9274107880950354,0.257664019174573,-0.713746908425799,0.13090807159023912,0.9322853916435121,-0.18633635099092025,0.27535226582347727,0.6467325050137187,-0.25233780833041003,0.7799413286813637,0.4146519580498432,-0.4321368850656999,0.8486766446443013,0.18941451362917958,0.32659429696050196
-11.390266637117238,-0.6674823458310548,-0.510553152408485,-1.2315985858144578,-1.5578668367068296,-0.6868092507187309,-0.8455892023908879,-1.6315632486370097,-1.6186580845742458,0.7646023914503918,0.09594696571385233,0.7693226217021567,0.6810243516291428,0.17649367977698885,0.09623801573928448,1.4438683866837796,0.4997599973555763,-0.1228188320004984,1.6837700819278054,0.0844764802789138,0.8107241342624059,1.08773058452089,0.8247256548237483,1.3799904584775753,0.8502160595989791,0.7021427399257745,-1.4975955535059091,1.311039671468415,0.9928904055004814,-0.6163541947874105,0.050631784801898685,-0.04438646349655747,-0.604471189471706,0.987325418217609,0.786573610551778,-0.04126252773903938,-0.2672770147648441,-0.12814743962341932,-0.2252974693775398,0.35237363336579214,0.3481013107448705
10.835006317306666,1.4559706049609722,0.3718094775170369,0.6736541286454663,1.6360157510486786,1.7111086989613038,0.6152468034767482,0.7475129640878749,1.0733105426795586,0.5719420847929938,-0.7321668913481786,0.5436204548100616,0.4687068198032112,0.9105067576692194,0.2965917691130199,0.6206422541904862,0.8637533469439579,0.5828252409961523,-1.678158520788428,-1.2444993578959123,-1.3680845333466598,-0.8850767202233641,-1.3302076433617678,-0.7137783975635902,0.8282823607727559,-0.3213481226457291,-0.7631928384855098,0.03595618729790302,-0.724354653026024,0.281480795280984,0.25958662256028037,0.9029122895751229,-0.11728566986638664,0.07103656773668576,1.2159648551801048,-0.1809277851855115,0.6179550056707931,0.32021243048648074,0.6565560252655667,1.621795722628792,0.3998107614069563
-7.832781835621519,-0.5928741960824455,0.7820404057800595,-0.5374699690697131,-1.3283296592483556,0.4839190584677636,-0.6843113553714857,0.8086152655570955,0.7979284878239077,-0.04144929208012772,-0.04867834595311702,-0.13735839864533844,-0.2104757313402826,-0.16506103018085125,0.0006595842571915093,0.6887436787557752,-0.5924823340208408,0.8788360703595485,2.2423318647831825,0.2785138702833766,-0.42397465602892154,0.08934776806480563,0.6123248253787773,1.2874358657311753,-0.4030198067018759,0.6349267338080785,0.5859952845082309,0.1025533627403736,-0.16720029020325167,-0.3092104580424271,-0.2873115269386108,-0.5983670936816504,0.4071402994651997,-0.31286472174119845,0.10117895898541868,0.28957978709558635,-0.9099026082214614,-0.9692076385950734,0.1638906731681895,-0.8176011210140497,-0.3659520429649794
4.314462870458877,1.0682163840413337,0.7093979721852374,0.766955762815198,0.3335872082818006,1.3663546999338432,0.32677741978464486,-0.2001317493584853,2.3640490099972142,1.2162768768438417,-0.3971251651349189,0.27320179437076353,0.06588735447501311,1.2430771222863657,-0.759273835914984,0.41369556350710274,-0.8653724758202983,-0.96874248072789,0.42718248833469713,1.70172176585783,0.9043208473160269,0.7787288621860223,0.6546229047272576,0.23373982940936702,-0.5026552351080201,-0.3698172163382356,-0.25232798540145907,0.9886279505726023,-0.6411954184486783,1.1642985310119178,-0.6374391451705234,0.16248545221297314,1.5769250093760636,0.22404100881170755,-0.2976196700719256,-0.42609675097643984,1.317627662576111,1.033372877117719,0.8560455400221058,0.48083404679719804,0.914988580597007
-1.9792846920338696,0.5611463581845678,0.2957550142060561,1.1904529090596925,-0.11278073081609946,-0.4064006529239036,0.29318407543334524,-0.02493672649856831,0.7858611036531711,0.5661714710301706,-0.32987722606432157,1.6768274002185448,-0.21853735527162244,0.2774479889608653,0.14347916490639503,0.05845587877887943,-0.3688249701400135,0.014911476058517711,0.11673216355125551,0.34422823988112483,1.6754482142503666,-0.006450744495270355,0.11453567991735335,-0.9309308536975596,-0.025784310130909063,2.010186086160116,-0.3970375637200389,-0.14452213423250573,-0.6848197074678481,0.6906986041673039,1.280044387188675,-0.14330304660585375,-0.08797820943667986,0.6300441903614828,0.6472332142978735,1.6086316599900343,0.2692043824378726,0.6054843199189384,1.3136267329643334,1.1156869420298783,1.7069808039172258
-3.0202379868992386,-0.3240766280740455,0.02437915174456538,-0.4601827340163863,0.5756471791429134,0.48805825625707133,-1.0262897997208043,0.9849219989270853,-0.2798877895851627,-0.5476241029615067,-1.1128540849493511,-1.0790491924046606,-0.12842368564076856,-1.398463718699902,-1.1387778208958887,-0.5480782224456601,0.7917996570516046,-0.8002194751660824,-1.4784699797207819,-0.5736977255623129,-0.335959207923901,-0.4766465827101014,0.6139972239614195,-0.7712725102927876,0.37842029379606823,0.016341663691704613,0.23290337970466926,-0.5523297209202335,-1.3707505461705511,-1.591420186683882,0.15829197436444614,0.1258500145005732,0.29548782214656616,-1.7415350497566098,-1.8028546503989782,-1.382535228204616,-0.5191986348801692,-0.4061055868717406,-1.4859038512191802,-2.028262465665274,-0.32467623314517463
1.5127392283953922,0.5832236791011399,-0.5170556811429726,0.08592775057808516,-0.04436376271420126,-0.06005350385575146,0.5909846913323398,0.20490047121358265,1.1610883009336945,-1.1830287568405402,-0.12905707349283427,-0.481834239638057,-0.7409043048775789,-1.4879084245294794,0.7153300871602216,-1.7490477417374342,-1.6089205946231413,-1.0419800106721178,-1.1165917750823702,0.59303933739933,-2.1168390244113584,-0.7792256142176732,-1.8437399730830342,-1.134806922138856,-0.4549112435189028,-0.5009494983474054,-1.1520948440081702,-0.6293924387025304,-2.057639146249223,-0.7006325789301533,-1.0872369939192368,-1.1805943463229795,-1.3939651314080188,-1.8982336109262226,-1.3218791180145995,0.3518035386303408,-0.8979822621459054,-1.9002550046001534,-0.7554571555515573,-1.2867113980763478,-1.3421089394229624
4.922227052902482,0.514710850085846,-0.3359809341252829,-0.45291715967026197,-1.0069349025254561,0.4460445310285658,0.4223371451469354,0.768736871868788,0.25667168088472103,-0.8903138503679212,-1.0579641762461824,-0.07094367575413976,-0.9261565220650196,-0.4468158346486437,-0.32305175568631206,-0.512626782228245,-0.5546844358653785,-0.7640035102241954,-1.419492012733851,-1.2953933070508352,-0.5119896632799041,0.00044862579854682444,-0.9354968086029457,-0.6602173540518724,-1.062925079296246,1.4958251672042981,-0.01669061279814854,1.0171651334633502,0.8299183734486438,0.8492881181538667,0.008124426626568147,0.9654285370390997,1.4285694551514019,-1.1857491808121947,0.12281722475067254,0.41826098790178456,0.28536967242295147,0.4181804628709038,0.32402810768566764,-0.227287551816899,0.8841398769581921
13.763436954579419,1.0397232511003276,-0.6888348293007185,0.49306949875306133,0.5993493458020215,0.490835301292582,0.6402781270295774,0.2701501062206317,0.39889095536213637,1.7947022612337782,1.0397823856457369,0.5794973717368331,-0.47413421207043843,0.6911152137398523,0.3700202945442842,0.182064996077062,-0.10908605725192232,-0.14370923263036176,0.7520405147666535,0.9745277947621915,-0.23875177418156723,0.3302426320686337,-0.18527742678746692,-0.056425995137085565,-0.3154957615288538,0.7087711391025449,-0.5075034418765539,0.45929773019220815,0.6583004715682766,0.04242476693382099,-0.31005565372380134,0.33601406052428257,0.38143693237878834,0.522086810096894,1.6981947901579186,0.5764536763625305,-0.20307467247389177,0.3493225217566805,1.643386401926556,0.8430534357498799,1.3117551818591335
-8.884295402085282,0.38303564802182627,0.30471359599791403,1.2524936378199472,1.2732977167131434,0.7075926216238313,1.4007436392907793,0.5262698453069569,-0.11395350854898989,0.7705487220280538,-0.10541800967766082,0.17937094531239997,0.29883332678604413,-1.3183687013992347,-0.5568692080692355,-0.5399597661424124,-0.4566012490069603,-0.3792243172744173,-0.9031504568476109,-2.0974940844272245,-1.0457423953713614,-0.07437087629447961,-1.0275848670731,-0.8667390047082631,-0.7650744865429738,0.3965726328984481,-1.1360805330949515,-0.9944300970414365,0.07213314073171993,-0.676062404517532,0.6078700212706946,-1.3427360425963473,-0.10286840943831413,-0.146537807262444,-0.7974356831563439,0.0042852718770563115,0.32044415293736433,0.31264263357551114,-0.8956813883688559,0.13367592790937025,0.9642834771285945
7.708518195078144,1.27527794219218,0.8957603460739572,-1.015878885163195,0.16494895926470848,0.8129821053288364,1.3340477102281056,0.4644135636689043,0.3418352840550537,-0.26196125982715046,0.2590593377800884,0.17437534867243198,-0.30065718509288814,-0.2259204448699837,-0.8505177806746698,-0.6321095613951785,0.37171988396138333,-0.6130981748562908,-1.8470603505600773,-2.4310571983260107,-1.4226540796355522,-1.0128766076003293,-1.9834971563074633,-1.3450627276839584,-1.1922251958827532,0.41098250761278077,-0.5855486572116035,-0.40442049841336963,0.8186010869612821,-0.7950337447605617,-0.020602213735525846,1.4743123162429088,-0.5445766618592771,-0.11055905762120012,0.703108810274282,0.914994630529832,0.9037014975685037,0.30898106220244176,-0.1077526236572182,-0.3017690419348986,0.054599785436782206
-2.6751481761009597,-0.8411255405200505,-0.6994685169291655,-0.6697734385358093,-0.3470383479997316,-0.5281170553749303,-0.6646748593231919,-0.529730261197193,0.04543400019909859,0.1904493434502343,-0.12976962899803732,0.47444523331562016,-0.7578170972448398,0.8844777080304858,0.3629428057241048,0.4625679174913481,1.4636486920633154,0.3375096331743458,-0.6069358719747465,0.7148269778758468,0.14850292168946255,-1.150440643268278,-0.02991342050369391,-0.45571968107198174,-0.2065448956931816,-0.4831818205318709,-1.281916866028319,-0.7678961532027289,-0.8798975609773954,0.13181292705783587,0.07809030113573287,-1.2208532826078948,-0.775053468573982,-0.598317952565213,-0.1681765350045942,0.6302890324303234,0.7115815803897946,0.7906410605270668,0.2837250008419975,0.8347663089359905,0.03828588742544777
2.273025427329288,1.4809374842111214,1.7136764874953885,1.1174815770823707,1.3707363573929838,2.0714405889438154,1.375053893523477,1.734083713949933,0.6341672791992664,1.6665280430429021,1.3399903108937774,1.6111106344508825,0.021356085339428003,1.1877999232051388,-1.2735694801822075,-0.9825008893040988,0.22493526970194677,-1.1706863966071457,-0.6843653256809976,1.132614834443606,1.0790058518754535,0.5576384537229744,-0.5632184009534075,0.34212857185791046,1.2568028227668797,-0.10651550902982203,2.0725444200716954,0.581206800055208,2.279874330079886,1.0508097062462596,-0.2204037655036446,0.6009306937880516,-0.14341126263012494,0.5567235891559238,-0.8560705202015257,0.03302695203012955,-1.0963119458604538,-0.14181424146620208,-0.1354973830674925,-0.8495848472829493,-0.2695329820603173
0.29418494402293816,0.7778319284151683,0.3488393500305795,1.104067205738254,-0.11065391287449919,0.7805630939115141,0.49184988587475637,0.6413626175291679,0.0737613534965169,0.1709663574395911,-0.46478893763362705,-0.3166435832199988,-0.16801895223169971,0.5455489003397251,-0.2799981249119594,-0.9168041011289481,0.5984063587675555,-0.9597291422196557,0.7287692875050124,0.072398758228688,0.1856684719033575,0.6761257841197306,-0.2521617642606401,0.8590296966940704,-0.9946550356752537,1.0209540277589566,0.6997235849337007,0.633584667087682,0.3495157222664506,0.5948580325461565,0.08513548937352604,0.7768397369376944,0.7425200348034715,-0.6327278273325665,-0.5624157188287353,-0.8268896150798376,-0.3695086792398301,-0.9547347117468632,0.5818736415365857,0.570745481853971,-0.020020985844292922
-3.0899455551301207,0.8601962346643426,0.48119665850738197,1.5623878060501366,-0.08233239884531221,-0.5578048558215032,0.4125157802336897,0.16534320827440954,-0.45324256555710846,1.1801864720952395,-0.4922088159118743,0.44676106394330783,0.9987532730518324,0.968811638513916,0.1926456858041105,-0.45844952940741185,-1.3029053254891678,0.7817105353345953,-0.8291888442287947,0.5425496464538284,1.4400444378850226,0.4907785345790487,0.17778310354211185,0.09537629564189518,0.15500012850058606,0.5315799402488437,1.8092560356909189,0.7945950510115326,1.473269476132957,1.3917453018705568,0.20539278404043743,1.5609539421711505,0.4573161190306352,0.7755084393645667,-0.4462915900581244,-1.5023370483953118,0.7196045302432444,-0.02575780983902332,0.06395479901300388,1.3825392273002566,-0.6053865343612758
-0.30589616395516916,0.1318131404412159,-1.959227912053871,-0.15727771466764592,-0.8073930566645949,0.36772782202121945,-0.9706615895070981,0.661349212343453,-0.7549693131600899,1.0715496178772117,1.5948677066686214,2.0087000635559336,3.1714328305739254,2.6360162448668945,1.0924016169348665,1.3282010278218186,1.4768956403101345,-0.9694795010820764,-1.5576057449870049,-0.034280970161456537,-1.834595427485161,-1.105096917045529,-0.6942992729296291,0.9473985150250869,-0.8703618320823784,0.3486724695107643,-0.2077933345270055,-0.007044964164978743,-0.2393906536853467,-0.6480580513671291,-1.437508389043421,-1.3884578963300653,0.10568598926697118,1.2788660240334346,0.6193829778966801,1.3358065929548142,-0.23063628553323615,0.08635464294603314,-0.6198635707597514,0.923867810900863,0.7023223575383054
-5.585041795143199,0.13063144488636372,-0.3626528429998447,0.3647460942795283,-0.7670942292419194,0.7536951966577518,-1.1941228789278595,-0.7475549621021553,0.1104144393542052,-1.0862591671384834,-0.3635878644010216,0.24224159877811752,0.12092235881288875,1.4475190978219479,0.8163955165469579,0.43736334353212364,0.9530865792894306,-1.7998793129192272,0.05729993789380863,-0.5851910798521521,1.4122354935415358,-0.49702402508447263,0.313878409773058,-0.8408454058698748,-0.8268839584361971,0.44615355104504645,-0.41566910068169827,-0.3512553825680246,-0.5087457834924356,-0.08979436805099456,0.659725090263883,-0.6057802469666315,-0.22367899118797935,0.4947583349917594,0.8049396536848515,-0.8258213456211029,1.2119306201990974,0.2734406406691361,0.24838652655274263,-0.2703137355557589,0.1318797373216824
2.1955930278833193,-1.3741427983938117,-0.7946884681415766,-0.7068472978385442,-0.5338772817753789,-0.8835698702172555,-1.1948872607750387,-0.9283252519255892,-0.611515848990532,-0.7243824612428275,1.3567017354054582,-0.17915987483752335,-0.5390405352730433,0.4447051677106346,-0.2671384146920641,0.32679453372819756,0.1635997340096559,-0.8793239065521518,-0.1586332665246939,-0.18641287457311773,-0.2997704361494542,-1.9252881813497538,-0.5426768978768474,-0.441699831306815,-1.4011926506423673,0.16313084290016772,0.28662647496601873,0.07009611179091244,0.7195717790134672,-0.4501979928732686,-0.8962490241385427,-0.2439373151183311,-0.472882865756138,0.7455768586180183,1.4892262062111734,2.1958274489216456,1.946927758396071,1.5955018658153546,1.5590616077546098,2.2810967918799276,1.4240020370775055
4.939980607278812,1.6392439671992651,1.3977574292219832,1.0382659126638383,1.4934915851112067,1.7732162654521573,0.6672664264698539,1.031861936831905,1.910102369819432,0.643094778254161,0.03158467939624574,-0.4433037739785615,-0.38670834755584904,-0.5589196700470926,0.03661057451910352,0.8395768409861801,0.014676859992784255,-0.6969298088179686,-1.8600849429636295,-0.34884846185637336,-0.35216788669560745,-0.6583956768733759,-0.6956952541608656,-1.9431561660073435,-0.15203891498151156,0.7231524895171283,-0.3258850689145515,0.7164091849448121,-0.6199099469714159,0.41184126924301495,0.07340777861565917,0.32224367518397906,0.19928769219754883,-1.216498157071381,-0.21590293826956214,-0.5849487426623353,-0.18074295867158235,-0.7654829828153954,-0.7584867228954104,-0.755713732726348,-0.995963287643391
-10.428151989923567,-0.836738771428719,-1.074945020113827,-0.9311851207818035,-1.9709994910038282,-1.0251340695583373,-1.1006135000884358,-2.1043471822675284,-0.4464336758318852,-0.5539423946008393,-0.17439874265757457,0.6388374844543924,0.5005284282021223,0.017104774724453303,0.47444379768017253,-0.14577771837336,-0.8652385773806863,-1.0296054939537613,1.9026704426099121,0.481904263045179,0.7794190054878964,-0.7429125803231,-0.19474254154574053,1.3041790773183908,0.5374397448355039,0.9749442214845266,-0.5005799725575231,0.4668939928393611,-0.4690487380489326,-1.111322222249181,0.10621116492759919,-1.6271358170753467,-0.10289434785484684,-0.31203354602416233,-0.4285758610189198,-0.3403458928601366,-0.4583194522322633,-0.2819370232768021,-1.1961875244429352,-0.02479898595145443,-0.8286573362318149
-0.04671472680177846,0.8936201565657944,-0.6443073650582423,-0.35291474115091565,-0.4321120783221334,0.42334959272425,1.2876878593176762,1.176474837742967,-1.0138522375717884,-0.9198246691566221,-0.31228390992850713,-0.7443067053351068,0.07618197187208145,-0.687290804610788,-0.34500486242678646,-0.41160139548933955,-1.5826492170001596,0.7697211563427218,0.9225546537862934,-0.04680466933815976,-0.41478863853461984,-0.0215984410327164,0.03155385220931434,-0.5968529497757208,-1.0632948179355586,0.22594856104377803,-0.5435381911614913,-0.3427276227206361,-0.2357221100301315,-0.44063779787947815,0.5466634439434512,1.1374701365155713,-0.9029714247428493,-1.9671649964443905,-0.08600751218574405,-0.9074395584930426,-1.0542018863240812,0.24050794207440168,-1.6380670064594343,-0.700416636345734,-1.2618333095232224
-5.421678671865136,-0.15793951220310512,-0.15859513432361366,0.6253763063866588,0.5513137485012307,0.2385479773309634,-0.07506739633582919,0.18838422565850385,0.2109485355147912,0.22172581991948215,0.4270416264917829,0.6346461678742573,-0.1400077259375156,-0.0067006192460915895,0.6421776283079355,1.739962695656671,2.0319893593778224,-0.26682449779764067,0.9444171125998319,0.6576712915551788,-0.13831958484753856,1.621480419285759,1.1140378408735965,-0.6538659397237262,0.8159490552196117,0.14568945632357638,1.6952135263263848,1.460726320747844,1.8771704154313884,1.3459138443517826,1.996061939620965,-0.2766876862614334,1.5829919173879377,0.07751288186241481,0.04865878097124117,0.925563740971923,-0.8473007674491149,0.7624182295541406,0.368585857476408,0.2754384897068947,1.0335572880809598
-6.203994058385348,-0.5229609640301439,0.0938215441607577,0.22520854448276512,-0.7134109658102358,-1.3258600180616107,-0.4507392276991122,0.36530952352394197,-0.5503652174166994,0.8335188933722556,1.5183526490178945,0.823269372325526,0.38638907498050296,0.7300790491140181,0.8238476545190045,0.5281533543241049,0.6011699036209897,1.3731109730371653,0.8714640437639347,0.4012038497749689,1.7938999078356779,-0.48990909289677725,0.5685904009175535,1.0916760132207046,0.5833998847756793,-1.4691952803086505,-2.2257750080458503,-0.7171473857426184,-1.8673160547832643,-0.7065083270519728,-0.9014799531651944,-0.19892434287654834,-0.650520991368708,0.8385942676715701,0.34028908791247925,0.5965030044461493,0.14777604268599362,0.4358438176715758,1.148903930016049,1.5022654893334655,1.2080431775557725
-1.1037495895399685,0.34405838626081325,-1.006997124691395,0.1802610608861993,-0.7526608200361331,-1.044992033026536,0.443905277371022,0.4055672005709583,-0.15440404698129284,-0.037592853585783,1.4893879984089429,-0.026631180781942012,0.7849498838730443,1.253237298550375,1.091853210089094,1.4450033124594415,-0.3679274297627715,-0.5324494498672546,0.1314939565571817,-0.34548585020050887,-0.44668949826657256,-0.23886682460962502,-0.2459924868088294,-0.20174280720908438,0.7338369989377058,-0.729784542735324,-0.6357358232998589,-0.08580237508870973,0.4284434726566811,0.17266952760620707,-0.4276856375956413,-1.0104751331158737,0.8951245100632632,-0.33083441006641273,0.5299220003279616,0.24046984021293927,-1.0803879807029324,-0.8310797948623831,-1.6571225915011552,-0.7757610688728295,-0.33115960503036407
-19.086889066600303,-1.8837685050149664,-0.5304923462007627,-0.6086893605100849,-1.3957654692906694,-0.9698367658830124,-0.19728180388555855,-0.11864191263371941,-1.4758421263578394,1.15797198649977,1.89451158640638,1.0650063075779743,2.0825921069845705,1.3343735841857256,1.6357330472752836,1.6059061049902092,1.903050713497409,-1.1913635402731213,0.1269732948641426,-2.270163143659139,-0.21382899079919435,-0.07148208529758766,-0.6588872945626515,-1.7593072125723033,-1.4756490017289814,-0.9384656779864389,-1.5719489334327175,-1.7606453966048126,-1.2942206359795019,-1.2651427876377301,-1.071702092423477,-0.5267068957895559,-1.242971973310149,-1.4676663476595007,-2.5618811089929876,-0.9524951795034768,-1.336491153217457,-1.9999548378931293,-3.0753777857721936,-2.191772107257069,-1.6698500342068954
12.213776039043985,2.321408153984028,1.0354648654976786,1.2562296880871,0.41680186722008306,1.5557020213520278,1.048549926229028,2.487287964987099,0.6492317199173946,0.9182192980706207,0.30986939122194956,1.6143957832084825,1.208718040436488,0.6647291293324629,1.5733455875273907,1.8578325717242468,0.14724074973756138,0.4907507072118284,-0.45098522642696814,1.0218259136897587,0.9087202844241609,1.2129612666537,0.7067991916699351,0.9483103455984329,0.9979160648923038,0.0475647738489062,0.308042316785316,1.9134804027138093,2.343059515060216,0.4467121087289998,0.6844809647997087,0.30442352050807764,0.04902491668729813,0.14876796390323646,1.825918155776209,-0.5720544123290349,-0.7693809638493635,0.15173153447312054,0.34196554700988824,-0.8245450016728206,0.1745136185000451
-3.9019295836362864,0.3337929778227703,0.2586765389948825,1.1613327432809208,0.9849698480884854,-0.11537510807397726,0.5563423119695549,-0.3763657018599609,0.9154584594061096,3.224846927314015,1.4196127451076692,1.920476750730946,1.875544726849895,2.236749897365445,2.8254998719339808,1.518206404247061,1.9366095118809656,1.8236222040546022,1.5335279939743764,1.2618841971413062,2.922250539285469,0.5830577787846692,0.7248780760996755,2.097335419736287,1.7230224850624247,1.328629607873599,0.960473699050351,1.654953097243766,0.510514656800566,1.79393519179389,2.777273679596887,1.1526450573896332,2.5009965582961624,1.4908461328601232,0.6655208836449936,0.6897210782543729,1.3848004076722518,0.445866446099724,2.566442409425537,1.984193352184907,1.76592412305979
-1.7164464484213324,-0.5887469229858189,-0.8684403962727613,-0.4970571549815297,-0.9093955672776928,-0.9012106326524428,-0.9484090724864866,-0.655667768516027,-1.857396717984438,-0.7888277708895599,0.1681814694914206,-0.7334686557780057,-0.8959164999473974,1.7636386650068465,-1.453182680093586,-0.8326069819819157,-1.5325720114128516,-0.7191732362007829,-0.9365502443635626,-1.6775934152924759,-0.2326373732348277,0.158189453477385,-1.1752375956479575,-1.3255540836841957,-0.34583124085567557,-0.60079482697707,0.6828412313504467,0.3974597890241357,1.0793037979899476,1.5126861794295998,-0.05084758461628971,-0.13828905377360204,-0.037829135874285505,-0.04043439633461842,-0.982843758139762,1.0909286270037875,-1.0749672115915896,-1.3894452518238791,-0.35827307665426894,-0.5532288740587997,-1.0181748933970542
-3.304839524273412,0.21032617692759745,-0.4903857606854928,0.4889022750940949,0.7625766251108556,0.6450371554745551,-0.37355001423300044,-0.9807777420604069,-0.9664326069739565,0.6755375725356275,-0.5915776666252724,0.9001253581359362,-0.16320997436158632,2.055495402020149,0.8132660762134752,1.0706053038870007,0.1844820930514572,0.13333574405320206,-0.898546524925174,1.1173718421075085,1.3468857000515853,1.8623456333201975,1.4694107719473872,0.9750706237801308,2.6445214642508907,-0.9743871920918634,-1.0367267289638096,-1.1700421546263313,-2.288759704511882,-0.6736185899704212,-1.527721774548812,-0.5519753880292287,-0.016517706466172975,-1.1402511624771892,-0.6673079096926504,0.48823838756036764,-0.3532739212025578,-0.2506753165996036,0.42174508505159836,0.36378837049489726,0.9839658899448541
0.2068121820421709,-0.37256621886999963,-0.048301605944142165,0.49957662761037663,-0.22325973632508125,-0.38615419445214244,-0.032623112036345756,0.3125557541496086,-1.1670534460051842,0.7186643011873509,0.7938292018801825,0.6283128943719656,0.933953176606513,-0.8435037231688836,-0.15295143633824587,-0.006090996863773145,-0.8084093242473995,1.1335063109016068,0.6522187641256838,0.14302173620738395,-0.4329449280666557,1.3713811058408771,-0.18223113296162868,-0.763640540562451,1.4728207785914473,-0.8398742484396151,-0.32400207928219593,-1.2476099613944724,-1.208176683013215,-2.229155906073586,-0.3051165262703148,-1.961075772181079,-1.1731331746958038,2.4630251142622135,0.4072133632650138,0.7149588924103929,0.962330265358676,1.204513744092327,1.2356874277845364,0.3664480825857759,0.3849862564446837
-1.8220445948734574,0.5057020966204253,1.1296197355430238,1.201268049867846,0.6149805042480638,1.5741520833909026,0.9276637897115528,1.56599528703031,1.5121247990158468,0.5380091056549486,0.4762750148842658,0.03468342059845051,0.44746866152697656,-0.36221211075103193,0.004471454822922151,0.8177531028567331,1.0687335425709354,-0.10824410661555933,-0.354553677889493,-0.9811406183286817,-0.12466792879701868,-0.6539572666139033,-2.228174442093112,-0.19779302783447525,-1.5699348729752571,0.987305382974404,-0.9981793713510401,-0.668539996799492,-1.0346694008967974,0.32543447281280496,-0.031790083677152976,-1.4942759898191353,0.5069838761402436,0.35028312071655493,0.27385571165125566,0.9014122776803162,0.9070124991540721,0.29303889869835553,-0.7058790252244387,0.8621114983290322,0.47411822887928784
4.005605558215446,0.8686221230909211,0.6531979342742577,-0.8563922288321041,-0.044088455952638446,0.232952605069109,-1.0015469393821501,0.025981537399886248,0.16315255603400372,-0.7709399033383978,-0.13458169159886363,-0.9338374404006469,-0.5668369214188339,0.46270828906918837,1.0948499435261554,-0.12243759222231367,-1.3327143778814348,-0.6669296110009121,0.5685986517510638,-0.43511779044622434,0.07313106621538819,-0.2807064999739867,-0.3761312063397185,0.46259130777376195,0.34618427686684733,-0.4758890020622481,0.012355973601684727,1.5743855921855263,-0.4254153450207302,-1.672665740082833,-0.7895815234557708,-0.9640783497522096,0.013580210668135084,0.5503300209706719,0.845993283106238,0.22912366601248244,1.396278180029172,0.8488333404128424,1.0802280022831503,-0.7084679617010671,0.7577722208973058
-8.768834904523342,-0.5050451700996327,-0.8908428165509706,-1.0032599885346447,-0.8631883146043199,-1.2992747602520645,-1.4737520285005312,-0.46556162073043883,-1.1672695379422044,-0.0567285197420288,-1.1073540470933672,-0.4443287778205999,-0.11041691074045915,-0.28996075743366817,0.4732724363190568,-0.0772173051172796,-1.4448822259272722,0.24786420743064613,0.15494813317181705,0.43596839497306517,1.0098720613209953,1.1898525015630512,1.6546460639148317,-0.2814236663575595,0.039606048954460044,-2.1333733482876567,-3.4161349850636644,-2.505398375160901,-1.8516412725312688,-2.479075722063578,-1.8931179004486496,-1.852839846019812,-1.4863576331553523,-1.3292374510113933,-0.7755677953499249,-0.7967032376279377,-0.33374776628013825,-0.5641468587828824,0.14778172944445128,-1.289466752791953,0.16245223623311297
-6.7025467509776595,-1.7542636946382661,-0.638889900840821,-0.35661509712180256,-0.6370127611655354,-1.7173459740320647,-1.4895677171652721,-0.648512825899828,-0.9657351593308733,0.916944818476235,1.5247862578539184,-1.0053702024622542,0.3017846765436147,-0.5359812384989427,-0.5097111582593062,-1.5268709935691767,0.4564297634304804,1.7322403333701752,0.47106329623878057,0.459254891699318,1.172583607359305,0.3612142494344052,1.4481889722085972,1.1394459970225315,0.8205250983820779,-1.5559161413459814,-1.5681104614803405,-2.488941131360939,-0.4834371418428721,0.036523997866227065,-0.6428653824286449,-0.9248119122469709,-2.32354862705093,-1.0695303979153101,0.055307775500572996,0.9110608643964114,0.14983298593636493,-0.45894412184578864,-0.13217865305395554,0.4475949887782269,0.7247059437382705
-6.481073536581528,-1.505245415810576,-1.8457542534044835,-1.8094392841931122,-1.5241316087849759,-0.7834471459165021,-0.5129888986541309,-1.4613115409276956,-1.511691015955067,0.815253865319915,-0.8889806479265754,-0.18115883753322543,-0.11645596977036254,0.011065188218161591,-1.8387612375982276,-0.3494555252896123,-0.37709903825036634,-1.3558696491461275,0.5845376125939953,0.5984166408333108,-0.06805986305411081,-0.3330423997747795,-0.5373080557864963,-0.3110226848656712,-0.42229144192631407,-1.8416571092497607,-0.8691052952828179,-0.7705683180373328,-1.9501063171267465,-0.3155651552937195,-1.4473466741350398,-1.7492490273887347,-0.04882331151156726,-0.48073796522847084,-0.2872992401723166,0.17482187800187363,-0.948615263880782,-0.4573823191232579,-1.640545101986022,0.6748632631350832,1.5910572132066958
-0.9283103708498619,-0.7630225981343948,-0.08644981457019284,1.0542969951866497,-0.2988827446623552,0.9692518452077923,0.12197122366136584,-0.44469869626270436,0.4225071632336361,-0.2978721736443782,-0.4961192961872791,0.00559663937715975,-0.3564750975065525,-0.03273498506620024,0.38618655115651224,1.3762971384669802,0.9015323010393383,0.15199847411544318,-0.08565400120891879,-1.850204134240958,-0.5518110906956094,-0.09034015503887759,0.34377955187613923,-0.39601568406579546,-0.34044522176919595,0.21106539635157293,-0.7063206310606986,-1.2144022084433352,-0.4561819346279258,0.6877267212103757,2.0363206623145187,0.15522043928266166,-0.4319016521166743,1.078449623548733,0.7101795493582453,-0.6775510529176135,0.4189376357247592,-0.18509201517557589,-0.864232352136348,-0.1375320982641766,-0.9809303866680474
-8.117285149632249,-0.8656089687648341,0.17356236731913377,-1.8272828684886624,-2.1340613387297864,-1.0992356096891287,-0.9740508948617215,-1.8766968799110515,-2.3556022754464174,-2.1235258605068887,-1.2871605503077452,-0.8390922036472155,-0.7021612849802507,-1.0185898819287764,-0.5397975367218667,0.7454011051159003,-0.6188372834953655,-0.5963302814824032,0.21307767844555386,-0.5916498137602743,0.6145390241175224,-0.42353276078838487,-0.23598441908468581,-1.001391012364668,1.195127767793075,-0.817154068040666,0.16630138308744924,0.2455379986096682,0.007112288953120655,-1.2072394543471112,-0.055700693967111255,-0.09492444927844872,-1.0143637726239096,0.369682971555408,-0.010388520900295949,0.005556982003183265,1.4847108256160595,1.0041082498210436,0.17373661446799335,0.6372984079874077,1.5895367815973998
9.469812149841873,0.26623947239917933,0.7135952734166976,0.0912344494397509,-0.5285921561009794,-0.3865525989634745,-0.2022831364972294,0.04729053315635603,-0.16993409537003765,-1.1574083337686492,-0.7837912786803415,-1.36514126080864,-0.08311642431803473,-1.8393124139319565,-0.9206056610836042,-1.2200649301685036,-1.6613755684104003,-0.5136485950107412,-0.713165790126427,-1.440139603869973,-1.5520912437537353,-0.6053400844569395,-1.1235723895747813,-1.9002793323155374,-0.5440118086983736,1.0402570319752444,0.884561075317441,-0.6214109761141483,0.612440387883501,-0.25155874362333813,0.7720107862379929,0.45297427533783746,-0.8605407136801342,0.9245025862536991,1.642698639604796,0.5471604307151696,2.8489361268807682,2.2850385145326673,1.0978128935432334,1.0885753852284341,1.2626787265542039
-1.0031036501701296,0.374817385641833,-0.5071202632796964,-0.20721319137045666,1.4624709829387734,-0.5046909641274312,-0.49397175844843455,0.9956565807745137,0.5008157045333129,1.4009657555885122,1.2073641331583398,1.1398223966282013,0.5307071703019012,-0.6497613627383331,0.6491879820116333,1.1670203888015016,0.8968351782112336,0.12646857141689036,-0.6499664032353085,-0.32856952413723906,0.8096776898273043,0.18489846229417087,-0.8133980979405397,1.344858943053377,-0.29797049776185386,0.46299819334862297,0.31730842899796113,0.2997694302065465,1.2908900574786837,0.42416833115199126,0.44059353953035874,0.4404308716656566,0.3155780665408942,0.9446765462883957,-0.18666508652468675,0.822591836756149,1.5745908768255428,1.5280225337579585,1.0999003174295554,1.1894096071116063,0.7311488109545804
8.011447399950885,0.6919631926813107,-0.12413296560775883,0.8717967656520405,0.04870701595219442,0.17850066393887626,0.9990986264482724,0.44294180884516016,0.9797595238388872,0.8266259569880874,0.4195675854433227,1.063693209421778,0.019625660641625475,0.121334883971782,0.5579717638280389,0.3622605939455642,-0.6179227053721005,-0.6754587081589892,-1.401213385545466,0.05579896869005859,0.6565961182552987,-1.4405251656621982,-0.4785127071859279,-0.4912994810219366,-2.0772803535111346,0.29178164272239576,0.0994718592776422,0.720407375549238,1.0123407677155483,0.7303442457392072,0.3461841467308309,1.3684912851011122,0.41393019192128616,1.6961589758724465,1.1806236018122762,1.0329245798836046,1.5152985052273384,2.298558335855519,2.369120390952467,2.110032519814877,-0.15488144459591982
-0.9557801299996886,-0.17060874585575597,0.667673349243842,0.15624355846046603,-0.2881428767376638,-0.4707281995400524,0.24242494038364668,0.6175262649206649,-0.9244746327117258,0.24911446316530536,0.05257755216887025,0.3964054163356355,-0.5555013295937254,0.07357355432122695,-0.014487935757489832,-0.4629122859402281,-0.9266818079932664,0.6504846154683841,0.054241364920009694,-2.252632013534276,1.5414232314328644,-0.36960162611907754,0.12333659062390127,-0.28858953401888426,0.10837868525958064,1.0791379155624075,0.2893250270913707,0.13828274922833314,-0.010333354409967454,1.2669759467416954,-0.015766106146860137,1.8852647706924646,0.6504039720848459,-0.5550058965972379,-0.39250633627008585,-1.3247981327743639,-0.4091370031649776,-0.9566887570448209,-2.025232436754075,-0.8786041335889009,-1.1691129267131741
4.681581587864394,-1.1038180213400874,-1.2755688242239778,-0.5650182278790362,-0.3570340229845011,-0.7849272537315634,-1.7713894009870745,0.13253736383961434,-1.2483872172462613,-0.7007421560357648,0.36389037815210956,-1.0419842946522322,-0.9929987418421916,0.25521013485066685,-1.1774536677828369,-0.9420836113934199,0.8243762829234109,0.4599666557277293,-0.32895845187115663,-0.3007151019196645,-0.47870855317797756,0.13715063752330978,0.9554929420145389,0.004006832244336931,1.6712293450881568,-0.04767202579366862,-0.6098149389436506,-1.9805235793507674,0.7623513881371414,-0.30862790996744505,-0.6134684034155428,0.26028607618226973,-1.0581643206485638,-1.4214455314738128,-0.5029171284856588,-0.5862357099442965,0.1476535941876813,-1.0302799508418836,-0.5701520785726223,0.25450772544098355,0.4012522792021731
-5.61828384580078,-0.4281749665278401,-1.7886623890015823,-0.7035565995251665,-2.347217607239133,-1.2490334523664486,-0.9814303546903214,-0.25730948254572356,-0.10791269157944197,1.2686925827415803,1.5438974544603163,1.1686045336061255,1.6964398813676718,1.1590129780169387,2.2926368653260507,2.7711723609851577,1.1849109956459616,2.9053691076449404,0.9234768766739008,1.6435262802261161,0.7035566220494254,1.838601108732595,2.423943054145264,1.4467451749911546,0.6286188149187099,0.8967949669320392,-0.08444558628593762,1.8313168522945489,-0.7503233201001597,0.41624539384671344,1.1860877869998931,0.5814863347674974,2.0860888829633826,-1.3532076288336374,0.1644237441745507,-0.07771777559145057,0.6275587333662848,-0.3665300690546025,0.36926921375899385,-0.11611290219397441,-0.8530262153985623
-12.73872889673414,-1.0728170305389253,-1.1163491342805012,-0.8049149195079282,-1.3979383352412074,-1.2670912703914472,-2.104097234010599,-2.5028644454061006,-1.4044924014439597,0.5972944730166272,-2.10129441454688,-0.7198681326964751,0.29924850169147166,1.1656905194014395,-0.2285657937731953,1.8001401576488383,1.3318804020965787,0.5019719323548494,0.06538669585821111,0.9775878455320718,1.282839551444022,2.189368859608761,1.1997713727388462,0.6688496891701448,1.8829764090018304,-2.5012847670295337,-1.3140562819749722,-0.8022619437161197,-2.3908148239208016,-1.5839597838414687,-1.262001074048816,-0.8387147364620035,-1.0391658028605346,1.3670698985695364,-0.8837375794047011,0.7249644866442139,0.6389409772111728,1.2329291353112535,0.17613043696232175,-0.04105401998406184,1.0128768721730266
10.04609925848883,1.199019265240519,0.10470074694225927,-0.789883721695575,-0.09705956917351308,-0.7541000564381056,-0.29777507188812086,0.42177024424840753,-0.025403000644265313,-0.843086074941697,-0.37902017350481465,0.3803114757834698,0.4785522614635491,0.1624056027644203,-0.49499915725727006,-0.32287423777652635,0.5908556392133286,-0.3090920762227436,0.9141824975857641,0.38786399808186306,-0.23738215426898593,-0.9091985719503543,0.4617693201255462,0.0507020705174062,-0.3889224119856257,1.1266942726228335,0.25832037088486215,1.2723874807951745,2.294316925954131,1.4826423328561462,0.21345655206907793,1.0632022488918214,-0.09420315351766435,0.8342499236440121,1.425301054493695,0.37697832730597075,0.009670101619360034,-0.8297772847653279,0.3915416812844818,-0.7616784513578375,-0.22997650844592443
-1.6020374786162033,-1.306694219651261,-2.7508851305174553,-0.03145846395607589,-1.977825378738778,-1.4480968920173602,-1.6340849585099269,-1.8827481977154024,-1.1946952608557384,1.9072323699025695,0.6473902299862326,1.8993075399112307,0.543042777639518,1.1758694105189034,1.9698400109621645,0.7344863421609433,0.5706704053476537,-1.6159326568728554,-0.10029106361765419,0.034385763417554525,0.032392170485999607,-0.20533255834244668,-1.0383004713735495,0.08255308796156233,0.38485836774320153,0.9890904292452326,0.36770331398421646,1.2227944417249785,0.3938746182649884,-0.29785694599545404,0.9029417421572018,0.7627827359158738,1.5009713145956143,-0.3014550057311255,0.10578704166704928,0.37698486070053083,-0.27597195774897537,0.9731876094452436,0.5622400021185694,0.04334980600713543,0.6809740807305422
-5.367252653183307,-0.5783556294660996,0.06433662762135138,-1.5012158500973205,-0.04319344455717398,-0.49671829164085285,-1.2020438312712982,0.23670000879012937,-0.4347349555173017,-1.2203420793878692,-2.657838477035272,0.02574686075521965,-1.917699972628919,-0.5784164258941,-0.6155542125092043,-0.45225955211427876,-0.6662189080027392,-0.18404699495690438,-0.17423869529838348,1.2448443939830933,0.5338487949607489,-1.5496332920442926,1.21852799464777,0.13774635051425535,-0.38619303536110783,-0.3452846416500188,-0.04709989121967296,1.738754721701949,-0.057348908604734586,0.513632598600079,0.38304840612038615,-0.8224584482961627,-1.6026588148071563,-2.1410026494515955,-2.3014080643197725,-2.3162286025753267,-2.872932892335782,-2.2930785096130744,-2.877721058017401,-3.236233123887699,-0.7897716993294065
1.73977982183595,0.8796824106256053,0.14275908333368217,0.542966000399858,-0.5514325413385861,0.073791372803311,0.6915899020938402,-0.3298295872554229,-0.2702634302987602,-0.4407952125731517,-0.27624207957602687,0.7574152750614641,-0.41521697780230904,0.46761992124530144,0.6291713640182436,-0.059607562069436536,-0.4203281015581928,-0.9026510118114296,-0.12734317992416838,0.04405592205429531,1.4829439994806435,0.08121298043015475,-0.7627852841675563,-0.3970261184678969,0.14099684174459698,1.724531599223195,1.5976376398909689,0.3518332803461291,0.7188314476273016,-1.3014957536744045,1.367209189711352,1.7564870819836407,-0.05953232249991154,-0.4574138013997578,0.9307384602895412,-0.74350108253587,0.7448372479702269,0.2520064385717333,-0.16402923735678765,-0.5676087440158339,0.9441456020770923
2.910572521262732,-1.0983301044554814,-2.074766651204451,-0.8908152888671195,-0.7350480707053334,-1.1523766934590234,-1.2386933523414547,-1.3589717410052382,-0.6292488727332816,-0.4612701732286779,-0.0845244015392162,-0.9412542287218224,-0.02314462630118997,-0.8107883489219209,-0.4429099715098169,-0.36564652935814995,-1.2306169328765395,-1.2937595073492225,0.11325986770416176,-0.3036340412034793,-0.9976650316452975,-0.5580238182886579,-0.7261715084322125,-0.39489074433485083,-0.722019879539623,0.18072804591555192,-0.5172143121154511,0.21530408571093831,0.38635528604850966,-1.2149802712061473,-0.9673815890665785,-0.05541761814204836,0.7207188989973864,1.1976520532749222,0.7748070028878045,-0.20101187602668147,1.3293788472133594,0.9236121625352764,-1.2650931438960442,-0.8713930639805876,0.4335914066713445
-2.6867991581211434,-1.0143054383940195,0.6216942245628805,-0.3292079730204,0.4328178046395265,-0.9857665939874395,0.4896520157323779,-0.7456515477969321,-0.1726170558531777,-0.7313459964866937,-0.07692986340306449,-0.2678712673396543,-0.1776050801529371,-0.4642665332314862,-0.12723636642502265,1.7886278672115978,-0.6961468208833983,-1.0921557179540755,-0.6250433964277297,0.8157420244122622,1.364849423508343,-0.22667707669639056,0.011592601450134236,0.22815657444390644,-0.025832578770815157,0.15903339893711332,0.5871266583946241,0.8855716329063575,0.36642798227202106,-0.21933933895780666,-0.8594542246168997,-0.45993856689871254,-0.1386492939014998,0.4022284907362114,-0.3585822456368531,-0.43159659025667885,0.028603564665563033,0.6811871852626231,0.3387299185069032,1.1627796241167967,0.43724334814792093
-3.25027024773519,-2.326192056207997,-1.7097477393291522,-1.3254925813338267,0.12936772375096076,-1.1803198473194094,-1.69500813252043,-1.7932381029889346,-0.6921014663531319,-1.7368371426745821,-0.9562894441797959,-1.8310519327050558,-2.5002403834988094,-2.6878013853030978,-1.7175777534081773,-0.9047011030464851,-1.452665790732739,0.44054080280281493,-0.10940510782641454,1.2279270839814675,-0.5140393949405648,0.2536734009569023,1.1911486109367935,-0.1892711710253904,0.28120735395972113,-0.9055444389489461,-1.7594405809664266,-1.0876997272891418,-0.5500685985699879,-1.4107665533205098,0.058444176507319194,-1.1650049069451305,-0.35147105887995433,-1.5866079583004402,-0.9647584515635235,-0.010018004973482276,-0.5298988397185898,0.38546929545568914,-0.48317062354222456,-2.334800503326969,-1.9716156827760076
-9.394121035069414,-0.11163625944466182,-0.548547983289087,-1.1928109269821539,0.7514178123287513,-0.47174952559653266,0.23579773168708323,-0.5854130497196245,-1.100258237017254,-0.29783774328088203,0.7821318294955317,1.2122305567860943,1.433920081877015,0.9391335833001234,0.1225579654555273,1.3569671404431802,0.9357811614000776,-0.46763927422039564,1.0748747265510503,0.4502072364435512,0.8145331891209512,0.8622487580976029,0.2994592348448335,0.5464480473099191,1.6323463951244483,-1.3932225981397202,-0.14410835850544146,0.3769100562030635,-0.4241526639590726,0.36160229116598064,-0.6556773533228888,-0.30974249254745373,-0.9424444817038927,-0.6274040118254959,-1.440091791006604,-0.03995656089095424,-0.7152850230212933,-0.49745512005687786,-0.6213918061265908,-0.1892487053205248,-1.3415686602059531
-3.9924642337103853,-0.21936937742145393,-0.8330414243362112,-1.2793473203909667,-0.48191719649215337,0.6254690522038481,-0.3425504677797927,-1.051858510291646,-0.11173745611874789,-1.184893044534312,0.1911831370348972,-0.17748639453832482,-0.1174058940401235,-0.06390224193276337,0.8812824524825048,1.730062162076269,-0.49433295166185687,-0.36142690626949703,-1.4414053877521245,-1.0238848859146044,0.6097487541869524,-0.740695141456687,-0.03365842311114424,-0.38217816902472135,0.14945353211847984,-0.17744803688543606,-1.1512184796432863,0.21471641274111375,-0.037222209127940026,-0.4011999301268111,-0.9490721218713596,0.15444441752711743,-0.3450060372439646,0.5620945220606953,1.9657473871605347,-0.3262628551287885,1.68531653870661,0.814891567156954,-1.349380416006992,0.601402535985507,0.2734232535053246
-1.0839954405136827,-0.41177073332877767,-0.38174709868751117,0.021487646856000846,-0.34581968042833683,-0.41480773692185485,-0.01652575221039321,-0.9439492602210495,0.22177814813340943,0.07633627356054702,2.49793200390864,0.7408956860010469,1.0873863115006808,1.2410627669190712,1.085484406241436,-0.34158577005256646,1.1473995811177706,0.4991559233008013,1.0298105590727802,1.096784251709275,-0.4344178049323714,-0.20776787295180088,-0.40319058500294713,0.8438527469861805,0.21879070204308076,1.0731463262934247,1.4944738218644482,1.2580586803559046,-0.6579284468727389,-0.8774407239292329,1.203428878481389,0.31798378319901954,1.0925370120798996,0.30071223549581494,0.17735113238732486,2.5762246499232977,0.8768386657431534,0.961756750098295,1.946309113632735,2.208169920145124,1.3502269043566917
-5.37474062180109,-0.06318102916726537,0.3547398333674139,0.45349159380007814,-0.4111104497120693,0.5637336952219337,1.573723400737338,-0.20219128804659234,1.2577659901524312,0.1278673686796381,0.4453916967687802,-0.35413061037077936,1.0149831436956571,0.31807917365100696,0.9292071393214588,0.18191591236262597,0.36416047865545315,-0.18790420473432498,1.2697104800230847,0.037674260794333746,-0.1852518438421604,-0.6180173492746708,-0.3666504202596686,1.2514527251024348,0.1155705989967033,-1.8280000191911239,-1.683159726662419,-0.7139263227470914,-1.0805877140250442,-0.9351570588689874,-1.6601930455525764,-1.781683912056288,-1.5107808890472183,0.4057922391008922,0.7719640748012578,-0.0022162021206168204,-0.8856469479667542,0.5942578479282512,-0.7654582389349927,0.7813437482618628,-0.3843185258690055
-5.06954371974529,0.6453097918252627,0.8073505281164525,0.6219340323327793,1.381268771606068,0.8791845838716711,0.2652272649891181,0.5094973780212029,0.08521758320183893,0.1546212802425735,1.1152141929369428,0.24428580176914097,1.128938527172111,0.7452465795221966,0.19294059695949026,0.3387492731882716,-0.5823720111864646,-0.9788958867458187,-1.0703827616528208,-1.3309629908262577,-0.9868483630743832,-0.9030607316357333,-0.9669788880086592,-1.2355794126006228,-1.441101827219621,1.7989850202240008,0.5713335179880888,-0.1706863813401418,0.4193382372207113,-0.08395910373397132,-0.8460538529613228,-0.008821731955031267,-0.6290052559718163,-0.8933156249641263,-1.4347361908675607,-0.6815608461514528,-1.0772004775799326,-1.257696706356304,-1.5556423222423335,-1.8378653276387853,-1.9180218310305972
2.186540674410719,-0.0910991474123493,0.3260945059559689,-0.35605626075046276,1.5137227810852754,-1.0948989077661486,-0.25073868642905406,0.3731400459203828,0.7744392739504897,0.9104982099682906,0.15006797847943174,0.5142698916334238,-1.03143712264461,0.10181365676850646,0.08163680166958208,-1.0658230131212962,0.7393371130840207,-1.0851993642343574,1.3992407640489433,-0.23058329261264932,0.8346604506673061,-0.667668623848965,0.12210863136246754,0.6430652243894501,-0.3072194977749222,0.532081232636976,-0.7694884057149441,0.022480435474092585,-0.3319430953916425,1.036367009371379,-0.9495598532888729,-0.9165124605679775,0.012823143263380792,0.791706543043821,-0.6259701506478546,0.032025765274875946,-1.082908935945881,-0.3196475847745839,0.4492894382373343,-0.5859519647454655,0.7909767274071181
-5.901468859791164,0.39728560672059976,0.5260776886818881,-0.02596176987675422,-0.9024499331761575,-1.3746010774085544,0.3350749445140234,0.7556577298868609,-0.056112536883121004,0.10870268169112016,0.34559632064395124,-0.15100210977330117,0.7183437839845,-0.7747428105282257,-0.0194886962227327,-1.225385712386355,1.1919258494741307,0.5038645053707373,-1.6171645162833606,-1.5902366293532841,-0.717550213867877,0.17949135163732388,-2.2248686075257003,-0.4334868030464273,-1.5696682069016756,-1.291500305588374,-1.0688267802193823,-3.974552763245691,-2.9077834165977667,-2.906878624491199,-4.099190046892456,-1.8170534406105543,-3.145085860636885,-0.6005083881261318,-0.9475546050480277,-0.4310547361492607,-0.7261425359749129,-1.096052040332065,0.21545724679320336,0.2885533876911381,-0.7106631262833334
-6.021338064807808,-0.8367662262664508,-0.11351756687660075,-0.21598484807768945,0.17629722889655863,-0.1175046686697267,-0.4430557798143183,-0.013576262554546933,0.43204728754325356,-0.5212384484392497,0.7831975879261631,0.2089753185778208,-0.269182086354595,0.41866413104818995,-0.6183987336265682,-0.715172915255984,0.7392360852948598,0.33285894082165074,-1.742233292329811,-0.6952606571383521,0.9185334451372696,0.2218327908884526,-0.607501842796656,0.9020592942480081,-0.14980273511380532,0.16597201932038977,-0.3350843040607804,-0.07630159007425041,0.22327836008232155,0.730775319047593,-0.18849050378993576,-1.2521042867373318,-0.3782956074430962,0.943375541076167,-0.2676825875573165,2.1310491980099737,-0.08964689052974895,1.1153363712212268,1.1435281981298673,0.5861111061324259,1.0578992729803205
-4.985124820630416,1.2659451074347858,1.4429515355928777,1.2373042061292998,0.061350461965487234,1.5760181110868023,0.9665346398924264,1.460658106420601,0.8371483004690259,-0.525407963590128,-1.117205791339475,-1.2112878108186458,0.5646576371068271,0.7668322551170216,-0.7712565903046844,0.42146199634905296,-2.1254456665335213,2.177368212319304,0.49540761791342125,0.9166176484916307,0.8924835512265621,0.6802235386053246,1.5710700788231575,0.9371781223728655,-0.5294836718143513,-0.5084787998892586,-0.6232208153377504,0.3276839472043022,-1.5004700348409137,0.4063485786355618,0.026813521463612967,-0.9115445796353517,0.28680688332653237,1.0944377962477876,0.467620887847438,0.9338894150565461,0.5010928744166085,-0.3308730674566835,-1.6218822838009515,-0.17321564137213696,0.49663587588686825
5.0788463045659,1.1113431480679028,1.4632778725660065,1.8166658214985631,0.5359518614187531,1.2305861250224328,2.0053200002166287,0.9009724811628549,0.5447045680391855,-0.6453703963372954,0.9736217729052451,0.7767220927114872,0.42289125216656553,1.0604181502228387,0.9845522477661638,1.2708498767393983,0.2531297099010114,-0.9297170231277803,-1.7440206138397174,-1.5173548372253405,0.03920065448308545,-1.7023232566572526,0.7394712225989641,-1.4098076494743474,0.37685058882961336,0.6711667060999584,-0.36393214754710296,1.3281110287040994,0.0711042187241784,1.4832316489022441,1.9063180383171408,0.5630730420123808,0.9565453111943613,1.2555222215962594,1.6895178289146255,0.5357930316512584,0.5620038966459943,-0.4073480355282769,0.035584090418332916,1.1593086132327026,0.5725140867927807
-4.13700733145854,-0.31077934453678896,0.37411654207300077,1.2807780568023712,0.6266012670284519,0.3131336186874778,0.6672312090008587,0.1588916615334355,0.7867240942960932,-0.13065164431766635,-0.9304883718749005,0.2669338352463825,0.6065122250352526,-1.4095668282975309,0.8153243548812118,-0.7793112004721581,0.49983212001301147,-3.1062986746433925,-0.18180937391221175,-2.227340130788123,-1.140873846658338,-1.2047461524785124,-1.7926155344406285,-1.9133309600096051,-1.957143194915461,0.5866485582081662,0.8497053356444155,-0.6414778305629454,-0.0391043606996644,0.38492922566056637,0.9573330726207251,0.040809069305232974,1.0820257398761266,-1.0632397075206412,-1.1260962343501886,-3.014457160194853,-1.964299277302621,-1.2948859788848481,-1.8541086275709635,-2.6380591069789827,-0.0817967305711271
-3.3189158160317525,-0.6196148831809296,-0.0750330720295537,-2.2902577307011462,0.5275529867874847,-1.4586888130946192,0.15735808553454,-0.2517220502301894,-0.9493615861169862,-0.5044783225752785,0.026137180220294327,-0.8187816935874943,0.19358980655404234,-1.287021790867979,-1.6298543290537673,-0.6128756189456567,-0.6502945496698046,1.7055943424780513,1.5489997163770124,0.40933511968664105,-0.031514285114289074,0.5790468248394616,0.20527260819367707,1.4107754419375196,0.2530311270599272,0.2796409342011038,0.6235811086697423,0.5385002526283429,2.0254630092078485,1.2204063406019572,-0.05113760213898326,0.4765948105191546,1.6532135956983234,1.7483735115358934,-0.12937434969065145,0.6673802769221068,0.22852727253929078,0.34308472283014446,1.9064000109682324,0.10940811523994241,-0.15118889918016776
10.778853097446033,-1.4914120957575783,-0.9840647216074435,-0.5903009292488306,-0.3438925389968098,-0.7864229887014919,0.571779777781578,-0.4180643016750814,-0.3246142042384714,0.1317574780280421,0.3651796574276308,-1.1961288027026884,-2.288351907461611,-0.501725737786541,-0.967305573114441,-1.5065897702186721,-0.5228418445685613,0.07549264257976827,-1.3821222207595631,-1.3534362842609906,-0.7214248963745902,-1.1871417933345698,-0.6586846828705644,-1.93927094065419,-1.9576188218067267,1.0293068844303666,0.3710153698137714,0.041091671480426605,-0.08601607272460966,1.1436509514910491,1.4876943950569772,1.713659507472413,0.34417702259758787,0.37196589326024354,0.8009987804946567,1.1019042087569217,0.9933833479189014,0.7171713324243326,-0.09663117727795471,0.2984939408520432,0.33680387840133125
0.04124947487312086,0.9953318872675572,-0.020053731698431866,1.133524731484583,1.1567385709024172,0.4682606914200665,1.2641445789432386,0.6147233842773387,0.8885952696966025,1.9196274338545825,0.4630687718797143,1.4403885367398923,0.6785121231077698,0.37533168387191485,0.505621551230182,1.0359237869129938,-0.48722830402045214,0.12213590275047236,0.12366303634744515,-0.03257778507955835,-0.040099760569366594,0.42609702174932074,-1.7063477874118687,-0.09099311179903632,0.22472543131641304,0.40543766820153054,-1.2494465528547132,-0.36087011144700487,-0.4980662810984252,0.4832263220659286,-0.8796348458634209,0.5761853514198247,0.0984224237091465,-0.2584470964078222,-0.21429544062604922,1.2105698806563698,0.33292533931898977,0.43676414083239856,-1.295509500796968,-0.043046509188901246,-0.2040722918606786
0.1064554089594979,0.3013974080892384,-0.04586202991200292,-0.06283714464956877,-0.5869637045644117,0.22339357690133016,0.38534541828963675,-0.3180612263003379,0.5563529167666009,0.9008809649519715,1.3471572970787797,0.6500665603200786,0.22932353887552376,1.230501622759892,1.0809275159772003,1.1004703002656968,-0.3420953166394464,-0.6012695723827843,-1.6023998731974218,-0.5493320440099146,-0.2832688751655613,-0.2718248173866958,-0.6682632525304943,-1.496368977710607,-1.612822257990051,-0.2320559547803925,-0.5526212599062201,-0.13202581660025955,-0.8550173535694854,-0.02416023580127491,-1.5893701943383123,0.8704779689118545,-0.5825187899440242,-0.13780628577888182,0.14993266306064248,0.2015706905106597,0.6780458167413488,-0.15620530400913252,-0.6673872965633643,-1.3359840228152822,-1.2488278735132725
-0.6976537659638504,-0.571291324876135,-0.8903178420908509,-0.6868944858475569,-1.3843101467966572,-1.1049051112521968,-0.6305120455972333,-0.6917801560013995,-0.15483447103393808,0.6270679965873658,0.3631539808939953,1.2162545661905357,-0.026805387384530966,-0.15762453905662074,0.5075665057899892,0.09223572592039017,0.36602068771856827,-2.568383011147169,-1.241423680707233,-1.41110603391315,0.12039243909955029,-1.219250749015413,-1.6149666294652218,-0.2569354312918862,-1.00751492497814,-0.17356089578593187,0.3884056775100449,-0.2607259377882836,-0.6646397435706244,0.40973678397342245,0.7086042774664305,-0.23932984478788694,-0.5247625932288499,1.1725807892485887,0.2602932810616747,0.47613318453226305,-0.707474943982887,0.383362646376366,0.7118356532349377,-0.24981520199458085,0.508213627003265
1.9623382368148872,-1.213411936977459,0.22322476433525693,0.7427725352725909,0.3895417830849302,0.8427245627194259,-0.2977910131563962,0.19618705494391644,0.3744867691874131,-2.3615700098695003,-1.2000353247393796,-0.996768716291288,-0.7726768247044186,-0.05807139072100586,1.381325540891782,-1.6293527692295575,-0.488792987533552,1.3026353906262214,0.014149614545311707,-1.3075190257349394,-2.05800537253289,0.1601098579404783,0.24354931165863092,1.530465044575972,0.24083136633358665,-0.8982042204987054,1.3700247869085531,-1.346906412905062,-0.9343627587583493,-0.31537746564996,0.3390427274781821,-0.8100025702693561,0.9854980797720158,-1.2840286928243798,-0.9299044892743881,-0.8402207382410375,-1.5040901088676053,-2.1432344982015077,-0.7038261030925176,-2.4314242639029273,-0.6977445465191855
10.71251239927124,1.3983375756296201,0.439962711497982,0.8003301311650252,1.5189719453864265,0.6628422594457548,0.8314113987069468,1.6079373095455052,1.2617793392638326,-0.6300607098260428,-0.6767173128992062,-0.02709089080724518,-0.31142792054890095,0.13788020322430133,1.4153918794188833,-0.09583278175015135,-1.0782832663646587,0.5094593605584415,-0.11076388673552072,1.6815783408234122,-0.42709552857387445,0.26444665825817404,1.1827749783730117,1.1156291283400532,1.3714564467859744,1.09789827764773,0.43789982441895875,0.8618683112068183,0.6544291481634047,0.2647126913730058,1.4844637246062509,-1.1853327532103897,0.8345271343837967,1.1878054314393007,0.35932588808063193,-0.0033196986677950244,0.5618999601402123,-0.35240367673370376,1.730163734390087,1.0165694499753766,1.6713199696198675
-9.086941534675827,-0.24829371736195238,-0.8714213854277663,-0.18197506266352537,-0.11648079433719948,-0.9154721532973359,0.27478644450102985,-0.7129666514141453,-0.6617193293569914,0.43363435000638706,-1.0114411226785862,1.2644557406889472,1.1259048718194686,-0.741236644735529,0.6986571773302418,0.10525837211549911,0.09992471337417218,-0.1593039095373565,-0.47193936792489927,-0.41272568757992684,-0.4602034701625913,-0.48639255533029846,0.12256247343842512,-0.9555791194672142,0.4482138327270525,-0.9859394167665133,-1.9167644367647132,-1.759029583941758,-1.674243824479813,-0.6851463149138249,-1.1748129032928034,-1.2192260842644365,-1.3367038263710689,-0.19820270489587055,-1.519420753532632,-0.9030788793322638,0.5549908845167926,0.03621686973311542,-1.2576847906714812,-0.21872268625236577,-0.8604074191671587
8.225164554344435,-0.11095499077637093,0.4130758678415635,-0.382448094477846,0.3843126910144398,0.38951538441235495,0.9942831236167581,-0.5563155511027358,1.248297991827009,0.7743511997082427,-0.18336574718916432,1.5320421923792706,-1.028455927533386,1.0634283727234128,0.9466122407672201,0.6400576843116653,1.4728246959011086,1.2847874203814955,0.6474909150156803,1.5471829304710527,0.8943229464847262,0.7007979608789373,1.4146196463212934,0.621826646312445,2.276681729525703,-0.5892960202164366,-0.03640665295542256,-0.4756801846658752,0.21685981098542698,0.26921611848632493,-0.06290196309016013,-0.08885772725068064,-0.4514185291486434,0.8668987593431593,0.6324088437403831,0.7636153561908503,0.8163270786718774,0.35828230543591705,0.8993397138602581,0.5452220276816953,1.2013517606580022
5.697260369576265,1.6093141105717192,-0.5738966213237998,-0.5298971985319949,-0.9868743759493939,0.021566402557055962,0.5308979170033432,-0.35158753720318303,-0.02844296034953011,-2.6177397903837423,-1.1275648233305509,-1.261470694002691,-0.701874680346002,-1.1707251827194978,-1.623957208224008,-1.006821241140167,-0.48159367650815177,-0.5471861675985913,-0.7653554070806123,0.004436192483941483,-0.08498335794357215,-0.6498975405479093,1.1182120223099332,-1.0220403013536947,0.4148285156622828,0.28441355478742136,-0.6791306245267528,0.30673345932064267,-0.1905782474674808,0.05895162689622836,0.38559725465583544,0.4364750336091567,-0.5794510645088031,-0.48739600172454217,-0.08221161797714924,0.6498076599765361,0.11996120340069946,0.020720370186848996,-0.6716354002959428,-0.5665267695046392,1.0555293833453105
8.06367700760484,0.9123007944124909,0.11374808550151072,0.94952735473042,0.8234469003844703,-0.21008689830061097,0.7181416553820648,0.33502287232712075,0.661823037731505,0.24352809745986537,0.6458696603229858,0.6068298336887012,0.6145963254929754,-0.09666521276774556,-0.5980637822364268,-0.23646273997120057,-0.46196909527161517,0.6091030122499352,0.6724741036931051,-0.08819947776973758,-0.17709725704431853,0.5637175970607564,0.536660142811469,-0.13920865744841687,0.03701103966187062,0.5890936112677564,0.6965510718769956,0.26949183005379196,0.43294492391851835,0.6456276042082346,-0.05774559825006162,1.520042584416066,0.12178402536131286,0.3363963063853115,0.6892803859293414,0.6272225057060993,0.7210737667263311,0.10890084479295568,-0.3454523375831666,0.752070640912007,-0.9366233979696523
-7.313271421707206,-1.3535155479114804,-1.1581697122217065,-1.688246666156634,-0.3370110362256623,-1.8685866826997495,-1.0672541073550492,-1.224061236359192,-1.420634702959847,-0.314390778824761,-0.38321141828622945,-1.3198915469709287,-0.5901929566229579,0.41524471466545404,1.5350206776603428,-0.3798796042644343,-0.7671236125860684,-0.06413152314344983,-1.8760556696532826,-1.9665622375528211,-1.363342142416062,-1.6298374507564197,-1.5090607374005287,-2.2242957304231954,-1.2341780548622103,0.6540816514412369,-0.3510137810029409,0.837957636272076,0.6933491401946409,0.2240733471404748,0.3248400642342836,0.7490767483383296,0.336204942429656,-1.2420358019704951,-1.1492500640348655,-2.141207667778394,-0.39604677885200085,0.13415437954430245,0.7204207812244705,-0.16467731467557803,0.30226865505443257
-7.311876808295104,-0.4927034479180737,-0.21777305366517594,-0.40473882900070945,0.9800142624728347,0.5674362387704985,-0.45178667303336856,-0.06600450686816062,-0.5719930190640113,0.7933750370525422,0.6905549267931183,2.0723739069918286,1.2399030082143658,1.534123776165195,1.5795721554035622,1.8958927386099715,1.302471415271835,-0.8588174375947372,-1.8048878267417425,-1.007975026873448,-1.2548603962906624,-1.2850317736198762,-0.11766708494519565,-0.3356870917294878,-1.467926053848365,-0.7144739333214989,-0.5719528598010225,0.7992908015424826,1.1048040346904393,-1.26995903553845,0.6858157718785968,-0.022945781213834934,-0.056798892499195175,0.2146846309333069,-0.16355909461614782,-1.3323148797937805,-1.4011249441786302,0.8222096508642059,0.4715453834016406,-0.6307588024344984,0.028791789208301072
-9.423588566649947,-0.6785146395099229,-0.9113983318335435,0.1809857593326233,-0.08218759473337578,0.08407409038724988,0.6444024991810521,-1.183956334740632,-0.9511820994692749,1.6147657174910746,1.2319000139660536,0.8319184965690423,0.8704311351077925,0.5634027764392232,1.549576534416597,1.4658997458834373,0.9423608032144967,-0.2532823793452117,-0.18514490807654202,0.682179075253449,-0.1225747025100598,1.5453098556211329,-0.4636233438989716,-1.139464639282752,0.1475288532430969,0.027429031924134522,0.05320121721577052,-0.751338277507529,-0.4899704878772087,-0.08950505919287229,0.29224845852664,-1.1382753936460785,-0.2449355945756655,1.4079933469391177,-0.0791504122738215,0.8078849270232404,-0.4344716323479569,-0.7462329058720458,-0.4708906890106224,0.12051196747918799,0.014180356063883006
2.1314746600878123,1.1781648472482023,-0.01278965621186075,0.9257590022199186,0.6404653600984268,1.5959032599508947,1.0639946449498447,-0.25135838961626544,0.018026421438513254,-1.1243511618357704,-0.6871681503795,-0.9394981880496416,0.07931480318219879,-0.18084672523422052,-0.2719358945624288,-1.2726994523048099,-0.5982928582484967,1.419973526656088,-0.003738726010796407,2.1286560043220604,-0.6856385411151664,0.6120980844780307,-0.09080827621694108,0.08604256351549291,1.9000648686244412,1.4762397717289089,0.587940169595726,1.8673839861004273,1.9097836873763363,-0.21698269839635367,2.7749518197679235,1.2986163665108443,1.154295144197155,-2.1020154075496045,-2.38783631306139,-1.369067638982296,-1.832141956229161,-1.2484408901751975,-1.829908324611182,-2.017551480132452,-1.2160908715562948
2.6561236920734164,1.0396975080857649,0.8860487241603765,0.4513853442345848,0.8495282875451318,0.679126876680756,0.11710858424252038,1.0927826217099745,1.3181483214290415,-0.17375179033561136,-0.30776548728541864,-1.1667723212590677,-0.3017898474808794,-1.167224398481398,-1.8831557631567697,-2.1764883879738313,-0.8504165212765176,0.19694873644882793,0.1761241127509532,1.549660456994049,-0.09150278035652337,0.25585471869359677,2.5386495968700613,0.8617077525121474,0.8788181819144772,-0.23270926046837231,-1.6598717740913833,-0.7194349373660678,0.23484688454372565,-1.110118708388223,-1.0640435448958276,0.7358449063017678,0.3734960417497027,-0.03334732696661593,-0.9098979910331578,-0.9983294561201642,-0.2619078277435008,-1.0298521041788962,-0.5193738665323282,-1.0874918591057103,-0.8590354720999025
0.10908474287052305,0.5994151537642252,-0.9005013457131815,0.3793756535829892,0.3390087625617752,0.5636237761459822,0.24918005960048267,0.05830337098999382,0.5104119678788034,0.6227530468197351,0.25381449114014154,-0.731661858031598,-1.3305358831108016,0.5309531583907126,-0.2928616890531522,0.2805633405642281,0.5515089764953968,-0.5481952065615783,1.054135923281582,-1.6560026898468327,0.42602707014052243,1.2168384895815334,0.7115249514852233,-1.114972967412289,-0.8503694930877732,0.6526380823128757,0.6859768866879323,-0.05298140909251394,1.113928747614472,0.41417170454615043,1.1325266768472657,0.5240348534662936,0.8628442246985735,-0.22800925268166192,0.43086634982784183,-0.5892751160540979,0.1256193932495224,-0.10006909493492223,0.003367178606794478,-0.7183616050639491,0.06468039194623451
-3.986031418671069,-0.352819839172321,0.08499390198840336,0.05465201421641052,0.1789056147765736,0.5976397079970545,0.3754692546222872,0.11303396632475828,-0.3930554971190687,-0.33440625715731703,-0.23462385970959626,0.32275594827237347,-0.8099595046372124,0.14330057206896415,-0.02633597531284451,-0.0005495668748541996,-0.10508169071977191,-0.7834726185553976,0.21162333319272483,-1.7746190138463234,-0.1490639083163565,0.48901384467973347,-0.8962255869188364,-0.24965168963909617,-0.6571552203444022,-1.2468326428199044,0.6778409580857568,-0.8023610185835625,0.11423970341344669,-1.106281119676409,-0.37223956436268507,-1.5259365947876922,0.4540952732100254,0.1194419397823691,-0.6606711493768607,-1.54628563416885,-0.3908204503277127,-1.1291764314133172,-0.3569716269045679,-0.5795345578909225,-0.5485539687792388
2.3787531457741715,-0.31400316597772243,-0.13207984119464186,0.20094346004179306,-0.10312619026015821,-0.3551504553166766,0.4637196747453881,-0.4304511727691716,-0.24932728365438742,-1.2489822380393103,0.6586077756361086,-1.3100559399720058,-1.2942533005568653,-1.0435831942726124,-0.6600960449040127,-1.1089311121898702,-0.5080198706138861,-0.29386953083299394,-0.5510962425572653,0.0955278337605401,-0.11605567604170361,-0.06366897538527984,-0.7497103188475507,-0.08142610653829356,-0.7140610557164179,-0.5481931270569068,-0.33438211986404814,-0.27468640364442437,-0.644521202134051,-0.06775343806787365,0.12897807049018853,0.1563481747437083,-0.2224066675823241,-1.5868887035858914,-0.5066435843715943,-0.04199408496997109,-0.6417251673399847,-1.3207301602961699,-2.0422960399265095,-0.053101459631906225,-0.6781369222343059
-2.581241273019507,-0.5120357416595571,-0.08734007256306324,0.7098033820647911,0.7220018679079779,0.8594360574468446,-0.6610383840773312,-0.10917822969977395,-0.7313555141474671,-1.3926329358340013,0.7718603620375519,-0.7550005641369041,0.25635865260665347,-0.6353691715199972,-0.37697676354851717,-0.8953200245150567,-0.6841244428622438,-0.9066038796762655,-0.7821075633021148,-1.037902846853573,-1.5219732973212794,-1.580592459118569,-1.2240061048778144,-1.3519458132921987,-0.7182562216120176,-0.9738027017618394,-1.7780806946643848,-0.5906791822801318,-0.7949794035689648,-0.7200684603125008,-0.667429809269002,-1.7866625623748893,-0.3951933996846781,0.38928822830787263,0.33612045004446744,0.18375268759109337,1.666873897811093,-0.043561644910657386,1.2944350651500383,1.2175553097088527,0.11860801032306792
-4.091435395778196,-0.7375513261612927,0.019415100906221082,-0.8387330242335627,0.0798189712940629,-0.7118288438023213,0.08322957891866777,-0.48592592242182203,-0.5834407068549778,-1.0865350557197488,0.09798983186777256,-0.20609626587495092,-0.25219893284245415,-0.8857462460730905,0.16380429779937541,0.09952278028509683,-0.8032141633386196,2.4830958166912835,0.8471195529670926,0.6090817505578958,1.499515568994165,0.6219121675144972,0.6297611825022702,0.6888589500438218,0.5038193482844666,-0.5735439585056195,-0.020141857645912475,-0.08517872378096095,0.1053804148708259,1.1111452647487599,0.6463363668648547,-0.039961685159616595,-0.029729609336185032,2.1311243944090115,1.8156777519935259,1.0680345438077097,2.2527759044935802,0.9639967011645356,1.8128969734665181,2.691816353246315,1.2125104041169346
12.47567878379892,-0.7526769047463411,-1.2605258909133819,-0.32007438093285834,-0.30297190334687885,-0.7443288055350875,-2.1500476132668704,0.13609961808428192,-0.40520458650562424,-0.3143123665445217,-0.40128879150700514,-2.0369091308907628,-1.7281608848051389,-0.7514375039066714,-1.1387638383622376,-0.10144766573022827,-0.9547793782963289,-2.077389099412526,-2.729869625829455,-1.2101063432023387,-2.519941303937621,-0.40615594333448923,-0.6024486082485062,-1.4963822165098686,-2.538377735245623,-1.2240858512784842,-0.410654202114069,-1.7644395178766896,-0.7865722908236062,0.3966741285711928,-1.286375963972867,0.7346125533157142,-0.7483784835860866,-0.9925371657550223,1.3855530621170624,2.285943547946595,1.9086589534479552,1.2732025718205597,2.2445716349535325,0.9904727414497173,0.4334524288190501
-7.985618743740964,-0.935419383620268,-1.2911498469214275,-1.6102288425031661,-0.7248433271250249,-0.26900110984048414,-1.0809024439215678,-1.7111973960505287,-1.217948898399721,-0.6872881402504956,0.10477409224349075,0.5289033420835498,0.38330765408133033,-0.10060925097573417,0.15325290376309172,0.5509724994610987,0.262616150517286,-0.391440309187602,-0.1335685389730825,-1.01116926180081,-1.7066909395909708,-0.3627218432173663,0.5712335364970919,-1.1022162509605786,-1.079000519963946,0.014204599168752089,0.18252555856863026,-1.0551668022631675,0.18245550396220755,-0.4603554973367788,-0.6624360165069669,-0.94503249387532,-0.3548345546858245,-0.4754687574052704,0.09306522058845533,-0.8415081017377808,-0.5351167390612009,-0.5396731687963187,-0.7294874507180468,-0.7934762465113461,-2.6117851034034683
-8.016457752171508,-0.20834218039934452,-0.8317252473476904,-0.28947042268195716,-0.37817930314604775,-0.7270924651889416,-0.30508761342843693,0.7931588217118575,0.9612237212686893,0.38980073404935733,0.7403483762199305,0.4148621596896753,1.1797397839148431,-0.38696151080987845,0.15760084373695693,-0.979730619654391,0.4215463203252504,-0.20136304967768692,-0.7613019047604299,-0.3219197867587236,0.19615950948657385,-0.9478701557481263,-0.18543007801542005,1.627058233096611,-0.9086385087793598,0.3195531189676219,0.19492136801762197,-0.38800118149335566,-0.6297013958911467,-0.2942079403045788,-0.9407411925815685,0.956737285630165,-0.515045988131965,-2.6472026684056615,-0.24604713646792295,-1.247602062002396,-1.5449534687449515,-0.7071382271673019,-0.8028055612469965,-0.25646242067563557,-1.5802554575966223
-3.1838947339081933,-0.7709937560617742,0.8062681015054004,-0.3641638895783093,0.26561408333244696,-1.1192842548086304,0.10682252192368345,-0.30297743110673525,0.1413752970122575,0.06070419047759315,-2.8360305335554012,-1.855286159486908,-0.7979974760340512,-0.8226462865046003,-1.3789341629419776,-1.7336468678022758,-0.14693663713502372,-0.8625504791707712,1.8182674717122072,-0.1435520406502498,-0.22266698742659938,0.5003204681570206,1.0701548989026068,0.25088327554221695,1.4416886368874353,-0.9603174363464427,-0.14939520455359503,-1.0123484901653494,1.6537867859447382,0.6292221326597263,-0.23615561257493556,-0.6190508091795377,-1.1309928721438738,1.8401012188413277,-0.13794180475574333,0.75671726834933,-0.1572624264881294,1.094167165892673,0.27265676309703674,-0.771002694425847,2.0465671463398483
-3.8740139617211935,-0.21982570242531999,0.0483501092661965,-0.20491968690703902,-0.13706017373036064,-0.40514660584493273,-0.751608391599222,-1.0093473712307706,-1.1791108397348382,-0.4796745909563846,-0.7257621618204316,-1.3948278304935053,-0.7626885682477781,-0.7221975447100333,-1.3779629364469361,-0.3510650414673926,-0.9686117271815393,0.703709744535866,0.723136410437628,2.220169042163687,0.5145587362752478,0.468218840903718,0.44402561713222954,0.8987635959175224,-0.4899972767650486,-0.43219073328330665,-0.6683404998151568,-0.8004935923404112,0.37329625825749224,-0.2689978766797471,0.17226849762360513,-0.8686244202994033,-0.959246436694689,0.16728112085725674,-0.35274267938321135,-0.17821487130507394,0.7671009352842703,-0.5879633326135604,-0.49802138794007705,-0.3460042093847031,0.23999263495953965
5.1609951811896755,-0.056319927858862036,-0.21426389648487149,0.03455554736800587,-0.38861917699377607,0.7987337409130546,-0.9630350928770138,0.116112432619592,-0.17733370128267373,-0.006494785148475318,-0.7618433299168988,-0.3598247580137507,-0.6541428964155542,-0.24244450332466022,-0.16548794494544927,-0.38674935052040765,0.09626912210565561,-0.648678540089521,-1.069694398745745,-1.1967354803027817,-1.6171184210439382,-0.9629264448419751,-1.2588750614717579,-0.5567478967360423,-0.6004469573118266,0.7513912386226604,1.3612352627798285,1.5718239223056034,0.7953328527520249,0.41384296067068205,-0.5565417891540942,1.22026382161077,0.5368702174399466,-0.6566842214686358,0.043668037447832965,-1.5457151173869728,-0.8736636071240842,-0.797521414919677,-0.9189220511280911,-1.7376874941244032,-2.0591692896530907
1.01518757504707,1.4872742752026447,1.0651682775539375,1.4836798428269136,0.9759452440410056,-0.19287293933671965,1.1868731085630297,0.8904142514705278,1.4872258972706556,0.7106524684252951,-0.9281369841311276,-0.10384522348048741,0.7673699860516687,0.5552181599770718,0.9480167854226051,-0.12423807353009424,0.3848690657358275,-0.9816076176851622,-0.09662440964574952,-1.386059818286554,-0.276481195293936,-2.422547405547798,-0.8767159306844396,-1.9721922099582498,-0.5210868237604405,0.41358028513353884,0.7519203842295332,-0.349708255256287,1.080157910966555,0.5474905565232611,0.4961100711719464,0.600574917317353,0.01098944707591435,0.5945449020457663,0.7419076535254004,0.9612155429964258,-0.399210184517308,1.2385783798063308,0.8952409769542549,-0.48242969887661213,-0.319816068145108
-3.250980827071202,0.18146031521797382,-0.5911836793569961,-0.9255797183469866,0.26567035353927376,-0.6565979337081613,-0.19178496823968236,-0.3177190686047034,-0.24212792836467822,0.9894634936005889,1.2129165276454272,0.3781343148305321,1.3312112147014992,0.8405697141514916,1.6041750292211743,1.5578503371616994,0.49743166438030956,-1.4336458997188604,-0.5738676384377045,0.5486266378590227,-0.9442146983327714,0.8047741343756788,-0.26781471153246483,-1.9033154994643562,-0.22827062953011726,-0.9654986189324363,0.2529237943009221,-1.5878443982316723,-1.653166694478401,-0.8889225849163244,-2.3317230275806486,-0.9455660926151347,-1.0057452528906439,1.2982824165136688,1.3662952966317201,0.7770733072943508,1.2847293152396104,1.1260426572122417,2.505142978262251,0.8136645837093219,1.0525415964489429
5.012650064761126,0.650426914804034,-1.2899313247232873,-0.9991217957461692,-0.8782519901093594,-0.2864178602025008,0.09557643300162544,-1.4381043886643887,-0.5986673635025811,-0.5824202665635673,-1.1754572306388382,0.2665948576683385,0.5269527927741036,-1.1820260472695547,-0.8799835687321526,0.7003245069262317,0.6464390597953701,-1.3123800318552676,-0.05460228267504746,-0.8002265095343413,-1.1799904529048888,0.854473082287561,-1.86156843276145,-0.11673071618808929,-0.7536423150557288,1.34028494029529,1.7141592873547824,1.6814879329248806,0.8749367478846223,1.7543649880687748,1.030550599068793,1.9074502277818375,0.7696233752779555,-0.7812903586152112,0.16171021677887526,-0.10926766170273482,-0.16888168514747667,0.5431113672624409,-0.5010428566108903,0.8440112733025196,0.1315775443442448
-7.827683285818569,-1.5068584472386377,-0.28585811611788303,-1.522621116252675,-0.6984756002349884,-0.3068297474001029,0.01768569689815093,-1.4200705442198975,-1.9210381956042155,0.9905844775579459,0.028057299367327516,0.1956185211207033,-0.8204800684515999,-0.6039702551243585,-0.1254444998380968,-0.28462725326320243,-0.6133660060537571,0.7584770410021234,1.226329277758784,0.10294095389767173,-0.09466602299041084,0.25834957779261036,0.09376038921580439,0.38695653078331155,-1.9246305152403982,0.8457577614764997,-0.05117170596965805,-0.3768766858302718,-0.5942318030461998,0.01492737700981996,0.7816222083177369,0.6487538883951727,0.40161878214248037,-2.575281197873654,-2.1576357850456716,-2.1970398420894166,-2.7145892826859983,-2.0493690888950584,-1.5472777559890858,-1.7360356293889543,-2.8085088602777906
8.067004749363694,0.3550788599685779,-0.10031355441597765,-0.05687371171410816,0.6518530184080353,0.979855772928991,0.0172472640979156,-0.6723836725681839,0.4441703441867355,0.1088128981439678,1.0885980070971164,-0.9712466186004859,-0.6013987794004487,0.350730815949204,0.2666215246100553,-1.331444094093419,0.3217559420767331,-2.1333171661687698,-1.9315262718580304,-0.6451701289822499,-1.3018381471958096,-1.7143919334835018,-0.6005439820010776,-1.5724727890686279,-2.146846025642641,1.8751950618696793,1.355278568876717,2.8670806302760234,2.9298699605104805,2.204041107828565,1.0187615986652165,2.6294118602291046,1.2782637369892293,-0.6183369684255533,0.47801966048956096,-1.5407457807504956,-1.153165750857054,-0.7782315484572279,-0.29015637346021084,-0.5491824753284004,-1.2358898222435157
8.024178739741405,-0.310479548534572,0.16379585097106805,0.4062735799162644,0.21137075452534587,0.14633315126607305,-0.01680648558086097,0.5275271427750798,-0.211253721392679,-0.27334512891161145,0.14397954102385935,-2.0373094451459144,-0.7214647934727109,-2.198652251216872,-1.076751766670995,-0.16357484933207628,-0.300675733114848,0.8148418269251659,0.23045870526645673,0.17401899047045055,-0.6105395333675393,1.2264378588548943,0.0926563158051582,0.716899753346792,1.084811323034228,0.46851845305649836,2.4877281283784325,1.112954775617958,1.3234752712563493,0.38587710750537413,1.1289536758776169,0.3613331559447868,1.2639966406288476,2.0125167725513937,0.20482629691191445,1.8811786921385434,-0.03357260150996839,0.15240745737326492,-0.6695824533238549,0.17841333613641988,1.2185506720182604
-13.507923202736754,-0.7708502924962278,0.7100054307480705,1.2170043645617785,-0.30510658260996415,0.21152711272157895,1.2449630389605286,0.8945937945634828,0.08280793178345391,0.9181280445478498,1.0773689426753394,1.1809373542889745,2.012242480139971,0.641024829250451,0.24724749731591536,0.7977159797896054,0.39520488160749434,1.26777845190944,1.8010323647423603,0.611415822026232,1.7197772225274124,0.5622827442758134,0.59624940359493,0.045423338060527424,1.310179762872228,-0.8852784577953923,0.1183293342772135,-1.27632030067933,0.007303557297496996,-0.9772299143269291,-1.2349412377172475,-1.1364438582546348,-0.09122733359139312,1.6757090288168415,-0.4978660716299891,-0.5090126598825896,-0.3181158166711381,-0.4186643324180152,-1.4715232971351884,1.590870990645813,-0.6184174972505022
-6.815848457057383,-0.31635028186596387,-0.7590910123184614,-0.21328962315143427,-0.5183021568283814,-1.125710664005452,0.5158025209611704,0.17143810774979376,-0.3261832899887852,1.9016019762397234,2.742032176522663,1.8638837113548619,2.507370428488321,2.115354552769224,2.9704495818974896,1.4330009328234838,1.8227740012175841,1.882155406818407,1.2168288300309942,1.1546085939548658,0.21282761291310323,1.118408490191834,-0.24558867476372803,0.7951866335818363,0.22041871289107404,0.08910134176421504,-0.3084400835654415,-0.997259518387465,-0.28292982378888015,0.6123602329541845,-1.1735719042594304,-0.70298116555279,0.3825727885401211,0.4857254943565969,-0.9049359877075771,1.4533152810607353,-0.3128471736343852,-0.5061615202517017,-0.191271393867671,0.4599724339018282,0.7681405258531528
6.933526445169892,-1.7253004792537772,-0.6668382315635866,-1.497904715123794,0.060260490081742994,-1.769506249032837,-1.361319959506203,-0.614952687273009,-1.236831008807496,-1.354857562040235,-0.4202318820855323,-0.9889485871055451,-0.8565154757131912,-0.7327606885653288,-1.3126717926526525,-0.8257099274632839,-0.7813436436232615,0.46140998835711006,-0.7434235935284512,-1.199265808099625,-1.251482897418666,0.5567468765618029,-0.7691292285968347,-1.7157385120871098,-0.0025352101447015133,1.7320132442398293,1.6685306372847775,1.7298193826932815,1.9311400250976736,0.500057244795868,1.4195899534778138,1.6669202488943051,2.481829749960257,1.0504757524404926,-1.0257271390478035,0.06665806060265235,0.25390414273266665,0.035588638142644055,1.3036878099468026,-0.24890707404362414,-0.5135585833681577
9.744661234758864,1.342556792348804,0.9910074546462452,1.3044635176695323,1.004562602744418,1.954635328436167,1.4352509009124248,1.7787006622853963,1.3539351863518145,-0.08173983277392005,0.9804324270234095,0.207869503093829,-0.9140598096378454,-0.918297644937682,-1.4912776692917145,-0.5130567091366566,-0.9455771234754005,-0.5449250001805251,-0.509092109114532,0.029009426082867704,-0.4033331509990894,-0.06383247978360646,0.48632069956256135,-0.3239336014868291,-0.8304229526160932,-0.2281251370668284,-1.2543427606028217,-1.960052168452631,-1.2438041388681833,-1.4167905352802355,-0.8625198573842482,0.12003452803219028,-0.33377603303082193,-2.282649394236284,-0.9105224608792523,-1.381465834304975,-0.9124525984277779,-0.9068357457642341,-0.852096734531231,0.13054948501511424,-2.3645099046115465
6.086932268934062,0.821765368792261,0.3045964148108284,1.0500746304029505,1.169802438777041,0.029011993190356217,0.9150060614548527,-0.1131830874509257,1.8112249311850415,-0.19746951642997126,-1.106859866228621,-0.9193841233870707,-1.1096929913570295,-1.1866111795599854,0.7338198154570255,-0.13215922727860624,-0.7735741798235687,-0.7838405966413544,-0.10317797503968923,0.1742940384702972,0.5967536136265349,-0.26120727856718284,0.9416328494630821,-0.7913747774582921,0.531860662580103,0.5451773700252299,-2.625172003706645,0.48914971883000596,0.017582353524278182,0.6322285474768689,0.5644528254060578,-0.31421122077209507,0.03605537162401592,-0.6690665965795538,-0.7136920763944227,0.5282036319856503,-0.11420621258741633,0.7409486079235512,0.8111499758210815,-1.006103859620468,0.32848687867412424
0.3325819315929883,-0.632206576225957,-0.8982379455666342,-0.08197796827567272,-1.2576511085314053,-0.9666733629790596,-1.6020152156532836,-0.9977122784090895,-1.30116584479912,-0.08412698253843041,0.17174501142213278,-0.08118702460112354,-0.5970738603949357,-1.1331800079046987,-0.10180176185787719,-0.4489740875487179,0.0320592654736754,-0.28490758383376813,0.3296219532288086,0.7139929021015063,-0.8030040044093473,-0.9998353637936123,-0.12234866601966156,-1.5396640866437925,-0.7462775758427483,1.740488766559762,-0.1012682669101963,-1.2128374758763005,1.6003248370214278,-1.2545293458891604,-0.14501131562943106,0.1414776596793792,0.7182266191246932,0.2867891010450778,1.2875933328045612,-0.6199979260763542,-0.1728470434490056,0.29344007070898354,-1.0345855672990887,-0.4641763984414103,0.281941428157512
0.21648537359566333,1.544832417727155,0.07534284891555666,0.9119382061624153,-0.046373492156684355,2.12329110283534,1.8343930527155334,0.7918740086412085,-0.41602713220228016,-1.8283449324689875,-0.7050857998809492,0.2819260399032569,-0.19200762238058458,1.056446227152794,0.19041577942697954,0.5295510888747709,-0.28352455231090207,0.7683450120241136,-0.4451711290888977,2.1965489637064186,-0.1552730965798958,1.0952092611906257,0.352766626628324,1.2133262822768016,0.9246993669658724,-1.1790938800251392,-0.5878767442786802,0.887862738856731,-0.5454740248938389,-2.0667100667915212,0.06648098536842909,-0.48037003683668295,-0.8168167744358843,1.8646406287932615,1.374213132265121,1.960418307502551,2.0841741255576762,1.824962360702786,2.1057162518640853,1.106381862320944,2.2431093174630785
-3.7281585568165116,0.26865153961888094,0.160085877602376,0.875711867011854,-0.5144975634288648,0.816368810789669,-0.5165259217231603,-0.5201377147139636,0.45629122332133154,-0.656760504986788,0.07394644866907821,-0.5266602633687087,0.4241991024374578,0.584425691629952,0.7656914810024461,0.4969842584200559,-0.1429311159325584,1.1152177684973228,0.16205655505102642,0.38367392253327326,1.0719604911691987,1.0966366458444314,1.1395301452449929,0.27653025091873995,1.729328600957173,0.01984441692297897,0.023006797890173108,0.34736336506445914,-0.7620469101333108,0.8629634038891306,-0.553222305058503,-0.6557603997955869,-0.38188924470189595,-1.1861305012454781,0.14615572640257632,0.6548530620320335,-0.7993356947554371,-0.8677544417933565,-1.2403746270174238,0.3529866280409068,-1.1428889147750547
5.7071983270694275,0.9190985824953417,1.1778450729704792,-0.1506310802616048,0.1461179152661612,0.8484710725138795,0.7394063336273387,1.7076724989778371,-0.34158352331697817,-1.037954993319873,-0.7543352104632958,0.10946983205608393,-0.5492269175096727,-0.27693683350866055,-0.9766480300274639,-0.49326184644863574,-0.8914737547002997,1.7118072948569496,-2.393362590330752,-1.4031707213182345,-0.10415867454320397,-0.3383759117119783,-0.6085751706526678,0.39763919158561045,-0.8159824449447395,0.15461271753345976,0.7018787102987156,1.95472756412666,-0.36910764824903824,0.41263715165323867,0.2739131596564399,2.2784080149860104,0.1028441855855369,-0.7166940983527733,-0.7056405306347397,-1.0625100394669553,-0.03194343869800918,0.671212739527415,0.46075945728563145,-0.28785769017046936,-1.5678834800221801
-1.927212644384161,0.10335030261452566,0.0163693305296069,1.0572753135649118,0.2351252011262635,0.41753305603124474,0.2627239753513617,0.8451122040688378,0.6086730351169143,0.8589956379728743,0.018497630325968573,-0.6804292452654672,-0.06587425878446905,0.22894799855515083,0.34749322468952637,0.4782585280538001,0.2762934897198904,-0.4566358473435414,-0.9660957882304564,-0.7763845769978578,-1.1925690131719635,-0.4913066911177609,-1.168996906617768,-0.44815102835248494,-1.119563435836417,-0.9170248729585339,0.29501691402175534,1.189596868985669,1.4824438992020945,0.7944392062992454,1.6495983868204298,0.3863559489231157,-0.4159930268309247,-0.5170830711616377,-0.7041565405812501,-1.5982403544688821,-1.9948374847212647,-1.7847593231390781,-0.6006685027085493,-1.3560160526758396,-2.1050550575630083
-3.21510884270761,-1.9486067370925153,0.37513558268777963,-0.8402343705288065,-1.2227247354415203,-0.5581537955986863,-1.073927673822063,-1.4509634668081368,-0.3913277041234407,0.0855576914588134,1.546547832673009,-0.3906034074225188,0.8342562971051379,1.721618230348096,0.78840259549276,1.4118254202617613,0.4757652595343939,1.6671919702388656,-0.42501587853809497,0.8787482786720969,1.2305140599180209,0.0954262648068767,-0.3183825841405363,0.36246752958749356,0.9831066254703531,-1.7750733663542428,-1.3844199152309347,-0.6406530816064889,-0.5208632645823547,0.4338717323422832,-0.0625610762063517,-0.9178525835004538,-1.24404762928046,0.564943297030712,0.2956920081384115,1.2820323579688213,1.3063247557001216,0.7457338472841589,1.1458091527155736,1.0955564485006826,0.664468208061226
0.30763530794434946,0.11393087801856064,-1.130955982173487,-0.22317593704875135,0.15409472335783053,-0.48460869756466873,0.6824571717457514,-0.699472956785869,0.20584868025604983,0.7632872259848941,1.4100506479806594,1.27669906307123,-0.4298006200303127,0.9223162555646396,1.1090181003231696,0.7773413018793567,-0.564671116309913,-0.9107625142235518,-1.2581695867504064,-0.38010573546363435,0.007239169926300768,-0.8482495351337049,-0.3855101239670222,-1.6135659702714904,-0.12140318301991587,0.16370577253293675,-2.3453409809545533,-1.0407260553132551,-0.5137788386372509,0.0651331825200431,-0.6417416357442954,-0.7195148875268906,-0.22831455714209037,-0.029146774924901937,0.6832373703236808,1.1770296419510902,1.0445619442706564,0.3163787123417829,0.6617479350732781,0.5971120031283526,0.2863460598029626
-3.4030336946241286,-0.8961453113176169,1.495744314362184,-0.21498980671201567,0.092165035954311,0.8353625372605277,0.021590678057256032,-0.7652643357872739,-0.22441384558440944,-0.004217722821541687,0.29778892521104244,0.30114821151114174,-0.2420660219790044,1.1006597306110055,0.88978668479608,0.5791948381528359,-0.19362650566474904,-0.25061395940206094,-0.9561447289837363,0.27642680822184545,-1.0471250844550608,-0.6946560575535365,-1.158775470082577,-1.3600687766642474,-1.7615384042073505,-1.1848496424554085,0.25036442599132347,-0.9054348268209063,-1.5503260986799356,-1.2197142031074284,-2.450762459952322,-0.1877489473458981,-1.4606129914052768,-1.4234930136745336,-1.6611958401893094,-2.3403312623574855,-1.4779165224733206,-0.6391077508045034,-1.7521113788660116,-0.5268658058695838,-0.8033965682781524
-2.1471988853415716,-0.1541613039193143,-0.3686266216217927,0.9350953472722704,0.9510034885576181,0.9180577143442974,-0.6096710350087431,-0.185689342162029,-0.7093573152235704,1.0389570927947829,-0.08840351609666101,0.3483617439735905,-0.04015559585605648,1.5361239035551717,-0.8535001476271648,0.19725429700669483,0.11508300550117456,-0.44168879644609343,-0.8139753810694454,0.022114477681082143,0.3071179451358962,0.6627249488801806,1.1786301401223902,-1.5146311951931193,0.2370192921975167,0.15283953234656403,-0.17503715313053803,-1.1371865636371574,-0.21134356046532615,0.5964853517256642,0.31400742665376474,-0.1063576074121881,-0.23948063636110584,0.1934262359464875,0.11645011819900243,0.07605643725605206,1.4452680938202074,-0.5078735482726557,-0.5495648925492349,1.0128133448629277,0.5790018706296416
-0.6505058969680411,-0.48931241069481163,0.8739264968762788,-0.7117650228764226,-0.3736335025041648,1.5212429053342296,-0.31766491594319796,0.5215646965889417,0.17772284687055767,0.6547250738750923,-0.09379611039365235,-0.5500797258058265,0.10626109756574136,-1.0807177814106605,-1.129375168093696,0.9644841891607007,0.36075323041343604,-1.6825755766836445,0.8239662676455317,-0.3152824108840885,-0.7225302922665068,-0.889852075139742,0.2364913217173235,-0.7909750523745211,-1.5898202926994771,0.632421280415307,-0.3598647993536718,0.029149066812835137,0.2506216371565122,0.7755304200646441,-0.6856037276383461,-1.268616910351659,0.500262294702062,-0.8994523104015908,0.5182630486154011,-0.23834784027917122,0.28599257950065915,-0.2125771162141255,-1.2678273323298017,-1.472966424514564,-0.38205826654919633
-11.080955105256614,-0.745430862641204,-0.9444903585506149,-0.08458138682873355,0.16629374546552617,-1.2137724856802845,0.17101168457021843,-1.2621747900877598,-0.8383828975311556,-0.66196889543176,0.7569509434018878,1.473807463537318,0.8338081794002247,1.0486854281752123,2.2139949954508706,0.051075715032853054,-0.6515655064884657,0.3942826047765129,0.5046844104152436,-0.7696033401143272,0.5535341371854179,0.42026077345418483,-0.5836588488991957,0.627628340618622,0.03759053770957718,0.7319128265646437,0.4305536254266646,0.5369761455400582,1.529733126855684,0.9427703877390564,0.7839474109435524,1.2671977844947229,0.9601034732735706,-0.13021997257554535,-0.12539824055126317,-1.3488218023326588,0.03618393557355179,0.20739672759225755,-0.4197744533394214,0.017349361594826456,-0.9854576311861704
-3.83736705482663,0.5552476591496531,0.5587463242365959,-0.1268888431257571,0.2529320643722365,-0.08235387163113436,0.8564906024176215,-0.44930124185683473,0.7978288768839497,1.2162512684751232,0.6200088923815572,0.5202839734109154,2.237490669033289,0.9179060142487603,0.16352096412389175,0.3197478364192625,-0.2178785558014327,1.324631128555214,0.8829399268276041,0.4254764034165258,1.9820100704817725,0.8325015050795618,-0.0023753725225495654,1.6167423693463083,0.8779326029751444,-0.5502098311375319,-0.35411069678667356,1.2119219087288977,0.09804092018792523,1.3817374843911139,-0.9332125802314636,-0.20711153471908594,0.3779716664334272,-0.2847445063335446,1.3167330480196862,-0.38937278169864814,-0.379676650191354,1.1310376283574841,-0.6618503521692527,0.8977502316127128,0.34490087401174657
-10.523357688339924,-0.9290502520444274,-0.33742591233086333,-0.6607687968743957,-0.849231224205151,-0.98456645327848,-0.671705415766348,-1.4027790009777483,-0.02628060265025853,1.3355917493578722,2.1075349715986618,1.3623773791006377,0.8830628085402792,1.852678305535374,2.2996522583201533,0.9919230057062465,0.6972149288560155,1.3732952965421694,0.4912075498702317,0.7239012554906684,0.4959992707953914,0.7529069318012586,1.7280196546997986,0.06580866480729589,1.5689331306312755,0.24109019067546822,-0.6867583317425656,-1.0562414021253317,-1.2069330922059565,-0.3529340840956408,-2.094271108675854,-0.507901790814458,-1.6076728832606042,-0.40214734158862064,0.6958216932605863,0.4821670388347122,-0.9297891698619996,0.2934125262298085,-0.3734719214701831,0.42821608994298205,0.423869283637756
-3.4766734082426445,-2.050954052979749,-0.6497053994623081,-1.8889790658841639,-1.4029100478522065,-1.0777523021702544,-0.464935828939143,-1.6677459871517033,-1.8430798381397253,-1.2325113228956455,-1.4015426131326334,-1.4733942458001448,-0.3041672001690063,-1.1867752887322414,-1.067131800820272,-1.7914565158827003,0.03853030544422458,-0.5173589751549533,0.2515797491271742,1.1020378446765964,0.10991162488156905,-0.1053216409631988,0.3814380810867059,0.34723018148118107,-0.7479471458561185,-0.21461977339625835,0.28093709327266914,0.9521010535181602,1.168397050916871,1.1769123174521992,0.12392940684441285,0.2422403653625436,0.14110444305909492,1.9650591919975524,1.0138104115103759,1.1498753685541994,-0.2057218031971843,0.1470999639521372,0.43433804591045294,0.5865563224593761,1.2381074148495277
-3.558288079072124,0.6493584576273366,-0.5280311160403843,-0.6590252277782447,0.09170455613230714,0.5538663815671926,0.80708853194723,0.7256162651165028,0.8000580573295265,0.5024139479512165,-0.02128301321281178,-0.811762502426726,0.7958607029902693,-0.22133069288895127,0.557882588108016,0.5740232008091094,0.39043048271301667,1.9555588479822474,-0.8621591125645911,0.5452418014498042,0.42447338251463,1.4012238197890032,1.150509362666902,1.0982166978756855,1.2267675204957877,0.09271878075708297,0.0276430532597752,1.749201609175629,1.2902627744205681,-0.23517201751504,0.9615286432979115,1.3891532894984107,1.680407595472591,-1.0089019561185877,-1.27703249717991,-1.8205839933500891,-0.7577157593107384,-0.27330491841164006,-1.03555418536051,-1.7011114485342709,-0.18424581722749903
-1.5223094406986626,0.9134329159448152,1.049713494675274,0.13492626936514876,-0.06191022015218522,0.6088996940316811,0.4948415232021011,0.7030833874270334,1.1406929674508872,1.0229647885424897,1.9604033903303064,0.8785845185588351,0.0025120852965908077,1.5712174278265982,1.0564377193392962,1.8171935452244123,-0.268784734179939,2.0186758303475334,1.822774517592729,1.5468166930665177,1.0705872601529165,2.6854408446544995,-0.041324405287880124,0.30754983745951964,0.522680453629666,1.3584106334660186,-0.5461280990422307,0.3971409254226988,-0.5973894009331145,-1.402799589214832,-0.9940096547952356,-0.3229425238165869,0.37526793670720066,-0.8939492624722167,-0.05115701093281227,2.372303646977104,1.6007889249533103,1.3976029929748568,0.024899043414831613,-1.1539950758916724,1.2592889138050365
4.250709567864106,-1.898181469578386,-1.05519649251416,-0.5719130912705657,-1.2146437303056157,-1.939476981045514,-1.6175264050259561,-1.9165201243298493,-2.0969259736623456,-0.7225077906858769,-0.46419013277831395,-1.0937307781774739,-0.761568061751325,-1.0438246945126686,0.05710129200020651,-1.3152847418084483,-2.4353811970905834,-0.430101387463109,-1.9767129432275041,-0.578383566023749,-1.1150065079793663,-0.3644479685549197,-0.9567989861390894,0.62814298012383,-1.3216616623802666,0.008048015629362327,1.1403130054536785,0.6495286371559148,-1.148075968637678,0.11556697998683164,-0.9587758610960762,-0.1771604726096209,-1.9047350172862982,-0.9760923341801352,-0.9210547321286842,-0.7098872313279713,-0.07114736195885049,-0.5175422024041239,-1.1922730985154617,0.8879205137058429,-1.219877330141355
0.19782419447441923,-0.4181883574351549,0.1549218394595935,0.049809465793064486,-0.5362384183477987,-1.519638472088113,-0.30866237336881747,-0.8602506201930742,0.21770394797961248,-1.7368640821225536,-2.3554884531167306,-0.9418020567065699,-1.6697643381114644,-1.4850289802511196,-1.4634255177224271,-2.032916630024138,-0.27409274796325256,1.1409347522567164,2.258000673431972,0.9405621331258336,2.932475454989072,1.169755389726177,1.6296221125691943,3.2237683247736957,2.1925903770629134,-1.9302143448032694,-0.19178594990066886,-0.2599995325490621,0.9776001060709227,0.513873800539098,-0.6050327518952011,-0.8305701971261014,-1.454186393377531,0.05426258479350308,0.6595301877258504,0.4141734258917544,-0.42563923242266116,0.2757329845060823,0.22037584973469948,0.740893205485488,1.453070896897803
-0.44760892053419354,0.04256192409059344,0.7045569432737865,0.2936717209668515,0.38250438686861704,-0.2431473948225452,1.2149562258624023,-0.592560308730429,-0.18605266570921677,-1.2009113199836625,-1.33820723165718,0.22079316185945966,-0.99402912603469,-1.9752891344635701,0.034079272386481264,-1.2445093416139044,-2.4782294994565026,-1.2096531917375337,-1.575338308792831,-0.572911559395274,0.10923555902892744,-0.648781833104101,-2.016690456333726,-0.8186029975547172,-0.5213964801392981,-0.48592168739907315,-1.1876296190348565,-0.13737912038269137,-1.9834414176213253,0.19963591242954162,-0.05484114388667757,-0.38307446638666914,-1.1051936282230457,0.6802738476286356,1.1368547753155027,1.5047435110677077,1.603635507321797,2.4202167118227895,0.8975078113083204,0.7020330311811848,2.205539091682535
6.018871905859482,-0.02005359354036837,0.7359136805591079,1.3821957491827204,0.4406664667515308,-0.4085374364167376,0.8865190543500343,1.2074626974245177,1.1877338235120547,0.683922971498082,0.5020483309967019,0.1289852688865672,0.5242980471192629,0.6489014304909098,0.502386258396297,-0.1758622726413225,0.4984018704104823,0.06894958052214582,0.816065046673918,-0.22444299315867555,-0.406439364019268,0.2295776456529848,-0.4295430647731003,-0.4104589479891176,-0.8339347449065632,-0.2842206316088232,0.9358101100127733,-0.5622594720107645,-0.5932636385185591,0.032091844655304826,-0.941825778042751,0.06738809842426073,1.0909501457165185,1.7490869699311888,1.0641095127093372,1.3523247692455842,1.0667473483358312,-0.06006129977787052,0.6700809975926193,0.8942957596742509,1.564878714410544
3.1043216910974323,2.013203700870527,1.1398924706345235,0.5117437287800107,0.3691107379909536,0.5889249615812864,0.4048828751404435,0.3006404369311531,0.687682437411971,0.0565180866221523,0.4341302234644483,0.5440747735603892,-0.07624385857758736,0.48637594982841215,1.4267247711843751,2.1786058398966235,1.1585713793543628,-1.301360770285273,-0.23395309983418414,0.1287370425068611,-1.60256851418692,-1.5017291078881683,-0.9569698125824254,-2.509143847927164,-0.9927477357323107,2.3904288057196346,-0.7080003562976942,0.5148638410236451,1.7409846950715153,0.5710682895471724,0.7489979295576524,1.4703229455722038,0.19437523863519884,-2.424018333567171,-0.7579538839123384,-2.100719256510135,-0.4270674327389448,-2.222074802657611,-0.9142719782152093,-1.064705011586918,-0.503141530018928
0.6245893111616725,-1.2194039651695507,-2.2000086158911354,-0.7306541719209647,0.041562521220470036,-0.04033917052498519,-0.5876291004264008,-1.9276843227027889,-0.720157158798243,-0.38690138329406437,1.5465805194203734,0.32172650304254424,0.27029401816986703,0.14824000675093957,-0.16938256039677965,-0.7686130922118966,1.4070332985474148,0.2686946457537254,0.3720636336752652,0.2165781648496964,-1.4431749842676738,-0.08557647802642195,-0.18358078173358416,-0.3262888953328433,0.21678182532527435,1.602489033466272,0.5102386079051201,-1.1100822006270683,1.7463152024344666,0.5994380542404227,1.8784537021526408,0.45603720287099,2.1561362301121005,-0.691356348854231,0.14759679677707702,0.0154710316167799,0.9227721621869959,1.0812911515113222,0.022384419117273312,1.1162290216699209,-0.4468017113627738
6.491005003698893,0.2784069276921636,-1.6358469749055407,0.39945322759493623,-0.3512608605198185,-0.7248359270592274,-1.2345367700565146,-0.9676840479159143,0.17768517038427556,0.7436022822924273,-0.8319671884490665,-0.6693009284801863,-1.7499830683821003,0.2885989542702436,-0.7137007093878872,-1.5568857981919917,-0.07443892291413566,0.9703059680557974,0.8367290823242556,2.708699477033608,1.7971763200963677,0.13114331946907007,0.3884019541466419,0.753000352973953,0.46705743967806973,-1.1916110442204721,-1.662839852810551,-0.14918670623183275,-0.07852088981121122,0.7274108514971503,0.1362781155170945,0.511310093693035,0.3455488937711214,0.9081442001844352,0.7008812861366094,0.9113199089449526,0.8367793791653944,-0.23395580686395992,0.23014191639404286,0.5643688811457896,0.8272925413541943
-9.547386308582098,-0.9926278789836619,-1.9444085743365576,-0.7559131299405016,0.1269002536069715,-0.9917557067929311,-2.225944939139629,-0.9842397154124134,-1.1894804104485386,-0.4174005615726827,-1.6368182947912966,-0.8906360817047433,0.6050724634709771,1.5596066088131633,-0.3826263685960077,-1.6449468657946347,-0.8510454591564477,0.32171088677868476,-0.5267752071105978,-0.1096985943235093,0.32802112428594227,-0.6751877848481435,0.003396725648521466,0.43923320280266925,1.600168022347358,-2.0272819575466747,-1.4035501283256457,-1.2392592090897345,-0.5073505738962238,0.2837665187883161,-0.724305019824068,-1.4418727865687846,-0.63617914872429,-1.2900057474378788,-0.9904142760685266,-1.7622125751218825,-0.4130707851676861,-1.372144954401898,-1.4357605843161487,-1.7474195799828554,-0.12145791115462826
7.994363379957454,2.0724838878622247,0.545640972287159,1.8868200846107452,0.7329924708867629,1.8372926013569149,1.0798409831586657,0.9694738985868909,2.0829599281484517,-0.2660819308121249,-0.06663871991525015,0.05372418417392317,0.6393551889930893,1.513413067249876,0.6857973730985266,-0.28589459463913763,1.1862879152916437,-0.4239184952167981,-0.10795829548142787,0.5031627379052653,-0.8801171996888728,-0.9844515690964604,0.7566028896394148,0.09592704850793196,-0.5936153993585184,0.13562670375084457,-0.6765620231131708,-0.09381770495821658,-0.6535981553715794,-1.0889387489134752,0.7607162742055872,-0.7028930418584423,-0.3524647390785208,0.0739555178165245,1.3117026591930454,1.5502378349580723,1.3718577877397284,1.663082483616074,0.19115397916833188,0.4447871790684519,1.1414655770381108
-9.29223151113417,-1.5963108475379524,-0.6157753878705815,-0.2915227865925918,0.31152568438230566,-1.482185051418342,-1.0520354878247462,-1.0465728094525992,-0.10073357316766048,1.1218294361527692,1.6844893790390725,0.5546718651494025,1.3165597194846077,-0.2593752366141612,0.29886470570975654,-0.15360104309649752,0.12102780043322352,0.1724908943103432,0.9265352369353687,0.7775052853303754,0.4281870715468742,0.6886862384210518,0.4441230221309141,-1.4691756361898496,0.27245456263359735,-0.254274360115875,-1.067498402884847,-2.346105058042539,-0.23842941049904307,0.2782032358918614,-1.2850308392894088,-1.039022394168949,-0.3208429302689592,-1.1809598539119504,-0.4575928822305545,-0.6679772275384709,-0.9356512580889627,0.001997808106981817,-1.4195072530988286,-1.3667575994482688,-0.5228021006824203
-10.18371428629424,-0.216474973913074,-0.013654720389657394,0.04640867420845837,0.3268473098791384,0.7920241167360316,0.056540952919501,0.11734438884295773,-0.2676494637257813,1.3778714065314628,1.4533983829298331,1.2643739900854511,2.123000022960288,1.959110711381896,-0.3262865101148571,-0.10548894618261762,1.4797911128384762,-0.5164075128544315,0.8275922795712451,-0.8803313139758401,0.2962093669682173,1.1765609201814453,0.5347690461736597,-0.42953159121988277,-0.861282041392876,0.376674597931884,-0.9981748031315526,-0.15573371663650326,0.4358036674541799,-0.5821070844125537,-0.20706222092758522,-0.08240993547752617,-0.3947266231529978,0.717065142303564,-0.41339213715748563,-0.17100713489025132,0.48870926734618086,0.4958879174157206,0.8433838448603407,-0.45857048135960077,0.7205444469623471
-1.829734868182931,0.48700577745571616,-0.0830084585293524,0.4887268873318927,0.7665027605731253,0.30173703002432417,-0.11795125624162417,0.6033548017583698,0.33727048927505116,0.5592301171960048,0.7980416818916948,0.43136822267350156,0.2903789488740926,-1.088730864477922,-0.7416844703544471,-0.26916783144593626,0.5028262041206537,-1.019940279943581,0.11506680648244674,0.3742251335470637,-0.9612321069778818,1.3610841328063723,0.12744163029240185,-0.21360867735507105,-0.2969179647877282,1.3904250012303552,-0.10570933496828924,0.4280669147896627,-0.800360737059942,-0.41433429176146264,0.3230368698760973,1.244347099966773,0.7599787782211908,0.7928555815824787,-0.6300172801840006,0.6165656889910702,1.242233153460266,0.4285912455628468,0.9354683935065764,0.45309168637048874,0.9908965719752022
-0.17605519202011755,-1.2168539965753904,-0.6508294668267571,0.044455894374479964,-0.21913628299913307,-0.46892125002313617,-0.2857657397787365,0.45767450018540135,-0.9293299762498062,0.4008834635944222,-0.27838538854004236,-0.5303110027012313,-2.1039969746413107,-1.6167196342987333,-1.3749171152438031,-0.9156452295759998,-2.614031912913133,-0.22924825909987634,-0.6016382081133193,0.05766263144882383,-0.71180156161667,1.376792434506081,2.078513930070587,-0.7147531458527471,-0.8619330091355603,0.3340952159876188,0.5573969413549746,-1.2356140838402878,-0.7033377608283561,-0.4235613031411928,-0.6389589455884387,-0.3786642496480693,0.057655115091475716,0.031802089439896375,-1.0515122195475102,-0.5925140892174142,-0.11535940879517588,-1.3199931932717022,-0.6549717586700354,-0.18799238423748768,-0.3966976569450322
2.033145519842203,0.7702706932820388,0.009307485603709796,0.8637133773278364,0.9508364003325517,1.5496889567402015,0.6776509791828211,0.8458366680855888,1.579110510911924,-0.7670232614156574,-0.9334457038826645,0.20410935609602895,0.502077507503606,-0.3361409709037079,-0.3526991117620304,0.016597907102962647,-1.1856040009868152,-1.9353760434435543,0.09250871577163125,-0.46243201018309193,-0.14203502960493017,-0.00544394744265068,-0.9259855638873106,0.8360650618416287,0.44860396451434065,-1.549551190567937,-1.6828122717118308,-0.5161280128187874,-0.9368101122358943,-0.497522649147826,-0.626773108316759,-1.4259324841755392,-0.18243638288797154,0.3990037837613622,0.9956962726451192,0.5254107413069664,0.9861575980084654,0.17025830889617097,1.3651705836516999,-0.09577145580225602,0.622812009468383
-2.84819508426431,-0.7419309850542202,-1.5804670403063792,-0.7379643060848776,-0.8142944490977124,-0.4902786764158368,0.04456703922876421,-1.4238081726657772,-0.6013421233493763,-1.3762340314797301,-0.9106163361393868,-0.20206491978038382,-0.45005113286760223,0.13042526631652962,-0.07867078666281191,-0.7754359693364871,-1.4840082541638537,-0.24384870816748835,0.3971429323115998,-0.6858268367110986,-0.5504457305499431,-1.2947391790779164,-0.7939006061757059,-0.3016944760856319,-1.6071103764567722,1.580531882125282,-0.12500316385638233,-0.9041653097812691,0.7609513966015353,-0.199509744688737,0.4074215910713883,-0.42584274483407875,0.3228381810075409,0.4581992581100344,0.9025128107490534,0.1477516282051353,1.1713283897598903,-0.14138869175915336,-1.0006192988936242,1.1073090948750797,0.5307488660088103
4.97541334121018,0.7829265144311848,0.3387131755285635,0.25920507813268,1.0131660322482032,0.4227787972921117,1.154776547577407,-0.17266175545322004,0.27936205764205274,-0.4427973236450404,-1.3589242429505886,0.22646467080082633,-1.2275202579647129,-1.0121553056718473,0.4398239075428795,-0.5562248913460681,-2.0372634353019423,0.8864061378637569,-0.15459916982553273,0.757867907320528,0.8272120791267712,1.0737774914503422,1.6089853212429626,0.2913623837392331,0.5264065298417384,-1.4827666029536994,-1.4107426773579983,-1.4142668894539718,-3.2377292178208816,0.08025771737089846,-1.0932872867442647,-0.7081957446522468,-1.5680306499086725,0.46266317951286756,0.9977425166008645,0.2826440353622308,-0.2618024470777046,0.29902175159936234,-0.8754390956015338,0.5799956758517607,-0.22697857190026557
-11.892894325901812,-2.3346734579509216,-2.2982476926161004,-3.5357771743725857,-3.2140253706495368,-1.7262377785540364,-2.611234849344314,-2.9415761390581903,-2.8599141520669935,-0.45628927629390015,-0.7827092107928698,0.4582477281583011,0.9335886533435321,-0.10340117085464225,-0.5782216989396679,1.0510258557648138,0.6109662852916969,-0.3578236475542912,-0.46307759137861704,-0.11098506017315952,1.1251019846921864,0.6144992623964539,0.7181962240647587,0.5493527555805169,0.1757624026374078,1.451868676583445,-0.3863611294383141,0.2816297415913043,0.3987743701985,1.3273155789407645,-0.5607142763411644,0.11187060921050128,-0.6967846665587051,-0.7097851712725656,-0.5716704571477883,-0.17660315993078965,-0.48961509016348154,0.07553304637331669,-0.72891387774491,-0.29671523217625456,-0.33889609701760637
-3.7398711331261745,-0.033642429419510414,-0.06128118740159326,0.9676198108924395,-0.8315152238160729,0.0018142673955831837,0.02415337149192975,0.12491994179220389,-0.10317362753120705,1.1576811305770933,-0.1741097405549146,0.9316691341383607,0.18950462451796754,0.05988479805530821,-0.05429338824963891,0.04022821384432252,0.3902697939922234,1.4794286581140446,1.3509005855568574,2.0687535704842337,3.391106431514941,2.7733452195292307,0.9954656504016515,1.971370187101407,2.0342458923527293,0.5617258255383966,0.4681634138896536,1.4860926231505198,-0.06658874461124001,0.3852402950051222,0.9006778405757412,0.8884134821582225,1.0112322323647924,1.2042979948353902,-0.3057475712541532,-0.6636695783248371,-1.0443934267573098,-0.08889366896709593,0.04481368557317038,-0.5360512801928644,0.26695608926846165
-1.7226020692472683,0.7212468321147074,-0.23718670882246456,-0.350082018753195,-0.34542015343036925,-0.20335349189379043,0.9128345450028906,1.3864546628755425,0.4663551667312361,-1.0188328078690567,-0.8250743327689635,-0.6951141798588594,0.35928898459517283,-0.9548673226010292,-0.7637240323375741,-0.3746555941089164,0.18189050550426386,-1.1663512344565958,-2.4899026264604394,-1.241463183921225,-1.8131239699303099,-2.369001971798283,-1.7216032227221707,-2.3252110921441482,-1.8613354190255647,0.15357224652025656,-0.5073405216812258,0.9599989683654574,1.0257763652820215,0.46215447334401205,-0.1276011400844822,0.7622092529338003,-0.009758854650892847,-1.2037769006632824,-1.1340710984348172,-1.2208762484584026,-1.512989244431858,-0.8869297243411142,-1.5296228554918871,-1.238757009692816,-2.7105790287398634
0.7251335295625579,-1.09665467589421,-0.4455249890355326,-0.24948341305499908,-0.9148175780055345,-0.19848837798843258,0.4994252417124132,-1.4180300496846565,-1.3313679134724237,-1.377591876508084,-0.4505685535020835,1.4049941359067,-0.28197826303260165,1.198489849772469,0.5667571408036326,0.46302436483328646,-0.6934416122579313,0.9409926946673978,-1.2716187739268048,0.2135221964266373,0.32455715721129014,-0.13899384154488903,-1.2059329092153774,1.0237685387165383,1.3922389602119434,0.4950139759434505,0.7708212705011042,2.1258010496664705,1.4198924791238514,1.672565875547118,2.4702421350003663,1.4895562677035956,-0.2380240186631373,-0.20698857075170593,0.41244053346062226,1.056046827696231,0.009619260463869583,-0.14578631121790064,-0.5175942228703633,0.8858163108422064,0.9558747515486659
0.26677399891598985,-0.24639103765080153,0.8005369593948858,-1.1992058858573391,-0.10233410733828133,1.504268451853908,0.30171916279164634,-0.21695141017993816,-0.9322728133212178,-2.177710449108395,-0.870452406725942,0.3312831295085581,-1.4008704467084323,-1.1376297956324124,-1.970727001654224,0.9671897263391587,-0.6337478846379523,0.6123798158064172,1.7962768784922176,0.9062503858802504,1.005095544447883,1.8886074577577352,1.181524846781448,1.5479255536536125,0.1167455155523866,0.5171903196890785,0.10336326717623726,-0.9564143582876282,0.18837770259281164,1.797174213038038,0.37269888727200584,0.7889132526727821,-0.1080616814799625,-1.0810873562607815,0.3844660942623218,-0.01577065071882635,0.3302364607210974,-1.3328792817999913,-0.16650840525849808,-0.0028235557787859274,0.07826921585637522
1.4335810026021685,-0.4792705635906802,0.21129875792990277,-0.5749228694289608,-1.3369218907010954,-0.8836335305116276,-1.6719606779281095,-1.242930046676724,-1.6542753707898041,0.026539313226353053,-0.8520681081029315,0.12559788173392097,-1.0580000288201024,0.08022085920717993,-0.04340768770432898,0.5091708391471437,-0.5359445944253384,-1.0308066607943318,-1.1679046719367587,-0.7274089428034232,-0.7659312061886655,0.3197549269439842,-0.2677979531977158,-1.8056891792226877,-0.71906326641459,0.23501272274725057,1.829186849137512,1.4682142860270262,-0.46074823764564443,1.7361576743729157,0.42768034460958554,0.157166118636863,0.5380250953642435,0.13844150861283197,-1.1890887651775348,-0.9398746449572429,-0.22958568098445314,-1.2611989784308422,0.23864459934081422,-1.092561341264225,-0.0010618953819652127
8.479686398922661,-0.8738758127567929,-0.8836572582077404,-0.6170958075574264,0.9901989509068626,-0.9425813696318667,0.34220610740283114,-0.6892748958308326,-0.7258934327748725,-0.7808797772268252,-1.864990159107579,-1.6795583854410812,-0.23872192757726435,-3.371744581647059,-1.411899606025793,-2.4281307401632164,-1.2145296439956625,-1.3825827673721272,-0.8227380274912766,-1.0963885672275613,-1.3894306815199957,-1.0756026054397176,-1.0379032450200563,-0.4615218940999246,0.7991239493231926,2.213730735024449,0.46751837873286456,1.1166250743548343,-0.5568299160379974,2.1286674773639516,0.6941225335898197,1.8702095903083824,1.948148593277951,2.1836042434374496,0.5786972350352232,0.9607178546223945,0.15863017098371315,1.9623753853135526,0.9448053025371764,2.0036907338592274,1.1009065098086794
8.323507187630419,0.2068950567291768,0.33639400821454535,0.27414627218161947,0.9768678016153282,0.5134405728275376,1.0971168044233688,0.794441906401172,-0.41298545463979214,-1.08020438531638,-0.21002953939957184,-1.2556527515480411,-0.6087758977873663,0.264231102141132,-0.7700431505479626,0.1674614997315028,-0.43941893140943733,0.9330969502676475,0.24430417337183033,1.1806188566610354,1.0244425964307093,0.9565045996646254,2.1708348221230116,1.4959900871485858,1.399226578913161,0.008437384747935416,0.017671521021409353,1.1917360106363544,0.2798744198934901,0.8735042102586331,-0.7870499547911356,0.9540343153696313,-0.8581672689264935,-0.230167433927755,0.7385692559113908,0.05368751900556642,0.5035264376278149,0.5166505848367171,-0.019898260562190597,-0.4348085212241126,0.9218332077815069
-9.092104096138154,-1.3620891756508742,-1.1984572713811812,-0.5557585921382963,0.3047383936528038,-2.2620435441661004,-0.4904545884624414,-0.11674465235231449,-1.122671810822022,-0.7957899122182871,-0.4899092956308356,0.261808549625081,0.24152859027927195,-0.6522888871679445,0.6261898289930147,-0.5907586741859596,1.40116886573851,1.3446698029097122,-0.14499830892276955,-0.6857865959251378,0.5015184751265307,-1.0270686529072874,0.013739997187601926,0.36670690131737893,-0.17930408651140006,-0.21832057753185768,-0.6286742766049597,-0.44224923035378644,-0.6721236131227777,0.12276058571227101,-0.0393424926685868,-0.6642184919716683,-0.45911294597258645,0.18739209192590925,-0.581666953165221,0.16474157871015824,0.686003153674438,0.669125213685886,0.551470621361447,0.6393021763575131,-0.06987105638655539
-1.8254198713940912,1.023864550526015,0.05521073777005625,-0.6005755535251444,-0.5553837761326909,1.223240039890463,1.0753830956633208,0.6334701891361285,1.2486936966138589,0.3366408031480447,0.10164606125308547,0.16389374022868472,0.2744359778228261,0.8737218569956693,-0.40049264758621655,1.4975055000176865,0.15888474264202,0.020673430330371383,0.09617325207986077,1.1203038735745576,0.9006874423543638,0.743639595964377,0.1629799023620813,-0.19605809352097028,1.0699772581631795,-0.06355296024189755,-0.5197328280597888,-0.20400499298724775,0.47402964032919637,0.634648263189254,0.4956020649865821,-0.8525899255474184,1.2894137638947227,0.39743193793317966,-0.2884640788987801,0.15792522997922906,0.6256079820999403,-0.4958691349137948,-0.7672242797142053,-1.0404082577679405,-0.735005817665299
