threshold,selected,val_accuracy,val_balanced_accuracy,val_macro_f1,val_macro_precision,val_macro_recall,val_tn_non_demented,val_fp_dementia,val_fn_dementia,val_tp_dementia,val_specificity,val_type1_error,val_dementia_sensitivity,val_type2_error
0.0,False,0.48526315789473684,0.6472696043591566,0.4689609543992915,0.37648397109358483,0.6472696043591566,0,480,0,470,0.0,1.0,1.0,0.0
1.0318963659802243e-16,False,0.48526315789473684,0.6472696043591566,0.4689609543992915,0.37648397109358483,0.6472696043591566,0,480,0,470,0.0,1.0,1.0,0.0
6.245367678892641e-16,False,0.4863157894736842,0.647964048803601,0.4705301442406906,0.7100068008769802,0.647964048803601,1,479,0,470,0.0020833333333333333,0.9979166666666667,1.0,0.0
5.116898929308916e-15,False,0.48736842105263156,0.6486584932480455,0.4720939158063973,0.710196792742598,0.6486584932480455,2,478,0,470,0.004166666666666667,0.9958333333333333,1.0,0.0
7.936286210727481e-15,False,0.48736842105263156,0.6486584932480455,0.4720939158063973,0.710196792742598,0.6486584932480455,2,478,0,470,0.004166666666666667,0.9958333333333333,1.0,0.0
1.1135488147892558e-14,False,0.4884210526315789,0.6493529376924899,0.4736523057247238,0.7103872819691204,0.6493529376924899,3,477,0,470,0.00625,0.99375,1.0,0.0
2.5259837082257375e-14,False,0.48947368421052634,0.6500473821369344,0.4752053503320721,0.7105782705120952,0.6500473821369344,4,476,0,470,0.008333333333333333,0.9916666666666667,1.0,0.0
2.852489906700203e-14,False,0.4905263157894737,0.6507418265813788,0.47675308567599356,0.7107697603373349,0.6507418265813788,5,475,0,470,0.010416666666666666,0.9895833333333334,1.0,0.0
2.904624619829327e-14,False,0.4905263157894737,0.6507418265813788,0.47675308567599356,0.7107697603373349,0.6507418265813788,5,475,0,470,0.010416666666666666,0.9895833333333334,1.0,0.0
3.101733686517935e-14,False,0.4905263157894737,0.6507418265813788,0.47675308567599356,0.7107697603373349,0.6507418265813788,5,475,0,470,0.010416666666666666,0.9895833333333334,1.0,0.0
3.3538608359712924e-14,False,0.4905263157894737,0.6507418265813788,0.47675308567599356,0.7107697603373349,0.6507418265813788,5,475,0,470,0.010416666666666666,0.9895833333333334,1.0,0.0
3.635799564113149e-14,False,0.49157894736842106,0.6514362710258232,0.4782955475182084,0.7109617534209852,0.6514362710258232,6,474,0,470,0.0125,0.9875,1.0,0.0
3.9557197578296566e-14,False,0.49157894736842106,0.6514362710258232,0.4782955475182084,0.7109617534209852,0.6514362710258232,6,474,0,470,0.0125,0.9875,1.0,0.0
5.368154651266138e-14,False,0.49157894736842106,0.6514362710258232,0.4782955475182084,0.7109617534209852,0.6514362710258232,6,474,0,470,0.0125,0.9875,1.0,0.0
5.943904629558336e-14,False,0.49157894736842106,0.6514362710258232,0.4782955475182084,0.7109617534209852,0.6514362710258232,6,474,0,470,0.0125,0.9875,1.0,0.0
6.196031779011693e-14,False,0.4926315789473684,0.6521307154702677,0.47983277133759145,0.7111542517495925,0.6521307154702677,7,473,0,470,0.014583333333333334,0.9854166666666667,1.0,0.0
7.00607107051443e-14,False,0.4926315789473684,0.6521307154702677,0.47983277133759145,0.7111542517495925,0.6521307154702677,7,473,0,470,0.014583333333333334,0.9854166666666667,1.0,0.0
8.786075572598737e-14,False,0.4926315789473684,0.6521307154702677,0.47983277133759145,0.7111542517495925,0.6521307154702677,7,473,0,470,0.014583333333333334,0.9854166666666667,1.0,0.0
9.848242013554831e-14,False,0.4926315789473684,0.6521307154702677,0.47983277133759145,0.7111542517495925,0.6521307154702677,7,473,0,470,0.014583333333333334,0.9854166666666667,1.0,0.0
1.2690412956595232e-13,False,0.4936842105263158,0.6528251599147121,0.48136479233311835,0.7113472573201726,0.6528251599147121,8,472,0,470,0.016666666666666666,0.9833333333333333,1.0,0.0
2.81107981944112e-13,False,0.4936842105263158,0.6528251599147121,0.48136479233311835,0.7113472573201726,0.6528251599147121,8,472,0,470,0.016666666666666666,0.9833333333333333,1.0,0.0
3.09529691374516e-13,False,0.4936842105263158,0.6528251599147121,0.48136479233311835,0.7113472573201726,0.6528251599147121,8,472,0,470,0.016666666666666666,0.9833333333333333,1.0,0.0
3.3795140080492003e-13,False,0.49473684210526314,0.6535196043591566,0.482891645426778,0.7115407721402791,0.6535196043591566,9,471,0,470,0.01875,0.98125,1.0,0.0
5.089252587062165e-13,False,0.49473684210526314,0.6535196043591566,0.482891645426778,0.7115407721402791,0.6535196043591566,9,471,0,470,0.01875,0.98125,1.0,0.0
5.373469681366205e-13,False,0.49473684210526314,0.6535196043591566,0.482891645426778,0.7115407721402791,0.6535196043591566,9,471,0,470,0.01875,0.98125,1.0,0.0
5.631607376613279e-13,False,0.4957894736842105,0.654214048803601,0.48441336526644857,0.7117347982280742,0.654214048803601,10,470,0,470,0.020833333333333332,0.9791666666666666,1.0,0.0
5.657686775670245e-13,False,0.4957894736842105,0.654214048803601,0.48441336526644857,0.7117347982280742,0.654214048803601,10,470,0,470,0.020833333333333332,0.9791666666666666,1.0,0.0
5.915824470917319e-13,False,0.4957894736842105,0.654214048803601,0.48441336526644857,0.7117347982280742,0.654214048803601,10,470,0,470,0.020833333333333332,0.9791666666666666,1.0,0.0
6.200041565221359e-13,False,0.4968421052631579,0.6549084932480455,0.4859299862287392,0.7119293376123977,0.6549084932480455,11,469,0,470,0.022916666666666665,0.9770833333333333,1.0,0.0
8.594438095227419e-13,False,0.4968421052631579,0.6549084932480455,0.4859299862287392,0.7119293376123977,0.6549084932480455,11,469,0,470,0.022916666666666665,0.9770833333333333,1.0,0.0
8.878655189531459e-13,False,0.4968421052631579,0.6549084932480455,0.4859299862287392,0.7119293376123977,0.6549084932480455,11,469,0,470,0.022916666666666665,0.9770833333333333,1.0,0.0
9.1628722838355e-13,False,0.4978947368421053,0.6556029376924899,0.487441542421797,0.7121243923328388,0.6556029376924899,12,468,0,470,0.025,0.975,1.0,0.0
9.252241984711307e-13,False,0.4978947368421053,0.6556029376924899,0.487441542421797,0.7121243923328388,0.6556029376924899,12,468,0,470,0.025,0.975,1.0,0.0
9.536459079015347e-13,False,0.4978947368421053,0.6556029376924899,0.487441542421797,0.7121243923328388,0.6556029376924899,12,468,0,470,0.025,0.975,1.0,0.0
9.820676173319387e-13,False,0.49894736842105264,0.6562973821369343,0.4889480676880802,0.7123199644398062,0.6562973821369343,13,467,0,470,0.027083333333333334,0.9729166666666667,1.0,0.0
1.0438239899171475e-12,False,0.49894736842105264,0.6562973821369343,0.4889480676880802,0.7123199644398062,0.6562973821369343,13,467,0,470,0.027083333333333334,0.9729166666666667,1.0,0.0
1.0722456993475515e-12,False,0.49894736842105264,0.6562973821369343,0.4889480676880802,0.7123199644398062,0.6562973821369343,13,467,0,470,0.027083333333333334,0.9729166666666667,1.0,0.0
1.1006674087779555e-12,False,0.5,0.6569918265813788,0.49044959560709794,0.7125160559946009,0.6569918265813788,14,466,0,470,0.029166666666666667,0.9708333333333333,1.0,0.0
1.5487493015484133e-12,False,0.5,0.6569918265813788,0.49044959560709794,0.7125160559946009,0.6569918265813788,14,466,0,470,0.029166666666666667,0.9708333333333333,1.0,0.0
1.5771710109788173e-12,False,0.5,0.6569918265813788,0.49044959560709794,0.7125160559946009,0.6569918265813788,14,466,0,470,0.029166666666666667,0.9708333333333333,1.0,0.0
1.6055927204092213e-12,False,0.5010526315789474,0.6576862710258232,0.4919461594981172,0.712712669069488,0.6576862710258232,15,465,0,470,0.03125,0.96875,1.0,0.0
2.70091436195552e-12,False,0.5010526315789474,0.6576862710258232,0.4919461594981172,0.712712669069488,0.6576862710258232,15,465,0,470,0.03125,0.96875,1.0,0.0
2.729336071385924e-12,False,0.5010526315789474,0.6576862710258232,0.4919461594981172,0.712712669069488,0.6576862710258232,15,465,0,470,0.03125,0.96875,1.0,0.0
2.757757780816328e-12,False,0.5021052631578947,0.6583807154702678,0.49343779242283725,0.7129098057477704,0.6583807154702678,16,464,0,470,0.03333333333333333,0.9666666666666667,1.0,0.0
5.270963353287694e-12,False,0.5021052631578947,0.6583807154702678,0.49343779242283725,0.7129098057477704,0.6583807154702678,16,464,0,470,0.03333333333333333,0.9666666666666667,1.0,0.0
5.299385062718098e-12,False,0.5021052631578947,0.6583807154702678,0.49343779242283725,0.7129098057477704,0.6583807154702678,16,464,0,470,0.03333333333333333,0.9666666666666667,1.0,0.0
5.327806772148502e-12,False,0.5031578947368421,0.6590751599147121,0.49492452718803176,0.7131074681238615,0.6590751599147121,17,463,0,470,0.035416666666666666,0.9645833333333333,1.0,0.0
7.52517406027442e-12,False,0.5031578947368421,0.6590751599147121,0.49492452718803176,0.7131074681238615,0.6590751599147121,17,463,0,470,0.035416666666666666,0.9645833333333333,1.0,0.0
7.553595769704824e-12,False,0.5031578947368421,0.6590751599147121,0.49492452718803176,0.7131074681238615,0.6590751599147121,17,463,0,470,0.035416666666666666,0.9645833333333333,1.0,0.0
7.582017479135228e-12,False,0.5042105263157894,0.6597696043591567,0.49640639634816,0.7133056583033602,0.6597696043591567,18,462,0,470,0.0375,0.9625,1.0,0.0
9.334834988328211e-12,False,0.5042105263157894,0.6597696043591567,0.49640639634816,0.7133056583033602,0.6597696043591567,18,462,0,470,0.0375,0.9625,1.0,0.0
9.363256697758615e-12,False,0.5042105263157894,0.6597696043591567,0.49640639634816,0.7133056583033602,0.6597696043591567,18,462,0,470,0.0375,0.9625,1.0,0.0
9.391678407189019e-12,False,0.5052631578947369,0.660464048803601,0.49788343220794634,0.7135043784031248,0.660464048803601,19,461,0,470,0.03958333333333333,0.9604166666666667,1.0,0.0
1.1020658344240708e-11,False,0.5052631578947369,0.660464048803601,0.49788343220794634,0.7135043784031248,0.660464048803601,19,461,0,470,0.03958333333333333,0.9604166666666667,1.0,0.0
1.1049080053671112e-11,False,0.5052631578947369,0.660464048803601,0.49788343220794634,0.7135043784031248,0.660464048803601,19,461,0,470,0.03958333333333333,0.9604166666666667,1.0,0.0
1.1077501763101516e-11,False,0.5063157894736842,0.6611584932480455,0.4993556668249293,0.7137036305513492,0.6611584932480455,20,460,0,470,0.041666666666666664,0.9583333333333334,1.0,0.0
1.5668301725502154e-11,False,0.5063157894736842,0.6611584932480455,0.4993556668249293,0.7137036305513492,0.6611584932480455,20,460,0,470,0.041666666666666664,0.9583333333333334,1.0,0.0
1.5696723434932558e-11,False,0.5063157894736842,0.6611584932480455,0.4993556668249293,0.7137036305513492,0.6611584932480455,20,460,0,470,0.041666666666666664,0.9583333333333334,1.0,0.0
1.5725145144362962e-11,False,0.5073684210526316,0.6618529376924899,0.5008231320119809,0.7139034168876388,0.6618529376924899,21,459,0,470,0.04375,0.95625,1.0,0.0
2.27148456294346e-11,False,0.5073684210526316,0.6618529376924899,0.5008231320119809,0.7139034168876388,0.6618529376924899,21,459,0,470,0.04375,0.95625,1.0,0.0
2.2743267338865003e-11,False,0.5073684210526316,0.6618529376924899,0.5008231320119809,0.7139034168876388,0.6618529376924899,21,459,0,470,0.04375,0.95625,1.0,0.0
2.2771689048295407e-11,False,0.508421052631579,0.6625473821369344,0.5022858593397944,0.714103739563086,0.6625473821369344,22,458,0,470,0.04583333333333333,0.9541666666666667,1.0,0.0
2.365008015814407e-11,False,0.508421052631579,0.6625473821369344,0.5022858593397944,0.714103739563086,0.6625473821369344,22,458,0,470,0.04583333333333333,0.9541666666666667,1.0,0.0
2.3678501867574475e-11,False,0.508421052631579,0.6625473821369344,0.5022858593397944,0.714103739563086,0.6625473821369344,22,458,0,470,0.04583333333333333,0.9541666666666667,1.0,0.0
2.370692357700488e-11,False,0.5094736842105263,0.6632418265813788,0.5037438801393455,0.714304600740349,0.6632418265813788,23,457,0,470,0.04791666666666667,0.9520833333333333,1.0,0.0
2.521734036864398e-11,False,0.5094736842105263,0.6632418265813788,0.5037438801393455,0.714304600740349,0.6632418265813788,23,457,0,470,0.04791666666666667,0.9520833333333333,1.0,0.0
2.5245762078074385e-11,False,0.5094736842105263,0.6632418265813788,0.5037438801393455,0.714304600740349,0.6632418265813788,23,457,0,470,0.04791666666666667,0.9520833333333333,1.0,0.0
2.527418378750479e-11,False,0.5105263157894737,0.6639362710258233,0.5051972255043214,0.7145060025937284,0.6639362710258233,24,456,0,470,0.05,0.95,1.0,0.0
2.6215156781472793e-11,False,0.5105263157894737,0.6639362710258233,0.5051972255043214,0.7145060025937284,0.6639362710258233,24,456,0,470,0.05,0.95,1.0,0.0
2.6243578490903197e-11,False,0.5105263157894737,0.6639362710258233,0.5051972255043214,0.7145060025937284,0.6639362710258233,24,456,0,470,0.05,0.95,1.0,0.0
2.62720002003336e-11,False,0.511578947368421,0.6646307154702676,0.5066459262935242,0.7147079473092464,0.6646307154702676,25,455,0,470,0.052083333333333336,0.9479166666666666,1.0,0.0
3.161138018015208e-11,False,0.511578947368421,0.6646307154702676,0.5066459262935242,0.7147079473092464,0.6646307154702676,25,455,0,470,0.052083333333333336,0.9479166666666666,1.0,0.0
3.1639801889582486e-11,False,0.511578947368421,0.6646307154702676,0.5066459262935242,0.7147079473092464,0.6646307154702676,25,455,0,470,0.052083333333333336,0.9479166666666666,1.0,0.0
3.166822359901289e-11,False,0.5126315789473684,0.6653251599147122,0.5080900131332439,0.7149104370847253,0.6653251599147122,26,454,0,470,0.05416666666666667,0.9458333333333333,1.0,0.0
4.5672059884038774e-11,False,0.5126315789473684,0.6653251599147122,0.5080900131332439,0.7149104370847253,0.6653251599147122,26,454,0,470,0.05416666666666667,0.9458333333333333,1.0,0.0
4.570048159346918e-11,False,0.5126315789473684,0.6653251599147122,0.5080900131332439,0.7149104370847253,0.6653251599147122,26,454,0,470,0.05416666666666667,0.9458333333333333,1.0,0.0
4.572890330289958e-11,False,0.5136842105263157,0.6660196043591565,0.5095295164196042,0.7151134741298676,0.6660196043591565,27,453,0,470,0.05625,0.94375,1.0,0.0
7.559407266821694e-11,False,0.5136842105263157,0.6660196043591565,0.5095295164196042,0.7151134741298676,0.6660196043591565,27,453,0,470,0.05625,0.94375,1.0,0.0
7.562249437764734e-11,False,0.5136842105263157,0.6660196043591565,0.5095295164196042,0.7151134741298676,0.6660196043591565,27,453,0,470,0.05625,0.94375,1.0,0.0
7.565091608707775e-11,False,0.5147368421052632,0.666714048803601,0.5109644663208823,0.7153170606663365,0.666714048803601,28,452,0,470,0.058333333333333334,0.9416666666666667,1.0,0.0
7.945367280770554e-11,False,0.5147368421052632,0.666714048803601,0.5109644663208823,0.7153170606663365,0.666714048803601,28,452,0,470,0.058333333333333334,0.9416666666666667,1.0,0.0
7.948209451713595e-11,False,0.5147368421052632,0.666714048803601,0.5109644663208823,0.7153170606663365,0.666714048803601,28,452,0,470,0.058333333333333334,0.9416666666666667,1.0,0.0
7.951051622656635e-11,False,0.5157894736842106,0.6674084932480454,0.5123948927797993,0.7155211989278363,0.6674084932480454,29,451,0,470,0.06041666666666667,0.9395833333333333,1.0,0.0
9.821175817048555e-11,False,0.5157894736842106,0.6674084932480454,0.5123948927797993,0.7155211989278363,0.6674084932480454,29,451,0,470,0.06041666666666667,0.9395833333333333,1.0,0.0
9.824017987991596e-11,False,0.5157894736842106,0.6674084932480454,0.5123948927797993,0.7155211989278363,0.6674084932480454,29,451,0,470,0.06041666666666667,0.9395833333333333,1.0,0.0
9.826860158934636e-11,False,0.5168421052631579,0.66810293769249,0.5138208255157853,0.715725891160195,0.66810293769249,30,450,0,470,0.0625,0.9375,1.0,0.0
1.1141210870535545e-10,False,0.5168421052631579,0.66810293769249,0.5138208255157853,0.715725891160195,0.66810293769249,30,450,0,470,0.0625,0.9375,1.0,0.0
1.1144053041478585e-10,False,0.5168421052631579,0.66810293769249,0.5138208255157853,0.715725891160195,0.66810293769249,30,450,0,470,0.0625,0.9375,1.0,0.0
1.1146895212421626e-10,False,0.5178947368421053,0.6687973821369345,0.5152422940272187,0.7159311396214462,0.6687973821369345,31,449,0,470,0.06458333333333334,0.9354166666666667,1.0,0.0
1.315799830203801e-10,False,0.5178947368421053,0.6687973821369345,0.5152422940272187,0.7159311396214462,0.6687973821369345,31,449,0,470,0.06458333333333334,0.9354166666666667,1.0,0.0
1.316084047298105e-10,False,0.5178947368421053,0.6687973821369345,0.5152422940272187,0.7159311396214462,0.6687973821369345,31,449,0,470,0.06458333333333334,0.9354166666666667,1.0,0.0
1.316368264392409e-10,False,0.5189473684210526,0.6694918265813788,0.5166593275936382,0.7161369465819115,0.6694918265813788,32,448,0,470,0.06666666666666667,0.9333333333333333,1.0,0.0
2.1475014821970007e-10,False,0.5189473684210526,0.6694918265813788,0.5166593275936382,0.7161369465819115,0.6694918265813788,32,448,0,470,0.06666666666666667,0.9333333333333333,1.0,0.0
2.1477856992913047e-10,False,0.5189473684210526,0.6694918265813788,0.5166593275936382,0.7161369465819115,0.6694918265813788,32,448,0,470,0.06666666666666667,0.9333333333333333,1.0,0.0
2.1480699163856087e-10,False,0.52,0.6701862710258233,0.5180719552779305,0.7163433143242854,0.6701862710258233,33,447,0,470,0.06875,0.93125,1.0,0.0
2.2229866558642897e-10,False,0.52,0.6701862710258233,0.5180719552779305,0.7163433143242854,0.6701862710258233,33,447,0,470,0.06875,0.93125,1.0,0.0
2.2232708729585937e-10,False,0.52,0.6701862710258233,0.5180719552779305,0.7163433143242854,0.6701862710258233,33,447,0,470,0.06875,0.93125,1.0,0.0
2.2235550900528978e-10,False,0.5210526315789473,0.6708807154702677,0.5194802059284915,0.716550245143719,0.6708807154702677,34,446,0,470,0.07083333333333333,0.9291666666666667,1.0,0.0
2.3876683963308665e-10,False,0.5210526315789473,0.6708807154702677,0.5194802059284915,0.716550245143719,0.6708807154702677,34,446,0,470,0.07083333333333333,0.9291666666666667,1.0,0.0
2.3879526134251705e-10,False,0.5210526315789473,0.6708807154702677,0.5194802059284915,0.716550245143719,0.6708807154702677,34,446,0,470,0.07083333333333333,0.9291666666666667,1.0,0.0
2.3882368305194746e-10,False,0.5221052631578947,0.6715751599147121,0.5208841081813639,0.7167577413479053,0.6715751599147121,35,445,0,470,0.07291666666666667,0.9270833333333334,1.0,0.0
3.006969118146685e-10,False,0.5221052631578947,0.6715751599147121,0.5208841081813639,0.7167577413479053,0.6715751599147121,35,445,0,470,0.07291666666666667,0.9270833333333334,1.0,0.0
3.007253335240989e-10,False,0.5221052631578947,0.6715751599147121,0.5208841081813639,0.7167577413479053,0.6715751599147121,35,445,0,470,0.07291666666666667,0.9270833333333334,1.0,0.0
3.007537552335293e-10,False,0.5231578947368422,0.6722696043591565,0.5222836904623493,0.7169658052571646,0.6722696043591565,36,444,0,470,0.075,0.925,1.0,0.0
3.3527966514235175e-10,False,0.5231578947368422,0.6722696043591565,0.5222836904623493,0.7169658052571646,0.6722696043591565,36,444,0,470,0.075,0.925,1.0,0.0
3.3530808685178215e-10,False,0.5231578947368422,0.6722696043591565,0.5222836904623493,0.7169658052571646,0.6722696043591565,36,444,0,470,0.075,0.925,1.0,0.0
3.3533650856121255e-10,False,0.5242105263157895,0.6729640488036011,0.5236789809890968,0.7171744392045313,0.6729640488036011,37,443,0,470,0.07708333333333334,0.9229166666666667,1.0,0.0
7.273137647700878e-10,False,0.5242105263157895,0.6729640488036011,0.5236789809890968,0.7171744392045313,0.6729640488036011,37,443,0,470,0.07708333333333334,0.9229166666666667,1.0,0.0
7.273421864795182e-10,False,0.5242105263157895,0.6729640488036011,0.5236789809890968,0.7171744392045313,0.6729640488036011,37,443,0,470,0.07708333333333334,0.9229166666666667,1.0,0.0
7.273706081889486e-10,False,0.5252631578947369,0.6736584932480455,0.5250700077731668,0.7173836455358414,0.6736584932480455,38,442,0,470,0.07916666666666666,0.9208333333333333,1.0,0.0
7.288205594591091e-10,False,0.5252631578947369,0.6736584932480455,0.5250700077731668,0.7173836455358414,0.6736584932480455,38,442,0,470,0.07916666666666666,0.9208333333333333,1.0,0.0
7.288489811685395e-10,False,0.5252631578947369,0.6736584932480455,0.5250700077731668,0.7173836455358414,0.6736584932480455,38,442,0,470,0.07916666666666666,0.9208333333333333,1.0,0.0
7.288774028779699e-10,False,0.5263157894736842,0.67435293769249,0.5264567986220726,0.71759342660982,0.67435293769249,39,441,0,470,0.08125,0.91875,1.0,0.0
7.378918032152626e-10,False,0.5263157894736842,0.67435293769249,0.5264567986220726,0.71759342660982,0.67435293769249,39,441,0,470,0.08125,0.91875,1.0,0.0
7.37920224924693e-10,False,0.5263157894736842,0.67435293769249,0.5264567986220726,0.71759342660982,0.67435293769249,39,441,0,470,0.08125,0.91875,1.0,0.0
7.379486466341234e-10,False,0.5273684210526316,0.6750473821369344,0.5278393811412974,0.71780378479817,0.6750473821369344,40,440,0,470,0.08333333333333333,0.9166666666666666,1.0,0.0
8.186714639535353e-10,False,0.5273684210526316,0.6750473821369344,0.5278393811412974,0.71780378479817,0.6750473821369344,40,440,0,470,0.08333333333333333,0.9166666666666666,1.0,0.0
8.186998856629657e-10,False,0.5273684210526316,0.6750473821369344,0.5278393811412974,0.71780378479817,0.6750473821369344,40,440,0,470,0.08333333333333333,0.9166666666666666,1.0,0.0
8.187283073723961e-10,False,0.5284210526315789,0.6757418265813788,0.529217782736289,0.7180147224856613,0.6757418265813788,41,439,0,470,0.08541666666666667,0.9145833333333333,1.0,0.0
8.348649549461129e-10,False,0.5284210526315789,0.6757418265813788,0.529217782736289,0.7180147224856613,0.6757418265813788,41,439,0,470,0.08541666666666667,0.9145833333333333,1.0,0.0
8.348933766555433e-10,False,0.5284210526315789,0.6757418265813788,0.529217782736289,0.7180147224856613,0.6757418265813788,41,439,0,470,0.08541666666666667,0.9145833333333333,1.0,0.0
8.349217983649737e-10,False,0.5294736842105263,0.6764362710258233,0.5305920306144322,0.7182262420702217,0.6764362710258233,42,438,0,470,0.0875,0.9125,1.0,0.0
9.322742577921872e-10,False,0.5294736842105263,0.6764362710258233,0.5305920306144322,0.7182262420702217,0.6764362710258233,42,438,0,470,0.0875,0.9125,1.0,0.0
9.323026795016176e-10,False,0.5294736842105263,0.6764362710258233,0.5305920306144322,0.7182262420702217,0.6764362710258233,42,438,0,470,0.0875,0.9125,1.0,0.0
9.32331101211048e-10,False,0.5305263157894737,0.6771307154702676,0.5319621517869982,0.7184383459630267,0.6771307154702676,43,437,0,470,0.08958333333333333,0.9104166666666667,1.0,0.0
9.497742592401437e-10,False,0.5305263157894737,0.6771307154702676,0.5319621517869982,0.7184383459630267,0.6771307154702676,43,437,0,470,0.08958333333333333,0.9104166666666667,1.0,0.0
9.49802680949574e-10,False,0.5305263157894737,0.6771307154702676,0.5319621517869982,0.7184383459630267,0.6771307154702676,43,437,0,470,0.08958333333333333,0.9104166666666667,1.0,0.0
9.498311026590045e-10,False,0.531578947368421,0.677825159914712,0.5333281730710729,0.718651036588592,0.677825159914712,44,436,0,470,0.09166666666666666,0.9083333333333333,1.0,0.0
9.876119921869986e-10,False,0.531578947368421,0.677825159914712,0.5333281730710729,0.718651036588592,0.677825159914712,44,436,0,470,0.09166666666666666,0.9083333333333333,1.0,0.0
9.87640413896429e-10,False,0.531578947368421,0.677825159914712,0.5333281730710729,0.718651036588592,0.677825159914712,44,436,0,470,0.09166666666666666,0.9083333333333333,1.0,0.0
9.876688356058594e-10,False,0.5326315789473685,0.6785196043591566,0.5346901210914616,0.7188643163848649,0.6785196043591566,45,435,0,470,0.09375,0.90625,1.0,0.0
1.0722412957520078e-09,False,0.5326315789473685,0.6785196043591566,0.5346901210914616,0.7188643163848649,0.6785196043591566,45,435,0,470,0.09375,0.90625,1.0,0.0
1.0722697174614382e-09,False,0.5326315789473685,0.6785196043591566,0.5346901210914616,0.7188643163848649,0.6785196043591566,45,435,0,470,0.09375,0.90625,1.0,0.0
1.0722981391708686e-09,False,0.5336842105263158,0.6792140488036011,0.5360480222825754,0.7190781878033191,0.6792140488036011,46,434,0,470,0.09583333333333334,0.9041666666666667,1.0,0.0
1.1168287405993738e-09,False,0.5336842105263158,0.6792140488036011,0.5360480222825754,0.7190781878033191,0.6792140488036011,46,434,0,470,0.09583333333333334,0.9041666666666667,1.0,0.0
1.1168571623088042e-09,False,0.5336842105263158,0.6792140488036011,0.5360480222825754,0.7190781878033191,0.6792140488036011,46,434,0,470,0.09583333333333334,0.9041666666666667,1.0,0.0
1.1168855840182346e-09,False,0.5347368421052632,0.6799084932480456,0.5374019028902932,0.7192926533090468,0.6799084932480456,47,433,0,470,0.09791666666666667,0.9020833333333333,1.0,0.0
1.1906299279829113e-09,False,0.5347368421052632,0.6799084932480456,0.5374019028902932,0.7192926533090468,0.6799084932480456,47,433,0,470,0.09791666666666667,0.9020833333333333,1.0,0.0
1.1906583496923417e-09,False,0.5347368421052632,0.6799084932480456,0.5374019028902932,0.7192926533090468,0.6799084932480456,47,433,0,470,0.09791666666666667,0.9020833333333333,1.0,0.0
1.1906867714017721e-09,False,0.5357894736842105,0.6806029376924899,0.5387517889738053,0.7195077153808543,0.6806029376924899,48,432,0,470,0.1,0.9,1.0,0.0
1.255182624504414e-09,False,0.5357894736842105,0.6806029376924899,0.5387517889738053,0.7195077153808543,0.6806029376924899,48,432,0,470,0.1,0.9,1.0,0.0
1.2552110462138444e-09,False,0.5357894736842105,0.6806029376924899,0.5387517889738053,0.7195077153808543,0.6806029376924899,48,432,0,470,0.1,0.9,1.0,0.0
1.2552394679232748e-09,False,0.5368421052631579,0.6812973821369344,0.5400977064074345,0.7197233765113578,0.6812973821369344,49,431,0,470,0.10208333333333333,0.8979166666666667,1.0,0.0
1.2706110608107224e-09,False,0.5368421052631579,0.6812973821369344,0.5400977064074345,0.7197233765113578,0.6812973821369344,49,431,0,470,0.10208333333333333,0.8979166666666667,1.0,0.0
1.2706394825201528e-09,False,0.5368421052631579,0.6812973821369344,0.5400977064074345,0.7197233765113578,0.6812973821369344,49,431,0,470,0.10208333333333333,0.8979166666666667,1.0,0.0
1.2706679042295832e-09,False,0.5378947368421053,0.6819918265813788,0.5414396808824389,0.7199396392070786,0.6819918265813788,50,430,0,470,0.10416666666666667,0.8958333333333334,1.0,0.0
1.2843339725066016e-09,False,0.5378947368421053,0.6819918265813788,0.5414396808824389,0.7199396392070786,0.6819918265813788,50,430,0,470,0.10416666666666667,0.8958333333333334,1.0,0.0
1.284362394216032e-09,False,0.5378947368421053,0.6819918265813788,0.5414396808824389,0.7199396392070786,0.6819918265813788,50,430,0,470,0.10416666666666667,0.8958333333333334,1.0,0.0
1.2843908159254624e-09,False,0.5389473684210526,0.6826862710258231,0.5427777379087929,0.7201565059885419,0.6826862710258231,51,429,0,470,0.10625,0.89375,1.0,0.0
1.5051507817887e-09,False,0.5389473684210526,0.6826862710258231,0.5427777379087929,0.7201565059885419,0.6826862710258231,51,429,0,470,0.10625,0.89375,1.0,0.0
1.5051792034981304e-09,False,0.5389473684210526,0.6826862710258231,0.5427777379087929,0.7201565059885419,0.6826862710258231,51,429,0,470,0.10625,0.89375,1.0,0.0
1.5052076252075608e-09,False,0.54,0.6833807154702677,0.5441119028169493,0.7203739793903728,0.6833807154702677,52,428,0,470,0.10833333333333334,0.8916666666666667,1.0,0.0
1.774372093699128e-09,False,0.54,0.6833807154702677,0.5441119028169493,0.7203739793903728,0.6833807154702677,52,428,0,470,0.10833333333333334,0.8916666666666667,1.0,0.0
1.7744005154085585e-09,False,0.54,0.6833807154702677,0.5441119028169493,0.7203739793903728,0.6833807154702677,52,428,0,470,0.10833333333333334,0.8916666666666667,1.0,0.0
1.7744289371179889e-09,False,0.5410526315789473,0.6840751599147121,0.5454422007595817,0.7205920619613967,0.6840751599147121,53,427,0,470,0.11041666666666666,0.8895833333333333,1.0,0.0
1.8223781372839198e-09,False,0.5410526315789473,0.6840751599147121,0.5454422007595817,0.7205920619613967,0.6840751599147121,53,427,0,470,0.11041666666666666,0.8895833333333333,1.0,0.0
1.8224065589933502e-09,False,0.5410526315789473,0.6840751599147121,0.5454422007595817,0.7205920619613967,0.6840751599147121,53,427,0,470,0.11041666666666666,0.8895833333333333,1.0,0.0
1.8224349807027806e-09,False,0.5421052631578948,0.6847696043591567,0.546768656713308,0.7208107562647373,0.6847696043591567,54,426,0,470,0.1125,0.8875,1.0,0.0
1.9340942181145238e-09,False,0.5421052631578948,0.6847696043591567,0.546768656713308,0.7208107562647373,0.6847696043591567,54,426,0,470,0.1125,0.8875,1.0,0.0
1.934122639823954e-09,False,0.5421052631578948,0.6847696043591567,0.546768656713308,0.7208107562647373,0.6847696043591567,54,426,0,470,0.1125,0.8875,1.0,0.0
1.9341510615333846e-09,False,0.5431578947368421,0.6854640488036011,0.5480912954803943,0.721030064877919,0.6854640488036011,55,425,0,470,0.11458333333333333,0.8854166666666666,1.0,0.0
2.253281117248207e-09,False,0.5431578947368421,0.6854640488036011,0.5480912954803943,0.721030064877919,0.6854640488036011,55,425,0,470,0.11458333333333333,0.8854166666666666,1.0,0.0
2.2533095389576374e-09,False,0.5431578947368421,0.6854640488036011,0.5480912954803943,0.721030064877919,0.6854640488036011,55,425,0,470,0.11458333333333333,0.8854166666666666,1.0,0.0
2.253337960667068e-09,False,0.5442105263157895,0.6861584932480455,0.5494101416904402,0.7212499903929661,0.6861584932480455,56,424,0,470,0.11666666666666667,0.8833333333333333,1.0,0.0
2.3446342645172535e-09,False,0.5442105263157895,0.6861584932480455,0.5494101416904402,0.7212499903929661,0.6861584932480455,56,424,0,470,0.11666666666666667,0.8833333333333333,1.0,0.0
2.344662686226684e-09,False,0.5442105263157895,0.6861584932480455,0.5494101416904402,0.7212499903929661,0.6861584932480455,56,424,0,470,0.11666666666666667,0.8833333333333333,1.0,0.0
2.3446911079361143e-09,False,0.5452631578947369,0.6868529376924899,0.5507252198020467,0.7214705354165063,0.6868529376924899,57,423,0,470,0.11875,0.88125,1.0,0.0
2.6896691540656548e-09,False,0.5452631578947369,0.6868529376924899,0.5507252198020467,0.7214705354165063,0.6868529376924899,57,423,0,470,0.11875,0.88125,1.0,0.0
2.689697575775085e-09,False,0.5452631578947369,0.6868529376924899,0.5507252198020467,0.7214705354165063,0.6868529376924899,57,423,0,470,0.11875,0.88125,1.0,0.0
2.6897259974845156e-09,False,0.5463157894736842,0.6875473821369343,0.5520365541044635,0.7216917025698731,0.6875473821369343,58,422,0,470,0.12083333333333333,0.8791666666666667,1.0,0.0
2.805876420097775e-09,False,0.5463157894736842,0.6875473821369343,0.5520365541044635,0.7216917025698731,0.6875473821369343,58,422,0,470,0.12083333333333333,0.8791666666666667,1.0,0.0
2.8059048418072052e-09,False,0.5463157894736842,0.6875473821369343,0.5520365541044635,0.7216917025698731,0.6875473821369343,58,422,0,470,0.12083333333333333,0.8791666666666667,1.0,0.0
2.8059332635166356e-09,False,0.5473684210526316,0.6882418265813787,0.5533441687192212,0.7219134944892099,0.6882418265813787,59,421,0,470,0.12291666666666666,0.8770833333333333,1.0,0.0
2.8798279316788467e-09,False,0.5473684210526316,0.6882418265813787,0.5533441687192212,0.7219134944892099,0.6882418265813787,59,421,0,470,0.12291666666666666,0.8770833333333333,1.0,0.0
2.879856353388277e-09,False,0.5473684210526316,0.6882418265813787,0.5533441687192212,0.7219134944892099,0.6882418265813787,59,421,0,470,0.12291666666666666,0.8770833333333333,1.0,0.0
2.8798847750977075e-09,False,0.5484210526315789,0.6889362710258232,0.5546480876017429,0.7221359138255746,0.6889362710258232,60,420,0,470,0.125,0.875,1.0,0.0
3.1983948822755792e-09,False,0.5484210526315789,0.6889362710258232,0.5546480876017429,0.7221359138255746,0.6889362710258232,60,420,0,470,0.125,0.875,1.0,0.0
3.1984233039850096e-09,False,0.5484210526315789,0.6889362710258232,0.5546480876017429,0.7221359138255746,0.6889362710258232,60,420,0,470,0.125,0.875,1.0,0.0
3.19845172569444e-09,False,0.5494736842105263,0.6896307154702677,0.5559483345429407,0.722358963245045,0.6896307154702677,61,419,0,470,0.12708333333333333,0.8729166666666667,1.0,0.0
3.451951835486966e-09,False,0.5494736842105263,0.6896307154702677,0.5559483345429407,0.722358963245045,0.6896307154702677,61,419,0,470,0.12708333333333333,0.8729166666666667,1.0,0.0
3.4519802571963965e-09,False,0.5494736842105263,0.6896307154702677,0.5559483345429407,0.722358963245045,0.6896307154702677,61,419,0,470,0.12708333333333333,0.8729166666666667,1.0,0.0
3.452008678905827e-09,False,0.5505263157894736,0.6903251599147122,0.5572449331707928,0.7225826454288261,0.6903251599147122,62,418,0,470,0.12916666666666668,0.8708333333333333,1.0,0.0
4.0204026774404156e-09,False,0.5505263157894736,0.6903251599147122,0.5572449331707928,0.7225826454288261,0.6903251599147122,62,418,0,470,0.12916666666666668,0.8708333333333333,1.0,0.0
4.020431099149846e-09,False,0.5505263157894736,0.6903251599147122,0.5572449331707928,0.7225826454288261,0.6903251599147122,62,418,0,470,0.12916666666666668,0.8708333333333333,1.0,0.0
4.020459520859276e-09,False,0.5515789473684211,0.6910196043591567,0.5585379069519055,0.7228069630733565,0.6910196043591567,63,417,0,470,0.13125,0.86875,1.0,0.0
4.674493236933586e-09,False,0.5515789473684211,0.6910196043591567,0.5585379069519055,0.7228069630733565,0.6910196043591567,63,417,0,470,0.13125,0.86875,1.0,0.0
4.674521658643016e-09,False,0.5515789473684211,0.6910196043591567,0.5585379069519055,0.7228069630733565,0.6910196043591567,63,417,0,470,0.13125,0.86875,1.0,0.0
4.6745500803524465e-09,False,0.5526315789473685,0.691714048803601,0.5598272791930566,0.7230319188904176,0.691714048803601,64,416,0,470,0.13333333333333333,0.8666666666666667,1.0,0.0
4.797858110805464e-09,False,0.5526315789473685,0.691714048803601,0.5598272791930566,0.7230319188904176,0.691714048803601,64,416,0,470,0.13333333333333333,0.8666666666666667,1.0,0.0
4.7978865325148945e-09,False,0.5526315789473685,0.691714048803601,0.5598272791930566,0.7230319188904176,0.691714048803601,64,416,0,470,0.13333333333333333,0.8666666666666667,1.0,0.0
4.797914954224325e-09,False,0.5536842105263158,0.6924084932480454,0.5611130730427232,0.7232575156072424,0.6924084932480454,65,415,0,470,0.13541666666666666,0.8645833333333334,1.0,0.0
5.0413371255331185e-09,False,0.5536842105263158,0.6924084932480454,0.5611130730427232,0.7232575156072424,0.6924084932480454,65,415,0,470,0.13541666666666666,0.8645833333333334,1.0,0.0
5.041365547242549e-09,False,0.5536842105263158,0.6924084932480454,0.5611130730427232,0.7232575156072424,0.6924084932480454,65,415,0,470,0.13541666666666666,0.8645833333333334,1.0,0.0
5.041393968951979e-09,False,0.5547368421052632,0.6931029376924899,0.5623953114925923,0.723483755966626,0.6931029376924899,66,414,0,470,0.1375,0.8625,1.0,0.0
5.142926529089209e-09,False,0.5547368421052632,0.6931029376924899,0.5623953114925923,0.723483755966626,0.6931029376924899,66,414,0,470,0.1375,0.8625,1.0,0.0
5.142954950798639e-09,False,0.5547368421052632,0.6931029376924899,0.5623953114925923,0.723483755966626,0.6931029376924899,66,414,0,470,0.1375,0.8625,1.0,0.0
5.14298337250807e-09,False,0.5557894736842105,0.6937973821369344,0.5636740173790561,0.7237106427270361,0.6937973821369344,67,413,0,470,0.13958333333333334,0.8604166666666667,1.0,0.0
5.63020297050798e-09,False,0.5557894736842105,0.6937973821369344,0.5636740173790561,0.7237106427270361,0.6937973821369344,67,413,0,470,0.13958333333333334,0.8604166666666667,1.0,0.0
5.630231392217411e-09,False,0.5557894736842105,0.6937973821369344,0.5636740173790561,0.7237106427270361,0.6937973821369344,67,413,0,470,0.13958333333333334,0.8604166666666667,1.0,0.0
5.630259813926841e-09,False,0.5568421052631579,0.6944918265813788,0.5649492133846908,0.7239381786627267,0.6944918265813788,68,412,0,470,0.14166666666666666,0.8583333333333333,1.0,0.0
6.373425343042527e-09,False,0.5568421052631579,0.6944918265813788,0.5649492133846908,0.7239381786627267,0.6944918265813788,68,412,0,470,0.14166666666666666,0.8583333333333333,1.0,0.0
6.373453764751957e-09,False,0.5568421052631579,0.6944918265813788,0.5649492133846908,0.7239381786627267,0.6944918265813788,68,412,0,470,0.14166666666666666,0.8583333333333333,1.0,0.0
6.373482186461388e-09,False,0.5578947368421052,0.6951862710258233,0.5662209220397195,0.7241663665638488,0.6951862710258233,69,411,0,470,0.14375,0.85625,1.0,0.0
7.0217183179011045e-09,False,0.5578947368421052,0.6951862710258233,0.5662209220397195,0.7241663665638488,0.6951862710258233,69,411,0,470,0.14375,0.85625,1.0,0.0
7.021746739610535e-09,False,0.5578947368421052,0.6951862710258233,0.5662209220397195,0.7241663665638488,0.6951862710258233,69,411,0,470,0.14375,0.85625,1.0,0.0
7.021775161319965e-09,False,0.5589473684210526,0.6958807154702678,0.5674891657234592,0.7243952092365668,0.6958807154702678,70,410,0,470,0.14583333333333334,0.8541666666666666,1.0,0.0
7.351725894721994e-09,False,0.5589473684210526,0.6958807154702678,0.5674891657234592,0.7243952092365668,0.6958807154702678,70,410,0,470,0.14583333333333334,0.8541666666666666,1.0,0.0
7.351754316431425e-09,False,0.5589473684210526,0.6958807154702678,0.5674891657234592,0.7243952092365668,0.6958807154702678,70,410,0,470,0.14583333333333334,0.8541666666666666,1.0,0.0
7.351782738140855e-09,False,0.56,0.6965751599147122,0.5687539666657538,0.7246247095031718,0.6965751599147122,71,409,0,470,0.14791666666666667,0.8520833333333333,1.0,0.0
1.1981877712230471e-08,False,0.56,0.6965751599147122,0.5687539666657538,0.7246247095031718,0.6965751599147122,71,409,0,470,0.14791666666666667,0.8520833333333333,1.0,0.0
1.1981906133939901e-08,False,0.56,0.6965751599147122,0.5687539666657538,0.7246247095031718,0.6965751599147122,71,409,0,470,0.14791666666666667,0.8520833333333333,1.0,0.0
1.1981934555649332e-08,False,0.5610526315789474,0.6972696043591565,0.5700153469483901,0.7248548702021989,0.6972696043591565,72,408,0,470,0.15,0.85,1.0,0.0
1.2160285223217215e-08,False,0.5610526315789474,0.6972696043591565,0.5700153469483901,0.7248548702021989,0.6972696043591565,72,408,0,470,0.15,0.85,1.0,0.0
1.2160313644926646e-08,False,0.5610526315789474,0.6972696043591565,0.5700153469483901,0.7248548702021989,0.6972696043591565,72,408,0,470,0.15,0.85,1.0,0.0
1.2160342066636076e-08,False,0.5621052631578948,0.697964048803601,0.5719088602917748,0.7261259124568477,0.697964048803601,73,407,0,470,0.15208333333333332,0.8479166666666667,1.0,0.0
1.4576603923899256e-08,False,0.5621052631578948,0.697964048803601,0.5719088602917748,0.7261259124568477,0.697964048803601,73,407,0,470,0.15208333333333332,0.8479166666666667,1.0,0.0
1.4576632345608687e-08,False,0.5621052631578948,0.697964048803601,0.5719088602917748,0.7261259124568477,0.697964048803601,73,407,0,470,0.15208333333333332,0.8479166666666667,1.0,0.0
1.4576660767318117e-08,False,0.5631578947368421,0.6986584932480455,0.5731630573717507,0.7263567364431918,0.6986584932480455,74,406,0,470,0.15416666666666667,0.8458333333333333,1.0,0.0
1.9271279683152898e-08,False,0.5631578947368421,0.6986584932480455,0.5731630573717507,0.7263567364431918,0.6986584932480455,74,406,0,470,0.15416666666666667,0.8458333333333333,1.0,0.0
1.9271308104862328e-08,False,0.5631578947368421,0.6986584932480455,0.5731630573717507,0.7263567364431918,0.6986584932480455,74,406,0,470,0.15416666666666667,0.8458333333333333,1.0,0.0
1.927133652657176e-08,False,0.5642105263157895,0.69935293769249,0.5744138979737016,0.7265882265882265,0.69935293769249,75,405,0,470,0.15625,0.84375,1.0,0.0
2.2502884888808694e-08,False,0.5642105263157895,0.69935293769249,0.5744138979737016,0.7265882265882265,0.69935293769249,75,405,0,470,0.15625,0.84375,1.0,0.0
2.2502913310518124e-08,False,0.5642105263157895,0.69935293769249,0.5744138979737016,0.7265882265882265,0.69935293769249,75,405,0,470,0.15625,0.84375,1.0,0.0
2.2502941732227555e-08,False,0.5652631578947368,0.7000473821369343,0.5756614035964254,0.7268203857799233,0.7000473821369343,76,404,0,470,0.15833333333333333,0.8416666666666667,1.0,0.0
2.2774354846433198e-08,False,0.5652631578947368,0.7000473821369343,0.5756614035964254,0.7268203857799233,0.7000473821369343,76,404,0,470,0.15833333333333333,0.8416666666666667,1.0,0.0
2.277438326814263e-08,False,0.5652631578947368,0.7000473821369343,0.5756614035964254,0.7268203857799233,0.7000473821369343,76,404,0,470,0.15833333333333333,0.8416666666666667,1.0,0.0
2.277441168985206e-08,False,0.5663157894736842,0.7007418265813788,0.576905595597503,0.7270532169229709,0.7007418265813788,77,403,0,470,0.16041666666666668,0.8395833333333333,1.0,0.0
2.3014566252754776e-08,False,0.5663157894736842,0.7007418265813788,0.576905595597503,0.7270532169229709,0.7007418265813788,77,403,0,470,0.16041666666666668,0.8395833333333333,1.0,0.0
2.3014594674464206e-08,False,0.5663157894736842,0.7007418265813788,0.576905595597503,0.7270532169229709,0.7007418265813788,77,403,0,470,0.16041666666666668,0.8395833333333333,1.0,0.0
2.3014623096173636e-08,False,0.5673684210526316,0.7014362710258233,0.5781464951946279,0.727286722938897,0.7014362710258233,78,402,0,470,0.1625,0.8375,1.0,0.0
2.594922321463855e-08,False,0.5673684210526316,0.7014362710258233,0.5781464951946279,0.727286722938897,0.7014362710258233,78,402,0,470,0.1625,0.8375,1.0,0.0
2.594925163634798e-08,False,0.5673684210526316,0.7014362710258233,0.5781464951946279,0.727286722938897,0.7014362710258233,78,402,0,470,0.1625,0.8375,1.0,0.0
2.594928005805741e-08,False,0.5684210526315789,0.7021307154702677,0.5793841234669225,0.7275209067661897,0.7021307154702677,79,401,0,470,0.16458333333333333,0.8354166666666667,1.0,0.0
3.589695651839975e-08,False,0.5684210526315789,0.7021307154702677,0.5793841234669225,0.7275209067661897,0.7021307154702677,79,401,0,470,0.16458333333333333,0.8354166666666667,1.0,0.0
3.589698494010918e-08,False,0.5684210526315789,0.7021307154702677,0.5793841234669225,0.7275209067661897,0.7021307154702677,79,401,0,470,0.16458333333333333,0.8354166666666667,1.0,0.0
3.589701336181861e-08,False,0.5694736842105264,0.7028251599147121,0.5806185013562387,0.7277557713604225,0.7028251599147121,80,400,0,470,0.16666666666666666,0.8333333333333334,1.0,0.0
3.9297322729225925e-08,False,0.5694736842105264,0.7028251599147121,0.5806185013562387,0.7277557713604225,0.7028251599147121,80,400,0,470,0.16666666666666666,0.8333333333333334,1.0,0.0
3.9297351150935356e-08,False,0.5694736842105264,0.7028251599147121,0.5806185013562387,0.7277557713604225,0.7028251599147121,80,400,0,470,0.16666666666666666,0.8333333333333334,1.0,0.0
3.9297379572644786e-08,False,0.5705263157894737,0.7035196043591565,0.5818496496684472,0.7279913196943765,0.7035196043591565,81,399,0,470,0.16875,0.83125,1.0,0.0
5.401625458034687e-08,False,0.5705263157894737,0.7035196043591565,0.5818496496684472,0.7279913196943765,0.7035196043591565,81,399,0,470,0.16875,0.83125,1.0,0.0
5.40162830020563e-08,False,0.5705263157894737,0.7035196043591565,0.5818496496684472,0.7279913196943765,0.7035196043591565,81,399,0,470,0.16875,0.83125,1.0,0.0
5.401631142376573e-08,False,0.5715789473684211,0.7042140488036011,0.5830775890747123,0.7282275547581669,0.7042140488036011,82,398,0,470,0.17083333333333334,0.8291666666666667,1.0,0.0
5.835550354049701e-08,False,0.5715789473684211,0.7042140488036011,0.5830775890747123,0.7282275547581669,0.7042140488036011,82,398,0,470,0.17083333333333334,0.8291666666666667,1.0,0.0
5.835553196220644e-08,False,0.5715789473684211,0.7042140488036011,0.5830775890747123,0.7282275547581669,0.7042140488036011,82,398,0,470,0.17083333333333334,0.8291666666666667,1.0,0.0
5.835556038391587e-08,False,0.5726315789473684,0.7049084932480455,0.5843023401127528,0.7284644795593701,0.7049084932480455,83,397,0,470,0.17291666666666666,0.8270833333333333,1.0,0.0
5.9414261954771064e-08,False,0.5726315789473684,0.7049084932480455,0.5843023401127528,0.7284644795593701,0.7049084932480455,83,397,0,470,0.17291666666666666,0.8270833333333333,1.0,0.0
5.9414290376480494e-08,False,0.5726315789473684,0.7049084932480455,0.5843023401127528,0.7284644795593701,0.7049084932480455,83,397,0,470,0.17291666666666666,0.8270833333333333,1.0,0.0
5.9414318798189925e-08,False,0.5736842105263158,0.70560293769249,0.585523923188092,0.7287020971231497,0.70560293769249,84,396,0,470,0.175,0.825,1.0,0.0
6.70720439188699e-08,False,0.5736842105263158,0.70560293769249,0.585523923188092,0.7287020971231497,0.70560293769249,84,396,0,470,0.175,0.825,1.0,0.0
6.707207234057933e-08,False,0.5736842105263158,0.70560293769249,0.585523923188092,0.7287020971231497,0.70560293769249,84,396,0,470,0.175,0.825,1.0,0.0
6.707210076228876e-08,False,0.5747368421052632,0.7062973821369344,0.5867423585752924,0.728940410492387,0.7062973821369344,85,395,0,470,0.17708333333333334,0.8229166666666666,1.0,0.0
7.76079644992933e-08,False,0.5747368421052632,0.7062973821369344,0.5867423585752924,0.728940410492387,0.7062973821369344,85,395,0,470,0.17708333333333334,0.8229166666666666,1.0,0.0
7.760799292100273e-08,False,0.5747368421052632,0.7062973821369344,0.5867423585752924,0.728940410492387,0.7062973821369344,85,395,0,470,0.17708333333333334,0.8229166666666666,1.0,0.0
7.760802134271216e-08,False,0.5757894736842105,0.7069918265813788,0.5879576664191793,0.7291794227278098,0.7069918265813788,86,394,0,470,0.17916666666666667,0.8208333333333333,1.0,0.0
9.458693028818743e-08,False,0.5757894736842105,0.7069918265813788,0.5879576664191793,0.7291794227278098,0.7069918265813788,86,394,0,470,0.17916666666666667,0.8208333333333333,1.0,0.0
9.458695870989686e-08,False,0.5757894736842105,0.7069918265813788,0.5879576664191793,0.7291794227278098,0.7069918265813788,86,394,0,470,0.17916666666666667,0.8208333333333333,1.0,0.0
9.458698713160629e-08,False,0.5768421052631579,0.7076862710258233,0.5891698667360518,0.7294191369081237,0.7076862710258233,87,393,0,470,0.18125,0.81875,1.0,0.0
1.6180969453216676e-07,False,0.5768421052631579,0.7076862710258233,0.5891698667360518,0.7294191369081237,0.7076862710258233,87,393,0,470,0.18125,0.81875,1.0,0.0
1.618097229538762e-07,False,0.5768421052631579,0.7076862710258233,0.5891698667360518,0.7294191369081237,0.7076862710258233,87,393,0,470,0.18125,0.81875,1.0,0.0
1.6180975137558562e-07,False,0.5778947368421052,0.7083807154702676,0.5903789794148793,0.7296595561301444,0.7083807154702676,88,392,0,470,0.18333333333333332,0.8166666666666667,1.0,0.0
2.0281008517031296e-07,False,0.5778947368421052,0.7083807154702676,0.5903789794148793,0.7296595561301444,0.7083807154702676,88,392,0,470,0.18333333333333332,0.8166666666666667,1.0,0.0
2.028101135920224e-07,False,0.5778947368421052,0.7083807154702676,0.5903789794148793,0.7296595561301444,0.7083807154702676,88,392,0,470,0.18333333333333332,0.8166666666666667,1.0,0.0
2.0281014201373182e-07,False,0.5789473684210527,0.7090751599147121,0.5915850242184894,0.729900683508931,0.7090751599147121,89,391,0,470,0.18541666666666667,0.8145833333333333,1.0,0.0
2.517651012112765e-07,False,0.5789473684210527,0.7090751599147121,0.5915850242184894,0.729900683508931,0.7090751599147121,89,391,0,470,0.18541666666666667,0.8145833333333333,1.0,0.0
2.517651296329859e-07,False,0.5789473684210527,0.7090751599147121,0.5915850242184894,0.729900683508931,0.7090751599147121,89,391,0,470,0.18541666666666667,0.8145833333333333,1.0,0.0
2.5176515805469535e-07,False,0.58,0.7097696043591566,0.5927880207847409,0.7301425221779203,0.7097696043591566,90,390,0,470,0.1875,0.8125,1.0,0.0
2.5377627821399074e-07,False,0.58,0.7097696043591566,0.5927880207847409,0.7301425221779203,0.7097696043591566,90,390,0,470,0.1875,0.8125,1.0,0.0
2.5377630663570017e-07,False,0.58,0.7097696043591566,0.5927880207847409,0.7301425221779203,0.7097696043591566,90,390,0,470,0.1875,0.8125,1.0,0.0
2.537763350574096e-07,False,0.5810526315789474,0.710464048803601,0.5939879886276852,0.7303850752890634,0.710464048803601,91,389,0,470,0.18958333333333333,0.8104166666666667,1.0,0.0
2.675449479738745e-07,False,0.5810526315789474,0.710464048803601,0.5939879886276852,0.7303850752890634,0.710464048803601,91,389,0,470,0.18958333333333333,0.8104166666666667,1.0,0.0
2.6754497639558394e-07,False,0.5810526315789474,0.710464048803601,0.5939879886276852,0.7303850752890634,0.710464048803601,91,389,0,470,0.18958333333333333,0.8104166666666667,1.0,0.0
2.675450048172934e-07,False,0.5821052631578948,0.7111584932480456,0.5951849471387171,0.7306283460129613,0.7111584932480456,92,388,0,470,0.19166666666666668,0.8083333333333333,1.0,0.0
2.7094299070995476e-07,False,0.5821052631578948,0.7111584932480456,0.5951849471387171,0.7306283460129613,0.7111584932480456,92,388,0,470,0.19166666666666668,0.8083333333333333,1.0,0.0
2.709430191316642e-07,False,0.5821052631578948,0.7111584932480456,0.5951849471387171,0.7306283460129613,0.7111584932480456,92,388,0,470,0.19166666666666668,0.8083333333333333,1.0,0.0
2.709430475533736e-07,False,0.5831578947368421,0.7118529376924899,0.5963789155877129,0.7308723375390042,0.7118529376924899,93,387,0,470,0.19375,0.80625,1.0,0.0
2.773645348952414e-07,False,0.5831578947368421,0.7118529376924899,0.5963789155877129,0.7308723375390042,0.7118529376924899,93,387,0,470,0.19375,0.80625,1.0,0.0
2.773645633169508e-07,False,0.5831578947368421,0.7118529376924899,0.5963789155877129,0.7308723375390042,0.7118529376924899,93,387,0,470,0.19375,0.80625,1.0,0.0
2.7736459173866024e-07,False,0.5842105263157895,0.7125473821369344,0.598202429106388,0.7321574244594502,0.7125473821369344,94,386,0,470,0.19583333333333333,0.8041666666666667,1.0,0.0
2.8131947260590096e-07,False,0.5842105263157895,0.7125473821369344,0.598202429106388,0.7321574244594502,0.7125473821369344,94,386,0,470,0.19583333333333333,0.8041666666666667,1.0,0.0
2.813195010276104e-07,False,0.5842105263157895,0.7125473821369344,0.598202429106388,0.7321574244594502,0.7125473821369344,94,386,0,470,0.19583333333333333,0.8041666666666667,1.0,0.0
2.813195294493198e-07,False,0.5852631578947368,0.7132418265813788,0.5993900425239211,0.7324021399959562,0.7132418265813788,95,385,0,470,0.19791666666666666,0.8020833333333334,1.0,0.0
2.850675002719072e-07,False,0.5852631578947368,0.7132418265813788,0.5993900425239211,0.7324021399959562,0.7132418265813788,95,385,0,470,0.19791666666666666,0.8020833333333334,1.0,0.0
2.850675286936166e-07,False,0.5852631578947368,0.7132418265813788,0.5993900425239211,0.7324021399959562,0.7132418265813788,95,385,0,470,0.19791666666666666,0.8020833333333334,1.0,0.0
2.8506755711532605e-07,False,0.5863157894736842,0.7139362710258231,0.6005747216847316,0.732647582770312,0.7139362710258231,96,384,0,470,0.2,0.8,1.0,0.0
2.8585370159817103e-07,False,0.5863157894736842,0.7139362710258231,0.6005747216847316,0.732647582770312,0.7139362710258231,96,384,0,470,0.2,0.8,1.0,0.0
2.8585373001988046e-07,False,0.5863157894736842,0.7139362710258231,0.6005747216847316,0.732647582770312,0.7139362710258231,96,384,0,470,0.2,0.8,1.0,0.0
2.858537584415899e-07,False,0.5873684210526315,0.7146307154702677,0.6017564853786691,0.7328937560291151,0.7146307154702677,97,383,0,470,0.20208333333333334,0.7979166666666667,1.0,0.0
3.8087171105871676e-07,False,0.5873684210526315,0.7146307154702677,0.6017564853786691,0.7328937560291151,0.7146307154702677,97,383,0,470,0.20208333333333334,0.7979166666666667,1.0,0.0
3.808717394804262e-07,False,0.5873684210526315,0.7146307154702677,0.6017564853786691,0.7328937560291151,0.7146307154702677,97,383,0,470,0.20208333333333334,0.7979166666666667,1.0,0.0
3.808717679021356e-07,False,0.588421052631579,0.7153251599147121,0.6029353522795622,0.7331406630383173,0.7153251599147121,98,382,0,470,0.20416666666666666,0.7958333333333333,1.0,0.0
3.8814715708213043e-07,False,0.588421052631579,0.7153251599147121,0.6029353522795622,0.7331406630383173,0.7153251599147121,98,382,0,470,0.20416666666666666,0.7958333333333333,1.0,0.0
3.8814718550383986e-07,False,0.588421052631579,0.7153251599147121,0.6029353522795622,0.7331406630383173,0.7153251599147121,98,382,0,470,0.20416666666666666,0.7958333333333333,1.0,0.0
3.881472139255493e-07,False,0.5894736842105263,0.7160196043591567,0.6041113409462898,0.7333883070833677,0.7160196043591567,99,381,0,470,0.20625,0.79375,1.0,0.0
4.005713947208278e-07,False,0.5894736842105263,0.7160196043591567,0.6041113409462898,0.7333883070833677,0.7160196043591567,99,381,0,470,0.20625,0.79375,1.0,0.0
4.0057142314253724e-07,False,0.5894736842105263,0.7160196043591567,0.6041113409462898,0.7333883070833677,0.7160196043591567,99,381,0,470,0.20625,0.79375,1.0,0.0
4.0057145156424667e-07,False,0.5905263157894737,0.7167140488036011,0.605284469823842,0.7336366914693601,0.7167140488036011,100,380,0,470,0.20833333333333334,0.7916666666666666,1.0,0.0
4.0112493593369436e-07,False,0.5905263157894737,0.7167140488036011,0.605284469823842,0.7336366914693601,0.7167140488036011,100,380,0,470,0.20833333333333334,0.7916666666666666,1.0,0.0
4.011249643554038e-07,False,0.5905263157894737,0.7167140488036011,0.605284469823842,0.7336366914693601,0.7167140488036011,100,380,0,470,0.20833333333333334,0.7916666666666666,1.0,0.0
4.011249927771132e-07,False,0.5915789473684211,0.7174084932480455,0.6064547572443698,0.7338858195211787,0.7174084932480455,101,379,0,470,0.21041666666666667,0.7895833333333333,1.0,0.0
4.2171524228251656e-07,False,0.5915789473684211,0.7174084932480455,0.6064547572443698,0.7338858195211787,0.7174084932480455,101,379,0,470,0.21041666666666667,0.7895833333333333,1.0,0.0
4.21715270704226e-07,False,0.5915789473684211,0.7174084932480455,0.6064547572443698,0.7338858195211787,0.7174084932480455,101,379,0,470,0.21041666666666667,0.7895833333333333,1.0,0.0
4.217152991259354e-07,False,0.5926315789473684,0.7181029376924899,0.6076222214282261,0.7341356945836474,0.7181029376924899,102,378,0,470,0.2125,0.7875,1.0,0.0
4.3704653762688395e-07,False,0.5926315789473684,0.7181029376924899,0.6076222214282261,0.7341356945836474,0.7181029376924899,102,378,0,470,0.2125,0.7875,1.0,0.0
4.370465660485934e-07,False,0.5926315789473684,0.7181029376924899,0.6076222214282261,0.7341356945836474,0.7181029376924899,102,378,0,470,0.2125,0.7875,1.0,0.0
4.370465944703028e-07,False,0.5936842105263158,0.7187973821369343,0.6087868804849937,0.7343863200216791,0.7187973821369343,103,377,0,470,0.21458333333333332,0.7854166666666667,1.0,0.0
4.411078293742321e-07,False,0.5936842105263158,0.7187973821369343,0.6087868804849937,0.7343863200216791,0.7187973821369343,103,377,0,470,0.21458333333333332,0.7854166666666667,1.0,0.0
4.4110785779594153e-07,False,0.5936842105263158,0.7187973821369343,0.6087868804849937,0.7343863200216791,0.7187973821369343,103,377,0,470,0.21458333333333332,0.7854166666666667,1.0,0.0
4.4110788621765096e-07,False,0.5947368421052631,0.7194918265813789,0.6099487524145059,0.7346376992204268,0.7194918265813789,104,376,0,470,0.21666666666666667,0.7833333333333333,1.0,0.0
4.691351591645798e-07,False,0.5947368421052631,0.7194918265813789,0.6099487524145059,0.7346376992204268,0.7194918265813789,104,376,0,470,0.21666666666666667,0.7833333333333333,1.0,0.0
4.6913518758628925e-07,False,0.5947368421052631,0.7194918265813789,0.6099487524145059,0.7346376992204268,0.7194918265813789,104,376,0,470,0.21666666666666667,0.7833333333333333,1.0,0.0
4.691352160079987e-07,False,0.5957894736842105,0.7201862710258232,0.6111078551078551,0.7348898355854357,0.7201862710258232,105,375,0,470,0.21875,0.78125,1.0,0.0
4.895907466107019e-07,False,0.5957894736842105,0.7201862710258232,0.6111078551078551,0.7348898355854357,0.7201862710258232,105,375,0,470,0.21875,0.78125,1.0,0.0
4.895907750324113e-07,False,0.5957894736842105,0.7201862710258232,0.6111078551078551,0.7348898355854357,0.7201862710258232,105,375,0,470,0.21875,0.78125,1.0,0.0
4.895908034541208e-07,False,0.5957894736842105,0.7201862710258232,0.6111078551078551,0.7348898355854357,0.7201862710258232,105,375,0,470,0.21875,0.78125,1.0,0.0
5.360201100756967e-07,False,0.5968421052631578,0.7208807154702677,0.612264206348393,0.7351427325427976,0.7208807154702677,106,374,0,470,0.22083333333333333,0.7791666666666667,1.0,0.0
5.360201384974062e-07,False,0.5968421052631578,0.7208807154702677,0.612264206348393,0.7351427325427976,0.7208807154702677,106,374,0,470,0.22083333333333333,0.7791666666666667,1.0,0.0
5.360201669191156e-07,False,0.5968421052631578,0.7208807154702677,0.612264206348393,0.7351427325427976,0.7208807154702677,106,374,0,470,0.22083333333333333,0.7791666666666667,1.0,0.0
5.455703728785011e-07,False,0.5978947368421053,0.7215751599147122,0.6134178238127193,0.7353963935393056,0.7215751599147122,107,373,0,470,0.22291666666666668,0.7770833333333333,1.0,0.0
5.455704013002105e-07,False,0.5978947368421053,0.7215751599147122,0.6134178238127193,0.7353963935393056,0.7215751599147122,107,373,0,470,0.22291666666666668,0.7770833333333333,1.0,0.0
5.455704297219199e-07,False,0.5978947368421053,0.7215751599147122,0.6134178238127193,0.7353963935393056,0.7215751599147122,107,373,0,470,0.22291666666666668,0.7770833333333333,1.0,0.0
5.845523389780283e-07,False,0.5989473684210527,0.7222696043591567,0.6145687250716625,0.7356508220426109,0.7222696043591567,108,372,0,470,0.225,0.775,1.0,0.0
5.845523673997377e-07,False,0.5989473684210527,0.7222696043591567,0.6145687250716625,0.7356508220426109,0.7222696043591567,108,372,0,470,0.225,0.775,1.0,0.0
5.845523958214471e-07,False,0.5989473684210527,0.7222696043591567,0.6145687250716625,0.7356508220426109,0.7222696043591567,108,372,0,470,0.225,0.775,1.0,0.0
5.944148995240539e-07,False,0.6,0.722964048803601,0.6157169275912501,0.7359060215413806,0.722964048803601,109,371,0,470,0.22708333333333333,0.7729166666666667,1.0,0.0
5.944149279457633e-07,False,0.6,0.722964048803601,0.6157169275912501,0.7359060215413806,0.722964048803601,109,371,0,470,0.22708333333333333,0.7729166666666667,1.0,0.0
5.944149563674728e-07,False,0.6,0.722964048803601,0.6157169275912501,0.7359060215413806,0.722964048803601,109,371,0,470,0.22708333333333333,0.7729166666666667,1.0,0.0
5.969303344954824e-07,False,0.6010526315789474,0.7236584932480454,0.6168624487336692,0.7361619955454578,0.7236584932480454,110,370,0,470,0.22916666666666666,0.7708333333333334,1.0,0.0
5.969303629171918e-07,False,0.6010526315789474,0.7236584932480454,0.6168624487336692,0.7361619955454578,0.7236584932480454,110,370,0,470,0.22916666666666666,0.7708333333333334,1.0,0.0
5.969303913389012e-07,False,0.6010526315789474,0.7236584932480454,0.6168624487336692,0.7361619955454578,0.7236584932480454,110,370,0,470,0.22916666666666666,0.7708333333333334,1.0,0.0
6.803285543810489e-07,False,0.6021052631578947,0.7243529376924899,0.6180053057582192,0.7364187475860215,0.7243529376924899,111,369,0,470,0.23125,0.76875,1.0,0.0
6.803285828027583e-07,False,0.6021052631578947,0.7243529376924899,0.6180053057582192,0.7364187475860215,0.7243529376924899,111,369,0,470,0.23125,0.76875,1.0,0.0
6.803286112244677e-07,False,0.6031578947368421,0.7250473821369344,0.6191455158222531,0.7366762812157499,0.7250473821369344,112,368,0,470,0.23333333333333334,0.7666666666666667,1.0,0.0
6.997015304932575e-07,False,0.6031578947368421,0.7250473821369344,0.6191455158222531,0.7366762812157499,0.7250473821369344,112,368,0,470,0.23333333333333334,0.7666666666666667,1.0,0.0
6.997015589149669e-07,False,0.6031578947368421,0.7250473821369344,0.6191455158222531,0.7366762812157499,0.7250473821369344,112,368,0,470,0.23333333333333334,0.7666666666666667,1.0,0.0
6.997015873366763e-07,False,0.6031578947368421,0.7250473821369344,0.6191455158222531,0.7366762812157499,0.7250473821369344,112,368,0,470,0.23333333333333334,0.7666666666666667,1.0,0.0
7.502664800540515e-07,False,0.6042105263157894,0.7257418265813788,0.6202830959821114,0.7369346000089836,0.7257418265813788,113,367,0,470,0.23541666666666666,0.7645833333333333,1.0,0.0
7.502665084757609e-07,False,0.6042105263157894,0.7257418265813788,0.6202830959821114,0.7369346000089836,0.7257418265813788,113,367,0,470,0.23541666666666666,0.7645833333333333,1.0,0.0
7.502665368974704e-07,False,0.6042105263157894,0.7257418265813788,0.6202830959821114,0.7369346000089836,0.7257418265813788,113,367,0,470,0.23541666666666666,0.7645833333333333,1.0,0.0
9.207608115957555e-07,False,0.6052631578947368,0.7264362710258233,0.621418063194047,0.7371937075618912,0.7264362710258233,114,366,0,470,0.2375,0.7625,1.0,0.0
9.207608400174649e-07,False,0.6052631578947368,0.7264362710258233,0.621418063194047,0.7371937075618912,0.7264362710258233,114,366,0,470,0.2375,0.7625,1.0,0.0
9.207608684391744e-07,False,0.6052631578947368,0.7264362710258233,0.621418063194047,0.7371937075618912,0.7264362710258233,114,366,0,470,0.2375,0.7625,1.0,0.0
1.0140690562820964e-06,False,0.6063157894736843,0.7271307154702678,0.6225504343151402,0.7374536074926364,0.7271307154702678,115,365,0,470,0.23958333333333334,0.7604166666666666,1.0,0.0
1.0140690847038059e-06,False,0.6063157894736843,0.7271307154702678,0.6225504343151402,0.7374536074926364,0.7271307154702678,115,365,0,470,0.23958333333333334,0.7604166666666666,1.0,0.0
1.0140691131255153e-06,False,0.6063157894736843,0.7271307154702678,0.6225504343151402,0.7374536074926364,0.7271307154702678,115,365,0,470,0.23958333333333334,0.7604166666666666,1.0,0.0
1.1794217869010026e-06,False,0.6073684210526316,0.7278251599147122,0.6236802261042053,0.7377143034415462,0.7278251599147122,116,364,0,470,0.24166666666666667,0.7583333333333333,1.0,0.0
1.179421815322712e-06,False,0.6073684210526316,0.7278251599147122,0.6236802261042053,0.7377143034415462,0.7278251599147122,116,364,0,470,0.24166666666666667,0.7583333333333333,1.0,0.0
1.1794218437444215e-06,False,0.6073684210526316,0.7278251599147122,0.6236802261042053,0.7377143034415462,0.7278251599147122,116,364,0,470,0.24166666666666667,0.7583333333333333,1.0,0.0
1.2484447040606028e-06,False,0.608421052631579,0.7285196043591565,0.6248074552226893,0.7379757990712809,0.7285196043591565,117,363,0,470,0.24375,0.75625,1.0,0.0
1.2484447324823122e-06,False,0.608421052631579,0.7285196043591565,0.6248074552226893,0.7379757990712809,0.7285196043591565,117,363,0,470,0.24375,0.75625,1.0,0.0
1.2484447609040217e-06,False,0.608421052631579,0.7285196043591565,0.6248074552226893,0.7379757990712809,0.7285196043591565,117,363,0,470,0.24375,0.75625,1.0,0.0
1.2657354488965211e-06,False,0.6094736842105263,0.729214048803601,0.625932138235561,0.7382380980670056,0.729214048803601,118,362,0,470,0.24583333333333332,0.7541666666666667,1.0,0.0
1.2657354773182306e-06,False,0.6094736842105263,0.729214048803601,0.625932138235561,0.7382380980670056,0.729214048803601,118,362,0,470,0.24583333333333332,0.7541666666666667,1.0,0.0
1.26573550573994e-06,False,0.6094736842105263,0.729214048803601,0.625932138235561,0.7382380980670056,0.729214048803601,118,362,0,470,0.24583333333333332,0.7541666666666667,1.0,0.0
1.3689189870547125e-06,False,0.6105263157894737,0.7299084932480455,0.6270542916121924,0.7385012041365632,0.7299084932480455,119,361,0,470,0.24791666666666667,0.7520833333333333,1.0,0.0
1.368919015476422e-06,False,0.6105263157894737,0.7299084932480455,0.6270542916121924,0.7385012041365632,0.7299084932480455,119,361,0,470,0.24791666666666667,0.7520833333333333,1.0,0.0
1.3689190438981313e-06,False,0.6105263157894737,0.7299084932480455,0.6270542916121924,0.7385012041365632,0.7299084932480455,119,361,0,470,0.24791666666666667,0.7520833333333333,1.0,0.0
1.483217801023784e-06,False,0.611578947368421,0.73060293769249,0.6281739317272312,0.7387651210106497,0.73060293769249,120,360,0,470,0.25,0.75,1.0,0.0
1.4832178294454934e-06,False,0.611578947368421,0.73060293769249,0.6281739317272312,0.7387651210106497,0.73060293769249,120,360,0,470,0.25,0.75,1.0,0.0
1.4832178578672028e-06,False,0.611578947368421,0.73060293769249,0.6281739317272312,0.7387651210106497,0.73060293769249,120,360,0,470,0.25,0.75,1.0,0.0
1.580080578378329e-06,False,0.6126315789473684,0.7312973821369343,0.6292910748614656,0.7390298524429894,0.7312973821369343,121,359,0,470,0.2520833333333333,0.7479166666666667,1.0,0.0
1.5800806068000384e-06,False,0.6126315789473684,0.7312973821369343,0.6292910748614656,0.7390298524429894,0.7312973821369343,121,359,0,470,0.2520833333333333,0.7479166666666667,1.0,0.0
1.5800806352217478e-06,False,0.6126315789473684,0.7312973821369343,0.6292910748614656,0.7390298524429894,0.7312973821369343,121,359,0,470,0.2520833333333333,0.7479166666666667,1.0,0.0
1.6709438739326288e-06,False,0.6136842105263158,0.7319918265813788,0.6304057372026806,0.739295402210514,0.7319918265813788,122,358,0,470,0.25416666666666665,0.7458333333333333,1.0,0.0
1.6709439023543382e-06,False,0.6136842105263158,0.7319918265813788,0.6304057372026806,0.739295402210514,0.7319918265813788,122,358,0,470,0.25416666666666665,0.7458333333333333,1.0,0.0
1.6709439307760476e-06,False,0.6136842105263158,0.7319918265813788,0.6304057372026806,0.739295402210514,0.7319918265813788,122,358,0,470,0.25416666666666665,0.7458333333333333,1.0,0.0
1.7233178084552492e-06,False,0.6147368421052631,0.7326862710258233,0.6321432623660332,0.7405947678745206,0.7326862710258233,123,357,0,470,0.25625,0.74375,1.0,0.0
1.7233178368769586e-06,False,0.6147368421052631,0.7326862710258233,0.6321432623660332,0.7405947678745206,0.7326862710258233,123,357,0,470,0.25625,0.74375,1.0,0.0
1.723317865298668e-06,False,0.6147368421052631,0.7326862710258233,0.6321432623660332,0.7405947678745206,0.7326862710258233,123,357,0,470,0.25625,0.74375,1.0,0.0
1.7592622896245302e-06,False,0.6157894736842106,0.7333807154702677,0.6332525410425439,0.7408611397775484,0.7333807154702677,124,356,0,470,0.25833333333333336,0.7416666666666667,1.0,0.0
1.7592623180462397e-06,False,0.6157894736842106,0.7333807154702677,0.6332525410425439,0.7408611397775484,0.7333807154702677,124,356,0,470,0.25833333333333336,0.7416666666666667,1.0,0.0
1.759262346467949e-06,False,0.6157894736842106,0.7333807154702677,0.6332525410425439,0.7408611397775484,0.7333807154702677,124,356,0,470,0.25833333333333336,0.7416666666666667,1.0,0.0
1.7693206189051125e-06,False,0.6168421052631579,0.7340751599147121,0.6343593855001982,0.7411283376399656,0.7340751599147121,125,355,0,470,0.2604166666666667,0.7395833333333334,1.0,0.0
1.769320647326822e-06,False,0.6168421052631579,0.7340751599147121,0.6343593855001982,0.7411283376399656,0.7340751599147121,125,355,0,470,0.2604166666666667,0.7395833333333334,1.0,0.0
1.7693206757485314e-06,False,0.6168421052631579,0.7340751599147121,0.6343593855001982,0.7411283376399656,0.7340751599147121,125,355,0,470,0.2604166666666667,0.7395833333333334,1.0,0.0
1.775420827243579e-06,False,0.6178947368421053,0.7347696043591565,0.6354638115572898,0.7413963653094089,0.7347696043591565,126,354,0,470,0.2625,0.7375,1.0,0.0
1.7754208556652884e-06,False,0.6178947368421053,0.7347696043591565,0.6354638115572898,0.7413963653094089,0.7347696043591565,126,354,0,470,0.2625,0.7375,1.0,0.0
1.7754208840869978e-06,False,0.6178947368421053,0.7347696043591565,0.6354638115572898,0.7413963653094089,0.7347696043591565,126,354,0,470,0.2625,0.7375,1.0,0.0
1.949285859836891e-06,False,0.6189473684210526,0.7354640488036011,0.6365658349432423,0.7416652266574507,0.7354640488036011,127,353,0,470,0.26458333333333334,0.7354166666666667,1.0,0.0
1.9492858882586006e-06,False,0.6189473684210526,0.7354640488036011,0.6365658349432423,0.7416652266574507,0.7354640488036011,127,353,0,470,0.26458333333333334,0.7354166666666667,1.0,0.0
1.94928591668031e-06,False,0.6189473684210526,0.7354640488036011,0.6365658349432423,0.7416652266574507,0.7354640488036011,127,353,0,470,0.26458333333333334,0.7354166666666667,1.0,0.0
1.9674334623687173e-06,False,0.62,0.7361584932480455,0.6376654712994174,0.7419349255797854,0.7361584932480455,128,352,0,470,0.26666666666666666,0.7333333333333333,1.0,0.0
1.9674334907904267e-06,False,0.62,0.7361584932480455,0.6376654712994174,0.7419349255797854,0.7361584932480455,128,352,0,470,0.26666666666666666,0.7333333333333333,1.0,0.0
1.967433519212136e-06,False,0.62,0.7361584932480455,0.6376654712994174,0.7419349255797854,0.7361584932480455,128,352,0,470,0.26666666666666666,0.7333333333333333,1.0,0.0
2.0513670904165338e-06,False,0.6210526315789474,0.73685293769249,0.6393911675027365,0.7432488092959036,0.73685293769249,129,351,0,470,0.26875,0.73125,1.0,0.0
2.051367118838243e-06,False,0.6210526315789474,0.73685293769249,0.6393911675027365,0.7432488092959036,0.73685293769249,129,351,0,470,0.26875,0.73125,1.0,0.0
2.0513671472599526e-06,False,0.6210526315789474,0.73685293769249,0.6393911675027365,0.7432488092959036,0.73685293769249,129,351,0,470,0.26875,0.73125,1.0,0.0
2.3540351037354412e-06,False,0.6221052631578947,0.7375473821369344,0.6404855988437639,0.743519349712536,0.7375473821369344,130,350,0,470,0.2708333333333333,0.7291666666666666,1.0,0.0
2.3540351321571507e-06,False,0.6221052631578947,0.7375473821369344,0.6404855988437639,0.743519349712536,0.7375473821369344,130,350,0,470,0.2708333333333333,0.7291666666666666,1.0,0.0
2.35403516057886e-06,False,0.6221052631578947,0.7375473821369344,0.6404855988437639,0.743519349712536,0.7375473821369344,130,350,0,470,0.2708333333333333,0.7291666666666666,1.0,0.0
2.4512546303867566e-06,False,0.6231578947368421,0.7382418265813788,0.6415776880893872,0.7437907355679703,0.7382418265813788,131,349,0,470,0.27291666666666664,0.7270833333333333,1.0,0.0
2.451254658808466e-06,False,0.6231578947368421,0.7382418265813788,0.6415776880893872,0.7437907355679703,0.7382418265813788,131,349,0,470,0.27291666666666664,0.7270833333333333,1.0,0.0
2.4512546872301755e-06,False,0.6231578947368421,0.7382418265813788,0.6415776880893872,0.7437907355679703,0.7382418265813788,131,349,0,470,0.27291666666666664,0.7270833333333333,1.0,0.0
2.5721946883550117e-06,False,0.6242105263157894,0.7389362710258233,0.6426674505306341,0.7440629708314027,0.7389362710258233,132,348,0,470,0.275,0.725,1.0,0.0
2.572194716776721e-06,False,0.6242105263157894,0.7389362710258233,0.6426674505306341,0.7440629708314027,0.7389362710258233,132,348,0,470,0.275,0.725,1.0,0.0
2.5721947451984306e-06,False,0.6242105263157894,0.7389362710258233,0.6426674505306341,0.7440629708314027,0.7389362710258233,132,348,0,470,0.275,0.725,1.0,0.0
3.278705861475828e-06,False,0.6252631578947369,0.7396307154702676,0.643754901374376,0.7443360594969147,0.7396307154702676,133,347,0,470,0.27708333333333335,0.7229166666666667,1.0,0.0
3.2787058898975374e-06,False,0.6252631578947369,0.7396307154702676,0.643754901374376,0.7443360594969147,0.7396307154702676,133,347,0,470,0.27708333333333335,0.7229166666666667,1.0,0.0
3.278705918319247e-06,False,0.6252631578947369,0.7396307154702676,0.643754901374376,0.7443360594969147,0.7396307154702676,133,347,0,470,0.27708333333333335,0.7229166666666667,1.0,0.0
3.525049322661289e-06,False,0.6263157894736842,0.7403251599147121,0.6448400557440932,0.7446100055836689,0.7403251599147121,134,346,0,470,0.2791666666666667,0.7208333333333333,1.0,0.0
3.5250493510829983e-06,False,0.6263157894736842,0.7403251599147121,0.6448400557440932,0.7446100055836689,0.7403251599147121,134,346,0,470,0.2791666666666667,0.7208333333333333,1.0,0.0
3.5250493795047078e-06,False,0.6263157894736842,0.7403251599147121,0.6448400557440932,0.7446100055836689,0.7403251599147121,134,346,0,470,0.2791666666666667,0.7208333333333333,1.0,0.0
3.596141567641098e-06,False,0.6273684210526316,0.7410196043591566,0.6459229286806338,0.7448848131361044,0.7410196043591566,135,345,0,470,0.28125,0.71875,1.0,0.0
3.5961415960628074e-06,False,0.6273684210526316,0.7410196043591566,0.6459229286806338,0.7448848131361044,0.7410196043591566,135,345,0,470,0.28125,0.71875,1.0,0.0
3.596141624484517e-06,False,0.6273684210526316,0.7410196043591566,0.6459229286806338,0.7448848131361044,0.7410196043591566,135,345,0,470,0.28125,0.71875,1.0,0.0
3.629053452414155e-06,False,0.628421052631579,0.741714048803601,0.6470035351429652,0.7451604862241382,0.741714048803601,136,344,0,470,0.2833333333333333,0.7166666666666667,1.0,0.0
3.6290534808358643e-06,False,0.628421052631579,0.741714048803601,0.6470035351429652,0.7451604862241382,0.741714048803601,136,344,0,470,0.2833333333333333,0.7166666666666667,1.0,0.0
3.6290535092575738e-06,False,0.628421052631579,0.741714048803601,0.6470035351429652,0.7451604862241382,0.741714048803601,136,344,0,470,0.2833333333333333,0.7166666666666667,1.0,0.0
3.6399162297584553e-06,False,0.6294736842105263,0.7424084932480456,0.6487124697657206,0.7464891326786399,0.7424084932480456,137,343,0,470,0.28541666666666665,0.7145833333333333,1.0,0.0
3.6399162581801647e-06,False,0.6294736842105263,0.7424084932480456,0.6487124697657206,0.7464891326786399,0.7424084932480456,137,343,0,470,0.28541666666666665,0.7145833333333333,1.0,0.0
3.639916286601874e-06,False,0.6294736842105263,0.7424084932480456,0.6487124697657206,0.7464891326786399,0.7424084932480456,137,343,0,470,0.28541666666666665,0.7145833333333333,1.0,0.0
3.755172627961656e-06,False,0.6305263157894737,0.7431029376924899,0.64978809988819,0.7467656753978663,0.7431029376924899,138,342,0,470,0.2875,0.7125,1.0,0.0
3.7551726563833654e-06,False,0.6305263157894737,0.7431029376924899,0.64978809988819,0.7467656753978663,0.7431029376924899,138,342,0,470,0.2875,0.7125,1.0,0.0
3.755172684805075e-06,False,0.6305263157894737,0.7431029376924899,0.64978809988819,0.7467656753978663,0.7431029376924899,138,342,0,470,0.2875,0.7125,1.0,0.0
4.054225854588367e-06,False,0.631578947368421,0.7437973821369344,0.6508615064172565,0.7470430918697599,0.7437973821369344,139,341,0,470,0.28958333333333336,0.7104166666666667,1.0,0.0
4.054225883010076e-06,False,0.631578947368421,0.7437973821369344,0.6508615064172565,0.7470430918697599,0.7437973821369344,139,341,0,470,0.28958333333333336,0.7104166666666667,1.0,0.0
4.054225911431786e-06,False,0.631578947368421,0.7437973821369344,0.6508615064172565,0.7470430918697599,0.7437973821369344,139,341,0,470,0.28958333333333336,0.7104166666666667,1.0,0.0
4.140236768535033e-06,False,0.6326315789473684,0.7444918265813788,0.65193270398549,0.7473213862418812,0.7444918265813788,140,340,0,470,0.2916666666666667,0.7083333333333334,1.0,0.0
4.140236796956742e-06,False,0.6326315789473684,0.7444918265813788,0.65193270398549,0.7473213862418812,0.7444918265813788,140,340,0,470,0.2916666666666667,0.7083333333333334,1.0,0.0
4.140236825378452e-06,False,0.6326315789473684,0.7444918265813788,0.65193270398549,0.7473213862418812,0.7444918265813788,140,340,0,470,0.2916666666666667,0.7083333333333334,1.0,0.0
4.14431357853573e-06,False,0.6336842105263157,0.7451862710258231,0.6530017071472042,0.7476005626880821,0.7451862710258231,141,339,0,470,0.29375,0.70625,1.0,0.0
4.144313606957439e-06,False,0.6336842105263157,0.7451862710258231,0.6530017071472042,0.7476005626880821,0.7451862710258231,141,339,0,470,0.29375,0.70625,1.0,0.0
4.144313635379149e-06,False,0.6336842105263157,0.7451862710258231,0.6530017071472042,0.7476005626880821,0.7451862710258231,141,339,0,470,0.29375,0.70625,1.0,0.0
4.5397882502129505e-06,False,0.6347368421052632,0.7458807154702677,0.6540685303791692,0.7478806254087152,0.7458807154702677,142,338,0,470,0.29583333333333334,0.7041666666666667,1.0,0.0
4.53978827863466e-06,False,0.6347368421052632,0.7458807154702677,0.6540685303791692,0.7478806254087152,0.7458807154702677,142,338,0,470,0.29583333333333334,0.7041666666666667,1.0,0.0
4.539788307056369e-06,False,0.6347368421052632,0.7458807154702677,0.6540685303791692,0.7478806254087152,0.7458807154702677,142,338,0,470,0.29583333333333334,0.7041666666666667,1.0,0.0
5.322417990782924e-06,False,0.6357894736842106,0.7465751599147121,0.6551331880813164,0.748161578630845,0.7465751599147121,143,337,0,470,0.29791666666666666,0.7020833333333333,1.0,0.0
5.322418019204633e-06,False,0.6357894736842106,0.7465751599147121,0.6551331880813164,0.748161578630845,0.7465751599147121,143,337,0,470,0.29791666666666666,0.7020833333333333,1.0,0.0
5.322418047626343e-06,False,0.6357894736842106,0.7465751599147121,0.6551331880813164,0.748161578630845,0.7465751599147121,143,337,0,470,0.29791666666666666,0.7020833333333333,1.0,0.0
5.541387935181774e-06,True,0.6368421052631579,0.7472696043591567,0.6561956945774373,0.7484434266084592,0.7472696043591567,144,336,0,470,0.3,0.7,1.0,0.0
5.5413879636034835e-06,False,0.6368421052631579,0.7472696043591567,0.6561956945774373,0.7484434266084592,0.7472696043591567,144,336,0,470,0.3,0.7,1.0,0.0
5.541387992025193e-06,False,0.6368421052631579,0.7472696043591567,0.6561956945774373,0.7484434266084592,0.7472696043591567,144,336,0,470,0.3,0.7,1.0,0.0
5.690005735914383e-06,False,0.6357894736842106,0.7462775408670931,0.6554971163830977,0.7458956909373925,0.7462775408670931,144,336,1,469,0.3,0.7,0.997872340425532,0.002127659574468085
5.690005764336092e-06,False,0.6357894736842106,0.7462775408670931,0.6554971163830977,0.7458956909373925,0.7462775408670931,144,336,1,469,0.3,0.7,0.997872340425532,0.002127659574468085
5.690005792757802e-06,False,0.6357894736842106,0.7462775408670931,0.6554971163830977,0.7458956909373925,0.7462775408670931,144,336,1,469,0.3,0.7,0.997872340425532,0.002127659574468085
5.6982543981121125e-06,False,0.6368421052631579,0.7469719853115375,0.6571892760746493,0.7472550958980638,0.7469719853115375,145,335,1,469,0.3020833333333333,0.6979166666666666,0.997872340425532,0.002127659574468085
5.698254426533822e-06,False,0.6368421052631579,0.7469719853115375,0.6571892760746493,0.7472550958980638,0.7469719853115375,145,335,1,469,0.3020833333333333,0.6979166666666666,0.997872340425532,0.002127659574468085
5.698254454955531e-06,False,0.6368421052631579,0.7469719853115375,0.6571892760746493,0.7472550958980638,0.7469719853115375,145,335,1,469,0.3020833333333333,0.6979166666666666,0.997872340425532,0.002127659574468085
6.276563880192043e-06,False,0.6378947368421053,0.747666429755982,0.6582458928033476,0.7475534283314959,0.747666429755982,146,334,1,469,0.30416666666666664,0.6958333333333333,0.997872340425532,0.002127659574468085
6.2765639086137526e-06,False,0.6378947368421053,0.747666429755982,0.6582458928033476,0.7475534283314959,0.747666429755982,146,334,1,469,0.30416666666666664,0.6958333333333333,0.997872340425532,0.002127659574468085
6.276563937035462e-06,False,0.6378947368421053,0.747666429755982,0.6582458928033476,0.7475534283314959,0.747666429755982,146,334,1,469,0.30416666666666664,0.6958333333333333,0.997872340425532,0.002127659574468085
6.415629258071931e-06,False,0.6389473684210526,0.7483608742004265,0.6593004064034585,0.7478524558456763,0.7483608742004265,147,333,1,469,0.30625,0.69375,0.997872340425532,0.002127659574468085
6.41562928649364e-06,False,0.6389473684210526,0.7483608742004265,0.6593004064034585,0.7478524558456763,0.7483608742004265,147,333,1,469,0.30625,0.69375,0.997872340425532,0.002127659574468085
6.41562931491535e-06,False,0.6389473684210526,0.7483608742004265,0.6593004064034585,0.7478524558456763,0.7483608742004265,147,333,1,469,0.30625,0.69375,0.997872340425532,0.002127659574468085
6.516361253261493e-06,False,0.64,0.7490553186448708,0.6603528308429482,0.7481521870172195,0.7490553186448708,148,332,1,469,0.30833333333333335,0.6916666666666667,0.997872340425532,0.002127659574468085
6.516361281683203e-06,False,0.64,0.7490553186448708,0.6603528308429482,0.7481521870172195,0.7490553186448708,148,332,1,469,0.30833333333333335,0.6916666666666667,0.997872340425532,0.002127659574468085
6.516361310104912e-06,False,0.64,0.7490553186448708,0.6603528308429482,0.7481521870172195,0.7490553186448708,148,332,1,469,0.30833333333333335,0.6916666666666667,0.997872340425532,0.002127659574468085
7.015851196001677e-06,False,0.6410526315789473,0.7497497630893153,0.6620402372418501,0.7495260295260295,0.7497497630893153,149,331,1,469,0.3104166666666667,0.6895833333333333,0.997872340425532,0.002127659574468085
7.015851224423386e-06,False,0.6410526315789473,0.7497497630893153,0.6620402372418501,0.7495260295260295,0.7497497630893153,149,331,1,469,0.3104166666666667,0.6895833333333333,0.997872340425532,0.002127659574468085
7.015851252845096e-06,False,0.6410526315789473,0.7497497630893153,0.6620402372418501,0.7495260295260295,0.7497497630893153,149,331,1,469,0.3104166666666667,0.6895833333333333,0.997872340425532,0.002127659574468085
7.124505799538383e-06,False,0.6421052631578947,0.7504442075337598,0.6630880215587908,0.7498262753071518,0.7504442075337598,150,330,1,469,0.3125,0.6875,0.997872340425532,0.002127659574468085
7.1245058279600926e-06,False,0.6421052631578947,0.7504442075337598,0.6630880215587908,0.7498262753071518,0.7504442075337598,150,330,1,469,0.3125,0.6875,0.997872340425532,0.002127659574468085
7.124505856381802e-06,False,0.6421052631578947,0.7504442075337598,0.6630880215587908,0.7498262753071518,0.7504442075337598,150,330,1,469,0.3125,0.6875,0.997872340425532,0.002127659574468085
8.039050015895555e-06,False,0.6431578947368422,0.7511386519782043,0.6641337566097875,0.7501272455473674,0.7511386519782043,151,329,1,469,0.3145833333333333,0.6854166666666667,0.997872340425532,0.002127659574468085
8.039050044317264e-06,False,0.6431578947368422,0.7511386519782043,0.6641337566097875,0.7501272455473674,0.7511386519782043,151,329,1,469,0.3145833333333333,0.6854166666666667,0.997872340425532,0.002127659574468085
8.039050072738974e-06,False,0.6431578947368422,0.7511386519782043,0.6641337566097875,0.7501272455473674,0.7511386519782043,151,329,1,469,0.3145833333333333,0.6854166666666667,0.997872340425532,0.002127659574468085
8.41234029280713e-06,False,0.6442105263157895,0.7518330964226486,0.6651774560709712,0.7504289484788207,0.7518330964226486,152,328,1,469,0.31666666666666665,0.6833333333333333,0.997872340425532,0.002127659574468085
8.41234032122884e-06,False,0.6442105263157895,0.7518330964226486,0.6651774560709712,0.7504289484788207,0.7518330964226486,152,328,1,469,0.31666666666666665,0.6833333333333333,0.997872340425532,0.002127659574468085
8.412340349650549e-06,False,0.6442105263157895,0.7518330964226486,0.6651774560709712,0.7504289484788207,0.7518330964226486,152,328,1,469,0.31666666666666665,0.6833333333333333,0.997872340425532,0.002127659574468085
8.437633340463435e-06,False,0.6452631578947369,0.7525275408670931,0.6662191335487476,0.7507313922636504,0.7525275408670931,153,327,1,469,0.31875,0.68125,0.997872340425532,0.002127659574468085
8.437633368885145e-06,False,0.6452631578947369,0.7525275408670931,0.6662191335487476,0.7507313922636504,0.7525275408670931,153,327,1,469,0.31875,0.68125,0.997872340425532,0.002127659574468085
8.437633397306854e-06,False,0.6452631578947369,0.7525275408670931,0.6662191335487476,0.7507313922636504,0.7525275408670931,153,327,1,469,0.31875,0.68125,0.997872340425532,0.002127659574468085
8.695314107853847e-06,False,0.6463157894736842,0.7532219853115375,0.6672588025804324,0.7510345849974023,0.7532219853115375,154,326,1,469,0.32083333333333336,0.6791666666666667,0.997872340425532,0.002127659574468085
8.695314136275556e-06,False,0.6463157894736842,0.7532219853115375,0.6672588025804324,0.7510345849974023,0.7532219853115375,154,326,1,469,0.32083333333333336,0.6791666666666667,0.997872340425532,0.002127659574468085
8.695314164697265e-06,False,0.6463157894736842,0.7532219853115375,0.6672588025804324,0.7510345849974023,0.7532219853115375,154,326,1,469,0.32083333333333336,0.6791666666666667,0.997872340425532,0.002127659574468085
8.863836200134756e-06,False,0.6473684210526316,0.753916429755982,0.668296476634882,0.7513385347123211,0.753916429755982,155,325,1,469,0.3229166666666667,0.6770833333333334,0.997872340425532,0.002127659574468085
8.863836228556465e-06,False,0.6473684210526316,0.753916429755982,0.668296476634882,0.7513385347123211,0.753916429755982,155,325,1,469,0.3229166666666667,0.6770833333333334,0.997872340425532,0.002127659574468085
8.863836256978175e-06,False,0.6473684210526316,0.753916429755982,0.668296476634882,0.7513385347123211,0.753916429755982,155,325,1,469,0.3229166666666667,0.6770833333333334,0.997872340425532,0.002127659574468085
9.079972159042882e-06,False,0.6484210526315789,0.7546108742004264,0.669332169113118,0.7516432493805286,0.7546108742004264,156,324,1,469,0.325,0.675,0.997872340425532,0.002127659574468085
9.079972187464591e-06,False,0.6484210526315789,0.7546108742004264,0.669332169113118,0.7516432493805286,0.7546108742004264,156,324,1,469,0.325,0.675,0.997872340425532,0.002127659574468085
9.0799722158863e-06,False,0.6484210526315789,0.7546108742004264,0.669332169113118,0.7516432493805286,0.7546108742004264,156,324,1,469,0.325,0.675,0.997872340425532,0.002127659574468085
9.225018374081628e-06,False,0.6473684210526316,0.753618810708363,0.6686206811574867,0.7492979067346156,0.753618810708363,156,324,2,468,0.325,0.675,0.9957446808510638,0.00425531914893617
9.225018402503338e-06,False,0.6473684210526316,0.753618810708363,0.6686206811574867,0.7492979067346156,0.753618810708363,156,324,2,468,0.325,0.675,0.9957446808510638,0.00425531914893617
9.225018430925047e-06,False,0.6473684210526316,0.753618810708363,0.6686206811574867,0.7492979067346156,0.753618810708363,156,324,2,468,0.325,0.675,0.9957446808510638,0.00425531914893617
1.0099971376575922e-05,False,0.6484210526315789,0.7543132551528074,0.6696533493177405,0.7496165637042305,0.7543132551528074,157,323,2,468,0.32708333333333334,0.6729166666666667,0.9957446808510638,0.00425531914893617
1.0099971404997632e-05,False,0.6484210526315789,0.7543132551528074,0.6696533493177405,0.7496165637042305,0.7543132551528074,157,323,2,468,0.32708333333333334,0.6729166666666667,0.9957446808510638,0.00425531914893617
1.0099971433419341e-05,False,0.6484210526315789,0.7543132551528074,0.6696533493177405,0.7496165637042305,0.7543132551528074,157,323,2,468,0.32708333333333334,0.6729166666666667,0.9957446808510638,0.00425531914893617
1.0124949739065414e-05,False,0.6494736842105263,0.7550076995972518,0.6706840690435767,0.7499358404895865,0.7550076995972518,158,322,2,468,0.32916666666666666,0.6708333333333333,0.9957446808510638,0.00425531914893617
1.0124949767487124e-05,False,0.6494736842105263,0.7550076995972518,0.6706840690435767,0.7499358404895865,0.7550076995972518,158,322,2,468,0.32916666666666666,0.6708333333333333,0.9957446808510638,0.00425531914893617
1.0124949795908833e-05,False,0.6494736842105263,0.7550076995972518,0.6706840690435767,0.7499358404895865,0.7550076995972518,158,322,2,468,0.32916666666666666,0.6708333333333333,0.9957446808510638,0.00425531914893617
1.0183244711470252e-05,False,0.6505263157894737,0.7557021440416962,0.6717128534898356,0.7502557479284553,0.7557021440416962,159,321,2,468,0.33125,0.66875,0.9957446808510638,0.00425531914893617
1.0183244739891961e-05,False,0.6505263157894737,0.7557021440416962,0.6717128534898356,0.7502557479284553,0.7557021440416962,159,321,2,468,0.33125,0.66875,0.9957446808510638,0.00425531914893617
1.018324476831367e-05,False,0.6505263157894737,0.7557021440416962,0.6717128534898356,0.7502557479284553,0.7557021440416962,159,321,2,468,0.33125,0.66875,0.9957446808510638,0.00425531914893617
1.0253192129994204e-05,False,0.651578947368421,0.7563965884861407,0.6727397157463978,0.7505762967364275,0.7563965884861407,160,320,2,468,0.3333333333333333,0.6666666666666666,0.9957446808510638,0.00425531914893617
1.0253192158415914e-05,False,0.651578947368421,0.7563965884861407,0.6727397157463978,0.7505762967364275,0.7563965884861407,160,320,2,468,0.3333333333333333,0.6666666666666666,0.9957446808510638,0.00425531914893617
1.0253192186837623e-05,False,0.651578947368421,0.7563965884861407,0.6727397157463978,0.7505762967364275,0.7563965884861407,160,320,2,468,0.3333333333333333,0.6666666666666666,0.9957446808510638,0.00425531914893617
1.1160569528101405e-05,False,0.6526315789473685,0.7570910329305852,0.6737646688387796,0.7508974975118429,0.7570910329305852,161,319,2,468,0.33541666666666664,0.6645833333333333,0.9957446808510638,0.00425531914893617
1.1160569556523114e-05,False,0.6526315789473685,0.7570910329305852,0.6737646688387796,0.7508974975118429,0.7570910329305852,161,319,2,468,0.33541666666666664,0.6645833333333333,0.9957446808510638,0.00425531914893617
1.1160569584944824e-05,False,0.6526315789473685,0.7570910329305852,0.6737646688387796,0.7508974975118429,0.7570910329305852,161,319,2,468,0.33541666666666664,0.6645833333333333,0.9957446808510638,0.00425531914893617
1.1199891531532558e-05,False,0.6536842105263158,0.7577854773750295,0.6747877257287218,0.7512193607405523,0.7577854773750295,162,318,2,468,0.3375,0.6625,0.9957446808510638,0.00425531914893617
1.1199891559954267e-05,False,0.6536842105263158,0.7577854773750295,0.6747877257287218,0.7512193607405523,0.7577854773750295,162,318,2,468,0.3375,0.6625,0.9957446808510638,0.00425531914893617
1.1199891588375976e-05,False,0.6536842105263158,0.7577854773750295,0.6747877257287218,0.7512193607405523,0.7577854773750295,162,318,2,468,0.3375,0.6625,0.9957446808510638,0.00425531914893617
1.2701641907142402e-05,False,0.6547368421052632,0.7584799218194741,0.6758088993147758,0.7515418968005175,0.7584799218194741,163,317,2,468,0.33958333333333335,0.6604166666666667,0.9957446808510638,0.00425531914893617
1.2701641935564112e-05,False,0.6547368421052632,0.7584799218194741,0.6758088993147758,0.7515418968005175,0.7584799218194741,163,317,2,468,0.33958333333333335,0.6604166666666667,0.9957446808510638,0.00425531914893617
1.2701641963985821e-05,False,0.6547368421052632,0.7584799218194741,0.6758088993147758,0.7515418968005175,0.7584799218194741,163,317,2,468,0.33958333333333335,0.6604166666666667,0.9957446808510638,0.00425531914893617
1.4559632262489686e-05,False,0.6557894736842105,0.7591743662639185,0.6768282024328824,0.7518651159662574,0.7591743662639185,164,316,2,468,0.3416666666666667,0.6583333333333333,0.9957446808510638,0.00425531914893617
1.4559632290911395e-05,False,0.6557894736842105,0.7591743662639185,0.6768282024328824,0.7518651159662574,0.7591743662639185,164,316,2,468,0.3416666666666667,0.6583333333333333,0.9957446808510638,0.00425531914893617
1.4559632319333105e-05,False,0.6557894736842105,0.7591743662639185,0.6768282024328824,0.7518651159662574,0.7591743662639185,164,316,2,468,0.3416666666666667,0.6583333333333333,0.9957446808510638,0.00425531914893617
1.585568313089425e-05,False,0.6568421052631579,0.759868810708363,0.6784808902840022,0.7532636231296804,0.759868810708363,165,315,2,468,0.34375,0.65625,0.9957446808510638,0.00425531914893617
1.585568315931596e-05,False,0.6568421052631579,0.759868810708363,0.6784808902840022,0.7532636231296804,0.759868810708363,165,315,2,468,0.34375,0.65625,0.9957446808510638,0.00425531914893617
1.5855683187737668e-05,False,0.6568421052631579,0.759868810708363,0.6784808902840022,0.7532636231296804,0.759868810708363,165,315,2,468,0.34375,0.65625,0.9957446808510638,0.00425531914893617
1.5882455016935637e-05,False,0.6578947368421053,0.7605632551528073,0.6794959628379331,0.7535872492874139,0.7605632551528073,166,314,2,468,0.3458333333333333,0.6541666666666667,0.9957446808510638,0.00425531914893617
1.5882455045357347e-05,False,0.6578947368421053,0.7605632551528073,0.6794959628379331,0.7535872492874139,0.7605632551528073,166,314,2,468,0.3458333333333333,0.6541666666666667,0.9957446808510638,0.00425531914893617
1.5882455073779056e-05,False,0.6578947368421053,0.7605632551528073,0.6794959628379331,0.7535872492874139,0.7605632551528073,166,314,2,468,0.3458333333333333,0.6541666666666667,0.9957446808510638,0.00425531914893617
1.6061687318824625e-05,False,0.6589473684210526,0.7612576995972518,0.6805092013788476,0.7539115838887355,0.7612576995972518,167,313,2,468,0.34791666666666665,0.6520833333333333,0.9957446808510638,0.00425531914893617
1.6061687347246334e-05,False,0.6589473684210526,0.7612576995972518,0.6805092013788476,0.7539115838887355,0.7612576995972518,167,313,2,468,0.34791666666666665,0.6520833333333333,0.9957446808510638,0.00425531914893617
1.6061687375668043e-05,False,0.6589473684210526,0.7612576995972518,0.6805092013788476,0.7539115838887355,0.7612576995972518,167,313,2,468,0.34791666666666665,0.6520833333333333,0.9957446808510638,0.00425531914893617
1.7077596538683792e-05,False,0.66,0.7619521440416963,0.6821605429248742,0.755325045689153,0.7619521440416963,168,312,2,468,0.35,0.65,0.9957446808510638,0.00425531914893617
1.7077596567105502e-05,False,0.66,0.7619521440416963,0.6821605429248742,0.755325045689153,0.7619521440416963,168,312,2,468,0.35,0.65,0.9957446808510638,0.00425531914893617
1.707759659552721e-05,False,0.66,0.7619521440416963,0.6821605429248742,0.755325045689153,0.7619521440416963,168,312,2,468,0.35,0.65,0.9957446808510638,0.00425531914893617
1.7459115014162307e-05,False,0.6610526315789473,0.7626465884861408,0.6838153398575947,0.7567543084295245,0.7626465884861408,169,311,2,468,0.35208333333333336,0.6479166666666667,0.9957446808510638,0.00425531914893617
1.7459115042584017e-05,False,0.6610526315789473,0.7626465884861408,0.6838153398575947,0.7567543084295245,0.7626465884861408,169,311,2,468,0.35208333333333336,0.6479166666666667,0.9957446808510638,0.00425531914893617
1.7459115071005726e-05,False,0.6610526315789473,0.7626465884861408,0.6838153398575947,0.7567543084295245,0.7626465884861408,169,311,2,468,0.35208333333333336,0.6479166666666667,0.9957446808510638,0.00425531914893617
1.853178397936972e-05,False,0.6621052631578948,0.7633410329305853,0.684822087404446,0.7570788232815143,0.7633410329305853,170,310,2,468,0.3541666666666667,0.6458333333333334,0.9957446808510638,0.00425531914893617
1.853178400779143e-05,False,0.6621052631578948,0.7633410329305853,0.684822087404446,0.7570788232815143,0.7633410329305853,170,310,2,468,0.3541666666666667,0.6458333333333334,0.9957446808510638,0.00425531914893617
1.853178403621314e-05,False,0.6621052631578948,0.7633410329305853,0.684822087404446,0.7570788232815143,0.7633410329305853,170,310,2,468,0.3541666666666667,0.6458333333333334,0.9957446808510638,0.00425531914893617
1.9476117785188762e-05,False,0.6631578947368421,0.7640354773750296,0.6858270475158661,0.7574040755911139,0.7640354773750296,171,309,2,468,0.35625,0.64375,0.9957446808510638,0.00425531914893617
1.9476117813610472e-05,False,0.6631578947368421,0.7640354773750296,0.6858270475158661,0.7574040755911139,0.7640354773750296,171,309,2,468,0.35625,0.64375,0.9957446808510638,0.00425531914893617
1.947611784203218e-05,False,0.6631578947368421,0.7640354773750296,0.6858270475158661,0.7574040755911139,0.7640354773750296,171,309,2,468,0.35625,0.64375,0.9957446808510638,0.00425531914893617
1.9991150082887543e-05,False,0.6642105263157895,0.7647299218194741,0.6868302325254017,0.7577300748488858,0.7647299218194741,172,308,2,468,0.35833333333333334,0.6416666666666667,0.9957446808510638,0.00425531914893617
1.9991150111309253e-05,False,0.6642105263157895,0.7647299218194741,0.6868302325254017,0.7577300748488858,0.7647299218194741,172,308,2,468,0.35833333333333334,0.6416666666666667,0.9957446808510638,0.00425531914893617
1.9991150139730962e-05,False,0.6642105263157895,0.7647299218194741,0.6868302325254017,0.7577300748488858,0.7647299218194741,172,308,2,468,0.35833333333333334,0.6416666666666667,0.9957446808510638,0.00425531914893617
2.230591960028505e-05,False,0.6652631578947369,0.7654243662639185,0.6878316547088831,0.7580568304751663,0.7654243662639185,173,307,2,468,0.36041666666666666,0.6395833333333333,0.9957446808510638,0.00425531914893617
2.230591962870676e-05,False,0.6652631578947369,0.7654243662639185,0.6878316547088831,0.7580568304751663,0.7654243662639185,173,307,2,468,0.36041666666666666,0.6395833333333333,0.9957446808510638,0.00425531914893617
2.230591965712847e-05,False,0.6652631578947369,0.7654243662639185,0.6878316547088831,0.7580568304751663,0.7654243662639185,173,307,2,468,0.36041666666666666,0.6395833333333333,0.9957446808510638,0.00425531914893617
2.3049728014257198e-05,False,0.6663157894736842,0.7661188107083629,0.6888313262849586,0.7583843518232735,0.7661188107083629,174,306,2,468,0.3625,0.6375,0.9957446808510638,0.00425531914893617
2.3049728042678908e-05,False,0.6663157894736842,0.7661188107083629,0.6888313262849586,0.7583843518232735,0.7661188107083629,174,306,2,468,0.3625,0.6375,0.9957446808510638,0.00425531914893617
2.3049728071100617e-05,False,0.6663157894736842,0.7661188107083629,0.6888313262849586,0.7583843518232735,0.7661188107083629,174,306,2,468,0.3625,0.6375,0.9957446808510638,0.00425531914893617
2.316663446322309e-05,False,0.6673684210526316,0.7668132551528073,0.6904781584210936,0.7598284345285631,0.7668132551528073,175,305,2,468,0.3645833333333333,0.6354166666666666,0.9957446808510638,0.00425531914893617
2.31666344916448e-05,False,0.6673684210526316,0.7668132551528073,0.6904781584210936,0.7598284345285631,0.7668132551528073,175,305,2,468,0.3645833333333333,0.6354166666666666,0.9957446808510638,0.00425531914893617
2.316663452006651e-05,False,0.6673684210526316,0.7668132551528073,0.6904781584210936,0.7598284345285631,0.7668132551528073,175,305,2,468,0.3645833333333333,0.6354166666666666,0.9957446808510638,0.00425531914893617
2.317591494715998e-05,False,0.6684210526315789,0.7675076995972518,0.6914738253912222,0.7601564904334698,0.7675076995972518,176,304,2,468,0.36666666666666664,0.6333333333333333,0.9957446808510638,0.00425531914893617
2.317591497558169e-05,False,0.6684210526315789,0.7675076995972518,0.6914738253912222,0.7601564904334698,0.7675076995972518,176,304,2,468,0.36666666666666664,0.6333333333333333,0.9957446808510638,0.00425531914893617
2.31759150040034e-05,False,0.6684210526315789,0.7675076995972518,0.6914738253912222,0.7601564904334698,0.7675076995972518,176,304,2,468,0.36666666666666664,0.6333333333333333,0.9957446808510638,0.00425531914893617
2.5267576319265572e-05,False,0.6694736842105263,0.7682021440416963,0.6924677763381683,0.7604853346081039,0.7682021440416963,177,303,2,468,0.36875,0.63125,0.9957446808510638,0.00425531914893617
2.526757634768728e-05,False,0.6694736842105263,0.7682021440416963,0.6924677763381683,0.7604853346081039,0.7682021440416963,177,303,2,468,0.36875,0.63125,0.9957446808510638,0.00425531914893617
2.526757637610899e-05,False,0.6694736842105263,0.7682021440416963,0.6924677763381683,0.7604853346081039,0.7682021440416963,177,303,2,468,0.36875,0.63125,0.9957446808510638,0.00425531914893617
2.5513514600561393e-05,False,0.6705263157894736,0.7688965884861408,0.6941137508157759,0.7619453475090063,0.7688965884861408,178,302,2,468,0.37083333333333335,0.6291666666666667,0.9957446808510638,0.00425531914893617
2.5513514628983103e-05,False,0.6705263157894736,0.7688965884861408,0.6941137508157759,0.7619453475090063,0.7688965884861408,178,302,2,468,0.37083333333333335,0.6291666666666667,0.9957446808510638,0.00425531914893617
2.5513514657404812e-05,False,0.6705263157894736,0.7688965884861408,0.6941137508157759,0.7619453475090063,0.7688965884861408,178,302,2,468,0.37083333333333335,0.6291666666666667,0.9957446808510638,0.00425531914893617
2.6079904245079888e-05,False,0.671578947368421,0.7695910329305852,0.6951037623287252,0.7622747604036402,0.7695910329305852,179,301,2,468,0.3729166666666667,0.6270833333333333,0.9957446808510638,0.00425531914893617
2.6079904273501597e-05,False,0.671578947368421,0.7695910329305852,0.6951037623287252,0.7622747604036402,0.7695910329305852,179,301,2,468,0.3729166666666667,0.6270833333333333,0.9957446808510638,0.00425531914893617
2.6079904301923307e-05,False,0.671578947368421,0.7695910329305852,0.6951037623287252,0.7622747604036402,0.7695910329305852,179,301,2,468,0.3729166666666667,0.6270833333333333,0.9957446808510638,0.00425531914893617
2.899999341821058e-05,False,0.6726315789473685,0.7702854773750296,0.6960920918695553,0.7626049834460309,0.7702854773750296,180,300,2,468,0.375,0.625,0.9957446808510638,0.00425531914893617
2.899999344663229e-05,False,0.6726315789473685,0.7702854773750296,0.6960920918695553,0.7626049834460309,0.7702854773750296,180,300,2,468,0.375,0.625,0.9957446808510638,0.00425531914893617
2.8999993475053998e-05,False,0.6726315789473685,0.7702854773750296,0.6960920918695553,0.7626049834460309,0.7702854773750296,180,300,2,468,0.375,0.625,0.9957446808510638,0.00425531914893617
3.113164709134253e-05,False,0.6736842105263158,0.7709799218194741,0.6970787512561613,0.7629360255322233,0.7709799218194741,181,299,2,468,0.3770833333333333,0.6229166666666667,0.9957446808510638,0.00425531914893617
3.113164711976424e-05,False,0.6736842105263158,0.7709799218194741,0.6970787512561613,0.7629360255322233,0.7709799218194741,181,299,2,468,0.3770833333333333,0.6229166666666667,0.9957446808510638,0.00425531914893617
3.113164714818595e-05,False,0.6736842105263158,0.7709799218194741,0.6970787512561613,0.7629360255322233,0.7709799218194741,181,299,2,468,0.3770833333333333,0.6229166666666667,0.9957446808510638,0.00425531914893617
3.148281027165467e-05,False,0.6747368421052632,0.7716743662639184,0.6987218129350472,0.7644120793925975,0.7716743662639184,182,298,2,468,0.37916666666666665,0.6208333333333333,0.9957446808510638,0.00425531914893617
3.148281030007638e-05,False,0.6747368421052632,0.7716743662639184,0.6987218129350472,0.7644120793925975,0.7716743662639184,182,298,2,468,0.37916666666666665,0.6208333333333333,0.9957446808510638,0.00425531914893617
3.148281032849809e-05,False,0.6747368421052632,0.7716743662639184,0.6987218129350472,0.7644120793925975,0.7716743662639184,182,298,2,468,0.37916666666666665,0.6208333333333333,0.9957446808510638,0.00425531914893617
3.197058683213072e-05,False,0.6757894736842105,0.7723688107083629,0.699704618689581,0.7647437353319706,0.7723688107083629,183,297,2,468,0.38125,0.61875,0.9957446808510638,0.00425531914893617
3.197058686055243e-05,False,0.6757894736842105,0.7723688107083629,0.699704618689581,0.7647437353319706,0.7723688107083629,183,297,2,468,0.38125,0.61875,0.9957446808510638,0.00425531914893617
3.197058688897414e-05,False,0.6757894736842105,0.7723688107083629,0.699704618689581,0.7647437353319706,0.7723688107083629,183,297,2,468,0.38125,0.61875,0.9957446808510638,0.00425531914893617
3.2126794366149625e-05,False,0.6768421052631579,0.7730632551528074,0.7006857876552273,0.7650762314266425,0.7730632551528074,184,296,2,468,0.38333333333333336,0.6166666666666667,0.9957446808510638,0.00425531914893617
3.2126794394571334e-05,False,0.6768421052631579,0.7730632551528074,0.7006857876552273,0.7650762314266425,0.7730632551528074,184,296,2,468,0.38333333333333336,0.6166666666666667,0.9957446808510638,0.00425531914893617
3.2126794422993044e-05,False,0.6768421052631579,0.7730632551528074,0.7006857876552273,0.7650762314266425,0.7730632551528074,184,296,2,468,0.38333333333333336,0.6166666666666667,0.9957446808510638,0.00425531914893617
3.36904776929714e-05,False,0.6778947368421052,0.7737576995972519,0.701665331432635,0.7654095763707905,0.7737576995972519,185,295,2,468,0.3854166666666667,0.6145833333333334,0.9957446808510638,0.00425531914893617
3.369047772139311e-05,False,0.6778947368421052,0.7737576995972519,0.701665331432635,0.7654095763707905,0.7737576995972519,185,295,2,468,0.3854166666666667,0.6145833333333334,0.9957446808510638,0.00425531914893617
3.369047774981482e-05,False,0.6778947368421052,0.7737576995972519,0.701665331432635,0.7654095763707905,0.7737576995972519,185,295,2,468,0.3854166666666667,0.6145833333333334,0.9957446808510638,0.00425531914893617
3.502442265812533e-05,False,0.6789473684210526,0.7744521440416964,0.7026432615712315,0.7657437788226273,0.7744521440416964,186,294,2,468,0.3875,0.6125,0.9957446808510638,0.00425531914893617
3.502442268654704e-05,False,0.6789473684210526,0.7744521440416964,0.7026432615712315,0.7657437788226273,0.7744521440416964,186,294,2,468,0.3875,0.6125,0.9957446808510638,0.00425531914893617
3.502442271496875e-05,False,0.6789473684210526,0.7744521440416964,0.7026432615712315,0.7657437788226273,0.7744521440416964,186,294,2,468,0.3875,0.6125,0.9957446808510638,0.00425531914893617
3.629269119187484e-05,False,0.68,0.7751465884861407,0.703619589569703,0.7660788474066069,0.7751465884861407,187,293,2,468,0.38958333333333334,0.6104166666666667,0.9957446808510638,0.00425531914893617
3.629269122029655e-05,False,0.68,0.7751465884861407,0.703619589569703,0.7660788474066069,0.7751465884861407,187,293,2,468,0.38958333333333334,0.6104166666666667,0.9957446808510638,0.00425531914893617
3.6292691248718256e-05,False,0.68,0.7751465884861407,0.703619589569703,0.7660788474066069,0.7751465884861407,187,293,2,468,0.38958333333333334,0.6104166666666667,0.9957446808510638,0.00425531914893617
3.656770056181813e-05,False,0.6810526315789474,0.7758410329305852,0.7052556542907347,0.7675709011412581,0.7758410329305852,188,292,2,468,0.39166666666666666,0.6083333333333333,0.9957446808510638,0.00425531914893617
3.656770059023984e-05,False,0.6810526315789474,0.7758410329305852,0.7052556542907347,0.7675709011412581,0.7758410329305852,188,292,2,468,0.39166666666666666,0.6083333333333333,0.9957446808510638,0.00425531914893617
3.656770061866155e-05,False,0.6810526315789474,0.7758410329305852,0.7052556542907347,0.7675709011412581,0.7758410329305852,188,292,2,468,0.39166666666666666,0.6083333333333333,0.9957446808510638,0.00425531914893617
3.6689118104504814e-05,False,0.6821052631578948,0.7765354773750296,0.7062282548050861,0.7679066500530422,0.7765354773750296,189,291,2,468,0.39375,0.60625,0.9957446808510638,0.00425531914893617
3.6689118132926524e-05,False,0.6821052631578948,0.7765354773750296,0.7062282548050861,0.7679066500530422,0.7765354773750296,189,291,2,468,0.39375,0.60625,0.9957446808510638,0.00425531914893617
3.668911816134823e-05,False,0.6821052631578948,0.7765354773750296,0.7062282548050861,0.7679066500530422,0.7765354773750296,189,291,2,468,0.39375,0.60625,0.9957446808510638,0.00425531914893617
3.713411567218827e-05,False,0.6831578947368421,0.7772299218194739,0.7071992855656223,0.768243285290595,0.7772299218194739,190,290,2,468,0.3958333333333333,0.6041666666666666,0.9957446808510638,0.00425531914893617
3.713411570060998e-05,False,0.6831578947368421,0.7772299218194739,0.7071992855656223,0.768243285290595,0.7772299218194739,190,290,2,468,0.3958333333333333,0.6041666666666666,0.9957446808510638,0.00425531914893617
3.713411572903169e-05,False,0.6831578947368421,0.7772299218194739,0.7071992855656223,0.768243285290595,0.7772299218194739,190,290,2,468,0.3958333333333333,0.6041666666666666,0.9957446808510638,0.00425531914893617
3.8406229549536874e-05,False,0.6842105263157895,0.7779243662639185,0.7081687578649608,0.7685808153268154,0.7779243662639185,191,289,2,468,0.39791666666666664,0.6020833333333333,0.9957446808510638,0.00425531914893617
3.8406229577958584e-05,False,0.6842105263157895,0.7779243662639185,0.7081687578649608,0.7685808153268154,0.7779243662639185,191,289,2,468,0.39791666666666664,0.6020833333333333,0.9957446808510638,0.00425531914893617
3.840622960638029e-05,False,0.6842105263157895,0.7779243662639185,0.7081687578649608,0.7685808153268154,0.7779243662639185,191,289,2,468,0.39791666666666664,0.6020833333333333,0.9957446808510638,0.00425531914893617
3.9442475070927685e-05,False,0.6852631578947368,0.7786188107083629,0.7091366829472876,0.7689192486107403,0.7786188107083629,192,288,2,468,0.4,0.6,0.9957446808510638,0.00425531914893617
3.9442475099349394e-05,False,0.6852631578947368,0.7786188107083629,0.7091366829472876,0.7689192486107403,0.7786188107083629,192,288,2,468,0.4,0.6,0.9957446808510638,0.00425531914893617
3.9442475127771104e-05,False,0.6852631578947368,0.7786188107083629,0.7091366829472876,0.7689192486107403,0.7786188107083629,192,288,2,468,0.4,0.6,0.9957446808510638,0.00425531914893617
4.037967298131662e-05,False,0.6863157894736842,0.7793132551528075,0.7101030720088158,0.7692585935694364,0.7793132551528075,193,287,2,468,0.40208333333333335,0.5979166666666667,0.9957446808510638,0.00425531914893617
4.0379673009738326e-05,False,0.6863157894736842,0.7793132551528075,0.7101030720088158,0.7692585935694364,0.7793132551528075,193,287,2,468,0.40208333333333335,0.5979166666666667,0.9957446808510638,0.00425531914893617
4.0379673038160036e-05,False,0.6863157894736842,0.7793132551528075,0.7101030720088158,0.7692585935694364,0.7793132551528075,193,287,2,468,0.40208333333333335,0.5979166666666667,0.9957446808510638,0.00425531914893617
4.129497389726566e-05,False,0.6873684210526316,0.7800076995972519,0.7110679361982418,0.7695988586098476,0.7800076995972519,194,286,2,468,0.4041666666666667,0.5958333333333333,0.9957446808510638,0.00425531914893617
4.129497392568737e-05,False,0.6873684210526316,0.7800076995972519,0.7110679361982418,0.7695988586098476,0.7800076995972519,194,286,2,468,0.4041666666666667,0.5958333333333333,0.9957446808510638,0.00425531914893617
4.129497395410908e-05,False,0.6873684210526316,0.7800076995972519,0.7110679361982418,0.7695988586098476,0.7800076995972519,194,286,2,468,0.4041666666666667,0.5958333333333333,0.9957446808510638,0.00425531914893617
4.166442883501986e-05,False,0.6884210526315789,0.7807021440416962,0.7120312866171982,0.7699400521206002,0.7807021440416962,195,285,2,468,0.40625,0.59375,0.9957446808510638,0.00425531914893617
4.166442886344157e-05,False,0.6884210526315789,0.7807021440416962,0.7120312866171982,0.7699400521206002,0.7807021440416962,195,285,2,468,0.40625,0.59375,0.9957446808510638,0.00425531914893617
4.166442889186328e-05,False,0.6884210526315789,0.7807021440416962,0.7120312866171982,0.7699400521206002,0.7807021440416962,195,285,2,468,0.40625,0.59375,0.9957446808510638,0.00425531914893617
4.192365301491918e-05,False,0.6894736842105263,0.7813965884861407,0.7129931343207024,0.7702821824737645,0.7813965884861407,196,284,2,468,0.4083333333333333,0.5916666666666667,0.9957446808510638,0.00425531914893617
4.192365304334089e-05,False,0.6894736842105263,0.7813965884861407,0.7129931343207024,0.7702821824737645,0.7813965884861407,196,284,2,468,0.4083333333333333,0.5916666666666667,0.9957446808510638,0.00425531914893617
4.19236530717626e-05,False,0.6894736842105263,0.7813965884861407,0.7129931343207024,0.7702821824737645,0.7813965884861407,196,284,2,468,0.4083333333333333,0.5916666666666667,0.9957446808510638,0.00425531914893617
4.298095879562425e-05,False,0.6905263157894737,0.7820910329305851,0.7139534903176035,0.7706252580265787,0.7820910329305851,197,283,2,468,0.41041666666666665,0.5895833333333333,0.9957446808510638,0.00425531914893617
4.2980958824045956e-05,False,0.6905263157894737,0.7820910329305851,0.7139534903176035,0.7706252580265787,0.7820910329305851,197,283,2,468,0.41041666666666665,0.5895833333333333,0.9957446808510638,0.00425531914893617
4.2980958852467666e-05,False,0.6905263157894737,0.7820910329305851,0.7139534903176035,0.7706252580265787,0.7820910329305851,197,283,2,468,0.41041666666666665,0.5895833333333333,0.9957446808510638,0.00425531914893617
4.616590010186883e-05,False,0.6915789473684211,0.7827854773750297,0.7149123655710238,0.7709692871231333,0.7827854773750297,198,282,2,468,0.4125,0.5875,0.9957446808510638,0.00425531914893617
4.616590013029054e-05,False,0.6915789473684211,0.7827854773750297,0.7149123655710238,0.7709692871231333,0.7827854773750297,198,282,2,468,0.4125,0.5875,0.9957446808510638,0.00425531914893617
4.616590015871225e-05,False,0.6915789473684211,0.7827854773750297,0.7149123655710238,0.7709692871231333,0.7827854773750297,198,282,2,468,0.4125,0.5875,0.9957446808510638,0.00425531914893617
4.6910139616329616e-05,False,0.6926315789473684,0.783479921819474,0.7158697709987992,0.7713142780960193,0.783479921819474,199,281,2,468,0.41458333333333336,0.5854166666666667,0.9957446808510638,0.00425531914893617
4.6910139644751325e-05,False,0.6926315789473684,0.783479921819474,0.7158697709987992,0.7713142780960193,0.783479921819474,199,281,2,468,0.41458333333333336,0.5854166666666667,0.9957446808510638,0.00425531914893617
4.6910139673173035e-05,False,0.6926315789473684,0.783479921819474,0.7158697709987992,0.7713142780960193,0.783479921819474,199,281,2,468,0.41458333333333336,0.5854166666666667,0.9957446808510638,0.00425531914893617
4.773451288997421e-05,False,0.6936842105263158,0.7841743662639186,0.7168257174739155,0.7716602392679407,0.7841743662639186,200,280,2,468,0.4166666666666667,0.5833333333333334,0.9957446808510638,0.00425531914893617
4.773451291839592e-05,False,0.6936842105263158,0.7841743662639186,0.7168257174739155,0.7716602392679407,0.7841743662639186,200,280,2,468,0.4166666666666667,0.5833333333333334,0.9957446808510638,0.00425531914893617
4.773451294681763e-05,False,0.6936842105263158,0.7841743662639186,0.7168257174739155,0.7716602392679407,0.7841743662639186,200,280,2,468,0.4166666666666667,0.5833333333333334,0.9957446808510638,0.00425531914893617
4.7805671755440926e-05,False,0.6947368421052632,0.784868810708363,0.7177802158249408,0.7720071789532934,0.784868810708363,201,279,2,468,0.41875,0.58125,0.9957446808510638,0.00425531914893617
4.7805671783862635e-05,False,0.6947368421052632,0.784868810708363,0.7177802158249408,0.7720071789532934,0.784868810708363,201,279,2,468,0.41875,0.58125,0.9957446808510638,0.00425531914893617
4.7805671812284345e-05,False,0.6947368421052632,0.784868810708363,0.7177802158249408,0.7720071789532934,0.784868810708363,201,279,2,468,0.41875,0.58125,0.9957446808510638,0.00425531914893617
5.030095414326752e-05,False,0.6957894736842105,0.7855632551528074,0.7187332768364557,0.7723551054597112,0.7855632551528074,202,278,2,468,0.42083333333333334,0.5791666666666667,0.9957446808510638,0.00425531914893617
5.030095417168923e-05,False,0.6957894736842105,0.7855632551528074,0.7187332768364557,0.7723551054597112,0.7855632551528074,202,278,2,468,0.42083333333333334,0.5791666666666667,0.9957446808510638,0.00425531914893617
5.030095420011094e-05,False,0.6957894736842105,0.7855632551528074,0.7187332768364557,0.7723551054597112,0.7855632551528074,202,278,2,468,0.42083333333333334,0.5791666666666667,0.9957446808510638,0.00425531914893617
5.126606262706446e-05,False,0.6968421052631579,0.7862576995972518,0.7196849112494808,0.7727040270895805,0.7862576995972518,203,277,2,468,0.42291666666666666,0.5770833333333333,0.9957446808510638,0.00425531914893617
5.1266062655486166e-05,False,0.6968421052631579,0.7862576995972518,0.7196849112494808,0.7727040270895805,0.7862576995972518,203,277,2,468,0.42291666666666666,0.5770833333333333,0.9957446808510638,0.00425531914893617
5.1266062683907876e-05,False,0.6968421052631579,0.7862576995972518,0.7196849112494808,0.7727040270895805,0.7862576995972518,203,277,2,468,0.42291666666666666,0.5770833333333333,0.9957446808510638,0.00425531914893617
5.1693059475610426e-05,False,0.6978947368421052,0.7869521440416962,0.7206351297619001,0.7730539521415256,0.7869521440416962,204,276,2,468,0.425,0.575,0.9957446808510638,0.00425531914893617
5.1693059504032135e-05,False,0.6978947368421052,0.7869521440416962,0.7206351297619001,0.7730539521415256,0.7869521440416962,204,276,2,468,0.425,0.575,0.9957446808510638,0.00425531914893617
5.1693059532453844e-05,False,0.6978947368421052,0.7869521440416962,0.7206351297619001,0.7730539521415256,0.7869521440416962,204,276,2,468,0.425,0.575,0.9957446808510638,0.00425531914893617
5.2787210705673715e-05,False,0.6989473684210527,0.7876465884861407,0.7215839430288823,0.7734048889118634,0.7876465884861407,205,275,2,468,0.4270833333333333,0.5729166666666666,0.9957446808510638,0.00425531914893617
5.2787210734095424e-05,False,0.6989473684210527,0.7876465884861407,0.7215839430288823,0.7734048889118634,0.7876465884861407,205,275,2,468,0.4270833333333333,0.5729166666666666,0.9957446808510638,0.00425531914893617
5.2787210762517134e-05,False,0.6989473684210527,0.7876465884861407,0.7215839430288823,0.7734048889118634,0.7876465884861407,205,275,2,468,0.4270833333333333,0.5729166666666666,0.9957446808510638,0.00425531914893617
5.2831528563501706e-05,False,0.7,0.7883410329305852,0.7225313616632981,0.7737568456960321,0.7883410329305852,206,274,2,468,0.42916666666666664,0.5708333333333333,0.9957446808510638,0.00425531914893617
5.2831528591923416e-05,False,0.7,0.7883410329305852,0.7225313616632981,0.7737568456960321,0.7883410329305852,206,274,2,468,0.42916666666666664,0.5708333333333333,0.9957446808510638,0.00425531914893617
5.2831528620345125e-05,False,0.7,0.7883410329305852,0.7225313616632981,0.7737568456960321,0.7883410329305852,206,274,2,468,0.42916666666666664,0.5708333333333333,0.9957446808510638,0.00425531914893617
5.5023596331693625e-05,False,0.7010526315789474,0.7890354773750295,0.7241344924132197,0.7752632115748677,0.7890354773750295,207,273,2,468,0.43125,0.56875,0.9957446808510638,0.00425531914893617
5.5023596360115334e-05,False,0.7010526315789474,0.7890354773750295,0.7241344924132197,0.7752632115748677,0.7890354773750295,207,273,2,468,0.43125,0.56875,0.9957446808510638,0.00425531914893617
5.5023596388537044e-05,False,0.7010526315789474,0.7890354773750295,0.7241344924132197,0.7752632115748677,0.7890354773750295,207,273,2,468,0.43125,0.56875,0.9957446808510638,0.00425531914893617
5.5104828760477176e-05,False,0.7021052631578948,0.7897299218194741,0.7250785621377639,0.7756160506160507,0.7897299218194741,208,272,2,468,0.43333333333333335,0.5666666666666667,0.9957446808510638,0.00425531914893617
5.5104828788898885e-05,False,0.7021052631578948,0.7897299218194741,0.7250785621377639,0.7756160506160507,0.7897299218194741,208,272,2,468,0.43333333333333335,0.5666666666666667,0.9957446808510638,0.00425531914893617
5.5104828817320595e-05,False,0.7021052631578948,0.7897299218194741,0.7250785621377639,0.7756160506160507,0.7897299218194741,208,272,2,468,0.43333333333333335,0.5666666666666667,0.9957446808510638,0.00425531914893617
5.532686915898921e-05,False,0.7031578947368421,0.7904243662639185,0.7260212668607037,0.775969928341464,0.7904243662639185,209,271,2,468,0.4354166666666667,0.5645833333333333,0.9957446808510638,0.00425531914893617
5.532686918741092e-05,False,0.7031578947368421,0.7904243662639185,0.7260212668607037,0.775969928341464,0.7904243662639185,209,271,2,468,0.4354166666666667,0.5645833333333333,0.9957446808510638,0.00425531914893617
5.532686921583263e-05,False,0.7031578947368421,0.7904243662639185,0.7260212668607037,0.775969928341464,0.7904243662639185,209,271,2,468,0.4354166666666667,0.5645833333333333,0.9957446808510638,0.00425531914893617
5.70794436214328e-05,False,0.7042105263157895,0.791118810708363,0.726962617021186,0.7763248530130357,0.791118810708363,210,270,2,468,0.4375,0.5625,0.9957446808510638,0.00425531914893617
5.707944364985451e-05,False,0.7042105263157895,0.791118810708363,0.726962617021186,0.7763248530130357,0.791118810708363,210,270,2,468,0.4375,0.5625,0.9957446808510638,0.00425531914893617
5.707944367827622e-05,False,0.7042105263157895,0.791118810708363,0.726962617021186,0.7763248530130357,0.791118810708363,210,270,2,468,0.4375,0.5625,0.9957446808510638,0.00425531914893617
5.744826191289576e-05,False,0.7052631578947368,0.7918132551528073,0.7279026230180596,0.7766808328981898,0.7918132551528073,211,269,2,468,0.4395833333333333,0.5604166666666667,0.9957446808510638,0.00425531914893617
5.744826194131747e-05,False,0.7052631578947368,0.7918132551528073,0.7279026230180596,0.7766808328981898,0.7918132551528073,211,269,2,468,0.4395833333333333,0.5604166666666667,0.9957446808510638,0.00425531914893617
5.744826196973918e-05,False,0.7052631578947368,0.7918132551528073,0.7279026230180596,0.7766808328981898,0.7918132551528073,211,269,2,468,0.4395833333333333,0.5604166666666667,0.9957446808510638,0.00425531914893617
5.985903405303361e-05,False,0.7063157894736842,0.7925076995972518,0.7288412952102744,0.7770378762711262,0.7925076995972518,212,268,2,468,0.44166666666666665,0.5583333333333333,0.9957446808510638,0.00425531914893617
5.985903408145532e-05,False,0.7063157894736842,0.7925076995972518,0.7288412952102744,0.7770378762711262,0.7925076995972518,212,268,2,468,0.44166666666666665,0.5583333333333333,0.9957446808510638,0.00425531914893617
5.985903410987703e-05,False,0.7063157894736842,0.7925076995972518,0.7288412952102744,0.7770378762711262,0.7925076995972518,212,268,2,468,0.44166666666666665,0.5583333333333333,0.9957446808510638,0.00425531914893617
6.011903676039765e-05,False,0.7073684210526315,0.7932021440416963,0.7304389117406865,0.7785612528627645,0.7932021440416963,213,267,2,468,0.44375,0.55625,0.9957446808510638,0.00425531914893617
6.011903678881936e-05,False,0.7073684210526315,0.7932021440416963,0.7304389117406865,0.7785612528627645,0.7932021440416963,213,267,2,468,0.44375,0.55625,0.9957446808510638,0.00425531914893617
6.011903681724107e-05,False,0.7073684210526315,0.7932021440416963,0.7304389117406865,0.7785612528627645,0.7932021440416963,213,267,2,468,0.44375,0.55625,0.9957446808510638,0.00425531914893617
6.156200831242131e-05,False,0.708421052631579,0.7938965884861408,0.7313743460495665,0.7789192338427201,0.7938965884861408,214,266,2,468,0.44583333333333336,0.5541666666666667,0.9957446808510638,0.00425531914893617
6.156200834084302e-05,False,0.708421052631579,0.7938965884861408,0.7313743460495665,0.7789192338427201,0.7938965884861408,214,266,2,468,0.44583333333333336,0.5541666666666667,0.9957446808510638,0.00425531914893617
6.156200836926473e-05,False,0.708421052631579,0.7938965884861408,0.7313743460495665,0.7789192338427201,0.7938965884861408,214,266,2,468,0.44583333333333336,0.5541666666666667,0.9957446808510638,0.00425531914893617
6.2763268914523e-05,False,0.7094736842105264,0.7945910329305853,0.7323084753934576,0.7792782967389869,0.7945910329305853,215,265,2,468,0.4479166666666667,0.5520833333333334,0.9957446808510638,0.00425531914893617
6.27632689429447e-05,False,0.7094736842105264,0.7945910329305853,0.7323084753934576,0.7792782967389869,0.7945910329305853,215,265,2,468,0.4479166666666667,0.5520833333333334,0.9957446808510638,0.00425531914893617
6.276326897136641e-05,False,0.7094736842105264,0.7945910329305853,0.7323084753934576,0.7792782967389869,0.7945910329305853,215,265,2,468,0.4479166666666667,0.5520833333333334,0.9957446808510638,0.00425531914893617
6.383266733678283e-05,False,0.7105263157894737,0.7952854773750296,0.7332413099667701,0.7796384498195296,0.7952854773750296,216,264,2,468,0.45,0.55,0.9957446808510638,0.00425531914893617
6.383266736520454e-05,False,0.7105263157894737,0.7952854773750296,0.7332413099667701,0.7796384498195296,0.7952854773750296,216,264,2,468,0.45,0.55,0.9957446808510638,0.00425531914893617
6.383266739362625e-05,False,0.7105263157894737,0.7952854773750296,0.7332413099667701,0.7796384498195296,0.7952854773750296,216,264,2,468,0.45,0.55,0.9957446808510638,0.00425531914893617
6.451439546140136e-05,False,0.7115789473684211,0.7959799218194741,0.7341728599259291,0.7799997013647824,0.7959799218194741,217,263,2,468,0.45208333333333334,0.5479166666666667,0.9957446808510638,0.00425531914893617
6.451439548982307e-05,False,0.7115789473684211,0.7959799218194741,0.7341728599259291,0.7799997013647824,0.7959799218194741,217,263,2,468,0.45208333333333334,0.5479166666666667,0.9957446808510638,0.00425531914893617
6.451439551824478e-05,False,0.7115789473684211,0.7959799218194741,0.7341728599259291,0.7799997013647824,0.7959799218194741,217,263,2,468,0.45208333333333334,0.5479166666666667,0.9957446808510638,0.00425531914893617
6.679157374378519e-05,False,0.7126315789473684,0.7966743662639185,0.7351031353897587,0.7803620596688102,0.7966743662639185,218,262,2,468,0.45416666666666666,0.5458333333333333,0.9957446808510638,0.00425531914893617
6.67915737722069e-05,False,0.7126315789473684,0.7966743662639185,0.7351031353897587,0.7803620596688102,0.7966743662639185,218,262,2,468,0.45416666666666666,0.5458333333333333,0.9957446808510638,0.00425531914893617
6.679157380062861e-05,False,0.7126315789473684,0.7966743662639185,0.7351031353897587,0.7803620596688102,0.7966743662639185,218,262,2,468,0.45416666666666666,0.5458333333333333,0.9957446808510638,0.00425531914893617
6.704798576606663e-05,False,0.7136842105263158,0.7973688107083629,0.7360321464398637,0.7807255330404552,0.7973688107083629,219,261,2,468,0.45625,0.54375,0.9957446808510638,0.00425531914893617
6.704798579448834e-05,False,0.7136842105263158,0.7973688107083629,0.7360321464398637,0.7807255330404552,0.7973688107083629,219,261,2,468,0.45625,0.54375,0.9957446808510638,0.00425531914893617
6.704798582291005e-05,False,0.7136842105263158,0.7973688107083629,0.7360321464398637,0.7807255330404552,0.7973688107083629,219,261,2,468,0.45625,0.54375,0.9957446808510638,0.00425531914893617
7.004349023986833e-05,False,0.7147368421052631,0.7980632551528073,0.7369599031210087,0.7810901298044658,0.7980632551528073,220,260,2,468,0.4583333333333333,0.5416666666666666,0.9957446808510638,0.00425531914893617
7.004349026829004e-05,False,0.7147368421052631,0.7980632551528073,0.7369599031210087,0.7810901298044658,0.7980632551528073,220,260,2,468,0.4583333333333333,0.5416666666666666,0.9957446808510638,0.00425531914893617
7.004349029671175e-05,False,0.7147368421052631,0.7980632551528073,0.7369599031210087,0.7810901298044658,0.7980632551528073,220,260,2,468,0.4583333333333333,0.5416666666666666,0.9957446808510638,0.00425531914893617
7.50570761454128e-05,False,0.7157894736842105,0.7987576995972518,0.7385486419353696,0.7826306625348746,0.7987576995972518,221,259,2,468,0.46041666666666664,0.5395833333333333,0.9957446808510638,0.00425531914893617
7.50570761738345e-05,False,0.7157894736842105,0.7987576995972518,0.7385486419353696,0.7826306625348746,0.7987576995972518,221,259,2,468,0.46041666666666664,0.5395833333333333,0.9957446808510638,0.00425531914893617
7.505707620225621e-05,False,0.7157894736842105,0.7987576995972518,0.7385486419353696,0.7826306625348746,0.7987576995972518,221,259,2,468,0.46041666666666664,0.5395833333333333,0.9957446808510638,0.00425531914893617
7.538330098100232e-05,False,0.716842105263158,0.7994521440416963,0.7401418026418026,0.7841895849248791,0.7994521440416963,222,258,2,468,0.4625,0.5375,0.9957446808510638,0.00425531914893617
7.538330100942403e-05,False,0.716842105263158,0.7994521440416963,0.7401418026418026,0.7841895849248791,0.7994521440416963,222,258,2,468,0.4625,0.5375,0.9957446808510638,0.00425531914893617
7.538330103784574e-05,False,0.716842105263158,0.7994521440416963,0.7401418026418026,0.7841895849248791,0.7994521440416963,222,258,2,468,0.4625,0.5375,0.9957446808510638,0.00425531914893617
8.265244102290126e-05,False,0.7178947368421053,0.8001465884861408,0.741064623268601,0.7845550745550746,0.8001465884861408,223,257,2,468,0.46458333333333335,0.5354166666666667,0.9957446808510638,0.00425531914893617
8.265244105132297e-05,False,0.7178947368421053,0.8001465884861408,0.741064623268601,0.7845550745550746,0.8001465884861408,223,257,2,468,0.46458333333333335,0.5354166666666667,0.9957446808510638,0.00425531914893617
8.265244107974468e-05,False,0.7178947368421053,0.8001465884861408,0.741064623268601,0.7845550745550746,0.8001465884861408,223,257,2,468,0.46458333333333335,0.5354166666666667,0.9957446808510638,0.00425531914893617
8.423731921425315e-05,False,0.7189473684210527,0.8008410329305852,0.7419862252051868,0.7849217074572086,0.8008410329305852,224,256,2,468,0.4666666666666667,0.5333333333333333,0.9957446808510638,0.00425531914893617
8.423731924267486e-05,False,0.7189473684210527,0.8008410329305852,0.7419862252051868,0.7849217074572086,0.8008410329305852,224,256,2,468,0.4666666666666667,0.5333333333333333,0.9957446808510638,0.00425531914893617
8.423731927109657e-05,False,0.7189473684210527,0.8008410329305852,0.7419862252051868,0.7849217074572086,0.8008410329305852,224,256,2,468,0.4666666666666667,0.5333333333333333,0.9957446808510638,0.00425531914893617
8.647036881370695e-05,False,0.72,0.8015354773750296,0.7429066182991765,0.7852894919542638,0.8015354773750296,225,255,2,468,0.46875,0.53125,0.9957446808510638,0.00425531914893617
8.647036884212866e-05,False,0.72,0.8015354773750296,0.7429066182991765,0.7852894919542638,0.8015354773750296,225,255,2,468,0.46875,0.53125,0.9957446808510638,0.00425531914893617
8.647036887055037e-05,False,0.72,0.8015354773750296,0.7429066182991765,0.7852894919542638,0.8015354773750296,225,255,2,468,0.46875,0.53125,0.9957446808510638,0.00425531914893617
9.012220832005369e-05,False,0.7210526315789474,0.8022299218194741,0.7438258123634682,0.7856584363907428,0.8022299218194741,226,254,2,468,0.4708333333333333,0.5291666666666667,0.9957446808510638,0.00425531914893617
9.01222083484754e-05,False,0.7210526315789474,0.8022299218194741,0.7438258123634682,0.7856584363907428,0.8022299218194741,226,254,2,468,0.4708333333333333,0.5291666666666667,0.9957446808510638,0.00425531914893617
9.01222083768971e-05,False,0.7210526315789474,0.8022299218194741,0.7438258123634682,0.7856584363907428,0.8022299218194741,226,254,2,468,0.4708333333333333,0.5291666666666667,0.9957446808510638,0.00425531914893617
9.564247008597704e-05,False,0.7221052631578947,0.8029243662639184,0.7447438171766029,0.7860285491336981,0.8029243662639184,227,253,2,468,0.47291666666666665,0.5270833333333333,0.9957446808510638,0.00425531914893617
9.564247011439875e-05,False,0.7221052631578947,0.8029243662639184,0.7447438171766029,0.7860285491336981,0.8029243662639184,227,253,2,468,0.47291666666666665,0.5270833333333333,0.9957446808510638,0.00425531914893617
9.564247014282046e-05,False,0.7221052631578947,0.8029243662639184,0.7447438171766029,0.7860285491336981,0.8029243662639184,227,253,2,468,0.47291666666666665,0.5270833333333333,0.9957446808510638,0.00425531914893617
0.00010274653320152538,False,0.7231578947368421,0.8036188107083629,0.7456606424831232,0.7863998385737516,0.8036188107083629,228,252,2,468,0.475,0.525,0.9957446808510638,0.00425531914893617
0.00010274653322994709,False,0.7231578947368421,0.8036188107083629,0.7456606424831232,0.7863998385737516,0.8036188107083629,228,252,2,468,0.475,0.525,0.9957446808510638,0.00425531914893617
0.0001027465332583688,False,0.7231578947368421,0.8036188107083629,0.7456606424831232,0.7863998385737516,0.8036188107083629,228,252,2,468,0.475,0.525,0.9957446808510638,0.00425531914893617
0.00010417099835535737,False,0.7242105263157895,0.8043132551528074,0.7465762979939329,0.7867723131261037,0.8043132551528074,229,251,2,468,0.47708333333333336,0.5229166666666667,0.9957446808510638,0.00425531914893617
0.00010417099838377908,False,0.7242105263157895,0.8043132551528074,0.7465762979939329,0.7867723131261037,0.8043132551528074,229,251,2,468,0.47708333333333336,0.5229166666666667,0.9957446808510638,0.00425531914893617
0.00010417099841220079,False,0.7242105263157895,0.8043132551528074,0.7465762979939329,0.7867723131261037,0.8043132551528074,229,251,2,468,0.47708333333333336,0.5229166666666667,0.9957446808510638,0.00425531914893617
0.00011965892187504323,False,0.7252631578947368,0.8050076995972519,0.7474907933866501,0.7871459812315335,0.8050076995972519,230,250,2,468,0.4791666666666667,0.5208333333333334,0.9957446808510638,0.00425531914893617
0.00011965892190346494,False,0.7252631578947368,0.8050076995972519,0.7474907933866501,0.7871459812315335,0.8050076995972519,230,250,2,468,0.4791666666666667,0.5208333333333334,0.9957446808510638,0.00425531914893617
0.00011965892193188665,False,0.7252631578947368,0.8050076995972519,0.7474907933866501,0.7871459812315335,0.8050076995972519,230,250,2,468,0.4791666666666667,0.5208333333333334,0.9957446808510638,0.00425531914893617
0.0001203565188632183,False,0.7263157894736842,0.8057021440416964,0.7484041383059616,0.787520851357388,0.8057021440416964,231,249,2,468,0.48125,0.51875,0.9957446808510638,0.00425531914893617
0.00012035651889164001,False,0.7263157894736842,0.8057021440416964,0.7484041383059616,0.787520851357388,0.8057021440416964,231,249,2,468,0.48125,0.51875,0.9957446808510638,0.00425531914893617
0.00012035651892006172,False,0.7263157894736842,0.8057021440416964,0.7484041383059616,0.787520851357388,0.8057021440416964,231,249,2,468,0.48125,0.51875,0.9957446808510638,0.00425531914893617
0.00012386329760261106,False,0.7273684210526316,0.8063965884861407,0.7493163423639726,0.7878969319985654,0.8063965884861407,232,248,2,468,0.48333333333333334,0.5166666666666667,0.9957446808510638,0.00425531914893617
0.00012386329763103276,False,0.7273684210526316,0.8063965884861407,0.7493163423639726,0.7878969319985654,0.8063965884861407,232,248,2,468,0.48333333333333334,0.5166666666666667,0.9957446808510638,0.00425531914893617
0.00012386329765945447,False,0.7273684210526316,0.8063965884861407,0.7493163423639726,0.7878969319985654,0.8063965884861407,232,248,2,468,0.48333333333333334,0.5166666666666667,0.9957446808510638,0.00425531914893617
0.0001267366751278587,False,0.728421052631579,0.8070910329305852,0.7502274151405568,0.788274231678487,0.8070910329305852,233,247,2,468,0.48541666666666666,0.5145833333333333,0.9957446808510638,0.00425531914893617
0.0001267366751562804,False,0.728421052631579,0.8070910329305852,0.7502274151405568,0.788274231678487,0.8070910329305852,233,247,2,468,0.48541666666666666,0.5145833333333333,0.9957446808510638,0.00425531914893617
0.0001267366751847021,False,0.728421052631579,0.8070910329305852,0.7502274151405568,0.788274231678487,0.8070910329305852,233,247,2,468,0.48541666666666666,0.5145833333333333,0.9957446808510638,0.00425531914893617
0.00013120996297288912,False,0.7294736842105263,0.8077854773750296,0.7511373661837015,0.7886527589500637,0.8077854773750296,234,246,2,468,0.4875,0.5125,0.9957446808510638,0.00425531914893617
0.00013120996300131083,False,0.7294736842105263,0.8077854773750296,0.7511373661837015,0.7886527589500637,0.8077854773750296,234,246,2,468,0.4875,0.5125,0.9957446808510638,0.00425531914893617
0.00013120996302973253,False,0.7294736842105263,0.8077854773750296,0.7511373661837015,0.7886527589500637,0.8077854773750296,234,246,2,468,0.4875,0.5125,0.9957446808510638,0.00425531914893617
0.0001425632508187391,False,0.7305263157894737,0.8084799218194739,0.7520462050098536,0.7890325223966542,0.8084799218194739,235,245,2,468,0.4895833333333333,0.5104166666666666,0.9957446808510638,0.00425531914893617
0.00014256325084716082,False,0.7305263157894737,0.8084799218194739,0.7520462050098536,0.7890325223966542,0.8084799218194739,235,245,2,468,0.4895833333333333,0.5104166666666666,0.9957446808510638,0.00425531914893617
0.00014256325087558253,False,0.7305263157894737,0.8084799218194739,0.7520462050098536,0.7890325223966542,0.8084799218194739,235,245,2,468,0.4895833333333333,0.5104166666666666,0.9957446808510638,0.00425531914893617
0.00014449031729668604,False,0.7315789473684211,0.8091743662639185,0.752953941104261,0.7894135306330167,0.8091743662639185,236,244,2,468,0.49166666666666664,0.5083333333333333,0.9957446808510638,0.00425531914893617
0.00014449031732510775,False,0.7315789473684211,0.8091743662639185,0.752953941104261,0.7894135306330167,0.8091743662639185,236,244,2,468,0.49166666666666664,0.5083333333333333,0.9957446808510638,0.00425531914893617
0.00014449031735352946,False,0.7315789473684211,0.8091743662639185,0.752953941104261,0.7894135306330167,0.8091743662639185,236,244,2,468,0.49166666666666664,0.5083333333333333,0.9957446808510638,0.00425531914893617
0.00015294630426865297,False,0.7326315789473684,0.8098688107083629,0.7538605839213135,0.7897957923062525,0.8098688107083629,237,243,2,468,0.49375,0.50625,0.9957446808510638,0.00425531914893617
0.00015294630429707468,False,0.7326315789473684,0.8098688107083629,0.7538605839213135,0.7897957923062525,0.8098688107083629,237,243,2,468,0.49375,0.50625,0.9957446808510638,0.00425531914893617
0.00015294630432549638,False,0.7326315789473684,0.8098688107083629,0.7538605839213135,0.7897957923062525,0.8098688107083629,237,243,2,468,0.49375,0.50625,0.9957446808510638,0.00425531914893617
0.00015341793184120434,False,0.7336842105263158,0.8105632551528075,0.7547661428848814,0.7901793160967473,0.8105632551528075,238,242,2,468,0.49583333333333335,0.5041666666666667,0.9957446808510638,0.00425531914893617
0.00015341793186962605,False,0.7336842105263158,0.8105632551528075,0.7547661428848814,0.7901793160967473,0.8105632551528075,238,242,2,468,0.49583333333333335,0.5041666666666667,0.9957446808510638,0.00425531914893617
0.00015341793189804775,False,0.7336842105263158,0.8105632551528075,0.7547661428848814,0.7901793160967473,0.8105632551528075,238,242,2,468,0.49583333333333335,0.5041666666666667,0.9957446808510638,0.00425531914893617
0.00015452006479677038,False,0.7347368421052631,0.8112576995972519,0.7556706273886519,0.7905641107191022,0.8112576995972519,239,241,2,468,0.4979166666666667,0.5020833333333333,0.9957446808510638,0.00425531914893617
0.0001545200648251921,False,0.7347368421052631,0.8112576995972519,0.7556706273886519,0.7905641107191022,0.8112576995972519,239,241,2,468,0.4979166666666667,0.5020833333333333,0.9957446808510638,0.00425531914893617
0.0001545200648536138,False,0.7347368421052631,0.8112576995972519,0.7556706273886519,0.7905641107191022,0.8112576995972519,239,241,2,468,0.4979166666666667,0.5020833333333333,0.9957446808510638,0.00425531914893617
0.00015959735898718463,False,0.7357894736842105,0.8119521440416962,0.7565740467964632,0.7909501849230628,0.8119521440416962,240,240,2,468,0.5,0.5,0.9957446808510638,0.00425531914893617
0.00015959735901560634,False,0.7357894736842105,0.8119521440416962,0.7565740467964632,0.7909501849230628,0.8119521440416962,240,240,2,468,0.5,0.5,0.9957446808510638,0.00425531914893617
0.00015959735904402805,False,0.7357894736842105,0.8119521440416962,0.7565740467964632,0.7909501849230628,0.8119521440416962,240,240,2,468,0.5,0.5,0.9957446808510638,0.00425531914893617
0.00016120527286034303,False,0.7368421052631579,0.8126465884861407,0.757476410442638,0.7913375474944423,0.8126465884861407,241,239,2,468,0.5020833333333333,0.4979166666666667,0.9957446808510638,0.00425531914893617
0.00016120527288876474,False,0.7368421052631579,0.8126465884861407,0.757476410442638,0.7913375474944423,0.8126465884861407,241,239,2,468,0.5020833333333333,0.4979166666666667,0.9957446808510638,0.00425531914893617
0.00016120527291718645,False,0.7368421052631579,0.8126465884861407,0.757476410442638,0.7913375474944423,0.8126465884861407,241,239,2,468,0.5020833333333333,0.4979166666666667,0.9957446808510638,0.00425531914893617
0.00016386482454322504,False,0.7378947368421053,0.8133410329305851,0.7583777276323137,0.7917262072560396,0.8133410329305851,242,238,2,468,0.5041666666666667,0.49583333333333335,0.9957446808510638,0.00425531914893617
0.00016386482457164675,False,0.7378947368421053,0.8133410329305851,0.7583777276323137,0.7917262072560396,0.8133410329305851,242,238,2,468,0.5041666666666667,0.49583333333333335,0.9957446808510638,0.00425531914893617
0.00016386482460006846,False,0.7378947368421053,0.8133410329305851,0.7583777276323137,0.7917262072560396,0.8133410329305851,242,238,2,468,0.5041666666666667,0.49583333333333335,0.9957446808510638,0.00425531914893617
0.0001673537480826326,False,0.7389473684210527,0.8140354773750297,0.7592780076417709,0.7921161730685541,0.8140354773750297,243,237,2,468,0.50625,0.49375,0.9957446808510638,0.00425531914893617
0.0001673537481110543,False,0.7389473684210527,0.8140354773750297,0.7592780076417709,0.7921161730685541,0.8140354773750297,243,237,2,468,0.50625,0.49375,0.9957446808510638,0.00425531914893617
0.000167353748139476,False,0.7389473684210527,0.8140354773750297,0.7592780076417709,0.7921161730685541,0.8140354773750297,243,237,2,468,0.50625,0.49375,0.9957446808510638,0.00425531914893617
0.00017207648485850768,False,0.74,0.814729921819474,0.7601772597187617,0.7925074538314956,0.814729921819474,244,236,2,468,0.5083333333333333,0.49166666666666664,0.9957446808510638,0.00425531914893617
0.0001720764848869294,False,0.74,0.814729921819474,0.7601772597187617,0.7925074538314956,0.814729921819474,244,236,2,468,0.5083333333333333,0.49166666666666664,0.9957446808510638,0.00425531914893617
0.0001720764849153511,False,0.74,0.814729921819474,0.7601772597187617,0.7925074538314956,0.814729921819474,244,236,2,468,0.5083333333333333,0.49166666666666664,0.9957446808510638,0.00425531914893617
0.00018187708334949093,False,0.7410526315789474,0.8154243662639185,0.7610754930828333,0.792900058484093,0.8154243662639185,245,235,2,468,0.5104166666666666,0.4895833333333333,0.9957446808510638,0.00425531914893617
0.00018187708337791264,False,0.7410526315789474,0.8154243662639185,0.7610754930828333,0.792900058484093,0.8154243662639185,245,235,2,468,0.5104166666666666,0.4895833333333333,0.9957446808510638,0.00425531914893617
0.00018187708340633435,False,0.7410526315789474,0.8154243662639185,0.7610754930828333,0.792900058484093,0.8154243662639185,245,235,2,468,0.5104166666666666,0.4895833333333333,0.9957446808510638,0.00425531914893617
0.0001837078307005413,False,0.7421052631578947,0.816118810708363,0.7619727169256528,0.7932939960061964,0.816118810708363,246,234,2,468,0.5125,0.4875,0.9957446808510638,0.00425531914893617
0.00018370783072896302,False,0.7421052631578947,0.816118810708363,0.7619727169256528,0.7932939960061964,0.816118810708363,246,234,2,468,0.5125,0.4875,0.9957446808510638,0.00425531914893617
0.00018370783075738473,False,0.7421052631578947,0.816118810708363,0.7619727169256528,0.7932939960061964,0.816118810708363,246,234,2,468,0.5125,0.4875,0.9957446808510638,0.00425531914893617
0.00018486105543047415,False,0.7431578947368421,0.8168132551528074,0.7628689404113279,0.7936892754191801,0.8168132551528074,247,233,2,468,0.5145833333333333,0.48541666666666666,0.9957446808510638,0.00425531914893617
0.00018486105545889586,False,0.7431578947368421,0.8168132551528074,0.7628689404113279,0.7936892754191801,0.8168132551528074,247,233,2,468,0.5145833333333333,0.48541666666666666,0.9957446808510638,0.00425531914893617
0.00018486105548731757,False,0.7431578947368421,0.8168132551528074,0.7628689404113279,0.7936892754191801,0.8168132551528074,247,233,2,468,0.5145833333333333,0.48541666666666666,0.9957446808510638,0.00425531914893617
0.00018500970324453192,False,0.7442105263157894,0.8175076995972518,0.7637641726767272,0.7940859057868402,0.8175076995972518,248,232,2,468,0.5166666666666667,0.48333333333333334,0.9957446808510638,0.00425531914893617
0.00018500970327295363,False,0.7442105263157894,0.8175076995972518,0.7637641726767272,0.7940859057868402,0.8175076995972518,248,232,2,468,0.5166666666666667,0.48333333333333334,0.9957446808510638,0.00425531914893617
0.00018500970330137534,False,0.7442105263157894,0.8175076995972518,0.7637641726767272,0.7940859057868402,0.8175076995972518,248,232,2,468,0.5166666666666667,0.48333333333333334,0.9957446808510638,0.00425531914893617
0.00018855962841257679,False,0.7452631578947368,0.8182021440416962,0.7646584228317984,0.7944838962162925,0.8182021440416962,249,231,2,468,0.51875,0.48125,0.9957446808510638,0.00425531914893617
0.0001885596284409985,False,0.7452631578947368,0.8182021440416962,0.7646584228317984,0.7944838962162925,0.8182021440416962,249,231,2,468,0.51875,0.48125,0.9957446808510638,0.00425531914893617
0.0001885596284694202,False,0.7452631578947368,0.8182021440416962,0.7646584228317984,0.7944838962162925,0.8182021440416962,249,231,2,468,0.51875,0.48125,0.9957446808510638,0.00425531914893617
0.00019177148348603623,False,0.7463157894736843,0.8188965884861408,0.7655516999598849,0.7948832558588657,0.8188965884861408,250,230,2,468,0.5208333333333334,0.4791666666666667,0.9957446808510638,0.00425531914893617
0.00019177148351445794,False,0.7463157894736843,0.8188965884861408,0.7655516999598849,0.7948832558588657,0.8188965884861408,250,230,2,468,0.5208333333333334,0.4791666666666667,0.9957446808510638,0.00425531914893617
0.00019177148354287965,False,0.7463157894736843,0.8188965884861408,0.7655516999598849,0.7948832558588657,0.8188965884861408,250,230,2,468,0.5208333333333334,0.4791666666666667,0.9957446808510638,0.00425531914893617
0.0001978662475892179,False,0.7473684210526316,0.8195910329305852,0.76644401311804,0.7952839939109961,0.8195910329305852,251,229,2,468,0.5229166666666667,0.47708333333333336,0.9957446808510638,0.00425531914893617
0.0001978662476176396,False,0.7473684210526316,0.8195910329305852,0.76644401311804,0.7952839939109961,0.8195910329305852,251,229,2,468,0.5229166666666667,0.47708333333333336,0.9957446808510638,0.00425531914893617
0.0001978662476460613,False,0.7473684210526316,0.8195910329305852,0.76644401311804,0.7952839939109961,0.8195910329305852,251,229,2,468,0.5229166666666667,0.47708333333333336,0.9957446808510638,0.00425531914893617
0.00020082524858366924,False,0.748421052631579,0.8202854773750295,0.7673353713373406,0.7956861196151199,0.8202854773750295,252,228,2,468,0.525,0.475,0.9957446808510638,0.00425531914893617
0.00020082524861209095,False,0.748421052631579,0.8202854773750295,0.7673353713373406,0.7956861196151199,0.8202854773750295,252,228,2,468,0.525,0.475,0.9957446808510638,0.00425531914893617
0.00020082524864051265,False,0.748421052631579,0.8202854773750295,0.7673353713373406,0.7956861196151199,0.8202854773750295,252,228,2,468,0.525,0.475,0.9957446808510638,0.00425531914893617
0.0002121760626039304,False,0.7494736842105263,0.8209799218194741,0.7688812174428924,0.7972608371813196,0.8209799218194741,253,227,2,468,0.5270833333333333,0.47291666666666665,0.9957446808510638,0.00425531914893617
0.00021217606263235211,False,0.7494736842105263,0.8209799218194741,0.7688812174428924,0.7972608371813196,0.8209799218194741,253,227,2,468,0.5270833333333333,0.47291666666666665,0.9957446808510638,0.00425531914893617
0.00021217606266077382,False,0.7494736842105263,0.8209799218194741,0.7688812174428924,0.7972608371813196,0.8209799218194741,253,227,2,468,0.5270833333333333,0.47291666666666665,0.9957446808510638,0.00425531914893617
0.00021764503614463138,False,0.7505263157894737,0.8216743662639185,0.769770011184559,0.7976642794140205,0.8216743662639185,254,226,2,468,0.5291666666666667,0.4708333333333333,0.9957446808510638,0.00425531914893617
0.00021764503617305309,False,0.7505263157894737,0.8216743662639185,0.769770011184559,0.7976642794140205,0.8216743662639185,254,226,2,468,0.5291666666666667,0.4708333333333333,0.9957446808510638,0.00425531914893617
0.0002176450362014748,False,0.7505263157894737,0.8216743662639185,0.769770011184559,0.7976642794140205,0.8216743662639185,254,226,2,468,0.5291666666666667,0.4708333333333333,0.9957446808510638,0.00425531914893617
0.00022160710065577405,False,0.751578947368421,0.822368810708363,0.7706578745612154,0.7980691288638188,0.822368810708363,255,225,2,468,0.53125,0.46875,0.9957446808510638,0.00425531914893617
0.00022160710068419576,False,0.751578947368421,0.822368810708363,0.7706578745612154,0.7980691288638188,0.822368810708363,255,225,2,468,0.53125,0.46875,0.9957446808510638,0.00425531914893617
0.00022160710071261747,False,0.751578947368421,0.822368810708363,0.7706578745612154,0.7980691288638188,0.822368810708363,255,225,2,468,0.53125,0.46875,0.9957446808510638,0.00425531914893617
0.0002242144546187319,False,0.7526315789473684,0.8230632551528073,0.7722052835639,0.7996628033887717,0.8230632551528073,256,224,2,468,0.5333333333333333,0.4666666666666667,0.9957446808510638,0.00425531914893617
0.00022421445464715362,False,0.7526315789473684,0.8230632551528073,0.7722052835639,0.7996628033887717,0.8230632551528073,256,224,2,468,0.5333333333333333,0.4666666666666667,0.9957446808510638,0.00425531914893617
0.00022421445467557533,False,0.7526315789473684,0.8230632551528073,0.7722052835639,0.7996628033887717,0.8230632551528073,256,224,2,468,0.5333333333333333,0.4666666666666667,0.9957446808510638,0.00425531914893617
0.00022707086461082326,False,0.7536842105263157,0.8237576995972518,0.7737575573336288,0.8012759511394253,0.8237576995972518,257,223,2,468,0.5354166666666667,0.46458333333333335,0.9957446808510638,0.00425531914893617
0.00022707086463924497,False,0.7536842105263157,0.8237576995972518,0.7737575573336288,0.8012759511394253,0.8237576995972518,257,223,2,468,0.5354166666666667,0.46458333333333335,0.9957446808510638,0.00425531914893617
0.00022707086466766668,False,0.7536842105263157,0.8237576995972518,0.7737575573336288,0.8012759511394253,0.8237576995972518,257,223,2,468,0.5354166666666667,0.46458333333333335,0.9957446808510638,0.00425531914893617
0.00023293653791256475,False,0.7547368421052632,0.8244521440416963,0.7746413079746413,0.8016820627931739,0.8244521440416963,258,222,2,468,0.5375,0.4625,0.9957446808510638,0.00425531914893617
0.00023293653794098645,False,0.7547368421052632,0.8244521440416963,0.7746413079746413,0.8016820627931739,0.8244521440416963,258,222,2,468,0.5375,0.4625,0.9957446808510638,0.00425531914893617
0.00023293653796940816,False,0.7547368421052632,0.8244521440416963,0.7746413079746413,0.8016820627931739,0.8244521440416963,258,222,2,468,0.5375,0.4625,0.9957446808510638,0.00425531914893617
0.00025239045496050494,False,0.7557894736842106,0.8251465884861408,0.775524158993696,0.8020896022342802,0.8251465884861408,259,221,2,468,0.5395833333333333,0.46041666666666664,0.9957446808510638,0.00425531914893617
0.00025239045498892665,False,0.7557894736842106,0.8251465884861408,0.775524158993696,0.8020896022342802,0.8251465884861408,259,221,2,468,0.5395833333333333,0.46041666666666664,0.9957446808510638,0.00425531914893617
0.00025239045501734836,False,0.7557894736842106,0.8251465884861408,0.775524158993696,0.8020896022342802,0.8251465884861408,259,221,2,468,0.5395833333333333,0.46041666666666664,0.9957446808510638,0.00425531914893617
0.00025593736788209753,False,0.7568421052631579,0.8258410329305851,0.7764061191916554,0.8024985789073419,0.8258410329305851,260,220,2,468,0.5416666666666666,0.4583333333333333,0.9957446808510638,0.00425531914893617
0.00025593736791051924,False,0.7568421052631579,0.8258410329305851,0.7764061191916554,0.8024985789073419,0.8258410329305851,260,220,2,468,0.5416666666666666,0.4583333333333333,0.9957446808510638,0.00425531914893617
0.00025593736793894095,False,0.7568421052631579,0.8258410329305851,0.7764061191916554,0.8024985789073419,0.8258410329305851,260,220,2,468,0.5416666666666666,0.4583333333333333,0.9957446808510638,0.00425531914893617
0.00026077876097474473,False,0.7578947368421053,0.8265354773750296,0.7772871973459571,0.8029090023090868,0.8265354773750296,261,219,2,468,0.54375,0.45625,0.9957446808510638,0.00425531914893617
0.00026077876100316644,False,0.7578947368421053,0.8265354773750296,0.7772871973459571,0.8029090023090868,0.8265354773750296,261,219,2,468,0.54375,0.45625,0.9957446808510638,0.00425531914893617
0.00026077876103158815,False,0.7578947368421053,0.8265354773750296,0.7772871973459571,0.8029090023090868,0.8265354773750296,261,219,2,468,0.54375,0.45625,0.9957446808510638,0.00425531914893617
0.00027077202682335155,False,0.7589473684210526,0.8272299218194741,0.7788381026042549,0.8045416901938642,0.8272299218194741,262,218,2,468,0.5458333333333333,0.45416666666666666,0.9957446808510638,0.00425531914893617
0.00027077202685177326,False,0.7589473684210526,0.8272299218194741,0.7788381026042549,0.8045416901938642,0.8272299218194741,262,218,2,468,0.5458333333333333,0.45416666666666666,0.9957446808510638,0.00425531914893617
0.00027077202688019497,False,0.7589473684210526,0.8272299218194741,0.7788381026042549,0.8045416901938642,0.8272299218194741,262,218,2,468,0.5458333333333333,0.45416666666666666,0.9957446808510638,0.00425531914893617
0.00028856104469809907,False,0.76,0.8279243662639185,0.7803940433596912,0.806194594189877,0.8279243662639185,263,217,2,468,0.5479166666666667,0.45208333333333334,0.9957446808510638,0.00425531914893617
0.0002885610447265208,False,0.76,0.8279243662639185,0.7803940433596912,0.806194594189877,0.8279243662639185,263,217,2,468,0.5479166666666667,0.45208333333333334,0.9957446808510638,0.00425531914893617
0.0002885610447549425,False,0.76,0.8279243662639185,0.7803940433596912,0.806194594189877,0.8279243662639185,263,217,2,468,0.5479166666666667,0.45208333333333334,0.9957446808510638,0.00425531914893617
0.000298310071201513,False,0.7610526315789473,0.8286188107083629,0.7812711334715735,0.8066063297556868,0.8286188107083629,264,216,2,468,0.55,0.45,0.9957446808510638,0.00425531914893617
0.0002983100712299347,False,0.7610526315789473,0.8286188107083629,0.7812711334715735,0.8066063297556868,0.8286188107083629,264,216,2,468,0.55,0.45,0.9957446808510638,0.00425531914893617
0.0002983100712583564,False,0.7610526315789473,0.8286188107083629,0.7812711334715735,0.8066063297556868,0.8286188107083629,264,216,2,468,0.55,0.45,0.9957446808510638,0.00425531914893617
0.0003035409317533322,False,0.7621052631578947,0.8293132551528074,0.7821473715430384,0.8070195328258416,0.8293132551528074,265,215,2,468,0.5520833333333334,0.4479166666666667,0.9957446808510638,0.00425531914893617
0.0003035409317817539,False,0.7621052631578947,0.8293132551528074,0.7821473715430384,0.8070195328258416,0.8293132551528074,265,215,2,468,0.5520833333333334,0.4479166666666667,0.9957446808510638,0.00425531914893617
0.0003035409318101756,False,0.7621052631578947,0.8293132551528074,0.7821473715430384,0.8070195328258416,0.8293132551528074,265,215,2,468,0.5520833333333334,0.4479166666666667,0.9957446808510638,0.00425531914893617
0.00032032851592589395,False,0.7631578947368421,0.8300076995972518,0.7830227662160435,0.8074342130344446,0.8300076995972518,266,214,2,468,0.5541666666666667,0.44583333333333336,0.9957446808510638,0.00425531914893617
0.00032032851595431566,False,0.7631578947368421,0.8300076995972518,0.7830227662160435,0.8074342130344446,0.8300076995972518,266,214,2,468,0.5541666666666667,0.44583333333333336,0.9957446808510638,0.00425531914893617
0.00032032851598273737,False,0.7631578947368421,0.8300076995972518,0.7830227662160435,0.8074342130344446,0.8300076995972518,266,214,2,468,0.5541666666666667,0.44583333333333336,0.9957446808510638,0.00425531914893617
0.0003315525536606856,False,0.7621052631578947,0.8275201374081972,0.7814138023700717,0.8057719131674332,0.8275201374081972,266,214,3,467,0.5541666666666667,0.44583333333333336,0.9936170212765958,0.006382978723404255
0.0003315525536891073,False,0.7621052631578947,0.8275201374081972,0.7814138023700717,0.8057719131674332,0.8275201374081972,266,214,3,467,0.5541666666666667,0.44583333333333336,0.9936170212765958,0.006382978723404255
0.000331552553717529,False,0.7621052631578947,0.8275201374081972,0.7814138023700717,0.8057719131674332,0.8275201374081972,266,214,3,467,0.5541666666666667,0.44583333333333336,0.9936170212765958,0.006382978723404255
0.0003422986773955472,False,0.7631578947368421,0.8282145818526416,0.7822880195618497,0.8061926011768478,0.8282145818526416,267,213,3,467,0.55625,0.44375,0.9936170212765958,0.006382978723404255
0.0003422986774239689,False,0.7631578947368421,0.8282145818526416,0.7822880195618497,0.8061926011768478,0.8282145818526416,267,213,3,467,0.55625,0.44375,0.9936170212765958,0.006382978723404255
0.0003422986774523906,False,0.7631578947368421,0.8282145818526416,0.7822880195618497,0.8061926011768478,0.8282145818526416,267,213,3,467,0.55625,0.44375,0.9936170212765958,0.006382978723404255
0.0003446112968674697,False,0.7642105263157895,0.8289090262970861,0.7838415148448492,0.8078781093940827,0.8289090262970861,268,212,3,467,0.5583333333333333,0.44166666666666665,0.9936170212765958,0.006382978723404255
0.00034461129689589143,False,0.7642105263157895,0.8289090262970861,0.7838415148448492,0.8078781093940827,0.8289090262970861,268,212,3,467,0.5583333333333333,0.44166666666666665,0.9936170212765958,0.006382978723404255
0.00034461129692431314,False,0.7642105263157895,0.8289090262970861,0.7838415148448492,0.8078781093940827,0.8289090262970861,268,212,3,467,0.5583333333333333,0.44166666666666665,0.9936170212765958,0.006382978723404255
0.00034801269063677864,False,0.7652631578947369,0.8296034707415304,0.7847133883748233,0.8083001603757375,0.8296034707415304,269,211,3,467,0.5604166666666667,0.4395833333333333,0.9936170212765958,0.006382978723404255
0.00034801269066520035,False,0.7652631578947369,0.8296034707415304,0.7847133883748233,0.8083001603757375,0.8296034707415304,269,211,3,467,0.5604166666666667,0.4395833333333333,0.9936170212765958,0.006382978723404255
0.00034801269069362206,False,0.7652631578947369,0.8296034707415304,0.7847133883748233,0.8083001603757375,0.8296034707415304,269,211,3,467,0.5604166666666667,0.4395833333333333,0.9936170212765958,0.006382978723404255
0.00036398839435491936,False,0.7663157894736842,0.8302979151859748,0.7855844532894086,0.8087236860925309,0.8302979151859748,270,210,3,467,0.5625,0.4375,0.9936170212765958,0.006382978723404255
0.0003639883943833411,False,0.7663157894736842,0.8302979151859748,0.7855844532894086,0.8087236860925309,0.8302979151859748,270,210,3,467,0.5625,0.4375,0.9936170212765958,0.006382978723404255
0.0003639883944117628,False,0.7663157894736842,0.8302979151859748,0.7855844532894086,0.8087236860925309,0.8302979151859748,270,210,3,467,0.5625,0.4375,0.9936170212765958,0.006382978723404255
0.00036958238339934724,False,0.7673684210526316,0.8309923596304193,0.7864547180932105,0.8091486967491773,0.8309923596304193,271,209,3,467,0.5645833333333333,0.4354166666666667,0.9936170212765958,0.006382978723404255
0.00036958238342776895,False,0.7673684210526316,0.8309923596304193,0.7864547180932105,0.8091486967491773,0.8309923596304193,271,209,3,467,0.5645833333333333,0.4354166666666667,0.9936170212765958,0.006382978723404255
0.00036958238345619066,False,0.7673684210526316,0.8309923596304193,0.7864547180932105,0.8091486967491773,0.8309923596304193,271,209,3,467,0.5645833333333333,0.4354166666666667,0.9936170212765958,0.006382978723404255
0.00037528813115272897,False,0.7684210526315789,0.8316868040748638,0.7873241912705385,0.8095752026050976,0.8316868040748638,272,208,3,467,0.5666666666666667,0.43333333333333335,0.9936170212765958,0.006382978723404255
0.0003752881311811507,False,0.7684210526315789,0.8316868040748638,0.7873241912705385,0.8095752026050976,0.8316868040748638,272,208,3,467,0.5666666666666667,0.43333333333333335,0.9936170212765958,0.006382978723404255
0.0003752881312095724,False,0.7684210526315789,0.8316868040748638,0.7873241912705385,0.8095752026050976,0.8316868040748638,272,208,3,467,0.5666666666666667,0.43333333333333335,0.9936170212765958,0.006382978723404255
0.00039413862393189447,False,0.7694736842105263,0.8323812485193084,0.7881928812856848,0.8100032139753889,0.8323812485193084,273,207,3,467,0.56875,0.43125,0.9936170212765958,0.006382978723404255
0.0003941386239603162,False,0.7694736842105263,0.8323812485193084,0.7881928812856848,0.8100032139753889,0.8323812485193084,273,207,3,467,0.56875,0.43125,0.9936170212765958,0.006382978723404255
0.0003941386239887379,False,0.7694736842105263,0.8323812485193084,0.7881928812856848,0.8100032139753889,0.8323812485193084,273,207,3,467,0.56875,0.43125,0.9936170212765958,0.006382978723404255
0.00039455099610563593,False,0.7705263157894737,0.8330756929637527,0.7890607965832022,0.8104327412317965,0.8330756929637527,274,206,3,467,0.5708333333333333,0.42916666666666664,0.9936170212765958,0.006382978723404255
0.00039455099613405764,False,0.7705263157894737,0.8330756929637527,0.7890607965832022,0.8104327412317965,0.8330756929637527,274,206,3,467,0.5708333333333333,0.42916666666666664,0.9936170212765958,0.006382978723404255
0.00039455099616247935,False,0.7705263157894737,0.8330756929637527,0.7890607965832022,0.8104327412317965,0.8330756929637527,274,206,3,467,0.5708333333333333,0.42916666666666664,0.9936170212765958,0.006382978723404255
0.00040583618098821717,False,0.771578947368421,0.8337701374081972,0.7906105227928091,0.8121388659896397,0.8337701374081972,275,205,3,467,0.5729166666666666,0.4270833333333333,0.9936170212765958,0.006382978723404255
0.0004058361810166389,False,0.771578947368421,0.8337701374081972,0.7906105227928091,0.8121388659896397,0.8337701374081972,275,205,3,467,0.5729166666666666,0.4270833333333333,0.9936170212765958,0.006382978723404255
0.0004058361810450606,False,0.771578947368421,0.8337701374081972,0.7906105227928091,0.8121388659896397,0.8337701374081972,275,205,3,467,0.5729166666666666,0.4270833333333333,0.9936170212765958,0.006382978723404255
0.00041802666962098556,False,0.7726315789473684,0.8344645818526416,0.7914761931014205,0.8125698264719178,0.8344645818526416,276,204,3,467,0.575,0.425,0.9936170212765958,0.006382978723404255
0.00041802666964940727,False,0.7726315789473684,0.8344645818526416,0.7914761931014205,0.8125698264719178,0.8344645818526416,276,204,3,467,0.575,0.425,0.9936170212765958,0.006382978723404255
0.000418026669677829,False,0.7726315789473684,0.8344645818526416,0.7914761931014205,0.8125698264719178,0.8344645818526416,276,204,3,467,0.575,0.425,0.9936170212765958,0.006382978723404255
0.00041831727136809604,False,0.7736842105263158,0.8351590262970859,0.7923411113603591,0.8130023247550345,0.8351590262970859,277,203,3,467,0.5770833333333333,0.42291666666666666,0.9936170212765958,0.006382978723404255
0.00041831727139651775,False,0.7736842105263158,0.8351590262970859,0.7923411113603591,0.8130023247550345,0.8351590262970859,277,203,3,467,0.5770833333333333,0.42291666666666666,0.9936170212765958,0.006382978723404255
0.00041831727142493946,False,0.7736842105263158,0.8351590262970859,0.7923411113603591,0.8130023247550345,0.8351590262970859,277,203,3,467,0.5770833333333333,0.42291666666666666,0.9936170212765958,0.006382978723404255
0.00042151319209438043,False,0.7747368421052632,0.8358534707415304,0.7932052859259381,0.8134363713723358,0.8358534707415304,278,202,3,467,0.5791666666666667,0.42083333333333334,0.9936170212765958,0.006382978723404255
0.00042151319212280214,False,0.7747368421052632,0.8358534707415304,0.7932052859259381,0.8134363713723358,0.8358534707415304,278,202,3,467,0.5791666666666667,0.42083333333333334,0.9936170212765958,0.006382978723404255
0.00042151319215122385,False,0.7747368421052632,0.8358534707415304,0.7932052859259381,0.8134363713723358,0.8358534707415304,278,202,3,467,0.5791666666666667,0.42083333333333334,0.9936170212765958,0.006382978723404255
0.00043562057541635113,False,0.7757894736842105,0.8365479151859749,0.7940687251360344,0.8138719769179774,0.8365479151859749,279,201,3,467,0.58125,0.41875,0.9936170212765958,0.006382978723404255
0.00043562057544477284,False,0.7757894736842105,0.8365479151859749,0.7940687251360344,0.8138719769179774,0.8365479151859749,279,201,3,467,0.58125,0.41875,0.9936170212765958,0.006382978723404255
0.00043562057547319455,False,0.7757894736842105,0.8365479151859749,0.7940687251360344,0.8138719769179774,0.8365479151859749,279,201,3,467,0.58125,0.41875,0.9936170212765958,0.006382978723404255
0.0004464430093946703,False,0.7768421052631579,0.8372423596304195,0.7949314373103592,0.8143091520479063,0.8372423596304195,280,200,3,467,0.5833333333333334,0.4166666666666667,0.9936170212765958,0.006382978723404255
0.000446443009423092,False,0.7768421052631579,0.8372423596304195,0.7949314373103592,0.8143091520479063,0.8372423596304195,280,200,3,467,0.5833333333333334,0.4166666666666667,0.9936170212765958,0.006382978723404255
0.0004464430094515137,False,0.7768421052631579,0.8372423596304195,0.7949314373103592,0.8143091520479063,0.8372423596304195,280,200,3,467,0.5833333333333334,0.4166666666666667,0.9936170212765958,0.006382978723404255
0.0004552833561035641,False,0.7778947368421053,0.8379368040748639,0.7957934307507281,0.8147479074808409,0.8379368040748639,281,199,3,467,0.5854166666666667,0.41458333333333336,0.9936170212765958,0.006382978723404255
0.0004552833561319858,False,0.7778947368421053,0.8379368040748639,0.7957934307507281,0.8147479074808409,0.8379368040748639,281,199,3,467,0.5854166666666667,0.41458333333333336,0.9936170212765958,0.006382978723404255
0.0004552833561604075,False,0.7778947368421053,0.8379368040748639,0.7957934307507281,0.8147479074808409,0.8379368040748639,281,199,3,467,0.5854166666666667,0.41458333333333336,0.9936170212765958,0.006382978723404255
0.00048519630215082543,False,0.7789473684210526,0.8386312485193083,0.7966547137413295,0.8151882539992591,0.8386312485193083,282,198,3,467,0.5875,0.4125,0.9936170212765958,0.006382978723404255
0.00048519630217924714,False,0.7789473684210526,0.8386312485193083,0.7966547137413295,0.8151882539992591,0.8386312485193083,282,198,3,467,0.5875,0.4125,0.9936170212765958,0.006382978723404255
0.00048519630220766885,False,0.7789473684210526,0.8386312485193083,0.7966547137413295,0.8151882539992591,0.8386312485193083,282,198,3,467,0.5875,0.4125,0.9936170212765958,0.006382978723404255
0.0004949800786278047,False,0.78,0.8393256929637527,0.7975152945489931,0.8156302024503885,0.8393256929637527,283,197,3,467,0.5895833333333333,0.41041666666666665,0.9936170212765958,0.006382978723404255
0.0004949800786562264,False,0.78,0.8393256929637527,0.7975152945489931,0.8156302024503885,0.8393256929637527,283,197,3,467,0.5895833333333333,0.41041666666666665,0.9936170212765958,0.006382978723404255
0.0004949800786846481,False,0.78,0.8393256929637527,0.7975152945489931,0.8156302024503885,0.8393256929637527,283,197,3,467,0.5895833333333333,0.41041666666666665,0.9936170212765958,0.006382978723404255
0.000505745236267785,False,0.7810526315789473,0.8400201374081971,0.7983751814234555,0.8160737637472005,0.8400201374081971,284,196,3,467,0.5916666666666667,0.4083333333333333,0.9936170212765958,0.006382978723404255
0.0005057452362962067,False,0.7810526315789473,0.8400201374081971,0.7983751814234555,0.8160737637472005,0.8400201374081971,284,196,3,467,0.5916666666666667,0.4083333333333333,0.9936170212765958,0.006382978723404255
0.0005057452363246284,False,0.7810526315789473,0.8400201374081971,0.7983751814234555,0.8160737637472005,0.8400201374081971,284,196,3,467,0.5916666666666667,0.4083333333333333,0.9936170212765958,0.006382978723404255
0.0005639743758081295,False,0.7821052631578947,0.8407145818526415,0.7992343825976276,0.8165189488694092,0.8407145818526415,285,195,3,467,0.59375,0.40625,0.9936170212765958,0.006382978723404255
0.0005639743758365512,False,0.7821052631578947,0.8407145818526415,0.7992343825976276,0.8165189488694092,0.8407145818526415,285,195,3,467,0.59375,0.40625,0.9936170212765958,0.006382978723404255
0.0005639743758649729,False,0.7821052631578947,0.8407145818526415,0.7992343825976276,0.8165189488694092,0.8407145818526415,285,195,3,467,0.59375,0.40625,0.9936170212765958,0.006382978723404255
0.000569514755596856,False,0.783157894736842,0.8414090262970859,0.8000929062878576,0.8169657688644753,0.8414090262970859,286,194,3,467,0.5958333333333333,0.4041666666666667,0.9936170212765958,0.006382978723404255
0.0005695147556252778,False,0.783157894736842,0.8414090262970859,0.8000929062878576,0.8169657688644753,0.8414090262970859,286,194,3,467,0.5958333333333333,0.4041666666666667,0.9936170212765958,0.006382978723404255
0.0005695147556536995,False,0.783157894736842,0.8414090262970859,0.8000929062878576,0.8169657688644753,0.8414090262970859,286,194,3,467,0.5958333333333333,0.4041666666666667,0.9936170212765958,0.006382978723404255
0.0005952536011761822,False,0.7842105263157895,0.8421034707415305,0.800950760694196,0.8174142348486138,0.8421034707415305,287,193,3,467,0.5979166666666667,0.40208333333333335,0.9936170212765958,0.006382978723404255
0.0005952536012046039,False,0.7842105263157895,0.8421034707415305,0.800950760694196,0.8174142348486138,0.8421034707415305,287,193,3,467,0.5979166666666667,0.40208333333333335,0.9936170212765958,0.006382978723404255
0.0005952536012330256,False,0.7842105263157895,0.8421034707415305,0.800950760694196,0.8174142348486138,0.8421034707415305,287,193,3,467,0.5979166666666667,0.40208333333333335,0.9936170212765958,0.006382978723404255
0.0006016108090705075,False,0.7852631578947369,0.842797915185975,0.8018079540006586,0.8178643580078093,0.842797915185975,288,192,3,467,0.6,0.4,0.9936170212765958,0.006382978723404255
0.0006016108090989292,False,0.7852631578947369,0.842797915185975,0.8018079540006586,0.8178643580078093,0.842797915185975,288,192,3,467,0.6,0.4,0.9936170212765958,0.006382978723404255
0.0006016108091273509,False,0.7852631578947369,0.842797915185975,0.8018079540006586,0.8178643580078093,0.842797915185975,288,192,3,467,0.6,0.4,0.9936170212765958,0.006382978723404255
0.0006209588609351613,False,0.7863157894736842,0.8434923596304195,0.8033443163167449,0.8195909722542916,0.8434923596304195,289,191,3,467,0.6020833333333333,0.39791666666666664,0.9936170212765958,0.006382978723404255
0.000620958860963583,False,0.7863157894736842,0.8434923596304195,0.8033443163167449,0.8195909722542916,0.8434923596304195,289,191,3,467,0.6020833333333333,0.39791666666666664,0.9936170212765958,0.006382978723404255
0.0006209588609920047,False,0.7863157894736842,0.8434923596304195,0.8033443163167449,0.8195909722542916,0.8434923596304195,289,191,3,467,0.6020833333333333,0.39791666666666664,0.9936170212765958,0.006382978723404255
0.0006231809965981938,False,0.7873684210526316,0.8441868040748638,0.8041994569924361,0.8200426835136936,0.8441868040748638,290,190,3,467,0.6041666666666666,0.3958333333333333,0.9936170212765958,0.006382978723404255
0.0006231809966266155,False,0.7873684210526316,0.8441868040748638,0.8041994569924361,0.8200426835136936,0.8441868040748638,290,190,3,467,0.6041666666666666,0.3958333333333333,0.9936170212765958,0.006382978723404255
0.0006231809966550372,False,0.7873684210526316,0.8441868040748638,0.8041994569924361,0.8200426835136936,0.8441868040748638,290,190,3,467,0.6041666666666666,0.3958333333333333,0.9936170212765958,0.006382978723404255
0.0006259931251122453,False,0.7884210526315789,0.8448812485193082,0.805053958314415,0.8204960753532182,0.8448812485193082,291,189,3,467,0.60625,0.39375,0.9936170212765958,0.006382978723404255
0.000625993125140667,False,0.7884210526315789,0.8448812485193082,0.805053958314415,0.8204960753532182,0.8448812485193082,291,189,3,467,0.60625,0.39375,0.9936170212765958,0.006382978723404255
0.0006259931251690887,False,0.7884210526315789,0.8448812485193082,0.805053958314415,0.8204960753532182,0.8448812485193082,291,189,3,467,0.60625,0.39375,0.9936170212765958,0.006382978723404255
0.0006261691450788476,False,0.7894736842105263,0.8455756929637527,0.8059078283921589,0.8209511591631765,0.8455756929637527,292,188,3,467,0.6083333333333333,0.39166666666666666,0.9936170212765958,0.006382978723404255
0.0006261691451072693,False,0.7894736842105263,0.8455756929637527,0.8059078283921589,0.8209511591631765,0.8455756929637527,292,188,3,467,0.6083333333333333,0.39166666666666666,0.9936170212765958,0.006382978723404255
0.000626169145135691,False,0.7894736842105263,0.8455756929637527,0.8059078283921589,0.8209511591631765,0.8455756929637527,292,188,3,467,0.6083333333333333,0.39166666666666666,0.9936170212765958,0.006382978723404255
0.0006454480462423362,False,0.7905263157894736,0.846270137408197,0.8067610753203338,0.8214079464079465,0.846270137408197,293,187,3,467,0.6104166666666667,0.38958333333333334,0.9936170212765958,0.006382978723404255
0.0006454480462707579,False,0.7905263157894736,0.846270137408197,0.8067610753203338,0.8214079464079465,0.846270137408197,293,187,3,467,0.6104166666666667,0.38958333333333334,0.9936170212765958,0.006382978723404255
0.0006454480462991796,False,0.7905263157894736,0.846270137408197,0.8067610753203338,0.8214079464079465,0.846270137408197,293,187,3,467,0.6104166666666667,0.38958333333333334,0.9936170212765958,0.006382978723404255
0.0006505643832213082,False,0.791578947368421,0.8469645818526416,0.8076137071790507,0.821866448627012,0.8469645818526416,294,186,3,467,0.6125,0.3875,0.9936170212765958,0.006382978723404255
0.0006505643832497299,False,0.791578947368421,0.8469645818526416,0.8076137071790507,0.821866448627012,0.8469645818526416,294,186,3,467,0.6125,0.3875,0.9936170212765958,0.006382978723404255
0.0006505643832781516,False,0.791578947368421,0.8469645818526416,0.8076137071790507,0.821866448627012,0.8469645818526416,294,186,3,467,0.6125,0.3875,0.9936170212765958,0.006382978723404255
0.0006749934982224204,False,0.7926315789473685,0.8476590262970861,0.8091486405540592,0.8236147200007434,0.8476590262970861,295,185,3,467,0.6145833333333334,0.3854166666666667,0.9936170212765958,0.006382978723404255
0.0006749934982508421,False,0.7926315789473685,0.8476590262970861,0.8091486405540592,0.8236147200007434,0.8476590262970861,295,185,3,467,0.6145833333333334,0.3854166666666667,0.9936170212765958,0.006382978723404255
0.0006749934982792638,False,0.7926315789473685,0.8476590262970861,0.8091486405540592,0.8236147200007434,0.8476590262970861,295,185,3,467,0.6145833333333334,0.3854166666666667,0.9936170212765958,0.006382978723404255
0.0007000642944774427,False,0.7936842105263158,0.8483534707415306,0.8099992978447079,0.8240748732333585,0.8483534707415306,296,184,3,467,0.6166666666666667,0.38333333333333336,0.9936170212765958,0.006382978723404255
0.0007000642945058644,False,0.7936842105263158,0.8483534707415306,0.8099992978447079,0.8240748732333585,0.8483534707415306,296,184,3,467,0.6166666666666667,0.38333333333333336,0.9936170212765958,0.006382978723404255
0.0007000642945342861,False,0.7936842105263158,0.8483534707415306,0.8099992978447079,0.8240748732333585,0.8483534707415306,296,184,3,467,0.6166666666666667,0.38333333333333336,0.9936170212765958,0.006382978723404255
0.0007097066263384022,False,0.7947368421052632,0.849047915185975,0.810849361443343,0.8245367655045075,0.849047915185975,297,183,3,467,0.61875,0.38125,0.9936170212765958,0.006382978723404255
0.0007097066263668239,False,0.7947368421052632,0.849047915185975,0.810849361443343,0.8245367655045075,0.849047915185975,297,183,3,467,0.61875,0.38125,0.9936170212765958,0.006382978723404255
0.0007097066263952456,False,0.7947368421052632,0.849047915185975,0.810849361443343,0.8245367655045075,0.849047915185975,297,183,3,467,0.61875,0.38125,0.9936170212765958,0.006382978723404255
0.0007247690809606411,False,0.7957894736842105,0.8497423596304193,0.8116988393610062,0.8250004085752497,0.8497423596304193,298,182,3,467,0.6208333333333333,0.37916666666666665,0.9936170212765958,0.006382978723404255
0.0007247690809890628,False,0.7957894736842105,0.8497423596304193,0.8116988393610062,0.8250004085752497,0.8497423596304193,298,182,3,467,0.6208333333333333,0.37916666666666665,0.9936170212765958,0.006382978723404255
0.0007247690810174845,False,0.7957894736842105,0.8497423596304193,0.8116988393610062,0.8250004085752497,0.8497423596304193,298,182,3,467,0.6208333333333333,0.37916666666666665,0.9936170212765958,0.006382978723404255
0.0007264466839558281,False,0.7968421052631579,0.8504368040748638,0.812547739595377,0.8254658142861414,0.8504368040748638,299,181,3,467,0.6229166666666667,0.3770833333333333,0.9936170212765958,0.006382978723404255
0.0007264466839842498,False,0.7968421052631579,0.8504368040748638,0.812547739595377,0.8254658142861414,0.8504368040748638,299,181,3,467,0.6229166666666667,0.3770833333333333,0.9936170212765958,0.006382978723404255
0.0007264466840126715,False,0.7968421052631579,0.8504368040748638,0.812547739595377,0.8254658142861414,0.8504368040748638,299,181,3,467,0.6229166666666667,0.3770833333333333,0.9936170212765958,0.006382978723404255
0.0007397026056139566,False,0.7978947368421052,0.8511312485193082,0.8133960701310246,0.8259329945583072,0.8511312485193082,300,180,3,467,0.625,0.375,0.9936170212765958,0.006382978723404255
0.0007397026056423783,False,0.7978947368421052,0.8511312485193082,0.8133960701310246,0.8259329945583072,0.8511312485193082,300,180,3,467,0.625,0.375,0.9936170212765958,0.006382978723404255
0.0007397026056708,False,0.7978947368421052,0.8511312485193082,0.8133960701310246,0.8259329945583072,0.8511312485193082,300,180,3,467,0.625,0.375,0.9936170212765958,0.006382978723404255
0.0007895852904482581,False,0.7989473684210526,0.8518256929637525,0.8142438389396588,0.8264019613945184,0.8518256929637525,301,179,3,467,0.6270833333333333,0.3729166666666667,0.9936170212765958,0.006382978723404255
0.0007895852904766798,False,0.7989473684210526,0.8518256929637525,0.8142438389396588,0.8264019613945184,0.8518256929637525,301,179,3,467,0.6270833333333333,0.3729166666666667,0.9936170212765958,0.006382978723404255
0.0007895852905051015,False,0.7989473684210526,0.8518256929637525,0.8142438389396588,0.8264019613945184,0.8518256929637525,301,179,3,467,0.6270833333333333,0.3729166666666667,0.9936170212765958,0.006382978723404255
0.0008354588062218227,False,0.8,0.8525201374081971,0.8150910539803808,0.8268727268802815,0.8525201374081971,302,178,3,467,0.6291666666666667,0.37083333333333335,0.9936170212765958,0.006382978723404255
0.0008354588062502444,False,0.8,0.8525201374081971,0.8150910539803808,0.8268727268802815,0.8525201374081971,302,178,3,467,0.6291666666666667,0.37083333333333335,0.9936170212765958,0.006382978723404255
0.0008354588062786661,False,0.8,0.8525201374081971,0.8150910539803808,0.8268727268802815,0.8525201374081971,302,178,3,467,0.6291666666666667,0.37083333333333335,0.9936170212765958,0.006382978723404255
0.000882333435555438,False,0.8010526315789473,0.8532145818526417,0.8159377231999331,0.8273453031849325,0.8532145818526417,303,177,3,467,0.63125,0.36875,0.9936170212765958,0.006382978723404255
0.0008823334355838597,False,0.8010526315789473,0.8532145818526417,0.8159377231999331,0.8273453031849325,0.8532145818526417,303,177,3,467,0.63125,0.36875,0.9936170212765958,0.006382978723404255
0.0008823334356122814,False,0.8010526315789473,0.8532145818526417,0.8159377231999331,0.8273453031849325,0.8532145818526417,303,177,3,467,0.63125,0.36875,0.9936170212765958,0.006382978723404255
0.0008962186984433629,False,0.8021052631578948,0.8539090262970861,0.8167838545329477,0.8278197025627422,0.8539090262970861,304,176,3,467,0.6333333333333333,0.36666666666666664,0.9936170212765958,0.006382978723404255
0.0008962186984717846,False,0.8021052631578948,0.8539090262970861,0.8167838545329477,0.8278197025627422,0.8539090262970861,304,176,3,467,0.6333333333333333,0.36666666666666664,0.9936170212765958,0.006382978723404255
0.0008962186985002063,False,0.8021052631578948,0.8539090262970861,0.8167838545329477,0.8278197025627422,0.8539090262970861,304,176,3,467,0.6333333333333333,0.36666666666666664,0.9936170212765958,0.006382978723404255
0.000933689589118103,False,0.8031578947368421,0.8546034707415305,0.8176294559021957,0.8282959373540284,0.8546034707415305,305,175,3,467,0.6354166666666666,0.3645833333333333,0.9936170212765958,0.006382978723404255
0.0009336895891465247,False,0.8031578947368421,0.8546034707415305,0.8176294559021957,0.8282959373540284,0.8546034707415305,305,175,3,467,0.6354166666666666,0.3645833333333333,0.9936170212765958,0.006382978723404255
0.0009336895891749464,False,0.8031578947368421,0.8546034707415305,0.8176294559021957,0.8282959373540284,0.8546034707415305,305,175,3,467,0.6354166666666666,0.3645833333333333,0.9936170212765958,0.006382978723404255
0.0009607006213343539,False,0.8042105263157895,0.8552979151859749,0.8184745352188343,0.8287740199862782,0.8552979151859749,306,174,3,467,0.6375,0.3625,0.9936170212765958,0.006382978723404255
0.0009607006213627756,False,0.8042105263157895,0.8552979151859749,0.8184745352188343,0.8287740199862782,0.8552979151859749,306,174,3,467,0.6375,0.3625,0.9936170212765958,0.006382978723404255
0.0009607006213911973,False,0.8042105263157895,0.8552979151859749,0.8184745352188343,0.8287740199862782,0.8552979151859749,306,174,3,467,0.6375,0.3625,0.9936170212765958,0.006382978723404255
0.000965288141713927,False,0.8052631578947368,0.8559923596304193,0.8193191003826543,0.82925396297528,0.8559923596304193,307,173,3,467,0.6395833333333333,0.36041666666666666,0.9936170212765958,0.006382978723404255
0.0009652881417423487,False,0.8052631578947368,0.8559923596304193,0.8193191003826543,0.82925396297528,0.8559923596304193,307,173,3,467,0.6395833333333333,0.36041666666666666,0.9936170212765958,0.006382978723404255
0.0009652881417707704,False,0.8052631578947368,0.8559923596304193,0.8193191003826543,0.82925396297528,0.8559923596304193,307,173,3,467,0.6395833333333333,0.36041666666666666,0.9936170212765958,0.006382978723404255
0.0009915668051405646,False,0.8063157894736842,0.8566868040748638,0.8201631592823263,0.8297357789262628,0.8566868040748638,308,172,3,467,0.6416666666666667,0.35833333333333334,0.9936170212765958,0.006382978723404255
0.0009915668051689863,False,0.8063157894736842,0.8566868040748638,0.8201631592823263,0.8297357789262628,0.8566868040748638,308,172,3,467,0.6416666666666667,0.35833333333333334,0.9936170212765958,0.006382978723404255
0.000991566805197408,False,0.8063157894736842,0.8566868040748638,0.8201631592823263,0.8297357789262628,0.8566868040748638,308,172,3,467,0.6416666666666667,0.35833333333333334,0.9936170212765958,0.006382978723404255
0.0010053688892810442,False,0.8073684210526316,0.8573812485193083,0.8210067197956471,0.8302194805350486,0.8573812485193083,309,171,3,467,0.64375,0.35625,0.9936170212765958,0.006382978723404255
0.0010053688893094659,False,0.8073684210526316,0.8573812485193083,0.8210067197956471,0.8302194805350486,0.8573812485193083,309,171,3,467,0.64375,0.35625,0.9936170212765958,0.006382978723404255
0.0010053688893378876,False,0.8073684210526316,0.8573812485193083,0.8210067197956471,0.8302194805350486,0.8573812485193083,309,171,3,467,0.64375,0.35625,0.9936170212765958,0.006382978723404255
0.0010411647380976774,False,0.8084210526315789,0.8580756929637529,0.822528640151591,0.8319892513530519,0.8580756929637529,310,170,3,467,0.6458333333333334,0.3541666666666667,0.9936170212765958,0.006382978723404255
0.0010411647381260991,False,0.8084210526315789,0.8580756929637529,0.822528640151591,0.8319892513530519,0.8580756929637529,310,170,3,467,0.6458333333333334,0.3541666666666667,0.9936170212765958,0.006382978723404255
0.0010411647381545208,False,0.8084210526315789,0.8580756929637529,0.822528640151591,0.8319892513530519,0.8580756929637529,310,170,3,467,0.6458333333333334,0.3541666666666667,0.9936170212765958,0.006382978723404255
0.0010534517932399012,False,0.8094736842105263,0.8587701374081972,0.8233704187272514,0.8324747861841183,0.8587701374081972,311,169,3,467,0.6479166666666667,0.35208333333333336,0.9936170212765958,0.006382978723404255
0.001053451793268323,False,0.8094736842105263,0.8587701374081972,0.8233704187272514,0.8324747861841183,0.8587701374081972,311,169,3,467,0.6479166666666667,0.35208333333333336,0.9936170212765958,0.006382978723404255
0.0010534517932967447,False,0.8094736842105263,0.8587701374081972,0.8233704187272514,0.8324747861841183,0.8587701374081972,311,169,3,467,0.6479166666666667,0.35208333333333336,0.9936170212765958,0.006382978723404255
0.0010560875525413849,False,0.8105263157894737,0.8594645818526416,0.8248967940618189,0.8342674275796073,0.8594645818526416,312,168,3,467,0.65,0.35,0.9936170212765958,0.006382978723404255
0.0010560875525698066,False,0.8105263157894737,0.8594645818526416,0.8248967940618189,0.8342674275796073,0.8594645818526416,312,168,3,467,0.65,0.35,0.9936170212765958,0.006382978723404255
0.0010560875525982283,False,0.8105263157894737,0.8594645818526416,0.8248967940618189,0.8342674275796073,0.8594645818526416,312,168,3,467,0.65,0.35,0.9936170212765958,0.006382978723404255
0.0010742208687304355,False,0.8115789473684211,0.8601590262970861,0.8257368131519466,0.8347548103691067,0.8601590262970861,313,167,3,467,0.6520833333333333,0.34791666666666665,0.9936170212765958,0.006382978723404255
0.0010742208687588573,False,0.8115789473684211,0.8601590262970861,0.8257368131519466,0.8347548103691067,0.8601590262970861,313,167,3,467,0.6520833333333333,0.34791666666666665,0.9936170212765958,0.006382978723404255
0.001074220868787279,False,0.8115789473684211,0.8601590262970861,0.8257368131519466,0.8347548103691067,0.8601590262970861,313,167,3,467,0.6520833333333333,0.34791666666666665,0.9936170212765958,0.006382978723404255
0.0011106451274542906,False,0.8126315789473684,0.8608534707415304,0.8272677366325673,0.8365707787507555,0.8608534707415304,314,166,3,467,0.6541666666666667,0.3458333333333333,0.9936170212765958,0.006382978723404255
0.0011106451274827123,False,0.8126315789473684,0.8608534707415304,0.8272677366325673,0.8365707787507555,0.8608534707415304,314,166,3,467,0.6541666666666667,0.3458333333333333,0.9936170212765958,0.006382978723404255
0.001110645127511134,False,0.8126315789473684,0.8608534707415304,0.8272677366325673,0.8365707787507555,0.8608534707415304,314,166,3,467,0.6541666666666667,0.3458333333333333,0.9936170212765958,0.006382978723404255
0.0011158467968641617,False,0.8136842105263158,0.8615479151859748,0.8281060185084953,0.8370600242745229,0.8615479151859748,315,165,3,467,0.65625,0.34375,0.9936170212765958,0.006382978723404255
0.0011158467968925834,False,0.8136842105263158,0.8615479151859748,0.8281060185084953,0.8370600242745229,0.8615479151859748,315,165,3,467,0.65625,0.34375,0.9936170212765958,0.006382978723404255
0.001115846796921005,False,0.8136842105263158,0.8615479151859748,0.8281060185084953,0.8370600242745229,0.8615479151859748,315,165,3,467,0.65625,0.34375,0.9936170212765958,0.006382978723404255
0.0011350531130744912,False,0.8147368421052632,0.8622423596304193,0.8289438478063831,0.8375512089626492,0.8622423596304193,316,164,3,467,0.6583333333333333,0.3416666666666667,0.9936170212765958,0.006382978723404255
0.001135053113102913,False,0.8147368421052632,0.8622423596304193,0.8289438478063831,0.8375512089626492,0.8622423596304193,316,164,3,467,0.6583333333333333,0.3416666666666667,0.9936170212765958,0.006382978723404255
0.0011350531131313346,False,0.8147368421052632,0.8622423596304193,0.8289438478063831,0.8375512089626492,0.8622423596304193,316,164,3,467,0.6583333333333333,0.3416666666666667,0.9936170212765958,0.006382978723404255
0.0012354890349968173,False,0.8157894736842105,0.8629368040748638,0.8297812322812322,0.8380443459590398,0.8629368040748638,317,163,3,467,0.6604166666666667,0.33958333333333335,0.9936170212765958,0.006382978723404255
0.001235489035025239,False,0.8157894736842105,0.8629368040748638,0.8297812322812322,0.8380443459590398,0.8629368040748638,317,163,3,467,0.6604166666666667,0.33958333333333335,0.9936170212765958,0.006382978723404255
0.0012354890350536607,False,0.8157894736842105,0.8629368040748638,0.8297812322812322,0.8380443459590398,0.8629368040748638,317,163,3,467,0.6604166666666667,0.33958333333333335,0.9936170212765958,0.006382978723404255
0.0013443775241910316,False,0.8168421052631579,0.8636312485193084,0.8306181796790861,0.8385394485056663,0.8636312485193084,318,162,3,467,0.6625,0.3375,0.9936170212765958,0.006382978723404255
0.0013443775242194533,False,0.8168421052631579,0.8636312485193084,0.8306181796790861,0.8385394485056663,0.8636312485193084,318,162,3,467,0.6625,0.3375,0.9936170212765958,0.006382978723404255
0.001344377524247875,False,0.8168421052631579,0.8636312485193084,0.8306181796790861,0.8385394485056663,0.8636312485193084,318,162,3,467,0.6625,0.3375,0.9936170212765958,0.006382978723404255
0.0013700854032947518,False,0.8178947368421052,0.8643256929637527,0.8314546977372671,0.8390365299437853,0.8643256929637527,319,161,3,467,0.6645833333333333,0.33541666666666664,0.9936170212765958,0.006382978723404255
0.0013700854033231735,False,0.8178947368421052,0.8643256929637527,0.8314546977372671,0.8390365299437853,0.8643256929637527,319,161,3,467,0.6645833333333333,0.33541666666666664,0.9936170212765958,0.006382978723404255
0.0013700854033515952,False,0.8178947368421052,0.8643256929637527,0.8314546977372671,0.8390365299437853,0.8643256929637527,319,161,3,467,0.6645833333333333,0.33541666666666664,0.9936170212765958,0.006382978723404255
0.0014192550442828633,False,0.8189473684210526,0.8650201374081972,0.8322907941846172,0.8395356037151703,0.8650201374081972,320,160,3,467,0.6666666666666666,0.3333333333333333,0.9936170212765958,0.006382978723404255
0.001419255044311285,False,0.8189473684210526,0.8650201374081972,0.8322907941846172,0.8395356037151703,0.8650201374081972,320,160,3,467,0.6666666666666666,0.3333333333333333,0.9936170212765958,0.006382978723404255
0.0014192550443397067,False,0.8189473684210526,0.8650201374081972,0.8322907941846172,0.8395356037151703,0.8650201374081972,320,160,3,467,0.6666666666666666,0.3333333333333333,0.9936170212765958,0.006382978723404255
0.001438151113660524,False,0.82,0.8657145818526416,0.8331264767417338,0.8400366833633545,0.8657145818526416,321,159,3,467,0.66875,0.33125,0.9936170212765958,0.006382978723404255
0.0014381511136889458,False,0.82,0.8657145818526416,0.8331264767417338,0.8400366833633545,0.8657145818526416,321,159,3,467,0.66875,0.33125,0.9936170212765958,0.006382978723404255
0.0014381511137173675,False,0.82,0.8657145818526416,0.8331264767417338,0.8400366833633545,0.8657145818526416,321,159,3,467,0.66875,0.33125,0.9936170212765958,0.006382978723404255
0.0014444605912729003,False,0.8210526315789474,0.8664090262970859,0.8339617531212093,0.8405397825348865,0.8664090262970859,322,158,3,467,0.6708333333333333,0.32916666666666666,0.9936170212765958,0.006382978723404255
0.001444460591301322,False,0.8210526315789474,0.8664090262970859,0.8339617531212093,0.8405397825348865,0.8664090262970859,322,158,3,467,0.6708333333333333,0.32916666666666666,0.9936170212765958,0.006382978723404255
0.0014444605913297437,False,0.8210526315789474,0.8664090262970859,0.8339617531212093,0.8405397825348865,0.8664090262970859,322,158,3,467,0.6708333333333333,0.32916666666666666,0.9936170212765958,0.006382978723404255
0.0015719531802176334,False,0.8221052631578948,0.8671034707415304,0.8354885794358115,0.8423791268397872,0.8671034707415304,323,157,3,467,0.6729166666666667,0.32708333333333334,0.9936170212765958,0.006382978723404255
0.0015719531802460551,False,0.8221052631578948,0.8671034707415304,0.8354885794358115,0.8423791268397872,0.8671034707415304,323,157,3,467,0.6729166666666667,0.32708333333333334,0.9936170212765958,0.006382978723404255
0.0015719531802744768,False,0.8221052631578948,0.8671034707415304,0.8354885794358115,0.8423791268397872,0.8671034707415304,323,157,3,467,0.6729166666666667,0.32708333333333334,0.9936170212765958,0.006382978723404255
0.0015749413286982872,False,0.8231578947368421,0.8677979151859749,0.8363222274095928,0.8428842015581948,0.8677979151859749,324,156,3,467,0.675,0.325,0.9936170212765958,0.006382978723404255
0.0015749413287267089,False,0.8231578947368421,0.8677979151859749,0.8363222274095928,0.8428842015581948,0.8677979151859749,324,156,3,467,0.675,0.325,0.9936170212765958,0.006382978723404255
0.0015749413287551306,False,0.8231578947368421,0.8677979151859749,0.8363222274095928,0.8428842015581948,0.8677979151859749,324,156,3,467,0.675,0.325,0.9936170212765958,0.006382978723404255
0.0015871018403856851,False,0.8242105263157895,0.8684923596304195,0.8371554891744312,0.8433913239351738,0.8684923596304195,325,155,3,467,0.6770833333333334,0.3229166666666667,0.9936170212765958,0.006382978723404255
0.0015871018404141068,False,0.8242105263157895,0.8684923596304195,0.8371554891744312,0.8433913239351738,0.8684923596304195,325,155,3,467,0.6770833333333334,0.3229166666666667,0.9936170212765958,0.006382978723404255
0.0015871018404425286,False,0.8242105263157895,0.8684923596304195,0.8371554891744312,0.8433913239351738,0.8684923596304195,325,155,3,467,0.6770833333333334,0.3229166666666667,0.9936170212765958,0.006382978723404255
0.0016229485626979567,False,0.8252631578947368,0.8691868040748639,0.837988372397744,0.8439005079275615,0.8691868040748639,326,154,3,467,0.6791666666666667,0.32083333333333336,0.9936170212765958,0.006382978723404255
0.0016229485627263784,False,0.8252631578947368,0.8691868040748639,0.837988372397744,0.8439005079275615,0.8691868040748639,326,154,3,467,0.6791666666666667,0.32083333333333336,0.9936170212765958,0.006382978723404255
0.0016229485627548002,False,0.8252631578947368,0.8691868040748639,0.837988372397744,0.8439005079275615,0.8691868040748639,326,154,3,467,0.6791666666666667,0.32083333333333336,0.9936170212765958,0.006382978723404255
0.0016238642856194474,False,0.8263157894736842,0.8698812485193083,0.8388208847400304,0.84441176760046,0.8698812485193083,327,153,3,467,0.68125,0.31875,0.9936170212765958,0.006382978723404255
0.0016238642856478691,False,0.8263157894736842,0.8698812485193083,0.8388208847400304,0.84441176760046,0.8698812485193083,327,153,3,467,0.68125,0.31875,0.9936170212765958,0.006382978723404255
0.0016238642856762908,False,0.8263157894736842,0.8698812485193083,0.8388208847400304,0.84441176760046,0.8698812485193083,327,153,3,467,0.68125,0.31875,0.9936170212765958,0.006382978723404255
0.0016501294448687531,False,0.8273684210526315,0.8705756929637527,0.8396530338551043,0.8449251171285544,0.8705756929637527,328,152,3,467,0.6833333333333333,0.31666666666666665,0.9936170212765958,0.006382978723404255
0.0016501294448971748,False,0.8273684210526315,0.8705756929637527,0.8396530338551043,0.8449251171285544,0.8705756929637527,328,152,3,467,0.6833333333333333,0.31666666666666665,0.9936170212765958,0.006382978723404255
0.0016501294449255965,False,0.8273684210526315,0.8705756929637527,0.8396530338551043,0.8449251171285544,0.8705756929637527,328,152,3,467,0.6833333333333333,0.31666666666666665,0.9936170212765958,0.006382978723404255
0.0017991943750246264,False,0.828421052631579,0.8712701374081971,0.8404848273903291,0.8454405707974487,0.8712701374081971,329,151,3,467,0.6854166666666667,0.3145833333333333,0.9936170212765958,0.006382978723404255
0.0017991943750530481,False,0.828421052631579,0.8712701374081971,0.8404848273903291,0.8454405707974487,0.8712701374081971,329,151,3,467,0.6854166666666667,0.3145833333333333,0.9936170212765958,0.006382978723404255
0.0017991943750814698,False,0.828421052631579,0.8712701374081971,0.8404848273903291,0.8454405707974487,0.8712701374081971,329,151,3,467,0.6854166666666667,0.3145833333333333,0.9936170212765958,0.006382978723404255
0.0018172035924806096,False,0.8294736842105264,0.8719645818526415,0.8420103966707146,0.8473039206229784,0.8719645818526415,330,150,3,467,0.6875,0.3125,0.9936170212765958,0.006382978723404255
0.0018172035925090313,False,0.8294736842105264,0.8719645818526415,0.8420103966707146,0.8473039206229784,0.8719645818526415,330,150,3,467,0.6875,0.3125,0.9936170212765958,0.006382978723404255
0.001817203592537453,False,0.8294736842105264,0.8719645818526415,0.8420103966707146,0.8473039206229784,0.8719645818526415,330,150,3,467,0.6875,0.3125,0.9936170212765958,0.006382978723404255
0.001901646610320995,False,0.8305263157894737,0.8726590262970859,0.8428406438311254,0.8478214386677289,0.8726590262970859,331,149,3,467,0.6895833333333333,0.3104166666666667,0.9936170212765958,0.006382978723404255
0.0019016466103494167,False,0.8305263157894737,0.8726590262970859,0.8428406438311254,0.8478214386677289,0.8726590262970859,331,149,3,467,0.6895833333333333,0.3104166666666667,0.9936170212765958,0.006382978723404255
0.0019016466103778384,False,0.8305263157894737,0.8726590262970859,0.8428406438311254,0.8478214386677289,0.8726590262970859,331,149,3,467,0.6895833333333333,0.3104166666666667,0.9936170212765958,0.006382978723404255
0.0019048288231431343,False,0.8315789473684211,0.8733534707415305,0.8436705550994233,0.8483410902476862,0.8733534707415305,332,148,3,467,0.6916666666666667,0.30833333333333335,0.9936170212765958,0.006382978723404255
0.001904828823171556,False,0.8315789473684211,0.8733534707415305,0.8436705550994233,0.8483410902476862,0.8733534707415305,332,148,3,467,0.6916666666666667,0.30833333333333335,0.9936170212765958,0.006382978723404255
0.0019048288231999777,False,0.8315789473684211,0.8733534707415305,0.8436705550994233,0.8483410902476862,0.8733534707415305,332,148,3,467,0.6916666666666667,0.30833333333333335,0.9936170212765958,0.006382978723404255
0.0019693521316810347,False,0.8326315789473684,0.874047915185975,0.8445001380834024,0.8488628899835796,0.874047915185975,333,147,3,467,0.69375,0.30625,0.9936170212765958,0.006382978723404255
0.0019693521317094564,False,0.8326315789473684,0.874047915185975,0.8445001380834024,0.8488628899835796,0.874047915185975,333,147,3,467,0.69375,0.30625,0.9936170212765958,0.006382978723404255
0.001969352131737878,False,0.8326315789473684,0.874047915185975,0.8445001380834024,0.8488628899835796,0.874047915185975,333,147,3,467,0.69375,0.30625,0.9936170212765958,0.006382978723404255
0.001981439767376969,False,0.8336842105263158,0.8747423596304195,0.8453294003854742,0.8493868526126218,0.8747423596304195,334,146,3,467,0.6958333333333333,0.30416666666666664,0.9936170212765958,0.006382978723404255
0.0019814397674053907,False,0.8336842105263158,0.8747423596304195,0.8453294003854742,0.8493868526126218,0.8747423596304195,334,146,3,467,0.6958333333333333,0.30416666666666664,0.9936170212765958,0.006382978723404255
0.0019814397674338124,False,0.8336842105263158,0.8747423596304195,0.8453294003854742,0.8493868526126218,0.8747423596304195,334,146,3,467,0.6958333333333333,0.30416666666666664,0.9936170212765958,0.006382978723404255
0.002010641619534681,False,0.8347368421052631,0.8754368040748638,0.8461583496029007,0.849912992989916,0.8754368040748638,335,145,3,467,0.6979166666666666,0.3020833333333333,0.9936170212765958,0.006382978723404255
0.0020106416195631027,False,0.8347368421052631,0.8754368040748638,0.8461583496029007,0.849912992989916,0.8754368040748638,335,145,3,467,0.6979166666666666,0.3020833333333333,0.9936170212765958,0.006382978723404255
0.0020106416195915244,False,0.8347368421052631,0.8754368040748638,0.8461583496029007,0.849912992989916,0.8754368040748638,335,145,3,467,0.6979166666666666,0.3020833333333333,0.9936170212765958,0.006382978723404255
0.0021195292938216426,False,0.8357894736842105,0.8761312485193082,0.8469869933280257,0.8504413260898777,0.8761312485193082,336,144,3,467,0.7,0.3,0.9936170212765958,0.006382978723404255
0.0021195292938500643,False,0.8357894736842105,0.8761312485193082,0.8469869933280257,0.8504413260898777,0.8761312485193082,336,144,3,467,0.7,0.3,0.9936170212765958,0.006382978723404255
0.002119529293878486,False,0.8357894736842105,0.8761312485193082,0.8469869933280257,0.8504413260898777,0.8761312485193082,336,144,3,467,0.7,0.3,0.9936170212765958,0.006382978723404255
0.0022852283436520793,False,0.8368421052631579,0.8768256929637527,0.8478153391485078,0.8509718670076727,0.8768256929637527,337,143,3,467,0.7020833333333333,0.29791666666666666,0.9936170212765958,0.006382978723404255
0.002285228343680501,False,0.8368421052631579,0.8768256929637527,0.8478153391485078,0.8509718670076727,0.8768256929637527,337,143,3,467,0.7020833333333333,0.29791666666666666,0.9936170212765958,0.006382978723404255
0.0022852283437089227,False,0.8368421052631579,0.8768256929637527,0.8478153391485078,0.8509718670076727,0.8768256929637527,337,143,3,467,0.7020833333333333,0.29791666666666666,0.9936170212765958,0.006382978723404255
0.0024073710664822556,False,0.8378947368421052,0.877520137408197,0.8493387775744909,0.8528596867894853,0.877520137408197,338,142,3,467,0.7041666666666667,0.29583333333333334,0.9936170212765958,0.006382978723404255
0.0024073710665106773,False,0.8378947368421052,0.877520137408197,0.8493387775744909,0.8528596867894853,0.877520137408197,338,142,3,467,0.7041666666666667,0.29583333333333334,0.9936170212765958,0.006382978723404255
0.002407371066539099,False,0.8378947368421052,0.877520137408197,0.8493387775744909,0.8528596867894853,0.877520137408197,338,142,3,467,0.7041666666666667,0.29583333333333334,0.9936170212765958,0.006382978723404255
0.002650005277217815,False,0.8389473684210527,0.8782145818526416,0.8501656693306453,0.8533924003030049,0.8782145818526416,339,141,3,467,0.70625,0.29375,0.9936170212765958,0.006382978723404255
0.002650005277246237,False,0.8389473684210527,0.8782145818526416,0.8501656693306453,0.8533924003030049,0.8782145818526416,339,141,3,467,0.70625,0.29375,0.9936170212765958,0.006382978723404255
0.0026500052772746585,False,0.8389473684210527,0.8782145818526416,0.8501656693306453,0.8533924003030049,0.8782145818526416,339,141,3,467,0.70625,0.29375,0.9936170212765958,0.006382978723404255
0.002881300169946144,False,0.84,0.8789090262970861,0.8516941968540506,0.8553055141690596,0.8789090262970861,340,140,3,467,0.7083333333333334,0.2916666666666667,0.9936170212765958,0.006382978723404255
0.0028813001699745655,False,0.84,0.8789090262970861,0.8516941968540506,0.8553055141690596,0.8789090262970861,340,140,3,467,0.7083333333333334,0.2916666666666667,0.9936170212765958,0.006382978723404255
0.002881300170002987,False,0.84,0.8789090262970861,0.8516941968540506,0.8553055141690596,0.8789090262970861,340,140,3,467,0.7083333333333334,0.2916666666666667,0.9936170212765958,0.006382978723404255
0.0028814673423482873,False,0.8410526315789474,0.8796034707415306,0.8525196548304947,0.8558404169377054,0.8796034707415306,341,139,3,467,0.7104166666666667,0.28958333333333336,0.9936170212765958,0.006382978723404255
0.002881467342376709,False,0.8410526315789474,0.8796034707415306,0.8525196548304947,0.8558404169377054,0.8796034707415306,341,139,3,467,0.7104166666666667,0.28958333333333336,0.9936170212765958,0.006382978723404255
0.0028814673424051307,False,0.8410526315789474,0.8796034707415306,0.8525196548304947,0.8558404169377054,0.8796034707415306,341,139,3,467,0.7104166666666667,0.28958333333333336,0.9936170212765958,0.006382978723404255
0.002927082357899735,False,0.8421052631578947,0.880297915185975,0.853344846061972,0.8563775744158201,0.880297915185975,342,138,3,467,0.7125,0.2875,0.9936170212765958,0.006382978723404255
0.002927082357928157,False,0.8421052631578947,0.880297915185975,0.853344846061972,0.8563775744158201,0.880297915185975,342,138,3,467,0.7125,0.2875,0.9936170212765958,0.006382978723404255
0.0029270823579565786,False,0.8421052631578947,0.880297915185975,0.853344846061972,0.8563775744158201,0.880297915185975,342,138,3,467,0.7125,0.2875,0.9936170212765958,0.006382978723404255
0.0032218152191205718,False,0.8431578947368421,0.8809923596304193,0.8541697780789018,0.8569170021862447,0.8809923596304193,343,137,3,467,0.7145833333333333,0.28541666666666665,0.9936170212765958,0.006382978723404255
0.0032218152191489935,False,0.8431578947368421,0.8809923596304193,0.8541697780789018,0.8569170021862447,0.8809923596304193,343,137,3,467,0.7145833333333333,0.28541666666666665,0.9936170212765958,0.006382978723404255
0.003221815219177415,False,0.8431578947368421,0.8809923596304193,0.8541697780789018,0.8569170021862447,0.8809923596304193,343,137,3,467,0.7145833333333333,0.28541666666666665,0.9936170212765958,0.006382978723404255
0.0032218624837412335,False,0.8442105263157895,0.8816868040748638,0.8549944584084219,0.8574587159601569,0.8816868040748638,344,136,3,467,0.7166666666666667,0.2833333333333333,0.9936170212765958,0.006382978723404255
0.0032218624837696552,False,0.8442105263157895,0.8816868040748638,0.8549944584084219,0.8574587159601569,0.8816868040748638,344,136,3,467,0.7166666666666667,0.2833333333333333,0.9936170212765958,0.006382978723404255
0.003221862483798077,False,0.8442105263157895,0.8816868040748638,0.8549944584084219,0.8574587159601569,0.8816868040748638,344,136,3,467,0.7166666666666667,0.2833333333333333,0.9936170212765958,0.006382978723404255
0.003301595337660501,False,0.8452631578947368,0.8823812485193082,0.8558188945746178,0.8580027315786088,0.8823812485193082,345,135,3,467,0.71875,0.28125,0.9936170212765958,0.006382978723404255
0.003301595337688923,False,0.8452631578947368,0.8823812485193082,0.8558188945746178,0.8580027315786088,0.8823812485193082,345,135,3,467,0.71875,0.28125,0.9936170212765958,0.006382978723404255
0.0033015953377173446,False,0.8452631578947368,0.8823812485193082,0.8558188945746178,0.8580027315786088,0.8823812485193082,345,135,3,467,0.71875,0.28125,0.9936170212765958,0.006382978723404255
0.0033043047878607013,False,0.8463157894736842,0.8830756929637525,0.8566430940987518,0.8585490650140833,0.8830756929637525,346,134,3,467,0.7208333333333333,0.2791666666666667,0.9936170212765958,0.006382978723404255
0.003304304787889123,False,0.8463157894736842,0.8830756929637525,0.8566430940987518,0.8585490650140833,0.8830756929637525,346,134,3,467,0.7208333333333333,0.2791666666666667,0.9936170212765958,0.006382978723404255
0.0033043047879175447,False,0.8463157894736842,0.8830756929637525,0.8566430940987518,0.8585490650140833,0.8830756929637525,346,134,3,467,0.7208333333333333,0.2791666666666667,0.9936170212765958,0.006382978723404255
0.003432944649802039,False,0.8473684210526315,0.8837701374081971,0.8574670644994926,0.8590977323720687,0.8837701374081971,347,133,3,467,0.7229166666666667,0.27708333333333335,0.9936170212765958,0.006382978723404255
0.0034329446498304605,False,0.8473684210526315,0.8837701374081971,0.8574670644994926,0.8590977323720687,0.8837701374081971,347,133,3,467,0.7229166666666667,0.27708333333333335,0.9936170212765958,0.006382978723404255
0.0034329446498588823,False,0.8473684210526315,0.8837701374081971,0.8574670644994926,0.8590977323720687,0.8837701374081971,347,133,3,467,0.7229166666666667,0.27708333333333335,0.9936170212765958,0.006382978723404255
0.0035227991174622275,False,0.848421052631579,0.8844645818526417,0.8582908132931445,0.8596487498926523,0.8844645818526417,348,132,3,467,0.725,0.275,0.9936170212765958,0.006382978723404255
0.0035227991174906492,False,0.848421052631579,0.8844645818526417,0.8582908132931445,0.8596487498926523,0.8844645818526417,348,132,3,467,0.725,0.275,0.9936170212765958,0.006382978723404255
0.003522799117519071,False,0.848421052631579,0.8844645818526417,0.8582908132931445,0.8596487498926523,0.8844645818526417,348,132,3,467,0.725,0.275,0.9936170212765958,0.006382978723404255
0.0035588815808011987,False,0.8494736842105263,0.8851590262970861,0.8591143479938754,0.860202133952134,0.8851590262970861,349,131,3,467,0.7270833333333333,0.27291666666666664,0.9936170212765958,0.006382978723404255
0.0035588815808296204,False,0.8494736842105263,0.8851590262970861,0.8591143479938754,0.860202133952134,0.8851590262970861,349,131,3,467,0.7270833333333333,0.27291666666666664,0.9936170212765958,0.006382978723404255
0.003558881580858042,False,0.8494736842105263,0.8851590262970861,0.8591143479938754,0.860202133952134,0.8851590262970861,349,131,3,467,0.7270833333333333,0.27291666666666664,0.9936170212765958,0.006382978723404255
0.003609933424712608,False,0.8505263157894737,0.8858534707415305,0.8599376761139474,0.8607579010646577,0.8858534707415305,350,130,3,467,0.7291666666666666,0.2708333333333333,0.9936170212765958,0.006382978723404255
0.0036099334247410297,False,0.8505263157894737,0.8858534707415305,0.8599376761139474,0.8607579010646577,0.8858534707415305,350,130,3,467,0.7291666666666666,0.2708333333333333,0.9936170212765958,0.006382978723404255
0.0036099334247694514,False,0.8505263157894737,0.8858534707415305,0.8599376761139474,0.8607579010646577,0.8858534707415305,350,130,3,467,0.7291666666666666,0.2708333333333333,0.9936170212765958,0.006382978723404255
0.003696612780885289,False,0.8515789473684211,0.8865479151859749,0.8607608051639453,0.8613160678838646,0.8865479151859749,351,129,3,467,0.73125,0.26875,0.9936170212765958,0.006382978723404255
0.0036966127809137106,False,0.8515789473684211,0.8865479151859749,0.8607608051639453,0.8613160678838646,0.8865479151859749,351,129,3,467,0.73125,0.26875,0.9936170212765958,0.006382978723404255
0.0036966127809421323,False,0.8515789473684211,0.8865479151859749,0.8607608051639453,0.8613160678838646,0.8865479151859749,351,129,3,467,0.73125,0.26875,0.9936170212765958,0.006382978723404255
0.0037323446012749173,False,0.8526315789473684,0.8872423596304193,0.8615837426530053,0.861876651204565,0.8872423596304193,352,128,3,467,0.7333333333333333,0.26666666666666666,0.9936170212765958,0.006382978723404255
0.003732344601303339,False,0.8526315789473684,0.8872423596304193,0.8615837426530053,0.861876651204565,0.8872423596304193,352,128,3,467,0.7333333333333333,0.26666666666666666,0.9936170212765958,0.006382978723404255
0.0037323446013317607,False,0.8526315789473684,0.8872423596304193,0.8615837426530053,0.861876651204565,0.8872423596304193,352,128,3,467,0.7333333333333333,0.26666666666666666,0.9936170212765958,0.006382978723404255
0.0038728090002848603,False,0.8536842105263158,0.8879368040748638,0.8624064960890454,0.8624396679644324,0.8879368040748638,353,127,3,467,0.7354166666666667,0.26458333333333334,0.9936170212765958,0.006382978723404255
0.003872809000313282,False,0.8536842105263158,0.8879368040748638,0.8624064960890454,0.8624396679644324,0.8879368040748638,353,127,3,467,0.7354166666666667,0.26458333333333334,0.9936170212765958,0.006382978723404255
0.0038728090003417037,False,0.8536842105263158,0.8879368040748638,0.8624064960890454,0.8624396679644324,0.8879368040748638,353,127,3,467,0.7354166666666667,0.26458333333333334,0.9936170212765958,0.006382978723404255
0.003996396437258909,False,0.8547368421052631,0.8886312485193083,0.8632290729789931,0.8630051352457168,0.8886312485193083,354,126,3,467,0.7375,0.2625,0.9936170212765958,0.006382978723404255
0.003996396437287331,False,0.8547368421052631,0.8886312485193083,0.8632290729789931,0.8630051352457168,0.8886312485193083,354,126,3,467,0.7375,0.2625,0.9936170212765958,0.006382978723404255
0.003996396437315752,False,0.8547368421052631,0.8886312485193083,0.8632290729789931,0.8630051352457168,0.8886312485193083,354,126,3,467,0.7375,0.2625,0.9936170212765958,0.006382978723404255
0.004083261825115869,False,0.8557894736842105,0.8893256929637529,0.8647481948043264,0.8649434615350127,0.8893256929637529,355,125,3,467,0.7395833333333334,0.2604166666666667,0.9936170212765958,0.006382978723404255
0.004083261825144291,False,0.8557894736842105,0.8893256929637529,0.8647481948043264,0.8649434615350127,0.8893256929637529,355,125,3,467,0.7395833333333334,0.2604166666666667,0.9936170212765958,0.006382978723404255
0.004083261825172713,False,0.8557894736842105,0.8893256929637529,0.8647481948043264,0.8649434615350127,0.8893256929637529,355,125,3,467,0.7395833333333334,0.2604166666666667,0.9936170212765958,0.006382978723404255
0.004207738675148676,False,0.8568421052631578,0.8900201374081972,0.865569508308916,0.865511352976534,0.8900201374081972,356,124,3,467,0.7416666666666667,0.25833333333333336,0.9936170212765958,0.006382978723404255
0.004207738675177097,False,0.8568421052631578,0.8900201374081972,0.865569508308916,0.865511352976534,0.8900201374081972,356,124,3,467,0.7416666666666667,0.25833333333333336,0.9936170212765958,0.006382978723404255
0.004207738675205519,False,0.8568421052631578,0.8900201374081972,0.865569508308916,0.865511352976534,0.8900201374081972,356,124,3,467,0.7416666666666667,0.25833333333333336,0.9936170212765958,0.006382978723404255
0.004233777988673637,False,0.8578947368421053,0.8907145818526416,0.8663906641875934,0.866081729907915,0.8907145818526416,357,123,3,467,0.74375,0.25625,0.9936170212765958,0.006382978723404255
0.004233777988702059,False,0.8578947368421053,0.8907145818526416,0.8663906641875934,0.866081729907915,0.8907145818526416,357,123,3,467,0.74375,0.25625,0.9936170212765958,0.006382978723404255
0.0042337779887304805,False,0.8578947368421053,0.8907145818526416,0.8663906641875934,0.866081729907915,0.8907145818526416,357,123,3,467,0.74375,0.25625,0.9936170212765958,0.006382978723404255
0.004312254954101036,False,0.8568421052631578,0.889722518360578,0.8655620648032412,0.864977101004476,0.889722518360578,357,123,4,466,0.74375,0.25625,0.9914893617021276,0.00851063829787234
0.0043122549541294575,False,0.8568421052631578,0.889722518360578,0.8655620648032412,0.864977101004476,0.889722518360578,357,123,4,466,0.74375,0.25625,0.9914893617021276,0.00851063829787234
0.004312254954157879,False,0.8568421052631578,0.889722518360578,0.8655620648032412,0.864977101004476,0.889722518360578,357,123,4,466,0.74375,0.25625,0.9914893617021276,0.00851063829787234
0.00439760275182266,False,0.8578947368421053,0.8904169628050225,0.86638276651886,0.8655533422699958,0.8904169628050225,358,122,4,466,0.7458333333333333,0.25416666666666665,0.9914893617021276,0.00851063829787234
0.004397602751851082,False,0.8578947368421053,0.8904169628050225,0.86638276651886,0.8655533422699958,0.8904169628050225,358,122,4,466,0.7458333333333333,0.25416666666666665,0.9914893617021276,0.00851063829787234
0.0043976027518795036,False,0.8578947368421053,0.8904169628050225,0.86638276651886,0.8655533422699958,0.8904169628050225,358,122,4,466,0.7458333333333333,0.25416666666666665,0.9914893617021276,0.00851063829787234
0.004545391071559379,False,0.8589473684210527,0.8911114072494669,0.8672033279932169,0.8661321002230093,0.8911114072494669,359,121,4,466,0.7479166666666667,0.2520833333333333,0.9914893617021276,0.00851063829787234
0.004545391071587801,False,0.8589473684210527,0.8911114072494669,0.8672033279932169,0.8661321002230093,0.8911114072494669,359,121,4,466,0.7479166666666667,0.2520833333333333,0.9914893617021276,0.00851063829787234
0.004545391071616223,False,0.8589473684210527,0.8911114072494669,0.8672033279932169,0.8661321002230093,0.8911114072494669,359,121,4,466,0.7479166666666667,0.2520833333333333,0.9914893617021276,0.00851063829787234
0.004652359988511989,False,0.86,0.8918058516939115,0.8687244507418446,0.8680991383046178,0.8918058516939115,360,120,4,466,0.75,0.25,0.9914893617021276,0.00851063829787234
0.004652359988540411,False,0.86,0.8918058516939115,0.8687244507418446,0.8680991383046178,0.8918058516939115,360,120,4,466,0.75,0.25,0.9914893617021276,0.00851063829787234
0.004652359988568833,False,0.86,0.8918058516939115,0.8687244507418446,0.8680991383046178,0.8918058516939115,360,120,4,466,0.75,0.25,0.9914893617021276,0.00851063829787234
0.004747621249379108,False,0.8610526315789474,0.892500296138356,0.8702521532597509,0.8700931134681725,0.892500296138356,361,119,4,466,0.7520833333333333,0.24791666666666667,0.9914893617021276,0.00851063829787234
0.00474762124940753,False,0.8610526315789474,0.892500296138356,0.8702521532597509,0.8700931134681725,0.892500296138356,361,119,4,466,0.7520833333333333,0.24791666666666667,0.9914893617021276,0.00851063829787234
0.0047476212494359515,False,0.8610526315789474,0.892500296138356,0.8702521532597509,0.8700931134681725,0.892500296138356,361,119,4,466,0.7520833333333333,0.24791666666666667,0.9914893617021276,0.00851063829787234
0.00493779545647044,False,0.8621052631578947,0.8931947405828004,0.8710704390045502,0.870674296022259,0.8931947405828004,362,118,4,466,0.7541666666666667,0.24583333333333332,0.9914893617021276,0.00851063829787234
0.004937795456498861,False,0.8621052631578947,0.8931947405828004,0.8710704390045502,0.870674296022259,0.8931947405828004,362,118,4,466,0.7541666666666667,0.24583333333333332,0.9914893617021276,0.00851063829787234
0.004937795456527283,False,0.8621052631578947,0.8931947405828004,0.8710704390045502,0.870674296022259,0.8931947405828004,362,118,4,466,0.7541666666666667,0.24583333333333332,0.9914893617021276,0.00851063829787234
0.005206324625731895,False,0.8631578947368421,0.8938891850272448,0.8718886070724031,0.871258032412383,0.8938891850272448,363,117,4,466,0.75625,0.24375,0.9914893617021276,0.00851063829787234
0.005206324625760317,False,0.8631578947368421,0.8938891850272448,0.8718886070724031,0.871258032412383,0.8938891850272448,363,117,4,466,0.75625,0.24375,0.9914893617021276,0.00851063829787234
0.0052063246257887386,False,0.8631578947368421,0.8938891850272448,0.8718886070724031,0.871258032412383,0.8938891850272448,363,117,4,466,0.75625,0.24375,0.9914893617021276,0.00851063829787234
0.005369587801368425,False,0.8642105263157894,0.8945836294716892,0.8727066649134397,0.8718443409874009,0.8945836294716892,364,116,4,466,0.7583333333333333,0.24166666666666667,0.9914893617021276,0.00851063829787234
0.005369587801396847,False,0.8642105263157894,0.8945836294716892,0.8727066649134397,0.8718443409874009,0.8945836294716892,364,116,4,466,0.7583333333333333,0.24166666666666667,0.9914893617021276,0.00851063829787234
0.0053695878014252685,False,0.8642105263157894,0.8945836294716892,0.8727066649134397,0.8718443409874009,0.8945836294716892,364,116,4,466,0.7583333333333333,0.24166666666666667,0.9914893617021276,0.00851063829787234
0.005825109779806326,False,0.8652631578947368,0.8952780739161336,0.8735246199790914,0.8724332402556336,0.8952780739161336,365,115,4,466,0.7604166666666666,0.23958333333333334,0.9914893617021276,0.00851063829787234
0.005825109779834747,False,0.8652631578947368,0.8952780739161336,0.8735246199790914,0.8724332402556336,0.8952780739161336,365,115,4,466,0.7604166666666666,0.23958333333333334,0.9914893617021276,0.00851063829787234
0.005825109779863169,False,0.8652631578947368,0.8952780739161336,0.8735246199790914,0.8724332402556336,0.8952780739161336,365,115,4,466,0.7604166666666666,0.23958333333333334,0.9914893617021276,0.00851063829787234
0.0059001264162077405,False,0.8663157894736843,0.895972518360578,0.8743424797223186,0.8730247488868178,0.895972518360578,366,114,4,466,0.7625,0.2375,0.9914893617021276,0.00851063829787234
0.005900126416236162,False,0.8663157894736843,0.895972518360578,0.8743424797223186,0.8730247488868178,0.895972518360578,366,114,4,466,0.7625,0.2375,0.9914893617021276,0.00851063829787234
0.005900126416264584,False,0.8663157894736843,0.895972518360578,0.8743424797223186,0.8730247488868178,0.895972518360578,366,114,4,466,0.7625,0.2375,0.9914893617021276,0.00851063829787234
0.006404856219859312,False,0.8673684210526316,0.8966669628050224,0.8751602515978393,0.8736188857140857,0.8966669628050224,367,113,4,466,0.7645833333333333,0.23541666666666666,0.9914893617021276,0.00851063829787234
0.0064048562198877335,False,0.8673684210526316,0.8966669628050224,0.8751602515978393,0.8736188857140857,0.8966669628050224,367,113,4,466,0.7645833333333333,0.23541666666666666,0.9914893617021276,0.00851063829787234
0.006404856219916155,False,0.8673684210526316,0.8966669628050224,0.8751602515978393,0.8736188857140857,0.8966669628050224,367,113,4,466,0.7645833333333333,0.23541666666666666,0.9914893617021276,0.00851063829787234
0.006866703741224001,False,0.868421052631579,0.8973614072494671,0.8759779430623573,0.8742156697359681,0.8973614072494671,368,112,4,466,0.7666666666666667,0.23333333333333334,0.9914893617021276,0.00851063829787234
0.006866703741252422,False,0.868421052631579,0.8973614072494671,0.8759779430623573,0.8742156697359681,0.8973614072494671,368,112,4,466,0.7666666666666667,0.23333333333333334,0.9914893617021276,0.00851063829787234
0.006866703741280844,False,0.868421052631579,0.8973614072494671,0.8759779430623573,0.8742156697359681,0.8973614072494671,368,112,4,466,0.7666666666666667,0.23333333333333334,0.9914893617021276,0.00851063829787234
0.007033868227125595,False,0.8694736842105263,0.8980558516939116,0.8767955615747919,0.8748151201184236,0.8980558516939116,369,111,4,466,0.76875,0.23125,0.9914893617021276,0.00851063829787234
0.0070338682271540165,False,0.8694736842105263,0.8980558516939116,0.8767955615747919,0.8748151201184236,0.8980558516939116,369,111,4,466,0.76875,0.23125,0.9914893617021276,0.00851063829787234
0.007033868227182438,False,0.8694736842105263,0.8980558516939116,0.8767955615747919,0.8748151201184236,0.8980558516939116,369,111,4,466,0.76875,0.23125,0.9914893617021276,0.00851063829787234
0.0077560166828050114,False,0.8705263157894737,0.8987502961383559,0.8776131145965059,0.875417256196895,0.8987502961383559,370,110,4,466,0.7708333333333334,0.22916666666666666,0.9914893617021276,0.00851063829787234
0.007756016682833433,False,0.8705263157894737,0.8987502961383559,0.8776131145965059,0.875417256196895,0.8987502961383559,370,110,4,466,0.7708333333333334,0.22916666666666666,0.9914893617021276,0.00851063829787234
0.007756016682861855,False,0.8705263157894737,0.8987502961383559,0.8776131145965059,0.875417256196895,0.8987502961383559,370,110,4,466,0.7708333333333334,0.22916666666666666,0.9914893617021276,0.00851063829787234
0.008025079034240434,False,0.871578947368421,0.8994447405828003,0.8784306095915365,0.8760220974783927,0.8994447405828003,371,109,4,466,0.7729166666666667,0.22708333333333333,0.9914893617021276,0.00851063829787234
0.008025079034268856,False,0.871578947368421,0.8994447405828003,0.8784306095915365,0.8760220974783927,0.8994447405828003,371,109,4,466,0.7729166666666667,0.22708333333333333,0.9914893617021276,0.00851063829787234
0.008025079034297278,False,0.871578947368421,0.8994447405828003,0.8784306095915365,0.8760220974783927,0.8994447405828003,371,109,4,466,0.7729166666666667,0.22708333333333333,0.9914893617021276,0.00851063829787234
0.008704604580969999,False,0.8726315789473684,0.9001391850272448,0.8792480540268229,0.8766296636436035,0.9001391850272448,372,108,4,466,0.775,0.225,0.9914893617021276,0.00851063829787234
0.00870460458099842,False,0.8726315789473684,0.9001391850272448,0.8792480540268229,0.8766296636436035,0.9001391850272448,372,108,4,466,0.775,0.225,0.9914893617021276,0.00851063829787234
0.008704604581026842,False,0.8726315789473684,0.9001391850272448,0.8792480540268229,0.8766296636436035,0.9001391850272448,372,108,4,466,0.775,0.225,0.9914893617021276,0.00851063829787234
0.008963985368581007,False,0.8736842105263158,0.9008336294716891,0.8807709034456376,0.8786505639953915,0.9008336294716891,373,107,4,466,0.7770833333333333,0.22291666666666668,0.9914893617021276,0.00851063829787234
0.008963985368609428,False,0.8736842105263158,0.9008336294716891,0.8807709034456376,0.8786505639953915,0.9008336294716891,373,107,4,466,0.7770833333333333,0.22291666666666668,0.9914893617021276,0.00851063829787234
0.00896398536863785,False,0.8736842105263158,0.9008336294716891,0.8807709034456376,0.8786505639953915,0.9008336294716891,373,107,4,466,0.7770833333333333,0.22291666666666668,0.9914893617021276,0.00851063829787234
0.009604656137497614,False,0.8747368421052631,0.9015280739161335,0.8815872795118719,0.8792608251330992,0.9015280739161335,374,106,4,466,0.7791666666666667,0.22083333333333333,0.9914893617021276,0.00851063829787234
0.009604656137526035,False,0.8747368421052631,0.9015280739161335,0.8815872795118719,0.8792608251330992,0.9015280739161335,374,106,4,466,0.7791666666666667,0.22083333333333333,0.9914893617021276,0.00851063829787234
0.009604656137554457,False,0.8747368421052631,0.9015280739161335,0.8815872795118719,0.8792608251330992,0.9015280739161335,374,106,4,466,0.7791666666666667,0.22083333333333333,0.9914893617021276,0.00851063829787234
0.009618019685120771,False,0.8757894736842106,0.9022225183605781,0.8824036235425918,0.8798738514394469,0.9022225183605781,375,105,4,466,0.78125,0.21875,0.9914893617021276,0.00851063829787234
0.009618019685149193,False,0.8757894736842106,0.9022225183605781,0.8824036235425918,0.8798738514394469,0.9022225183605781,375,105,4,466,0.78125,0.21875,0.9914893617021276,0.00851063829787234
0.009618019685177615,False,0.8757894736842106,0.9022225183605781,0.8824036235425918,0.8798738514394469,0.9022225183605781,375,105,4,466,0.78125,0.21875,0.9914893617021276,0.00851063829787234
0.009626489132614324,False,0.8768421052631579,0.9029169628050226,0.8832199429981743,0.8804896631249486,0.9029169628050226,376,104,4,466,0.7833333333333333,0.21666666666666667,0.9914893617021276,0.00851063829787234
0.009626489132642746,False,0.8768421052631579,0.9029169628050226,0.8832199429981743,0.8804896631249486,0.9029169628050226,376,104,4,466,0.7833333333333333,0.21666666666666667,0.9914893617021276,0.00851063829787234
0.009626489132671168,False,0.8768421052631579,0.9029169628050226,0.8832199429981743,0.8804896631249486,0.9029169628050226,376,104,4,466,0.7833333333333333,0.21666666666666667,0.9914893617021276,0.00851063829787234
0.010506050661177824,False,0.8778947368421053,0.9036114072494671,0.8840362453429181,0.8811082805825743,0.9036114072494671,377,103,4,466,0.7854166666666667,0.21458333333333332,0.9914893617021276,0.00851063829787234
0.010506050661206245,False,0.8778947368421053,0.9036114072494671,0.8840362453429181,0.8811082805825743,0.9036114072494671,377,103,4,466,0.7854166666666667,0.21458333333333332,0.9914893617021276,0.00851063829787234
0.010506050661234667,False,0.8778947368421053,0.9036114072494671,0.8840362453429181,0.8811082805825743,0.9036114072494671,377,103,4,466,0.7854166666666667,0.21458333333333332,0.9914893617021276,0.00851063829787234
0.010601858608396242,False,0.8789473684210526,0.9043058516939114,0.8848525380452751,0.881729724390003,0.9043058516939114,378,102,4,466,0.7875,0.2125,0.9914893617021276,0.00851063829787234
0.010601858608424664,False,0.8789473684210526,0.9043058516939114,0.8848525380452751,0.881729724390003,0.9043058516939114,378,102,4,466,0.7875,0.2125,0.9914893617021276,0.00851063829787234
0.010601858608453085,False,0.8789473684210526,0.9043058516939114,0.8848525380452751,0.881729724390003,0.9043058516939114,378,102,4,466,0.7875,0.2125,0.9914893617021276,0.00851063829787234
0.010687393136294077,False,0.88,0.9050002961383559,0.8856688285780813,0.8823540153119066,0.9050002961383559,379,101,4,466,0.7895833333333333,0.21041666666666667,0.9914893617021276,0.00851063829787234
0.010687393136322498,False,0.88,0.9050002961383559,0.8856688285780813,0.8823540153119066,0.9050002961383559,379,101,4,466,0.7895833333333333,0.21041666666666667,0.9914893617021276,0.00851063829787234
0.01068739313635092,False,0.88,0.9050002961383559,0.8856688285780813,0.8823540153119066,0.9050002961383559,379,101,4,466,0.7895833333333333,0.21041666666666667,0.9914893617021276,0.00851063829787234
0.01104424614456434,False,0.8810526315789474,0.9056947405828003,0.8871923951843379,0.8844027082058997,0.9056947405828003,380,100,4,466,0.7916666666666666,0.20833333333333334,0.9914893617021276,0.00851063829787234
0.011044246144592762,False,0.8810526315789474,0.9056947405828003,0.8871923951843379,0.8844027082058997,0.9056947405828003,380,100,4,466,0.7916666666666666,0.20833333333333334,0.9914893617021276,0.00851063829787234
0.011044246144621184,False,0.8810526315789474,0.9056947405828003,0.8871923951843379,0.8844027082058997,0.9056947405828003,380,100,4,466,0.7916666666666666,0.20833333333333334,0.9914893617021276,0.00851063829787234
0.011409929022164533,False,0.8821052631578947,0.9063891850272446,0.8880076904643173,0.8850298201009101,0.9063891850272446,381,99,4,466,0.79375,0.20625,0.9914893617021276,0.00851063829787234
0.011409929022192955,False,0.8821052631578947,0.9063891850272446,0.8880076904643173,0.8850298201009101,0.9063891850272446,381,99,4,466,0.79375,0.20625,0.9914893617021276,0.00851063829787234
0.011409929022221377,False,0.8821052631578947,0.9063891850272446,0.8880076904643173,0.8850298201009101,0.9063891850272446,381,99,4,466,0.79375,0.20625,0.9914893617021276,0.00851063829787234
0.011497484520049284,False,0.8831578947368421,0.9070836294716891,0.8888230020006423,0.8856598215760338,0.9070836294716891,382,98,4,466,0.7958333333333333,0.20416666666666666,0.9914893617021276,0.00851063829787234
0.011497484520077705,False,0.8831578947368421,0.9070836294716891,0.8888230020006423,0.8856598215760338,0.9070836294716891,382,98,4,466,0.7958333333333333,0.20416666666666666,0.9914893617021276,0.00851063829787234
0.011497484520106127,False,0.8831578947368421,0.9070836294716891,0.8888230020006423,0.8856598215760338,0.9070836294716891,382,98,4,466,0.7958333333333333,0.20416666666666666,0.9914893617021276,0.00851063829787234
0.011761159636051843,False,0.8842105263157894,0.9077780739161337,0.8896383372647015,0.8862927339671526,0.9077780739161337,383,97,4,466,0.7979166666666667,0.20208333333333334,0.9914893617021276,0.00851063829787234
0.011761159636080265,False,0.8842105263157894,0.9077780739161337,0.8896383372647015,0.8862927339671526,0.9077780739161337,383,97,4,466,0.7979166666666667,0.20208333333333334,0.9914893617021276,0.00851063829787234
0.011761159636108687,False,0.8842105263157894,0.9077780739161337,0.8896383372647015,0.8862927339671526,0.9077780739161337,383,97,4,466,0.7979166666666667,0.20208333333333334,0.9914893617021276,0.00851063829787234
0.012774309143395612,False,0.8852631578947369,0.9084725183605782,0.8904537037332879,0.8869285788066391,0.9084725183605782,384,96,4,466,0.8,0.2,0.9914893617021276,0.00851063829787234
0.012774309143424034,False,0.8852631578947369,0.9084725183605782,0.8904537037332879,0.8869285788066391,0.9084725183605782,384,96,4,466,0.8,0.2,0.9914893617021276,0.00851063829787234
0.012774309143452456,False,0.8852631578947369,0.9084725183605782,0.8904537037332879,0.8869285788066391,0.9084725183605782,384,96,4,466,0.8,0.2,0.9914893617021276,0.00851063829787234
0.013000626116962621,False,0.8863157894736842,0.9091669628050226,0.8912691088888326,0.8875673778258002,0.9091669628050226,385,95,4,466,0.8020833333333334,0.19791666666666666,0.9914893617021276,0.00851063829787234
0.013000626116991043,False,0.8863157894736842,0.9091669628050226,0.8912691088888326,0.8875673778258002,0.9091669628050226,385,95,4,466,0.8020833333333334,0.19791666666666666,0.9914893617021276,0.00851063829787234
0.013000626117019465,False,0.8863157894736842,0.9091669628050226,0.8912691088888326,0.8875673778258002,0.9091669628050226,385,95,4,466,0.8020833333333334,0.19791666666666666,0.9914893617021276,0.00851063829787234
0.013040831312508772,False,0.8873684210526316,0.909861407249467,0.8920845602196384,0.8882091529573545,0.909861407249467,386,94,4,466,0.8041666666666667,0.19583333333333333,0.9914893617021276,0.00851063829787234
0.013040831312537193,False,0.8873684210526316,0.909861407249467,0.8920845602196384,0.8882091529573545,0.909861407249467,386,94,4,466,0.8041666666666667,0.19583333333333333,0.9914893617021276,0.00851063829787234
0.013040831312565615,False,0.8873684210526316,0.909861407249467,0.8920845602196384,0.8882091529573545,0.909861407249467,386,94,4,466,0.8041666666666667,0.19583333333333333,0.9914893617021276,0.00851063829787234
0.0131895951926424,False,0.888421052631579,0.9105558516939114,0.892900065220113,0.8888539263379417,0.9105558516939114,387,93,4,466,0.80625,0.19375,0.9914893617021276,0.00851063829787234
0.013189595192670822,False,0.888421052631579,0.9105558516939114,0.892900065220113,0.8888539263379417,0.9105558516939114,387,93,4,466,0.80625,0.19375,0.9914893617021276,0.00851063829787234
0.013189595192699244,False,0.888421052631579,0.9105558516939114,0.892900065220113,0.8888539263379417,0.9105558516939114,387,93,4,466,0.80625,0.19375,0.9914893617021276,0.00851063829787234
0.013691267929942796,False,0.8894736842105263,0.9112502961383558,0.8937156313910029,0.8895017203106704,0.9112502961383558,388,92,4,466,0.8083333333333333,0.19166666666666668,0.9914893617021276,0.00851063829787234
0.013691267929971218,False,0.8894736842105263,0.9112502961383558,0.8937156313910029,0.8895017203106704,0.9112502961383558,388,92,4,466,0.8083333333333333,0.19166666666666668,0.9914893617021276,0.00851063829787234
0.01369126792999964,False,0.8894736842105263,0.9112502961383558,0.8937156313910029,0.8895017203106704,0.9112502961383558,388,92,4,466,0.8083333333333333,0.19166666666666668,0.9914893617021276,0.00851063829787234
0.013770390301914404,False,0.8905263157894737,0.9119447405828002,0.8945312662396291,0.8901525574276986,0.9119447405828002,389,91,4,466,0.8104166666666667,0.18958333333333333,0.9914893617021276,0.00851063829787234
0.013770390301942825,False,0.8905263157894737,0.9119447405828002,0.8945312662396291,0.8901525574276986,0.9119447405828002,389,91,4,466,0.8104166666666667,0.18958333333333333,0.9914893617021276,0.00851063829787234
0.013770390301971247,False,0.8905263157894737,0.9119447405828002,0.8945312662396291,0.8901525574276986,0.9119447405828002,389,91,4,466,0.8104166666666667,0.18958333333333333,0.9914893617021276,0.00851063829787234
0.014871212653787325,False,0.891578947368421,0.9126391850272447,0.895346977280122,0.8908064604528513,0.9126391850272447,390,90,4,466,0.8125,0.1875,0.9914893617021276,0.00851063829787234
0.014871212653815746,False,0.891578947368421,0.9126391850272447,0.895346977280122,0.8908064604528513,0.9126391850272447,390,90,4,466,0.8125,0.1875,0.9914893617021276,0.00851063829787234
0.014871212653844168,False,0.891578947368421,0.9126391850272447,0.895346977280122,0.8908064604528513,0.9126391850272447,390,90,4,466,0.8125,0.1875,0.9914893617021276,0.00851063829787234
0.014964534901054094,False,0.8926315789473684,0.9133336294716893,0.8961627720336575,0.8914634523642757,0.9133336294716893,391,89,4,466,0.8145833333333333,0.18541666666666667,0.9914893617021276,0.00851063829787234
0.014964534901082516,False,0.8926315789473684,0.9133336294716893,0.8961627720336575,0.8914634523642757,0.9133336294716893,391,89,4,466,0.8145833333333333,0.18541666666666667,0.9914893617021276,0.00851063829787234
0.014964534901110937,False,0.8926315789473684,0.9133336294716893,0.8961627720336575,0.8914634523642757,0.9133336294716893,391,89,4,466,0.8145833333333333,0.18541666666666667,0.9914893617021276,0.00851063829787234
0.015349925495655725,False,0.8936842105263157,0.9140280739161337,0.8969786580286937,0.892123556357133,0.9140280739161337,392,88,4,466,0.8166666666666667,0.18333333333333332,0.9914893617021276,0.00851063829787234
0.015349925495684147,False,0.8936842105263157,0.9140280739161337,0.8969786580286937,0.892123556357133,0.9140280739161337,392,88,4,466,0.8166666666666667,0.18333333333333332,0.9914893617021276,0.00851063829787234
0.015349925495712569,False,0.8936842105263157,0.9140280739161337,0.8969786580286937,0.892123556357133,0.9140280739161337,392,88,4,466,0.8166666666666667,0.18333333333333332,0.9914893617021276,0.00851063829787234
0.015527260489733408,False,0.8947368421052632,0.9147225183605782,0.8977946428012075,0.8927867958463277,0.9147225183605782,393,87,4,466,0.81875,0.18125,0.9914893617021276,0.00851063829787234
0.01552726048976183,False,0.8947368421052632,0.9147225183605782,0.8977946428012075,0.8927867958463277,0.9147225183605782,393,87,4,466,0.81875,0.18125,0.9914893617021276,0.00851063829787234
0.015527260489790251,False,0.8947368421052632,0.9147225183605782,0.8977946428012075,0.8927867958463277,0.9147225183605782,393,87,4,466,0.81875,0.18125,0.9914893617021276,0.00851063829787234
0.01630827598270912,False,0.8957894736842106,0.9154169628050225,0.8986107338949326,0.8934531944692773,0.9154169628050225,394,86,4,466,0.8208333333333333,0.17916666666666667,0.9914893617021276,0.00851063829787234
0.01630827598273754,False,0.8957894736842106,0.9154169628050225,0.8986107338949326,0.8934531944692773,0.9154169628050225,394,86,4,466,0.8208333333333333,0.17916666666666667,0.9914893617021276,0.00851063829787234
0.016308275982765963,False,0.8957894736842106,0.9154169628050225,0.8986107338949326,0.8934531944692773,0.9154169628050225,394,86,4,466,0.8208333333333333,0.17916666666666667,0.9914893617021276,0.00851063829787234
0.01760149560865898,False,0.8968421052631579,0.9161114072494669,0.8994269388615991,0.8941227760887204,0.9161114072494669,395,85,4,466,0.8229166666666666,0.17708333333333334,0.9914893617021276,0.00851063829787234
0.0176014956086874,False,0.8968421052631579,0.9161114072494669,0.8994269388615991,0.8941227760887204,0.9161114072494669,395,85,4,466,0.8229166666666666,0.17708333333333334,0.9914893617021276,0.00851063829787234
0.017601495608715823,False,0.8968421052631579,0.9161114072494669,0.8994269388615991,0.8941227760887204,0.9161114072494669,395,85,4,466,0.8229166666666666,0.17708333333333334,0.9914893617021276,0.00851063829787234
0.017871899530263136,False,0.8978947368421053,0.9168058516939114,0.90024326526117,0.8947955647955648,0.9168058516939114,396,84,4,466,0.825,0.175,0.9914893617021276,0.00851063829787234
0.017871899530291557,False,0.8978947368421053,0.9168058516939114,0.90024326526117,0.8947955647955648,0.9168058516939114,396,84,4,466,0.825,0.175,0.9914893617021276,0.00851063829787234
0.01787189953031998,False,0.8978947368421053,0.9168058516939114,0.90024326526117,0.8947955647955648,0.9168058516939114,396,84,4,466,0.825,0.175,0.9914893617021276,0.00851063829787234
0.018326073884935568,False,0.8989473684210526,0.9175002961383557,0.9010597206620838,0.8954715849117775,0.9175002961383557,397,83,4,466,0.8270833333333333,0.17291666666666666,0.9914893617021276,0.00851063829787234
0.01832607388496399,False,0.8989473684210526,0.9175002961383557,0.9010597206620838,0.8954715849117775,0.9175002961383557,397,83,4,466,0.8270833333333333,0.17291666666666666,0.9914893617021276,0.00851063829787234
0.01832607388499241,False,0.8989473684210526,0.9175002961383557,0.9010597206620838,0.8954715849117775,0.9175002961383557,397,83,4,466,0.8270833333333333,0.17291666666666666,0.9914893617021276,0.00851063829787234
0.0199413690715744,False,0.9,0.9181947405828005,0.9018763126414928,0.8961508609933154,0.9181947405828005,398,82,4,466,0.8291666666666667,0.17083333333333334,0.9914893617021276,0.00851063829787234
0.01994136907160282,False,0.9,0.9181947405828005,0.9018763126414928,0.8961508609933154,0.9181947405828005,398,82,4,466,0.8291666666666667,0.17083333333333334,0.9914893617021276,0.00851063829787234
0.019941369071631243,False,0.9,0.9181947405828005,0.9018763126414928,0.8961508609933154,0.9181947405828005,398,82,4,466,0.8291666666666667,0.17083333333333334,0.9914893617021276,0.00851063829787234
0.02040763013062019,False,0.9010526315789473,0.9188891850272448,0.9026930487855052,0.8968334178330984,0.9188891850272448,399,81,4,466,0.83125,0.16875,0.9914893617021276,0.00851063829787234
0.020407630130648613,False,0.9010526315789473,0.9188891850272448,0.9026930487855052,0.8968334178330984,0.9188891850272448,399,81,4,466,0.83125,0.16875,0.9914893617021276,0.00851063829787234
0.020407630130677035,False,0.9010526315789473,0.9188891850272448,0.9026930487855052,0.8968334178330984,0.9188891850272448,399,81,4,466,0.83125,0.16875,0.9914893617021276,0.00851063829787234
0.020625039935083578,False,0.9021052631578947,0.9195836294716893,0.9035099366894269,0.8975192804640266,0.9195836294716893,400,80,4,466,0.8333333333333334,0.16666666666666666,0.9914893617021276,0.00851063829787234
0.020625039935112,False,0.9021052631578947,0.9195836294716893,0.9035099366894269,0.8975192804640266,0.9195836294716893,400,80,4,466,0.8333333333333334,0.16666666666666666,0.9914893617021276,0.00851063829787234
0.02062503993514042,False,0.9021052631578947,0.9195836294716893,0.9035099366894269,0.8975192804640266,0.9195836294716893,400,80,4,466,0.8333333333333334,0.16666666666666666,0.9914893617021276,0.00851063829787234
0.021619891747803877,False,0.9031578947368422,0.9202780739161337,0.9043269839580037,0.8982084741620397,0.9202780739161337,401,79,4,466,0.8354166666666667,0.16458333333333333,0.9914893617021276,0.00851063829787234
0.0216198917478323,False,0.9031578947368422,0.9202780739161337,0.9043269839580037,0.8982084741620397,0.9202780739161337,401,79,4,466,0.8354166666666667,0.16458333333333333,0.9914893617021276,0.00851063829787234
0.02161989174786072,False,0.9031578947368422,0.9202780739161337,0.9043269839580037,0.8982084741620397,0.9202780739161337,401,79,4,466,0.8354166666666667,0.16458333333333333,0.9914893617021276,0.00851063829787234
0.02281125448641319,False,0.9042105263157895,0.920972518360578,0.9051441982056652,0.8989010244492229,0.920972518360578,402,78,4,466,0.8375,0.1625,0.9914893617021276,0.00851063829787234
0.022811254486441612,False,0.9042105263157895,0.920972518360578,0.9051441982056652,0.8989010244492229,0.920972518360578,402,78,4,466,0.8375,0.1625,0.9914893617021276,0.00851063829787234
0.022811254486470034,False,0.9042105263157895,0.920972518360578,0.9051441982056652,0.8989010244492229,0.920972518360578,402,78,4,466,0.8375,0.1625,0.9914893617021276,0.00851063829787234
0.023226596415014455,False,0.9052631578947369,0.9216669628050225,0.9059615870567681,0.8995969570969571,0.9216669628050225,403,77,4,466,0.8395833333333333,0.16041666666666668,0.9914893617021276,0.00851063829787234
0.023226596415042877,False,0.9052631578947369,0.9216669628050225,0.9059615870567681,0.8995969570969571,0.9216669628050225,403,77,4,466,0.8395833333333333,0.16041666666666668,0.9914893617021276,0.00851063829787234
0.0232265964150713,False,0.9052631578947369,0.9216669628050225,0.9059615870567681,0.8995969570969571,0.9216669628050225,403,77,4,466,0.8395833333333333,0.16041666666666668,0.9914893617021276,0.00851063829787234
0.02650449238714714,False,0.9063157894736842,0.9223614072494669,0.90746996996997,0.9016733406977816,0.9223614072494669,404,76,4,466,0.8416666666666667,0.15833333333333333,0.9914893617021276,0.00851063829787234
0.02650449238717556,False,0.9063157894736842,0.9223614072494669,0.90746996996997,0.9016733406977816,0.9223614072494669,404,76,4,466,0.8416666666666667,0.15833333333333333,0.9914893617021276,0.00851063829787234
0.02650449238720398,False,0.9063157894736842,0.9223614072494669,0.90746996996997,0.9016733406977816,0.9223614072494669,404,76,4,466,0.8416666666666667,0.15833333333333333,0.9914893617021276,0.00851063829787234
0.027687184512586782,False,0.9073684210526316,0.9230558516939115,0.9082866194520717,0.9023726424662734,0.9230558516939115,405,75,4,466,0.84375,0.15625,0.9914893617021276,0.00851063829787234
0.027687184512615204,False,0.9073684210526316,0.9230558516939115,0.9082866194520717,0.9023726424662734,0.9230558516939115,405,75,4,466,0.84375,0.15625,0.9914893617021276,0.00851063829787234
0.027687184512643626,False,0.9073684210526316,0.9230558516939115,0.9082866194520717,0.9023726424662734,0.9230558516939115,405,75,4,466,0.84375,0.15625,0.9914893617021276,0.00851063829787234
0.02957991324362297,False,0.9084210526315789,0.923750296138356,0.9091034619236321,0.9030753791860943,0.923750296138356,406,74,4,466,0.8458333333333333,0.15416666666666667,0.9914893617021276,0.00851063829787234
0.02957991324365139,False,0.9084210526315789,0.923750296138356,0.9091034619236321,0.9030753791860943,0.923750296138356,406,74,4,466,0.8458333333333333,0.15416666666666667,0.9914893617021276,0.00851063829787234
0.029579913243679812,False,0.9084210526315789,0.923750296138356,0.9091034619236321,0.9030753791860943,0.923750296138356,406,74,4,466,0.8458333333333333,0.15416666666666667,0.9914893617021276,0.00851063829787234
0.030853189527960012,False,0.9084210526315789,0.923750296138356,0.909172282055872,0.9029705473849757,0.923750296138356,406,74,5,465,0.8458333333333333,0.15416666666666667,0.9893617021276596,0.010638297872340425
0.030853189527988434,False,0.9084210526315789,0.923750296138356,0.909172282055872,0.9029705473849757,0.923750296138356,406,74,5,465,0.8458333333333333,0.15416666666666667,0.9893617021276596,0.010638297872340425
0.030853189528016856,False,0.9084210526315789,0.923750296138356,0.909172282055872,0.9029705473849757,0.923750296138356,406,74,5,465,0.8458333333333333,0.15416666666666667,0.9893617021276596,0.010638297872340425
0.03170461207625408,False,0.9094736842105263,0.9244447405828004,0.9099903722573274,0.9036822023968202,0.9244447405828004,407,73,5,465,0.8479166666666667,0.15208333333333332,0.9893617021276596,0.010638297872340425
0.0317046120762825,False,0.9094736842105263,0.9244447405828004,0.9099903722573274,0.9036822023968202,0.9244447405828004,407,73,5,465,0.8479166666666667,0.15208333333333332,0.9893617021276596,0.010638297872340425
0.03170461207631092,False,0.9094736842105263,0.9244447405828004,0.9099903722573274,0.9036822023968202,0.9244447405828004,407,73,5,465,0.8479166666666667,0.15208333333333332,0.9893617021276596,0.010638297872340425
0.03297367691990871,False,0.9105263157894737,0.9251391850272448,0.9108086765278126,0.9043973632253365,0.9251391850272448,408,72,5,465,0.85,0.15,0.9893617021276596,0.010638297872340425
0.032973676919937134,False,0.9105263157894737,0.9251391850272448,0.9108086765278126,0.9043973632253365,0.9251391850272448,408,72,5,465,0.85,0.15,0.9893617021276596,0.010638297872340425
0.032973676919965555,False,0.9105263157894737,0.9251391850272448,0.9108086765278126,0.9043973632253365,0.9251391850272448,408,72,5,465,0.85,0.15,0.9893617021276596,0.010638297872340425
0.03318022936579723,False,0.911578947368421,0.9258336294716892,0.9116272025490121,0.9051160572728737,0.9258336294716892,409,71,5,465,0.8520833333333333,0.14791666666666667,0.9893617021276596,0.010638297872340425
0.03318022936582565,False,0.911578947368421,0.9258336294716892,0.9116272025490121,0.9051160572728737,0.9258336294716892,409,71,5,465,0.8520833333333333,0.14791666666666667,0.9893617021276596,0.010638297872340425
0.033180229365854075,False,0.911578947368421,0.9258336294716892,0.9116272025490121,0.9051160572728737,0.9258336294716892,409,71,5,465,0.8520833333333333,0.14791666666666667,0.9893617021276596,0.010638297872340425
0.035139210522146413,False,0.9126315789473685,0.9265280739161336,0.912445958014318,0.9058383122138413,0.9265280739161336,410,70,5,465,0.8541666666666666,0.14583333333333334,0.9893617021276596,0.010638297872340425
0.035139210522174835,False,0.9126315789473685,0.9265280739161336,0.912445958014318,0.9058383122138413,0.9265280739161336,410,70,5,465,0.8541666666666666,0.14583333333333334,0.9893617021276596,0.010638297872340425
0.03513921052220326,False,0.9126315789473685,0.9265280739161336,0.912445958014318,0.9058383122138413,0.9265280739161336,410,70,5,465,0.8541666666666666,0.14583333333333334,0.9893617021276596,0.010638297872340425
0.04139471054074306,False,0.9136842105263158,0.927222518360578,0.9132649506290811,0.9065641559982606,0.927222518360578,411,69,5,465,0.85625,0.14375,0.9893617021276596,0.010638297872340425
0.041394710540771484,False,0.9136842105263158,0.927222518360578,0.9132649506290811,0.9065641559982606,0.927222518360578,411,69,5,465,0.85625,0.14375,0.9893617021276596,0.010638297872340425
0.041394710540799906,False,0.9136842105263158,0.927222518360578,0.9132649506290811,0.9065641559982606,0.927222518360578,411,69,5,465,0.85625,0.14375,0.9893617021276596,0.010638297872340425
0.04162972420451183,False,0.9126315789473685,0.9262304548685144,0.9124239594307174,0.9056417414247702,0.9262304548685144,411,69,6,464,0.85625,0.14375,0.9872340425531915,0.01276595744680851
0.04162972420454025,False,0.9126315789473685,0.9262304548685144,0.9124239594307174,0.9056417414247702,0.9262304548685144,411,69,6,464,0.85625,0.14375,0.9872340425531915,0.01276595744680851
0.041629724204568674,False,0.9126315789473685,0.9262304548685144,0.9124239594307174,0.9056417414247702,0.9262304548685144,411,69,6,464,0.85625,0.14375,0.9872340425531915,0.01276595744680851
0.04257758706805248,False,0.9136842105263158,0.926924899312959,0.9132430140467324,0.9063745742767241,0.926924899312959,412,68,6,464,0.8583333333333333,0.14166666666666666,0.9872340425531915,0.01276595744680851
0.0425775870680809,False,0.9136842105263158,0.926924899312959,0.9132430140467324,0.9063745742767241,0.926924899312959,412,68,6,464,0.8583333333333333,0.14166666666666666,0.9872340425531915,0.01276595744680851
0.042577587068109324,False,0.9136842105263158,0.926924899312959,0.9132430140467324,0.9063745742767241,0.926924899312959,412,68,6,464,0.8583333333333333,0.14166666666666666,0.9872340425531915,0.01276595744680851
0.04288348928091068,False,0.9147368421052632,0.9276193437574035,0.9140623236768713,0.9071110611453158,0.9276193437574035,413,67,6,464,0.8604166666666667,0.13958333333333334,0.9872340425531915,0.01276595744680851
0.0428834892809391,False,0.9147368421052632,0.9276193437574035,0.9140623236768713,0.9071110611453158,0.9276193437574035,413,67,6,464,0.8604166666666667,0.13958333333333334,0.9872340425531915,0.01276595744680851
0.042883489280967524,False,0.9147368421052632,0.9276193437574035,0.9140623236768713,0.9071110611453158,0.9276193437574035,413,67,6,464,0.8604166666666667,0.13958333333333334,0.9872340425531915,0.01276595744680851
0.043452605605097006,False,0.9157894736842105,0.928313788201848,0.9148818960685404,0.9078512310979279,0.928313788201848,414,66,6,464,0.8625,0.1375,0.9872340425531915,0.01276595744680851
0.04345260560512543,False,0.9157894736842105,0.928313788201848,0.9148818960685404,0.9078512310979279,0.928313788201848,414,66,6,464,0.8625,0.1375,0.9872340425531915,0.01276595744680851
0.04345260560515385,False,0.9157894736842105,0.928313788201848,0.9148818960685404,0.9078512310979279,0.928313788201848,414,66,6,464,0.8625,0.1375,0.9872340425531915,0.01276595744680851
0.04759705439207096,False,0.9168421052631579,0.9290082326462924,0.9157017389822641,0.9085951134946204,0.9290082326462924,415,65,6,464,0.8645833333333334,0.13541666666666666,0.9872340425531915,0.01276595744680851
0.04759705439209938,False,0.9168421052631579,0.9290082326462924,0.9157017389822641,0.9085951134946204,0.9290082326462924,415,65,6,464,0.8645833333333334,0.13541666666666666,0.9872340425531915,0.01276595744680851
0.0475970543921278,False,0.9168421052631579,0.9290082326462924,0.9157017389822641,0.9085951134946204,0.9290082326462924,415,65,6,464,0.8645833333333334,0.13541666666666666,0.9872340425531915,0.01276595744680851
0.05034075304862995,False,0.9178947368421052,0.9297026770907367,0.9172071284650983,0.9107040633641654,0.9297026770907367,416,64,6,464,0.8666666666666667,0.13333333333333333,0.9872340425531915,0.01276595744680851
0.05034075304865837,False,0.9178947368421052,0.9297026770907367,0.9172071284650983,0.9107040633641654,0.9297026770907367,416,64,6,464,0.8666666666666667,0.13333333333333333,0.9872340425531915,0.01276595744680851
0.05034075304868679,False,0.9178947368421052,0.9297026770907367,0.9172071284650983,0.9107040633641654,0.9297026770907367,416,64,6,464,0.8666666666666667,0.13333333333333333,0.9872340425531915,0.01276595744680851
0.05691580846902866,False,0.9189473684210526,0.9303971215351812,0.918026366684487,0.9114516346354072,0.9303971215351812,417,63,6,464,0.86875,0.13125,0.9872340425531915,0.01276595744680851
0.05691580846905708,False,0.9189473684210526,0.9303971215351812,0.918026366684487,0.9114516346354072,0.9303971215351812,417,63,6,464,0.86875,0.13125,0.9872340425531915,0.01276595744680851
0.056915808469085505,False,0.9189473684210526,0.9303971215351812,0.918026366684487,0.9114516346354072,0.9303971215351812,417,63,6,464,0.86875,0.13125,0.9872340425531915,0.01276595744680851
0.05930482596156139,False,0.92,0.9310915659796256,0.9195380713605806,0.9135904454655065,0.9310915659796256,418,62,6,464,0.8708333333333333,0.12916666666666668,0.9872340425531915,0.01276595744680851
0.05930482596158981,False,0.92,0.9310915659796256,0.9195380713605806,0.9135904454655065,0.9310915659796256,418,62,6,464,0.8708333333333333,0.12916666666666668,0.9872340425531915,0.01276595744680851
0.059304825961618235,False,0.92,0.9310915659796256,0.9195380713605806,0.9135904454655065,0.9310915659796256,418,62,6,464,0.8708333333333333,0.12916666666666668,0.9872340425531915,0.01276595744680851
0.06072886288163204,False,0.9210526315789473,0.9317860104240702,0.9203567214510443,0.9143417366946779,0.9317860104240702,419,61,6,464,0.8729166666666667,0.12708333333333333,0.9872340425531915,0.01276595744680851
0.06072886288166046,False,0.9210526315789473,0.9317860104240702,0.9203567214510443,0.9143417366946779,0.9317860104240702,419,61,6,464,0.8729166666666667,0.12708333333333333,0.9872340425531915,0.01276595744680851
0.06072886288168888,False,0.9210526315789473,0.9317860104240702,0.9203567214510443,0.9143417366946779,0.9317860104240702,419,61,6,464,0.8729166666666667,0.12708333333333333,0.9872340425531915,0.01276595744680851
0.07610595226285,False,0.9221052631578948,0.9324804548685147,0.9211756712481804,0.9150968309859154,0.9324804548685147,420,60,6,464,0.875,0.125,0.9872340425531915,0.01276595744680851
0.07610595226287842,False,0.9221052631578948,0.9324804548685147,0.9211756712481804,0.9150968309859154,0.9324804548685147,420,60,6,464,0.875,0.125,0.9872340425531915,0.01276595744680851
0.07610595226290684,False,0.9221052631578948,0.9324804548685147,0.9211756712481804,0.9150968309859154,0.9324804548685147,420,60,6,464,0.875,0.125,0.9872340425531915,0.01276595744680851
0.07629506289956112,False,0.9231578947368421,0.933174899312959,0.9226929202122145,0.9172660992985472,0.933174899312959,421,59,6,464,0.8770833333333333,0.12291666666666666,0.9872340425531915,0.01276595744680851
0.07629506289958954,False,0.9231578947368421,0.933174899312959,0.9226929202122145,0.9172660992985472,0.933174899312959,421,59,6,464,0.8770833333333333,0.12291666666666666,0.9872340425531915,0.01276595744680851
0.07629506289961796,False,0.9231578947368421,0.933174899312959,0.9226929202122145,0.9172660992985472,0.933174899312959,421,59,6,464,0.8770833333333333,0.12291666666666666,0.9872340425531915,0.01276595744680851
0.0780028700828268,False,0.9242105263157895,0.9338693437574035,0.9235113090381972,0.9180249758369046,0.9338693437574035,422,58,6,464,0.8791666666666667,0.12083333333333333,0.9872340425531915,0.01276595744680851
0.07800287008285522,False,0.9242105263157895,0.9338693437574035,0.9235113090381972,0.9180249758369046,0.9338693437574035,422,58,6,464,0.8791666666666667,0.12083333333333333,0.9872340425531915,0.01276595744680851
0.07800287008288365,False,0.9242105263157895,0.9338693437574035,0.9235113090381972,0.9180249758369046,0.9338693437574035,422,58,6,464,0.8791666666666667,0.12083333333333333,0.9872340425531915,0.01276595744680851
0.07890221476552028,False,0.9252631578947368,0.9345637882018479,0.9250350810258969,0.920225421076823,0.9345637882018479,423,57,6,464,0.88125,0.11875,0.9872340425531915,0.01276595744680851
0.0789022147655487,False,0.9252631578947368,0.9345637882018479,0.9250350810258969,0.920225421076823,0.9345637882018479,423,57,6,464,0.88125,0.11875,0.9872340425531915,0.01276595744680851
0.07890221476557713,False,0.9252631578947368,0.9345637882018479,0.9250350810258969,0.920225421076823,0.9345637882018479,423,57,6,464,0.88125,0.11875,0.9872340425531915,0.01276595744680851
0.07994996756312389,False,0.9263157894736842,0.9352582326462923,0.9258529252712441,0.9209881118128384,0.9352582326462923,424,56,6,464,0.8833333333333333,0.11666666666666667,0.9872340425531915,0.01276595744680851
0.07994996756315231,False,0.9263157894736842,0.9352582326462923,0.9258529252712441,0.9209881118128384,0.9352582326462923,424,56,6,464,0.8833333333333333,0.11666666666666667,0.9872340425531915,0.01276595744680851
0.07994996756318073,False,0.9263157894736842,0.9352582326462923,0.9258529252712441,0.9209881118128384,0.9352582326462923,424,56,6,464,0.8833333333333333,0.11666666666666667,0.9872340425531915,0.01276595744680851
0.09167660027739544,False,0.9273684210526316,0.9359526770907367,0.9266710983315379,0.9217546989517463,0.9359526770907367,425,55,6,464,0.8854166666666666,0.11458333333333333,0.9872340425531915,0.01276595744680851
0.09167660027742386,False,0.9273684210526316,0.9359526770907367,0.9266710983315379,0.9217546989517463,0.9359526770907367,425,55,6,464,0.8854166666666666,0.11458333333333333,0.9872340425531915,0.01276595744680851
0.09167660027745228,False,0.9273684210526316,0.9359526770907367,0.9266710983315379,0.9217546989517463,0.9359526770907367,425,55,6,464,0.8854166666666666,0.11458333333333333,0.9872340425531915,0.01276595744680851
0.10730042308566112,False,0.9284210526315789,0.9366471215351811,0.9274896080160969,0.9225252140011865,0.9366471215351811,426,54,6,464,0.8875,0.1125,0.9872340425531915,0.01276595744680851
0.10730042308568954,False,0.9284210526315789,0.9366471215351811,0.9274896080160969,0.9225252140011865,0.9366471215351811,426,54,6,464,0.8875,0.1125,0.9872340425531915,0.01276595744680851
0.10730042308571797,False,0.9284210526315789,0.9366471215351811,0.9274896080160969,0.9225252140011865,0.9366471215351811,426,54,6,464,0.8875,0.1125,0.9872340425531915,0.01276595744680851
0.10982403159138698,False,0.9294736842105263,0.9373415659796257,0.9283084621497095,0.9232996887944177,0.9373415659796257,427,53,6,464,0.8895833333333333,0.11041666666666666,0.9872340425531915,0.01276595744680851
0.1098240315914154,False,0.9294736842105263,0.9373415659796257,0.9283084621497095,0.9232996887944177,0.9373415659796257,427,53,6,464,0.8895833333333333,0.11041666666666666,0.9872340425531915,0.01276595744680851
0.10982403159144383,False,0.9294736842105263,0.9373415659796257,0.9283084621497095,0.9232996887944177,0.9373415659796257,427,53,6,464,0.8895833333333333,0.11041666666666666,0.9872340425531915,0.01276595744680851
0.11289446800944347,False,0.9305263157894736,0.9380360104240703,0.9291276685728995,0.9240781554947053,0.9380360104240703,428,52,6,464,0.8916666666666667,0.10833333333333334,0.9872340425531915,0.01276595744680851
0.1128944680094719,False,0.9305263157894736,0.9380360104240703,0.9291276685728995,0.9240781554947053,0.9380360104240703,428,52,6,464,0.8916666666666667,0.10833333333333334,0.9872340425531915,0.01276595744680851
0.11289446800950032,False,0.9305263157894736,0.9380360104240703,0.9291276685728995,0.9240781554947053,0.9380360104240703,428,52,6,464,0.8916666666666667,0.10833333333333334,0.9872340425531915,0.01276595744680851
0.12358582019803066,False,0.9315789473684211,0.9387304548685146,0.9306546549416451,0.9263102662548924,0.9387304548685146,429,51,6,464,0.89375,0.10625,0.9872340425531915,0.01276595744680851
0.12358582019805908,False,0.9315789473684211,0.9387304548685146,0.9306546549416451,0.9263102662548924,0.9387304548685146,429,51,6,464,0.89375,0.10625,0.9872340425531915,0.01276595744680851
0.1235858201980875,False,0.9315789473684211,0.9387304548685146,0.9306546549416451,0.9263102662548924,0.9387304548685146,429,51,6,464,0.89375,0.10625,0.9872340425531915,0.01276595744680851
0.13304600119587917,False,0.9326315789473684,0.939424899312959,0.9321892366844846,0.9285749977870864,0.939424899312959,430,50,6,464,0.8958333333333334,0.10416666666666667,0.9872340425531915,0.01276595744680851
0.1330460011959076,False,0.9326315789473684,0.939424899312959,0.9321892366844846,0.9285749977870864,0.939424899312959,430,50,6,464,0.8958333333333334,0.10416666666666667,0.9872340425531915,0.01276595744680851
0.13304600119593601,False,0.9326315789473684,0.939424899312959,0.9321892366844846,0.9285749977870864,0.939424899312959,430,50,6,464,0.8958333333333334,0.10416666666666667,0.9872340425531915,0.01276595744680851
0.13962404429909725,False,0.9336842105263158,0.9401193437574035,0.9330071142475456,0.9293573920351088,0.9401193437574035,431,49,6,464,0.8979166666666667,0.10208333333333333,0.9872340425531915,0.01276595744680851
0.13962404429912567,False,0.9336842105263158,0.9401193437574035,0.9330071142475456,0.9293573920351088,0.9401193437574035,431,49,6,464,0.8979166666666667,0.10208333333333333,0.9872340425531915,0.01276595744680851
0.1396240442991541,False,0.9336842105263158,0.9401193437574035,0.9330071142475456,0.9293573920351088,0.9401193437574035,431,49,6,464,0.8979166666666667,0.10208333333333333,0.9872340425531915,0.01276595744680851
0.15118460357186336,False,0.9347368421052632,0.9408137882018478,0.9338253653521335,0.9301438441887976,0.9408137882018478,432,48,6,464,0.9,0.1,0.9872340425531915,0.01276595744680851
0.15118460357189178,False,0.9347368421052632,0.9408137882018478,0.9338253653521335,0.9301438441887976,0.9408137882018478,432,48,6,464,0.9,0.1,0.9872340425531915,0.01276595744680851
0.1511846035719202,False,0.9347368421052632,0.9408137882018478,0.9338253653521335,0.9301438441887976,0.9408137882018478,432,48,6,464,0.9,0.1,0.9872340425531915,0.01276595744680851
0.1544232517480566,False,0.9357894736842105,0.9415082326462922,0.9346439978635127,0.9309343874223949,0.9415082326462922,433,47,6,464,0.9020833333333333,0.09791666666666667,0.9872340425531915,0.01276595744680851
0.15442325174808502,False,0.9357894736842105,0.9415082326462922,0.9346439978635127,0.9309343874223949,0.9415082326462922,433,47,6,464,0.9020833333333333,0.09791666666666667,0.9872340425531915,0.01276595744680851
0.15442325174811344,False,0.9357894736842105,0.9415082326462922,0.9346439978635127,0.9309343874223949,0.9415082326462922,433,47,6,464,0.9020833333333333,0.09791666666666667,0.9872340425531915,0.01276595744680851
0.15871955454346676,False,0.9368421052631579,0.9422026770907368,0.935463019663877,0.9317290552584669,0.9422026770907368,434,46,6,464,0.9041666666666667,0.09583333333333334,0.9872340425531915,0.01276595744680851
0.15871955454349518,False,0.9368421052631579,0.9422026770907368,0.935463019663877,0.9317290552584669,0.9422026770907368,434,46,6,464,0.9041666666666667,0.09583333333333334,0.9872340425531915,0.01276595744680851
0.1587195545435236,False,0.9368421052631579,0.9422026770907368,0.935463019663877,0.9317290552584669,0.9422026770907368,434,46,6,464,0.9041666666666667,0.09583333333333334,0.9872340425531915,0.01276595744680851
0.16209393739697475,False,0.9378947368421052,0.9428971215351813,0.9362824386526164,0.9325278815726469,0.9428971215351813,435,45,6,464,0.90625,0.09375,0.9872340425531915,0.01276595744680851
0.16209393739700317,False,0.9378947368421052,0.9428971215351813,0.9362824386526164,0.9325278815726469,0.9428971215351813,435,45,6,464,0.90625,0.09375,0.9872340425531915,0.01276595744680851
0.1620939373970316,False,0.9378947368421052,0.9428971215351813,0.9362824386526164,0.9325278815726469,0.9428971215351813,435,45,6,464,0.90625,0.09375,0.9872340425531915,0.01276595744680851
0.17689877748486538,False,0.9389473684210526,0.9435915659796258,0.9371022627465878,0.9333309005984528,0.9435915659796258,436,44,6,464,0.9083333333333333,0.09166666666666666,0.9872340425531915,0.01276595744680851
0.1768987774848938,False,0.9389473684210526,0.9435915659796258,0.9371022627465878,0.9333309005984528,0.9435915659796258,436,44,6,464,0.9083333333333333,0.09166666666666666,0.9872340425531915,0.01276595744680851
0.17689877748492222,False,0.9389473684210526,0.9435915659796258,0.9371022627465878,0.9333309005984528,0.9435915659796258,436,44,6,464,0.9083333333333333,0.09166666666666666,0.9872340425531915,0.01276595744680851
0.17897528409955044,False,0.94,0.9442860104240701,0.9379224998803858,0.9341381469321831,0.9442860104240701,437,43,6,464,0.9104166666666667,0.08958333333333333,0.9872340425531915,0.01276595744680851
0.17897528409957886,False,0.94,0.9442860104240701,0.9379224998803858,0.9341381469321831,0.9442860104240701,437,43,6,464,0.9104166666666667,0.08958333333333333,0.9872340425531915,0.01276595744680851
0.17897528409960728,False,0.94,0.9442860104240701,0.9379224998803858,0.9341381469321831,0.9442860104240701,437,43,6,464,0.9104166666666667,0.08958333333333333,0.9872340425531915,0.01276595744680851
0.17982977628705044,False,0.9410526315789474,0.9449804548685146,0.938743158006614,0.9349496555378908,0.9449804548685146,438,42,6,464,0.9125,0.0875,0.9872340425531915,0.01276595744680851
0.17982977628707886,False,0.9410526315789474,0.9449804548685146,0.938743158006614,0.9349496555378908,0.9449804548685146,438,42,6,464,0.9125,0.0875,0.9872340425531915,0.01276595744680851
0.17982977628710728,False,0.9410526315789474,0.9449804548685146,0.938743158006614,0.9349496555378908,0.9449804548685146,438,42,6,464,0.9125,0.0875,0.9872340425531915,0.01276595744680851
0.18259263038632412,False,0.9421052631578948,0.945674899312959,0.9402787852671484,0.93724735971927,0.945674899312959,439,41,6,464,0.9145833333333333,0.08541666666666667,0.9872340425531915,0.01276595744680851
0.18259263038635254,False,0.9421052631578948,0.945674899312959,0.9402787852671484,0.93724735971927,0.945674899312959,439,41,6,464,0.9145833333333333,0.08541666666666667,0.9872340425531915,0.01276595744680851
0.18259263038638096,False,0.9421052631578948,0.945674899312959,0.9402787852671484,0.93724735971927,0.945674899312959,439,41,6,464,0.9145833333333333,0.08541666666666667,0.9872340425531915,0.01276595744680851
0.1984901428222372,False,0.9431578947368421,0.9463693437574033,0.9410990536085754,0.9380631205415192,0.9463693437574033,440,40,6,464,0.9166666666666666,0.08333333333333333,0.9872340425531915,0.01276595744680851
0.19849014282226562,False,0.9431578947368421,0.9463693437574033,0.9410990536085754,0.9380631205415192,0.9463693437574033,440,40,6,464,0.9166666666666666,0.08333333333333333,0.9872340425531915,0.01276595744680851
0.19849014282229405,False,0.9431578947368421,0.9463693437574033,0.9410990536085754,0.9380631205415192,0.9463693437574033,440,40,6,464,0.9166666666666666,0.08333333333333333,0.9872340425531915,0.01276595744680851
0.21081309020516414,False,0.9442105263157895,0.9470637882018478,0.9419197615524356,0.9388832149920564,0.9470637882018478,441,39,6,464,0.91875,0.08125,0.9872340425531915,0.01276595744680851
0.21081309020519257,False,0.9442105263157895,0.9470637882018478,0.9419197615524356,0.9388832149920564,0.9470637882018478,441,39,6,464,0.91875,0.08125,0.9872340425531915,0.01276595744680851
0.210813090205221,False,0.9442105263157895,0.9470637882018478,0.9419197615524356,0.9388832149920564,0.9470637882018478,441,39,6,464,0.91875,0.08125,0.9872340425531915,0.01276595744680851
0.24249011278149624,False,0.9452631578947368,0.9477582326462923,0.9427409170955882,0.939707679166126,0.9477582326462923,442,38,6,464,0.9208333333333333,0.07916666666666666,0.9872340425531915,0.01276595744680851
0.24249011278152466,False,0.9452631578947368,0.9477582326462923,0.9427409170955882,0.939707679166126,0.9477582326462923,442,38,6,464,0.9208333333333333,0.07916666666666666,0.9872340425531915,0.01276595744680851
0.24249011278155308,False,0.9452631578947368,0.9477582326462923,0.9427409170955882,0.939707679166126,0.9477582326462923,442,38,6,464,0.9208333333333333,0.07916666666666666,0.9872340425531915,0.01276595744680851
0.24628341197964687,False,0.9463157894736842,0.9484526770907369,0.9435625282540662,0.9405365495474663,0.9484526770907369,443,37,6,464,0.9229166666666667,0.07708333333333334,0.9872340425531915,0.01276595744680851
0.2462834119796753,False,0.9463157894736842,0.9484526770907369,0.9435625282540662,0.9405365495474663,0.9484526770907369,443,37,6,464,0.9229166666666667,0.07708333333333334,0.9872340425531915,0.01276595744680851
0.24628341197970371,False,0.9463157894736842,0.9484526770907369,0.9435625282540662,0.9405365495474663,0.9484526770907369,443,37,6,464,0.9229166666666667,0.07708333333333334,0.9872340425531915,0.01276595744680851
0.2718524038791372,False,0.9452631578947368,0.9459651149016821,0.941898311036491,0.9396398698674208,0.9459651149016821,443,37,7,463,0.9229166666666667,0.07708333333333334,0.9851063829787234,0.014893617021276596
0.27185240387916565,False,0.9452631578947368,0.9459651149016821,0.941898311036491,0.9396398698674208,0.9459651149016821,443,37,7,463,0.9229166666666667,0.07708333333333334,0.9851063829787234,0.014893617021276596
0.27185240387919407,False,0.9452631578947368,0.9459651149016821,0.941898311036491,0.9396398698674208,0.9459651149016821,443,37,7,463,0.9229166666666667,0.07708333333333334,0.9851063829787234,0.014893617021276596
0.27409252524373073,False,0.9463157894736842,0.9466595593461266,0.9427203502065056,0.9404747818783554,0.9466595593461266,444,36,7,463,0.925,0.075,0.9851063829787234,0.014893617021276596
0.27409252524375916,False,0.9463157894736842,0.9466595593461266,0.9427203502065056,0.9404747818783554,0.9466595593461266,444,36,7,463,0.925,0.075,0.9851063829787234,0.014893617021276596
0.2740925252437876,False,0.9463157894736842,0.9466595593461266,0.9427203502065056,0.9404747818783554,0.9466595593461266,444,36,7,463,0.925,0.075,0.9851063829787234,0.014893617021276596
0.2972406148910238,False,0.9473684210526315,0.9473540037905709,0.9435428620234206,0.9413141672750708,0.9473540037905709,445,35,7,463,0.9270833333333334,0.07291666666666667,0.9851063829787234,0.014893617021276596
0.29724061489105225,False,0.9473684210526315,0.9473540037905709,0.9435428620234206,0.9413141672750708,0.9473540037905709,445,35,7,463,0.9270833333333334,0.07291666666666667,0.9851063829787234,0.014893617021276596
0.29724061489108067,False,0.9473684210526315,0.9473540037905709,0.9435428620234206,0.9413141672750708,0.9473540037905709,445,35,7,463,0.9270833333333334,0.07291666666666667,0.9851063829787234,0.014893617021276596
0.32912606000897426,False,0.9484210526315789,0.9480484482350154,0.9450808216876355,0.9436634973407368,0.9480484482350154,446,34,7,463,0.9291666666666667,0.07083333333333333,0.9851063829787234,0.014893617021276596
0.3291260600090027,False,0.9484210526315789,0.9480484482350154,0.9450808216876355,0.9436634973407368,0.9480484482350154,446,34,7,463,0.9291666666666667,0.07083333333333333,0.9851063829787234,0.014893617021276596
0.3291260600090311,False,0.9484210526315789,0.9480484482350154,0.9450808216876355,0.9436634973407368,0.9480484482350154,446,34,7,463,0.9291666666666667,0.07083333333333333,0.9851063829787234,0.014893617021276596
0.3426145613193228,False,0.9494736842105264,0.9487428926794599,0.9459030147120485,0.9445073436494721,0.9487428926794599,447,33,7,463,0.93125,0.06875,0.9851063829787234,0.014893617021276596
0.3426145613193512,False,0.9494736842105264,0.9487428926794599,0.9459030147120485,0.9445073436494721,0.9487428926794599,447,33,7,463,0.93125,0.06875,0.9851063829787234,0.014893617021276596
0.3426145613193796,False,0.9494736842105264,0.9487428926794599,0.9459030147120485,0.9445073436494721,0.9487428926794599,447,33,7,463,0.93125,0.06875,0.9851063829787234,0.014893617021276596
0.35075187683102627,False,0.9505263157894737,0.9494373371239043,0.9467256991078239,0.9453557395400954,0.9494373371239043,448,32,7,463,0.9333333333333333,0.06666666666666667,0.9851063829787234,0.014893617021276596
0.3507518768310547,False,0.9505263157894737,0.9494373371239043,0.9467256991078239,0.9453557395400954,0.9494373371239043,448,32,7,463,0.9333333333333333,0.06666666666666667,0.9851063829787234,0.014893617021276596
0.3507518768310831,False,0.9505263157894737,0.9494373371239043,0.9467256991078239,0.9453557395400954,0.9494373371239043,448,32,7,463,0.9333333333333333,0.06666666666666667,0.9851063829787234,0.014893617021276596
0.3514786064624502,False,0.9494736842105264,0.9484452736318408,0.9458801521090948,0.9445543683770831,0.9484452736318408,448,32,8,462,0.9333333333333333,0.06666666666666667,0.9829787234042553,0.01702127659574468
0.35147860646247864,False,0.9494736842105264,0.9484452736318408,0.9458801521090948,0.9445543683770831,0.9484452736318408,448,32,8,462,0.9333333333333333,0.06666666666666667,0.9829787234042553,0.01702127659574468
0.35147860646250706,False,0.9494736842105264,0.9484452736318408,0.9458801521090948,0.9445543683770831,0.9484452736318408,448,32,8,462,0.9333333333333333,0.06666666666666667,0.9829787234042553,0.01702127659574468
0.3659531176089956,False,0.9505263157894737,0.9491397180762853,0.9474244455338754,0.9469405224101334,0.9491397180762853,449,31,8,462,0.9354166666666667,0.06458333333333334,0.9829787234042553,0.01702127659574468
0.36595311760902405,False,0.9505263157894737,0.9491397180762853,0.9474244455338754,0.9469405224101334,0.9491397180762853,449,31,8,462,0.9354166666666667,0.06458333333333334,0.9829787234042553,0.01702127659574468
0.36595311760905247,False,0.9505263157894737,0.9491397180762853,0.9474244455338754,0.9469405224101334,0.9491397180762853,449,31,8,462,0.9354166666666667,0.06458333333333334,0.9829787234042553,0.01702127659574468
0.39087942242619533,False,0.9494736842105264,0.9481476545842217,0.9465781454837986,0.9461433843529914,0.9481476545842217,449,31,9,461,0.9354166666666667,0.06458333333333334,0.9808510638297873,0.019148936170212766
0.39087942242622375,False,0.9494736842105264,0.9481476545842217,0.9465781454837986,0.9461433843529914,0.9481476545842217,449,31,9,461,0.9354166666666667,0.06458333333333334,0.9808510638297873,0.019148936170212766
0.3908794224262522,False,0.9494736842105264,0.9481476545842217,0.9465781454837986,0.9461433843529914,0.9481476545842217,449,31,9,461,0.9354166666666667,0.06458333333333334,0.9808510638297873,0.019148936170212766
0.3984986841678335,False,0.9505263157894737,0.9488420990286662,0.9474003232735342,0.9470036263006932,0.9488420990286662,450,30,9,461,0.9375,0.0625,0.9808510638297873,0.019148936170212766
0.39849868416786194,False,0.9505263157894737,0.9488420990286662,0.9474003232735342,0.9470036263006932,0.9488420990286662,450,30,9,461,0.9375,0.0625,0.9808510638297873,0.019148936170212766
0.39849868416789036,False,0.9505263157894737,0.9488420990286662,0.9474003232735342,0.9470036263006932,0.9488420990286662,450,30,9,461,0.9375,0.0625,0.9808510638297873,0.019148936170212766
0.39975154399868984,False,0.9515789473684211,0.9495365434731107,0.9482230163058637,0.9478685322989427,0.9495365434731107,451,29,9,461,0.9395833333333333,0.06041666666666667,0.9808510638297873,0.019148936170212766
0.39975154399871826,False,0.9515789473684211,0.9495365434731107,0.9482230163058637,0.9478685322989427,0.9495365434731107,451,29,9,461,0.9395833333333333,0.06041666666666667,0.9808510638297873,0.019148936170212766
0.3997515439987467,False,0.9515789473684211,0.9495365434731107,0.9482230163058637,0.9478685322989427,0.9495365434731107,451,29,9,461,0.9395833333333333,0.06041666666666667,0.9808510638297873,0.019148936170212766
0.4026753306388571,False,0.9526315789473684,0.9502309879175551,0.9490462327310025,0.94873814246661,0.9502309879175551,452,28,9,461,0.9416666666666667,0.058333333333333334,0.9808510638297873,0.019148936170212766
0.4026753306388855,False,0.9526315789473684,0.9502309879175551,0.9490462327310025,0.94873814246661,0.9502309879175551,452,28,9,461,0.9416666666666667,0.058333333333333334,0.9808510638297873,0.019148936170212766
0.4026753306389139,False,0.9526315789473684,0.9502309879175551,0.9490462327310025,0.94873814246661,0.9502309879175551,452,28,9,461,0.9416666666666667,0.058333333333333334,0.9808510638297873,0.019148936170212766
0.4060184359550192,False,0.9536842105263158,0.9509254323619994,0.9498699807211043,0.9496124973653064,0.9509254323619994,453,27,9,461,0.94375,0.05625,0.9808510638297873,0.019148936170212766
0.4060184359550476,False,0.9536842105263158,0.9509254323619994,0.9498699807211043,0.9496124973653064,0.9509254323619994,453,27,9,461,0.94375,0.05625,0.9808510638297873,0.019148936170212766
0.40601843595507603,False,0.9536842105263158,0.9509254323619994,0.9498699807211043,0.9496124973653064,0.9509254323619994,453,27,9,461,0.94375,0.05625,0.9808510638297873,0.019148936170212766
0.4101176261901571,False,0.9547368421052631,0.951619876806444,0.9506942684705527,0.9504916380057074,0.951619876806444,454,26,9,461,0.9458333333333333,0.05416666666666667,0.9808510638297873,0.019148936170212766
0.41011762619018555,False,0.9547368421052631,0.951619876806444,0.9506942684705527,0.9504916380057074,0.951619876806444,454,26,9,461,0.9458333333333333,0.05416666666666667,0.9808510638297873,0.019148936170212766
0.41011762619021397,False,0.9547368421052631,0.951619876806444,0.9506942684705527,0.9504916380057074,0.951619876806444,454,26,9,461,0.9458333333333333,0.05416666666666667,0.9808510638297873,0.019148936170212766
0.4307190179824545,False,0.9557894736842105,0.9523143212508884,0.9515191041962558,0.9513756058539812,0.9523143212508884,455,25,9,461,0.9479166666666666,0.052083333333333336,0.9808510638297873,0.019148936170212766
0.4307190179824829,False,0.9557894736842105,0.9523143212508884,0.9515191041962558,0.9513756058539812,0.9523143212508884,455,25,9,461,0.9479166666666666,0.052083333333333336,0.9808510638297873,0.019148936170212766
0.43071901798251133,False,0.9557894736842105,0.9523143212508884,0.9515191041962558,0.9513756058539812,0.9523143212508884,455,25,9,461,0.9479166666666666,0.052083333333333336,0.9808510638297873,0.019148936170212766
0.4317388832568838,False,0.9547368421052631,0.9513222577588248,0.9506714428925617,0.9506033098969223,0.9513222577588248,455,25,10,460,0.9479166666666666,0.052083333333333336,0.9787234042553191,0.02127659574468085
0.43173888325691223,False,0.9547368421052631,0.9513222577588248,0.9506714428925617,0.9506033098969223,0.9513222577588248,455,25,10,460,0.9479166666666666,0.052083333333333336,0.9787234042553191,0.02127659574468085
0.43173888325694065,False,0.9547368421052631,0.9513222577588248,0.9506714428925617,0.9506033098969223,0.9513222577588248,455,25,10,460,0.9479166666666666,0.052083333333333336,0.9787234042553191,0.02127659574468085
0.45670890808102627,False,0.9536842105263158,0.9503301942667615,0.949823024792425,0.9498336367971562,0.9503301942667615,455,25,11,459,0.9479166666666666,0.052083333333333336,0.9765957446808511,0.023404255319148935
0.4567089080810547,False,0.9536842105263158,0.9503301942667615,0.949823024792425,0.9498336367971562,0.9503301942667615,455,25,11,459,0.9479166666666666,0.052083333333333336,0.9765957446808511,0.023404255319148935
0.4567089080810831,False,0.9536842105263158,0.9503301942667615,0.949823024792425,0.9498336367971562,0.9503301942667615,455,25,11,459,0.9479166666666666,0.052083333333333336,0.9765957446808511,0.023404255319148935
0.48945820331570644,False,0.9547368421052631,0.9510246387112059,0.9513706092339665,0.9522600776881389,0.9510246387112059,456,24,11,459,0.95,0.05,0.9765957446808511,0.023404255319148935
0.48945820331573486,False,0.9547368421052631,0.9510246387112059,0.9513706092339665,0.9522600776881389,0.9510246387112059,456,24,11,459,0.95,0.05,0.9765957446808511,0.023404255319148935
0.4894582033157633,False,0.9547368421052631,0.9510246387112059,0.9513706092339665,0.9522600776881389,0.9510246387112059,456,24,11,459,0.95,0.05,0.9765957446808511,0.023404255319148935
0.5,False,0.9557894736842105,0.9517190831556502,0.9521950349543138,0.9531563761843661,0.9517190831556502,457,23,11,459,0.9520833333333333,0.04791666666666667,0.9765957446808511,0.023404255319148935
0.5018661022185995,False,0.9557894736842105,0.9517190831556502,0.9521950349543138,0.9531563761843661,0.9517190831556502,457,23,11,459,0.9520833333333333,0.04791666666666667,0.9765957446808511,0.023404255319148935
0.5018661022186279,False,0.9557894736842105,0.9517190831556502,0.9521950349543138,0.9531563761843661,0.9517190831556502,457,23,11,459,0.9520833333333333,0.04791666666666667,0.9765957446808511,0.023404255319148935
0.5018661022186564,False,0.9557894736842105,0.9517190831556502,0.9521950349543138,0.9531563761843661,0.9517190831556502,457,23,11,459,0.9520833333333333,0.04791666666666667,0.9765957446808511,0.023404255319148935
0.5190270543098165,False,0.9547368421052631,0.9507270196635869,0.951345721670807,0.9523945159697695,0.9507270196635869,457,23,12,458,0.9520833333333333,0.04791666666666667,0.9744680851063829,0.02553191489361702
0.519027054309845,False,0.9547368421052631,0.9507270196635869,0.951345721670807,0.9523945159697695,0.9507270196635869,457,23,12,458,0.9520833333333333,0.04791666666666667,0.9744680851063829,0.02553191489361702
0.5190270543098734,False,0.9547368421052631,0.9507270196635869,0.951345721670807,0.9523945159697695,0.9507270196635869,457,23,12,458,0.9520833333333333,0.04791666666666667,0.9744680851063829,0.02553191489361702
0.5204557776450827,False,0.9557894736842105,0.9514214641080313,0.9521706207399783,0.9532995500264567,0.9514214641080313,458,22,12,458,0.9541666666666667,0.04583333333333333,0.9744680851063829,0.02553191489361702
0.5204557776451111,False,0.9557894736842105,0.9514214641080313,0.9521706207399783,0.9532995500264567,0.9514214641080313,458,22,12,458,0.9541666666666667,0.04583333333333333,0.9744680851063829,0.02553191489361702
0.5204557776451395,False,0.9557894736842105,0.9514214641080313,0.9521706207399783,0.9532995500264567,0.9514214641080313,458,22,12,458,0.9541666666666667,0.04583333333333333,0.9744680851063829,0.02553191489361702
0.5252594947814657,False,0.9568421052631579,0.9521159085524759,0.9529961028728332,0.9542096040843616,0.9521159085524759,459,21,12,458,0.95625,0.04375,0.9744680851063829,0.02553191489361702
0.5252594947814941,False,0.9568421052631579,0.9521159085524759,0.9529961028728332,0.9542096040843616,0.9521159085524759,459,21,12,458,0.95625,0.04375,0.9744680851063829,0.02553191489361702
0.5252594947815226,False,0.9568421052631579,0.9521159085524759,0.9529961028728332,0.9542096040843616,0.9521159085524759,459,21,12,458,0.95625,0.04375,0.9744680851063829,0.02553191489361702
0.5729329586028769,False,0.9578947368421052,0.9528103529969202,0.9538221764022606,0.9551247227000025,0.9528103529969202,460,20,12,458,0.9583333333333334,0.041666666666666664,0.9744680851063829,0.02553191489361702
0.5729329586029053,False,0.9578947368421052,0.9528103529969202,0.9538221764022606,0.9551247227000025,0.9528103529969202,460,20,12,458,0.9583333333333334,0.041666666666666664,0.9744680851063829,0.02553191489361702
0.5729329586029337,False,0.9578947368421052,0.9528103529969202,0.9538221764022606,0.9551247227000025,0.9528103529969202,460,20,12,458,0.9583333333333334,0.041666666666666664,0.9744680851063829,0.02553191489361702
0.5880262851714804,False,0.9568421052631579,0.9503227908078654,0.9521500651445542,0.9543204779046882,0.9503227908078654,460,20,13,457,0.9583333333333334,0.041666666666666664,0.9723404255319149,0.027659574468085105
0.5880262851715088,False,0.9568421052631579,0.9503227908078654,0.9521500651445542,0.9543204779046882,0.9503227908078654,460,20,13,457,0.9583333333333334,0.041666666666666664,0.9723404255319149,0.027659574468085105
0.5880262851715372,False,0.9568421052631579,0.9503227908078654,0.9521500651445542,0.9543204779046882,0.9503227908078654,460,20,13,457,0.9583333333333334,0.041666666666666664,0.9723404255319149,0.027659574468085105
0.6051160693168356,False,0.9557894736842105,0.949330727315802,0.9513003846540061,0.9535754912794497,0.949330727315802,460,20,14,456,0.9583333333333334,0.041666666666666664,0.9702127659574468,0.029787234042553193
0.605116069316864,False,0.9557894736842105,0.949330727315802,0.9513003846540061,0.9535754912794497,0.949330727315802,460,20,14,456,0.9583333333333334,0.041666666666666664,0.9702127659574468,0.029787234042553193
0.6051160693168924,False,0.9557894736842105,0.949330727315802,0.9513003846540061,0.9535754912794497,0.949330727315802,460,20,14,456,0.9583333333333334,0.041666666666666664,0.9702127659574468,0.029787234042553193
0.6287083625793173,False,0.9568421052631579,0.9500251717602465,0.9528524777372245,0.9560609369460304,0.9500251717602465,461,19,14,456,0.9604166666666667,0.03958333333333333,0.9702127659574468,0.029787234042553193
0.6287083625793457,False,0.9568421052631579,0.9500251717602465,0.9528524777372245,0.9560609369460304,0.9500251717602465,461,19,14,456,0.9604166666666667,0.03958333333333333,0.9702127659574468,0.029787234042553193
0.6287083625793741,False,0.9568421052631579,0.9500251717602465,0.9528524777372245,0.9560609369460304,0.9500251717602465,461,19,14,456,0.9604166666666667,0.03958333333333333,0.9702127659574468,0.029787234042553193
0.6446937322616293,False,0.9578947368421052,0.9507196162046908,0.9536782754468881,0.9569863267180819,0.9507196162046908,462,18,14,456,0.9625,0.0375,0.9702127659574468,0.029787234042553193
0.6446937322616577,False,0.9578947368421052,0.9507196162046908,0.9536782754468881,0.9569863267180819,0.9507196162046908,462,18,14,456,0.9625,0.0375,0.9702127659574468,0.029787234042553193
0.6446937322616861,False,0.9578947368421052,0.9507196162046908,0.9536782754468881,0.9569863267180819,0.9507196162046908,462,18,14,456,0.9625,0.0375,0.9702127659574468,0.029787234042553193
0.6452489495277121,False,0.9589473684210527,0.9514140606491353,0.9545046871588029,0.9579168901239985,0.9514140606491353,463,17,14,456,0.9645833333333333,0.035416666666666666,0.9702127659574468,0.029787234042553193
0.6452489495277405,False,0.9589473684210527,0.9514140606491353,0.9545046871588029,0.9579168901239985,0.9514140606491353,463,17,14,456,0.9645833333333333,0.035416666666666666,0.9702127659574468,0.029787234042553193
0.6452489495277689,False,0.9589473684210527,0.9514140606491353,0.9545046871588029,0.9579168901239985,0.9514140606491353,463,17,14,456,0.9645833333333333,0.035416666666666666,0.9702127659574468,0.029787234042553193
0.6472601294517233,False,0.9578947368421052,0.9504219971570719,0.9536539910198365,0.9571835063461899,0.9504219971570719,463,17,15,455,0.9645833333333333,0.035416666666666666,0.9680851063829787,0.031914893617021274
0.6472601294517517,False,0.9578947368421052,0.9504219971570719,0.9536539910198365,0.9571835063461899,0.9504219971570719,463,17,15,455,0.9645833333333333,0.035416666666666666,0.9680851063829787,0.031914893617021274
0.6472601294517801,False,0.9578947368421052,0.9504219971570719,0.9536539910198365,0.9571835063461899,0.9504219971570719,463,17,15,455,0.9645833333333333,0.035416666666666666,0.9680851063829787,0.031914893617021274
0.6497673392295553,False,0.9589473684210527,0.9511164416015162,0.9552128876496905,0.959708574005206,0.9511164416015162,464,16,15,455,0.9666666666666667,0.03333333333333333,0.9680851063829787,0.031914893617021274
0.6497673392295837,False,0.9589473684210527,0.9511164416015162,0.9552128876496905,0.959708574005206,0.9511164416015162,464,16,15,455,0.9666666666666667,0.03333333333333333,0.9680851063829787,0.031914893617021274
0.6497673392296122,False,0.9589473684210527,0.9511164416015162,0.9552128876496905,0.959708574005206,0.9511164416015162,464,16,15,455,0.9666666666666667,0.03333333333333333,0.9680851063829787,0.031914893617021274
0.6623084545135214,False,0.96,0.9518108860459606,0.9560390817927297,0.9606481481481483,0.9518108860459606,465,15,15,455,0.96875,0.03125,0.9680851063829787,0.031914893617021274
0.6623084545135498,False,0.96,0.9518108860459606,0.9560390817927297,0.9606481481481483,0.9518108860459606,465,15,15,455,0.96875,0.03125,0.9680851063829787,0.031914893617021274
0.6623084545135782,False,0.96,0.9518108860459606,0.9560390817927297,0.9606481481481483,0.9518108860459606,465,15,15,455,0.96875,0.03125,0.9680851063829787,0.031914893617021274
0.6631828546523764,False,0.9589473684210527,0.9508188225538973,0.9551874533744446,0.9599224972208843,0.9508188225538973,465,15,16,454,0.96875,0.03125,0.9659574468085106,0.03404255319148936
0.6631828546524048,False,0.9589473684210527,0.9508188225538973,0.9551874533744446,0.9599224972208843,0.9508188225538973,465,15,16,454,0.96875,0.03125,0.9659574468085106,0.03404255319148936
0.6631828546524332,False,0.9589473684210527,0.9508188225538973,0.9551874533744446,0.9599224972208843,0.9508188225538973,465,15,16,454,0.96875,0.03125,0.9659574468085106,0.03404255319148936
0.6932501196860983,False,0.9578947368421052,0.9498267590618337,0.954334998081328,0.9591993125050849,0.9498267590618337,465,15,17,453,0.96875,0.03125,0.9638297872340426,0.036170212765957444
0.6932501196861267,False,0.9578947368421052,0.9498267590618337,0.954334998081328,0.9591993125050849,0.9498267590618337,465,15,17,453,0.96875,0.03125,0.9638297872340426,0.036170212765957444
0.6932501196861551,False,0.9578947368421052,0.9498267590618337,0.954334998081328,0.9591993125050849,0.9498267590618337,465,15,17,453,0.96875,0.03125,0.9638297872340426,0.036170212765957444
0.7014495730399801,False,0.9568421052631579,0.9488346955697701,0.9534817069572487,0.9584785738715135,0.9488346955697701,465,15,18,452,0.96875,0.03125,0.9617021276595744,0.03829787234042553
0.7014495730400085,False,0.9568421052631579,0.9488346955697701,0.9534817069572487,0.9584785738715135,0.9488346955697701,465,15,18,452,0.96875,0.03125,0.9617021276595744,0.03829787234042553
0.701449573040037,False,0.9568421052631579,0.9488346955697701,0.9534817069572487,0.9584785738715135,0.9488346955697701,465,15,18,452,0.96875,0.03125,0.9617021276595744,0.03829787234042553
0.7071627974509909,False,0.9578947368421052,0.9495291400142146,0.9543082536305763,0.9594351598285163,0.9495291400142146,466,14,18,452,0.9708333333333333,0.029166666666666667,0.9617021276595744,0.03829787234042553
0.7071627974510193,False,0.9578947368421052,0.9495291400142146,0.9543082536305763,0.9594351598285163,0.9495291400142146,466,14,18,452,0.9708333333333333,0.029166666666666667,0.9617021276595744,0.03829787234042553
0.7071627974510477,False,0.9578947368421052,0.9495291400142146,0.9543082536305763,0.9594351598285163,0.9495291400142146,466,14,18,452,0.9708333333333333,0.029166666666666667,0.9617021276595744,0.03829787234042553
0.7310638427734091,False,0.9568421052631579,0.9485370765221511,0.9534540169226897,0.9587207597866764,0.9485370765221511,466,14,19,451,0.9708333333333333,0.029166666666666667,0.9595744680851064,0.04042553191489362
0.7310638427734375,False,0.9568421052631579,0.9485370765221511,0.9534540169226897,0.9587207597866764,0.9485370765221511,466,14,19,451,0.9708333333333333,0.029166666666666667,0.9595744680851064,0.04042553191489362
0.7310638427734659,False,0.9568421052631579,0.9485370765221511,0.9534540169226897,0.9587207597866764,0.9485370765221511,466,14,19,451,0.9708333333333333,0.029166666666666667,0.9595744680851064,0.04042553191489362
0.7327116727828695,False,0.9578947368421052,0.9492315209665957,0.9550197777829875,0.9612902798807109,0.9492315209665957,467,13,19,451,0.9729166666666667,0.027083333333333334,0.9595744680851064,0.04042553191489362
0.732711672782898,False,0.9578947368421052,0.9492315209665957,0.9550197777829875,0.9612902798807109,0.9492315209665957,467,13,19,451,0.9729166666666667,0.027083333333333334,0.9595744680851064,0.04042553191489362
0.7327116727829264,False,0.9578947368421052,0.9492315209665957,0.9550197777829875,0.9612902798807109,0.9492315209665957,467,13,19,451,0.9729166666666667,0.027083333333333334,0.9595744680851064,0.04042553191489362
0.7434562444686605,False,0.9589473684210527,0.94992596541104,0.9558461405736126,0.9622561136480116,0.94992596541104,468,12,19,451,0.975,0.025,0.9595744680851064,0.04042553191489362
0.743456244468689,False,0.9589473684210527,0.94992596541104,0.9558461405736126,0.9622561136480116,0.94992596541104,468,12,19,451,0.975,0.025,0.9595744680851064,0.04042553191489362
0.7434562444687174,False,0.9589473684210527,0.94992596541104,0.9558461405736126,0.9622561136480116,0.94992596541104,468,12,19,451,0.975,0.025,0.9595744680851064,0.04042553191489362
0.747850120067568,False,0.96,0.9506204098554845,0.9566731691583946,0.9632274441655154,0.9506204098554845,469,11,19,451,0.9770833333333333,0.022916666666666665,0.9595744680851064,0.04042553191489362
0.7478501200675964,False,0.96,0.9506204098554845,0.9566731691583946,0.9632274441655154,0.9506204098554845,469,11,19,451,0.9770833333333333,0.022916666666666665,0.9595744680851064,0.04042553191489362
0.7478501200676249,False,0.96,0.9506204098554845,0.9566731691583946,0.9632274441655154,0.9506204098554845,469,11,19,451,0.9770833333333333,0.022916666666666665,0.9595744680851064,0.04042553191489362
0.7586947083472921,False,0.9589473684210527,0.9496283463634209,0.9558178527194875,0.9625246552127056,0.9496283463634209,469,11,20,450,0.9770833333333333,0.022916666666666665,0.9574468085106383,0.0425531914893617
0.7586947083473206,False,0.9589473684210527,0.9496283463634209,0.9558178527194875,0.9625246552127056,0.9496283463634209,469,11,20,450,0.9770833333333333,0.022916666666666665,0.9574468085106383,0.0425531914893617
0.758694708347349,False,0.9589473684210527,0.9496283463634209,0.9558178527194875,0.9625246552127056,0.9496283463634209,469,11,20,450,0.9770833333333333,0.022916666666666665,0.9574468085106383,0.0425531914893617
0.7702766060828878,False,0.9578947368421052,0.9486362828713575,0.9549616630925545,0.9618242539502382,0.9486362828713575,469,11,21,449,0.9770833333333333,0.022916666666666665,0.9553191489361702,0.04468085106382979
0.7702766060829163,False,0.9578947368421052,0.9486362828713575,0.9549616630925545,0.9618242539502382,0.9486362828713575,469,11,21,449,0.9770833333333333,0.022916666666666665,0.9553191489361702,0.04468085106382979
0.7702766060829447,False,0.9578947368421052,0.9486362828713575,0.9549616630925545,0.9618242539502382,0.9486362828713575,469,11,21,449,0.9770833333333333,0.022916666666666665,0.9553191489361702,0.04468085106382979
0.779040157794924,False,0.9568421052631579,0.9461487206823027,0.9532837911325256,0.9611119702769396,0.9461487206823027,469,11,22,448,0.9770833333333333,0.022916666666666665,0.9531914893617022,0.04680851063829787
0.7790401577949524,False,0.9568421052631579,0.9461487206823027,0.9532837911325256,0.9611119702769396,0.9461487206823027,469,11,22,448,0.9770833333333333,0.022916666666666665,0.9531914893617022,0.04680851063829787
0.7790401577949808,False,0.9568421052631579,0.9461487206823027,0.9532837911325256,0.9611119702769396,0.9461487206823027,469,11,22,448,0.9770833333333333,0.022916666666666665,0.9531914893617022,0.04680851063829787
0.779299676418276,False,0.9557894736842105,0.9451566571902393,0.9524274022388903,0.9604165792088213,0.9451566571902393,469,11,23,447,0.9770833333333333,0.022916666666666665,0.951063829787234,0.04893617021276596
0.7792996764183044,False,0.9557894736842105,0.9451566571902393,0.9524274022388903,0.9604165792088213,0.9451566571902393,469,11,23,447,0.9770833333333333,0.022916666666666665,0.951063829787234,0.04893617021276596
0.7792996764183329,False,0.9557894736842105,0.9451566571902393,0.9524274022388903,0.9604165792088213,0.9451566571902393,469,11,23,447,0.9770833333333333,0.022916666666666665,0.951063829787234,0.04893617021276596
0.7842158675193502,False,0.9547368421052631,0.9441645936981757,0.9515701197547326,0.9597235220094219,0.9441645936981757,469,11,24,446,0.9770833333333333,0.022916666666666665,0.948936170212766,0.05106382978723404
0.7842158675193787,False,0.9547368421052631,0.9441645936981757,0.9515701197547326,0.9597235220094219,0.9441645936981757,469,11,24,446,0.9770833333333333,0.022916666666666665,0.948936170212766,0.05106382978723404
0.7842158675194071,False,0.9547368421052631,0.9441645936981757,0.9515701197547326,0.9597235220094219,0.9441645936981757,469,11,24,446,0.9770833333333333,0.022916666666666665,0.948936170212766,0.05106382978723404
0.8413656949996664,False,0.9557894736842105,0.9448590381426202,0.9523973981879527,0.9607176449281712,0.9448590381426202,470,10,24,446,0.9791666666666666,0.020833333333333332,0.948936170212766,0.05106382978723404
0.8413656949996948,False,0.9557894736842105,0.9448590381426202,0.9523973981879527,0.9607176449281712,0.9448590381426202,470,10,24,446,0.9791666666666666,0.020833333333333332,0.948936170212766,0.05106382978723404
0.8413656949997232,False,0.9557894736842105,0.9448590381426202,0.9523973981879527,0.9607176449281712,0.9448590381426202,470,10,24,446,0.9791666666666666,0.020833333333333332,0.948936170212766,0.05106382978723404
0.8570156693458273,False,0.9547368421052631,0.9438669746505567,0.9515391041706831,0.9600309068394175,0.9438669746505567,470,10,25,445,0.9791666666666666,0.020833333333333332,0.9468085106382979,0.05319148936170213
0.8570156693458557,False,0.9547368421052631,0.9438669746505567,0.9515391041706831,0.9600309068394175,0.9438669746505567,470,10,25,445,0.9791666666666666,0.020833333333333332,0.9468085106382979,0.05319148936170213
0.8570156693458841,False,0.9547368421052631,0.9438669746505567,0.9515391041706831,0.9600309068394175,0.9438669746505567,470,10,25,445,0.9791666666666666,0.020833333333333332,0.9468085106382979,0.05319148936170213
0.8660719990730001,False,0.9536842105263158,0.9428749111584932,0.9506798948631854,0.9593464713448978,0.9428749111584932,470,10,26,444,0.9791666666666666,0.020833333333333332,0.9446808510638298,0.05531914893617021
0.8660719990730286,False,0.9536842105263158,0.9428749111584932,0.9506798948631854,0.9593464713448978,0.9428749111584932,470,10,26,444,0.9791666666666666,0.020833333333333332,0.9446808510638298,0.05531914893617021
0.866071999073057,False,0.9536842105263158,0.9428749111584932,0.9506798948631854,0.9593464713448978,0.9428749111584932,470,10,26,444,0.9791666666666666,0.020833333333333332,0.9446808510638298,0.05531914893617021
0.8736882209777548,False,0.9547368421052631,0.9435693556029378,0.9515076523746521,0.9603543790777284,0.9435693556029378,471,9,26,444,0.98125,0.01875,0.9446808510638298,0.05531914893617021
0.8736882209777832,False,0.9547368421052631,0.9435693556029378,0.9515076523746521,0.9603543790777284,0.9435693556029378,471,9,26,444,0.98125,0.01875,0.9446808510638298,0.05531914893617021
0.8736882209778116,False,0.9547368421052631,0.9435693556029378,0.9515076523746521,0.9603543790777284,0.9435693556029378,471,9,26,444,0.98125,0.01875,0.9446808510638298,0.05531914893617021
0.8806409835815145,False,0.9536842105263158,0.9425772921108742,0.9506474058380346,0.9596762744815077,0.9425772921108742,471,9,27,443,0.98125,0.01875,0.9425531914893617,0.0574468085106383
0.880640983581543,False,0.9536842105263158,0.9425772921108742,0.9506474058380346,0.9596762744815077,0.9425772921108742,471,9,27,443,0.98125,0.01875,0.9425531914893617,0.0574468085106383
0.8806409835815714,False,0.9536842105263158,0.9425772921108742,0.9506474058380346,0.9596762744815077,0.9425772921108742,471,9,27,443,0.98125,0.01875,0.9425531914893617,0.0574468085106383
0.8818573355674459,False,0.9547368421052631,0.9432717365553186,0.9514757619382889,0.9606940865858702,0.9432717365553186,472,8,27,443,0.9833333333333333,0.016666666666666666,0.9425531914893617,0.0574468085106383
0.8818573355674744,False,0.9547368421052631,0.9432717365553186,0.9514757619382889,0.9606940865858702,0.9432717365553186,472,8,27,443,0.9833333333333333,0.016666666666666666,0.9425531914893617,0.0574468085106383
0.8818573355675028,False,0.9547368421052631,0.9432717365553186,0.9514757619382889,0.9606940865858702,0.9432717365553186,472,8,27,443,0.9833333333333333,0.016666666666666666,0.9425531914893617,0.0574468085106383
0.8854080438613607,False,0.9536842105263158,0.9422796730632551,0.9506144649001792,0.9600223398001176,0.9422796730632551,472,8,28,442,0.9833333333333333,0.016666666666666666,0.9404255319148936,0.059574468085106386
0.8854080438613892,False,0.9536842105263158,0.9422796730632551,0.9506144649001792,0.9600223398001176,0.9422796730632551,472,8,28,442,0.9833333333333333,0.016666666666666666,0.9404255319148936,0.059574468085106386
0.8854080438614176,False,0.9536842105263158,0.9422796730632551,0.9506144649001792,0.9600223398001176,0.9422796730632551,472,8,28,442,0.9833333333333333,0.016666666666666666,0.9404255319148936,0.059574468085106386
0.8977481126784994,False,0.9526315789473684,0.9412876095711916,0.9497522179414398,0.9593528555449914,0.9412876095711916,472,8,29,441,0.9833333333333333,0.016666666666666666,0.9382978723404255,0.06170212765957447
0.8977481126785278,False,0.9526315789473684,0.9412876095711916,0.9497522179414398,0.9593528555449914,0.9412876095711916,472,8,29,441,0.9833333333333333,0.016666666666666666,0.9382978723404255,0.06170212765957447
0.8977481126785563,False,0.9526315789473684,0.9412876095711916,0.9497522179414398,0.9593528555449914,0.9412876095711916,472,8,29,441,0.9833333333333333,0.016666666666666666,0.9382978723404255,0.06170212765957447
0.9052085280418112,False,0.9536842105263158,0.9419820540156362,0.9505810694916731,0.9603848237141154,0.9419820540156362,473,7,29,441,0.9854166666666667,0.014583333333333334,0.9382978723404255,0.06170212765957447
0.9052085280418396,False,0.9536842105263158,0.9419820540156362,0.9505810694916731,0.9603848237141154,0.9419820540156362,473,7,29,441,0.9854166666666667,0.014583333333333334,0.9382978723404255,0.06170212765957447
0.905208528041868,False,0.9536842105263158,0.9419820540156362,0.9505810694916731,0.9603848237141154,0.9419820540156362,473,7,29,441,0.9854166666666667,0.014583333333333334,0.9382978723404255,0.06170212765957447
0.9069167375564291,False,0.9526315789473684,0.9409899905235726,0.9497177458785062,0.9597217171676955,0.9409899905235726,473,7,30,440,0.9854166666666667,0.014583333333333334,0.9361702127659575,0.06382978723404255
0.9069167375564575,False,0.9526315789473684,0.9409899905235726,0.9497177458785062,0.9597217171676955,0.9409899905235726,473,7,30,440,0.9854166666666667,0.014583333333333334,0.9361702127659575,0.06382978723404255
0.9069167375564859,False,0.9526315789473684,0.9409899905235726,0.9497177458785062,0.9597217171676955,0.9409899905235726,473,7,30,440,0.9854166666666667,0.014583333333333334,0.9361702127659575,0.06382978723404255
0.9096278548240377,False,0.9515789473684211,0.9399979270315092,0.9488534500729623,0.9590608465608467,0.9399979270315092,473,7,31,439,0.9854166666666667,0.014583333333333334,0.9340425531914893,0.06595744680851064
0.9096278548240662,False,0.9515789473684211,0.9399979270315092,0.9488534500729623,0.9590608465608467,0.9399979270315092,473,7,31,439,0.9854166666666667,0.014583333333333334,0.9340425531914893,0.06595744680851064
0.9096278548240946,False,0.9515789473684211,0.9399979270315092,0.9488534500729623,0.9590608465608467,0.9399979270315092,473,7,31,439,0.9854166666666667,0.014583333333333334,0.9340425531914893,0.06595744680851064
0.909836888313265,False,0.9526315789473684,0.9406923714759535,0.9496828032147905,0.9601071929853084,0.9406923714759535,474,6,31,439,0.9875,0.0125,0.9340425531914893,0.06595744680851064
0.9098368883132935,False,0.9526315789473684,0.9406923714759535,0.9496828032147905,0.9601071929853084,0.9406923714759535,474,6,31,439,0.9875,0.0125,0.9340425531914893,0.06595744680851064
0.9098368883133219,False,0.9526315789473684,0.9406923714759535,0.9496828032147905,0.9601071929853084,0.9406923714759535,474,6,31,439,0.9875,0.0125,0.9340425531914893,0.06595744680851064
0.9303144216537191,False,0.9515789473684211,0.93970030798389,0.9488174042968692,0.959452724834185,0.93970030798389,474,6,32,438,0.9875,0.0125,0.9319148936170213,0.06808510638297872
0.9303144216537476,False,0.9515789473684211,0.93970030798389,0.9488174042968692,0.959452724834185,0.93970030798389,474,6,32,438,0.9875,0.0125,0.9319148936170213,0.06808510638297872
0.930314421653776,False,0.9515789473684211,0.93970030798389,0.9488174042968692,0.959452724834185,0.93970030798389,474,6,32,438,0.9875,0.0125,0.9319148936170213,0.06808510638297872
0.9311658740043356,False,0.9505263157894737,0.9372127457948354,0.9471363949208961,0.9587733492116657,0.9372127457948354,474,6,33,437,0.9875,0.0125,0.9297872340425531,0.07021276595744681
0.931165874004364,False,0.9505263157894737,0.9372127457948354,0.9471363949208961,0.9587733492116657,0.9372127457948354,474,6,33,437,0.9875,0.0125,0.9297872340425531,0.07021276595744681
0.9311658740043924,False,0.9505263157894737,0.9372127457948354,0.9471363949208961,0.9587733492116657,0.9372127457948354,474,6,33,437,0.9875,0.0125,0.9297872340425531,0.07021276595744681
0.9359784722327902,False,0.9494736842105264,0.9362206823027718,0.9462706586104668,0.9581235168947729,0.9362206823027718,474,6,34,436,0.9875,0.0125,0.9276595744680851,0.07234042553191489
0.9359784722328186,False,0.9494736842105264,0.9362206823027718,0.9462706586104668,0.9581235168947729,0.9362206823027718,474,6,34,436,0.9875,0.0125,0.9276595744680851,0.07234042553191489
0.935978472232847,False,0.9494736842105264,0.9362206823027718,0.9462706586104668,0.9581235168947729,0.9362206823027718,474,6,34,436,0.9875,0.0125,0.9276595744680851,0.07234042553191489
0.9364508986472799,False,0.9484210526315789,0.9337331201137172,0.9445804478840153,0.9574479523923669,0.9337331201137172,474,6,35,435,0.9875,0.0125,0.925531914893617,0.07446808510638298
0.9364508986473083,False,0.9484210526315789,0.9337331201137172,0.9445804478840153,0.9574479523923669,0.9337331201137172,474,6,35,435,0.9875,0.0125,0.925531914893617,0.07446808510638298
0.9364508986473368,False,0.9484210526315789,0.9337331201137172,0.9445804478840153,0.9574479523923669,0.9337331201137172,474,6,35,435,0.9875,0.0125,0.925531914893617,0.07446808510638298
0.939010918140383,False,0.9473684210526315,0.9327410566216536,0.943714358595226,0.9568026965788358,0.9327410566216536,474,6,36,434,0.9875,0.0125,0.9234042553191489,0.07659574468085106
0.9390109181404114,False,0.9473684210526315,0.9327410566216536,0.943714358595226,0.9568026965788358,0.9327410566216536,474,6,36,434,0.9875,0.0125,0.9234042553191489,0.07659574468085106
0.9390109181404398,False,0.9473684210526315,0.9327410566216536,0.943714358595226,0.9568026965788358,0.9327410566216536,474,6,36,434,0.9875,0.0125,0.9234042553191489,0.07659574468085106
0.9486530423164083,False,0.9463157894736842,0.9317489931295903,0.9428472513832653,0.9561595905608279,0.9317489931295903,474,6,37,433,0.9875,0.0125,0.9212765957446809,0.07872340425531915
0.9486530423164368,False,0.9463157894736842,0.9317489931295903,0.9428472513832653,0.9561595905608279,0.9317489931295903,474,6,37,433,0.9875,0.0125,0.9212765957446809,0.07872340425531915
0.9486530423164652,False,0.9463157894736842,0.9317489931295903,0.9428472513832653,0.9561595905608279,0.9317489931295903,474,6,37,433,0.9875,0.0125,0.9212765957446809,0.07872340425531915
0.9488509297370626,False,0.9452631578947368,0.9292614309405355,0.9411483580085314,0.955490123725642,0.9292614309405355,474,6,38,432,0.9875,0.0125,0.9191489361702128,0.08085106382978724
0.9488509297370911,False,0.9452631578947368,0.9292614309405355,0.9411483580085314,0.955490123725642,0.9292614309405355,474,6,38,432,0.9875,0.0125,0.9191489361702128,0.08085106382978724
0.9488509297371195,False,0.9452631578947368,0.9292614309405355,0.9411483580085314,0.955490123725642,0.9292614309405355,474,6,38,432,0.9875,0.0125,0.9191489361702128,0.08085106382978724
0.955880224704714,False,0.9442105263157895,0.9282693674484719,0.9402808706139023,0.9548515057169791,0.9282693674484719,474,6,39,431,0.9875,0.0125,0.9170212765957447,0.08297872340425531
0.9558802247047424,False,0.9442105263157895,0.9282693674484719,0.9402808706139023,0.9548515057169791,0.9282693674484719,474,6,39,431,0.9875,0.0125,0.9170212765957447,0.08297872340425531
0.9558802247047709,False,0.9442105263157895,0.9282693674484719,0.9402808706139023,0.9548515057169791,0.9282693674484719,474,6,39,431,0.9875,0.0125,0.9170212765957447,0.08297872340425531
0.9562203288078024,False,0.9431578947368421,0.9257818052594171,0.9385725087705721,0.9541856590862213,0.9257818052594171,474,6,40,430,0.9875,0.0125,0.9148936170212766,0.0851063829787234
0.9562203288078308,False,0.9431578947368421,0.9257818052594171,0.9385725087705721,0.9541856590862213,0.9257818052594171,474,6,40,430,0.9875,0.0125,0.9148936170212766,0.0851063829787234
0.9562203288078592,False,0.9431578947368421,0.9257818052594171,0.9385725087705721,0.9541856590862213,0.9257818052594171,474,6,40,430,0.9875,0.0125,0.9148936170212766,0.0851063829787234
0.9579851031303122,False,0.9421052631578948,0.9247897417673538,0.9377046256255598,0.9535514718706951,0.9247897417673538,474,6,41,429,0.9875,0.0125,0.9127659574468086,0.08723404255319149
0.9579851031303406,False,0.9421052631578948,0.9247897417673538,0.9377046256255598,0.9535514718706951,0.9247897417673538,474,6,41,429,0.9875,0.0125,0.9127659574468086,0.08723404255319149
0.957985103130369,False,0.9421052631578948,0.9247897417673538,0.9377046256255598,0.9535514718706951,0.9247897417673538,474,6,41,429,0.9875,0.0125,0.9127659574468086,0.08723404255319149
0.9596412181853964,False,0.9410526315789474,0.9237976782752902,0.9368356915315582,0.9529193589906514,0.9237976782752902,474,6,42,428,0.9875,0.0125,0.9106382978723404,0.08936170212765958
0.9596412181854248,False,0.9410526315789474,0.9237976782752902,0.9368356915315582,0.9529193589906514,0.9237976782752902,474,6,42,428,0.9875,0.0125,0.9106382978723404,0.08936170212765958
0.9596412181854532,False,0.9410526315789474,0.9237976782752902,0.9368356915315582,0.9529193589906514,0.9237976782752902,474,6,42,428,0.9875,0.0125,0.9106382978723404,0.08936170212765958
0.9599687457084372,False,0.9421052631578948,0.9244921227197347,0.9376647660976231,0.9540058614014719,0.9244921227197347,475,5,42,428,0.9895833333333334,0.010416666666666666,0.9106382978723404,0.08936170212765958
0.9599687457084656,False,0.9421052631578948,0.9244921227197347,0.9376647660976231,0.9540058614014719,0.9244921227197347,475,5,42,428,0.9895833333333334,0.010416666666666666,0.9106382978723404,0.08936170212765958
0.959968745708494,False,0.9421052631578948,0.9244921227197347,0.9376647660976231,0.9540058614014719,0.9244921227197347,475,5,42,428,0.9895833333333334,0.010416666666666666,0.9106382978723404,0.08936170212765958
0.9600999355315878,False,0.9410526315789474,0.9235000592276711,0.9367946257582244,0.9533800628459539,0.9235000592276711,475,5,43,427,0.9895833333333334,0.010416666666666666,0.9085106382978724,0.09148936170212765
0.9600999355316162,False,0.9410526315789474,0.9235000592276711,0.9367946257582244,0.9533800628459539,0.9235000592276711,475,5,43,427,0.9895833333333334,0.010416666666666666,0.9085106382978724,0.09148936170212765
0.9600999355316446,False,0.9410526315789474,0.9235000592276711,0.9367946257582244,0.9533800628459539,0.9235000592276711,475,5,43,427,0.9895833333333334,0.010416666666666666,0.9085106382978724,0.09148936170212765
0.9666821956634237,False,0.9421052631578948,0.9241945036721155,0.9376243370308291,0.954477328236136,0.9241945036721155,476,4,43,427,0.9916666666666667,0.008333333333333333,0.9085106382978724,0.09148936170212765
0.9666821956634521,False,0.9421052631578948,0.9241945036721155,0.9376243370308291,0.954477328236136,0.9241945036721155,476,4,43,427,0.9916666666666667,0.008333333333333333,0.9085106382978724,0.09148936170212765
0.9666821956634806,False,0.9421052631578948,0.9241945036721155,0.9376243370308291,0.954477328236136,0.9241945036721155,476,4,43,427,0.9916666666666667,0.008333333333333333,0.9085106382978724,0.09148936170212765
0.9674509167670919,False,0.9410526315789474,0.9232024401800522,0.9367529761904763,0.9538578907431366,0.9232024401800522,476,4,44,426,0.9916666666666667,0.008333333333333333,0.9063829787234042,0.09361702127659574
0.9674509167671204,False,0.9410526315789474,0.9232024401800522,0.9367529761904763,0.9538578907431366,0.9232024401800522,476,4,44,426,0.9916666666666667,0.008333333333333333,0.9063829787234042,0.09361702127659574
0.9674509167671488,False,0.9410526315789474,0.9232024401800522,0.9367529761904763,0.9538578907431366,0.9232024401800522,476,4,44,426,0.9916666666666667,0.008333333333333333,0.9063829787234042,0.09361702127659574
0.9680050611495687,False,0.94,0.9222103766879887,0.9358805277472656,0.9532405047696639,0.9222103766879887,476,4,45,425,0.9916666666666667,0.008333333333333333,0.9042553191489362,0.09574468085106383
0.9680050611495972,False,0.94,0.9222103766879887,0.9358805277472656,0.9532405047696639,0.9222103766879887,476,4,45,425,0.9916666666666667,0.008333333333333333,0.9042553191489362,0.09574468085106383
0.9680050611496256,False,0.94,0.9222103766879887,0.9358805277472656,0.9532405047696639,0.9222103766879887,476,4,45,425,0.9916666666666667,0.008333333333333333,0.9042553191489362,0.09574468085106383
0.972328662872286,False,0.9389473684210526,0.9212183131959252,0.935006981753005,0.9526251553319023,0.9212183131959252,476,4,46,424,0.9916666666666667,0.008333333333333333,0.902127659574468,0.09787234042553192
0.9723286628723145,False,0.9389473684210526,0.9212183131959252,0.935006981753005,0.9526251553319023,0.9212183131959252,476,4,46,424,0.9916666666666667,0.008333333333333333,0.902127659574468,0.09787234042553192
0.9723286628723429,False,0.9389473684210526,0.9212183131959252,0.935006981753005,0.9526251553319023,0.9212183131959252,476,4,46,424,0.9916666666666667,0.008333333333333333,0.902127659574468,0.09787234042553192
0.973558127880068,False,0.9378947368421052,0.9202262497038616,0.9341323282168575,0.9520118275188332,0.9202262497038616,476,4,47,423,0.9916666666666667,0.008333333333333333,0.9,0.1
0.9735581278800964,False,0.9378947368421052,0.9202262497038616,0.9341323282168575,0.9520118275188332,0.9202262497038616,476,4,47,423,0.9916666666666667,0.008333333333333333,0.9,0.1
0.9735581278801249,False,0.9378947368421052,0.9202262497038616,0.9341323282168575,0.9520118275188332,0.9202262497038616,476,4,47,423,0.9916666666666667,0.008333333333333333,0.9,0.1
0.9735689759254171,False,0.9368421052631579,0.9192341862117982,0.9332565571049137,0.9514005064908547,0.9192341862117982,476,4,48,422,0.9916666666666667,0.008333333333333333,0.8978723404255319,0.10212765957446808
0.9735689759254456,False,0.9368421052631579,0.9192341862117982,0.9332565571049137,0.9514005064908547,0.9192341862117982,476,4,48,422,0.9916666666666667,0.008333333333333333,0.8978723404255319,0.10212765957446808
0.973568975925474,False,0.9368421052631579,0.9192341862117982,0.9332565571049137,0.9514005064908547,0.9192341862117982,476,4,48,422,0.9916666666666667,0.008333333333333333,0.8978723404255319,0.10212765957446808
0.9761129021644308,False,0.9357894736842105,0.9167466240227434,0.9315429592234903,0.95075600502634,0.9167466240227434,476,4,49,421,0.9916666666666667,0.008333333333333333,0.8957446808510638,0.10425531914893617
0.9761129021644592,False,0.9357894736842105,0.9167466240227434,0.9315429592234903,0.95075600502634,0.9167466240227434,476,4,49,421,0.9916666666666667,0.008333333333333333,0.8957446808510638,0.10425531914893617
0.9761129021644877,False,0.9357894736842105,0.9167466240227434,0.9315429592234903,0.95075600502634,0.9167466240227434,476,4,49,421,0.9916666666666667,0.008333333333333333,0.8957446808510638,0.10425531914893617
0.9798837900161459,False,0.9368421052631579,0.917441068467188,0.932372673041502,0.9518826925900332,0.917441068467188,477,3,49,421,0.99375,0.00625,0.8957446808510638,0.10425531914893617
0.9798837900161743,False,0.9368421052631579,0.917441068467188,0.932372673041502,0.9518826925900332,0.917441068467188,477,3,49,421,0.99375,0.00625,0.8957446808510638,0.10425531914893617
0.9798837900162027,False,0.9368421052631579,0.917441068467188,0.932372673041502,0.9518826925900332,0.917441068467188,477,3,49,421,0.99375,0.00625,0.8957446808510638,0.10425531914893617
0.9810286164283468,False,0.9357894736842105,0.9164490049751244,0.9314962370583167,0.9512799616678421,0.9164490049751244,477,3,50,420,0.99375,0.00625,0.8936170212765957,0.10638297872340426
0.9810286164283752,False,0.9357894736842105,0.9164490049751244,0.9314962370583167,0.9512799616678421,0.9164490049751244,477,3,50,420,0.99375,0.00625,0.8936170212765957,0.10638297872340426
0.9810286164284037,False,0.9357894736842105,0.9164490049751244,0.9314962370583167,0.9512799616678421,0.9164490049751244,477,3,50,420,0.99375,0.00625,0.8936170212765957,0.10638297872340426
0.9815555214881613,False,0.9368421052631579,0.9171434494195688,0.9323266058560176,0.9524179426399298,0.9171434494195688,478,2,50,420,0.9958333333333333,0.004166666666666667,0.8936170212765957,0.10638297872340426
0.9815555214881897,False,0.9368421052631579,0.9171434494195688,0.9323266058560176,0.9524179426399298,0.9171434494195688,478,2,50,420,0.9958333333333333,0.004166666666666667,0.8936170212765957,0.10638297872340426
0.9815555214882181,False,0.9368421052631579,0.9171434494195688,0.9323266058560176,0.9524179426399298,0.9171434494195688,478,2,50,420,0.9958333333333333,0.004166666666666667,0.8936170212765957,0.10638297872340426
0.9820150136947348,False,0.9357894736842105,0.9161513859275053,0.9314488630565142,0.9518216535521914,0.9161513859275053,478,2,51,419,0.9958333333333333,0.004166666666666667,0.8914893617021277,0.10851063829787234
0.9820150136947632,False,0.9357894736842105,0.9161513859275053,0.9314488630565142,0.9518216535521914,0.9161513859275053,478,2,51,419,0.9958333333333333,0.004166666666666667,0.8914893617021277,0.10851063829787234
0.9820150136947916,False,0.9357894736842105,0.9161513859275053,0.9314488630565142,0.9518216535521914,0.9161513859275053,478,2,51,419,0.9958333333333333,0.004166666666666667,0.8914893617021277,0.10851063829787234
0.9839621782302572,False,0.9347368421052632,0.9151593224354418,0.9305699629712855,0.9512273442618734,0.9151593224354418,478,2,52,418,0.9958333333333333,0.004166666666666667,0.8893617021276595,0.11063829787234042
0.9839621782302856,False,0.9347368421052632,0.9151593224354418,0.9305699629712855,0.9512273442618734,0.9151593224354418,478,2,52,418,0.9958333333333333,0.004166666666666667,0.8893617021276595,0.11063829787234042
0.9839621782303141,False,0.9347368421052632,0.9151593224354418,0.9305699629712855,0.9512273442618734,0.9151593224354418,478,2,52,418,0.9958333333333333,0.004166666666666667,0.8893617021276595,0.11063829787234042
0.9841099381446554,False,0.9336842105263158,0.9141672589433784,0.9296898953473809,0.9506350008671598,0.9141672589433784,478,2,53,417,0.9958333333333333,0.004166666666666667,0.8872340425531915,0.1127659574468085
0.9841099381446838,False,0.9336842105263158,0.9141672589433784,0.9296898953473809,0.9506350008671598,0.9141672589433784,478,2,53,417,0.9958333333333333,0.004166666666666667,0.8872340425531915,0.1127659574468085
0.9841099381447123,False,0.9336842105263158,0.9141672589433784,0.9296898953473809,0.9506350008671598,0.9141672589433784,478,2,53,417,0.9958333333333333,0.004166666666666667,0.8872340425531915,0.1127659574468085
0.9841246008872702,False,0.9326315789473684,0.9131751954513149,0.9288086498859701,0.9500446095342427,0.9131751954513149,478,2,54,416,0.9958333333333333,0.004166666666666667,0.8851063829787233,0.1148936170212766
0.9841246008872986,False,0.9326315789473684,0.9131751954513149,0.9288086498859701,0.9500446095342427,0.9131751954513149,478,2,54,416,0.9958333333333333,0.004166666666666667,0.8851063829787233,0.1148936170212766
0.984124600887327,False,0.9326315789473684,0.9131751954513149,0.9288086498859701,0.9500446095342427,0.9131751954513149,478,2,54,416,0.9958333333333333,0.004166666666666667,0.8851063829787233,0.1148936170212766
0.9843763113021566,False,0.9315789473684211,0.9106876332622601,0.9270876850335087,0.9494138276658601,0.9106876332622601,478,2,55,415,0.9958333333333333,0.004166666666666667,0.8829787234042553,0.11702127659574468
0.9843763113021851,False,0.9315789473684211,0.9106876332622601,0.9270876850335087,0.9494138276658601,0.9106876332622601,478,2,55,415,0.9958333333333333,0.004166666666666667,0.8829787234042553,0.11702127659574468
0.9843763113022135,False,0.9315789473684211,0.9106876332622601,0.9270876850335087,0.9494138276658601,0.9106876332622601,478,2,55,415,0.9958333333333333,0.004166666666666667,0.8829787234042553,0.11702127659574468
0.9847303628921225,False,0.9305263157894736,0.9096955697701966,0.9262058644998789,0.9488274791645578,0.9096955697701966,478,2,56,414,0.9958333333333333,0.004166666666666667,0.8808510638297873,0.11914893617021277
0.9847303628921509,False,0.9305263157894736,0.9096955697701966,0.9262058644998789,0.9488274791645578,0.9096955697701966,478,2,56,414,0.9958333333333333,0.004166666666666667,0.8808510638297873,0.11914893617021277
0.9847303628921793,False,0.9305263157894736,0.9096955697701966,0.9262058644998789,0.9488274791645578,0.9096955697701966,478,2,56,414,0.9958333333333333,0.004166666666666667,0.8808510638297873,0.11914893617021277
0.9857665300368978,False,0.9315789473684211,0.910390014214641,0.9277668374426957,0.9516239104886713,0.910390014214641,479,1,56,414,0.9979166666666667,0.0020833333333333333,0.8808510638297873,0.11914893617021277
0.9857665300369263,False,0.9315789473684211,0.910390014214641,0.9277668374426957,0.9516239104886713,0.910390014214641,479,1,56,414,0.9979166666666667,0.0020833333333333333,0.8808510638297873,0.11914893617021277
0.9857665300369547,False,0.9315789473684211,0.910390014214641,0.9277668374426957,0.9516239104886713,0.910390014214641,479,1,56,414,0.9979166666666667,0.0020833333333333333,0.8808510638297873,0.11914893617021277
0.9875367283820822,False,0.9305263157894736,0.9079024520255863,0.9260350894956696,0.951019638408963,0.9079024520255863,479,1,57,413,0.9979166666666667,0.0020833333333333333,0.8787234042553191,0.12127659574468085
0.9875367283821106,False,0.9305263157894736,0.9079024520255863,0.9260350894956696,0.951019638408963,0.9079024520255863,479,1,57,413,0.9979166666666667,0.0020833333333333333,0.8787234042553191,0.12127659574468085
0.987536728382139,False,0.9305263157894736,0.9079024520255863,0.9260350894956696,0.951019638408963,0.9079024520255863,479,1,57,413,0.9979166666666667,0.0020833333333333333,0.8787234042553191,0.12127659574468085
0.9878411889075949,False,0.9294736842105263,0.9054148898365316,0.9242926191338435,0.9504166284892541,0.9054148898365316,479,1,58,412,0.9979166666666667,0.0020833333333333333,0.8765957446808511,0.12340425531914893
0.9878411889076233,False,0.9294736842105263,0.9054148898365316,0.9242926191338435,0.9504166284892541,0.9054148898365316,479,1,58,412,0.9979166666666667,0.0020833333333333333,0.8765957446808511,0.12340425531914893
0.9878411889076517,False,0.9294736842105263,0.9054148898365316,0.9242926191338435,0.9504166284892541,0.9054148898365316,479,1,58,412,0.9979166666666667,0.0020833333333333333,0.8765957446808511,0.12340425531914893
0.988342702388735,False,0.9284210526315789,0.9044228263444681,0.9234107773746137,0.9498372472791224,0.9044228263444681,479,1,59,411,0.9979166666666667,0.0020833333333333333,0.874468085106383,0.125531914893617
0.9883427023887634,False,0.9284210526315789,0.9044228263444681,0.9234107773746137,0.9498372472791224,0.9044228263444681,479,1,59,411,0.9979166666666667,0.0020833333333333333,0.874468085106383,0.125531914893617
0.9883427023887918,False,0.9284210526315789,0.9044228263444681,0.9234107773746137,0.9498372472791224,0.9044228263444681,479,1,59,411,0.9979166666666667,0.0020833333333333333,0.874468085106383,0.125531914893617
0.9897054433822348,False,0.9273684210526316,0.9034307628524046,0.9225277206877792,0.9492597349740207,0.9034307628524046,479,1,60,410,0.9979166666666667,0.0020833333333333333,0.8723404255319149,0.1276595744680851
0.9897054433822632,False,0.9273684210526316,0.9034307628524046,0.9225277206877792,0.9492597349740207,0.9034307628524046,479,1,60,410,0.9979166666666667,0.0020833333333333333,0.8723404255319149,0.1276595744680851
0.9897054433822916,False,0.9273684210526316,0.9034307628524046,0.9225277206877792,0.9492597349740207,0.9034307628524046,479,1,60,410,0.9979166666666667,0.0020833333333333333,0.8723404255319149,0.1276595744680851
0.9899778366088583,False,0.9263157894736842,0.9024386993603412,0.9216434386108631,0.9486840783200283,0.9024386993603412,479,1,61,409,0.9979166666666667,0.0020833333333333333,0.8702127659574468,0.12978723404255318
0.9899778366088867,False,0.9263157894736842,0.9024386993603412,0.9216434386108631,0.9486840783200283,0.9024386993603412,479,1,61,409,0.9979166666666667,0.0020833333333333333,0.8702127659574468,0.12978723404255318
0.9899778366089151,False,0.9263157894736842,0.9024386993603412,0.9216434386108631,0.9486840783200283,0.9024386993603412,479,1,61,409,0.9979166666666667,0.0020833333333333333,0.8702127659574468,0.12978723404255318
0.9900557994842245,False,0.9252631578947368,0.9014466358682777,0.9207579206330653,0.9481102641219624,0.9014466358682777,479,1,62,408,0.9979166666666667,0.0020833333333333333,0.8680851063829788,0.13191489361702127
0.9900557994842529,False,0.9252631578947368,0.9014466358682777,0.9207579206330653,0.9481102641219624,0.9014466358682777,479,1,62,408,0.9979166666666667,0.0020833333333333333,0.8680851063829788,0.13191489361702127
0.9900557994842814,False,0.9252631578947368,0.9014466358682777,0.9207579206330653,0.9481102641219624,0.9014466358682777,479,1,62,408,0.9979166666666667,0.0020833333333333333,0.8680851063829788,0.13191489361702127
0.9902737736701681,False,0.9263157894736842,0.9021410803127221,0.9215867361367552,0.9492987607645044,0.9021410803127221,480,0,62,408,1.0,0.0,0.8680851063829788,0.13191489361702127
0.9902737736701965,False,0.9263157894736842,0.9021410803127221,0.9215867361367552,0.9492987607645044,0.9021410803127221,480,0,62,408,1.0,0.0,0.8680851063829788,0.13191489361702127
0.990273773670225,False,0.9263157894736842,0.9021410803127221,0.9215867361367552,0.9492987607645044,0.9021410803127221,480,0,62,408,1.0,0.0,0.8680851063829788,0.13191489361702127
0.9908888339996054,False,0.9252631578947368,0.9011490168206587,0.9206997754844911,0.9487314094286851,0.9011490168206587,480,0,63,407,1.0,0.0,0.8659574468085106,0.13404255319148936
0.9908888339996338,False,0.9252631578947368,0.9011490168206587,0.9206997754844911,0.9487314094286851,0.9011490168206587,480,0,63,407,1.0,0.0,0.8659574468085106,0.13404255319148936
0.9908888339996622,False,0.9252631578947368,0.9011490168206587,0.9206997754844911,0.9487314094286851,0.9011490168206587,480,0,63,407,1.0,0.0,0.8659574468085106,0.13404255319148936
0.9910823106765463,False,0.9242105263157895,0.9001569533285951,0.9198115537848605,0.948165892802571,0.9001569533285951,480,0,64,406,1.0,0.0,0.8638297872340426,0.13617021276595745
0.9910823106765747,False,0.9242105263157895,0.9001569533285951,0.9198115537848605,0.948165892802571,0.9001569533285951,480,0,64,406,1.0,0.0,0.8638297872340426,0.13617021276595745
0.9910823106766031,False,0.9242105263157895,0.9001569533285951,0.9198115537848605,0.948165892802571,0.9001569533285951,480,0,64,406,1.0,0.0,0.8638297872340426,0.13617021276595745
0.9914235472678854,False,0.9231578947368421,0.8991648898365318,0.9189220603514646,0.9476021981755927,0.8991648898365318,480,0,65,405,1.0,0.0,0.8617021276595744,0.13829787234042554
0.9914235472679138,False,0.9231578947368421,0.8991648898365318,0.9189220603514646,0.9476021981755927,0.8991648898365318,480,0,65,405,1.0,0.0,0.8617021276595744,0.13829787234042554
0.9914235472679422,False,0.9231578947368421,0.8991648898365318,0.9189220603514646,0.9476021981755927,0.8991648898365318,480,0,65,405,1.0,0.0,0.8617021276595744,0.13829787234042554
0.9922193288802816,False,0.9221052631578948,0.8981728263444682,0.9180312844473469,0.9470403128939714,0.8981728263444682,480,0,66,404,1.0,0.0,0.8595744680851064,0.14042553191489363
0.9922193288803101,False,0.9221052631578948,0.8981728263444682,0.9180312844473469,0.9470403128939714,0.8981728263444682,480,0,66,404,1.0,0.0,0.8595744680851064,0.14042553191489363
0.9922193288803385,False,0.9221052631578948,0.8981728263444682,0.9180312844473469,0.9470403128939714,0.8981728263444682,480,0,66,404,1.0,0.0,0.8595744680851064,0.14042553191489363
0.9922400712966635,False,0.9210526315789473,0.8971807628524048,0.9171392152844989,0.9464802243595662,0.8971807628524048,480,0,67,403,1.0,0.0,0.8574468085106383,0.1425531914893617
0.9922400712966919,False,0.9210526315789473,0.8971807628524048,0.9171392152844989,0.9464802243595662,0.8971807628524048,480,0,67,403,1.0,0.0,0.8574468085106383,0.1425531914893617
0.9922400712967203,False,0.9210526315789473,0.8971807628524048,0.9171392152844989,0.9464802243595662,0.8971807628524048,480,0,67,403,1.0,0.0,0.8574468085106383,0.1425531914893617
0.992377400398226,False,0.92,0.8961886993603412,0.9162458420233612,0.94592192002872,0.8961886993603412,480,0,68,402,1.0,0.0,0.8553191489361702,0.14468085106382977
0.9923774003982544,False,0.92,0.8961886993603412,0.9162458420233612,0.94592192002872,0.8961886993603412,480,0,68,402,1.0,0.0,0.8553191489361702,0.14468085106382977
0.9923774003982828,False,0.92,0.8961886993603412,0.9162458420233612,0.94592192002872,0.8961886993603412,480,0,68,402,1.0,0.0,0.8553191489361702,0.14468085106382977
0.9928128123283102,False,0.9189473684210526,0.8951966358682776,0.9153511537723209,0.9453653874111043,0.8951966358682776,480,0,69,401,1.0,0.0,0.8531914893617021,0.14680851063829786
0.9928128123283386,False,0.9189473684210526,0.8951966358682776,0.9153511537723209,0.9453653874111043,0.8951966358682776,480,0,69,401,1.0,0.0,0.8531914893617021,0.14680851063829786
0.992812812328367,False,0.9189473684210526,0.8951966358682776,0.9153511537723209,0.9453653874111043,0.8951966358682776,480,0,69,401,1.0,0.0,0.8531914893617021,0.14680851063829786
0.9932894110679342,False,0.9178947368421052,0.892709073679223,0.9136043428332812,0.9447863776178492,0.892709073679223,480,0,70,400,1.0,0.0,0.851063829787234,0.14893617021276595
0.9932894110679626,False,0.9178947368421052,0.892709073679223,0.9136043428332812,0.9447863776178492,0.892709073679223,480,0,70,400,1.0,0.0,0.851063829787234,0.14893617021276595
0.9932894110679911,False,0.9178947368421052,0.892709073679223,0.9136043428332812,0.9447863776178492,0.892709073679223,480,0,70,400,1.0,0.0,0.851063829787234,0.14893617021276595
0.993290543556185,False,0.9168421052631579,0.8917170101871594,0.912708914339378,0.9442335276475581,0.8917170101871594,480,0,71,399,1.0,0.0,0.8489361702127659,0.15106382978723404
0.9932905435562134,False,0.9168421052631579,0.8917170101871594,0.912708914339378,0.9442335276475581,0.8917170101871594,480,0,71,399,1.0,0.0,0.8489361702127659,0.15106382978723404
0.9932905435562418,False,0.9168421052631579,0.8917170101871594,0.912708914339378,0.9442335276475581,0.8917170101871594,480,0,71,399,1.0,0.0,0.8489361702127659,0.15106382978723404
0.9933686852454855,False,0.9157894736842105,0.8907249466950958,0.9118121472115601,0.9436824141120929,0.8907249466950958,480,0,72,398,1.0,0.0,0.8468085106382979,0.15319148936170213
0.9933686852455139,False,0.9157894736842105,0.8907249466950958,0.9118121472115601,0.9436824141120929,0.8907249466950958,480,0,72,398,1.0,0.0,0.8468085106382979,0.15319148936170213
0.9933686852455423,False,0.9157894736842105,0.8907249466950958,0.9118121472115601,0.9436824141120929,0.8907249466950958,480,0,72,398,1.0,0.0,0.8468085106382979,0.15319148936170213
0.9933931231498434,False,0.9147368421052632,0.8897328832030325,0.9109140304055838,0.9431330247497797,0.8897328832030325,480,0,73,397,1.0,0.0,0.8446808510638298,0.15531914893617021
0.9933931231498718,False,0.9147368421052632,0.8897328832030325,0.9109140304055838,0.9431330247497797,0.8897328832030325,480,0,73,397,1.0,0.0,0.8446808510638298,0.15531914893617021
0.9933931231499002,False,0.9147368421052632,0.8897328832030325,0.9109140304055838,0.9431330247497797,0.8897328832030325,480,0,73,397,1.0,0.0,0.8446808510638298,0.15531914893617021
0.9939297437667562,False,0.9136842105263158,0.8887408197109691,0.9100145528230635,0.9425853473469558,0.8887408197109691,480,0,74,396,1.0,0.0,0.8425531914893617,0.1574468085106383
0.9939297437667847,False,0.9136842105263158,0.8887408197109691,0.9100145528230635,0.9425853473469558,0.8887408197109691,480,0,74,396,1.0,0.0,0.8425531914893617,0.1574468085106383
0.9939297437668131,False,0.9136842105263158,0.8887408197109691,0.9100145528230635,0.9425853473469558,0.8887408197109691,480,0,74,396,1.0,0.0,0.8425531914893617,0.1574468085106383
0.9942399263381674,False,0.9126315789473685,0.8877487562189055,0.9091137033109461,0.9420393697368113,0.8877487562189055,480,0,75,395,1.0,0.0,0.8404255319148937,0.1595744680851064
0.9942399263381958,False,0.9126315789473685,0.8877487562189055,0.9091137033109461,0.9420393697368113,0.8877487562189055,480,0,75,395,1.0,0.0,0.8404255319148937,0.1595744680851064
0.9942399263382242,False,0.9126315789473685,0.8877487562189055,0.9091137033109461,0.9420393697368113,0.8877487562189055,480,0,75,395,1.0,0.0,0.8404255319148937,0.1595744680851064
0.9943332672118856,False,0.911578947368421,0.8867566927268419,0.908211470660982,0.9414950797982304,0.8867566927268419,480,0,76,394,1.0,0.0,0.8382978723404255,0.16170212765957448
0.9943332672119141,False,0.911578947368421,0.8867566927268419,0.908211470660982,0.9414950797982304,0.8867566927268419,480,0,76,394,1.0,0.0,0.8382978723404255,0.16170212765957448
0.9943332672119425,False,0.911578947368421,0.8867566927268419,0.908211470660982,0.9414950797982304,0.8867566927268419,480,0,76,394,1.0,0.0,0.8382978723404255,0.16170212765957448
0.994369804859133,False,0.9105263157894737,0.8857646292347785,0.9073078436091898,0.9409524654546256,0.8857646292347785,480,0,77,393,1.0,0.0,0.8361702127659575,0.16382978723404254
0.9943698048591614,False,0.9105263157894737,0.8857646292347785,0.9073078436091898,0.9409524654546256,0.8857646292347785,480,0,77,393,1.0,0.0,0.8361702127659575,0.16382978723404254
0.9943698048591898,False,0.9105263157894737,0.8857646292347785,0.9073078436091898,0.9409524654546256,0.8857646292347785,480,0,77,393,1.0,0.0,0.8361702127659575,0.16382978723404254
0.9945734143256857,False,0.9094736842105263,0.8847725657427151,0.9064028108353167,0.9404115146727712,0.8847725657427151,480,0,78,392,1.0,0.0,0.8340425531914893,0.16595744680851063
0.9945734143257141,False,0.9094736842105263,0.8847725657427151,0.9064028108353167,0.9404115146727712,0.8847725657427151,480,0,78,392,1.0,0.0,0.8340425531914893,0.16595744680851063
0.9945734143257425,False,0.9094736842105263,0.8847725657427151,0.9064028108353167,0.9404115146727712,0.8847725657427151,480,0,78,392,1.0,0.0,0.8340425531914893,0.16595744680851063
0.9948003292083456,False,0.9084210526315789,0.8822850035536604,0.9046496048547167,0.9398485909102693,0.8822850035536604,480,0,79,391,1.0,0.0,0.8319148936170213,0.16808510638297872
0.994800329208374,False,0.9084210526315789,0.8822850035536604,0.9046496048547167,0.9398485909102693,0.8822850035536604,480,0,79,391,1.0,0.0,0.8319148936170213,0.16808510638297872
0.9948003292084024,False,0.9084210526315789,0.8822850035536604,0.9046496048547167,0.9398485909102693,0.8822850035536604,480,0,79,391,1.0,0.0,0.8319148936170213,0.16808510638297872
0.9952653646468832,False,0.9073684210526316,0.8812929400615968,0.9037437255842793,0.9393111236589498,0.8812929400615968,480,0,80,390,1.0,0.0,0.8297872340425532,0.1702127659574468
0.9952653646469116,False,0.9073684210526316,0.8812929400615968,0.9037437255842793,0.9393111236589498,0.8812929400615968,480,0,80,390,1.0,0.0,0.8297872340425532,0.1702127659574468
0.99526536464694,False,0.9073684210526316,0.8812929400615968,0.9037437255842793,0.9393111236589498,0.8812929400615968,480,0,80,390,1.0,0.0,0.8297872340425532,0.1702127659574468
0.9959795475005819,False,0.9063157894736842,0.8803008765695334,0.9028364161358745,0.9387752862317426,0.8803008765695334,480,0,81,389,1.0,0.0,0.8276595744680851,0.1723404255319149
0.9959795475006104,False,0.9063157894736842,0.8803008765695334,0.9028364161358745,0.9387752862317426,0.8803008765695334,480,0,81,389,1.0,0.0,0.8276595744680851,0.1723404255319149
0.9959795475006388,False,0.9063157894736842,0.8803008765695334,0.9028364161358745,0.9387752862317426,0.8803008765695334,480,0,81,389,1.0,0.0,0.8276595744680851,0.1723404255319149
0.9962731599807455,False,0.9052631578947369,0.8793088130774698,0.9019276650234661,0.9382410667881812,0.8793088130774698,480,0,82,388,1.0,0.0,0.825531914893617,0.17446808510638298
0.9962731599807739,False,0.9052631578947369,0.8793088130774698,0.9019276650234661,0.9382410667881812,0.8793088130774698,480,0,82,388,1.0,0.0,0.825531914893617,0.17446808510638298
0.9962731599808023,False,0.9052631578947369,0.8793088130774698,0.9019276650234661,0.9382410667881812,0.8793088130774698,480,0,82,388,1.0,0.0,0.825531914893617,0.17446808510638298
0.9962951540946676,False,0.9042105263157895,0.8783167495854062,0.9010174607025098,0.937708453525823,0.8783167495854062,480,0,83,387,1.0,0.0,0.823404255319149,0.17659574468085107
0.996295154094696,False,0.9042105263157895,0.8783167495854062,0.9010174607025098,0.937708453525823,0.8783167495854062,480,0,83,387,1.0,0.0,0.823404255319149,0.17659574468085107
0.9962951540947245,False,0.9042105263157895,0.8783167495854062,0.9010174607025098,0.937708453525823,0.8783167495854062,480,0,83,387,1.0,0.0,0.823404255319149,0.17659574468085107
0.9963051080703451,False,0.9031578947368422,0.8773246860933428,0.9001057915693907,0.9371774346790646,0.8773246860933428,480,0,84,386,1.0,0.0,0.8212765957446808,0.17872340425531916
0.9963051080703735,False,0.9031578947368422,0.8773246860933428,0.9001057915693907,0.9371774346790646,0.8773246860933428,480,0,84,386,1.0,0.0,0.8212765957446808,0.17872340425531916
0.996305108070402,False,0.9031578947368422,0.8773246860933428,0.9001057915693907,0.9371774346790646,0.8773246860933428,480,0,84,386,1.0,0.0,0.8212765957446808,0.17872340425531916
0.9965423941611959,False,0.9021052631578947,0.8763326226012792,0.8991926459608548,0.9366479985179486,0.8763326226012792,480,0,85,385,1.0,0.0,0.8191489361702128,0.18085106382978725
0.9965423941612244,False,0.9021052631578947,0.8763326226012792,0.8991926459608548,0.9366479985179486,0.8763326226012792,480,0,85,385,1.0,0.0,0.8191489361702128,0.18085106382978725
0.9965423941612528,False,0.9021052631578947,0.8763326226012792,0.8991926459608548,0.9366479985179486,0.8763326226012792,480,0,85,385,1.0,0.0,0.8191489361702128,0.18085106382978725
0.9965493679046347,False,0.9010526315789473,0.8753405591092158,0.8982780121534338,0.9361201333469643,0.8753405591092158,480,0,86,384,1.0,0.0,0.8170212765957446,0.1829787234042553
0.9965493679046631,False,0.9010526315789473,0.8753405591092158,0.8982780121534338,0.9361201333469643,0.8753405591092158,480,0,86,384,1.0,0.0,0.8170212765957446,0.1829787234042553
0.9965493679046915,False,0.9010526315789473,0.8753405591092158,0.8982780121534338,0.9361201333469643,0.8753405591092158,480,0,86,384,1.0,0.0,0.8170212765957446,0.1829787234042553
0.9965558052062704,False,0.9,0.8728529969201612,0.8965175793936644,0.9355707180659897,0.8728529969201612,480,0,87,383,1.0,0.0,0.8148936170212766,0.1851063829787234
0.9965558052062988,False,0.9,0.8728529969201612,0.8965175793936644,0.9355707180659897,0.8728529969201612,480,0,87,383,1.0,0.0,0.8148936170212766,0.1851063829787234
0.9965558052063272,False,0.9,0.8728529969201612,0.8965175793936644,0.9355707180659897,0.8728529969201612,480,0,87,383,1.0,0.0,0.8148936170212766,0.1851063829787234
0.9967928528785421,False,0.8989473684210526,0.8718609334280977,0.8956020032256434,0.9350461677281986,0.8718609334280977,480,0,88,382,1.0,0.0,0.8127659574468085,0.18723404255319148
0.9967928528785706,False,0.8989473684210526,0.8718609334280977,0.8956020032256434,0.9350461677281986,0.8718609334280977,480,0,88,382,1.0,0.0,0.8127659574468085,0.18723404255319148
0.996792852878599,False,0.8989473684210526,0.8718609334280977,0.8956020032256434,0.9350461677281986,0.8718609334280977,480,0,88,382,1.0,0.0,0.8127659574468085,0.18723404255319148
0.9968066215514853,False,0.8978947368421053,0.8693733712390429,0.893830795545021,0.9344993541708693,0.8693733712390429,480,0,89,381,1.0,0.0,0.8106382978723404,0.18936170212765957
0.9968066215515137,False,0.8978947368421053,0.8693733712390429,0.893830795545021,0.9344993541708693,0.8693733712390429,480,0,89,381,1.0,0.0,0.8106382978723404,0.18936170212765957
0.9968066215515421,False,0.8978947368421053,0.8693733712390429,0.893830795545021,0.9344993541708693,0.8693733712390429,480,0,89,381,1.0,0.0,0.8106382978723404,0.18936170212765957
0.9968921542167379,False,0.8968421052631579,0.8683813077469794,0.8929142603926579,0.9339780793337624,0.8683813077469794,480,0,90,380,1.0,0.0,0.8085106382978723,0.19148936170212766
0.9968921542167664,False,0.8968421052631579,0.8683813077469794,0.8929142603926579,0.9339780793337624,0.8683813077469794,480,0,90,380,1.0,0.0,0.8085106382978723,0.19148936170212766
0.9968921542167948,False,0.8968421052631579,0.8683813077469794,0.8929142603926579,0.9339780793337624,0.8683813077469794,480,0,90,380,1.0,0.0,0.8085106382978723,0.19148936170212766
0.9969544410705282,False,0.8957894736842106,0.8658937455579246,0.8911321264539739,0.9334338066283795,0.8658937455579246,480,0,91,379,1.0,0.0,0.8063829787234043,0.19361702127659575
0.9969544410705566,False,0.8957894736842106,0.8658937455579246,0.8911321264539739,0.9334338066283795,0.8658937455579246,480,0,91,379,1.0,0.0,0.8063829787234043,0.19361702127659575
0.9969544410705851,False,0.8957894736842106,0.8658937455579246,0.8911321264539739,0.9334338066283795,0.8658937455579246,480,0,91,379,1.0,0.0,0.8063829787234043,0.19361702127659575
0.9970281720161154,False,0.8947368421052632,0.8649016820658612,0.8902146156739411,0.9329157684420842,0.8649016820658612,480,0,92,378,1.0,0.0,0.8042553191489362,0.19574468085106383
0.9970281720161438,False,0.8947368421052632,0.8649016820658612,0.8902146156739411,0.9329157684420842,0.8649016820658612,480,0,92,378,1.0,0.0,0.8042553191489362,0.19574468085106383
0.9970281720161722,False,0.8947368421052632,0.8649016820658612,0.8902146156739411,0.9329157684420842,0.8649016820658612,480,0,92,378,1.0,0.0,0.8042553191489362,0.19574468085106383
0.9970594048499777,False,0.8936842105263157,0.8639096185737977,0.8892955644575574,0.9323992275958096,0.8639096185737977,480,0,93,377,1.0,0.0,0.8021276595744681,0.19787234042553192
0.9970594048500061,False,0.8936842105263157,0.8639096185737977,0.8892955644575574,0.9323992275958096,0.8639096185737977,480,0,93,377,1.0,0.0,0.8021276595744681,0.19787234042553192
0.9970594048500345,False,0.8936842105263157,0.8639096185737977,0.8892955644575574,0.9323992275958096,0.8639096185737977,480,0,93,377,1.0,0.0,0.8021276595744681,0.19787234042553192
0.9971344470977499,False,0.8926315789473684,0.8629175550817342,0.8883749607894561,0.9318841727378313,0.8629175550817342,480,0,94,376,1.0,0.0,0.8,0.2
0.9971344470977783,False,0.8926315789473684,0.8629175550817342,0.8883749607894561,0.9318841727378313,0.8629175550817342,480,0,94,376,1.0,0.0,0.8,0.2
0.9971344470978067,False,0.8926315789473684,0.8629175550817342,0.8883749607894561,0.9318841727378313,0.8629175550817342,480,0,94,376,1.0,0.0,0.8,0.2
0.9971401691436483,False,0.891578947368421,0.8604299928926794,0.8865828416674727,0.9313457726501205,0.8604299928926794,480,0,95,375,1.0,0.0,0.7978723404255319,0.20212765957446807
0.9971401691436768,False,0.891578947368421,0.8604299928926794,0.8865828416674727,0.9313457726501205,0.8604299928926794,480,0,95,375,1.0,0.0,0.7978723404255319,0.20212765957446807
0.9971401691437052,False,0.891578947368421,0.8604299928926794,0.8865828416674727,0.9313457726501205,0.8604299928926794,480,0,95,375,1.0,0.0,0.7978723404255319,0.20212765957446807
0.9972570538520529,False,0.891578947368421,0.8604299928926794,0.8875111773472429,0.9338383838383839,0.8604299928926794,480,0,96,374,1.0,0.0,0.7957446808510639,0.20425531914893616
0.9972570538520813,False,0.891578947368421,0.8604299928926794,0.8875111773472429,0.9338383838383839,0.8604299928926794,480,0,96,374,1.0,0.0,0.7957446808510639,0.20425531914893616
0.9972570538521097,False,0.891578947368421,0.8604299928926794,0.8875111773472429,0.9338383838383839,0.8604299928926794,480,0,96,374,1.0,0.0,0.7957446808510639,0.20425531914893616
0.9972579479217245,False,0.8905263157894737,0.8579424307036247,0.885706576964855,0.9333291656006425,0.8579424307036247,480,0,97,373,1.0,0.0,0.7936170212765957,0.20638297872340425
0.9972579479217529,False,0.8905263157894737,0.8579424307036247,0.885706576964855,0.9333291656006425,0.8579424307036247,480,0,97,373,1.0,0.0,0.7936170212765957,0.20638297872340425
0.9972579479217814,False,0.8905263157894737,0.8579424307036247,0.885706576964855,0.9333291656006425,0.8579424307036247,480,0,97,373,1.0,0.0,0.7936170212765957,0.20638297872340425
0.9973790645599081,False,0.8894736842105263,0.8569503672115611,0.8847860392305923,0.9328206089500286,0.8569503672115611,480,0,98,372,1.0,0.0,0.7914893617021277,0.20851063829787234
0.9973790645599365,False,0.8894736842105263,0.8569503672115611,0.8847860392305923,0.9328206089500286,0.8569503672115611,480,0,98,372,1.0,0.0,0.7914893617021277,0.20851063829787234
0.997379064559965,False,0.8894736842105263,0.8569503672115611,0.8847860392305923,0.9328206089500286,0.8569503672115611,480,0,98,372,1.0,0.0,0.7914893617021277,0.20851063829787234
0.9974706172942831,False,0.888421052631579,0.8559583037194978,0.8838639201984441,0.9323134895853555,0.8559583037194978,480,0,99,371,1.0,0.0,0.7893617021276595,0.21063829787234042
0.9974706172943115,False,0.888421052631579,0.8559583037194978,0.8838639201984441,0.9323134895853555,0.8559583037194978,480,0,99,371,1.0,0.0,0.7893617021276595,0.21063829787234042
0.99747061729434,False,0.888421052631579,0.8559583037194978,0.8838639201984441,0.9323134895853555,0.8559583037194978,480,0,99,371,1.0,0.0,0.7893617021276595,0.21063829787234042
0.9975245594978048,False,0.8873684210526316,0.8549662402274342,0.8829402076770997,0.9318077964076066,0.8549662402274342,480,0,100,370,1.0,0.0,0.7872340425531915,0.2127659574468085
0.9975245594978333,False,0.8873684210526316,0.8549662402274342,0.8829402076770997,0.9318077964076066,0.8549662402274342,480,0,100,370,1.0,0.0,0.7872340425531915,0.2127659574468085
0.9975245594978617,False,0.8873684210526316,0.8549662402274342,0.8829402076770997,0.9318077964076066,0.8549662402274342,480,0,100,370,1.0,0.0,0.7872340425531915,0.2127659574468085
0.9976917505263998,False,0.8863157894736842,0.8539741767353708,0.8820148894094583,0.9313035183378945,0.8539741767353708,480,0,101,369,1.0,0.0,0.7851063829787234,0.2148936170212766
0.9976917505264282,False,0.8863157894736842,0.8539741767353708,0.8820148894094583,0.9313035183378945,0.8539741767353708,480,0,101,369,1.0,0.0,0.7851063829787234,0.2148936170212766
0.9976917505264566,False,0.8863157894736842,0.8539741767353708,0.8820148894094583,0.9313035183378945,0.8539741767353708,480,0,101,369,1.0,0.0,0.7851063829787234,0.2148936170212766
0.9976925849914267,False,0.8852631578947369,0.8529821132433072,0.8810879530720008,0.9308006443162028,0.8529821132433072,480,0,102,368,1.0,0.0,0.7829787234042553,0.2170212765957447
0.9976925849914551,False,0.8852631578947369,0.8529821132433072,0.8810879530720008,0.9308006443162028,0.8529821132433072,480,0,102,368,1.0,0.0,0.7829787234042553,0.2170212765957447
0.9976925849914835,False,0.8852631578947369,0.8529821132433072,0.8810879530720008,0.9308006443162028,0.8529821132433072,480,0,102,368,1.0,0.0,0.7829787234042553,0.2170212765957447
0.9977140426635458,False,0.8842105263157894,0.8504945510542526,0.8792740367257047,0.9303007777850546,0.8504945510542526,480,0,103,367,1.0,0.0,0.7808510638297872,0.21914893617021278
0.9977140426635742,False,0.8842105263157894,0.8504945510542526,0.8792740367257047,0.9303007777850546,0.8504945510542526,480,0,103,367,1.0,0.0,0.7808510638297872,0.21914893617021278
0.9977140426636026,False,0.8842105263157894,0.8504945510542526,0.8792740367257047,0.9303007777850546,0.8504945510542526,480,0,103,367,1.0,0.0,0.7808510638297872,0.21914893617021278
0.9977230429649069,False,0.8831578947368421,0.849502487562189,0.8783460027479166,0.9298009116688101,0.849502487562189,480,0,104,366,1.0,0.0,0.7787234042553192,0.22127659574468084
0.9977230429649353,False,0.8831578947368421,0.849502487562189,0.8783460027479166,0.9298009116688101,0.849502487562189,480,0,104,366,1.0,0.0,0.7787234042553192,0.22127659574468084
0.9977230429649637,False,0.8831578947368421,0.849502487562189,0.8783460027479166,0.9298009116688101,0.849502487562189,480,0,104,366,1.0,0.0,0.7787234042553192,0.22127659574468084
0.997752726078005,False,0.8821052631578947,0.8485104240701254,0.8774163243505743,0.9293024192505385,0.8485104240701254,480,0,105,365,1.0,0.0,0.776595744680851,0.22340425531914893
0.9977527260780334,False,0.8821052631578947,0.8485104240701254,0.8774163243505743,0.9293024192505385,0.8485104240701254,480,0,105,365,1.0,0.0,0.776595744680851,0.22340425531914893
0.9977527260780619,False,0.8821052631578947,0.8485104240701254,0.8774163243505743,0.9293024192505385,0.8485104240701254,480,0,105,365,1.0,0.0,0.776595744680851,0.22340425531914893
0.9977610111236288,False,0.8810526315789474,0.8475183605780621,0.8764849890127052,0.9288052895756963,0.8475183605780621,480,0,106,364,1.0,0.0,0.774468085106383,0.225531914893617
0.9977610111236572,False,0.8810526315789474,0.8475183605780621,0.8764849890127052,0.9288052895756963,0.8475183605780621,480,0,106,364,1.0,0.0,0.774468085106383,0.225531914893617
0.9977610111236856,False,0.8810526315789474,0.8475183605780621,0.8764849890127052,0.9288052895756963,0.8475183605780621,480,0,106,364,1.0,0.0,0.774468085106383,0.225531914893617
0.997876405715914,False,0.88,0.8465262970859987,0.8755519841443181,0.9283095117029712,0.8465262970859987,480,0,107,363,1.0,0.0,0.7723404255319148,0.2276595744680851
0.9978764057159424,False,0.88,0.8465262970859987,0.8755519841443181,0.9283095117029712,0.8465262970859987,480,0,107,363,1.0,0.0,0.7723404255319148,0.2276595744680851
0.9978764057159708,False,0.88,0.8465262970859987,0.8755519841443181,0.9283095117029712,0.8465262970859987,480,0,107,363,1.0,0.0,0.7723404255319148,0.2276595744680851
0.9980190992355062,False,0.8789473684210526,0.8455342335939351,0.8746172970857446,0.9278150747029636,0.8455342335939351,480,0,108,362,1.0,0.0,0.7702127659574468,0.2297872340425532
0.9980190992355347,False,0.8789473684210526,0.8455342335939351,0.8746172970857446,0.9278150747029636,0.8455342335939351,480,0,108,362,1.0,0.0,0.7702127659574468,0.2297872340425532
0.9980190992355631,False,0.8789473684210526,0.8455342335939351,0.8746172970857446,0.9278150747029636,0.8455342335939351,480,0,108,362,1.0,0.0,0.7702127659574468,0.2297872340425532
0.9980958104133322,False,0.8778947368421053,0.8430466714048803,0.8727938543782124,0.9273242452043192,0.8430466714048803,480,0,109,361,1.0,0.0,0.7680851063829788,0.23191489361702128
0.9980958104133606,False,0.8778947368421053,0.8430466714048803,0.8727938543782124,0.9273242452043192,0.8430466714048803,480,0,109,361,1.0,0.0,0.7680851063829788,0.23191489361702128
0.998095810413389,False,0.8778947368421053,0.8430466714048803,0.8727938543782124,0.9273242452043192,0.8430466714048803,480,0,109,361,1.0,0.0,0.7680851063829788,0.23191489361702128
0.9981568455695822,False,0.8768421052631579,0.8420546079128169,0.871857996298043,0.9268327042072041,0.8420546079128169,480,0,110,360,1.0,0.0,0.7659574468085106,0.23404255319148937
0.9981568455696106,False,0.8768421052631579,0.8420546079128169,0.871857996298043,0.9268327042072041,0.8420546079128169,480,0,110,360,1.0,0.0,0.7659574468085106,0.23404255319148937
0.998156845569639,False,0.8768421052631579,0.8420546079128169,0.871857996298043,0.9268327042072041,0.8420546079128169,480,0,110,360,1.0,0.0,0.7659574468085106,0.23404255319148937
0.9982466697692587,False,0.8757894736842106,0.8395670457237622,0.8700227402789072,0.9263444546109457,0.8395670457237622,480,0,111,359,1.0,0.0,0.7638297872340426,0.23617021276595745
0.9982466697692871,False,0.8757894736842106,0.8395670457237622,0.8700227402789072,0.9263444546109457,0.8395670457237622,480,0,111,359,1.0,0.0,0.7638297872340426,0.23617021276595745
0.9982466697693155,False,0.8757894736842106,0.8395670457237622,0.8700227402789072,0.9263444546109457,0.8395670457237622,480,0,111,359,1.0,0.0,0.7638297872340426,0.23617021276595745
0.9983104467391684,False,0.8747368421052631,0.8385749822316987,0.8690856939790842,0.9258557749123787,0.8385749822316987,480,0,112,358,1.0,0.0,0.7617021276595745,0.23829787234042554
0.9983104467391968,False,0.8747368421052631,0.8385749822316987,0.8690856939790842,0.9258557749123787,0.8385749822316987,480,0,112,358,1.0,0.0,0.7617021276595745,0.23829787234042554
0.9983104467392252,False,0.8747368421052631,0.8385749822316987,0.8690856939790842,0.9258557749123787,0.8385749822316987,480,0,112,358,1.0,0.0,0.7617021276595745,0.23829787234042554
0.9986606836318686,False,0.8736842105263158,0.8375829187396352,0.8681469241667209,0.9253683876180875,0.8375829187396352,480,0,113,357,1.0,0.0,0.7595744680851064,0.2404255319148936
0.998660683631897,False,0.8736842105263158,0.8375829187396352,0.8681469241667209,0.9253683876180875,0.8375829187396352,480,0,113,357,1.0,0.0,0.7595744680851064,0.2404255319148936
0.9986606836319254,False,0.8736842105263158,0.8375829187396352,0.8681469241667209,0.9253683876180875,0.8375829187396352,480,0,113,357,1.0,0.0,0.7595744680851064,0.2404255319148936
0.9986628293990805,False,0.8726315789473684,0.8350953565505804,0.866300205631096,0.924884205362293,0.8350953565505804,480,0,114,356,1.0,0.0,0.7574468085106383,0.2425531914893617
0.9986628293991089,False,0.8726315789473684,0.8350953565505804,0.866300205631096,0.924884205362293,0.8350953565505804,480,0,114,356,1.0,0.0,0.7574468085106383,0.2425531914893617
0.9986628293991373,False,0.8726315789473684,0.8350953565505804,0.866300205631096,0.924884205362293,0.8350953565505804,480,0,114,356,1.0,0.0,0.7574468085106383,0.2425531914893617
0.9987038373946859,False,0.871578947368421,0.8341032930585169,0.8653602159875654,0.9243996265172735,0.8341032930585169,480,0,115,355,1.0,0.0,0.7553191489361702,0.24468085106382978
0.9987038373947144,False,0.871578947368421,0.8341032930585169,0.8653602159875654,0.9243996265172735,0.8341032930585169,480,0,115,355,1.0,0.0,0.7553191489361702,0.24468085106382978
0.9987038373947428,False,0.871578947368421,0.8341032930585169,0.8653602159875654,0.9243996265172735,0.8341032930585169,480,0,115,355,1.0,0.0,0.7553191489361702,0.24468085106382978
0.9987117052077963,False,0.8705263157894737,0.8331112295664534,0.8644184754495684,0.9239163108169334,0.8331112295664534,480,0,116,354,1.0,0.0,0.7531914893617021,0.24680851063829787
0.9987117052078247,False,0.8705263157894737,0.8331112295664534,0.8644184754495684,0.9239163108169334,0.8331112295664534,480,0,116,354,1.0,0.0,0.7531914893617021,0.24680851063829787
0.9987117052078531,False,0.8705263157894737,0.8331112295664534,0.8644184754495684,0.9239163108169334,0.8331112295664534,480,0,116,354,1.0,0.0,0.7531914893617021,0.24680851063829787
0.9987196922301962,False,0.8694736842105263,0.83211916607439,0.8634749709413079,0.9234342475305355,0.83211916607439,480,0,117,353,1.0,0.0,0.7510638297872341,0.24893617021276596
0.9987196922302246,False,0.8694736842105263,0.83211916607439,0.8634749709413079,0.9234342475305355,0.83211916607439,480,0,117,353,1.0,0.0,0.7510638297872341,0.24893617021276596
0.998719692230253,False,0.8694736842105263,0.83211916607439,0.8634749709413079,0.9234342475305355,0.83211916607439,480,0,117,353,1.0,0.0,0.7510638297872341,0.24893617021276596
0.9987994432449057,False,0.868421052631579,0.8311271025823265,0.8625296893124431,0.9229534259282542,0.8311271025823265,480,0,118,352,1.0,0.0,0.7489361702127659,0.251063829787234
0.9987994432449341,False,0.868421052631579,0.8311271025823265,0.8625296893124431,0.9229534259282542,0.8311271025823265,480,0,118,352,1.0,0.0,0.7489361702127659,0.251063829787234
0.9987994432449625,False,0.868421052631579,0.8311271025823265,0.8625296893124431,0.9229534259282542,0.8311271025823265,480,0,118,352,1.0,0.0,0.7489361702127659,0.251063829787234
0.9988429546355917,False,0.8673684210526316,0.8286395403932717,0.8606723543139574,0.9224762255581164,0.8286395403932717,480,0,119,351,1.0,0.0,0.7468085106382979,0.2531914893617021
0.9988429546356201,False,0.8673684210526316,0.8286395403932717,0.8606723543139574,0.9224762255581164,0.8286395403932717,480,0,119,351,1.0,0.0,0.7468085106382979,0.2531914893617021
0.9988429546356485,False,0.8673684210526316,0.8286395403932717,0.8606723543139574,0.9224762255581164,0.8286395403932717,480,0,119,351,1.0,0.0,0.7468085106382979,0.2531914893617021
0.9988486766814901,False,0.8663157894736843,0.8276474769012082,0.8597257918058402,0.9219981238273922,0.8276474769012082,480,0,120,350,1.0,0.0,0.7446808510638298,0.2553191489361702
0.9988486766815186,False,0.8663157894736843,0.8276474769012082,0.8597257918058402,0.9219981238273922,0.8276474769012082,480,0,120,350,1.0,0.0,0.7446808510638298,0.2553191489361702
0.998848676681547,False,0.8663157894736843,0.8276474769012082,0.8597257918058402,0.9219981238273922,0.8276474769012082,480,0,120,350,1.0,0.0,0.7446808510638298,0.2553191489361702
0.998862504959078,False,0.8652631578947368,0.8266554134091447,0.8587774242360809,0.9215212348858652,0.8266554134091447,480,0,121,349,1.0,0.0,0.7425531914893617,0.2574468085106383
0.9988625049591064,False,0.8652631578947368,0.8266554134091447,0.8587774242360809,0.9215212348858652,0.8266554134091447,480,0,121,349,1.0,0.0,0.7425531914893617,0.2574468085106383
0.9988625049591349,False,0.8652631578947368,0.8266554134091447,0.8587774242360809,0.9215212348858652,0.8266554134091447,480,0,121,349,1.0,0.0,0.7425531914893617,0.2574468085106383
0.9988777041434957,False,0.8642105263157894,0.8256633499170812,0.8578272382316431,0.921045548047073,0.8256633499170812,480,0,122,348,1.0,0.0,0.7404255319148936,0.25957446808510637
0.9988777041435242,False,0.8642105263157894,0.8256633499170812,0.8578272382316431,0.921045548047073,0.8256633499170812,480,0,122,348,1.0,0.0,0.7404255319148936,0.25957446808510637
0.9988777041435526,False,0.8642105263157894,0.8256633499170812,0.8578272382316431,0.921045548047073,0.8256633499170812,480,0,122,348,1.0,0.0,0.7404255319148936,0.25957446808510637
0.9989092350005819,False,0.8631578947368421,0.8246712864250177,0.8568752203420372,0.9205710526191456,0.8246712864250177,480,0,123,347,1.0,0.0,0.7382978723404255,0.26170212765957446
0.9989092350006104,False,0.8631578947368421,0.8246712864250177,0.8568752203420372,0.9205710526191456,0.8246712864250177,480,0,123,347,1.0,0.0,0.7382978723404255,0.26170212765957446
0.9989092350006388,False,0.8631578947368421,0.8246712864250177,0.8568752203420372,0.9205710526191456,0.8246712864250177,480,0,123,347,1.0,0.0,0.7382978723404255,0.26170212765957446
0.998962283134432,False,0.8621052631578947,0.8236792229329543,0.8559213570385827,0.9200977379032768,0.8236792229329543,480,0,124,346,1.0,0.0,0.7361702127659574,0.26382978723404255
0.9989622831344604,False,0.8621052631578947,0.8236792229329543,0.8559213570385827,0.9200977379032768,0.8236792229329543,480,0,124,346,1.0,0.0,0.7361702127659574,0.26382978723404255
0.9989622831344889,False,0.8621052631578947,0.8236792229329543,0.8559213570385827,0.9200977379032768,0.8236792229329543,480,0,124,346,1.0,0.0,0.7361702127659574,0.26382978723404255
0.9989706277847006,False,0.8610526315789474,0.8226871594408908,0.8549656347136607,0.9196255931921719,0.8226871594408908,480,0,125,345,1.0,0.0,0.7340425531914894,0.26595744680851063
0.998970627784729,False,0.8610526315789474,0.8226871594408908,0.8549656347136607,0.9196255931921719,0.8226871594408908,480,0,125,345,1.0,0.0,0.7340425531914894,0.26595744680851063
0.9989706277847574,False,0.8610526315789474,0.8226871594408908,0.8549656347136607,0.9196255931921719,0.8226871594408908,480,0,125,345,1.0,0.0,0.7340425531914894,0.26595744680851063
0.9989841580390646,False,0.86,0.8201995972518361,0.8530984843829496,0.9191580681655162,0.8201995972518361,480,0,126,344,1.0,0.0,0.7319148936170212,0.2680851063829787
0.998984158039093,False,0.86,0.8201995972518361,0.8530984843829496,0.9191580681655162,0.8201995972518361,480,0,126,344,1.0,0.0,0.7319148936170212,0.2680851063829787
0.9989841580391214,False,0.86,0.8201995972518361,0.8530984843829496,0.9191580681655162,0.8201995972518361,480,0,126,344,1.0,0.0,0.7319148936170212,0.2680851063829787
0.9990077614783957,False,0.8589473684210527,0.8192075337597725,0.8521413890279832,0.9186885206570592,0.8192075337597725,480,0,127,343,1.0,0.0,0.7297872340425532,0.2702127659574468
0.9990077614784241,False,0.8589473684210527,0.8192075337597725,0.8521413890279832,0.9186885206570592,0.8192075337597725,480,0,127,343,1.0,0.0,0.7297872340425532,0.2702127659574468
0.9990077614784525,False,0.8589473684210527,0.8192075337597725,0.8521413890279832,0.9186885206570592,0.8192075337597725,480,0,127,343,1.0,0.0,0.7297872340425532,0.2702127659574468
0.9990480542182638,False,0.8578947368421053,0.818215470267709,0.8511824058186841,0.9182201146119962,0.818215470267709,480,0,128,342,1.0,0.0,0.7276595744680852,0.2723404255319149
0.9990480542182922,False,0.8578947368421053,0.818215470267709,0.8511824058186841,0.9182201146119962,0.818215470267709,480,0,128,342,1.0,0.0,0.7276595744680852,0.2723404255319149
0.9990480542183207,False,0.8578947368421053,0.818215470267709,0.8511824058186841,0.9182201146119962,0.818215470267709,480,0,128,342,1.0,0.0,0.7276595744680852,0.2723404255319149
0.9990689158439352,False,0.8568421052631578,0.8172234067756455,0.8502215209111278,0.9177528393345956,0.8172234067756455,480,0,129,341,1.0,0.0,0.725531914893617,0.274468085106383
0.9990689158439636,False,0.8568421052631578,0.8172234067756455,0.8502215209111278,0.9177528393345956,0.8172234067756455,480,0,129,341,1.0,0.0,0.725531914893617,0.274468085106383
0.999068915843992,False,0.8568421052631578,0.8172234067756455,0.8502215209111278,0.9177528393345956,0.8172234067756455,480,0,129,341,1.0,0.0,0.725531914893617,0.274468085106383
0.9990930557250692,False,0.8557894736842105,0.8162313432835822,0.8492587203793679,0.9172866841137863,0.8162313432835822,480,0,130,340,1.0,0.0,0.723404255319149,0.2765957446808511
0.9990930557250977,False,0.8557894736842105,0.8162313432835822,0.8492587203793679,0.9172866841137863,0.8162313432835822,480,0,130,340,1.0,0.0,0.723404255319149,0.2765957446808511
0.9990930557251261,False,0.8557894736842105,0.8162313432835822,0.8492587203793679,0.9172866841137863,0.8162313432835822,480,0,130,340,1.0,0.0,0.723404255319149,0.2765957446808511
0.9991010427474691,False,0.8547368421052631,0.8152392797915186,0.8482939902146529,0.916821638221475,0.8152392797915186,480,0,131,339,1.0,0.0,0.7212765957446808,0.27872340425531916
0.9991010427474976,False,0.8547368421052631,0.8152392797915186,0.8482939902146529,0.916821638221475,0.8152392797915186,480,0,131,339,1.0,0.0,0.7212765957446808,0.27872340425531916
0.999101042747526,False,0.8547368421052631,0.8152392797915186,0.8482939902146529,0.916821638221475,0.8152392797915186,480,0,131,339,1.0,0.0,0.7212765957446808,0.27872340425531916
0.999122321605654,False,0.8536842105263158,0.8142472162994551,0.847327316324634,0.9163576909108339,0.8142472162994551,480,0,132,338,1.0,0.0,0.7191489361702128,0.28085106382978725
0.9991223216056824,False,0.8536842105263158,0.8142472162994551,0.847327316324634,0.9163576909108339,0.8142472162994551,480,0,132,338,1.0,0.0,0.7191489361702128,0.28085106382978725
0.9991223216057108,False,0.8536842105263158,0.8142472162994551,0.847327316324634,0.9163576909108339,0.8142472162994551,480,0,132,338,1.0,0.0,0.7191489361702128,0.28085106382978725
0.9991432428359701,False,0.8526315789473684,0.8132551528073916,0.8463586845325644,0.9158948314145577,0.8132551528073916,480,0,133,337,1.0,0.0,0.7170212765957447,0.28297872340425534
0.9991432428359985,False,0.8526315789473684,0.8132551528073916,0.8463586845325644,0.9158948314145577,0.8132551528073916,480,0,133,337,1.0,0.0,0.7170212765957447,0.28297872340425534
0.999143242836027,False,0.8526315789473684,0.8132551528073916,0.8463586845325644,0.9158948314145577,0.8132551528073916,480,0,133,337,1.0,0.0,0.7170212765957447,0.28297872340425534
0.9991806149482443,False,0.8515789473684211,0.8122630893153282,0.8453880805764924,0.9154330489430906,0.8122630893153282,480,0,134,336,1.0,0.0,0.7148936170212766,0.2851063829787234
0.9991806149482727,False,0.8515789473684211,0.8122630893153282,0.8453880805764924,0.9154330489430906,0.8122630893153282,480,0,134,336,1.0,0.0,0.7148936170212766,0.2851063829787234
0.9991806149483011,False,0.8515789473684211,0.8122630893153282,0.8453880805764924,0.9154330489430906,0.8122630893153282,480,0,134,336,1.0,0.0,0.7148936170212766,0.2851063829787234
0.9991859793662741,False,0.8505263157894737,0.8112710258232646,0.8444154901084445,0.914972332682818,0.8112710258232646,480,0,135,335,1.0,0.0,0.7127659574468085,0.2872340425531915
0.9991859793663025,False,0.8505263157894737,0.8112710258232646,0.8444154901084445,0.914972332682818,0.8112710258232646,480,0,135,335,1.0,0.0,0.7127659574468085,0.2872340425531915
0.9991859793663309,False,0.8505263157894737,0.8112710258232646,0.8444154901084445,0.914972332682818,0.8112710258232646,480,0,135,335,1.0,0.0,0.7127659574468085,0.2872340425531915
0.9992102384566977,False,0.8494736842105263,0.8087834636342098,0.8425397533454263,0.9145182628955449,0.8087834636342098,480,0,136,334,1.0,0.0,0.7106382978723405,0.28936170212765955
0.9992102384567261,False,0.8494736842105263,0.8087834636342098,0.8425397533454263,0.9145182628955449,0.8087834636342098,480,0,136,334,1.0,0.0,0.7106382978723405,0.28936170212765955
0.9992102384567545,False,0.8494736842105263,0.8087834636342098,0.8425397533454263,0.9145182628955449,0.8087834636342098,480,0,136,334,1.0,0.0,0.7106382978723405,0.28936170212765955
0.9992333650588705,False,0.848421052631579,0.8077914001421465,0.8415656480563856,0.9140599710244101,0.8077914001421465,480,0,137,333,1.0,0.0,0.7085106382978723,0.29148936170212764
0.9992333650588989,False,0.848421052631579,0.8077914001421465,0.8415656480563856,0.9140599710244101,0.8077914001421465,480,0,137,333,1.0,0.0,0.7085106382978723,0.29148936170212764
0.9992333650589273,False,0.848421052631579,0.8077914001421465,0.8415656480563856,0.9140599710244101,0.8077914001421465,480,0,137,333,1.0,0.0,0.7085106382978723,0.29148936170212764
0.9992734789848043,False,0.8473684210526315,0.8067993366500829,0.8405895259698387,0.9136027170119491,0.8067993366500829,480,0,138,332,1.0,0.0,0.7063829787234043,0.2936170212765957
0.9992734789848328,False,0.8473684210526315,0.8067993366500829,0.8405895259698387,0.9136027170119491,0.8067993366500829,480,0,138,332,1.0,0.0,0.7063829787234043,0.2936170212765957
0.9992734789848612,False,0.8473684210526315,0.8067993366500829,0.8405895259698387,0.9136027170119491,0.8067993366500829,480,0,138,332,1.0,0.0,0.7063829787234043,0.2936170212765957
0.9992745518684103,False,0.8463157894736842,0.8058072731580195,0.8396113724796016,0.9131464900041282,0.8058072731580195,480,0,139,331,1.0,0.0,0.7042553191489361,0.2957446808510638
0.9992745518684387,False,0.8463157894736842,0.8058072731580195,0.8396113724796016,0.9131464900041282,0.8058072731580195,480,0,139,331,1.0,0.0,0.7042553191489361,0.2957446808510638
0.9992745518684671,False,0.8463157894736842,0.8058072731580195,0.8396113724796016,0.9131464900041282,0.8058072731580195,480,0,139,331,1.0,0.0,0.7042553191489361,0.2957446808510638
0.9992982149123861,False,0.8452631578947368,0.8048152096659559,0.8386311728900983,0.9126912791149283,0.8048152096659559,480,0,140,330,1.0,0.0,0.7021276595744681,0.2978723404255319
0.9992982149124146,False,0.8452631578947368,0.8048152096659559,0.8386311728900983,0.9126912791149283,0.8048152096659559,480,0,140,330,1.0,0.0,0.7021276595744681,0.2978723404255319
0.999298214912443,False,0.8452631578947368,0.8048152096659559,0.8386311728900983,0.9126912791149283,0.8048152096659559,480,0,140,330,1.0,0.0,0.7021276595744681,0.2978723404255319
0.999315500259371,False,0.8442105263157895,0.8038231461738925,0.8376489124155017,0.9122370734243601,0.8038231461738925,480,0,141,329,1.0,0.0,0.7,0.3
0.9993155002593994,False,0.8442105263157895,0.8038231461738925,0.8376489124155017,0.9122370734243601,0.8038231461738925,480,0,141,329,1.0,0.0,0.7,0.3
0.9993155002594278,False,0.8442105263157895,0.8038231461738925,0.8376489124155017,0.9122370734243601,0.8038231461738925,480,0,141,329,1.0,0.0,0.7,0.3
0.9993174076080038,False,0.8431578947368421,0.8028310826818289,0.8366645761788679,0.9117838619764366,0.8028310826818289,480,0,142,328,1.0,0.0,0.6978723404255319,0.3021276595744681
0.9993174076080322,False,0.8431578947368421,0.8028310826818289,0.8366645761788679,0.9117838619764366,0.8028310826818289,480,0,142,328,1.0,0.0,0.6978723404255319,0.3021276595744681
0.9993174076080606,False,0.8431578947368421,0.8028310826818289,0.8366645761788679,0.9117838619764366,0.8028310826818289,480,0,142,328,1.0,0.0,0.6978723404255319,0.3021276595744681
0.9993535876273825,False,0.8421052631578947,0.8018390191897655,0.835678149211258,0.9113316337771064,0.8018390191897655,480,0,143,327,1.0,0.0,0.6957446808510638,0.30425531914893617
0.9993535876274109,False,0.8421052631578947,0.8018390191897655,0.835678149211258,0.9113316337771064,0.8018390191897655,480,0,143,327,1.0,0.0,0.6957446808510638,0.30425531914893617
0.9993535876274393,False,0.8421052631578947,0.8018390191897655,0.835678149211258,0.9113316337771064,0.8018390191897655,480,0,143,327,1.0,0.0,0.6957446808510638,0.30425531914893617
0.9993544220924093,False,0.8410526315789474,0.8008469556977019,0.8346896164508545,0.9108803777921425,0.8008469556977019,480,0,144,326,1.0,0.0,0.6936170212765957,0.30638297872340425
0.9993544220924377,False,0.8410526315789474,0.8008469556977019,0.8346896164508545,0.9108803777921425,0.8008469556977019,480,0,144,326,1.0,0.0,0.6936170212765957,0.30638297872340425
0.9993544220924662,False,0.8410526315789474,0.8008469556977019,0.8346896164508545,0.9108803777921425,0.8008469556977019,480,0,144,326,1.0,0.0,0.6936170212765957,0.30638297872340425
0.9993572831153585,False,0.84,0.7998548922056385,0.833698962742066,0.9104300829449867,0.7998548922056385,480,0,145,325,1.0,0.0,0.6914893617021277,0.30851063829787234
0.999357283115387,False,0.84,0.7998548922056385,0.833698962742066,0.9104300829449867,0.7998548922056385,480,0,145,325,1.0,0.0,0.6914893617021277,0.30851063829787234
0.9993572831154154,False,0.84,0.7998548922056385,0.833698962742066,0.9104300829449867,0.7998548922056385,480,0,145,325,1.0,0.0,0.6914893617021277,0.30851063829787234
0.999368846416445,False,0.8389473684210527,0.798862828713575,0.8327061728346238,0.9099807381145476,0.798862828713575,480,0,146,324,1.0,0.0,0.6893617021276596,0.31063829787234043
0.9993688464164734,False,0.8389473684210527,0.798862828713575,0.8327061728346238,0.9099807381145476,0.798862828713575,480,0,146,324,1.0,0.0,0.6893617021276596,0.31063829787234043
0.9993688464165018,False,0.8389473684210527,0.798862828713575,0.8327061728346238,0.9099807381145476,0.798862828713575,480,0,146,324,1.0,0.0,0.6893617021276596,0.31063829787234043
0.9993707537650778,False,0.8378947368421052,0.7978707652215115,0.8317112313826686,0.9095323321329514,0.7978707652215115,480,0,147,323,1.0,0.0,0.6872340425531915,0.3127659574468085
0.9993707537651062,False,0.8378947368421052,0.7978707652215115,0.8317112313826686,0.9095323321329514,0.7978707652215115,480,0,147,323,1.0,0.0,0.6872340425531915,0.3127659574468085
0.9993707537651346,False,0.8378947368421052,0.7978707652215115,0.8317112313826686,0.9095323321329514,0.7978707652215115,480,0,147,323,1.0,0.0,0.6872340425531915,0.3127659574468085
0.9993847608566,False,0.8368421052631579,0.796878701729448,0.8307141229438281,0.9090848537832428,0.796878701729448,480,0,148,322,1.0,0.0,0.6851063829787234,0.3148936170212766
0.9993847608566284,False,0.8368421052631579,0.796878701729448,0.8307141229438281,0.9090848537832428,0.796878701729448,480,0,148,322,1.0,0.0,0.6851063829787234,0.3148936170212766
0.9993847608566568,False,0.8368421052631579,0.796878701729448,0.8307141229438281,0.9090848537832428,0.796878701729448,480,0,148,322,1.0,0.0,0.6851063829787234,0.3148936170212766
0.9993917942046835,False,0.8357894736842105,0.7958866382373845,0.8297148319782851,0.9086382917970348,0.7958866382373845,480,0,149,321,1.0,0.0,0.6829787234042554,0.3170212765957447
0.9993917942047119,False,0.8357894736842105,0.7958866382373845,0.8297148319782851,0.9086382917970348,0.7958866382373845,480,0,149,321,1.0,0.0,0.6829787234042554,0.3170212765957447
0.9993917942047403,False,0.8357894736842105,0.7958866382373845,0.8297148319782851,0.9086382917970348,0.7958866382373845,480,0,149,321,1.0,0.0,0.6829787234042554,0.3170212765957447
0.9994231462478353,False,0.8347368421052631,0.794894574745321,0.8287133428478347,0.908192634852106,0.794894574745321,480,0,150,320,1.0,0.0,0.6808510638297872,0.3191489361702128
0.9994231462478638,False,0.8347368421052631,0.794894574745321,0.8287133428478347,0.908192634852106,0.794894574745321,480,0,150,320,1.0,0.0,0.6808510638297872,0.3191489361702128
0.9994231462478922,False,0.8347368421052631,0.794894574745321,0.8287133428478347,0.908192634852106,0.794894574745321,480,0,150,320,1.0,0.0,0.6808510638297872,0.3191489361702128
0.999435722827883,False,0.8336842105263158,0.7939025112532575,0.8277096398149332,0.9077478715699425,0.7939025112532575,480,0,151,319,1.0,0.0,0.6787234042553192,0.32127659574468087
0.9994357228279114,False,0.8336842105263158,0.7939025112532575,0.8277096398149332,0.9077478715699425,0.7939025112532575,480,0,151,319,1.0,0.0,0.6787234042553192,0.32127659574468087
0.9994357228279398,False,0.8336842105263158,0.7939025112532575,0.8277096398149332,0.9077478715699425,0.7939025112532575,480,0,151,319,1.0,0.0,0.6787234042553192,0.32127659574468087
0.9994599223136618,False,0.8326315789473684,0.792910447761194,0.8267037070417359,0.9073039905132236,0.792910447761194,480,0,152,318,1.0,0.0,0.676595744680851,0.32340425531914896
0.9994599223136902,False,0.8326315789473684,0.792910447761194,0.8267037070417359,0.9073039905132236,0.792910447761194,480,0,152,318,1.0,0.0,0.676595744680851,0.32340425531914896
0.9994599223137186,False,0.8326315789473684,0.792910447761194,0.8267037070417359,0.9073039905132236,0.792910447761194,480,0,152,318,1.0,0.0,0.676595744680851,0.32340425531914896
0.999468624591799,False,0.8315789473684211,0.7919183842691305,0.825695528589125,0.9068609801832487,0.7919183842691305,480,0,153,317,1.0,0.0,0.674468085106383,0.32553191489361705
0.9994686245918274,False,0.8315789473684211,0.7919183842691305,0.825695528589125,0.9068609801832487,0.7919183842691305,480,0,153,317,1.0,0.0,0.674468085106383,0.32553191489361705
0.9994686245918558,False,0.8315789473684211,0.7919183842691305,0.825695528589125,0.9068609801832487,0.7919183842691305,480,0,153,317,1.0,0.0,0.674468085106383,0.32553191489361705
0.9994694590568258,False,0.8305263157894737,0.790926320777067,0.8246850884157277,0.9064188290173032,0.790926320777067,480,0,154,316,1.0,0.0,0.6723404255319149,0.3276595744680851
0.9994694590568542,False,0.8305263157894737,0.790926320777067,0.8246850884157277,0.9064188290173032,0.790926320777067,480,0,154,316,1.0,0.0,0.6723404255319149,0.3276595744680851
0.9994694590568827,False,0.8305263157894737,0.790926320777067,0.8246850884157277,0.9064188290173032,0.790926320777067,480,0,154,316,1.0,0.0,0.6723404255319149,0.3276595744680851
0.9994921684264853,False,0.8294736842105264,0.7899342572850035,0.8236723703769234,0.9059775253859631,0.7899342572850035,480,0,155,315,1.0,0.0,0.6702127659574468,0.32978723404255317
0.9994921684265137,False,0.8294736842105264,0.7899342572850035,0.8236723703769234,0.9059775253859631,0.7899342572850035,480,0,155,315,1.0,0.0,0.6702127659574468,0.32978723404255317
0.9994921684265421,False,0.8294736842105264,0.7899342572850035,0.8236723703769234,0.9059775253859631,0.7899342572850035,480,0,155,315,1.0,0.0,0.6702127659574468,0.32978723404255317
0.9995008707046225,False,0.828421052631579,0.7874466950959489,0.8217924147354708,0.9055489923161861,0.7874466950959489,480,0,156,314,1.0,0.0,0.6680851063829787,0.33191489361702126
0.9995008707046509,False,0.828421052631579,0.7874466950959489,0.8217924147354708,0.9055489923161861,0.7874466950959489,480,0,156,314,1.0,0.0,0.6680851063829787,0.33191489361702126
0.9995008707046793,False,0.828421052631579,0.7874466950959489,0.8217924147354708,0.9055489923161861,0.7874466950959489,480,0,156,314,1.0,0.0,0.6680851063829787,0.33191489361702126
0.9995055198669149,False,0.8273684210526315,0.7864546316038853,0.8207778630379657,0.9051097684040493,0.7864546316038853,480,0,157,313,1.0,0.0,0.6659574468085107,0.33404255319148934
0.9995055198669434,False,0.8273684210526315,0.7864546316038853,0.8207778630379657,0.9051097684040493,0.7864546316038853,480,0,157,313,1.0,0.0,0.6659574468085107,0.33404255319148934
0.9995055198669718,False,0.8273684210526315,0.7864546316038853,0.8207778630379657,0.9051097684040493,0.7864546316038853,480,0,157,313,1.0,0.0,0.6659574468085107,0.33404255319148934
0.9995337724685385,False,0.8263157894736842,0.7854625681118219,0.8197609996364753,0.9046713627074426,0.7854625681118219,480,0,158,312,1.0,0.0,0.6638297872340425,0.33617021276595743
0.9995337724685669,False,0.8263157894736842,0.7854625681118219,0.8197609996364753,0.9046713627074426,0.7854625681118219,480,0,158,312,1.0,0.0,0.6638297872340425,0.33617021276595743
0.9995337724685953,False,0.8263157894736842,0.7854625681118219,0.8197609996364753,0.9046713627074426,0.7854625681118219,480,0,158,312,1.0,0.0,0.6638297872340425,0.33617021276595743
0.9995342493056967,False,0.8252631578947368,0.7829750059227671,0.8178685516492026,0.9042458966542807,0.7829750059227671,480,0,159,311,1.0,0.0,0.6617021276595745,0.3382978723404255
0.9995342493057251,False,0.8252631578947368,0.7829750059227671,0.8178685516492026,0.9042458966542807,0.7829750059227671,480,0,159,311,1.0,0.0,0.6617021276595745,0.3382978723404255
0.9995342493057535,False,0.8252631578947368,0.7829750059227671,0.8178685516492026,0.9042458966542807,0.7829750059227671,480,0,159,311,1.0,0.0,0.6617021276595745,0.3382978723404255
0.9995936751365377,False,0.8242105263157895,0.7819829424307038,0.816849816849817,0.903809523809524,0.7819829424307038,480,0,160,310,1.0,0.0,0.6595744680851063,0.3404255319148936
0.9995936751365662,False,0.8242105263157895,0.7819829424307038,0.816849816849817,0.903809523809524,0.7819829424307038,480,0,160,310,1.0,0.0,0.6595744680851063,0.3404255319148936
0.9995936751365946,False,0.8242105263157895,0.7819829424307038,0.816849816849817,0.903809523809524,0.7819829424307038,480,0,160,310,1.0,0.0,0.6595744680851063,0.3404255319148936
0.9996075034141256,False,0.8231578947368421,0.7809908789386402,0.815828736104702,0.9033739397422785,0.7809908789386402,480,0,161,309,1.0,0.0,0.6574468085106383,0.3425531914893617
0.999607503414154,False,0.8231578947368421,0.7809908789386402,0.815828736104702,0.9033739397422785,0.7809908789386402,480,0,161,309,1.0,0.0,0.6574468085106383,0.3425531914893617
0.9996075034141825,False,0.8231578947368421,0.7809908789386402,0.815828736104702,0.9033739397422785,0.7809908789386402,480,0,161,309,1.0,0.0,0.6574468085106383,0.3425531914893617
0.9996107220649435,False,0.8221052631578948,0.7799988154465766,0.8148052927464692,0.9029391325185717,0.7799988154465766,480,0,162,308,1.0,0.0,0.6553191489361702,0.3446808510638298
0.9996107220649719,False,0.8221052631578948,0.7799988154465766,0.8148052927464692,0.9029391325185717,0.7799988154465766,480,0,162,308,1.0,0.0,0.6553191489361702,0.3446808510638298
0.9996107220650003,False,0.8221052631578948,0.7799988154465766,0.8148052927464692,0.9029391325185717,0.7799988154465766,480,0,162,308,1.0,0.0,0.6553191489361702,0.3446808510638298
0.9996422529220297,False,0.8210526315789474,0.777511253257522,0.8129006158966515,0.902517871219271,0.777511253257522,480,0,163,307,1.0,0.0,0.6531914893617021,0.3468085106382979
0.9996422529220581,False,0.8210526315789474,0.777511253257522,0.8129006158966515,0.902517871219271,0.777511253257522,480,0,163,307,1.0,0.0,0.6531914893617021,0.3468085106382979
0.9996422529220865,False,0.8210526315789474,0.777511253257522,0.8129006158966515,0.902517871219271,0.777511253257522,480,0,163,307,1.0,0.0,0.6531914893617021,0.3468085106382979
0.9996651411056234,False,0.82,0.7750236910684672,0.8109821606885483,0.9020971264760084,0.7750236910684672,480,0,164,306,1.0,0.0,0.6510638297872341,0.34893617021276596
0.9996651411056519,False,0.82,0.7750236910684672,0.8109821606885483,0.9020971264760084,0.7750236910684672,480,0,164,306,1.0,0.0,0.6510638297872341,0.34893617021276596
0.9996651411056803,False,0.82,0.7750236910684672,0.8109821606885483,0.9020971264760084,0.7750236910684672,480,0,164,306,1.0,0.0,0.6510638297872341,0.34893617021276596
0.9996668100356771,False,0.8189473684210526,0.7740316275764036,0.8099572405325882,0.9016654858775327,0.7740316275764036,480,0,165,305,1.0,0.0,0.648936170212766,0.35106382978723405
0.9996668100357056,False,0.8189473684210526,0.7740316275764036,0.8099572405325882,0.9016654858775327,0.7740316275764036,480,0,165,305,1.0,0.0,0.648936170212766,0.35106382978723405
0.999666810035734,False,0.8189473684210526,0.7740316275764036,0.8099572405325882,0.9016654858775327,0.7740316275764036,480,0,165,305,1.0,0.0,0.648936170212766,0.35106382978723405
0.9996682405471518,False,0.8178947368421052,0.7730395640843403,0.8089299216934106,0.9012345868342228,0.7730395640843403,480,0,166,304,1.0,0.0,0.6468085106382979,0.35319148936170214
0.9996682405471802,False,0.8178947368421052,0.7730395640843403,0.8089299216934106,0.9012345868342228,0.7730395640843403,480,0,166,304,1.0,0.0,0.6468085106382979,0.35319148936170214
0.9996682405472086,False,0.8178947368421052,0.7730395640843403,0.8089299216934106,0.9012345868342228,0.7730395640843403,480,0,166,304,1.0,0.0,0.6468085106382979,0.35319148936170214
0.9996750354766561,False,0.8168421052631579,0.7720475005922767,0.807900187180543,0.9008044172168056,0.7720475005922767,480,0,167,303,1.0,0.0,0.6446808510638298,0.3553191489361702
0.9996750354766846,False,0.8168421052631579,0.7720475005922767,0.807900187180543,0.9008044172168056,0.7720475005922767,480,0,167,303,1.0,0.0,0.6446808510638298,0.3553191489361702
0.999675035476713,False,0.8168421052631579,0.7720475005922767,0.807900187180543,0.9008044172168056,0.7720475005922767,480,0,167,303,1.0,0.0,0.6446808510638298,0.3553191489361702
0.9996811151504232,False,0.8157894736842105,0.7710554371002133,0.8068680198907638,0.9003749648007351,0.7710554371002133,480,0,168,302,1.0,0.0,0.6425531914893617,0.3574468085106383
0.9996811151504517,False,0.8157894736842105,0.7710554371002133,0.8068680198907638,0.9003749648007351,0.7710554371002133,480,0,168,302,1.0,0.0,0.6425531914893617,0.3574468085106383
0.9996811151504801,False,0.8157894736842105,0.7710554371002133,0.8068680198907638,0.9003749648007351,0.7710554371002133,480,0,168,302,1.0,0.0,0.6425531914893617,0.3574468085106383
0.9996907711028769,False,0.8147368421052632,0.7700633736081497,0.8058334026069979,0.8999462172627406,0.7700633736081497,480,0,169,301,1.0,0.0,0.6404255319148936,0.3595744680851064
0.9996907711029053,False,0.8147368421052632,0.7700633736081497,0.8058334026069979,0.8999462172627406,0.7700633736081497,480,0,169,301,1.0,0.0,0.6404255319148936,0.3595744680851064
0.9996907711029337,False,0.8147368421052632,0.7700633736081497,0.8058334026069979,0.8999462172627406,0.7700633736081497,480,0,169,301,1.0,0.0,0.6404255319148936,0.3595744680851064
0.9997047781943991,False,0.8136842105263158,0.7690713101160863,0.8047963179972011,0.8995181621772853,0.7690713101160863,480,0,170,300,1.0,0.0,0.6382978723404256,0.3617021276595745
0.9997047781944275,False,0.8136842105263158,0.7690713101160863,0.8047963179972011,0.8995181621772853,0.7690713101160863,480,0,170,300,1.0,0.0,0.6382978723404256,0.3617021276595745
0.9997047781944559,False,0.8136842105263158,0.7690713101160863,0.8047963179972011,0.8995181621772853,0.7690713101160863,480,0,170,300,1.0,0.0,0.6382978723404256,0.3617021276595745
0.9997203946113302,False,0.8126315789473684,0.7680792466240227,0.803756748613231,0.8990907870129274,0.7680792466240227,480,0,171,299,1.0,0.0,0.6361702127659574,0.3638297872340426
0.9997203946113586,False,0.8126315789473684,0.7680792466240227,0.803756748613231,0.8990907870129274,0.7680792466240227,480,0,171,299,1.0,0.0,0.6361702127659574,0.3638297872340426
0.9997203946113871,False,0.8126315789473684,0.7680792466240227,0.803756748613231,0.8990907870129274,0.7680792466240227,480,0,171,299,1.0,0.0,0.6361702127659574,0.3638297872340426
0.9997215867042257,False,0.8115789473684211,0.7670871831319591,0.8027146768897077,0.8986640791285839,0.7670871831319591,480,0,172,298,1.0,0.0,0.6340425531914894,0.3659574468085106
0.9997215867042542,False,0.8115789473684211,0.7670871831319591,0.8027146768897077,0.8986640791285839,0.7670871831319591,480,0,172,298,1.0,0.0,0.6340425531914894,0.3659574468085106
0.9997215867042826,False,0.8115789473684211,0.7670871831319591,0.8027146768897077,0.8986640791285839,0.7670871831319591,480,0,172,298,1.0,0.0,0.6340425531914894,0.3659574468085106
0.999729216098757,False,0.8105263157894737,0.7660951196398957,0.8016700851428596,0.8982380257696897,0.7660951196398957,480,0,173,297,1.0,0.0,0.6319148936170212,0.3680851063829787
0.9997292160987854,False,0.8105263157894737,0.7660951196398957,0.8016700851428596,0.8982380257696897,0.7660951196398957,480,0,173,297,1.0,0.0,0.6319148936170212,0.3680851063829787
0.9997292160988138,False,0.8105263157894737,0.7660951196398957,0.8016700851428596,0.8982380257696897,0.7660951196398957,480,0,173,297,1.0,0.0,0.6319148936170212,0.3680851063829787
0.9997318387031271,False,0.8094736842105263,0.7651030561478324,0.8006229555693588,0.8978126140642524,0.7651030561478324,480,0,174,296,1.0,0.0,0.6297872340425532,0.3702127659574468
0.9997318387031555,False,0.8094736842105263,0.7651030561478324,0.8006229555693588,0.8978126140642524,0.7651030561478324,480,0,174,296,1.0,0.0,0.6297872340425532,0.3702127659574468
0.9997318387031839,False,0.8094736842105263,0.7651030561478324,0.8006229555693588,0.8978126140642524,0.7651030561478324,480,0,174,296,1.0,0.0,0.6297872340425532,0.3702127659574468
0.9997375607490255,False,0.8084210526315789,0.7641109926557688,0.7995732702451414,0.8973878310187949,0.7641109926557688,480,0,175,295,1.0,0.0,0.6276595744680851,0.3723404255319149
0.999737560749054,False,0.8084210526315789,0.7641109926557688,0.7995732702451414,0.8973878310187949,0.7641109926557688,480,0,175,295,1.0,0.0,0.6276595744680851,0.3723404255319149
0.9997375607490824,False,0.8084210526315789,0.7641109926557688,0.7995732702451414,0.8973878310187949,0.7641109926557688,480,0,175,295,1.0,0.0,0.6276595744680851,0.3723404255319149
0.9997453093528463,False,0.8073684210526316,0.761623430466714,0.7976457299713914,0.896980395310259,0.761623430466714,480,0,176,294,1.0,0.0,0.625531914893617,0.37446808510638296
0.9997453093528748,False,0.8073684210526316,0.761623430466714,0.7976457299713914,0.896980395310259,0.761623430466714,480,0,176,294,1.0,0.0,0.625531914893617,0.37446808510638296
0.9997453093529032,False,0.8073684210526316,0.761623430466714,0.7976457299713914,0.896980395310259,0.761623430466714,480,0,176,294,1.0,0.0,0.625531914893617,0.37446808510638296
0.9997472167014791,False,0.8063157894736842,0.7606313669746506,0.7965939074118493,0.8965573613524871,0.7606313669746506,480,0,177,293,1.0,0.0,0.6234042553191489,0.37659574468085105
0.9997472167015076,False,0.8063157894736842,0.7606313669746506,0.7965939074118493,0.8965573613524871,0.7606313669746506,480,0,177,293,1.0,0.0,0.6234042553191489,0.37659574468085105
0.999747216701536,False,0.8063157894736842,0.7606313669746506,0.7965939074118493,0.8965573613524871,0.7606313669746506,480,0,177,293,1.0,0.0,0.6234042553191489,0.37659574468085105
0.9997518658637716,False,0.8052631578947368,0.7581438047855958,0.7946526360219338,0.8961514570367154,0.7581438047855958,480,0,178,292,1.0,0.0,0.6212765957446809,0.37872340425531914
0.9997518658638,False,0.8052631578947368,0.7581438047855958,0.7946526360219338,0.8961514570367154,0.7581438047855958,480,0,178,292,1.0,0.0,0.6212765957446809,0.37872340425531914
0.9997518658638285,False,0.8052631578947368,0.7581438047855958,0.7946526360219338,0.8961514570367154,0.7581438047855958,480,0,178,292,1.0,0.0,0.6212765957446809,0.37872340425531914
0.9997542500495626,False,0.8042105263157895,0.7571517412935324,0.7935986546093927,0.8957301434444833,0.7571517412935324,480,0,179,291,1.0,0.0,0.6191489361702127,0.38085106382978723
0.9997542500495911,False,0.8042105263157895,0.7571517412935324,0.7935986546093927,0.8957301434444833,0.7571517412935324,480,0,179,291,1.0,0.0,0.6191489361702127,0.38085106382978723
0.9997542500496195,False,0.8042105263157895,0.7571517412935324,0.7935986546093927,0.8957301434444833,0.7571517412935324,480,0,179,291,1.0,0.0,0.6191489361702127,0.38085106382978723
0.9997571110725119,False,0.8031578947368421,0.7561596778014689,0.7925420606479282,0.8953094085181714,0.7561596778014689,480,0,180,290,1.0,0.0,0.6170212765957447,0.3829787234042553
0.9997571110725403,False,0.8031578947368421,0.7561596778014689,0.7925420606479282,0.8953094085181714,0.7561596778014689,480,0,180,290,1.0,0.0,0.6170212765957447,0.3829787234042553
0.9997571110725687,False,0.8031578947368421,0.7561596778014689,0.7925420606479282,0.8953094085181714,0.7561596778014689,480,0,180,290,1.0,0.0,0.6170212765957447,0.3829787234042553
0.9997673630714132,False,0.8021052631578948,0.7551676143094054,0.7914828357265181,0.8948892387974815,0.7551676143094054,480,0,181,289,1.0,0.0,0.6148936170212767,0.3851063829787234
0.9997673630714417,False,0.8021052631578948,0.7551676143094054,0.7914828357265181,0.8948892387974815,0.7551676143094054,480,0,181,289,1.0,0.0,0.6148936170212767,0.3851063829787234
0.9997673630714701,False,0.8021052631578948,0.7551676143094054,0.7914828357265181,0.8948892387974815,0.7551676143094054,480,0,181,289,1.0,0.0,0.6148936170212767,0.3851063829787234
0.9997746348380758,False,0.8010526315789473,0.7526800521203506,0.7895285001556975,0.8944870433366261,0.7526800521203506,480,0,182,288,1.0,0.0,0.6127659574468085,0.3872340425531915
0.9997746348381042,False,0.8010526315789473,0.7526800521203506,0.7895285001556975,0.8944870433366261,0.7526800521203506,480,0,182,288,1.0,0.0,0.6127659574468085,0.3872340425531915
0.9997746348381327,False,0.8010526315789473,0.7526800521203506,0.7895285001556975,0.8944870433366261,0.7526800521203506,480,0,182,288,1.0,0.0,0.6127659574468085,0.3872340425531915
0.9997773766517355,False,0.8,0.7501924899312958,0.7875596052433552,0.894085173226198,0.7501924899312958,480,0,183,287,1.0,0.0,0.6106382978723405,0.3893617021276596
0.9997773766517639,False,0.8,0.7501924899312958,0.7875596052433552,0.894085173226198,0.7501924899312958,480,0,183,287,1.0,0.0,0.6106382978723405,0.3893617021276596
0.9997773766517923,False,0.8,0.7501924899312958,0.7875596052433552,0.894085173226198,0.7501924899312958,480,0,183,287,1.0,0.0,0.6106382978723405,0.3893617021276596
0.9997851252555563,False,0.7989473684210526,0.7492004264392325,0.7864985891301681,0.8936677561309067,0.7492004264392325,480,0,184,286,1.0,0.0,0.6085106382978723,0.39148936170212767
0.9997851252555847,False,0.7989473684210526,0.7492004264392325,0.7864985891301681,0.8936677561309067,0.7492004264392325,480,0,184,286,1.0,0.0,0.6085106382978723,0.39148936170212767
0.9997851252556131,False,0.7989473684210526,0.7492004264392325,0.7864985891301681,0.8936677561309067,0.7492004264392325,480,0,184,286,1.0,0.0,0.6085106382978723,0.39148936170212767
0.9997964501380636,False,0.7978947368421052,0.7482083629471689,0.7854349026033259,0.8932508669468033,0.7482083629471689,480,0,185,285,1.0,0.0,0.6063829787234043,0.39361702127659576
0.999796450138092,False,0.7978947368421052,0.7482083629471689,0.7854349026033259,0.8932508669468033,0.7482083629471689,480,0,185,285,1.0,0.0,0.6063829787234043,0.39361702127659576
0.9997964501381205,False,0.7978947368421052,0.7482083629471689,0.7854349026033259,0.8932508669468033,0.7482083629471689,480,0,185,285,1.0,0.0,0.6063829787234043,0.39361702127659576
0.9998036026954367,False,0.7968421052631579,0.7472162994551055,0.7843685268752875,0.8928344918266532,0.7472162994551055,480,0,186,284,1.0,0.0,0.6042553191489362,0.39574468085106385
0.9998036026954651,False,0.7968421052631579,0.7472162994551055,0.7843685268752875,0.8928344918266532,0.7472162994551055,480,0,186,284,1.0,0.0,0.6042553191489362,0.39574468085106385
0.9998036026954935,False,0.7968421052631579,0.7472162994551055,0.7843685268752875,0.8928344918266532,0.7472162994551055,480,0,186,284,1.0,0.0,0.6042553191489362,0.39574468085106385
0.9998057484626486,False,0.7957894736842105,0.7462242359630419,0.7832994430277962,0.8924186167638909,0.7462242359630419,480,0,187,283,1.0,0.0,0.6021276595744681,0.39787234042553193
0.999805748462677,False,0.7957894736842105,0.7462242359630419,0.7832994430277962,0.8924186167638909,0.7462242359630419,480,0,187,283,1.0,0.0,0.6021276595744681,0.39787234042553193
0.9998057484627054,False,0.7957894736842105,0.7462242359630419,0.7832994430277962,0.8924186167638909,0.7462242359630419,480,0,187,283,1.0,0.0,0.6021276595744681,0.39787234042553193
0.9998241066932394,False,0.7947368421052632,0.7452321724709784,0.7822276320105795,0.8920032275873785,0.7452321724709784,480,0,188,282,1.0,0.0,0.6,0.4
0.9998241066932678,False,0.7947368421052632,0.7452321724709784,0.7822276320105795,0.8920032275873785,0.7452321724709784,480,0,188,282,1.0,0.0,0.6,0.4
0.9998241066932962,False,0.7947368421052632,0.7452321724709784,0.7822276320105795,0.8920032275873785,0.7452321724709784,480,0,188,282,1.0,0.0,0.6,0.4
0.999830842018099,False,0.7936842105263158,0.7427446102819237,0.7802461047184964,0.8916070691495346,0.7427446102819237,480,0,189,281,1.0,0.0,0.597872340425532,0.4021276595744681
0.9998308420181274,False,0.7936842105263158,0.7427446102819237,0.7802461047184964,0.8916070691495346,0.7427446102819237,480,0,189,281,1.0,0.0,0.597872340425532,0.4021276595744681
0.9998308420181559,False,0.7936842105263158,0.7427446102819237,0.7802461047184964,0.8916070691495346,0.7427446102819237,480,0,189,281,1.0,0.0,0.597872340425532,0.4021276595744681
0.9998387098312094,False,0.7926315789473685,0.7417525467898601,0.7791719692583353,0.891193220259464,0.7417525467898601,480,0,190,280,1.0,0.0,0.5957446808510638,0.40425531914893614
0.9998387098312378,False,0.7926315789473685,0.7417525467898601,0.7791719692583353,0.891193220259464,0.7417525467898601,480,0,190,280,1.0,0.0,0.5957446808510638,0.40425531914893614
0.9998387098312662,False,0.7926315789473685,0.7417525467898601,0.7791719692583353,0.891193220259464,0.7417525467898601,480,0,190,280,1.0,0.0,0.5957446808510638,0.40425531914893614
0.9998402595519735,False,0.791578947368421,0.7407604832977966,0.7780950670268956,0.890779823619591,0.7407604832977966,480,0,191,279,1.0,0.0,0.5936170212765958,0.40638297872340423
0.999840259552002,False,0.791578947368421,0.7407604832977966,0.7780950670268956,0.890779823619591,0.7407604832977966,480,0,191,279,1.0,0.0,0.5936170212765958,0.40638297872340423
0.9998402595520304,False,0.791578947368421,0.7407604832977966,0.7780950670268956,0.890779823619591,0.7407604832977966,480,0,191,279,1.0,0.0,0.5936170212765958,0.40638297872340423
0.9998444318771078,False,0.7905263157894736,0.738272921108742,0.7760994134201337,0.8903860281840646,0.738272921108742,480,0,192,278,1.0,0.0,0.5914893617021276,0.4085106382978723
0.9998444318771362,False,0.7905263157894736,0.738272921108742,0.7760994134201337,0.8903860281840646,0.738272921108742,480,0,192,278,1.0,0.0,0.5914893617021276,0.4085106382978723
0.9998444318771647,False,0.7905263157894736,0.738272921108742,0.7760994134201337,0.8903860281840646,0.738272921108742,480,0,192,278,1.0,0.0,0.5914893617021276,0.4085106382978723
0.9998462200164511,False,0.7894736842105263,0.7372808576166786,0.7750201435897411,0.8899741236164779,0.7372808576166786,480,0,193,277,1.0,0.0,0.5893617021276596,0.4106382978723404
0.9998462200164795,False,0.7894736842105263,0.7372808576166786,0.7750201435897411,0.8899741236164779,0.7372808576166786,480,0,193,277,1.0,0.0,0.5893617021276596,0.4106382978723404
0.9998462200165079,False,0.7894736842105263,0.7372808576166786,0.7750201435897411,0.8899741236164779,0.7372808576166786,480,0,193,277,1.0,0.0,0.5893617021276596,0.4106382978723404
0.9998484849929525,False,0.7884210526315789,0.736288794124615,0.7739380668614882,0.8895626370790866,0.736288794124615,480,0,194,276,1.0,0.0,0.5872340425531914,0.4127659574468085
0.999848484992981,False,0.7884210526315789,0.736288794124615,0.7739380668614882,0.8895626370790866,0.736288794124615,480,0,194,276,1.0,0.0,0.5872340425531914,0.4127659574468085
0.9998484849930094,False,0.7884210526315789,0.736288794124615,0.7739380668614882,0.8895626370790866,0.736288794124615,480,0,194,276,1.0,0.0,0.5872340425531914,0.4127659574468085
0.9998490810394003,False,0.7873684210526316,0.7352967306325516,0.7728531635125323,0.8891515535492728,0.7352967306325516,480,0,195,275,1.0,0.0,0.5851063829787234,0.4148936170212766
0.9998490810394287,False,0.7873684210526316,0.7352967306325516,0.7728531635125323,0.8891515535492728,0.7352967306325516,480,0,195,275,1.0,0.0,0.5851063829787234,0.4148936170212766
0.9998490810394571,False,0.7873684210526316,0.7352967306325516,0.7728531635125323,0.8891515535492728,0.7352967306325516,480,0,195,275,1.0,0.0,0.5851063829787234,0.4148936170212766
0.9998545646667196,False,0.7863157894736842,0.734304667140488,0.7717654136798577,0.8887408578044029,0.734304667140488,480,0,196,274,1.0,0.0,0.5829787234042553,0.41702127659574467
0.999854564666748,False,0.7863157894736842,0.734304667140488,0.7717654136798577,0.8887408578044029,0.734304667140488,480,0,196,274,1.0,0.0,0.5829787234042553,0.41702127659574467
0.9998545646667765,False,0.7863157894736842,0.734304667140488,0.7717654136798577,0.8887408578044029,0.734304667140488,480,0,196,274,1.0,0.0,0.5829787234042553,0.41702127659574467
0.9998575448989584,False,0.7852631578947369,0.7333126036484247,0.7706747973588683,0.8883305344153372,0.7333126036484247,480,0,197,273,1.0,0.0,0.5808510638297872,0.41914893617021276
0.9998575448989868,False,0.7852631578947369,0.7333126036484247,0.7706747973588683,0.8883305344153372,0.7333126036484247,480,0,197,273,1.0,0.0,0.5808510638297872,0.41914893617021276
0.9998575448990152,False,0.7852631578947369,0.7333126036484247,0.7706747973588683,0.8883305344153372,0.7333126036484247,480,0,197,273,1.0,0.0,0.5808510638297872,0.41914893617021276
0.9998598098754599,False,0.7842105263157895,0.7308250414593699,0.7686660453058867,0.8879421398367274,0.7308250414593699,480,0,198,272,1.0,0.0,0.5787234042553191,0.42127659574468085
0.9998598098754883,False,0.7842105263157895,0.7308250414593699,0.7686660453058867,0.8879421398367274,0.7308250414593699,480,0,198,272,1.0,0.0,0.5787234042553191,0.42127659574468085
0.9998598098755167,False,0.7842105263157895,0.7308250414593699,0.7686660453058867,0.8879421398367274,0.7308250414593699,480,0,198,272,1.0,0.0,0.5787234042553191,0.42127659574468085
0.9998601675033285,False,0.783157894736842,0.7283374792703151,0.7666419026209655,0.8875538872178389,0.7283374792703151,480,0,199,271,1.0,0.0,0.5765957446808511,0.42340425531914894
0.9998601675033569,False,0.783157894736842,0.7283374792703151,0.7666419026209655,0.8875538872178389,0.7283374792703151,480,0,199,271,1.0,0.0,0.5765957446808511,0.42340425531914894
0.9998601675033854,False,0.783157894736842,0.7283374792703151,0.7666419026209655,0.8875538872178389,0.7283374792703151,480,0,199,271,1.0,0.0,0.5765957446808511,0.42340425531914894
0.9998607635497763,False,0.7821052631578947,0.7273454157782515,0.7655492228968571,0.8871459694989108,0.7273454157782515,480,0,200,270,1.0,0.0,0.574468085106383,0.425531914893617
0.9998607635498047,False,0.7821052631578947,0.7273454157782515,0.7655492228968571,0.8871459694989108,0.7273454157782515,480,0,200,270,1.0,0.0,0.574468085106383,0.425531914893617
0.9998607635498331,False,0.7821052631578947,0.7273454157782515,0.7655492228968571,0.8871459694989108,0.7273454157782515,480,0,200,270,1.0,0.0,0.574468085106383,0.425531914893617
0.9998614788055136,False,0.7810526315789473,0.7263533522861881,0.7644536341166507,0.8867383835980789,0.7263533522861881,480,0,201,269,1.0,0.0,0.5723404255319149,0.4276595744680851
0.999861478805542,False,0.7810526315789473,0.7263533522861881,0.7644536341166507,0.8867383835980789,0.7263533522861881,480,0,201,269,1.0,0.0,0.5723404255319149,0.4276595744680851
0.9998614788055704,False,0.7810526315789473,0.7263533522861881,0.7644536341166507,0.8867383835980789,0.7263533522861881,480,0,201,269,1.0,0.0,0.5723404255319149,0.4276595744680851
0.9998642206191732,False,0.78,0.7253612887941246,0.7633551158497246,0.8863311134786307,0.7253612887941246,480,0,202,268,1.0,0.0,0.5702127659574469,0.4297872340425532
0.9998642206192017,False,0.78,0.7253612887941246,0.7633551158497246,0.8863311134786307,0.7253612887941246,480,0,202,268,1.0,0.0,0.5702127659574469,0.4297872340425532
0.9998642206192301,False,0.78,0.7253612887941246,0.7633551158497246,0.8863311134786307,0.7253612887941246,480,0,202,268,1.0,0.0,0.5702127659574469,0.4297872340425532
0.9998651742934896,False,0.7789473684210526,0.7243692253020612,0.76225364751805,0.8859241428688286,0.7243692253020612,480,0,203,267,1.0,0.0,0.5680851063829787,0.4319148936170213
0.9998651742935181,False,0.7789473684210526,0.7243692253020612,0.76225364751805,0.8859241428688286,0.7243692253020612,480,0,203,267,1.0,0.0,0.5680851063829787,0.4319148936170213
0.9998651742935465,False,0.7789473684210526,0.7243692253020612,0.76225364751805,0.8859241428688286,0.7243692253020612,480,0,203,267,1.0,0.0,0.5680851063829787,0.4319148936170213
0.9998657703399374,False,0.7778947368421053,0.7233771618099976,0.761149208394698,0.8855174552542974,0.7233771618099976,480,0,204,266,1.0,0.0,0.5659574468085107,0.4340425531914894
0.9998657703399658,False,0.7778947368421053,0.7233771618099976,0.761149208394698,0.8855174552542974,0.7233771618099976,480,0,204,266,1.0,0.0,0.5659574468085107,0.4340425531914894
0.9998657703399942,False,0.7778947368421053,0.7233771618099976,0.761149208394698,0.8855174552542974,0.7233771618099976,480,0,204,266,1.0,0.0,0.5659574468085107,0.4340425531914894
0.9998685121535971,False,0.7768421052631579,0.7223850983179342,0.7600417776023338,0.885111033870158,0.7223850983179342,480,0,205,265,1.0,0.0,0.5638297872340425,0.43617021276595747
0.9998685121536255,False,0.7768421052631579,0.7223850983179342,0.7600417776023338,0.885111033870158,0.7223850983179342,480,0,205,265,1.0,0.0,0.5638297872340425,0.43617021276595747
0.9998685121536539,False,0.7768421052631579,0.7223850983179342,0.7600417776023338,0.885111033870158,0.7223850983179342,480,0,205,265,1.0,0.0,0.5638297872340425,0.43617021276595747
0.9998745918273642,False,0.7757894736842105,0.7213930348258707,0.7589313341116893,0.8847048616928982,0.7213930348258707,480,0,206,264,1.0,0.0,0.5617021276595745,0.43829787234042555
0.9998745918273926,False,0.7757894736842105,0.7213930348258707,0.7589313341116893,0.8847048616928982,0.7213930348258707,480,0,206,264,1.0,0.0,0.5617021276595745,0.43829787234042555
0.999874591827421,False,0.7757894736842105,0.7213930348258707,0.7589313341116893,0.8847048616928982,0.7213930348258707,480,0,206,264,1.0,0.0,0.5617021276595745,0.43829787234042555
0.9998755455016806,False,0.7747368421052632,0.7189054726368159,0.7568944351807838,0.8843237475516693,0.7189054726368159,480,0,207,263,1.0,0.0,0.5595744680851064,0.44042553191489364
0.999875545501709,False,0.7747368421052632,0.7189054726368159,0.7568944351807838,0.8843237475516693,0.7189054726368159,480,0,207,263,1.0,0.0,0.5595744680851064,0.44042553191489364
0.9998755455017374,False,0.7747368421052632,0.7189054726368159,0.7568944351807838,0.8843237475516693,0.7189054726368159,480,0,207,263,1.0,0.0,0.5595744680851064,0.44042553191489364
0.9998856782912924,False,0.7736842105263158,0.7179134091447524,0.7557813604962226,0.883918794207872,0.7179134091447524,480,0,208,262,1.0,0.0,0.5574468085106383,0.4425531914893617
0.9998856782913208,False,0.7736842105263158,0.7179134091447524,0.7557813604962226,0.883918794207872,0.7179134091447524,480,0,208,262,1.0,0.0,0.5574468085106383,0.4425531914893617
0.9998856782913492,False,0.7736842105263158,0.7179134091447524,0.7557813604962226,0.883918794207872,0.7179134091447524,480,0,208,262,1.0,0.0,0.5574468085106383,0.4425531914893617
0.9998885393142416,False,0.7726315789473684,0.716921345652689,0.7546652295594437,0.8835140509169627,0.716921345652689,480,0,209,261,1.0,0.0,0.5553191489361702,0.44468085106382976
0.99988853931427,False,0.7726315789473684,0.716921345652689,0.7546652295594437,0.8835140509169627,0.716921345652689,480,0,209,261,1.0,0.0,0.5553191489361702,0.44468085106382976
0.9998885393142984,False,0.7726315789473684,0.716921345652689,0.7546652295594437,0.8835140509169627,0.716921345652689,480,0,209,261,1.0,0.0,0.5553191489361702,0.44468085106382976
0.9998892545699789,False,0.7705263157894737,0.714937218668562,0.7524237128075519,0.8827051228953507,0.714937218668562,480,0,211,259,1.0,0.0,0.551063829787234,0.44893617021276594
0.9998892545700073,False,0.7705263157894737,0.714937218668562,0.7524237128075519,0.8827051228953507,0.714937218668562,480,0,211,259,1.0,0.0,0.551063829787234,0.44893617021276594
0.9998892545700357,False,0.7705263157894737,0.714937218668562,0.7524237128075519,0.8827051228953507,0.714937218668562,480,0,211,259,1.0,0.0,0.551063829787234,0.44893617021276594
0.9998975992202475,False,0.7694736842105263,0.7139451551764985,0.7512982835344095,0.8823009016203495,0.7139451551764985,480,0,212,258,1.0,0.0,0.548936170212766,0.451063829787234
0.9998975992202759,False,0.7694736842105263,0.7139451551764985,0.7512982835344095,0.8823009016203495,0.7139451551764985,480,0,212,258,1.0,0.0,0.548936170212766,0.451063829787234
0.9998975992203043,False,0.7694736842105263,0.7139451551764985,0.7512982835344095,0.8823009016203495,0.7139451551764985,480,0,212,258,1.0,0.0,0.548936170212766,0.451063829787234
0.9998983144759848,False,0.7684210526315789,0.712953091684435,0.7501697110897391,0.8818968172900757,0.712953091684435,480,0,213,257,1.0,0.0,0.5468085106382978,0.4531914893617021
0.9998983144760132,False,0.7684210526315789,0.712953091684435,0.7501697110897391,0.8818968172900757,0.712953091684435,480,0,213,257,1.0,0.0,0.5468085106382978,0.4531914893617021
0.9998983144760416,False,0.7684210526315789,0.712953091684435,0.7501697110897391,0.8818968172900757,0.712953091684435,480,0,213,257,1.0,0.0,0.5468085106382978,0.4531914893617021
0.999898791313143,False,0.7673684210526316,0.7104655294953802,0.7481193775912686,0.8815215764063026,0.7104655294953802,480,0,214,256,1.0,0.0,0.5446808510638298,0.4553191489361702
0.9998987913131714,False,0.7673684210526316,0.7104655294953802,0.7481193775912686,0.8815215764063026,0.7104655294953802,480,0,214,256,1.0,0.0,0.5446808510638298,0.4553191489361702
0.9998987913131998,False,0.7673684210526316,0.7104655294953802,0.7481193775912686,0.8815215764063026,0.7104655294953802,480,0,214,256,1.0,0.0,0.5446808510638298,0.4553191489361702
0.9999005794524862,False,0.7663157894736842,0.7094734660033168,0.7469880353683914,0.8811185673127259,0.7094734660033168,480,0,215,255,1.0,0.0,0.5425531914893617,0.4574468085106383
0.9999005794525146,False,0.7663157894736842,0.7094734660033168,0.7469880353683914,0.8811185673127259,0.7094734660033168,480,0,215,255,1.0,0.0,0.5425531914893617,0.4574468085106383
0.9999005794525431,False,0.7663157894736842,0.7094734660033168,0.7469880353683914,0.8811185673127259,0.7094734660033168,480,0,215,255,1.0,0.0,0.5425531914893617,0.4574468085106383
0.9999022483825399,False,0.7652631578947369,0.7084814025112532,0.745853504533072,0.880715652578968,0.7084814025112532,480,0,216,254,1.0,0.0,0.5404255319148936,0.4595744680851064
0.9999022483825684,False,0.7652631578947369,0.7084814025112532,0.745853504533072,0.880715652578968,0.7084814025112532,480,0,216,254,1.0,0.0,0.5404255319148936,0.4595744680851064
0.9999022483825968,False,0.7652631578947369,0.7084814025112532,0.745853504533072,0.880715652578968,0.7084814025112532,480,0,216,254,1.0,0.0,0.5404255319148936,0.4595744680851064
0.9999023675918295,False,0.7642105263157895,0.7074893390191898,0.7447157626238715,0.8803128124864137,0.7074893390191898,480,0,217,253,1.0,0.0,0.5382978723404256,0.46170212765957447
0.9999023675918579,False,0.7642105263157895,0.7074893390191898,0.7447157626238715,0.8803128124864137,0.7074893390191898,480,0,217,253,1.0,0.0,0.5382978723404256,0.46170212765957447
0.9999023675918863,False,0.7642105263157895,0.7074893390191898,0.7447157626238715,0.8803128124864137,0.7074893390191898,480,0,217,253,1.0,0.0,0.5382978723404256,0.46170212765957447
0.9999061822890951,False,0.7631578947368421,0.705001776830135,0.7426505530527189,0.8799403979524522,0.705001776830135,480,0,218,252,1.0,0.0,0.5361702127659574,0.46382978723404256
0.9999061822891235,False,0.7631578947368421,0.705001776830135,0.7426505530527189,0.8799403979524522,0.705001776830135,480,0,218,252,1.0,0.0,0.5361702127659574,0.46382978723404256
0.999906182289152,False,0.7631578947368421,0.705001776830135,0.7426505530527189,0.8799403979524522,0.705001776830135,480,0,218,252,1.0,0.0,0.5361702127659574,0.46382978723404256
0.9999091625213339,False,0.7621052631578947,0.7040097133380715,0.7415099689513699,0.8795385534142451,0.7040097133380715,480,0,219,251,1.0,0.0,0.5340425531914894,0.46595744680851064
0.9999091625213623,False,0.7621052631578947,0.7040097133380715,0.7415099689513699,0.8795385534142451,0.7040097133380715,480,0,219,251,1.0,0.0,0.5340425531914894,0.46595744680851064
0.9999091625213907,False,0.7621052631578947,0.7040097133380715,0.7415099689513699,0.8795385534142451,0.7040097133380715,480,0,219,251,1.0,0.0,0.5340425531914894,0.46595744680851064
0.9999095201492025,False,0.7610526315789473,0.703017649846008,0.7403661273514639,0.8791367389632674,0.703017649846008,480,0,220,250,1.0,0.0,0.5319148936170213,0.46808510638297873
0.999909520149231,False,0.7610526315789473,0.703017649846008,0.7403661273514639,0.8791367389632674,0.703017649846008,480,0,220,250,1.0,0.0,0.5319148936170213,0.46808510638297873
0.9999095201492594,False,0.7610526315789473,0.703017649846008,0.7403661273514639,0.8791367389632674,0.703017649846008,480,0,220,250,1.0,0.0,0.5319148936170213,0.46808510638297873
0.9999103546142294,False,0.76,0.7020255863539445,0.7392190052850126,0.8787349337958483,0.7020255863539445,480,0,221,249,1.0,0.0,0.5297872340425532,0.4702127659574468
0.9999103546142578,False,0.76,0.7020255863539445,0.7392190052850126,0.8787349337958483,0.7020255863539445,480,0,221,249,1.0,0.0,0.5297872340425532,0.4702127659574468
0.9999103546142862,False,0.76,0.7020255863539445,0.7392190052850126,0.8787349337958483,0.7020255863539445,480,0,221,249,1.0,0.0,0.5297872340425532,0.4702127659574468
0.9999167919158651,False,0.7589473684210526,0.701033522861881,0.7380685796105156,0.8783331167139262,0.701033522861881,480,0,222,248,1.0,0.0,0.5276595744680851,0.4723404255319149
0.9999167919158936,False,0.7589473684210526,0.701033522861881,0.7380685796105156,0.8783331167139262,0.701033522861881,480,0,222,248,1.0,0.0,0.5276595744680851,0.4723404255319149
0.999916791915922,False,0.7589473684210526,0.701033522861881,0.7380685796105156,0.8783331167139262,0.701033522861881,480,0,222,248,1.0,0.0,0.5276595744680851,0.4723404255319149
0.9999206066131308,False,0.7578947368421053,0.7000414593698175,0.7369148270111633,0.8779312661118469,0.7000414593698175,480,0,223,247,1.0,0.0,0.5255319148936171,0.474468085106383
0.9999206066131592,False,0.7578947368421053,0.7000414593698175,0.7369148270111633,0.8779312661118469,0.7000414593698175,480,0,223,247,1.0,0.0,0.5255319148936171,0.474468085106383
0.9999206066131876,False,0.7578947368421053,0.7000414593698175,0.7369148270111633,0.8779312661118469,0.7000414593698175,480,0,223,247,1.0,0.0,0.5255319148936171,0.474468085106383
0.9999239444732382,False,0.7568421052631579,0.699049395877754,0.7357577239930181,0.8775293599626716,0.699049395877754,480,0,224,246,1.0,0.0,0.5234042553191489,0.4765957446808511
0.9999239444732666,False,0.7568421052631579,0.699049395877754,0.7357577239930181,0.8775293599626716,0.699049395877754,480,0,224,246,1.0,0.0,0.5234042553191489,0.4765957446808511
0.999923944473295,False,0.7568421052631579,0.699049395877754,0.7357577239930181,0.8775293599626716,0.699049395877754,480,0,224,246,1.0,0.0,0.5234042553191489,0.4765957446808511
0.999925851821871,False,0.7557894736842106,0.6980573323856906,0.7345972468831738,0.8771273758039734,0.6980573323856906,480,0,225,245,1.0,0.0,0.5212765957446809,0.4787234042553192
0.9999258518218994,False,0.7557894736842106,0.6980573323856906,0.7345972468831738,0.8771273758039734,0.6980573323856906,480,0,225,245,1.0,0.0,0.5212765957446809,0.4787234042553192
0.9999258518219278,False,0.7557894736842106,0.6980573323856906,0.7345972468831738,0.8771273758039734,0.6980573323856906,480,0,225,245,1.0,0.0,0.5212765957446809,0.4787234042553192
0.9999276399612143,False,0.7547368421052632,0.6955697701966358,0.7325184652334737,0.8767613650104534,0.6955697701966358,480,0,226,244,1.0,0.0,0.5191489361702127,0.4808510638297872
0.9999276399612427,False,0.7547368421052632,0.6955697701966358,0.7325184652334737,0.8767613650104534,0.6955697701966358,480,0,226,244,1.0,0.0,0.5191489361702127,0.4808510638297872
0.9999276399612711,False,0.7547368421052632,0.6955697701966358,0.7325184652334737,0.8767613650104534,0.6955697701966358,480,0,226,244,1.0,0.0,0.5191489361702127,0.4808510638297872
0.9999296665191366,False,0.7536842105263157,0.6945777067045724,0.7313549738202543,0.8763601892914602,0.6945777067045724,480,0,227,243,1.0,0.0,0.5170212765957447,0.4829787234042553
0.999929666519165,False,0.7536842105263157,0.6945777067045724,0.7313549738202543,0.8763601892914602,0.6945777067045724,480,0,227,243,1.0,0.0,0.5170212765957447,0.4829787234042553
0.9999296665191935,False,0.7536842105263157,0.6945777067045724,0.7313549738202543,0.8763601892914602,0.6945777067045724,480,0,227,243,1.0,0.0,0.5170212765957447,0.4829787234042553
0.9999299049377157,False,0.7526315789473684,0.6935856432125088,0.7301880594563522,0.8759588854188776,0.6935856432125088,480,0,228,242,1.0,0.0,0.5148936170212766,0.4851063829787234
0.9999299049377441,False,0.7526315789473684,0.6935856432125088,0.7301880594563522,0.8759588854188776,0.6935856432125088,480,0,228,242,1.0,0.0,0.5148936170212766,0.4851063829787234
0.9999299049377726,False,0.7526315789473684,0.6935856432125088,0.7301880594563522,0.8759588854188776,0.6935856432125088,480,0,228,242,1.0,0.0,0.5148936170212766,0.4851063829787234
0.9999337196349813,False,0.751578947368421,0.6925935797204454,0.7290176979239481,0.8755574295548499,0.6925935797204454,480,0,229,241,1.0,0.0,0.5127659574468085,0.48723404255319147
0.9999337196350098,False,0.751578947368421,0.6925935797204454,0.7290176979239481,0.8755574295548499,0.6925935797204454,480,0,229,241,1.0,0.0,0.5127659574468085,0.48723404255319147
0.9999337196350382,False,0.751578947368421,0.6925935797204454,0.7290176979239481,0.8755574295548499,0.6925935797204454,480,0,229,241,1.0,0.0,0.5127659574468085,0.48723404255319147
0.9999366998672201,False,0.7505263157894737,0.6916015162283818,0.7278438648186546,0.8751557973634619,0.6916015162283818,480,0,230,240,1.0,0.0,0.5106382978723404,0.48936170212765956
0.9999366998672485,False,0.7505263157894737,0.6916015162283818,0.7278438648186546,0.8751557973634619,0.6916015162283818,480,0,230,240,1.0,0.0,0.5106382978723404,0.48936170212765956
0.999936699867277,False,0.7505263157894737,0.6916015162283818,0.7278438648186546,0.8751557973634619,0.6916015162283818,480,0,230,240,1.0,0.0,0.5106382978723404,0.48936170212765956
0.9999386072158529,False,0.7494736842105263,0.6891139540393271,0.7257500867915573,0.8747932467962252,0.6891139540393271,480,0,231,239,1.0,0.0,0.5085106382978724,0.49148936170212765
0.9999386072158813,False,0.7494736842105263,0.6891139540393271,0.7257500867915573,0.8747932467962252,0.6891139540393271,480,0,231,239,1.0,0.0,0.5085106382978724,0.49148936170212765
0.9999386072159098,False,0.7494736842105263,0.6891139540393271,0.7257500867915573,0.8747932467962252,0.6891139540393271,480,0,231,239,1.0,0.0,0.5085106382978724,0.49148936170212765
0.9999402761459066,False,0.748421052631579,0.6866263918502725,0.7236395500260322,0.8744305008349952,0.6866263918502725,480,0,232,238,1.0,0.0,0.5063829787234042,0.49361702127659574
0.9999402761459351,False,0.748421052631579,0.6866263918502725,0.7236395500260322,0.8744305008349952,0.6866263918502725,480,0,232,238,1.0,0.0,0.5063829787234042,0.49361702127659574
0.9999402761459635,False,0.748421052631579,0.6866263918502725,0.7236395500260322,0.8744305008349952,0.6866263918502725,480,0,232,238,1.0,0.0,0.5063829787234042,0.49361702127659574
0.9999411106109335,False,0.7473684210526316,0.6856343283582089,0.7224629774634065,0.8740304443422998,0.6856343283582089,480,0,233,237,1.0,0.0,0.5042553191489362,0.4957446808510638
0.9999411106109619,False,0.7473684210526316,0.6856343283582089,0.7224629774634065,0.8740304443422998,0.6856343283582089,480,0,233,237,1.0,0.0,0.5042553191489362,0.4957446808510638
0.9999411106109903,False,0.7473684210526316,0.6856343283582089,0.7224629774634065,0.8740304443422998,0.6856343283582089,480,0,233,237,1.0,0.0,0.5042553191489362,0.4957446808510638
0.999942302703829,False,0.7463157894736843,0.6846422648661455,0.7212828820494915,0.8736301538159124,0.6846422648661455,480,0,234,236,1.0,0.0,0.502127659574468,0.4978723404255319
0.9999423027038574,False,0.7463157894736843,0.6846422648661455,0.7212828820494915,0.8736301538159124,0.6846422648661455,480,0,234,236,1.0,0.0,0.502127659574468,0.4978723404255319
0.9999423027038858,False,0.7463157894736843,0.6846422648661455,0.7212828820494915,0.8736301538159124,0.6846422648661455,480,0,234,236,1.0,0.0,0.502127659574468,0.4978723404255319
0.9999427795409872,False,0.7452631578947368,0.6821547026770908,0.7191561015786757,0.8732689314490202,0.6821547026770908,480,0,235,235,1.0,0.0,0.5,0.5
0.9999427795410156,False,0.7452631578947368,0.6821547026770908,0.7191561015786757,0.8732689314490202,0.6821547026770908,480,0,235,235,1.0,0.0,0.5,0.5
0.999942779541044,False,0.7452631578947368,0.6821547026770908,0.7191561015786757,0.8732689314490202,0.6821547026770908,480,0,235,235,1.0,0.0,0.5,0.5
0.9999444484710409,False,0.7442105263157894,0.6811626391850272,0.7179728333830359,0.8728692564478937,0.6811626391850272,480,0,236,234,1.0,0.0,0.4978723404255319,0.502127659574468
0.9999444484710693,False,0.7442105263157894,0.6811626391850272,0.7179728333830359,0.8728692564478937,0.6811626391850272,480,0,236,234,1.0,0.0,0.4978723404255319,0.502127659574468
0.9999444484710978,False,0.7442105263157894,0.6811626391850272,0.7179728333830359,0.8728692564478937,0.6811626391850272,480,0,236,234,1.0,0.0,0.4978723404255319,0.502127659574468
0.9999445676803305,False,0.7431578947368421,0.6801705756929638,0.7167859912625051,0.8724692913915074,0.6801705756929638,480,0,237,233,1.0,0.0,0.4957446808510638,0.5042553191489362
0.9999445676803589,False,0.7431578947368421,0.6801705756929638,0.7167859912625051,0.8724692913915074,0.6801705756929638,480,0,237,233,1.0,0.0,0.4957446808510638,0.5042553191489362
0.9999445676803873,False,0.7431578947368421,0.6801705756929638,0.7167859912625051,0.8724692913915074,0.6801705756929638,480,0,237,233,1.0,0.0,0.4957446808510638,0.5042553191489362
0.9999463558196737,False,0.7421052631578947,0.6791785122009003,0.7155955498595071,0.8720690092444331,0.6791785122009003,480,0,238,232,1.0,0.0,0.49361702127659574,0.5063829787234042
0.9999463558197021,False,0.7421052631578947,0.6791785122009003,0.7155955498595071,0.8720690092444331,0.6791785122009003,480,0,238,232,1.0,0.0,0.49361702127659574,0.5063829787234042
0.9999463558197306,False,0.7421052631578947,0.6791785122009003,0.7155955498595071,0.8720690092444331,0.6791785122009003,480,0,238,232,1.0,0.0,0.49361702127659574,0.5063829787234042
0.9999464750289633,False,0.7410526315789474,0.6766909500118455,0.7134526481116853,0.8717101006874571,0.6766909500118455,480,0,239,231,1.0,0.0,0.49148936170212765,0.5085106382978724
0.9999464750289917,False,0.7410526315789474,0.6766909500118455,0.7134526481116853,0.8717101006874571,0.6766909500118455,480,0,239,231,1.0,0.0,0.49148936170212765,0.5085106382978724
0.9999464750290201,False,0.7410526315789474,0.6766909500118455,0.7134526481116853,0.8717101006874571,0.6766909500118455,480,0,239,231,1.0,0.0,0.49148936170212765,0.5085106382978724
0.9999468326568319,False,0.74,0.675698886519782,0.712258953168044,0.8713103347249689,0.675698886519782,480,0,240,230,1.0,0.0,0.48936170212765956,0.5106382978723404
0.9999468326568604,False,0.74,0.675698886519782,0.712258953168044,0.8713103347249689,0.675698886519782,480,0,240,230,1.0,0.0,0.48936170212765956,0.5106382978723404
0.9999468326568888,False,0.74,0.675698886519782,0.712258953168044,0.8713103347249689,0.675698886519782,480,0,240,230,1.0,0.0,0.48936170212765956,0.5106382978723404
0.9999489784240438,False,0.74,0.675698886519782,0.7124418689509374,0.8731777658573098,0.675698886519782,480,0,241,229,1.0,0.0,0.48723404255319147,0.5127659574468085
0.9999489784240723,False,0.74,0.675698886519782,0.7124418689509374,0.8731777658573098,0.675698886519782,480,0,241,229,1.0,0.0,0.48723404255319147,0.5127659574468085
0.9999489784241007,False,0.74,0.675698886519782,0.7124418689509374,0.8731777658573098,0.675698886519782,480,0,241,229,1.0,0.0,0.48723404255319147,0.5127659574468085
0.9999504089355185,False,0.7389473684210527,0.6732113243307273,0.7102822167098255,0.8728202200479385,0.6732113243307273,480,0,242,228,1.0,0.0,0.4851063829787234,0.5148936170212766
0.9999504089355469,False,0.7389473684210527,0.6732113243307273,0.7102822167098255,0.8728202200479385,0.6732113243307273,480,0,242,228,1.0,0.0,0.4851063829787234,0.5148936170212766
0.9999504089355753,False,0.7389473684210527,0.6732113243307273,0.7102822167098255,0.8728202200479385,0.6732113243307273,480,0,242,228,1.0,0.0,0.4851063829787234,0.5148936170212766
0.9999507665633871,False,0.7378947368421053,0.6722192608386638,0.7090844249022336,0.8724360535276493,0.6722192608386638,480,0,243,227,1.0,0.0,0.4829787234042553,0.5170212765957447
0.9999507665634155,False,0.7378947368421053,0.6722192608386638,0.7090844249022336,0.8724360535276493,0.6722192608386638,480,0,243,227,1.0,0.0,0.4829787234042553,0.5170212765957447
0.999950766563444,False,0.7378947368421053,0.6722192608386638,0.7090844249022336,0.8724360535276493,0.6722192608386638,480,0,243,227,1.0,0.0,0.4829787234042553,0.5170212765957447
0.9999510049819662,False,0.7368421052631579,0.6712271973466004,0.7078829404410799,0.8720516625937765,0.6712271973466004,480,0,244,226,1.0,0.0,0.4808510638297872,0.5191489361702127
0.9999510049819946,False,0.7368421052631579,0.6712271973466004,0.7078829404410799,0.8720516625937765,0.6712271973466004,480,0,244,226,1.0,0.0,0.4808510638297872,0.5191489361702127
0.999951004982023,False,0.7368421052631579,0.6712271973466004,0.7078829404410799,0.8720516625937765,0.6712271973466004,480,0,244,226,1.0,0.0,0.4808510638297872,0.5191489361702127
0.9999517202377035,False,0.7357894736842105,0.6702351338545368,0.7066777370345353,0.8716670214275578,0.6702351338545368,480,0,245,225,1.0,0.0,0.4787234042553192,0.5212765957446809
0.9999517202377319,False,0.7357894736842105,0.6702351338545368,0.7066777370345353,0.8716670214275578,0.6702351338545368,480,0,245,225,1.0,0.0,0.4787234042553192,0.5212765957446809
0.9999517202377604,False,0.7357894736842105,0.6702351338545368,0.7066777370345353,0.8716670214275578,0.6702351338545368,480,0,245,225,1.0,0.0,0.4787234042553192,0.5212765957446809
0.9999521970748617,False,0.7347368421052631,0.6692430703624733,0.7054687881818916,0.8712821036053359,0.6692430703624733,480,0,246,224,1.0,0.0,0.4765957446808511,0.5234042553191489
0.9999521970748901,False,0.7347368421052631,0.6692430703624733,0.7054687881818916,0.8712821036053359,0.6692430703624733,480,0,246,224,1.0,0.0,0.4765957446808511,0.5234042553191489
0.9999521970749186,False,0.7347368421052631,0.6692430703624733,0.7054687881818916,0.8712821036053359,0.6692430703624733,480,0,246,224,1.0,0.0,0.4765957446808511,0.5234042553191489
0.9999538660049154,False,0.7336842105263158,0.6667555081734186,0.7032928574086931,0.8709275192940943,0.6667555081734186,480,0,247,223,1.0,0.0,0.474468085106383,0.5255319148936171
0.9999538660049438,False,0.7336842105263158,0.6667555081734186,0.7032928574086931,0.8709275192940943,0.6667555081734186,480,0,247,223,1.0,0.0,0.474468085106383,0.5255319148936171
0.9999538660049723,False,0.7336842105263158,0.6667555081734186,0.7032928574086931,0.8709275192940943,0.6667555081734186,480,0,247,223,1.0,0.0,0.474468085106383,0.5255319148936171
0.9999550580978109,False,0.7326315789473684,0.6657634446813552,0.7020805003621629,0.8705431305783419,0.6657634446813552,480,0,248,222,1.0,0.0,0.4723404255319149,0.5276595744680851
0.9999550580978394,False,0.7326315789473684,0.6657634446813552,0.7020805003621629,0.8705431305783419,0.6657634446813552,480,0,248,222,1.0,0.0,0.4723404255319149,0.5276595744680851
0.9999550580978678,False,0.7326315789473684,0.6657634446813552,0.7020805003621629,0.8705431305783419,0.6657634446813552,480,0,248,222,1.0,0.0,0.4723404255319149,0.5276595744680851
0.9999558925628378,False,0.7315789473684211,0.6647713811892916,0.7008643433294033,0.8701584070279894,0.6647713811892916,480,0,249,221,1.0,0.0,0.4702127659574468,0.5297872340425532
0.9999558925628662,False,0.7315789473684211,0.6647713811892916,0.7008643433294033,0.8701584070279894,0.6647713811892916,480,0,249,221,1.0,0.0,0.4702127659574468,0.5297872340425532
0.9999558925628946,False,0.7315789473684211,0.6647713811892916,0.7008643433294033,0.8701584070279894,0.6647713811892916,480,0,249,221,1.0,0.0,0.4702127659574468,0.5297872340425532
0.9999582767486288,False,0.7294736842105263,0.6627872542051646,0.6984205205358488,0.8693878413001473,0.6627872542051646,480,0,251,219,1.0,0.0,0.46595744680851064,0.5340425531914894
0.9999582767486572,False,0.7294736842105263,0.6627872542051646,0.6984205205358488,0.8693878413001473,0.6627872542051646,480,0,251,219,1.0,0.0,0.46595744680851064,0.5340425531914894
0.9999582767486856,False,0.7294736842105263,0.6627872542051646,0.6984205205358488,0.8693878413001473,0.6627872542051646,480,0,251,219,1.0,0.0,0.46595744680851064,0.5340425531914894
0.9999591112136557,False,0.728421052631579,0.6602996920161099,0.6962280334779215,0.8690360846827829,0.6602996920161099,480,0,252,218,1.0,0.0,0.46382978723404256,0.5361702127659574
0.9999591112136841,False,0.728421052631579,0.6602996920161099,0.6962280334779215,0.8690360846827829,0.6602996920161099,480,0,252,218,1.0,0.0,0.46382978723404256,0.5361702127659574
0.9999591112137125,False,0.728421052631579,0.6602996920161099,0.6962280334779215,0.8690360846827829,0.6602996920161099,480,0,252,218,1.0,0.0,0.46382978723404256,0.5361702127659574
0.9999593496322348,False,0.7273684210526316,0.6593076285240463,0.695000672263248,0.8686509995329009,0.6593076285240463,480,0,253,217,1.0,0.0,0.46170212765957447,0.5382978723404256
0.9999593496322632,False,0.7273684210526316,0.6593076285240463,0.695000672263248,0.8686509995329009,0.6593076285240463,480,0,253,217,1.0,0.0,0.46170212765957447,0.5382978723404256
0.9999593496322916,False,0.7273684210526316,0.6593076285240463,0.695000672263248,0.8686509995329009,0.6593076285240463,480,0,253,217,1.0,0.0,0.46170212765957447,0.5382978723404256
0.999961137771578,False,0.7263157894736842,0.658315565031983,0.6937694003053864,0.8682654584884698,0.658315565031983,480,0,254,216,1.0,0.0,0.4595744680851064,0.5404255319148936
0.9999611377716064,False,0.7263157894736842,0.658315565031983,0.6937694003053864,0.8682654584884698,0.658315565031983,480,0,254,216,1.0,0.0,0.4595744680851064,0.5404255319148936
0.9999611377716349,False,0.7263157894736842,0.658315565031983,0.6937694003053864,0.8682654584884698,0.658315565031983,480,0,254,216,1.0,0.0,0.4595744680851064,0.5404255319148936
0.9999613761901571,False,0.7252631578947368,0.6558280028429282,0.691559362004489,0.8679147871014399,0.6558280028429282,480,0,255,215,1.0,0.0,0.4574468085106383,0.5425531914893617
0.9999613761901855,False,0.7252631578947368,0.6558280028429282,0.691559362004489,0.8679147871014399,0.6558280028429282,480,0,255,215,1.0,0.0,0.4574468085106383,0.5425531914893617
0.999961376190214,False,0.7252631578947368,0.6558280028429282,0.691559362004489,0.8679147871014399,0.6558280028429282,480,0,255,215,1.0,0.0,0.4574468085106383,0.5425531914893617
0.9999636411666586,False,0.7242105263157895,0.6548359393508647,0.6903245081042869,0.8675295647802042,0.6548359393508647,480,0,256,214,1.0,0.0,0.4553191489361702,0.5446808510638298
0.999963641166687,False,0.7242105263157895,0.6548359393508647,0.6903245081042869,0.8675295647802042,0.6548359393508647,480,0,256,214,1.0,0.0,0.4553191489361702,0.5446808510638298
0.9999636411667154,False,0.7242105263157895,0.6548359393508647,0.6903245081042869,0.8675295647802042,0.6548359393508647,480,0,256,214,1.0,0.0,0.4553191489361702,0.5446808510638298
0.9999650716781332,False,0.7231578947368421,0.6538438758588012,0.6890856863117699,0.8671438198801383,0.6538438758588012,480,0,257,213,1.0,0.0,0.4531914893617021,0.5468085106382978
0.9999650716781616,False,0.7231578947368421,0.6538438758588012,0.6890856863117699,0.8671438198801383,0.6538438758588012,480,0,257,213,1.0,0.0,0.4531914893617021,0.5468085106382978
0.99996507167819,False,0.7231578947368421,0.6538438758588012,0.6890856863117699,0.8671438198801383,0.6538438758588012,480,0,257,213,1.0,0.0,0.4531914893617021,0.5468085106382978
0.9999662637710287,False,0.7221052631578947,0.6528518123667377,0.6878428681512888,0.866757519469569,0.6528518123667377,480,0,258,212,1.0,0.0,0.451063829787234,0.548936170212766
0.9999662637710571,False,0.7221052631578947,0.6528518123667377,0.6878428681512888,0.866757519469569,0.6528518123667377,480,0,258,212,1.0,0.0,0.451063829787234,0.548936170212766
0.9999662637710856,False,0.7221052631578947,0.6528518123667377,0.6878428681512888,0.866757519469569,0.6528518123667377,480,0,258,212,1.0,0.0,0.451063829787234,0.548936170212766
0.9999701976775839,False,0.7210526315789474,0.6503642501776831,0.6856153600175413,0.8664086470622129,0.6503642501776831,480,0,259,211,1.0,0.0,0.44893617021276594,0.551063829787234
0.9999701976776123,False,0.7210526315789474,0.6503642501776831,0.6856153600175413,0.8664086470622129,0.6503642501776831,480,0,259,211,1.0,0.0,0.44893617021276594,0.551063829787234
0.9999701976776407,False,0.7210526315789474,0.6503642501776831,0.6856153600175413,0.8664086470622129,0.6503642501776831,480,0,259,211,1.0,0.0,0.44893617021276594,0.551063829787234
0.9999710321426107,False,0.72,0.6478766879886283,0.6833690434667066,0.8660591070253285,0.6478766879886283,480,0,260,210,1.0,0.0,0.44680851063829785,0.5531914893617021
0.9999710321426392,False,0.72,0.6478766879886283,0.6833690434667066,0.8660591070253285,0.6478766879886283,480,0,260,210,1.0,0.0,0.44680851063829785,0.5531914893617021
0.9999710321426676,False,0.72,0.6478766879886283,0.6833690434667066,0.8660591070253285,0.6478766879886283,480,0,260,210,1.0,0.0,0.44680851063829785,0.5531914893617021
0.9999719858169271,False,0.7189473684210527,0.6468846244965648,0.682122906003503,0.8656737998843261,0.6468846244965648,480,0,261,209,1.0,0.0,0.44468085106382976,0.5553191489361702
0.9999719858169556,False,0.7189473684210527,0.6468846244965648,0.682122906003503,0.8656737998843261,0.6468846244965648,480,0,261,209,1.0,0.0,0.44468085106382976,0.5553191489361702
0.999971985816984,False,0.7189473684210527,0.6468846244965648,0.682122906003503,0.8656737998843261,0.6468846244965648,480,0,261,209,1.0,0.0,0.44468085106382976,0.5553191489361702
0.9999724626540853,False,0.7178947368421053,0.6458925610045013,0.6808727127876063,0.8652878623087163,0.6458925610045013,480,0,262,208,1.0,0.0,0.4425531914893617,0.5574468085106383
0.9999724626541138,False,0.7178947368421053,0.6458925610045013,0.6808727127876063,0.8652878623087163,0.6458925610045013,480,0,262,208,1.0,0.0,0.4425531914893617,0.5574468085106383
0.9999724626541422,False,0.7178947368421053,0.6458925610045013,0.6808727127876063,0.8652878623087163,0.6458925610045013,480,0,262,208,1.0,0.0,0.4425531914893617,0.5574468085106383
0.9999725818633749,False,0.716842105263158,0.6449004975124378,0.6796184346439013,0.8649012586741014,0.6449004975124378,480,0,263,207,1.0,0.0,0.44042553191489364,0.5595744680851064
0.9999725818634033,False,0.716842105263158,0.6449004975124378,0.6796184346439013,0.8649012586741014,0.6449004975124378,480,0,263,207,1.0,0.0,0.44042553191489364,0.5595744680851064
0.9999725818634317,False,0.716842105263158,0.6449004975124378,0.6796184346439013,0.8649012586741014,0.6449004975124378,480,0,263,207,1.0,0.0,0.44042553191489364,0.5595744680851064
0.9999727010726644,False,0.7157894736842105,0.6424129353233831,0.6773540859366332,0.8645533393526499,0.6424129353233831,480,0,264,206,1.0,0.0,0.43829787234042555,0.5617021276595745
0.9999727010726929,False,0.7157894736842105,0.6424129353233831,0.6773540859366332,0.8645533393526499,0.6424129353233831,480,0,264,206,1.0,0.0,0.43829787234042555,0.5617021276595745
0.9999727010727213,False,0.7157894736842105,0.6424129353233831,0.6773540859366332,0.8645533393526499,0.6424129353233831,480,0,264,206,1.0,0.0,0.43829787234042555,0.5617021276595745
0.999972820281954,False,0.7136842105263158,0.6374378109452736,0.672766997563219,0.8638550221068186,0.6374378109452736,480,0,266,204,1.0,0.0,0.4340425531914894,0.5659574468085107
0.9999728202819824,False,0.7136842105263158,0.6374378109452736,0.672766997563219,0.8638550221068186,0.6374378109452736,480,0,266,204,1.0,0.0,0.4340425531914894,0.5659574468085107
0.9999728202820108,False,0.7136842105263158,0.6374378109452736,0.672766997563219,0.8638550221068186,0.6374378109452736,480,0,266,204,1.0,0.0,0.4340425531914894,0.5659574468085107
0.9999758005141928,False,0.7126315789473684,0.6364457474532101,0.6715096495426275,0.8634700375086578,0.6364457474532101,480,0,267,203,1.0,0.0,0.4319148936170213,0.5680851063829787
0.9999758005142212,False,0.7126315789473684,0.6364457474532101,0.6715096495426275,0.8634700375086578,0.6364457474532101,480,0,267,203,1.0,0.0,0.4319148936170213,0.5680851063829787
0.9999758005142496,False,0.7126315789473684,0.6364457474532101,0.6715096495426275,0.8634700375086578,0.6364457474532101,480,0,267,203,1.0,0.0,0.4319148936170213,0.5680851063829787
0.9999759197234823,False,0.7115789473684211,0.6339581852641554,0.6691866775665055,0.8631202675320323,0.6339581852641554,480,0,268,202,1.0,0.0,0.4297872340425532,0.5702127659574469
0.9999759197235107,False,0.7115789473684211,0.6339581852641554,0.6691866775665055,0.8631202675320323,0.6339581852641554,480,0,268,202,1.0,0.0,0.4297872340425532,0.5702127659574469
0.9999759197235392,False,0.7115789473684211,0.6339581852641554,0.6691866775665055,0.8631202675320323,0.6339581852641554,480,0,268,202,1.0,0.0,0.4297872340425532,0.5702127659574469
0.9999766349792196,False,0.7105263157894737,0.632966121772092,0.6679255286000054,0.8627352979396014,0.632966121772092,480,0,269,201,1.0,0.0,0.4276595744680851,0.5723404255319149
0.999976634979248,False,0.7105263157894737,0.632966121772092,0.6679255286000054,0.8627352979396014,0.632966121772092,480,0,269,201,1.0,0.0,0.4276595744680851,0.5723404255319149
0.9999766349792765,False,0.7105263157894737,0.632966121772092,0.6679255286000054,0.8627352979396014,0.632966121772092,480,0,269,201,1.0,0.0,0.4276595744680851,0.5723404255319149
0.9999768733977987,False,0.7094736842105264,0.6319740582800284,0.6666602023402223,0.8623495370370371,0.6319740582800284,480,0,270,200,1.0,0.0,0.425531914893617,0.574468085106383
0.9999768733978271,False,0.7094736842105264,0.6319740582800284,0.6666602023402223,0.8623495370370371,0.6319740582800284,480,0,270,200,1.0,0.0,0.425531914893617,0.574468085106383
0.9999768733978556,False,0.7094736842105264,0.6319740582800284,0.6666602023402223,0.8623495370370371,0.6319740582800284,480,0,270,200,1.0,0.0,0.425531914893617,0.574468085106383
0.9999781846999838,False,0.708421052631579,0.6294864960909737,0.6643176734927102,0.8620002652957246,0.6294864960909737,480,0,271,199,1.0,0.0,0.42340425531914894,0.5765957446808511
0.9999781847000122,False,0.708421052631579,0.6294864960909737,0.6643176734927102,0.8620002652957246,0.6294864960909737,480,0,271,199,1.0,0.0,0.42340425531914894,0.5765957446808511
0.9999781847000406,False,0.708421052631579,0.6294864960909737,0.6643176734927102,0.8620002652957246,0.6294864960909737,480,0,271,199,1.0,0.0,0.42340425531914894,0.5765957446808511
0.9999783039092733,False,0.7073684210526315,0.6284944325989102,0.663048482887286,0.8616144288526715,0.6284944325989102,480,0,272,198,1.0,0.0,0.42127659574468085,0.5787234042553191
0.9999783039093018,False,0.7073684210526315,0.6284944325989102,0.663048482887286,0.8616144288526715,0.6284944325989102,480,0,272,198,1.0,0.0,0.42127659574468085,0.5787234042553191
0.9999783039093302,False,0.7073684210526315,0.6284944325989102,0.663048482887286,0.8616144288526715,0.6284944325989102,480,0,272,198,1.0,0.0,0.42127659574468085,0.5787234042553191
0.9999792575835897,False,0.7063157894736842,0.6275023691068468,0.6617750536212349,0.861227717492798,0.6275023691068468,480,0,273,197,1.0,0.0,0.41914893617021276,0.5808510638297872
0.9999792575836182,False,0.7063157894736842,0.6275023691068468,0.6617750536212349,0.861227717492798,0.6275023691068468,480,0,273,197,1.0,0.0,0.41914893617021276,0.5808510638297872
0.9999792575836466,False,0.7063157894736842,0.6275023691068468,0.6617750536212349,0.861227717492798,0.6275023691068468,480,0,273,197,1.0,0.0,0.41914893617021276,0.5808510638297872
0.999979734420748,False,0.7052631578947368,0.625014806917792,0.6594126575535671,0.860878840189185,0.625014806917792,480,0,274,196,1.0,0.0,0.41702127659574467,0.5829787234042553
0.9999797344207764,False,0.7052631578947368,0.625014806917792,0.6594126575535671,0.860878840189185,0.625014806917792,480,0,274,196,1.0,0.0,0.41702127659574467,0.5829787234042553
0.9999797344208048,False,0.7052631578947368,0.625014806917792,0.6594126575535671,0.860878840189185,0.625014806917792,480,0,274,196,1.0,0.0,0.41702127659574467,0.5829787234042553
0.9999798536300375,False,0.7042105263157895,0.6225272447287372,0.6570293993161508,0.8605287653660819,0.6225272447287372,480,0,275,195,1.0,0.0,0.4148936170212766,0.5851063829787234
0.9999798536300659,False,0.7042105263157895,0.6225272447287372,0.6570293993161508,0.8605287653660819,0.6225272447287372,480,0,275,195,1.0,0.0,0.4148936170212766,0.5851063829787234
0.9999798536300943,False,0.7042105263157895,0.6225272447287372,0.6570293993161508,0.8605287653660819,0.6225272447287372,480,0,275,195,1.0,0.0,0.4148936170212766,0.5851063829787234
0.9999816417693808,False,0.7031578947368421,0.6215351812366738,0.6557523811045397,0.8601426270991488,0.6215351812366738,480,0,276,194,1.0,0.0,0.4127659574468085,0.5872340425531914
0.9999816417694092,False,0.7031578947368421,0.6215351812366738,0.6557523811045397,0.8601426270991488,0.6215351812366738,480,0,276,194,1.0,0.0,0.4127659574468085,0.5872340425531914
0.9999816417694376,False,0.7031578947368421,0.6215351812366738,0.6557523811045397,0.8601426270991488,0.6215351812366738,480,0,276,194,1.0,0.0,0.4127659574468085,0.5872340425531914
0.9999833106994345,False,0.7021052631578948,0.6190476190476191,0.6533482839197666,0.8597920066309218,0.6190476190476191,480,0,277,193,1.0,0.0,0.4106382978723404,0.5893617021276596
0.9999833106994629,False,0.7021052631578948,0.6190476190476191,0.6533482839197666,0.8597920066309218,0.6190476190476191,480,0,277,193,1.0,0.0,0.4106382978723404,0.5893617021276596
0.9999833106994913,False,0.7021052631578948,0.6190476190476191,0.6533482839197666,0.8597920066309218,0.6190476190476191,480,0,277,193,1.0,0.0,0.4106382978723404,0.5893617021276596
0.999983429908724,False,0.7010526315789474,0.6180555555555556,0.6520673019749822,0.8594056398625499,0.6180555555555556,480,0,278,192,1.0,0.0,0.4085106382978723,0.5914893617021276
0.9999834299087524,False,0.7010526315789474,0.6180555555555556,0.6520673019749822,0.8594056398625499,0.6180555555555556,480,0,278,192,1.0,0.0,0.4085106382978723,0.5914893617021276
0.9999834299087809,False,0.7010526315789474,0.6180555555555556,0.6520673019749822,0.8594056398625499,0.6180555555555556,480,0,278,192,1.0,0.0,0.4085106382978723,0.5914893617021276
0.9999841451644613,False,0.7,0.6170634920634921,0.6507819862047608,0.8590182594455565,0.6170634920634921,480,0,279,191,1.0,0.0,0.40638297872340423,0.5936170212765958
0.9999841451644897,False,0.7,0.6170634920634921,0.6507819862047608,0.8590182594455565,0.6170634920634921,480,0,279,191,1.0,0.0,0.40638297872340423,0.5936170212765958
0.9999841451645182,False,0.7,0.6170634920634921,0.6507819862047608,0.8590182594455565,0.6170634920634921,480,0,279,191,1.0,0.0,0.40638297872340423,0.5936170212765958
0.9999846220016195,False,0.6989473684210527,0.6160714285714285,0.6494923051961486,0.8586298194860342,0.6160714285714285,480,0,280,190,1.0,0.0,0.40425531914893614,0.5957446808510638
0.999984622001648,False,0.6989473684210527,0.6160714285714285,0.6494923051961486,0.8586298194860342,0.6160714285714285,480,0,280,190,1.0,0.0,0.40425531914893614,0.5957446808510638
0.9999846220016764,False,0.6989473684210527,0.6160714285714285,0.6494923051961486,0.8586298194860342,0.6160714285714285,480,0,280,190,1.0,0.0,0.40425531914893614,0.5957446808510638
0.9999854564666464,False,0.6978947368421052,0.6150793650793651,0.6481982272710156,0.8582402726840458,0.6150793650793651,480,0,281,189,1.0,0.0,0.4021276595744681,0.597872340425532
0.9999854564666748,False,0.6978947368421052,0.6150793650793651,0.6481982272710156,0.8582402726840458,0.6150793650793651,480,0,281,189,1.0,0.0,0.4021276595744681,0.597872340425532
0.9999854564667032,False,0.6978947368421052,0.6150793650793651,0.6481982272710156,0.8582402726840458,0.6150793650793651,480,0,281,189,1.0,0.0,0.4021276595744681,0.597872340425532
0.9999862909316732,False,0.6968421052631579,0.6140873015873015,0.6468997204831086,0.857849570274304,0.6140873015873015,480,0,282,188,1.0,0.0,0.4,0.6
0.9999862909317017,False,0.6968421052631579,0.6140873015873015,0.6468997204831086,0.857849570274304,0.6140873015873015,480,0,282,188,1.0,0.0,0.4,0.6
0.9999862909317301,False,0.6968421052631579,0.6140873015873015,0.6468997204831086,0.857849570274304,0.6140873015873015,480,0,282,188,1.0,0.0,0.4,0.6
0.9999865293502523,False,0.6957894736842105,0.6130952380952381,0.6455967526150651,0.8574576619638682,0.6130952380952381,480,0,283,187,1.0,0.0,0.39787234042553193,0.6021276595744681
0.9999865293502808,False,0.6957894736842105,0.6130952380952381,0.6455967526150651,0.8574576619638682,0.6130952380952381,480,0,283,187,1.0,0.0,0.39787234042553193,0.6021276595744681
0.9999865293503092,False,0.6957894736842105,0.6130952380952381,0.6455967526150651,0.8574576619638682,0.6130952380952381,480,0,283,187,1.0,0.0,0.39787234042553193,0.6021276595744681
0.9999871253967001,False,0.6947368421052632,0.6121031746031745,0.6442892911753887,0.8570644958666757,0.6121031746031745,480,0,284,186,1.0,0.0,0.39574468085106385,0.6042553191489362
0.9999871253967285,False,0.6947368421052632,0.6121031746031745,0.6442892911753887,0.8570644958666757,0.6121031746031745,480,0,284,186,1.0,0.0,0.39574468085106385,0.6042553191489362
0.9999871253967569,False,0.6947368421052632,0.6121031746031745,0.6442892911753887,0.8570644958666757,0.6121031746031745,480,0,284,186,1.0,0.0,0.39574468085106385,0.6042553191489362
0.9999872446059896,False,0.6936842105263158,0.611111111111111,0.642977303395384,0.8566700184347243,0.611111111111111,480,0,285,185,1.0,0.0,0.39361702127659576,0.6063829787234043
0.9999872446060181,False,0.6936842105263158,0.611111111111111,0.642977303395384,0.8566700184347243,0.611111111111111,480,0,285,185,1.0,0.0,0.39361702127659576,0.6063829787234043
0.9999872446060465,False,0.6936842105263158,0.611111111111111,0.642977303395384,0.8566700184347243,0.611111111111111,480,0,285,185,1.0,0.0,0.39361702127659576,0.6063829787234043
0.9999876022338583,False,0.6926315789473684,0.6101190476190476,0.6416607562260509,0.8562741743856992,0.6101190476190476,480,0,286,184,1.0,0.0,0.39148936170212767,0.6085106382978723
0.9999876022338867,False,0.6926315789473684,0.6101190476190476,0.6416607562260509,0.8562741743856992,0.6101190476190476,480,0,286,184,1.0,0.0,0.39148936170212767,0.6085106382978723
0.9999876022339151,False,0.6926315789473684,0.6101190476190476,0.6416607562260509,0.8562741743856992,0.6101190476190476,480,0,286,184,1.0,0.0,0.39148936170212767,0.6085106382978723
0.9999878406524374,False,0.6915789473684211,0.6076314854299928,0.6392381649035658,0.8559286805642694,0.6076314854299928,480,0,287,183,1.0,0.0,0.3893617021276596,0.6106382978723405
0.9999878406524658,False,0.6915789473684211,0.6076314854299928,0.6392381649035658,0.8559286805642694,0.6076314854299928,480,0,287,183,1.0,0.0,0.3893617021276596,0.6106382978723405
0.9999878406524942,False,0.6915789473684211,0.6076314854299928,0.6392381649035658,0.8559286805642694,0.6076314854299928,480,0,287,183,1.0,0.0,0.3893617021276596,0.6106382978723405
0.9999880790710165,False,0.6894736842105263,0.6041518597488746,0.6354732566541038,0.855185826718591,0.6041518597488746,480,0,289,181,1.0,0.0,0.3851063829787234,0.6148936170212767
0.9999880790710449,False,0.6894736842105263,0.6041518597488746,0.6354732566541038,0.855185826718591,0.6041518597488746,480,0,289,181,1.0,0.0,0.3851063829787234,0.6148936170212767
0.9999880790710733,False,0.6894736842105263,0.6041518597488746,0.6354732566541038,0.855185826718591,0.6041518597488746,480,0,289,181,1.0,0.0,0.3851063829787234,0.6148936170212767
0.9999883174895956,False,0.6884210526315789,0.6031597962568112,0.6341481481481481,0.8547884863674337,0.6031597962568112,480,0,290,180,1.0,0.0,0.3829787234042553,0.6170212765957447
0.999988317489624,False,0.6884210526315789,0.6031597962568112,0.6341481481481481,0.8547884863674337,0.6031597962568112,480,0,290,180,1.0,0.0,0.3829787234042553,0.6170212765957447
0.9999883174896524,False,0.6884210526315789,0.6031597962568112,0.6341481481481481,0.8547884863674337,0.6031597962568112,480,0,290,180,1.0,0.0,0.3829787234042553,0.6170212765957447
0.9999884366988852,False,0.6873684210526316,0.6021677327647477,0.6328183778144522,0.8543895968743599,0.6021677327647477,480,0,291,179,1.0,0.0,0.38085106382978723,0.6191489361702127
0.9999884366989136,False,0.6873684210526316,0.6021677327647477,0.6328183778144522,0.8543895968743599,0.6021677327647477,480,0,291,179,1.0,0.0,0.38085106382978723,0.6191489361702127
0.999988436698942,False,0.6873684210526316,0.6021677327647477,0.6328183778144522,0.8543895968743599,0.6021677327647477,480,0,291,179,1.0,0.0,0.38085106382978723,0.6191489361702127
0.9999886751174643,False,0.6863157894736842,0.6011756692726842,0.6314839114559562,0.8539890952455719,0.6011756692726842,480,0,292,178,1.0,0.0,0.37872340425531914,0.6212765957446809
0.9999886751174927,False,0.6863157894736842,0.6011756692726842,0.6314839114559562,0.8539890952455719,0.6011756692726842,480,0,292,178,1.0,0.0,0.37872340425531914,0.6212765957446809
0.9999886751175211,False,0.6863157894736842,0.6011756692726842,0.6314839114559562,0.8539890952455719,0.6011756692726842,480,0,292,178,1.0,0.0,0.37872340425531914,0.6212765957446809
0.9999887943267538,False,0.6852631578947368,0.6001836057806207,0.630144714579119,0.8535869163294777,0.6001836057806207,480,0,293,177,1.0,0.0,0.37659574468085105,0.6234042553191489
0.9999887943267822,False,0.6852631578947368,0.6001836057806207,0.630144714579119,0.8535869163294777,0.6001836057806207,480,0,293,177,1.0,0.0,0.37659574468085105,0.6234042553191489
0.9999887943268106,False,0.6852631578947368,0.6001836057806207,0.630144714579119,0.8535869163294777,0.6001836057806207,480,0,293,177,1.0,0.0,0.37659574468085105,0.6234042553191489
0.9999897480010702,False,0.6842105263157895,0.5991915422885572,0.6288007523905565,0.8531829927178766,0.5991915422885572,480,0,294,176,1.0,0.0,0.37446808510638296,0.625531914893617
0.9999897480010986,False,0.6842105263157895,0.5991915422885572,0.6288007523905565,0.8531829927178766,0.5991915422885572,480,0,294,176,1.0,0.0,0.37446808510638296,0.625531914893617
0.999989748001127,False,0.6842105263157895,0.5991915422885572,0.6288007523905565,0.8531829927178766,0.5991915422885572,480,0,294,176,1.0,0.0,0.37446808510638296,0.625531914893617
0.999990344047518,False,0.6831578947368421,0.5967039800995025,0.6263361124610182,0.8528385592901723,0.5967039800995025,480,0,295,175,1.0,0.0,0.3723404255319149,0.6276595744680851
0.9999903440475464,False,0.6831578947368421,0.5967039800995025,0.6263361124610182,0.8528385592901723,0.5967039800995025,480,0,295,175,1.0,0.0,0.3723404255319149,0.6276595744680851
0.9999903440475748,False,0.6831578947368421,0.5967039800995025,0.6263361124610182,0.8528385592901723,0.5967039800995025,480,0,295,175,1.0,0.0,0.3723404255319149,0.6276595744680851
0.9999905824660971,False,0.6821052631578948,0.5942164179104478,0.6238489548306463,0.8524923851921274,0.5942164179104478,480,0,296,174,1.0,0.0,0.3702127659574468,0.6297872340425532
0.9999905824661255,False,0.6821052631578948,0.5942164179104478,0.6238489548306463,0.8524923851921274,0.5942164179104478,480,0,296,174,1.0,0.0,0.3702127659574468,0.6297872340425532
0.9999905824661539,False,0.6821052631578948,0.5942164179104478,0.6238489548306463,0.8524923851921274,0.5942164179104478,480,0,296,174,1.0,0.0,0.3702127659574468,0.6297872340425532
0.9999907016753866,False,0.6821052631578948,0.5942164179104478,0.6239989663603941,0.8551461233513985,0.5942164179104478,480,0,297,173,1.0,0.0,0.3680851063829787,0.6319148936170212
0.999990701675415,False,0.6821052631578948,0.5942164179104478,0.6239989663603941,0.8551461233513985,0.5942164179104478,480,0,297,173,1.0,0.0,0.3680851063829787,0.6319148936170212
0.9999907016754435,False,0.6821052631578948,0.5942164179104478,0.6239989663603941,0.8551461233513985,0.5942164179104478,480,0,297,173,1.0,0.0,0.3680851063829787,0.6319148936170212
0.9999915361404135,False,0.6810526315789474,0.5932243544183843,0.6226493873552696,0.8547681813132755,0.5932243544183843,480,0,298,172,1.0,0.0,0.3659574468085106,0.6340425531914894
0.9999915361404419,False,0.6810526315789474,0.5932243544183843,0.6226493873552696,0.8547681813132755,0.5932243544183843,480,0,298,172,1.0,0.0,0.3659574468085106,0.6340425531914894
0.9999915361404703,False,0.6810526315789474,0.5932243544183843,0.6226493873552696,0.8547681813132755,0.5932243544183843,480,0,298,172,1.0,0.0,0.3659574468085106,0.6340425531914894
0.999991655349703,False,0.68,0.5922322909263208,0.6212949505200154,0.8543888017427888,0.5922322909263208,480,0,299,171,1.0,0.0,0.3638297872340426,0.6361702127659574
0.9999916553497314,False,0.68,0.5922322909263208,0.6212949505200154,0.8543888017427888,0.5922322909263208,480,0,299,171,1.0,0.0,0.3638297872340426,0.6361702127659574
0.9999916553497599,False,0.68,0.5922322909263208,0.6212949505200154,0.8543888017427888,0.5922322909263208,480,0,299,171,1.0,0.0,0.3638297872340426,0.6361702127659574
0.9999924898147299,False,0.6789473684210526,0.5912402274342573,0.61993561993562,0.8540079221093372,0.5912402274342573,480,0,300,170,1.0,0.0,0.3617021276595745,0.6382978723404256
0.9999924898147583,False,0.6789473684210526,0.5912402274342573,0.61993561993562,0.8540079221093372,0.5912402274342573,480,0,300,170,1.0,0.0,0.3617021276595745,0.6382978723404256
0.9999924898147867,False,0.6789473684210526,0.5912402274342573,0.61993561993562,0.8540079221093372,0.5912402274342573,480,0,300,170,1.0,0.0,0.3617021276595745,0.6382978723404256
0.999992728233309,False,0.6778947368421052,0.5887526652452025,0.617426880339644,0.8536626020016932,0.5887526652452025,480,0,301,169,1.0,0.0,0.3595744680851064,0.6404255319148936
0.9999927282333374,False,0.6778947368421052,0.5887526652452025,0.617426880339644,0.8536626020016932,0.5887526652452025,480,0,301,169,1.0,0.0,0.3595744680851064,0.6404255319148936
0.9999927282333658,False,0.6778947368421052,0.5887526652452025,0.617426880339644,0.8536626020016932,0.5887526652452025,480,0,301,169,1.0,0.0,0.3595744680851064,0.6404255319148936
0.9999929666518881,False,0.6768421052631579,0.587760601753139,0.6160629389501686,0.8532808292399086,0.587760601753139,480,0,302,168,1.0,0.0,0.3574468085106383,0.6425531914893617
0.9999929666519165,False,0.6768421052631579,0.587760601753139,0.6160629389501686,0.8532808292399086,0.587760601753139,480,0,302,168,1.0,0.0,0.3574468085106383,0.6425531914893617
0.9999929666519449,False,0.6768421052631579,0.587760601753139,0.6160629389501686,0.8532808292399086,0.587760601753139,480,0,302,168,1.0,0.0,0.3574468085106383,0.6425531914893617
0.9999935626983358,False,0.6757894736842105,0.5867685382610756,0.6146940302624738,0.8528974218629392,0.5867685382610756,480,0,303,167,1.0,0.0,0.3553191489361702,0.6446808510638298
0.9999935626983643,False,0.6757894736842105,0.5867685382610756,0.6146940302624738,0.8528974218629392,0.5867685382610756,480,0,303,167,1.0,0.0,0.3553191489361702,0.6446808510638298
0.9999935626983927,False,0.6757894736842105,0.5867685382610756,0.6146940302624738,0.8528974218629392,0.5867685382610756,480,0,303,167,1.0,0.0,0.3553191489361702,0.6446808510638298
0.9999936819076254,False,0.6747368421052632,0.5857764747690121,0.6133201173997221,0.8525123102099523,0.5857764747690121,480,0,304,166,1.0,0.0,0.35319148936170214,0.6468085106382979
0.9999936819076538,False,0.6747368421052632,0.5857764747690121,0.6133201173997221,0.8525123102099523,0.5857764747690121,480,0,304,166,1.0,0.0,0.35319148936170214,0.6468085106382979
0.9999936819076822,False,0.6747368421052632,0.5857764747690121,0.6133201173997221,0.8525123102099523,0.5857764747690121,480,0,304,166,1.0,0.0,0.35319148936170214,0.6468085106382979
0.9999939203262045,False,0.6736842105263158,0.5847844112769486,0.6119411631575931,0.8521254220017802,0.5847844112769486,480,0,305,165,1.0,0.0,0.35106382978723405,0.648936170212766
0.9999939203262329,False,0.6736842105263158,0.5847844112769486,0.6119411631575931,0.8521254220017802,0.5847844112769486,480,0,305,165,1.0,0.0,0.35106382978723405,0.648936170212766
0.9999939203262613,False,0.6736842105263158,0.5847844112769486,0.6119411631575931,0.8521254220017802,0.5847844112769486,480,0,305,165,1.0,0.0,0.35106382978723405,0.648936170212766
0.9999945163726522,False,0.6726315789473685,0.5837923477848851,0.6105571300004989,0.8517366822105693,0.5837923477848851,480,0,306,164,1.0,0.0,0.34893617021276596,0.6510638297872341
0.9999945163726807,False,0.6726315789473685,0.5837923477848851,0.6105571300004989,0.8517366822105693,0.5837923477848851,480,0,306,164,1.0,0.0,0.34893617021276596,0.6510638297872341
0.9999945163727091,False,0.6726315789473685,0.5837923477848851,0.6105571300004989,0.8517366822105693,0.5837923477848851,480,0,306,164,1.0,0.0,0.34893617021276596,0.6510638297872341
0.9999946355819418,False,0.671578947368421,0.5813047855958304,0.6080267498986648,0.8513926873279204,0.5813047855958304,480,0,307,163,1.0,0.0,0.3468085106382979,0.6531914893617021
0.9999946355819702,False,0.671578947368421,0.5813047855958304,0.6080267498986648,0.8513926873279204,0.5813047855958304,480,0,307,163,1.0,0.0,0.3468085106382979,0.6531914893617021
0.9999946355819986,False,0.671578947368421,0.5813047855958304,0.6080267498986648,0.8513926873279204,0.5813047855958304,480,0,307,163,1.0,0.0,0.3468085106382979,0.6531914893617021
0.9999949932098104,False,0.6705263157894736,0.5803127221037668,0.6066379146223361,0.8510026745264997,0.5803127221037668,480,0,308,162,1.0,0.0,0.3446808510638298,0.6553191489361702
0.9999949932098389,False,0.6705263157894736,0.5803127221037668,0.6066379146223361,0.8510026745264997,0.5803127221037668,480,0,308,162,1.0,0.0,0.3446808510638298,0.6553191489361702
0.9999949932098673,False,0.6705263157894736,0.5803127221037668,0.6066379146223361,0.8510026745264997,0.5803127221037668,480,0,308,162,1.0,0.0,0.3446808510638298,0.6553191489361702
0.9999953508376791,False,0.6694736842105263,0.5778251599147121,0.6040842566315922,0.8506571921294853,0.5778251599147121,480,0,309,161,1.0,0.0,0.3425531914893617,0.6574468085106383
0.9999953508377075,False,0.6694736842105263,0.5778251599147121,0.6040842566315922,0.8506571921294853,0.5778251599147121,480,0,309,161,1.0,0.0,0.3425531914893617,0.6574468085106383
0.9999953508377359,False,0.6694736842105263,0.5778251599147121,0.6040842566315922,0.8506571921294853,0.5778251599147121,480,0,309,161,1.0,0.0,0.3425531914893617,0.6574468085106383
0.9999954700469686,False,0.6684210526315789,0.5753375977256574,0.6015066356561668,0.8503094233473981,0.5753375977256574,480,0,310,160,1.0,0.0,0.3404255319148936,0.6595744680851063
0.9999954700469971,False,0.6684210526315789,0.5753375977256574,0.6015066356561668,0.8503094233473981,0.5753375977256574,480,0,310,160,1.0,0.0,0.3404255319148936,0.6595744680851063
0.9999954700470255,False,0.6684210526315789,0.5753375977256574,0.6015066356561668,0.8503094233473981,0.5753375977256574,480,0,310,160,1.0,0.0,0.3404255319148936,0.6595744680851063
0.9999955892562582,False,0.6673684210526316,0.574345534233594,0.6001132702633519,0.8499186981487866,0.574345534233594,480,0,311,159,1.0,0.0,0.3382978723404255,0.6617021276595745
0.9999955892562866,False,0.6673684210526316,0.574345534233594,0.6001132702633519,0.8499186981487866,0.574345534233594,480,0,311,159,1.0,0.0,0.3382978723404255,0.6617021276595745
0.999995589256315,False,0.6673684210526316,0.574345534233594,0.6001132702633519,0.8499186981487866,0.574345534233594,480,0,311,159,1.0,0.0,0.3382978723404255,0.6617021276595745
0.9999959468841269,False,0.6663157894736842,0.5733534707415304,0.5987147091049306,0.8495258709544423,0.5733534707415304,480,0,312,158,1.0,0.0,0.33617021276595743,0.6638297872340425
0.9999959468841553,False,0.6663157894736842,0.5733534707415304,0.5987147091049306,0.8495258709544423,0.5733534707415304,480,0,312,158,1.0,0.0,0.33617021276595743,0.6638297872340425
0.9999959468841837,False,0.6663157894736842,0.5733534707415304,0.5987147091049306,0.8495258709544423,0.5733534707415304,480,0,312,158,1.0,0.0,0.33617021276595743,0.6638297872340425
0.999996185302706,False,0.6642105263157895,0.5698738450604123,0.5947098841524833,0.8487825796977829,0.5698738450604123,480,0,314,156,1.0,0.0,0.33191489361702126,0.6680851063829787
0.9999961853027344,False,0.6642105263157895,0.5698738450604123,0.5947098841524833,0.8487825796977829,0.5698738450604123,480,0,314,156,1.0,0.0,0.33191489361702126,0.6680851063829787
0.9999961853027628,False,0.6642105263157895,0.5698738450604123,0.5947098841524833,0.8487825796977829,0.5698738450604123,480,0,314,156,1.0,0.0,0.33191489361702126,0.6680851063829787
0.9999963045119955,False,0.6631578947368421,0.5673862828713575,0.5920841257981252,0.8484316973977513,0.5673862828713575,480,0,315,155,1.0,0.0,0.32978723404255317,0.6702127659574468
0.9999963045120239,False,0.6631578947368421,0.5673862828713575,0.5920841257981252,0.8484316973977513,0.5673862828713575,480,0,315,155,1.0,0.0,0.32978723404255317,0.6702127659574468
0.9999963045120523,False,0.6631578947368421,0.5673862828713575,0.5920841257981252,0.8484316973977513,0.5673862828713575,480,0,315,155,1.0,0.0,0.32978723404255317,0.6702127659574468
0.9999967813491537,False,0.6610526315789473,0.5654021558872305,0.5892619079847453,0.8476372755971614,0.5654021558872305,480,0,317,153,1.0,0.0,0.32553191489361705,0.674468085106383
0.9999967813491821,False,0.6610526315789473,0.5654021558872305,0.5892619079847453,0.8476372755971614,0.5654021558872305,480,0,317,153,1.0,0.0,0.32553191489361705,0.674468085106383
0.9999967813492106,False,0.6610526315789473,0.5654021558872305,0.5892619079847453,0.8476372755971614,0.5654021558872305,480,0,317,153,1.0,0.0,0.32553191489361705,0.674468085106383
0.9999971389770224,False,0.66,0.564410092395167,0.5878427866943262,0.8472363961995967,0.564410092395167,480,0,318,152,1.0,0.0,0.32340425531914896,0.676595744680851
0.9999971389770508,False,0.66,0.564410092395167,0.5878427866943262,0.8472363961995967,0.564410092395167,480,0,318,152,1.0,0.0,0.32340425531914896,0.676595744680851
0.9999971389770792,False,0.66,0.564410092395167,0.5878427866943262,0.8472363961995967,0.564410092395167,480,0,318,152,1.0,0.0,0.32340425531914896,0.676595744680851
0.9999972581863119,False,0.6589473684210526,0.5634180289031036,0.5864182701799981,0.846832935558275,0.5634180289031036,480,0,319,151,1.0,0.0,0.32127659574468087,0.6787234042553192
0.9999972581863403,False,0.6589473684210526,0.5634180289031036,0.5864182701799981,0.846832935558275,0.5634180289031036,480,0,319,151,1.0,0.0,0.32127659574468087,0.6787234042553192
0.9999972581863688,False,0.6589473684210526,0.5634180289031036,0.5864182701799981,0.846832935558275,0.5634180289031036,480,0,319,151,1.0,0.0,0.32127659574468087,0.6787234042553192
0.9999976158141806,False,0.6568421052631579,0.5599384032219853,0.5823389692441083,0.8460762719369667,0.5599384032219853,480,0,321,149,1.0,0.0,0.3170212765957447,0.6829787234042554
0.999997615814209,False,0.6568421052631579,0.5599384032219853,0.5823389692441083,0.8460762719369667,0.5599384032219853,480,0,321,149,1.0,0.0,0.3170212765957447,0.6829787234042554
0.9999976158142374,False,0.6568421052631579,0.5599384032219853,0.5823389692441083,0.8460762719369667,0.5599384032219853,480,0,321,149,1.0,0.0,0.3170212765957447,0.6829787234042554
0.9999977350234701,False,0.6536842105263158,0.5569622127457948,0.5780169953189477,0.8448424151664308,0.5569622127457948,480,0,324,146,1.0,0.0,0.31063829787234043,0.6893617021276596
0.9999977350234985,False,0.6536842105263158,0.5569622127457948,0.5780169953189477,0.8448424151664308,0.5569622127457948,480,0,324,146,1.0,0.0,0.31063829787234043,0.6893617021276596
0.999997735023527,False,0.6536842105263158,0.5569622127457948,0.5780169953189477,0.8448424151664308,0.5569622127457948,480,0,324,146,1.0,0.0,0.31063829787234043,0.6893617021276596
0.9999978542327597,False,0.651578947368421,0.5534825870646766,0.5738915203734564,0.8440739368158723,0.5534825870646766,480,0,326,144,1.0,0.0,0.30638297872340425,0.6936170212765957
0.9999978542327881,False,0.651578947368421,0.5534825870646766,0.5738915203734564,0.8440739368158723,0.5534825870646766,480,0,326,144,1.0,0.0,0.30638297872340425,0.6936170212765957
0.9999978542328165,False,0.651578947368421,0.5534825870646766,0.5738915203734564,0.8440739368158723,0.5534825870646766,480,0,326,144,1.0,0.0,0.30638297872340425,0.6936170212765957
0.9999979734420492,False,0.6484210526315789,0.5505063965884861,0.5695029502168506,0.8428030421068303,0.5505063965884861,480,0,329,141,1.0,0.0,0.3,0.7
0.9999979734420776,False,0.6484210526315789,0.5505063965884861,0.5695029502168506,0.8428030421068303,0.5505063965884861,480,0,329,141,1.0,0.0,0.3,0.7
0.9999979734421061,False,0.6484210526315789,0.5505063965884861,0.5695029502168506,0.8428030421068303,0.5505063965884861,480,0,329,141,1.0,0.0,0.3,0.7
0.9999980926513388,False,0.6473684210526316,0.5495143330964226,0.5680285986283539,0.8423721340388006,0.5495143330964226,480,0,330,140,1.0,0.0,0.2978723404255319,0.7021276595744681
0.9999980926513672,False,0.6473684210526316,0.5495143330964226,0.5680285986283539,0.8423721340388006,0.5495143330964226,480,0,330,140,1.0,0.0,0.2978723404255319,0.7021276595744681
0.9999980926513956,False,0.6473684210526316,0.5495143330964226,0.5680285986283539,0.8423721340388006,0.5495143330964226,480,0,330,140,1.0,0.0,0.2978723404255319,0.7021276595744681
0.9999982118606283,False,0.6463157894736842,0.5485222696043591,0.5665484262892367,0.8419373283162596,0.5485222696043591,480,0,331,139,1.0,0.0,0.2957446808510638,0.7042553191489361
0.9999982118606567,False,0.6463157894736842,0.5485222696043591,0.5665484262892367,0.8419373283162596,0.5485222696043591,480,0,331,139,1.0,0.0,0.2957446808510638,0.7042553191489361
0.9999982118606852,False,0.6463157894736842,0.5485222696043591,0.5665484262892367,0.8419373283162596,0.5485222696043591,480,0,331,139,1.0,0.0,0.2957446808510638,0.7042553191489361
0.9999983310699179,False,0.6452631578947369,0.5475302061122956,0.5650623885918004,0.8414984580880293,0.5475302061122956,480,0,332,138,1.0,0.0,0.2936170212765957,0.7063829787234043
0.9999983310699463,False,0.6452631578947369,0.5475302061122956,0.5650623885918004,0.8414984580880293,0.5475302061122956,480,0,332,138,1.0,0.0,0.2936170212765957,0.7063829787234043
0.9999983310699747,False,0.6452631578947369,0.5475302061122956,0.5650623885918004,0.8414984580880293,0.5475302061122956,480,0,332,138,1.0,0.0,0.2936170212765957,0.7063829787234043
0.9999984502792074,False,0.6421052631578947,0.543058516939114,0.5593753093753093,0.8402584123443019,0.543058516939114,480,0,335,135,1.0,0.0,0.2872340425531915,0.7127659574468085
0.9999984502792358,False,0.6421052631578947,0.543058516939114,0.5593753093753093,0.8402584123443019,0.543058516939114,480,0,335,135,1.0,0.0,0.2872340425531915,0.7127659574468085
0.9999984502792643,False,0.6421052631578947,0.543058516939114,0.5593753093753093,0.8402584123443019,0.543058516939114,480,0,335,135,1.0,0.0,0.2872340425531915,0.7127659574468085
0.999998569488497,False,0.6410526315789473,0.5420664534470505,0.5578716984339475,0.8398068548478079,0.5420664534470505,480,0,336,134,1.0,0.0,0.2851063829787234,0.7148936170212766
0.9999985694885254,False,0.6410526315789473,0.5420664534470505,0.5578716984339475,0.8398068548478079,0.5420664534470505,480,0,336,134,1.0,0.0,0.2851063829787234,0.7148936170212766
0.9999985694885538,False,0.6410526315789473,0.5420664534470505,0.5578716984339475,0.8398068548478079,0.5420664534470505,480,0,336,134,1.0,0.0,0.2851063829787234,0.7148936170212766
0.9999988079070761,False,0.6378947368421053,0.5390902629708599,0.5533243858766853,0.8384223963171332,0.5390902629708599,480,0,339,131,1.0,0.0,0.27872340425531916,0.7212765957446808
0.9999988079071045,False,0.6378947368421053,0.5390902629708599,0.5533243858766853,0.8384223963171332,0.5390902629708599,480,0,339,131,1.0,0.0,0.27872340425531916,0.7212765957446808
0.9999988079071329,False,0.6378947368421053,0.5390902629708599,0.5533243858766853,0.8384223963171332,0.5390902629708599,480,0,339,131,1.0,0.0,0.27872340425531916,0.7212765957446808
0.9999990463256552,False,0.6368421052631579,0.5366027007818052,0.5506019629341258,0.8380719187308832,0.5366027007818052,480,0,340,130,1.0,0.0,0.2765957446808511,0.723404255319149
0.9999990463256836,False,0.6368421052631579,0.5366027007818052,0.5506019629341258,0.8380719187308832,0.5366027007818052,480,0,340,130,1.0,0.0,0.2765957446808511,0.723404255319149
0.999999046325712,False,0.6368421052631579,0.5366027007818052,0.5506019629341258,0.8380719187308832,0.5366027007818052,480,0,340,130,1.0,0.0,0.2765957446808511,0.723404255319149
0.9999991655349447,False,0.6347368421052632,0.533123075100687,0.5463252350051336,0.8372467826592601,0.533123075100687,480,0,342,128,1.0,0.0,0.2723404255319149,0.7276595744680852
0.9999991655349731,False,0.6347368421052632,0.533123075100687,0.5463252350051336,0.8372467826592601,0.533123075100687,480,0,342,128,1.0,0.0,0.2723404255319149,0.7276595744680852
0.9999991655350016,False,0.6347368421052632,0.533123075100687,0.5463252350051336,0.8372467826592601,0.533123075100687,480,0,342,128,1.0,0.0,0.2723404255319149,0.7276595744680852
0.9999992847442343,False,0.6305263157894737,0.523172826344468,0.5350526200333269,0.8357907682847149,0.523172826344468,480,0,346,124,1.0,0.0,0.26382978723404255,0.7361702127659574
0.9999992847442627,False,0.6305263157894737,0.523172826344468,0.5350526200333269,0.8357907682847149,0.523172826344468,480,0,346,124,1.0,0.0,0.26382978723404255,0.7361702127659574
0.9999992847442911,False,0.6305263157894737,0.523172826344468,0.5350526200333269,0.8357907682847149,0.523172826344468,480,0,346,124,1.0,0.0,0.26382978723404255,0.7361702127659574
0.9999994039535238,False,0.6231578947368421,0.51174188580905,0.5201294557730202,0.8327177778643606,0.51174188580905,480,0,353,117,1.0,0.0,0.24893617021276596,0.7510638297872341
0.9999994039535522,False,0.6231578947368421,0.51174188580905,0.5201294557730202,0.8327177778643606,0.51174188580905,480,0,353,117,1.0,0.0,0.24893617021276596,0.7510638297872341
0.9999994039535807,False,0.6231578947368421,0.51174188580905,0.5201294557730202,0.8327177778643606,0.51174188580905,480,0,353,117,1.0,0.0,0.24893617021276596,0.7510638297872341
0.9999995231628134,False,0.6189473684210526,0.5047826344468135,0.5110210355675165,0.8309261384296448,0.5047826344468135,480,0,357,113,1.0,0.0,0.2404255319148936,0.7595744680851064
0.9999995231628418,False,0.6189473684210526,0.5047826344468135,0.5110210355675165,0.8309261384296448,0.5047826344468135,480,0,357,113,1.0,0.0,0.2404255319148936,0.7595744680851064
0.9999995231628702,False,0.6189473684210526,0.5047826344468135,0.5110210355675165,0.8309261384296448,0.5047826344468135,480,0,357,113,1.0,0.0,0.2404255319148936,0.7595744680851064
0.9999996423721029,False,0.6136842105263158,0.4968313195925136,0.5001797561041809,0.8285518914972597,0.4968313195925136,480,0,362,108,1.0,0.0,0.2297872340425532,0.7702127659574468
0.9999996423721313,False,0.6136842105263158,0.4968313195925136,0.5001797561041809,0.8285518914972597,0.4968313195925136,480,0,362,108,1.0,0.0,0.2297872340425532,0.7702127659574468
0.9999996423721598,False,0.6136842105263158,0.4968313195925136,0.5001797561041809,0.8285518914972597,0.4968313195925136,480,0,362,108,1.0,0.0,0.2297872340425532,0.7702127659574468
0.9999997615813925,False,0.6073684210526316,0.486392442549159,0.48597909100583014,0.8256348822386559,0.486392442549159,480,0,368,102,1.0,0.0,0.2170212765957447,0.7829787234042553
0.9999997615814209,False,0.6073684210526316,0.486392442549159,0.48597909100583014,0.8256348822386559,0.486392442549159,480,0,368,102,1.0,0.0,0.2170212765957447,0.7829787234042553
0.9999997615814493,False,0.6073684210526316,0.486392442549159,0.48597909100583014,0.8256348822386559,0.486392442549159,480,0,368,102,1.0,0.0,0.2170212765957447,0.7829787234042553
0.999999880790682,False,0.6031578947368421,0.482424188580905,0.47950269725348377,0.8233142152932079,0.482424188580905,480,0,372,98,1.0,0.0,0.20851063829787234,0.7914893617021277
0.9999998807907104,False,0.6031578947368421,0.482424188580905,0.47950269725348377,0.8233142152932079,0.482424188580905,480,0,372,98,1.0,0.0,0.20851063829787234,0.7914893617021277
0.9999998807907389,False,0.6031578947368421,0.482424188580905,0.47950269725348377,0.8233142152932079,0.482424188580905,480,0,372,98,1.0,0.0,0.20851063829787234,0.7914893617021277
0.9999999999999716,False,0.5863157894736842,0.4560826818289505,0.4413644218068736,0.8199615145252578,0.4560826818289505,480,0,389,81,1.0,0.0,0.1723404255319149,0.8276595744680851
1.0,False,0.5863157894736842,0.4560826818289505,0.4413644218068736,0.8199615145252578,0.4560826818289505,480,0,389,81,1.0,0.0,0.1723404255319149,0.8276595744680851
