outer_seed,outer_fold,source_row_index,model,actual_sale_price_keur,oof_prediction,squared_error
0,1,36,ols_all,222.522,273.55923924453873,2604.799789704285
0,1,291,ols_all,235.961,288.2619848095935,2735.39301205333
0,1,128,ols_all,261.766,257.16223862387073,21.194618808339804
0,1,116,ols_all,425.382,440.13973340408256,217.79069522597416
0,1,266,ols_all,430.138,435.82332964171655,32.322973134981154
0,1,0,ols_all,494.666,502.00766305311254,53.90001638543775
0,1,107,ols_all,297.778,281.918843095433,251.51285772367655
0,1,272,ols_all,353.33,367.12094998910516,190.19030160199995
0,1,210,ols_all,232.002,267.0355943743414,1227.3527347858828
0,1,5,ols_all,359.251,343.36913665499196,252.23358330950916
0,1,168,ols_all,260.578,255.41340363916652,26.673055570334185
0,1,140,ols_all,325.388,305.97641557096017,376.80961004574067
0,1,233,ols_all,385.977,405.9439211279855,398.6779393311949
0,1,70,ols_all,385.195,365.20560776526463,399.5758019140984
0,1,132,ols_all,446.917,420.33735736070594,706.4774028325776
0,1,148,ols_all,311.748,312.91356572366567,1.3585434561842988
0,1,277,ols_all,388.293,410.4271757790766,489.9217374190612
0,1,209,ols_all,293.538,280.33861655065107,174.2237234429468
0,1,255,ols_all,265.57,279.39862543637196,191.23088145947372
0,1,41,ols_all,292.094,253.65808314825836,1477.3197042339968
0,1,149,ols_all,337.859,292.6833094059398,2040.8430206502592
0,1,162,ols_all,260.859,276.55061418276205,246.22675566065962
0,1,294,ols_all,519.546,482.1792302890681,1396.2754786298233
0,1,205,ols_all,394.063,361.6401865618659,1051.2388312440482
0,1,150,ols_all,295.719,269.1068360504869,708.2072700757649
0,1,229,ols_all,396.197,406.83401511756347,113.14609061127369
0,1,31,ols_all,354.543,326.94942904930394,761.4051578110975
0,1,185,ols_all,268.273,259.13030844555124,83.5888088597892
0,1,282,ols_all,385.582,346.6014582031944,1519.4826387725082
0,1,155,ols_all,437.721,488.4050469020067,2568.872610364813
0,1,75,ols_all,478.849,531.1298915027382,2733.2916163210894
0,1,39,ols_all,321.065,310.31688795590617,115.52191251239485
0,1,218,ols_all,296.661,288.79626301224334,61.85408788658766
0,1,206,ols_all,340.646,346.20657036871035,30.919942825379337
0,1,286,ols_all,433.013,426.81441280928993,38.422483160834624
0,1,215,ols_all,485.364,495.78575573719945,108.61299264585018
0,1,195,ols_all,417.305,392.4946780509272,615.552075216645
0,1,47,ols_all,538.021,511.7149096858343,692.0103876170402
0,1,119,ols_all,284.404,290.9933963400897,43.42014412678762
0,1,106,ols_all,272.919,266.3468514660815,43.193136351887006
0,1,71,ols_all,456.1,465.5251453860046,88.83336554732382
0,1,199,ols_all,446.437,421.3564010793466,629.0364422186813
0,1,103,ols_all,377.744,420.33735736070594,1814.1940912568002
0,1,44,ols_all,383.504,362.27452386639516,450.69065690729843
0,1,17,ols_all,331.027,342.8669189964294,140.18368184200952
0,1,208,ols_all,286.658,383.01317251017144,9284.319269464895
0,1,161,ols_all,422.585,383.24387800334216,1547.7238799559136
0,1,33,ols_all,133.048,137.00780109632524,15.680024722458544
0,1,90,ols_all,288.704,263.3403941547267,643.3125014743819
0,1,84,ols_all,449.319,407.66248941200183,1735.264874368005
0,1,147,ols_all,232.804,217.93542683020883,221.07446810543402
0,1,109,ols_all,505.777,474.4207349420617,983.2153583836816
0,1,94,ols_all,320.296,296.43021609096786,569.575641592617
0,1,167,ols_all,354.381,369.913471653781,241.25767567551165
0,1,189,ols_all,282.527,301.88877764323365,374.878433506023
0,1,151,ols_all,446.733,446.05037095446687,0.46598241380547645
0,1,18,ols_all,319.064,292.6607291191415,697.1327132079927
0,1,227,ols_all,320.454,304.9125716997453,241.5359936119584
0,1,42,ols_all,290.49,267.6668863332045,520.8945174474678
0,1,111,ols_all,397.526,395.1279502222237,5.750642736692931
0,1,36,ridge,222.522,273.57833503168723,2606.7493468678936
0,1,291,ridge,235.961,288.2674140686694,2735.9609527230928
0,1,128,ridge,261.766,257.20474726556716,20.805026507371203
0,1,116,ridge,425.382,440.1242232493115,217.33314633254074
0,1,266,ridge,430.138,435.81316048809174,32.207446565597934
0,1,0,ridge,494.666,502.02014561022236,54.08345765635281
0,1,107,ridge,297.778,281.9104662823991,251.77862627920166
0,1,272,ridge,353.33,367.14476437380665,190.84771470379792
0,1,210,ridge,232.002,267.04804976975083,1228.2256044638518
0,1,5,ridge,359.251,343.36325222785626,252.42052927125746
0,1,168,ridge,260.578,255.41709597685855,26.634930336077367
0,1,140,ridge,325.388,305.99811304076894,375.96771629175777
0,1,233,ridge,385.977,405.97387557321144,399.8750326905015
0,1,70,ridge,385.195,365.2196137683751,399.01605510258946
0,1,132,ridge,446.917,420.3373188719577,706.4794488684078
0,1,148,ridge,311.748,312.97134386733296,1.496570217741191
0,1,277,ridge,388.293,410.4240512907279,489.7834312328289
0,1,209,ridge,293.538,280.34207695396253,174.13238503694305
0,1,255,ridge,265.57,279.37807994891955,190.66307187575427
0,1,41,ridge,292.094,253.68153850264918,1475.517198285459
0,1,149,ridge,337.859,292.6954517804286,2039.7460877815506
0,1,162,ridge,260.859,276.54276510078085,245.98048773647213
0,1,294,ridge,519.546,482.16699940078684,1397.1896857959819
0,1,205,ridge,394.063,361.64715928893315,1050.786729005258
0,1,150,ridge,295.719,269.13449794688245,706.735749412211
0,1,229,ridge,396.197,406.8237702098597,112.92824509316097
0,1,31,ridge,354.543,326.9396859211683,761.9429481346292
0,1,185,ridge,268.273,259.2016142464054,82.29003949051902
0,1,282,ridge,385.582,346.6035946905093,1519.3160804709337
0,1,155,ridge,437.721,488.4122156746345,2569.5993465723127
0,1,75,ridge,478.849,531.1022004135333,2730.3969534568773
0,1,39,ridge,321.065,310.30588590835316,115.75853603707353
0,1,218,ridge,296.661,288.7988461650263,61.8134629247916
0,1,206,ridge,340.646,346.22090384124215,31.079552839096287
0,1,286,ridge,433.013,426.7987369021382,38.61706584944644
0,1,215,ridge,485.364,495.77292048713855,108.3456257075731
0,1,195,ridge,417.305,392.4810123108822,616.2303647894728
0,1,47,ridge,538.021,511.72232623710136,691.6202416873713
0,1,119,ridge,284.404,291.0230025077526,43.81119419763536
0,1,106,ridge,272.919,266.36030373664755,43.016496674913135
0,1,71,ridge,456.1,465.509132095774,88.5317667957244
0,1,199,ridge,446.437,421.3573860776773,628.9870344927637
0,1,103,ridge,377.744,420.3373188719577,1814.1908125282637
0,1,44,ridge,383.504,362.3062155364288,449.3460661640216
0,1,17,ridge,331.027,342.89014776438864,140.73427487971958
0,1,208,ridge,286.658,383.02570421266324,9286.73441521935
0,1,161,ridge,422.585,383.2254207856921,1549.1764759273763
0,1,33,ridge,133.048,137.0216351346125,15.789776183026849
0,1,90,ridge,288.704,263.3822445250369,641.1913003338229
0,1,84,ridge,449.319,407.6673030316291,1734.8638603449988
0,1,147,ridge,232.804,217.9697850677556,220.05393265602294
0,1,109,ridge,505.777,474.3978592764751,984.6504725467769
0,1,94,ridge,320.296,296.43576443049983,569.3108414320408
0,1,167,ridge,354.381,369.9051948822652,241.00062674255054
0,1,189,ridge,282.527,301.8829400089197,374.6524136288996
0,1,151,ridge,446.733,446.0560572408912,0.4582514991098122
0,1,18,ridge,319.064,292.6751370481876,696.3720878895385
0,1,227,ridge,320.454,304.92360500852203,241.19316859132422
0,1,42,ridge,290.49,267.6943296416815,519.6425870851202
0,1,111,ridge,397.526,395.11576654577675,5.809225303856986
0,1,36,pls,222.522,273.55757019620177,2604.629425251439
0,1,291,pls,235.961,288.26108952190424,2735.2993639991964
0,1,128,pls,261.766,257.1420564943288,21.38085354363893
0,1,116,pls,425.382,440.15940758631666,218.37177497212906
0,1,266,pls,430.138,435.8125977932119,32.20106011472587
0,1,0,pls,494.666,502.01126381602757,53.95290052704387
0,1,107,pls,297.778,281.9412102863498,250.80390843437695
0,1,272,pls,353.33,367.12060530921156,190.18079479445439
0,1,210,pls,232.002,267.02679411415363,1226.7362027388501
0,1,5,pls,359.251,343.374669015942,252.05788551535917
0,1,168,pls,260.578,255.42172956068828,26.587124843319646
0,1,140,pls,325.388,305.99253663899066,376.1839989882549
0,1,233,pls,385.977,405.86541111876414,395.5488968289822
0,1,70,pls,385.195,365.20398342155033,399.64074383984916
0,1,132,pls,446.917,420.35088070737345,705.7586942700632
0,1,148,pls,311.748,312.91111116229735,1.3528275758607038
0,1,277,pls,388.293,410.43065812086246,490.0759070761874
0,1,209,pls,293.538,280.32612950116214,174.55352207806237
0,1,255,pls,265.57,279.4007770674849,191.29039429046668
0,1,41,pls,292.094,253.64753539729074,1478.1306404473758
0,1,149,pls,337.859,292.69393026488035,2039.8835241782192
0,1,162,pls,260.859,276.5294036855662,245.56155166860717
0,1,294,pls,519.546,482.1820599842511,1396.0640135004846
0,1,205,pls,394.063,361.6068957554482,1053.398702733213
0,1,150,pls,295.719,269.12528626269966,707.2256103414765
0,1,229,pls,396.197,406.82732230338235,113.00375227378808
0,1,31,pls,354.543,326.976339535649,759.9207691568126
0,1,185,pls,268.273,259.1068573775608,84.01817057489703
0,1,282,pls,385.582,346.61555623335204,1518.3837398193373
0,1,155,pls,437.721,488.42794145121115,2571.1939113365556
0,1,75,pls,478.849,531.1386649201015,2734.2090574564963
0,1,39,pls,321.065,310.328385222484,115.27489688077547
0,1,218,pls,296.661,288.76440493800436,62.35621357313393
0,1,206,pls,340.646,346.21161767888594,30.97610014752759
0,1,286,pls,433.013,426.79802709606827,38.625888196605345
0,1,215,pls,485.364,495.7540548014274,107.95323877666509
0,1,195,pls,417.305,392.4969822405857,615.4377451514166
0,1,47,pls,538.021,511.6903448997409,693.3033980087972
0,1,119,pls,284.404,291.01552932626817,43.712320032104024
0,1,106,pls,272.919,266.3605355802672,43.013455544900914
0,1,71,pls,456.1,465.4918560463898,88.20695999610793
0,1,199,pls,446.437,421.3623056620061,628.7402961438229
0,1,103,pls,377.744,420.35088070737345,1815.3462836123495
0,1,44,pls,383.504,362.28334385712753,450.31624713403176
0,1,17,pls,331.027,342.8432081644703,139.62277538609484
0,1,208,pls,286.658,383.0187995059127,9285.403681418698
0,1,161,pls,422.585,383.24605706843363,1547.5524309730342
0,1,33,pls,133.048,136.96562660901796,15.347798247685546
0,1,90,pls,288.704,263.35698155347393,642.4713441285332
0,1,84,pls,449.319,407.65901887529685,1735.554027310624
0,1,147,pls,232.804,217.9420621577596,220.87719642661705
0,1,109,pls,505.777,474.427934987001,982.7638771892383
0,1,94,pls,320.296,296.4258340168938,569.7848240610392
0,1,167,pls,354.381,369.9328271801876,241.85932864242227
0,1,189,pls,282.527,301.92004793531305,376.09030822135026
0,1,151,pls,446.733,446.05510495893105,0.4595416867058739
0,1,18,pls,319.064,292.6585134403052,697.2497204542224
0,1,227,pls,320.454,304.9035380052672,241.81686824962964
0,1,42,pls,290.49,267.6682722587909,520.8312570938724
0,1,111,pls,397.526,395.1349989161985,5.716886182739872
0,1,36,huber,222.522,273.8421259373073,2633.755326221081
0,1,291,huber,235.961,288.8443916154648,2796.6531087546127
0,1,128,huber,261.766,257.5585256553701,17.702840360719055
0,1,116,huber,425.382,439.63475027766117,203.1408904773704
0,1,266,huber,430.138,437.0582546329623,47.889924185036534
0,1,0,huber,494.666,506.12704479760987,131.35554785282034
0,1,107,huber,297.778,282.89021603852535,221.64611128354235
0,1,272,huber,353.33,368.9975242310284,245.47131552986323
0,1,210,huber,232.002,267.53359428481554,1262.4941924207353
0,1,5,huber,359.251,344.4403082472331,219.35659019547745
0,1,168,huber,260.578,254.47059274696414,37.30042335443467
0,1,140,huber,325.388,308.6790720896096,279.18827191462333
0,1,233,huber,385.977,411.5557047438367,654.2701363723761
0,1,70,huber,385.195,367.95957934032197,297.0597253160562
0,1,132,huber,446.917,418.2225049523526,823.3740460394591
0,1,148,huber,311.748,316.4019863573469,21.659589014371285
0,1,277,huber,388.293,408.23187761485457,397.5588405401483
0,1,209,huber,293.538,277.18940479405614,267.27656520781073
0,1,255,huber,265.57,275.33492703519914,95.35380000276326
0,1,41,huber,292.094,253.0999896908673,1520.5328399887476
0,1,149,huber,337.859,290.9349346872404,2201.867905476127
0,1,162,huber,260.859,274.910521914389,197.44526811055468
0,1,294,huber,519.546,481.3705888280214,1457.3620181496303
0,1,205,huber,394.063,359.5598073215832,1190.4703050039534
0,1,150,huber,295.719,267.63996199155156,788.4323754798919
0,1,229,huber,396.197,404.5271365124673,69.39117431634048
0,1,31,huber,354.543,321.4487609231863,1095.2286600733044
0,1,185,huber,268.273,263.33156288075304,24.417800803471934
0,1,282,huber,385.582,349.14553201016605,1327.6161995741936
0,1,155,huber,437.721,489.79338457017116,2711.533234823799
0,1,75,huber,478.849,530.4633309679111,2664.0391612650715
0,1,39,huber,321.065,311.09721752831297,99.3566874028712
0,1,218,huber,296.661,290.0214740902346,44.083304306445825
0,1,206,huber,340.646,345.713494132769,25.6794967856478
0,1,286,huber,433.013,423.91456905795627,82.78144560713831
0,1,215,huber,485.364,497.9666265190125,158.82619517771755
0,1,195,huber,417.305,387.87338396347286,866.2200225215619
0,1,47,huber,538.021,512.5699951971396,647.7536454752193
0,1,119,huber,284.404,295.52217035936303,123.61371213981874
0,1,106,huber,272.919,268.46512469135985,19.837005264914264
0,1,71,huber,456.1,464.9779622961904,78.81821453257814
0,1,199,huber,446.437,420.84746588591565,654.8242561758872
0,1,103,huber,377.744,418.2225049523526,1638.5093631776324
0,1,44,huber,383.504,364.96727759597513,343.6100774838781
0,1,17,huber,331.027,344.08261903261644,170.44918832481684
0,1,208,huber,286.658,385.18330716892075,9707.236152730184
0,1,161,huber,422.585,383.41356371220195,1534.4014208490203
0,1,33,huber,133.048,139.79203240012527,45.48197301393932
0,1,90,huber,288.704,265.2075013447444,552.0854490564285
0,1,84,huber,449.319,408.3215813345968,1680.7883372263543
0,1,147,huber,232.804,215.1811207116833,310.56587441058207
0,1,109,huber,505.777,473.44890734381227,1045.1055747870585
0,1,94,huber,320.296,296.8509552307942,549.6701242300626
0,1,167,huber,354.381,369.8488113475002,239.2531878818569
0,1,189,huber,282.527,300.50925251346894,323.3614054581604
0,1,151,huber,446.733,446.00522465238686,0.5296569565934363
0,1,18,huber,319.064,294.78993304709553,589.2303264340899
0,1,227,huber,320.454,302.72136903857376,314.44620081413296
0,1,42,huber,290.49,269.59874341970794,436.4446015035965
0,1,111,huber,397.526,392.6965024019381,23.32404704968558
0,1,36,cart,222.522,298.0572,5705.566439040005
0,1,291,cart,235.961,298.0572,3855.9380544400015
0,1,128,cart,261.766,259.91412499999996,3.429441015625236
0,1,116,cart,425.382,439.7224,205.64707215999965
0,1,266,cart,430.138,430.759,0.38564100000004686
0,1,0,cart,494.666,480.72437499999995,194.36890764062625
0,1,107,cart,297.778,259.91412499999996,1433.6730300156298
0,1,272,cart,353.33,335.8824,304.4187457599988
0,1,210,cart,232.002,259.91412499999996,779.0867220156221
0,1,5,cart,359.251,410.96399999999994,2674.2343689999966
0,1,168,cart,260.578,259.91412499999996,0.44073001562502473
0,1,140,cart,325.388,311.56057142857145,191.19778089795795
0,1,233,cart,385.977,430.759,2005.4275240000036
0,1,70,cart,385.195,348.64675,1335.7745780624998
0,1,132,cart,446.917,460.73912500000006,191.05113951562734
0,1,148,cart,311.748,389.2992,6014.188621439999
0,1,277,cart,388.293,439.674,2640.0071609999973
0,1,209,cart,293.538,242.64955555555557,2589.633777975309
0,1,255,cart,265.57,195.3316,4933.432834559998
0,1,41,cart,292.094,251.45442857142856,1651.5747658979592
0,1,149,cart,337.859,259.91412499999996,6075.403538765629
0,1,162,cart,260.859,242.64955555555557,331.58386697530756
0,1,294,cart,519.546,460.73912500000006,3458.248547265624
0,1,205,cart,394.063,430.759,1346.596416000002
0,1,150,cart,295.719,298.0572,5.467179240000135
0,1,229,cart,396.197,430.759,1194.5318440000008
0,1,31,cart,354.543,251.45442857142856,10627.253559183677
0,1,185,cart,268.273,259.91412499999996,69.87079126562615
0,1,282,cart,385.582,370.776,219.21763599999952
0,1,155,cart,437.721,487.68800000000005,2496.7010890000042
0,1,75,cart,478.849,487.68800000000005,78.12792100000098
0,1,39,cart,321.065,296.3046,613.0774081600002
0,1,218,cart,296.661,259.91412499999996,1350.3328222656282
0,1,206,cart,340.646,317.0297777777778,557.7259520493833
0,1,286,cart,433.013,446.96180000000004,194.56902144000173
0,1,215,cart,485.364,500.421,226.7132490000005
0,1,195,cart,417.305,328.71900000000005,7847.479395999992
0,1,47,cart,538.021,480.72437499999995,3282.903236390626
0,1,119,cart,284.404,269.11659999999995,233.70459876000146
0,1,106,cart,272.919,251.45442857142856,460.7278266122444
0,1,71,cart,456.1,446.96180000000004,83.50669923999969
0,1,199,cart,446.437,446.96180000000004,0.2754150400000288
0,1,103,cart,377.744,460.73912500000006,6888.19077376563
0,1,44,cart,383.504,446.96180000000004,4026.8923808400027
0,1,17,cart,331.027,430.759,9946.471824000006
0,1,208,cart,286.658,389.2992,10535.215937439994
0,1,161,cart,422.585,375.07339999999994,2257.3521345600043
0,1,33,cart,133.048,126.2624,46.04436736000003
0,1,90,cart,288.704,259.91412499999996,828.856902515628
0,1,84,cart,449.319,410.96399999999994,1471.1060250000057
0,1,147,cart,232.804,242.64955555555557,96.93496419753102
0,1,109,cart,505.777,439.7224,4363.21018116
0,1,94,cart,320.296,370.776,2548.2304000000017
0,1,167,cart,354.381,410.96399999999994,3201.6358889999965
0,1,189,cart,282.527,251.45442857142856,965.5046951836731
0,1,151,cart,446.733,439.674,49.829481000000364
0,1,18,cart,319.064,288.1465714285714,955.8873894693905
0,1,227,cart,320.454,335.8824,238.03552656000033
0,1,42,cart,290.49,311.56057142857145,443.9689803265311
0,1,111,cart,397.526,446.96180000000004,2443.898321640003
0,1,36,subset_min,222.522,271.3751347932766,2386.628779130051
0,1,291,subset_min,235.961,287.18454977208677,2623.852051253449
0,1,128,subset_min,261.766,257.33167667288035,19.663223369437667
0,1,116,subset_min,425.382,439.7773657913691,207.22655626731978
0,1,266,subset_min,430.138,436.8958028586578,45.667899476484074
0,1,0,subset_min,494.666,500.20212293051384,30.648657101761156
0,1,107,subset_min,297.778,287.55840127585384,104.44019808257025
0,1,272,subset_min,353.33,363.9215414272829,112.1807498058497
0,1,210,subset_min,232.002,265.1895665609185,1101.4145742353937
0,1,5,subset_min,359.251,342.01347772971457,297.1321740185855
0,1,168,subset_min,260.578,257.0500475222094,12.446448685548576
0,1,140,subset_min,325.388,308.22308987039315,294.634139757479
0,1,233,subset_min,385.977,399.9283756635891,194.6408829065875
0,1,70,subset_min,385.195,367.3159943881862,319.6588416672692
0,1,132,subset_min,446.917,417.03197978118857,893.1144334787665
0,1,148,subset_min,311.748,308.60486145305856,9.87931992526908
0,1,277,subset_min,388.293,409.3593889947124,443.79274527653905
0,1,209,subset_min,293.538,277.73684982659637,249.67634680245393
0,1,255,subset_min,265.57,278.234591078747,160.3918671918776
0,1,41,subset_min,292.094,257.1939994054217,1218.0100415015638
0,1,149,subset_min,337.859,293.52739036126144,1965.291613161496
0,1,162,subset_min,260.859,274.8996286521278,197.13925294695193
0,1,294,subset_min,519.546,480.344094658906,1536.789382372099
0,1,205,subset_min,394.063,359.5137286706098,1193.6521493918233
0,1,150,subset_min,295.719,270.9439525183362,613.8029777186968
0,1,229,subset_min,396.197,406.5556432210344,107.3014893806822
0,1,31,subset_min,354.543,336.0402752281088,342.35082398435713
0,1,185,subset_min,268.273,247.3828779131955,436.3972008015982
0,1,282,subset_min,385.582,346.2154069259326,1549.728650259211
0,1,155,subset_min,437.721,486.6882470725011,2397.7912858593672
0,1,75,subset_min,478.849,531.8683932939603,2811.0560652596387
0,1,39,subset_min,321.065,310.6975881595058,107.48322827041902
0,1,218,subset_min,296.661,286.7569498094733,98.09021017647147
0,1,206,subset_min,340.646,344.40316378718,14.11627972369669
0,1,286,subset_min,433.013,425.4201795351926,57.650922610798105
0,1,215,subset_min,485.364,496.02718733451724,113.70356413100933
0,1,195,subset_min,417.305,391.6173990437652,659.8528428867552
0,1,47,subset_min,538.021,512.788375254971,636.6853515234469
0,1,119,subset_min,284.404,288.6570332908172,18.08829217279938
0,1,106,subset_min,272.919,267.1526382816204,33.25092746719356
0,1,71,subset_min,456.1,465.36790924481625,85.89414177015003
0,1,199,subset_min,446.437,419.84926691251326,706.9075507314379
0,1,103,subset_min,377.744,417.03197978118857,1543.5453552870795
0,1,44,subset_min,383.504,360.3436652812276,536.4011042855764
0,1,17,subset_min,331.027,339.68231490630666,74.91447612733447
0,1,208,subset_min,286.658,387.4521299968265,10159.456641817156
0,1,161,subset_min,422.585,386.4489676457276,1305.8128343090218
0,1,33,subset_min,133.048,125.94180640760092,50.497987372653746
0,1,90,subset_min,288.704,264.46936081258343,587.3177365442672
0,1,84,subset_min,449.319,405.2626753492517,1940.9597417321331
0,1,147,subset_min,232.804,216.44593812271052,267.58618838123164
0,1,109,subset_min,505.777,474.025284466423,1008.1714393251949
0,1,94,subset_min,320.296,298.6846851596891,467.0489291270426
0,1,167,subset_min,354.381,369.2846443371842,222.11861452928363
0,1,189,subset_min,282.527,307.8196635982379,639.7188318936304
0,1,151,subset_min,446.733,444.76839273456335,3.859681707406491
0,1,18,subset_min,319.064,294.89043813970625,584.3610930134497
0,1,227,subset_min,320.454,302.1679271685493,334.3804595971203
0,1,42,subset_min,290.49,267.76415557572153,516.4640047965091
0,1,111,subset_min,397.526,394.55471218660756,8.82855127001449
0,1,36,subset_1se,222.522,275.343273040809,2790.0868856516945
0,1,291,subset_1se,235.961,288.28853158114845,2738.170561376087
0,1,128,subset_1se,261.766,268.4986574655261,45.328676548103985
0,1,116,subset_1se,425.382,433.19443668861265,61.03416701358098
0,1,266,subset_1se,430.138,435.4092724275233,27.786313005167834
0,1,0,subset_1se,494.666,516.5015395263365,476.7907864062038
0,1,107,subset_1se,297.778,299.1031106795425,1.7559183130375604
0,1,272,subset_1se,353.33,364.5584112283068,126.07721871196647
0,1,210,subset_1se,232.002,269.9695722013582,1441.5365388653454
0,1,5,subset_1se,359.251,345.40930949359654,191.59239607505907
0,1,168,subset_1se,260.578,258.8202828728039,3.089569499238468
0,1,140,subset_1se,325.388,319.36869992035554,36.23197344880754
0,1,233,subset_1se,385.977,431.1895168852388,2044.1716830980047
0,1,70,subset_1se,385.195,380.7795235711599,19.49643209364222
0,1,132,subset_1se,446.917,410.2228308825731,1346.4620472183258
0,1,148,subset_1se,311.748,311.41799313205354,0.10890453289182676
0,1,277,subset_1se,388.293,401.60616030982254,177.24023743503406
0,1,209,subset_1se,293.538,279.26547047680987,203.70509899033428
0,1,255,subset_1se,265.57,267.3612344894853,3.208520996321681
0,1,41,subset_1se,292.094,259.6270453254512,1054.1031458392054
0,1,149,subset_1se,337.859,293.740786513635,1946.416761228478
0,1,162,subset_1se,260.859,276.82669191752564,254.96718517301414
0,1,294,subset_1se,519.546,480.39108542695055,1533.1073352228038
0,1,205,subset_1se,394.063,354.8637717798882,1536.5794930524064
0,1,150,subset_1se,295.719,271.5027253301223,586.4279588869599
0,1,229,subset_1se,396.197,397.61214530803966,2.00263624286665
0,1,31,subset_1se,354.543,319.42899957494717,1232.9930258506108
0,1,185,subset_1se,268.273,259.01403220408906,85.7284846457163
0,1,282,subset_1se,385.582,350.9477423856049,1199.5318005002848
0,1,155,subset_1se,437.721,486.4821731891467,2377.652010781958
0,1,75,subset_1se,478.849,523.8418557717704,2024.3570704993324
0,1,39,subset_1se,321.065,309.21627194146794,140.39235660504494
0,1,218,subset_1se,296.661,296.6898977144257,0.0008350778990282637
0,1,206,subset_1se,340.646,349.51796809171674,78.71181782043969
0,1,286,subset_1se,433.013,418.7600259032998,203.14727060120688
0,1,215,subset_1se,485.364,505.2788130441968,396.59977858531175
0,1,195,subset_1se,417.305,377.79720772325754,1560.8656505822314
0,1,47,subset_1se,538.021,528.0663528155993,99.09500056589563
0,1,119,subset_1se,284.404,305.5750654714998,448.2140131985305
0,1,106,subset_1se,272.919,271.29932153282977,2.6233583370148654
0,1,71,subset_1se,456.1,461.0445858791042,24.448929515836472
0,1,199,subset_1se,446.437,413.5636646890101,1080.6561744687747
0,1,103,subset_1se,377.744,410.2228308825731,1054.874455498781
0,1,44,subset_1se,383.504,377.73505068651616,33.28077618154588
0,1,17,subset_1se,331.027,352.2812086270077,451.7413843603685
0,1,208,subset_1se,286.658,397.8658722612303,12367.190852870117
0,1,161,subset_1se,422.585,390.38996387403404,1036.520351152252
0,1,33,subset_1se,133.048,117.59061313750988,238.93080861668233
0,1,90,subset_1se,288.704,272.5400754388869,261.2724572173555
0,1,84,subset_1se,449.319,413.7627068566716,1264.2499820943015
0,1,147,subset_1se,232.804,213.12499182900586,387.26336259405406
0,1,109,subset_1se,505.777,468.69348413052523,1375.1871492415858
0,1,94,subset_1se,320.296,303.15520622930535,293.80681108948426
0,1,167,subset_1se,354.381,365.79128869567984,130.19468811875976
0,1,189,subset_1se,282.527,308.73388167141536,686.8006469395671
0,1,151,subset_1se,446.733,443.7202467559733,9.07668210939356
0,1,18,subset_1se,319.064,310.7700604705433,68.78943291828503
0,1,227,subset_1se,320.454,285.04047611635104,1254.1176738577756
0,1,42,subset_1se,290.49,275.2055800445446,233.61349337472342
0,1,111,subset_1se,397.526,382.3930484778045,229.0062217731199
0,1,36,adaptive_linear,222.522,271.3751347932766,2386.628779130051
0,1,291,adaptive_linear,235.961,287.18454977208677,2623.852051253449
0,1,128,adaptive_linear,261.766,257.33167667288035,19.663223369437667
0,1,116,adaptive_linear,425.382,439.7773657913691,207.22655626731978
0,1,266,adaptive_linear,430.138,436.8958028586578,45.667899476484074
0,1,0,adaptive_linear,494.666,500.20212293051384,30.648657101761156
0,1,107,adaptive_linear,297.778,287.55840127585384,104.44019808257025
0,1,272,adaptive_linear,353.33,363.9215414272829,112.1807498058497
0,1,210,adaptive_linear,232.002,265.1895665609185,1101.4145742353937
0,1,5,adaptive_linear,359.251,342.01347772971457,297.1321740185855
0,1,168,adaptive_linear,260.578,257.0500475222094,12.446448685548576
0,1,140,adaptive_linear,325.388,308.22308987039315,294.634139757479
0,1,233,adaptive_linear,385.977,399.9283756635891,194.6408829065875
0,1,70,adaptive_linear,385.195,367.3159943881862,319.6588416672692
0,1,132,adaptive_linear,446.917,417.03197978118857,893.1144334787665
0,1,148,adaptive_linear,311.748,308.60486145305856,9.87931992526908
0,1,277,adaptive_linear,388.293,409.3593889947124,443.79274527653905
0,1,209,adaptive_linear,293.538,277.73684982659637,249.67634680245393
0,1,255,adaptive_linear,265.57,278.234591078747,160.3918671918776
0,1,41,adaptive_linear,292.094,257.1939994054217,1218.0100415015638
0,1,149,adaptive_linear,337.859,293.52739036126144,1965.291613161496
0,1,162,adaptive_linear,260.859,274.8996286521278,197.13925294695193
0,1,294,adaptive_linear,519.546,480.344094658906,1536.789382372099
0,1,205,adaptive_linear,394.063,359.5137286706098,1193.6521493918233
0,1,150,adaptive_linear,295.719,270.9439525183362,613.8029777186968
0,1,229,adaptive_linear,396.197,406.5556432210344,107.3014893806822
0,1,31,adaptive_linear,354.543,336.0402752281088,342.35082398435713
0,1,185,adaptive_linear,268.273,247.3828779131955,436.3972008015982
0,1,282,adaptive_linear,385.582,346.2154069259326,1549.728650259211
0,1,155,adaptive_linear,437.721,486.6882470725011,2397.7912858593672
0,1,75,adaptive_linear,478.849,531.8683932939603,2811.0560652596387
0,1,39,adaptive_linear,321.065,310.6975881595058,107.48322827041902
0,1,218,adaptive_linear,296.661,286.7569498094733,98.09021017647147
0,1,206,adaptive_linear,340.646,344.40316378718,14.11627972369669
0,1,286,adaptive_linear,433.013,425.4201795351926,57.650922610798105
0,1,215,adaptive_linear,485.364,496.02718733451724,113.70356413100933
0,1,195,adaptive_linear,417.305,391.6173990437652,659.8528428867552
0,1,47,adaptive_linear,538.021,512.788375254971,636.6853515234469
0,1,119,adaptive_linear,284.404,288.6570332908172,18.08829217279938
0,1,106,adaptive_linear,272.919,267.1526382816204,33.25092746719356
0,1,71,adaptive_linear,456.1,465.36790924481625,85.89414177015003
0,1,199,adaptive_linear,446.437,419.84926691251326,706.9075507314379
0,1,103,adaptive_linear,377.744,417.03197978118857,1543.5453552870795
0,1,44,adaptive_linear,383.504,360.3436652812276,536.4011042855764
0,1,17,adaptive_linear,331.027,339.68231490630666,74.91447612733447
0,1,208,adaptive_linear,286.658,387.4521299968265,10159.456641817156
0,1,161,adaptive_linear,422.585,386.4489676457276,1305.8128343090218
0,1,33,adaptive_linear,133.048,125.94180640760092,50.497987372653746
0,1,90,adaptive_linear,288.704,264.46936081258343,587.3177365442672
0,1,84,adaptive_linear,449.319,405.2626753492517,1940.9597417321331
0,1,147,adaptive_linear,232.804,216.44593812271052,267.58618838123164
0,1,109,adaptive_linear,505.777,474.025284466423,1008.1714393251949
0,1,94,adaptive_linear,320.296,298.6846851596891,467.0489291270426
0,1,167,adaptive_linear,354.381,369.2846443371842,222.11861452928363
0,1,189,adaptive_linear,282.527,307.8196635982379,639.7188318936304
0,1,151,adaptive_linear,446.733,444.76839273456335,3.859681707406491
0,1,18,adaptive_linear,319.064,294.89043813970625,584.3610930134497
0,1,227,adaptive_linear,320.454,302.1679271685493,334.3804595971203
0,1,42,adaptive_linear,290.49,267.76415557572153,516.4640047965091
0,1,111,adaptive_linear,397.526,394.55471218660756,8.82855127001449
0,2,10,ols_all,236.674,237.90457303418748,1.5143099924693615
0,2,141,ols_all,279.634,284.1935583609413,20.7895724468298
0,2,63,ols_all,387.661,428.01574099317463,1628.505120626209
0,2,123,ols_all,485.218,479.1908007842387,36.32713038647363
0,2,83,ols_all,433.596,491.9370286327237,3403.6756219242857
0,2,64,ols_all,684.476,686.3145350002344,3.3802109470869097
0,2,221,ols_all,449.974,481.46789298719136,991.8652954886619
0,2,275,ols_all,465.361,452.9359084157079,154.38290087804612
0,2,159,ols_all,560.46,568.1892183018701,59.74081555796379
0,2,93,ols_all,297.073,244.86364112857655,2725.8171537650805
0,2,25,ols_all,365.837,380.7282894210491,221.75050062144953
0,2,182,ols_all,176.669,211.89678093748694,1240.9965497795672
0,2,8,ols_all,522.37,489.8888335066174,1055.0261767708407
0,2,130,ols_all,437.098,416.03704155240735,443.56397073122497
0,2,68,ols_all,472.514,465.0141523551317,56.24771469623632
0,2,118,ols_all,437.164,474.8437842216779,1419.7661389922062
0,2,74,ols_all,227.396,241.61556100171856,202.19591508159576
0,2,242,ols_all,235.366,256.21007717194084,434.47555314982463
0,2,92,ols_all,423.841,437.3370280440197,182.1427729649657
0,2,223,ols_all,328.27,343.3252472781844,226.6604706072795
0,2,252,ols_all,253.683,240.4360563291616,175.4815166183653
0,2,65,ols_all,443.636,432.4591695529309,124.92153884253104
0,2,194,ols_all,546.888,529.6100455821772,298.52770886436235
0,2,276,ols_all,509.076,447.93994048832315,3737.617772615297
0,2,43,ols_all,366.327,340.7895226191288,652.1627509785094
0,2,179,ols_all,236.114,263.95569958535066,775.1602358009147
0,2,6,ols_all,331.553,339.9940058189093,71.25057923486024
0,2,54,ols_all,429.049,462.60503232655697,1126.0073055009375
0,2,290,ols_all,286.009,300.47623427258736,209.30086749792596
0,2,251,ols_all,361.326,419.2872463927458,3359.506083400589
0,2,61,ols_all,309.279,300.3131632001198,80.38622952208617
0,2,117,ols_all,209.858,255.98703605522974,2127.8879673846845
0,2,265,ols_all,276.409,211.89678093748694,4161.826408369673
0,2,173,ols_all,435.421,433.03988335463396,5.6697164788392
0,2,212,ols_all,252.257,293.772957657829,1723.574740246651
0,2,126,ols_all,376.944,331.8095869081983,2037.1152451414023
0,2,160,ols_all,275.173,252.62635859405123,508.3510386884438
0,2,124,ols_all,386.706,354.2919085610886,1050.673323810112
0,2,13,ols_all,333.614,385.4944114698885,2691.5770942849426
0,2,97,ols_all,422.501,393.5508921428848,838.1087449386032
0,2,219,ols_all,197.665,145.55173765297127,2715.792112450242
0,2,295,ols_all,195.235,239.0118953914639,1916.4165701151717
0,2,226,ols_all,428.876,433.7409769001458,23.668000238952704
0,2,216,ols_all,304.756,308.88606021474493,17.057397377419168
0,2,196,ols_all,495.64,489.78042469622983,34.33462274055313
0,2,232,ols_all,444.205,409.60270578782433,1197.3187647459645
0,2,45,ols_all,244.551,259.0220649466503,209.41172069017108
0,2,264,ols_all,273.541,344.61612332508525,5051.673155676079
0,2,292,ols_all,441.085,433.481287030281,57.81645092587247
0,2,192,ols_all,271.658,243.95530229768815,767.4394599856752
0,2,186,ols_all,486.28,452.9359084157079,1111.8284435816574
0,2,72,ols_all,354.919,342.85448953095397,145.55241285772084
0,2,144,ols_all,233.438,257.01970621669693,556.0968680906033
0,2,98,ols_all,308.471,336.5774547670728,789.9727995735104
0,2,170,ols_all,255.102,287.38505174766624,1042.195430142496
0,2,258,ols_all,234.616,294.4759219064915,3583.210250651262
0,2,249,ols_all,281.294,268.5556855970726,162.26465382782658
0,2,37,ols_all,493.864,499.83083485437487,35.603118179383074
0,2,28,ols_all,330.975,353.6397800157963,513.6922531644385
0,2,121,ols_all,457.643,437.32543377949764,412.80349712449726
0,2,10,ridge,236.674,237.9060882371893,1.5180414242202067
0,2,141,ridge,279.634,284.19387212495394,20.79243379593184
0,2,63,ridge,387.661,428.01535884219857,1628.4742775649295
0,2,123,ridge,485.218,479.19074750446845,36.32777264489154
0,2,83,ridge,433.596,491.93687892349317,3403.6581535656887
0,2,64,ridge,684.476,686.3131655446982,3.375177238626319
0,2,221,ridge,449.974,481.46807475641185,991.8767447624589
0,2,275,ridge,465.361,452.9353820634866,154.3959811042033
0,2,159,ridge,560.46,568.1889488054678,59.73664963754183
0,2,93,ridge,297.073,244.8636865950075,2725.812406220728
0,2,25,ridge,365.837,380.7282379112679,221.74896652998302
0,2,182,ridge,176.669,211.8968889427863,1241.0041593652838
0,2,8,ridge,522.37,489.889065480224,1055.0111072779753
0,2,130,ridge,437.098,416.03691702283066,443.56921617121253
0,2,68,ridge,472.514,465.01386658248686,56.25200128049755
0,2,118,ridge,437.164,474.8438071666112,1419.7678681130067
0,2,74,ridge,227.396,241.61513743109728,202.18386928443218
0,2,242,ridge,235.366,256.210208285628,434.4810190546435
0,2,92,ridge,423.841,437.33538532123896,182.09843519806927
0,2,223,ridge,328.27,343.3244764639308,226.63726160304716
0,2,252,ridge,253.683,240.43608552731322,175.48074304667816
0,2,65,ridge,443.636,432.45913162485726,124.92238667526637
0,2,194,ridge,546.888,529.6094203931383,298.5493132306584
0,2,276,ridge,509.076,447.9397107362305,3737.645864943301
0,2,43,ridge,366.327,340.7895149311139,652.1631436435804
0,2,179,ridge,236.114,263.9558196011546,775.1669187032355
0,2,6,ridge,331.553,339.99338243844386,71.24005570719156
0,2,54,ridge,429.049,462.6051735112792,1126.0167807190767
0,2,290,ridge,286.009,300.4763503829792,209.30422710388814
0,2,251,ridge,361.326,419.2864742703292,3359.4165776414934
0,2,61,ridge,309.279,300.3133914076387,80.38213743142313
0,2,117,ridge,209.858,255.9874041881411,2127.9219307528906
0,2,265,ridge,276.409,211.8968889427863,4161.812473058274
0,2,173,ridge,435.421,433.03927852063396,5.6725972052735365
0,2,212,ridge,252.257,293.77291371107856,1723.5710912657203
0,2,126,ridge,376.944,331.8093881251028,2037.1331890976103
0,2,160,ridge,275.173,252.62687208938473,508.3278837618248
0,2,124,ridge,386.706,354.291744862167,1050.6839361405355
0,2,13,ridge,333.614,385.49459721804425,2691.596367700943
0,2,97,ridge,422.501,393.5506940858978,838.1202125200984
0,2,219,ridge,197.665,145.55177607135633,2715.7881082369586
0,2,295,ridge,195.235,239.0123998597138,1916.4607384772694
0,2,226,ridge,428.876,433.74062481635065,23.66457460385479
0,2,216,ridge,304.756,308.88637738656814,17.06001735547371
0,2,196,ridge,495.64,489.78038551602737,34.335081900781724
0,2,232,ridge,444.205,409.60276972603725,1197.314339932343
0,2,45,ridge,244.551,259.0223187881932,209.41906746951437
0,2,264,ridge,273.541,344.6156819560341,5051.610415151401
0,2,292,ridge,441.085,433.481005852851,57.820726989875745
0,2,192,ridge,271.658,243.9558147228515,767.411069129464
0,2,186,ridge,486.28,452.9353820634866,1111.8635453320494
0,2,72,ridge,354.919,342.85437832442767,145.55509617468925
0,2,144,ridge,233.438,257.0205239047614,556.1354337186423
0,2,98,ridge,308.471,336.5770561915101,789.9503946403236
0,2,170,ridge,255.102,287.3851702444299,1042.2030810308438
0,2,258,ridge,234.616,294.4759703953323,3583.216055730057
0,2,249,ridge,281.294,268.5556835036305,162.26470716167842
0,2,37,ridge,493.864,499.82992603340335,35.59227343604016
0,2,28,ridge,330.975,353.6401733172831,513.7100815024801
0,2,121,ridge,457.643,437.32539958176636,412.8048867550066
0,2,10,pls,236.674,239.33638475099588,7.088292562335337
0,2,141,pls,279.634,283.04004904210007,11.601170077190675
0,2,63,pls,387.661,428.5067701578388,1668.3769397869935
0,2,123,pls,485.218,481.9274878475686,10.827470225298752
0,2,83,pls,433.596,490.5555751561737,3244.3932019717986
0,2,64,pls,684.476,686.0575616743936,2.501337329910635
0,2,221,pls,449.974,481.9080417701013,1019.7830237745757
0,2,275,pls,465.361,453.04922991536773,151.5796826168458
0,2,159,pls,560.46,565.2896757025009,23.325767391326806
0,2,93,pls,297.073,244.10040534415614,2806.0957845723347
0,2,25,pls,365.837,380.02105986130846,201.18755414918203
0,2,182,pls,176.669,214.14302576352344,1404.3026069252178
0,2,8,pls,522.37,490.2596247132012,1031.0762010590581
0,2,130,pls,437.098,418.4509208900027,347.7135593344985
0,2,68,pls,472.514,463.5904696604707,79.62939372049978
0,2,118,pls,437.164,475.93088740923673,1502.8715594004384
0,2,74,pls,227.396,238.14173863545153,115.47089882143604
0,2,242,pls,235.366,256.2421760653176,435.8147271101392
0,2,92,pls,423.841,431.9275205626143,65.39181480958361
0,2,223,pls,328.27,342.19924089439724,194.0237518941488
0,2,252,pls,253.683,241.18038225231302,156.31545054477718
0,2,65,pls,443.636,432.77516160197496,117.95781070801569
0,2,194,pls,546.888,528.3795133067748,342.5640796732951
0,2,276,pls,509.076,448.9694508067149,3612.7972559248024
0,2,43,pls,366.327,339.56136536524036,716.3991974014446
0,2,179,pls,236.114,262.75751058212086,709.8766561395859
0,2,6,pls,331.553,338.8119275480336,52.69202914760146
0,2,54,pls,429.049,462.5918191322662,1125.1207153399255
0,2,290,pls,286.009,300.2425681437421,202.59446210255007
0,2,251,pls,361.326,417.2325619824383,3125.5436726962143
0,2,61,pls,309.279,300.2001670114613,82.42520843377841
0,2,117,pls,209.858,255.69211050923735,2100.7656861729815
0,2,265,pls,276.409,214.14302576352344,3877.051547617562
0,2,173,pls,435.421,432.60269974504996,7.942816327051413
0,2,212,pls,252.257,294.0633137169581,1747.7678666007166
0,2,126,pls,376.944,333.15711811261366,1917.2910254199235
0,2,160,pls,275.173,253.62318814504175,464.3943909840991
0,2,124,pls,386.706,354.0135427832851,1068.796758866734
0,2,13,pls,333.614,385.97918391699534,2742.1124866607497
0,2,97,pls,422.501,394.7360456806532,770.8926883554129
0,2,219,pls,197.665,144.76002884512775,2798.935972897864
0,2,295,pls,195.235,239.34342859722804,1945.5534733167633
0,2,226,pls,428.876,433.4223495882343,20.66929457843825
0,2,216,pls,304.756,309.7740998973208,25.1813265794914
0,2,196,pls,495.64,490.45408569174725,26.89370721254043
0,2,232,pls,444.205,410.59108348971796,1129.8953831602105
0,2,45,pls,244.551,257.1041403304636,157.58133215631264
0,2,264,pls,273.541,344.991556478316,5105.182021061025
0,2,292,pls,441.085,434.0774627289733,49.105578604828416
0,2,192,pls,271.658,241.05449417270958,936.5745689209996
0,2,186,pls,486.28,453.04922991536773,1104.284080417689
0,2,72,pls,354.919,340.60191459916825,204.97893437470904
0,2,144,pls,233.438,256.7764425191845,544.6828992212801
0,2,98,pls,308.471,337.09034484416276,819.0668993091052
0,2,170,pls,255.102,288.168708041026,1093.407180670452
0,2,258,pls,234.616,297.38103116356865,3939.449136963742
0,2,249,pls,281.294,266.2297026418785,226.93305489390661
0,2,37,pls,493.864,494.9635975034926,1.2091146696872594
0,2,28,pls,330.975,354.3719021660285,547.415030966709
0,2,121,pls,457.643,437.9841421459498,386.47069212574945
0,2,10,huber,236.674,238.5268997812216,3.433237599251034
0,2,141,huber,279.634,284.3046849251275,21.815297669813177
0,2,63,huber,387.661,426.8148587825377,1533.0246575629064
0,2,123,huber,485.218,477.5795089572071,58.346545410827474
0,2,83,huber,433.596,493.0373078329727,3533.269076894223
0,2,64,huber,684.476,686.5369434564318,4.247487930609058
0,2,221,huber,449.974,481.1956110626984,974.7889973504111
0,2,275,huber,465.361,452.85426710038337,156.41836782235282
0,2,159,huber,560.46,570.3478517702587,97.76961263060683
0,2,93,huber,297.073,245.25605377347534,2684.9959162425457
0,2,25,huber,365.837,380.8211254871309,224.524016614087
0,2,182,huber,176.669,210.91112260769214,1172.5229606802202
0,2,8,huber,522.37,490.28489060473646,1029.4542449060289
0,2,130,huber,437.098,414.7188091497708,500.82818311098396
0,2,68,huber,472.514,466.11096936639444,40.998801294891315
0,2,118,huber,437.164,474.25968638011534,1376.0899480118758
0,2,74,huber,227.396,242.89931497992058,240.3527753666301
0,2,242,huber,235.366,256.405853455896,442.6754334455792
0,2,92,huber,423.841,439.52060293006735,245.84994804457654
0,2,223,huber,328.27,343.6673069633632,237.07706172403397
0,2,252,huber,253.683,240.21471353333925,181.39474034803692
0,2,65,huber,443.636,432.59516948415984,121.89993847950784
0,2,194,huber,546.888,529.4992341102836,302.36917916736496
0,2,276,huber,509.076,447.60770385863714,3778.3514305222875
0,2,43,huber,366.327,340.9652857756907,643.2165483955332
0,2,179,huber,236.114,264.1311603672602,784.9612750447743
0,2,6,huber,331.553,340.3657398020222,77.66438281814591
0,2,54,huber,429.049,462.7251013962122,1134.0798052479674
0,2,290,huber,286.009,300.6060761343747,213.07463167273067
0,2,251,huber,361.326,419.3568772878215,3367.582718794192
0,2,61,huber,309.279,301.40197050831785,62.04759361283037
0,2,117,huber,209.858,255.77943106999555,2108.7778315163528
0,2,265,huber,276.409,210.91112260769214,4289.971942897792
0,2,173,huber,435.421,432.61728787352513,7.8608016881422005
0,2,212,huber,252.257,293.5249898323749,1703.0469848049977
0,2,126,huber,376.944,330.9049951077649,2119.5899714672514
0,2,160,huber,275.173,252.85926751284262,497.90265750842275
0,2,124,huber,386.706,353.6670070057031,1091.5750580771999
0,2,13,huber,333.614,385.1327431587596,2654.18089665824
0,2,97,huber,422.501,392.323499965356,910.6815083409368
0,2,219,huber,197.665,145.24325559494358,2748.0392864690634
0,2,295,huber,195.235,239.67347672460545,1974.778213603299
0,2,226,huber,428.876,433.2768060897819,19.367094239861913
0,2,216,huber,304.756,308.3184507857759,12.691055601075488
0,2,196,huber,495.64,489.1980265115084,41.499022426428795
0,2,232,huber,444.205,409.2830896503478,1219.539822469145
0,2,45,huber,244.551,259.444488728787,221.816006514506
0,2,264,huber,273.541,344.52651676652226,5038.9435906102135
0,2,292,huber,441.085,432.22187256496386,78.55502792968994
0,2,192,huber,271.658,245.54788316264705,681.7382012602226
0,2,186,huber,486.28,452.85426710038337,1117.279619876512
0,2,72,huber,354.919,344.0604369094307,117.90839239187402
0,2,144,huber,233.438,258.51763655801403,628.9881698820745
0,2,98,huber,308.471,335.5137548729439,731.3105911181297
0,2,170,huber,255.102,286.4896058262701,985.1817995053059
0,2,258,huber,234.616,293.5345255697442,3471.3926553125966
0,2,249,huber,281.294,270.039780760806,126.65745068384344
0,2,37,huber,493.864,501.56036803239965,59.23408089014365
0,2,28,huber,330.975,353.65362435247914,514.3200025208589
0,2,121,huber,457.643,437.71649255483015,397.0656989624082
0,2,10,cart,236.674,299.2085714285714,3910.5726237551
0,2,141,cart,279.634,299.2085714285714,383.1638466122439
0,2,63,cart,387.661,421.08596551724133,1117.228319828772
0,2,123,cart,485.218,421.08596551724133,4112.917846897749
0,2,83,cart,433.596,451.43171428571435,318.1127040816348
0,2,64,cart,684.476,621.5896666666666,3954.6909201111157
0,2,221,cart,449.974,523.9528888888889,5472.876001234568
0,2,275,cart,465.361,490.75300000000004,644.7536640000027
0,2,159,cart,560.46,487.59846666666664,5308.803039684454
0,2,93,cart,297.073,229.058,4626.040224999998
0,2,25,cart,365.837,410.40021428571436,1985.880067474497
0,2,182,cart,176.669,153.45683333333332,538.8046813611122
0,2,8,cart,522.37,523.9528888888889,2.5055372345678544
0,2,130,cart,437.098,421.08596551724133,256.385248277053
0,2,68,cart,472.514,490.75300000000004,332.6611210000012
0,2,118,cart,437.164,523.9528888888889,7532.311234567902
0,2,74,cart,227.396,262.8895625,1259.792978941408
0,2,242,cart,235.366,245.59983333333332,104.73134469444393
0,2,92,cart,423.841,262.8895625,25905.365233316406
0,2,223,cart,328.27,317.8346666666667,108.89618177777687
0,2,252,cart,253.683,262.8895625,84.76079306640659
0,2,65,cart,443.636,490.75300000000004,2220.0116890000018
0,2,194,cart,546.888,523.9528888888889,526.0193216790144
0,2,276,cart,509.076,421.08596551724133,7742.246168277063
0,2,43,cart,366.327,342.38320689655166,573.3052281807404
0,2,179,cart,236.114,229.058,49.78713600000016
0,2,6,cart,331.553,294.4475,1376.8181302500004
0,2,54,cart,429.049,451.43171428571435,500.9858987959222
0,2,290,cart,286.009,264.4435,465.07079025000183
0,2,251,cart,361.326,342.38320689655166,358.829410560051
0,2,61,cart,309.279,293.04400000000004,263.5752249999986
0,2,117,cart,209.858,262.8895625,2812.346621191407
0,2,265,cart,276.409,153.45683333333332,15117.23528802778
0,2,173,cart,435.421,421.08596551724133,205.4932136218798
0,2,212,cart,252.257,262.8895625,113.05138531640638
0,2,126,cart,376.944,341.03688888888894,1289.3206283456766
0,2,160,cart,275.173,299.2085714285714,577.7086938979586
0,2,124,cart,386.706,342.38320689655166,1964.5099884910896
0,2,13,cart,333.614,341.03688888888894,55.09927945679122
0,2,97,cart,422.501,421.08596551724133,2.0023225873960184
0,2,219,cart,197.665,153.45683333333332,1954.362000027778
0,2,295,cart,195.235,294.4475,9843.120156249995
0,2,226,cart,428.876,421.08596551724133,60.684637242568705
0,2,216,cart,304.756,290.42,205.52089599999874
0,2,196,cart,495.64,523.9528888888889,801.6196772345681
0,2,232,cart,444.205,421.08596551724133,534.4897554149835
0,2,45,cart,244.551,290.42,2103.965161000003
0,2,264,cart,273.541,293.04400000000004,380.36700900000164
0,2,292,cart,441.085,421.08596551724133,399.96138024256936
0,2,192,cart,271.658,261.5442,102.28895044000053
0,2,186,cart,486.28,490.75300000000004,20.007729000000626
0,2,72,cart,354.919,355.46155555555555,0.294366530864209
0,2,144,cart,233.438,261.5442,789.95847844
0,2,98,cart,308.471,290.42,325.8386009999996
0,2,170,cart,255.102,342.38320689655166,7618.009077318656
0,2,258,cart,234.616,317.8346666666667,6925.346481777779
0,2,249,cart,281.294,290.42,83.2838760000006
0,2,37,cart,493.864,621.5896666666666,16313.84592544444
0,2,28,cart,330.975,355.46155555555555,599.5914029753072
0,2,121,cart,457.643,451.43171428571435,38.58007022448866
0,2,10,subset_min,236.674,231.40218721521643,27.79201003780758
0,2,141,subset_min,279.634,290.28133155678216,113.36566928004898
0,2,63,subset_min,387.661,427.1892763304188,1562.4846296539476
0,2,123,subset_min,485.218,476.2654576869039,80.14801386777613
0,2,83,subset_min,433.596,490.7528446347277,3266.9048885984
0,2,64,subset_min,684.476,686.1078004380649,2.662772669668939
0,2,221,subset_min,449.974,479.51834259236165,872.8681792148352
0,2,275,subset_min,465.361,456.09464108329064,85.86540757327889
0,2,159,subset_min,560.46,571.089449522235,112.9851971457408
0,2,93,subset_min,297.073,250.29319892280105,2188.349788822302
0,2,25,subset_min,365.837,381.3056555087753,239.27930324916528
0,2,182,subset_min,176.669,208.58754134481973,1018.7932815809655
0,2,8,subset_min,522.37,488.29343949950385,1161.2119755439749
0,2,130,subset_min,437.098,414.15642983243845,526.3156417531508
0,2,68,subset_min,472.514,467.2693787543486,27.506052010337914
0,2,118,subset_min,437.164,472.86811007274036,1274.783476086361
0,2,74,subset_min,227.396,246.4122491119732,361.6177302886224
0,2,242,subset_min,235.366,257.4489909624372,487.6584898470834
0,2,92,subset_min,423.841,446.88478640375627,531.0160918219418
0,2,223,subset_min,328.27,348.4227329808397,406.13264659702594
0,2,252,subset_min,253.683,231.26034504610433,502.77545518146155
0,2,65,subset_min,443.636,431.62019292962077,144.37961955257606
0,2,194,subset_min,546.888,531.8556804994366,225.97062956701876
0,2,276,subset_min,509.076,448.7199598624894,3642.851581080791
0,2,43,subset_min,366.327,341.95181307067907,594.1497378393381
0,2,179,subset_min,236.114,268.8132019954968,1069.2378111423016
0,2,6,subset_min,331.553,340.93186771713664,87.96315965554791
0,2,54,subset_min,429.049,460.4065447224067,983.2956110177372
0,2,290,subset_min,286.009,299.5273184947081,182.74493492436622
0,2,251,subset_min,361.326,422.91453555180135,3793.1477114154964
0,2,61,subset_min,309.279,302.79017432634043,42.10485862314347
0,2,117,subset_min,209.858,257.1919667101658,2240.5044045190825
0,2,265,subset_min,276.409,208.58754134481973,4599.750254116326
0,2,173,subset_min,435.421,434.68447780137257,0.5424649490709782
0,2,212,subset_min,252.257,291.28473369853305,1523.1639976436115
0,2,126,subset_min,376.944,332.2518915671229,1997.3845561760436
0,2,160,subset_min,275.173,249.05413235629487,682.1952469893868
0,2,124,subset_min,386.706,355.84318681638615,952.5132376066499
0,2,13,subset_min,333.614,383.4456484617268,2483.193188413123
0,2,97,subset_min,422.501,392.8213131009675,880.8838144246016
0,2,219,subset_min,197.665,148.45698505772353,2421.428734559304
0,2,295,subset_min,195.235,238.67583029765962,1887.1057369500604
0,2,226,subset_min,428.876,434.36919451325474,30.175185960452243
0,2,216,subset_min,304.756,309.0529749117184,18.463993391937787
0,2,196,subset_min,495.64,488.1442466767071,56.18631788365638
0,2,232,subset_min,444.205,407.89141632603923,1318.6763592457487
0,2,45,subset_min,244.551,261.35446840034956,282.3565502815466
0,2,264,subset_min,273.541,344.72416864520994,5067.043498372401
0,2,292,subset_min,441.085,432.0243928939288,82.09460113058772
0,2,192,subset_min,271.658,253.36536208026047,334.6206020626932
0,2,186,subset_min,486.28,456.09464108329064,911.1558929305636
0,2,72,subset_min,354.919,350.6365764276528,18.339151652994698
0,2,144,subset_min,233.438,257.7008763388569,588.6871682346633
0,2,98,subset_min,308.471,338.5387856943727,904.071736562722
0,2,170,subset_min,255.102,284.6248217361707,871.597003265713
0,2,258,subset_min,234.616,289.68379839285126,3032.46241983571
0,2,249,subset_min,281.294,277.15678281938943,17.116565999539095
0,2,37,subset_min,493.864,508.5533787614667,215.77784839783018
0,2,28,subset_min,330.975,348.2009437993528,296.7331397784599
0,2,121,subset_min,457.643,436.43063584729805,449.9643929468336
0,2,10,subset_1se,236.674,242.39272118033284,32.703771938387376
0,2,141,subset_1se,279.634,285.17197659192715,30.66918473273287
0,2,63,subset_1se,387.661,414.91331904388625,742.6888932697649
0,2,123,subset_1se,485.218,468.17418713049807,290.49155713060026
0,2,83,subset_1se,433.596,484.16367075529695,2557.089325616114
0,2,64,subset_1se,684.476,680.5124023599844,15.71010625193695
0,2,221,subset_1se,449.974,476.7539544532376,717.1659605174815
0,2,275,subset_1se,465.361,457.8604476523649,56.25828551961452
0,2,159,subset_1se,560.46,563.5590879423853,9.604346074637752
0,2,93,subset_1se,297.073,254.52134257116194,1810.6435499411878
0,2,25,subset_1se,365.837,382.32183934311723,271.7499281683862
0,2,182,subset_1se,176.669,202.5016271892478,667.3246274986648
0,2,8,subset_1se,522.37,493.0134925173137,861.8045315810174
0,2,130,subset_1se,437.098,407.63735795795145,867.9294295297193
0,2,68,subset_1se,472.514,468.0329475653327,20.079830922238035
0,2,118,subset_1se,437.164,475.4165507126733,1463.2576360256446
0,2,74,subset_1se,227.396,238.76247328373057,129.19671490976114
0,2,242,subset_1se,235.366,258.57040878521684,538.4445870714479
0,2,92,subset_1se,423.841,435.3328086464354,132.06166596628745
0,2,223,subset_1se,328.27,347.4943810247679,369.57682578545695
0,2,252,subset_1se,253.683,216.55380268564474,1378.5772932083253
0,2,65,subset_1se,443.636,428.4399455291086,230.92007148229843
0,2,194,subset_1se,546.888,519.4882409108088,750.7467981457162
0,2,276,subset_1se,509.076,449.8556682739041,3507.0476897488447
0,2,43,subset_1se,366.327,336.40430640172826,895.3675921760523
0,2,179,subset_1se,236.114,268.92226987722523,1076.3825723368443
0,2,6,subset_1se,331.553,334.943341862993,11.494417947962924
0,2,54,subset_1se,429.049,463.1673849705348,1164.0641929976152
0,2,290,subset_1se,286.009,296.6509921813432,113.25199758776976
0,2,251,subset_1se,361.326,406.8912095722452,2076.188323362624
0,2,61,subset_1se,309.279,318.40809633305844,83.3403998582611
0,2,117,subset_1se,209.858,254.6931315765151,2010.1890234834211
0,2,265,subset_1se,276.409,202.5016271892478,5462.299755787511
0,2,173,subset_1se,435.421,430.2854824613696,26.37354038958025
0,2,212,subset_1se,252.257,281.4488882399564,852.166339014103
0,2,126,subset_1se,376.944,325.5854845521699,2637.6971090050074
0,2,160,subset_1se,275.173,254.32440404457054,434.66395331274964
0,2,124,subset_1se,386.706,354.21082097336205,1055.9366599732523
0,2,13,subset_1se,333.614,381.6943037340234,2311.715607155945
0,2,97,subset_1se,422.501,379.9816197243026,1807.8976990293615
0,2,219,subset_1se,197.665,149.23370297822987,2345.5905312109194
0,2,295,subset_1se,195.235,241.28024015951027,2120.164141346976
0,2,226,subset_1se,428.876,430.9182578301552,4.170817044830316
0,2,216,subset_1se,304.756,314.638674826875,97.66726173374917
0,2,196,subset_1se,495.64,490.12289543794867,30.43844274860744
0,2,232,subset_1se,444.205,412.8150760619571,985.3273248361186
0,2,45,subset_1se,244.551,255.46190015771407,119.04774225160517
0,2,264,subset_1se,273.541,336.6510091145549,3982.8732504392005
0,2,292,subset_1se,441.085,419.7441640045149,455.43128098619104
0,2,192,subset_1se,271.658,262.6808215936566,80.5897321393182
0,2,186,subset_1se,486.28,457.8604476523649,807.6709556399711
0,2,72,subset_1se,354.919,358.5311635878496,13.047725785386758
0,2,144,subset_1se,233.438,268.4830343733136,1228.1544342267337
0,2,98,subset_1se,308.471,330.3593693196624,479.10071147393774
0,2,170,subset_1se,255.102,284.9608095483252,891.5485076431552
0,2,258,subset_1se,234.616,292.9437515053303,3402.1265956675575
0,2,249,subset_1se,281.294,284.63298455238464,11.14881784106338
0,2,37,subset_1se,493.864,492.58978132010134,1.623633244202628
0,2,28,subset_1se,330.975,338.48162823108146,56.349467399668804
0,2,121,subset_1se,457.643,446.44007348870974,125.50556241736948
0,2,10,adaptive_linear,236.674,231.40218721521643,27.79201003780758
0,2,141,adaptive_linear,279.634,290.28133155678216,113.36566928004898
0,2,63,adaptive_linear,387.661,427.1892763304188,1562.4846296539476
0,2,123,adaptive_linear,485.218,476.2654576869039,80.14801386777613
0,2,83,adaptive_linear,433.596,490.7528446347277,3266.9048885984
0,2,64,adaptive_linear,684.476,686.1078004380649,2.662772669668939
0,2,221,adaptive_linear,449.974,479.51834259236165,872.8681792148352
0,2,275,adaptive_linear,465.361,456.09464108329064,85.86540757327889
0,2,159,adaptive_linear,560.46,571.089449522235,112.9851971457408
0,2,93,adaptive_linear,297.073,250.29319892280105,2188.349788822302
0,2,25,adaptive_linear,365.837,381.3056555087753,239.27930324916528
0,2,182,adaptive_linear,176.669,208.58754134481973,1018.7932815809655
0,2,8,adaptive_linear,522.37,488.29343949950385,1161.2119755439749
0,2,130,adaptive_linear,437.098,414.15642983243845,526.3156417531508
0,2,68,adaptive_linear,472.514,467.2693787543486,27.506052010337914
0,2,118,adaptive_linear,437.164,472.86811007274036,1274.783476086361
0,2,74,adaptive_linear,227.396,246.4122491119732,361.6177302886224
0,2,242,adaptive_linear,235.366,257.4489909624372,487.6584898470834
0,2,92,adaptive_linear,423.841,446.88478640375627,531.0160918219418
0,2,223,adaptive_linear,328.27,348.4227329808397,406.13264659702594
0,2,252,adaptive_linear,253.683,231.26034504610433,502.77545518146155
0,2,65,adaptive_linear,443.636,431.62019292962077,144.37961955257606
0,2,194,adaptive_linear,546.888,531.8556804994366,225.97062956701876
0,2,276,adaptive_linear,509.076,448.7199598624894,3642.851581080791
0,2,43,adaptive_linear,366.327,341.95181307067907,594.1497378393381
0,2,179,adaptive_linear,236.114,268.8132019954968,1069.2378111423016
0,2,6,adaptive_linear,331.553,340.93186771713664,87.96315965554791
0,2,54,adaptive_linear,429.049,460.4065447224067,983.2956110177372
0,2,290,adaptive_linear,286.009,299.5273184947081,182.74493492436622
0,2,251,adaptive_linear,361.326,422.91453555180135,3793.1477114154964
0,2,61,adaptive_linear,309.279,302.79017432634043,42.10485862314347
0,2,117,adaptive_linear,209.858,257.1919667101658,2240.5044045190825
0,2,265,adaptive_linear,276.409,208.58754134481973,4599.750254116326
0,2,173,adaptive_linear,435.421,434.68447780137257,0.5424649490709782
0,2,212,adaptive_linear,252.257,291.28473369853305,1523.1639976436115
0,2,126,adaptive_linear,376.944,332.2518915671229,1997.3845561760436
0,2,160,adaptive_linear,275.173,249.05413235629487,682.1952469893868
0,2,124,adaptive_linear,386.706,355.84318681638615,952.5132376066499
0,2,13,adaptive_linear,333.614,383.4456484617268,2483.193188413123
0,2,97,adaptive_linear,422.501,392.8213131009675,880.8838144246016
0,2,219,adaptive_linear,197.665,148.45698505772353,2421.428734559304
0,2,295,adaptive_linear,195.235,238.67583029765962,1887.1057369500604
0,2,226,adaptive_linear,428.876,434.36919451325474,30.175185960452243
0,2,216,adaptive_linear,304.756,309.0529749117184,18.463993391937787
0,2,196,adaptive_linear,495.64,488.1442466767071,56.18631788365638
0,2,232,adaptive_linear,444.205,407.89141632603923,1318.6763592457487
0,2,45,adaptive_linear,244.551,261.35446840034956,282.3565502815466
0,2,264,adaptive_linear,273.541,344.72416864520994,5067.043498372401
0,2,292,adaptive_linear,441.085,432.0243928939288,82.09460113058772
0,2,192,adaptive_linear,271.658,253.36536208026047,334.6206020626932
0,2,186,adaptive_linear,486.28,456.09464108329064,911.1558929305636
0,2,72,adaptive_linear,354.919,350.6365764276528,18.339151652994698
0,2,144,adaptive_linear,233.438,257.7008763388569,588.6871682346633
0,2,98,adaptive_linear,308.471,338.5387856943727,904.071736562722
0,2,170,adaptive_linear,255.102,284.6248217361707,871.597003265713
0,2,258,adaptive_linear,234.616,289.68379839285126,3032.46241983571
0,2,249,adaptive_linear,281.294,277.15678281938943,17.116565999539095
0,2,37,adaptive_linear,493.864,508.5533787614667,215.77784839783018
0,2,28,adaptive_linear,330.975,348.2009437993528,296.7331397784599
0,2,121,adaptive_linear,457.643,436.43063584729805,449.9643929468336
0,3,267,ols_all,480.301,489.1500231168916,78.30521012328195
0,3,285,ols_all,416.209,422.4584315943789,39.055395252821256
0,3,166,ols_all,246.311,235.80398187377477,110.39742990482561
0,3,250,ols_all,218.9,207.51205194419958,129.6853609216086
0,3,259,ols_all,246.634,232.3552907754588,203.8815371189976
0,3,133,ols_all,451.365,366.22423530202104,7248.949813356621
0,3,99,ols_all,282.584,233.85219257803715,2374.789054611274
0,3,238,ols_all,655.573,601.6996514804059,2902.3376807136474
0,3,52,ols_all,246.515,276.1248087834483,876.7407761923738
0,3,197,ols_all,194.136,190.4353582255667,13.694749542680901
0,3,200,ols_all,438.666,433.46986093035366,26.999861231105083
0,3,46,ols_all,452.189,430.24512271266303,481.53375040170414
0,3,91,ols_all,358.993,348.31743716290293,113.96764188880786
0,3,293,ols_all,370.379,410.47817389810734,1607.9437473106518
0,3,274,ols_all,319.388,324.0343914480918,21.588953488900923
0,3,60,ols_all,427.584,407.3072377083213,411.14708903324413
0,3,152,ols_all,299.292,331.22086286892636,1019.4522841027061
0,3,204,ols_all,283.113,288.8845432808366,33.310711842570385
0,3,269,ols_all,373.068,392.2079957305468,366.3394365653514
0,3,164,ols_all,375.949,406.28491680628395,920.26784847778
0,3,102,ols_all,338.56,381.0493040080255,1805.3409550864117
0,3,82,ols_all,359.388,336.21108698130956,537.1692970759411
0,3,243,ols_all,260.705,255.7241506420305,24.808860326784934
0,3,50,ols_all,693.382,600.9655811039102,8540.794481577543
0,3,138,ols_all,154.41,176.4777688399015,486.98642157132775
0,3,181,ols_all,330.392,341.766393278745,129.37682245955952
0,3,35,ols_all,240.207,269.1350339193932,836.8311464415643
0,3,122,ols_all,523.246,476.0846381735669,2224.194049323742
0,3,246,ols_all,459.143,521.2983306943006,3863.28513371787
0,3,14,ols_all,362.784,345.77334063249145,289.362532117406
0,3,280,ols_all,321.44,312.9771019426894,71.6206435284317
0,3,139,ols_all,262.528,271.511228751398,80.69839879994319
0,3,15,ols_all,472.547,482.4929793377578,98.92250498710435
0,3,89,ols_all,678.555,677.8322764478048,0.522329332897553
0,3,80,ols_all,316.234,341.2708583223466,626.8442746532578
0,3,142,ols_all,160.258,158.54269762758508,2.94226222881227
0,3,231,ols_all,288.633,261.92010939101056,713.5785246878355
0,3,214,ols_all,271.25,268.9497259539585,5.291260686892237
0,3,283,ols_all,310.66,339.3166198872018,821.201863359568
0,3,53,ols_all,296.761,296.73825835649313,0.0005171823493944877
0,3,198,ols_all,325.095,279.2611460810376,2100.7421650647852
0,3,100,ols_all,494.493,458.93246342308566,1264.5517616380619
0,3,273,ols_all,277.145,287.3616084471855,104.37908816310284
0,3,299,ols_all,255.57,259.50913031508026,15.51674763918433
0,3,288,ols_all,397.622,429.6176076642723,1023.7189098060412
0,3,32,ols_all,528.619,535.2685456219924,44.216456978958135
0,3,9,ols_all,314.569,310.8487473651694,13.840279666964134
0,3,87,ols_all,435.447,492.1460714089353,3214.7846986355457
0,3,260,ols_all,175.644,126.75202115583033,2390.4255952987346
0,3,235,ols_all,435.946,417.2018811624889,351.3419909947388
0,3,201,ols_all,240.086,194.68608705563156,2061.152095356234
0,3,230,ols_all,373.927,372.7356580529031,1.4192956349127048
0,3,131,ols_all,256.493,257.2317757414485,0.5457895961527486
0,3,157,ols_all,326.446,315.2937719127931,124.37219130908727
0,3,16,ols_all,231.791,257.2317757414485,647.2330703266732
0,3,228,ols_all,330.83,348.156738562956,300.2158692290264
0,3,105,ols_all,478.985,509.20467307015815,913.2286404672409
0,3,222,ols_all,484.452,471.2539498084534,174.18852885858323
0,3,220,ols_all,275.048,225.4904479443685,2455.9509657466265
0,3,224,ols_all,306.558,319.11876003108273,157.77269255844558
0,3,267,ridge,480.301,488.22075424705304,62.72250733371481
0,3,285,ridge,416.209,422.2889770628772,36.9661210851131
0,3,166,ridge,246.311,237.125431438127,84.37466980486957
0,3,250,ridge,218.9,207.85444173579734,122.00435736789586
0,3,259,ridge,246.634,231.84812246310008,218.62217453620116
0,3,133,ridge,451.365,365.79313395864506,7322.544257799596
0,3,99,ridge,282.584,233.86304748720156,2373.7312137543613
0,3,238,ridge,655.573,600.2733640536017,3058.04973580419
0,3,52,ridge,246.515,275.67867433982616,850.5199009994355
0,3,197,ridge,194.136,190.88309016271555,10.581422409501938
0,3,200,ridge,438.666,433.14141269895504,30.521064846867237
0,3,46,ridge,452.189,429.63227283506893,508.80594039314013
0,3,91,ridge,358.993,349.05466728430133,98.77045716792638
0,3,293,ridge,370.379,409.6011508885374,1538.377120323194
0,3,274,ridge,319.388,323.1133235724577,13.878035719509294
0,3,60,ridge,427.584,406.8812308099573,428.6046521361819
0,3,152,ridge,299.292,332.48289841872787,1101.635737842314
0,3,204,ridge,283.113,289.2311730988161,37.432042067077006
0,3,269,ridge,373.068,392.0658825323138,360.91954071159523
0,3,164,ridge,375.949,406.2068925038923,915.5400587770997
0,3,102,ridge,338.56,381.30723796976855,1827.3263540440219
0,3,82,ridge,359.388,336.94668027397836,503.612831045527
0,3,243,ridge,260.705,256.4298633673075,18.27679322818907
0,3,50,ridge,693.382,598.7929117489657,8947.095616161943
0,3,138,ridge,154.41,177.462048690329,531.396948821299
0,3,181,ridge,330.392,341.9290295959008,133.10305189669043
0,3,35,ridge,240.207,269.59083839293135,863.4099587019066
0,3,122,ridge,523.246,476.05954760353853,2226.5612897635224
0,3,246,ridge,459.143,522.5084713302026,4015.1829568987323
0,3,14,ridge,362.784,346.3015010098616,271.6727729599123
0,3,280,ridge,321.44,313.0762352839638,69.95256022521211
0,3,139,ridge,262.528,272.0400882391173,90.47982266875374
0,3,15,ridge,472.547,481.94842239234185,88.38674299922636
0,3,89,ridge,678.555,675.368118213177,10.156215523183757
0,3,80,ridge,316.234,340.720617445645,599.5944339293679
0,3,142,ridge,160.258,158.34213148977668,3.6705521484653754
0,3,231,ridge,288.633,262.3507965265402,690.7542194203418
0,3,214,ridge,271.25,268.1994706606131,9.305729250460352
0,3,283,ridge,310.66,338.1857263982664,757.665613752219
0,3,53,ridge,296.761,297.03568945377845,0.07545429601708754
0,3,198,ridge,325.095,279.96091852576933,2037.0853105224946
0,3,100,ridge,494.493,459.2922599078499,1239.0921030351044
0,3,273,ridge,277.145,287.78894246855305,113.2935112738675
0,3,299,ridge,255.57,259.7211954504218,17.23242366760285
0,3,288,ridge,397.622,428.74519661956003,968.6533678197923
0,3,32,ridge,528.619,534.310457428771,32.392687663511985
0,3,9,ridge,314.569,310.890385723822,13.532202992900558
0,3,87,ridge,435.447,492.46172475826586,3250.6788392608137
0,3,260,ridge,175.644,127.11966987882712,2354.610613708566
0,3,235,ridge,435.946,416.79270211236593,366.8488199724487
0,3,201,ridge,240.086,193.9389104691426,2129.55387216897
0,3,230,ridge,373.927,372.4464484080834,2.192033016326761
0,3,131,ridge,256.493,257.23962463845686,0.5574483507508442
0,3,157,ridge,326.446,316.0445644491728,108.18986151801226
0,3,16,ridge,231.791,257.23962463845686,647.6324959890737
0,3,228,ridge,330.83,347.73021100465945,285.61713200201297
0,3,105,ridge,478.985,509.1398322064628,909.3139053999262
0,3,222,ridge,484.452,471.40277647686196,170.28223455681913
0,3,220,ridge,275.048,225.8875853907671,2416.7463645516796
0,3,224,ridge,306.558,318.77483387059806,149.25102982179212
0,3,267,pls,480.301,487.7413927585345,55.35944440125305
0,3,285,pls,416.209,422.1967212709925,35.85280601909598
0,3,166,pls,246.311,240.41276572394983,34.78916757517313
0,3,250,pls,218.9,209.73398026177196,84.0159178415861
0,3,259,pls,246.634,231.50617915807393,228.85096342541226
0,3,133,pls,451.365,364.50443643933903,7544.757502075626
0,3,99,pls,282.584,231.78890411538458,2580.1417659272743
0,3,238,pls,655.573,601.0745561059787,2970.080386869788
0,3,52,pls,246.515,275.68678846567855,850.9932422862967
0,3,197,pls,194.136,192.8583504072171,1.632388481938293
0,3,200,pls,438.666,432.7674237200872,34.79320212994979
0,3,46,pls,452.189,427.0731858944752,630.8041181832788
0,3,91,pls,358.993,347.5007907537558,132.07087335946102
0,3,293,pls,370.379,410.4185516942431,1603.1656998759634
0,3,274,pls,319.388,325.1267006756662,32.932685444891966
0,3,60,pls,427.584,407.5051069656703,403.1619454840547
0,3,152,pls,299.292,330.3414745132335,964.0698675479379
0,3,204,pls,283.113,290.54903056672293,55.2945505892378
0,3,269,pls,373.068,391.74293322675555,348.7531310237792
0,3,164,pls,375.949,407.1277773350748,972.1161561101749
0,3,102,pls,338.56,381.79101958494863,1868.9210543542117
0,3,82,pls,359.388,335.6437773485895,563.7881093197553
0,3,243,pls,260.705,258.7957526473357,3.645225453655618
0,3,50,pls,693.382,602.7464394574349,8214.804834864972
0,3,138,pls,154.41,174.96612658167672,422.5543400419163
0,3,181,pls,330.392,341.29456044594724,118.86582427753338
0,3,35,pls,240.207,268.75996281982543,815.2716857903339
0,3,122,pls,523.246,477.18362670976114,2121.7422331293083
0,3,246,pls,459.143,522.0568826142559,3958.1566256003703
0,3,14,pls,362.784,343.39411342346756,375.9677014507926
0,3,280,pls,321.44,315.3544488719473,37.03393253214366
0,3,139,pls,262.528,273.34260442143585,116.95566879213943
0,3,15,pls,472.547,483.9660802566385,130.39539390755107
0,3,89,pls,678.555,679.2651977169581,0.5043807971726274
0,3,80,pls,316.234,340.436116464104,585.7424413420537
0,3,142,pls,160.258,158.79362697500378,2.1443883563366226
0,3,231,pls,288.633,266.4008906412928,494.2666865375159
0,3,214,pls,271.25,267.31747251881006,15.464772390314064
0,3,283,pls,310.66,336.07089900715147,645.7137883516501
0,3,53,pls,296.761,298.742641726032,3.9269039303509525
0,3,198,pls,325.095,281.48764286253885,1901.6015965140864
0,3,100,pls,494.493,459.59426675300466,1217.9215822449376
0,3,273,pls,277.145,286.2526654930723,82.94957073370023
0,3,299,pls,255.57,262.14004413849307,43.165479981747204
0,3,288,pls,397.622,429.1020245013764,990.9919426072561
0,3,32,pls,528.619,534.2386823965437,31.580830238022926
0,3,9,pls,314.569,310.6300553318106,15.515285099057982
0,3,87,pls,435.447,492.5294687016258,3258.4082330720857
0,3,260,pls,175.644,123.43904163916184,2725.3576774568464
0,3,235,pls,435.946,418.0820360950411,319.12120639767625
0,3,201,pls,240.086,191.51037159436032,2359.5916750027895
0,3,230,pls,373.927,372.21411424343506,2.9339776150431094
0,3,131,pls,256.493,253.63168554609535,8.18712040412361
0,3,157,pls,326.446,315.8466994654849,112.34517182097258
0,3,16,pls,231.791,253.63168554609535,477.0155451234187
0,3,228,pls,330.83,345.3581900419099,211.06830589385024
0,3,105,pls,478.985,511.4421831031076,1053.4687349886524
0,3,222,pls,484.452,471.87786697446836,158.1088213437654
0,3,220,pls,275.048,225.2611015255327,2478.7352597069153
0,3,224,pls,306.558,318.09320399429356,133.06093118996628
0,3,267,huber,480.301,487.8830579572812,57.487602867571496
0,3,285,huber,416.209,422.3743203298055,38.0111747691133
0,3,166,huber,246.311,236.18833275236835,102.4683922062746
0,3,250,huber,218.9,206.90850463182335,143.79596116500224
0,3,259,huber,246.634,230.9836946895465,244.9320563104087
0,3,133,huber,451.365,365.55307719621294,7363.686095283111
0,3,99,huber,282.584,234.0753476845243,2353.089349463706
0,3,238,huber,655.573,602.0805279607889,2861.4445648657775
0,3,52,huber,246.515,276.1611824001611,878.896130903624
0,3,197,huber,194.136,189.97077902950102,17.349065733084455
0,3,200,huber,438.666,432.9289454027537,32.91379545178489
0,3,46,huber,452.189,430.65077286856086,463.89522796546186
0,3,91,huber,358.993,350.12901503878476,78.57022939264989
0,3,293,huber,370.379,409.07601613731254,1497.4590579314254
0,3,274,huber,319.388,323.02484024348047,13.226606956599245
0,3,60,huber,427.584,406.4685570774943,445.86192981359517
0,3,152,huber,299.292,334.4112528810507,1233.3619229231897
0,3,204,huber,283.113,289.9837759739877,47.207562484726495
0,3,269,huber,373.068,392.1126990034635,362.7005601325239
0,3,164,huber,375.949,406.68440522586025,944.6651343978366
0,3,102,huber,338.56,381.24053041787334,1821.6276767510117
0,3,82,huber,359.388,338.0324850222671,456.0580199641728
0,3,243,huber,260.705,255.91755432363817,22.919636104115416
0,3,50,huber,693.382,598.7149997691064,8961.840932716002
0,3,138,huber,154.41,178.6444089396016,587.3065766518416
0,3,181,huber,330.392,342.159301102718,138.46937524202878
0,3,35,huber,240.207,269.3434742060013,848.9341291569797
0,3,122,huber,523.246,476.296332037261,2204.271321811441
0,3,246,huber,459.143,524.4754517352875,4268.329249743673
0,3,14,huber,362.784,346.5256165613703,264.33503203750735
0,3,280,huber,321.44,312.83015560934115,74.12942043135966
0,3,139,huber,262.528,271.75901921909224,85.2117158232499
0,3,15,huber,472.547,481.7369424668983,84.45504254490058
0,3,89,huber,678.555,676.153395961798,5.767701956308062
0,3,80,huber,316.234,340.83310000037613,605.1157208285061
0,3,142,huber,160.258,157.9845950242875,5.168370183594394
0,3,231,huber,288.633,261.69097914302574,725.8724878576348
0,3,214,huber,271.25,268.36008322483406,8.351618967385525
0,3,283,huber,310.66,337.9315403499564,743.7369130592975
0,3,53,huber,296.761,296.807935948623,0.0022029832731410718
0,3,198,huber,325.095,279.4992599108345,2078.971514278737
0,3,100,huber,494.493,459.9548083290072,1192.8866839022346
0,3,273,huber,277.145,288.305315159805,124.5526344661735
0,3,299,huber,255.57,259.9654633143264,19.320097747589525
0,3,288,huber,397.622,428.7686184392279,970.111840198851
0,3,32,huber,528.619,534.6072917615526,35.85963822147809
0,3,9,huber,314.569,312.6455349061995,3.6997179670690823
0,3,87,huber,435.447,493.20840325809456,3336.379706344217
0,3,260,huber,175.644,127.07270990179256,2359.170221804224
0,3,235,huber,435.946,415.9009523792649,401.80393411753977
0,3,201,huber,240.086,193.88850211359014,2134.2088109648453
0,3,230,huber,373.927,372.87745686146656,1.1015407996426771
0,3,131,huber,256.493,257.96864998405033,2.1775428754277546
0,3,157,huber,326.446,316.91216003783586,90.89410442415841
0,3,16,huber,231.791,257.96864998405033,685.2693586874504
0,3,228,huber,330.83,348.4205718681143,309.42821864729405
0,3,105,huber,478.985,510.6277294862425,1001.2623293395206
0,3,222,huber,484.452,471.52298148301156,167.15951981262984
0,3,220,huber,275.048,225.71490151477948,2433.7546061524667
0,3,224,huber,306.558,318.2320490272125,136.28342068976121
0,3,267,cart,480.301,450.88077777777784,865.5494756049341
0,3,285,cart,416.209,434.0522222222222,318.38057927160446
0,3,166,cart,246.311,221.94466666666665,593.7182001111123
0,3,250,cart,218.9,221.94466666666665,9.269995111110967
0,3,259,cart,246.634,294.6250952380952,2303.1452221519235
0,3,133,cart,451.365,273.6170833333333,31594.32187934029
0,3,99,cart,282.584,273.6170833333333,80.40559450694488
0,3,238,cart,655.573,495.2497857142858,25703.533038903028
0,3,52,cart,246.515,273.6170833333333,734.522921006944
0,3,197,cart,194.136,221.94466666666665,773.321941777777
0,3,200,cart,438.666,434.0522222222222,21.28694538271611
0,3,46,cart,452.189,361.3667931034482,8248.67326556007
0,3,91,cart,358.993,361.3667931034482,5.6348936979781366
0,3,293,cart,370.379,404.24168750000007,1146.6816047226596
0,3,274,cart,319.388,324.7315,28.552992250000063
0,3,60,cart,427.584,434.0522222222222,41.83789871604922
0,3,152,cart,299.292,361.3667931034482,3853.2799388359003
0,3,204,cart,283.113,265.57328571428576,307.6415772244882
0,3,269,cart,373.068,404.24168750000007,971.7987923476616
0,3,164,cart,375.949,434.0522222222222,3375.9844326049356
0,3,102,cart,338.56,404.24168750000007,4314.084072847665
0,3,82,cart,359.388,294.6250952380952,4194.233833199551
0,3,243,cart,260.705,221.94466666666665,1502.3634401111112
0,3,50,cart,693.382,495.2497857142858,39256.37433776015
0,3,138,cart,154.41,273.6170833333333,14210.328716840273
0,3,181,cart,330.392,273.6170833333333,3223.3911625069463
0,3,35,cart,240.207,294.6250952380952,2961.3290893423987
0,3,122,cart,523.246,495.2497857142858,783.7880143316272
0,3,246,cart,459.143,495.2497857142858,1303.6999746173547
0,3,14,cart,362.784,360.64140000000003,4.590734759999824
0,3,280,cart,321.44,221.94466666666665,9899.321355111115
0,3,139,cart,262.528,273.6170833333333,122.9677691736102
0,3,15,cart,472.547,495.2497857142858,515.4164791887779
0,3,89,cart,678.555,576.0866,10499.772998559994
0,3,80,cart,316.234,361.3667931034482,2036.969013318661
0,3,142,cart,160.258,141.867,338.22888100000074
0,3,231,cart,288.633,339.7476,2612.7023331599994
0,3,214,cart,271.25,273.6170833333333,5.603083506944344
0,3,283,cart,310.66,361.3667931034482,2571.1788668358968
0,3,53,cart,296.761,361.3667931034482,4173.908502525548
0,3,198,cart,325.095,273.6170833333333,2649.975904340283
0,3,100,cart,494.493,495.2497857142858,0.5727246173470646
0,3,273,cart,277.145,273.6170833333333,12.446196006944465
0,3,299,cart,255.57,324.7315,4783.313082249999
0,3,288,cart,397.622,409.3451428571429,137.43207844898
0,3,32,cart,528.619,576.0866,2253.173049759995
0,3,9,cart,314.569,324.7315,103.27640624999931
0,3,87,cart,435.447,495.2497857142858,3576.3731791887844
0,3,260,cart,175.644,141.867,1140.885729000001
0,3,235,cart,435.946,450.88077777777784,223.04758727160592
0,3,201,cart,240.086,141.867,9646.971961000005
0,3,230,cart,373.927,361.3667931034482,157.75879728418857
0,3,131,cart,256.493,273.6170833333333,293.2342300069439
0,3,157,cart,326.446,361.3667931034482,1219.4617909738317
0,3,16,cart,231.791,273.6170833333333,1749.4212470069428
0,3,228,cart,330.83,361.3667931034482,932.4957330428009
0,3,105,cart,478.985,495.2497857142858,264.5432543316347
0,3,222,cart,484.452,501.616375,294.6157691406252
0,3,220,cart,275.048,221.94466666666665,2819.964011111113
0,3,224,cart,306.558,294.6250952380952,142.39421605669045
0,3,267,subset_min,480.301,484.19804036450864,15.186923602609749
0,3,285,subset_min,416.209,421.76858575586414,30.908993776807375
0,3,166,subset_min,246.311,232.71665430531328,184.80623486664743
0,3,250,subset_min,218.9,202.18986390992347,279.22864814887816
0,3,259,subset_min,246.634,226.02257091904556,424.83100875921366
0,3,133,subset_min,451.365,359.69491420069255,8403.40463045239
0,3,99,subset_min,282.584,237.3276304152398,2048.1389879924077
0,3,238,subset_min,655.573,597.6736291387632,3352.337146127034
0,3,52,subset_min,246.515,279.4079675312096,1081.9473130092085
0,3,197,subset_min,194.136,186.6624991139039,55.85321549447926
0,3,200,subset_min,438.666,432.69236899481257,35.68426738613657
0,3,46,subset_min,452.189,430.1592883527548,485.30819526077175
0,3,91,subset_min,358.993,355.1153344930027,15.036289784156542
0,3,293,subset_min,370.379,407.85032662641936,1404.100319143803
0,3,274,subset_min,319.388,324.3121529499137,24.247282274143977
0,3,60,subset_min,427.584,405.5532991295729,485.35178084223725
0,3,152,subset_min,299.292,340.68830091840266,1713.6537297269472
0,3,204,subset_min,283.113,294.3714294046285,126.75223265900334
0,3,269,subset_min,373.068,390.6381077686509,308.7086870020077
0,3,164,subset_min,375.949,406.14039478772025,911.520319227981
0,3,102,subset_min,338.56,382.56936408341227,1936.8241270263375
0,3,82,subset_min,359.388,342.05172543691174,300.5464157267803
0,3,243,subset_min,260.705,253.23039490235863,55.86972136568618
0,3,50,subset_min,693.382,596.0797530300488,9467.727265401372
0,3,138,subset_min,154.41,183.26698560641097,832.72561828861
0,3,181,subset_min,330.392,344.734970533167,205.72080371529617
0,3,35,subset_min,240.207,268.86065988941203,821.0322250581004
0,3,122,subset_min,523.246,475.14765140121415,2313.451137930323
0,3,246,subset_min,459.143,528.2532596443789,4776.227988113469
0,3,14,subset_min,362.784,345.35289094806075,303.8435627805983
0,3,280,subset_min,321.44,312.3498713751491,82.63043841633329
0,3,139,subset_min,262.528,277.1437314465547,213.61960571780682
0,3,15,subset_min,472.547,484.48815930346365,142.5912855106958
0,3,89,subset_min,678.555,670.7190195600226,61.40258945570737
0,3,80,subset_min,316.234,338.94928659642255,515.984245157615
0,3,142,subset_min,160.258,156.63866140226077,13.099611885085077
0,3,231,subset_min,288.633,266.6219618049916,484.48580242211784
0,3,214,subset_min,271.25,272.67330096719746,2.025785643225233
0,3,283,subset_min,310.66,328.93149708992314,333.8476059070689
0,3,53,subset_min,296.761,299.9794655862456,10.358520729847232
0,3,198,subset_min,325.095,276.2627340002563,2384.59020266973
0,3,100,subset_min,494.493,462.7994500319042,1004.4811095801849
0,3,273,subset_min,277.145,290.7593770098066,185.35126136515098
0,3,299,subset_min,255.57,267.7130797504328,147.4543858253719
0,3,288,subset_min,397.622,419.3966152749973,474.13387037414583
0,3,32,subset_min,528.619,533.1766543182467,20.772212884632836
0,3,9,subset_min,314.569,318.7317103310239,17.328157300013125
0,3,87,subset_min,435.447,490.7170748052768,3054.781168980894
0,3,260,subset_min,175.644,112.57894474043485,3977.2011948920067
0,3,235,subset_min,435.946,412.0935709243556,568.9383728086468
0,3,201,subset_min,240.086,190.81274392090359,2427.853764636213
0,3,230,subset_min,373.927,378.31065393120195,19.21642178854217
0,3,131,subset_min,256.493,261.0718755522784,20.966101323252992
0,3,157,subset_min,326.446,320.12265078915163,39.98474524233698
0,3,16,subset_min,231.791,261.0718755522784,857.3696731080158
0,3,228,subset_min,330.83,351.23568702314293,416.39206288646443
0,3,105,subset_min,478.985,491.2633919267183,150.75890830610146
0,3,222,subset_min,484.452,467.1842969300594,298.17356931163533
0,3,220,subset_min,275.048,213.59449099604723,3776.533768898905
0,3,224,subset_min,306.558,311.2549619991831,22.06145202176999
0,3,267,subset_1se,480.301,464.1704984999018,260.19307864467044
0,3,285,subset_1se,416.209,422.2310664339262,36.26528413462026
0,3,166,subset_1se,246.311,228.39111429608806,321.1223036412677
0,3,250,subset_1se,218.9,207.770817797012,123.85869650730496
0,3,259,subset_1se,246.634,214.04072782831122,1062.3213908577814
0,3,133,subset_1se,451.365,363.46529646352724,7726.357881799804
0,3,99,subset_1se,282.584,234.80940330909556,2282.412088978578
0,3,238,subset_1se,655.573,604.7329866614285,2584.706956266123
0,3,52,subset_1se,246.515,289.2230219174279,1823.975136099503
0,3,197,subset_1se,194.136,189.31850163853775,23.208290462691387
0,3,200,subset_1se,438.666,428.02523777940144,113.2258206353176
0,3,46,subset_1se,452.189,434.32535044190723,319.1099755343487
0,3,91,subset_1se,358.993,352.2945697801358,44.868967410389665
0,3,293,subset_1se,370.379,417.9270532165707,2260.817364685837
0,3,274,subset_1se,319.388,330.33465007517685,119.82914786836992
0,3,60,subset_1se,427.584,407.540183903312,401.75456371784804
0,3,152,subset_1se,299.292,345.9992602031302,2181.5681556829104
0,3,204,subset_1se,283.113,313.4403380267001,919.7474317857293
0,3,269,subset_1se,373.068,392.64639837350853,383.3136828718022
0,3,164,subset_1se,375.949,410.26080747954416,1177.3001325133014
0,3,102,subset_1se,338.56,389.79058613788845,2624.5729560316086
0,3,82,subset_1se,359.388,340.9234394677156,340.93999565039456
0,3,243,subset_1se,260.705,255.69149312387245,25.13525119697809
0,3,50,subset_1se,693.382,611.2248007524049,6749.80538820903
0,3,138,subset_1se,154.41,202.05672781250354,2270.2106712387986
0,3,181,subset_1se,330.392,351.64205845505523,451.56498434326465
0,3,35,subset_1se,240.207,248.91812001189135,75.88361186157401
0,3,122,subset_1se,523.246,469.4999523469375,2888.6376383252623
0,3,246,subset_1se,459.143,532.5348368143772,5386.3617109881725
0,3,14,subset_1se,362.784,333.43378332769726,861.4352187111175
0,3,280,subset_1se,321.44,318.59397719457434,8.099845809002954
0,3,139,subset_1se,262.528,305.43313205143903,1840.8503563514191
0,3,15,subset_1se,472.547,482.32498824424067,95.60905410450827
0,3,89,subset_1se,678.555,684.8804531458127,40.01135749987217
0,3,80,subset_1se,316.234,340.0303486284719,566.2662080477787
0,3,142,subset_1se,160.258,170.45925634859844,104.06563108981986
0,3,231,subset_1se,288.633,274.44243566121696,201.37211625314035
0,3,214,subset_1se,271.25,281.20404780519993,99.08306770820563
0,3,283,subset_1se,310.66,324.2326004440667,184.21548281427866
0,3,53,subset_1se,296.761,288.4327952871231,69.35899373958543
0,3,198,subset_1se,325.095,274.60371102194176,2549.370262665788
0,3,100,subset_1se,494.493,462.67709857325235,1012.2515835965228
0,3,273,subset_1se,277.145,295.33657253234327,330.93331119950676
0,3,299,subset_1se,255.57,285.2745230482418,882.3586895235289
0,3,288,subset_1se,397.622,413.0902970492931,239.26821360516917
0,3,32,subset_1se,528.619,521.9287559029973,44.75936607747991
0,3,9,subset_1se,314.569,332.0990058911623,307.3011065441836
0,3,87,subset_1se,435.447,487.544070552233,2714.104760124342
0,3,260,subset_1se,175.644,119.84680184320973,3113.32732214812
0,3,235,subset_1se,435.946,401.8729390150857,1160.9734848816904
0,3,201,subset_1se,240.086,209.86177419169238,913.5038257115694
0,3,230,subset_1se,373.927,374.57778445601355,0.4235204081888202
0,3,131,subset_1se,256.493,284.0330775839542,758.4558733302166
0,3,157,subset_1se,326.446,327.03089687476194,0.342104354106249
0,3,16,subset_1se,231.791,284.0330775839542,2729.23467028789
0,3,228,subset_1se,330.83,343.92572132818253,171.4979171054153
0,3,105,subset_1se,478.985,498.7323922173147,389.95949938446165
0,3,222,subset_1se,484.452,474.47492414141055,99.5420426880483
0,3,220,subset_1se,275.048,226.08079603254976,2397.787064389875
0,3,224,subset_1se,306.558,306.23165402200686,0.10650169735229129
0,3,267,adaptive_linear,480.301,484.19804036450864,15.186923602609749
0,3,285,adaptive_linear,416.209,421.76858575586414,30.908993776807375
0,3,166,adaptive_linear,246.311,232.71665430531328,184.80623486664743
0,3,250,adaptive_linear,218.9,202.18986390992347,279.22864814887816
0,3,259,adaptive_linear,246.634,226.02257091904556,424.83100875921366
0,3,133,adaptive_linear,451.365,359.69491420069255,8403.40463045239
0,3,99,adaptive_linear,282.584,237.3276304152398,2048.1389879924077
0,3,238,adaptive_linear,655.573,597.6736291387632,3352.337146127034
0,3,52,adaptive_linear,246.515,279.4079675312096,1081.9473130092085
0,3,197,adaptive_linear,194.136,186.6624991139039,55.85321549447926
0,3,200,adaptive_linear,438.666,432.69236899481257,35.68426738613657
0,3,46,adaptive_linear,452.189,430.1592883527548,485.30819526077175
0,3,91,adaptive_linear,358.993,355.1153344930027,15.036289784156542
0,3,293,adaptive_linear,370.379,407.85032662641936,1404.100319143803
0,3,274,adaptive_linear,319.388,324.3121529499137,24.247282274143977
0,3,60,adaptive_linear,427.584,405.5532991295729,485.35178084223725
0,3,152,adaptive_linear,299.292,340.68830091840266,1713.6537297269472
0,3,204,adaptive_linear,283.113,294.3714294046285,126.75223265900334
0,3,269,adaptive_linear,373.068,390.6381077686509,308.7086870020077
0,3,164,adaptive_linear,375.949,406.14039478772025,911.520319227981
0,3,102,adaptive_linear,338.56,382.56936408341227,1936.8241270263375
0,3,82,adaptive_linear,359.388,342.05172543691174,300.5464157267803
0,3,243,adaptive_linear,260.705,253.23039490235863,55.86972136568618
0,3,50,adaptive_linear,693.382,596.0797530300488,9467.727265401372
0,3,138,adaptive_linear,154.41,183.26698560641097,832.72561828861
0,3,181,adaptive_linear,330.392,344.734970533167,205.72080371529617
0,3,35,adaptive_linear,240.207,268.86065988941203,821.0322250581004
0,3,122,adaptive_linear,523.246,475.14765140121415,2313.451137930323
0,3,246,adaptive_linear,459.143,528.2532596443789,4776.227988113469
0,3,14,adaptive_linear,362.784,345.35289094806075,303.8435627805983
0,3,280,adaptive_linear,321.44,312.3498713751491,82.63043841633329
0,3,139,adaptive_linear,262.528,277.1437314465547,213.61960571780682
0,3,15,adaptive_linear,472.547,484.48815930346365,142.5912855106958
0,3,89,adaptive_linear,678.555,670.7190195600226,61.40258945570737
0,3,80,adaptive_linear,316.234,338.94928659642255,515.984245157615
0,3,142,adaptive_linear,160.258,156.63866140226077,13.099611885085077
0,3,231,adaptive_linear,288.633,266.6219618049916,484.48580242211784
0,3,214,adaptive_linear,271.25,272.67330096719746,2.025785643225233
0,3,283,adaptive_linear,310.66,328.93149708992314,333.8476059070689
0,3,53,adaptive_linear,296.761,299.9794655862456,10.358520729847232
0,3,198,adaptive_linear,325.095,276.2627340002563,2384.59020266973
0,3,100,adaptive_linear,494.493,462.7994500319042,1004.4811095801849
0,3,273,adaptive_linear,277.145,290.7593770098066,185.35126136515098
0,3,299,adaptive_linear,255.57,267.7130797504328,147.4543858253719
0,3,288,adaptive_linear,397.622,419.3966152749973,474.13387037414583
0,3,32,adaptive_linear,528.619,533.1766543182467,20.772212884632836
0,3,9,adaptive_linear,314.569,318.7317103310239,17.328157300013125
0,3,87,adaptive_linear,435.447,490.7170748052768,3054.781168980894
0,3,260,adaptive_linear,175.644,112.57894474043485,3977.2011948920067
0,3,235,adaptive_linear,435.946,412.0935709243556,568.9383728086468
0,3,201,adaptive_linear,240.086,190.81274392090359,2427.853764636213
0,3,230,adaptive_linear,373.927,378.31065393120195,19.21642178854217
0,3,131,adaptive_linear,256.493,261.0718755522784,20.966101323252992
0,3,157,adaptive_linear,326.446,320.12265078915163,39.98474524233698
0,3,16,adaptive_linear,231.791,261.0718755522784,857.3696731080158
0,3,228,adaptive_linear,330.83,351.23568702314293,416.39206288646443
0,3,105,adaptive_linear,478.985,491.2633919267183,150.75890830610146
0,3,222,adaptive_linear,484.452,467.1842969300594,298.17356931163533
0,3,220,adaptive_linear,275.048,213.59449099604723,3776.533768898905
0,3,224,adaptive_linear,306.558,311.2549619991831,22.06145202176999
0,4,247,ols_all,256.963,272.7380552192408,248.852367170095
0,4,77,ols_all,275.759,304.5214052213596,827.2759541176931
0,4,110,ols_all,372.067,340.0710564402316,1023.7404042798863
0,4,113,ols_all,318.141,305.0708655938447,170.82841339496505
0,4,30,ols_all,192.327,200.47161407472345,66.3347384261833
0,4,190,ols_all,254.668,309.9416400409964,3055.1752833816386
0,4,129,ols_all,342.75,317.7735522160251,623.8229439056242
0,4,296,ols_all,561.485,578.2432952253025,280.8404588583967
0,4,172,ols_all,385.629,419.23251692616304,1129.196349806925
0,4,262,ols_all,291.598,324.5669860022804,1086.9540380185583
0,4,1,ols_all,383.079,343.0862147354892,1599.4228732132733
0,4,67,ols_all,562.014,523.8930804035199,1453.2045108813022
0,4,2,ols_all,244.384,267.0636125288338,514.3648244580357
0,4,278,ols_all,321.551,341.31891492209434,390.7704603671604
0,4,12,ols_all,452.888,422.2657889627776,937.7198088081836
0,4,177,ols_all,251.746,249.42663128847335,5.379471220008858
0,4,271,ols_all,335.279,349.4591292941177,201.0760667978951
0,4,112,ols_all,330.937,341.40930591088,109.6691910910518
0,4,11,ols_all,295.011,284.3239652615771,114.21271150025862
0,4,203,ols_all,418.3,444.4537012276287,684.0160879040664
0,4,48,ols_all,273.504,268.7059489381136,23.021293992469595
0,4,165,ols_all,559.34,524.528292724106,1211.8549634625338
0,4,180,ols_all,330.633,364.0537567230049,1116.946979938277
0,4,51,ols_all,515.846,533.1137788530632,298.17618651829633
0,4,253,ols_all,308.935,304.4254987709337,20.33560133495049
0,4,88,ols_all,474.13,418.6829871717864,3074.3712315720823
0,4,135,ols_all,557.15,524.528292724106,1064.1757855941144
0,4,23,ols_all,237.449,258.3112010140262,435.23143114963574
0,4,225,ols_all,522.461,487.63384495499713,1212.9307285286698
0,4,213,ols_all,403.258,407.80754952381767,20.698400869669758
0,4,38,ols_all,347.959,325.1304023066259,521.1448726459249
0,4,178,ols_all,297.521,298.1484367449352,0.39367686889489156
0,4,55,ols_all,283.539,291.0079442155111,55.78512769441674
0,4,20,ols_all,369.841,409.7996170817387,1596.6910790850181
0,4,137,ols_all,496.924,469.5589391872941,748.8465532830924
0,4,34,ols_all,160.064,206.08719865832995,2118.1348147441045
0,4,202,ols_all,355.341,333.33682990260104,484.18350167526694
0,4,27,ols_all,368.838,390.80579575674665,482.58405041013503
0,4,114,ols_all,339.775,353.4841892330305,187.94186942704056
0,4,57,ols_all,300.151,310.0916157915467,98.81584231514744
0,4,244,ols_all,389.618,408.2358788451902,346.62541269418097
0,4,153,ols_all,572.763,530.9604881765122,1747.4499947528425
0,4,171,ols_all,451.066,427.90420377105056,536.4688045513752
0,4,154,ols_all,237.824,236.1266465325848,2.881008793346443
0,4,136,ols_all,280.012,271.9169753451024,65.52942416340001
0,4,40,ols_all,512.399,482.74985305733435,879.07191442778
0,4,236,ols_all,486.011,482.5182423549868,12.199355966798349
0,4,284,ols_all,386.48,365.93413467312394,422.13258203012884
0,4,175,ols_all,432.382,426.5682253268237,33.799975950466
0,4,211,ols_all,295.062,354.85599796358156,3575.322192468794
0,4,22,ols_all,368.133,329.8406673080849,1466.3027429883082
0,4,19,ols_all,251.522,259.591991137107,65.12475695298592
0,4,297,ols_all,398.519,395.3092735413147,10.30234393958436
0,4,134,ols_all,92.565,138.48154840153802,2108.329417110784
0,4,174,ols_all,155.573,164.9770868680639,88.43684982209189
0,4,261,ols_all,235.459,278.7554313920723,1874.5809712884231
0,4,108,ols_all,325.274,312.11488072119573,173.1624201937982
0,4,256,ols_all,211.449,197.24670482331226,201.7051882857683
0,4,4,ols_all,540.085,490.9403227828575,2415.1992987771296
0,4,217,ols_all,434.0,400.5992604901626,1115.6093998040146
0,4,247,ridge,256.963,272.73830413856604,248.860220664258
0,4,77,ridge,275.759,304.5217463263534,827.2955762341564
0,4,110,ridge,372.067,340.0715024164451,1023.7118656192662
0,4,113,ridge,318.141,305.0713264853766,170.8163657788496
0,4,30,ridge,192.327,200.47100244101614,66.32477575927687
0,4,190,ridge,254.668,309.9418593197395,3055.19952409835
0,4,129,ridge,342.75,317.77337599770476,623.8317465520306
0,4,296,ridge,561.485,578.2428993877437,280.8271918897404
0,4,172,ridge,385.629,419.2327250504962,1129.2103372693437
0,4,262,ridge,291.598,324.567141464373,1086.964288897837
0,4,1,ridge,383.079,343.08624032703426,1599.4208262595953
0,4,67,ridge,562.014,523.893060001679,1453.2060663555883
0,4,2,ridge,244.384,267.063851998985,514.3756866958646
0,4,278,ridge,321.551,341.31930644709416,390.7859397862252
0,4,12,ridge,452.888,422.2655037000199,937.7372796422932
0,4,177,ridge,251.746,249.42608992042616,5.3819827773083215
0,4,271,ridge,335.279,349.458761780052,201.0656441390232
0,4,112,ridge,330.937,341.40894160920163,109.66156106652825
0,4,11,ridge,295.011,284.3240487225935,114.21092760566118
0,4,203,ridge,418.3,444.45358379169284,684.0099451490976
0,4,48,ridge,273.504,268.7059840202604,23.020957341836578
0,4,165,ridge,559.34,524.528198452794,1211.861526962059
0,4,180,ridge,330.633,364.05408044244456,1116.9686179403514
0,4,51,ridge,515.846,533.1130979716546,298.15267236271865
0,4,253,ridge,308.935,304.4255620809872,20.335030345430333
0,4,88,ridge,474.13,418.6828259821283,3074.389106568147
0,4,135,ridge,557.15,524.528198452794,1064.181936185293
0,4,23,ridge,237.449,258.3117856060376,435.25582324348807
0,4,225,ridge,522.461,487.63410774608593,1212.9124240657407
0,4,213,ridge,403.258,407.806752050848,20.691145220093965
0,4,38,ridge,347.959,325.1312124314746,521.1078852737238
0,4,178,ridge,297.521,298.14803903840476,0.39317795568354846
0,4,55,ridge,283.539,291.0086123172626,55.795108170201175
0,4,20,ridge,369.841,409.7995208167844,1596.6833858653933
0,4,137,ridge,496.924,469.55899640488167,748.843421760838
0,4,34,ridge,160.064,206.0872103301221,2118.1358890906586
0,4,202,ridge,355.341,333.33706579665,484.1731204253566
0,4,27,ridge,368.838,390.8055668379734,482.5739927808277
0,4,114,ridge,339.775,353.48453235530604,187.95127740118392
0,4,57,ridge,300.151,310.0911811341198,98.80720097911056
0,4,244,ridge,389.618,408.2358477045601,346.62425315019453
0,4,153,ridge,572.763,530.9602808192875,1747.467330901511
0,4,171,ridge,451.066,427.90416165566796,536.4707554889686
0,4,154,ridge,237.824,236.1266024167436,2.881158555644728
0,4,136,ridge,280.012,271.91744823014,65.52176835494373
0,4,40,ridge,512.399,482.7500732889189,879.0588551190593
0,4,236,ridge,486.011,482.5179514619649,12.20138808906923
0,4,284,ridge,386.48,365.93424014646865,422.1282479589812
0,4,175,ridge,432.382,426.56770302336395,33.8060493325192
0,4,211,ridge,295.062,354.85584815595405,3575.304277297288
0,4,22,ridge,368.133,329.84116655980813,1466.264508211395
0,4,19,ridge,251.522,259.59212102382423,65.12685333917004
0,4,297,ridge,398.519,395.3095416889038,10.30062265066465
0,4,134,ridge,92.565,138.48167730308992,2108.3412545560936
0,4,174,ridge,155.573,164.97712438245503,88.43755540068508
0,4,261,ridge,235.459,278.7554499526004,1874.5825784980286
0,4,108,ridge,325.274,312.11501996256226,173.15875562568502
0,4,256,ridge,211.449,197.24684500333342,201.70120654934186
0,4,4,ridge,540.085,490.9401672544436,2415.214585588714
0,4,217,ridge,434.0,400.5989718052125,1115.6286844689896
0,4,247,pls,256.963,272.4629676237158,240.24899633623815
0,4,77,pls,275.759,305.26758987485795,870.7568764025681
0,4,110,pls,372.067,340.7554627207462,980.4123667901004
0,4,113,pls,318.141,302.6702682086559,239.3435421597057
0,4,30,pls,192.327,199.86659153454985,56.84544050785586
0,4,190,pls,254.668,309.2519787731229,2979.410738704732
0,4,129,pls,342.75,317.90812343408106,617.1188313163525
0,4,296,pls,561.485,576.053145390443,212.2308601170846
0,4,172,pls,385.629,418.949336018813,1110.2447924066075
0,4,262,pls,291.598,324.6158528666993,1090.1786079270023
0,4,1,pls,383.079,343.1367426201229,1595.3839246003472
0,4,67,pls,562.014,524.5623742942118,1402.6242680064524
0,4,2,pls,244.384,264.69938871616654,412.7150186889473
0,4,278,pls,321.551,342.3884676920369,434.200059816682
0,4,12,pls,452.888,422.86806785888734,901.1963257570073
0,4,177,pls,251.746,247.75832229368172,15.901573489467932
0,4,271,pls,335.279,348.4991958113765,174.77357729113749
0,4,112,pls,330.937,341.8231618929042,118.5085207585189
0,4,11,pls,295.011,284.8984463568496,102.26374118559484
0,4,203,pls,418.3,446.3238347898656,785.335316329681
0,4,48,pls,273.504,268.7294957543131,22.795890792082222
0,4,165,pls,559.34,525.6438720814593,1135.4290367026579
0,4,180,pls,330.633,361.83158486870906,973.351697810043
0,4,51,pls,515.846,531.0983532340962,232.6342791776441
0,4,253,pls,308.935,303.0251408133812,34.92643560566266
0,4,88,pls,474.13,418.8298318611847,3058.1085961812437
0,4,135,pls,557.15,525.6438720814593,992.6360964194461
0,4,23,pls,237.449,258.84309710454437,457.70739091867324
0,4,225,pls,522.461,487.36457670542916,1231.7589280716957
0,4,213,pls,403.258,407.8616779430969,21.193850603756882
0,4,38,pls,347.959,324.08436922357964,569.9979947103983
0,4,178,pls,297.521,297.29104648626515,0.05287861847901297
0,4,55,pls,283.539,291.5303072510796,63.86099158115746
0,4,20,pls,369.841,410.4657093101454,1650.367006533816
0,4,137,pls,496.924,470.36415589388713,705.4253189410174
0,4,34,pls,160.064,206.88192912957857,2191.918487982242
0,4,202,pls,355.341,333.01435327269684,498.4791540857974
0,4,27,pls,368.838,391.2291882681387,501.3653120592324
0,4,114,pls,339.775,352.89908195839536,172.2415272506791
0,4,57,pls,300.151,311.5192900765335,129.23801926420936
0,4,244,pls,389.618,410.20813833232785,423.9537965443968
0,4,153,pls,572.763,529.8021170812623,1845.6374611574931
0,4,171,pls,451.066,428.086398961104,528.0620639068285
0,4,154,pls,237.824,236.46339705124007,1.8512403841742633
0,4,136,pls,280.012,272.55146910204724,55.65952127930789
0,4,40,pls,512.399,482.4830621413346,894.9633379635306
0,4,236,pls,486.011,482.0148830501331,15.968950677013668
0,4,284,pls,386.48,365.65490766518553,433.684470753549
0,4,175,pls,432.382,425.21250839165776,51.40160992208982
0,4,211,pls,295.062,352.40237622611016,3287.9187457518583
0,4,22,pls,368.133,328.74256010906095,1551.6067548016813
0,4,19,pls,251.522,257.0986122562032,31.098604256035646
0,4,297,pls,398.519,396.23657812533634,5.2094496139432165
0,4,134,pls,92.565,138.20451170006933,2082.965028220766
0,4,174,pls,155.573,166.84235561835948,126.99837605305014
0,4,261,pls,235.459,278.77851772164433,1876.5806156358572
0,4,108,pls,325.274,310.58924426888984,215.64205088237264
0,4,256,pls,211.449,199.98598909657184,131.4006189721131
0,4,4,pls,540.085,490.99765263422296,2409.5676714084616
0,4,217,pls,434.0,400.89047544431753,1096.2406163033404
0,4,247,huber,256.963,271.7876236021514,219.7694649454645
0,4,77,huber,275.759,305.555512902315,887.8321811378235
0,4,110,huber,372.067,342.39434124063104,880.4666778499561
0,4,113,huber,318.141,309.012938509026,83.32150658300257
0,4,30,huber,192.327,197.85739215206019,30.585237355568914
0,4,190,huber,254.668,311.4386428563379,3222.905890321866
0,4,129,huber,342.75,315.6893063717378,732.2811396426697
0,4,296,huber,561.485,579.8327973191775,336.6416664656177
0,4,172,huber,385.629,419.77403069887674,1165.8831214272338
0,4,262,huber,291.598,325.7539240160881,1166.6271453927825
0,4,1,huber,383.079,343.2289973732847,1588.022709349217
0,4,67,huber,562.014,526.1582692910627,1285.6334246718336
0,4,2,huber,244.384,269.5097540537982,631.3035167719569
0,4,278,huber,321.551,338.6583078189566,292.6599808125336
0,4,12,huber,452.888,419.7765729468931,1096.366601493217
0,4,177,huber,251.746,246.97363819535673,22.775437194418082
0,4,271,huber,335.279,349.10326375439786,191.11026835115845
0,4,112,huber,330.937,340.6924672757899,95.16914176900755
0,4,11,huber,295.011,280.653935926836,206.12528880093637
0,4,203,huber,418.3,441.50604210646856,538.520390247191
0,4,48,huber,273.504,267.44336800702433,36.73126015428044
0,4,165,huber,559.34,526.8962151209986,1052.5991772749226
0,4,180,huber,330.633,369.5304536300522,1513.011898902062
0,4,51,huber,515.846,535.8699330473693,400.95789468552715
0,4,253,huber,308.935,305.50353631371553,11.774943030289029
0,4,88,huber,474.13,418.6011121266892,3083.4573884467227
0,4,135,huber,557.15,526.8962151209986,915.291499504893
0,4,23,huber,237.449,257.65509617740435,408.28632273051403
0,4,225,huber,522.461,488.612417440199,1145.7265413076645
0,4,213,huber,403.258,405.6479589045649,5.711903565509224
0,4,38,huber,347.959,328.39890235741643,382.5974197874034
0,4,178,huber,297.521,297.2662217377473,0.06491196291651981
0,4,55,huber,283.539,291.84733380904794,69.02841068256924
0,4,20,huber,369.841,407.60273506596343,1425.9486351920116
0,4,137,huber,496.924,472.1516469516817,613.669475550524
0,4,34,huber,160.064,202.09950098998652,1766.9833434791585
0,4,202,huber,355.341,331.14677717777346,585.360417971548
0,4,27,huber,368.838,389.7576979890782,437.63376395424257
0,4,114,huber,339.775,355.14460388811415,236.22472367753423
0,4,57,huber,300.151,306.1744420066446,36.28185360741056
0,4,244,huber,389.618,408.1659538234981,344.0265910386185
0,4,153,huber,572.763,534.0249504984558,1500.6364791840886
0,4,171,huber,451.066,428.62673896200135,503.5204359314429
0,4,154,huber,237.824,235.79145766372372,4.131228348755493
0,4,136,huber,280.012,272.36194952899086,58.52327220898713
0,4,40,huber,512.399,485.85928818620715,704.3563031591757
0,4,236,huber,486.011,483.09950761128084,8.47678792956973
0,4,284,huber,386.48,367.058264539644,377.2038082920515
0,4,175,huber,432.382,425.4100689377401,48.60782273690443
0,4,211,huber,295.062,357.8312169565064,3939.9745973329705
0,4,22,huber,368.133,334.9866791186367,1098.6785879703004
0,4,19,huber,251.522,260.76563091786846,85.44471254577394
0,4,297,huber,398.519,397.50574054852353,1.0266947160064006
0,4,134,huber,92.565,136.45313256881514,1926.168180377892
0,4,174,huber,155.573,159.89833318960444,18.70850720109368
0,4,261,huber,235.459,278.66083509379865,1866.3985554717726
0,4,108,huber,325.274,313.2743112579636,143.99252990575573
0,4,256,huber,211.449,193.33353044220823,328.1702372992808
0,4,4,huber,540.085,490.3874284093432,2469.84862200846
0,4,217,huber,434.0,401.24555042125564,1072.8539672065065
0,4,247,cart,256.963,266.9752,100.244148839999
0,4,77,cart,275.759,297.8481428571428,487.93023216326293
0,4,110,cart,372.067,433.5325,3778.0076902500023
0,4,113,cart,318.141,310.08360000000005,64.92169475999957
0,4,30,cart,192.327,266.11466666666666,5444.619752111111
0,4,190,cart,254.668,281.5424,722.233375359999
0,4,129,cart,342.75,389.349875,2171.5483500156247
0,4,296,cart,561.485,620.9132857142857,3531.721142938776
0,4,172,cart,385.629,470.45212499999997,7194.9625347656165
0,4,262,cart,291.598,281.5424,101.11509136000053
0,4,1,cart,383.079,342.07906666666673,1680.994533337773
0,4,67,cart,562.014,454.172875,11629.708241265633
0,4,2,cart,244.384,279.9173333333333,1262.6177777777777
0,4,278,cart,321.551,377.1333333333334,3089.3957787777845
0,4,12,cart,452.888,377.1333333333334,5738.769521777766
0,4,177,cart,251.746,236.21316666666667,241.2689113611114
0,4,271,cart,335.279,354.4534,367.6576153599997
0,4,112,cart,330.937,281.5424,2439.8265091600024
0,4,11,cart,295.011,294.9142,0.009370240000005846
0,4,203,cart,418.3,452.1832857142857,1148.0770507959178
0,4,48,cart,273.504,329.656,3153.0471039999984
0,4,165,cart,559.34,445.26116666666667,13013.980214694451
0,4,180,cart,330.633,433.5325,10588.30710025001
0,4,51,cart,515.846,523.9034,64.92169476000048
0,4,253,cart,308.935,279.9173333333333,842.0249787777789
0,4,88,cart,474.13,385.9284,7779.522242559998
0,4,135,cart,557.15,445.26116666666667,12519.111024694439
0,4,23,cart,237.449,219.303,329.27731600000055
0,4,225,cart,522.461,479.81139999999994,1818.9883801600067
0,4,213,cart,403.258,373.1106,908.8657267600003
0,4,38,cart,347.959,279.9173333333333,4629.66840277778
0,4,178,cart,297.521,281.5424,255.31565796000092
0,4,55,cart,283.539,342.07906666666673,3426.939405337787
0,4,20,cart,369.841,377.1333333333334,53.178125444445044
0,4,137,cart,496.924,445.26116666666667,2669.0483480277753
0,4,34,cart,160.064,233.3472,5370.427402239999
0,4,202,cart,355.341,389.349875,1156.6035787656242
0,4,27,cart,368.838,321.1498,2274.1644192399995
0,4,114,cart,339.775,389.349875,2457.668231265627
0,4,57,cart,300.151,329.656,870.5450249999998
0,4,244,cart,389.618,422.31499999999994,1069.0938089999966
0,4,153,cart,572.763,523.9034,2387.26051216
0,4,171,cart,451.066,452.1832857142857,1.2483273673470017
0,4,154,cart,237.824,281.5424,1911.2984985599978
0,4,136,cart,280.012,266.9752,169.95815424000074
0,4,40,cart,512.399,470.45212499999997,1759.5403222656278
0,4,236,cart,486.011,470.45212499999997,242.07859126562678
0,4,284,cart,386.48,342.07906666666673,1971.4428808711068
0,4,175,cart,432.382,389.349875,1851.7637820156256
0,4,211,cart,295.062,310.08360000000005,225.64846656000105
0,4,22,cart,368.133,310.08360000000005,3369.732840359992
0,4,19,cart,251.522,310.08360000000005,3429.4609945600064
0,4,297,cart,398.519,422.31262499999997,566.1365906406232
0,4,134,cart,92.565,136.06616666666665,1892.3515013611095
0,4,174,cart,155.573,136.06616666666665,380.51654669444554
0,4,261,cart,235.459,233.3472,4.45969924000007
0,4,108,cart,325.274,310.08360000000005,230.7482521599986
0,4,256,cart,211.449,304.8542857142857,8724.547399367344
0,4,4,cart,540.085,454.172875,7380.893222015636
0,4,217,cart,434.0,373.1106,3707.5190323600027
0,4,247,subset_min,256.963,273.79075550038414,283.1733551807078
0,4,77,subset_min,275.759,302.68284964281685,724.8936795890081
0,4,110,subset_min,372.067,338.87250334456076,1101.8746082079676
0,4,113,subset_min,318.141,307.5711559898223,111.72160239949038
0,4,30,subset_min,192.327,204.69276583650137,152.91216472318436
0,4,190,subset_min,254.668,307.5832272723079,2800.021277279998
0,4,129,subset_min,342.75,319.95359725076656,519.6759783052578
0,4,296,subset_min,561.485,579.23053935146,314.9041668742163
0,4,172,subset_min,385.629,417.4837117396114,1014.7226600137357
0,4,262,subset_min,291.598,325.5182029716115,1150.5801696353217
0,4,1,subset_min,383.079,345.4083548799396,1419.0775037615292
0,4,67,subset_min,562.014,523.0655262929547,1516.9836041083997
0,4,2,subset_min,244.384,268.66769602692284,589.6978927279888
0,4,278,subset_min,321.551,339.63464870174505,327.0183503681259
0,4,12,subset_min,452.888,421.01528195658983,1015.8701554747227
0,4,177,subset_min,251.746,253.56372335858117,3.30411820833158
0,4,271,subset_min,335.279,351.7622609004329,271.69788991174084
0,4,112,subset_min,330.937,344.5825179445604,186.200159975319
0,4,11,subset_min,295.011,283.563989710127,131.03404457645945
0,4,203,subset_min,418.3,442.74455567464526,597.536302130831
0,4,48,subset_min,273.504,267.9362453992426,30.999891294255633
0,4,165,subset_min,559.34,524.244128758904,1231.7201781715896
0,4,180,subset_min,330.633,367.2268173896413,1339.1074711464173
0,4,51,subset_min,515.846,537.0972418503919,451.61528018384905
0,4,253,subset_min,308.935,306.07397608493335,8.185457842583318
0,4,88,subset_min,474.13,418.7543305592874,3066.4647660070727
0,4,135,subset_min,557.15,524.244128758904,1082.7963621355857
0,4,23,subset_min,237.449,254.4242835126542,288.1602503349891
0,4,225,subset_min,522.461,485.651265632774,1354.9565441857378
0,4,213,subset_min,403.258,409.9074287472371,44.21490266458309
0,4,38,subset_min,347.959,323.0677100865279,619.5763135565189
0,4,178,subset_min,297.521,301.73209867907514,17.73335208490823
0,4,55,subset_min,283.539,289.3431737951964,33.68843344484448
0,4,20,subset_min,369.841,408.0974600916879,1463.5567387469066
0,4,137,subset_min,496.924,469.2965512202205,763.2759260793374
0,4,34,subset_min,160.064,208.27185508042953,2323.997291455696
0,4,202,subset_min,355.341,333.31793107350524,485.01556494113964
0,4,27,subset_min,368.838,392.8441333253776,576.2944372358031
0,4,114,subset_min,339.775,348.83338344443496,82.05431062641374
0,4,57,subset_min,300.151,314.0451195312848,193.04655754962937
0,4,244,subset_min,389.618,408.1306841465003,342.71947430808376
0,4,153,subset_min,572.763,531.0269397733347,1741.898723243838
0,4,171,subset_min,451.066,426.440882576872,606.3964081028403
0,4,154,subset_min,237.824,238.87053614038823,1.0952378931386568
0,4,136,subset_min,280.012,273.8242960711947,38.28767991055279
0,4,40,subset_min,512.399,481.2096016050373,972.7785722397033
0,4,236,subset_min,486.011,483.6827778454378,5.420618400994441
0,4,284,subset_min,386.48,366.064026076547,416.81199124311325
0,4,175,subset_min,432.382,427.35916914180217,25.228829830064402
0,4,211,subset_min,295.062,356.4850390103331,3772.789721264898
0,4,22,subset_min,368.133,329.59826792726324,1484.925575917606
0,4,19,subset_min,251.522,258.7168296741867,51.765574040558
0,4,297,subset_min,398.519,392.8862586869127,31.727774700160534
0,4,134,subset_min,92.565,135.27405167549674,1824.0630950202508
0,4,174,subset_min,155.573,165.50184888733034,98.58204022744077
0,4,261,subset_min,235.459,280.6118617446199,2038.7809237287577
0,4,108,subset_min,325.274,314.3477350501904,119.38326575343761
0,4,256,subset_min,211.449,197.45307356194846,195.88595685935047
0,4,4,subset_min,540.085,489.45466654261025,2563.430666006483
0,4,217,subset_min,434.0,402.01689100591346,1022.919260927619
0,4,247,subset_1se,256.963,279.88768135276064,525.5410151256102
0,4,77,subset_1se,275.759,306.7695046089268,961.65139610027
0,4,110,subset_1se,372.067,357.61488318854134,208.8636803320462
0,4,113,subset_1se,318.141,318.98223228048204,0.7076717497249763
0,4,30,subset_1se,192.327,197.90014551722822,31.059950956201078
0,4,190,subset_1se,254.668,303.84318779426786,2418.1990946015103
0,4,129,subset_1se,342.75,317.34538528110704,645.3944490153928
0,4,296,subset_1se,561.485,577.4776718131453,255.76555172297242
0,4,172,subset_1se,385.629,410.0929072591345,598.482758383533
0,4,262,subset_1se,291.598,331.2348236357708,1571.0777879331972
0,4,1,subset_1se,383.079,345.2410434363806,1431.7109569103484
0,4,67,subset_1se,562.014,518.1339257572406,1925.4609155500775
0,4,2,subset_1se,244.384,272.4879272100541,789.8307246280214
0,4,278,subset_1se,321.551,340.74311444673197,368.3372569364583
0,4,12,subset_1se,452.888,410.58834562948493,1789.2607598650325
0,4,177,subset_1se,251.746,241.0228253276851,114.986475052976
0,4,271,subset_1se,335.279,351.5753873077434,265.57223928398116
0,4,112,subset_1se,330.937,337.0720004571132,37.63823060877874
0,4,11,subset_1se,295.011,285.71490922081927,86.41730377476952
0,4,203,subset_1se,418.3,435.4384122539276,293.72517458557513
0,4,48,subset_1se,273.504,269.5674432130661,15.49647933675551
0,4,165,subset_1se,559.34,523.8854946195934,1257.0219517692847
0,4,180,subset_1se,330.633,380.18846469115056,2455.7440807558714
0,4,51,subset_1se,515.846,531.044860019934,231.00534590554952
0,4,253,subset_1se,308.935,304.8803568937966,16.44013071868276
0,4,88,subset_1se,474.13,409.6190679128655,4161.660358750881
0,4,135,subset_1se,557.15,523.8854946195934,1106.5273182030999
0,4,23,subset_1se,237.449,245.31816420227057,61.92374524229636
0,4,225,subset_1se,522.461,487.77315490753415,1203.2465971589081
0,4,213,subset_1se,403.258,398.01318490376104,27.508085393735858
0,4,38,subset_1se,347.959,336.76054240299135,125.40545255200087
0,4,178,subset_1se,297.521,296.65089651295585,0.7570800781664098
0,4,55,subset_1se,283.539,306.62139637837714,532.7970225685187
0,4,20,subset_1se,369.841,399.5157391827339,880.5901455632827
0,4,137,subset_1se,496.924,473.2992380230585,558.1293784671408
0,4,34,subset_1se,160.064,209.30316349480537,2424.495221668175
0,4,202,subset_1se,355.341,348.3379895064951,49.04215597213997
0,4,27,subset_1se,368.838,396.60907516301285,771.2326157097077
0,4,114,subset_1se,339.775,349.2229612300977,89.26397140543013
0,4,57,subset_1se,300.151,310.3922722113951,104.88365650789318
0,4,244,subset_1se,389.618,405.8250313680164,262.6678657638685
0,4,153,subset_1se,572.763,527.6624798737246,2034.0569156605775
0,4,171,subset_1se,451.066,418.9235382308813,1033.1378485792543
0,4,154,subset_1se,237.824,249.2100303142883,129.64168631789192
0,4,136,subset_1se,280.012,283.09462614093604,9.50258392478224
0,4,40,subset_1se,512.399,480.41187812483474,1023.1759658566757
0,4,236,subset_1se,486.011,487.9371102726513,3.7099007824127566
0,4,284,subset_1se,386.48,365.18659510026725,453.4090922239633
0,4,175,subset_1se,432.382,420.1495974607639,149.63167188190957
0,4,211,subset_1se,295.062,358.16964189686735,3982.5744657832456
0,4,22,subset_1se,368.133,344.1604407378777,574.6835975759644
0,4,19,subset_1se,251.522,247.83804281107837,13.571540569807318
0,4,297,subset_1se,398.519,397.07393804095256,2.088204065486055
0,4,134,subset_1se,92.565,125.29701253299604,1071.3846444602098
0,4,174,subset_1se,155.573,164.33222305960703,76.72398860795143
0,4,261,subset_1se,235.459,279.0914114077718,1903.787325257052
0,4,108,subset_1se,325.274,311.86905038246744,179.69267424858648
0,4,256,subset_1se,211.449,205.71544316423683,32.873673988926704
0,4,4,subset_1se,540.085,484.20749193078274,3122.2959080254445
0,4,217,subset_1se,434.0,396.21616869302767,1427.6179082337424
0,4,247,adaptive_linear,256.963,273.79075550038414,283.1733551807078
0,4,77,adaptive_linear,275.759,302.68284964281685,724.8936795890081
0,4,110,adaptive_linear,372.067,338.87250334456076,1101.8746082079676
0,4,113,adaptive_linear,318.141,307.5711559898223,111.72160239949038
0,4,30,adaptive_linear,192.327,204.69276583650137,152.91216472318436
0,4,190,adaptive_linear,254.668,307.5832272723079,2800.021277279998
0,4,129,adaptive_linear,342.75,319.95359725076656,519.6759783052578
0,4,296,adaptive_linear,561.485,579.23053935146,314.9041668742163
0,4,172,adaptive_linear,385.629,417.4837117396114,1014.7226600137357
0,4,262,adaptive_linear,291.598,325.5182029716115,1150.5801696353217
0,4,1,adaptive_linear,383.079,345.4083548799396,1419.0775037615292
0,4,67,adaptive_linear,562.014,523.0655262929547,1516.9836041083997
0,4,2,adaptive_linear,244.384,268.66769602692284,589.6978927279888
0,4,278,adaptive_linear,321.551,339.63464870174505,327.0183503681259
0,4,12,adaptive_linear,452.888,421.01528195658983,1015.8701554747227
0,4,177,adaptive_linear,251.746,253.56372335858117,3.30411820833158
0,4,271,adaptive_linear,335.279,351.7622609004329,271.69788991174084
0,4,112,adaptive_linear,330.937,344.5825179445604,186.200159975319
0,4,11,adaptive_linear,295.011,283.563989710127,131.03404457645945
0,4,203,adaptive_linear,418.3,442.74455567464526,597.536302130831
0,4,48,adaptive_linear,273.504,267.9362453992426,30.999891294255633
0,4,165,adaptive_linear,559.34,524.244128758904,1231.7201781715896
0,4,180,adaptive_linear,330.633,367.2268173896413,1339.1074711464173
0,4,51,adaptive_linear,515.846,537.0972418503919,451.61528018384905
0,4,253,adaptive_linear,308.935,306.07397608493335,8.185457842583318
0,4,88,adaptive_linear,474.13,418.7543305592874,3066.4647660070727
0,4,135,adaptive_linear,557.15,524.244128758904,1082.7963621355857
0,4,23,adaptive_linear,237.449,254.4242835126542,288.1602503349891
0,4,225,adaptive_linear,522.461,485.651265632774,1354.9565441857378
0,4,213,adaptive_linear,403.258,409.9074287472371,44.21490266458309
0,4,38,adaptive_linear,347.959,323.0677100865279,619.5763135565189
0,4,178,adaptive_linear,297.521,301.73209867907514,17.73335208490823
0,4,55,adaptive_linear,283.539,289.3431737951964,33.68843344484448
0,4,20,adaptive_linear,369.841,408.0974600916879,1463.5567387469066
0,4,137,adaptive_linear,496.924,469.2965512202205,763.2759260793374
0,4,34,adaptive_linear,160.064,208.27185508042953,2323.997291455696
0,4,202,adaptive_linear,355.341,333.31793107350524,485.01556494113964
0,4,27,adaptive_linear,368.838,392.8441333253776,576.2944372358031
0,4,114,adaptive_linear,339.775,348.83338344443496,82.05431062641374
0,4,57,adaptive_linear,300.151,314.0451195312848,193.04655754962937
0,4,244,adaptive_linear,389.618,408.1306841465003,342.71947430808376
0,4,153,adaptive_linear,572.763,531.0269397733347,1741.898723243838
0,4,171,adaptive_linear,451.066,426.440882576872,606.3964081028403
0,4,154,adaptive_linear,237.824,238.87053614038823,1.0952378931386568
0,4,136,adaptive_linear,280.012,273.8242960711947,38.28767991055279
0,4,40,adaptive_linear,512.399,481.2096016050373,972.7785722397033
0,4,236,adaptive_linear,486.011,483.6827778454378,5.420618400994441
0,4,284,adaptive_linear,386.48,366.064026076547,416.81199124311325
0,4,175,adaptive_linear,432.382,427.35916914180217,25.228829830064402
0,4,211,adaptive_linear,295.062,356.4850390103331,3772.789721264898
0,4,22,adaptive_linear,368.133,329.59826792726324,1484.925575917606
0,4,19,adaptive_linear,251.522,258.7168296741867,51.765574040558
0,4,297,adaptive_linear,398.519,392.8862586869127,31.727774700160534
0,4,134,adaptive_linear,92.565,135.27405167549674,1824.0630950202508
0,4,174,adaptive_linear,155.573,165.50184888733034,98.58204022744077
0,4,261,adaptive_linear,235.459,280.6118617446199,2038.7809237287577
0,4,108,adaptive_linear,325.274,314.3477350501904,119.38326575343761
0,4,256,adaptive_linear,211.449,197.45307356194846,195.88595685935047
0,4,4,adaptive_linear,540.085,489.45466654261025,2563.430666006483
0,4,217,adaptive_linear,434.0,402.01689100591346,1022.919260927619
0,5,96,ols_all,279.435,345.6116559214006,4379.349788939445
0,5,81,ols_all,605.271,527.6555309126288,6024.161041652665
0,5,79,ols_all,400.908,506.52163446356417,11154.239784603345
0,5,183,ols_all,412.225,441.10649639109715,834.1408337889566
0,5,248,ols_all,238.544,234.1419365023794,19.37816303708386
0,5,145,ols_all,228.932,214.7941926852293,199.87759566958383
0,5,239,ols_all,279.075,241.11923458359934,1440.6401283448358
0,5,85,ols_all,270.692,302.1853815918705,991.8330840911678
0,5,254,ols_all,47.272,68.01426823266115,430.24169143566405
0,5,3,ols_all,351.575,413.08808020841934,3783.859036727433
0,5,257,ols_all,145.765,163.81440453848631,325.78100419393087
0,5,26,ols_all,308.859,313.9106374680723,25.51904110883221
0,5,234,ols_all,464.093,511.3725915055343,2235.359772930187
0,5,143,ols_all,494.933,496.96789325440204,4.140790556810966
0,5,279,ols_all,338.163,310.0102246192846,792.5787616370158
0,5,158,ols_all,353.281,369.04834886228446,248.60929014498274
0,5,66,ols_all,336.651,371.127365673397,1188.6197900457848
0,5,163,ols_all,303.742,313.115276087095,87.85830460490709
0,5,76,ols_all,460.586,497.61368418790926,1371.0493963195443
0,5,237,ols_all,288.331,293.8330498120888,30.272552134706235
0,5,156,ols_all,317.157,259.2442977056294,3353.881087036398
0,5,146,ols_all,283.136,228.77755898189025,2954.840109919319
0,5,193,ols_all,271.297,276.1913641876354,23.95480080120741
0,5,245,ols_all,535.272,502.2252533422925,1092.0874646587056
0,5,24,ols_all,437.653,426.52658492217597,123.79711248403034
0,5,281,ols_all,466.669,527.5418958046725,3705.509443646523
0,5,59,ols_all,234.039,250.21154919957348,261.5513476126253
0,5,21,ols_all,316.871,326.50050139137056,92.72729704640797
0,5,188,ols_all,296.717,306.71064499682416,99.87294032254883
0,5,62,ols_all,317.619,335.5236902183933,320.57793181662817
0,5,86,ols_all,352.697,365.4203983282973,161.88486502051907
0,5,125,ols_all,360.028,338.9736009911726,443.28771762291353
0,5,101,ols_all,400.082,386.61610974728274,181.33020029822566
0,5,240,ols_all,489.073,430.58420284543445,3420.939392587913
0,5,49,ols_all,481.042,472.64869412656844,70.44758348498021
0,5,58,ols_all,268.614,276.6871860714523,65.17633334429162
0,5,187,ols_all,428.773,404.7864638536216,575.3539163015174
0,5,169,ols_all,245.48,275.32252674450524,890.5764024965112
0,5,298,ols_all,293.887,309.51389801268715,244.1999414989256
0,5,268,ols_all,410.803,368.8502148795774,1760.0361793603533
0,5,207,ols_all,445.128,441.10649639109715,16.172491276418512
0,5,241,ols_all,447.454,428.24346251513634,369.04475045735194
0,5,56,ols_all,389.856,409.4807717371509,385.13166573527764
0,5,270,ols_all,377.08,333.7591389313561,1876.6970037287435
0,5,73,ols_all,391.098,369.0997780866196,483.92176735032984
0,5,263,ols_all,170.128,208.71066288423185,1488.621875238283
0,5,115,ols_all,296.802,266.1629039950085,938.7542040030879
0,5,287,ols_all,442.829,404.7864638536216,1447.2345564485058
0,5,191,ols_all,436.463,393.28060379927365,1864.7193416365076
0,5,104,ols_all,465.463,491.31967486292024,668.5676349667701
0,5,176,ols_all,409.854,423.839591143113,195.59675962232154
0,5,7,ols_all,237.352,223.38026667382087,195.20933213786464
0,5,69,ols_all,481.732,425.8237650266419,3125.7307378362225
0,5,127,ols_all,334.401,256.83826764232026,6015.977450789062
0,5,78,ols_all,375.612,369.04834886228446,43.08151625763486
0,5,120,ols_all,375.484,409.12477619273204,1131.7018228494883
0,5,29,ols_all,302.033,332.9160989090278,953.7657982247946
0,5,184,ols_all,351.269,423.26655503673555,5183.647931267764
0,5,289,ols_all,295.143,254.9409586070592,1616.204132159723
0,5,95,ols_all,549.954,540.1440436289176,96.23524400253837
0,5,96,ridge,279.435,346.3430480173749,4476.686889495343
0,5,81,ridge,605.271,526.7303616067165,6168.631879224505
0,5,79,ridge,400.908,505.0266711244237,10840.697676715892
0,5,183,ridge,412.225,440.9203974455777,823.4258345596654
0,5,248,ridge,238.544,233.2998633162559,27.50096955779059
0,5,145,ridge,228.932,215.33684544862982,184.8282272756411
0,5,239,ridge,279.075,241.5223663497569,1410.200294069369
0,5,85,ridge,270.692,302.5131329634533,1012.5845030777739
0,5,254,ridge,47.272,68.82330454221164,464.4587274711523
0,5,3,ridge,351.575,412.7685713574437,3744.653175478556
0,5,257,ridge,145.765,165.6402836086785,395.0268985254043
0,5,26,ridge,308.859,314.74717914220645,34.6706536107153
0,5,234,ridge,464.093,510.6114229516447,2163.963673908105
0,5,143,ridge,494.933,497.27636232481774,5.491346985375236
0,5,279,ridge,338.163,309.3747138203324,828.7654211624426
0,5,158,ridge,353.281,369.5852064993385,265.82714957307104
0,5,66,ridge,336.651,371.0157806370135,1180.9381482300578
0,5,163,ridge,303.742,312.7459031530655,81.07027198978274
0,5,76,ridge,460.586,495.717544231799,1234.2254001108504
0,5,237,ridge,288.331,293.9619788732419,31.707923070896307
0,5,156,ridge,317.157,259.91689338433764,3276.429805372392
0,5,146,ridge,283.136,229.0128840117041,2929.311684282534
0,5,193,ridge,271.297,275.40973855920686,16.91461845638669
0,5,245,ridge,535.272,500.900591141846,1181.39374689439
0,5,24,ridge,437.653,426.4183908043518,126.21644377894319
0,5,281,ridge,466.669,526.2816701090969,3553.6704375360196
0,5,59,ridge,234.039,250.86561117633644,283.1348436796109
0,5,21,ridge,316.871,326.98391488995077,102.27104757138834
0,5,188,ridge,296.717,307.42246678294583,114.60701904075692
0,5,62,ridge,317.619,335.35749634864686,314.65425271095705
0,5,86,ridge,352.697,365.58503475338375,166.10143980442732
0,5,125,ridge,360.028,340.0369747754147,399.6410895300063
0,5,101,ridge,400.082,386.1676388111916,193.6094472926179
0,5,240,ridge,489.073,431.22470203768705,3346.425577136538
0,5,49,ridge,481.042,472.9307096950638,65.7930304109516
0,5,58,ridge,268.614,276.0215405855806,54.87165752702449
0,5,187,ridge,428.773,404.58345497417054,585.1340885566322
0,5,169,ridge,245.48,276.3316971454068,951.8272167519023
0,5,298,ridge,293.887,309.1531179010178,233.05435576777677
0,5,268,ridge,410.803,368.0874346523869,1824.6195229662057
0,5,207,ridge,445.128,440.9203974455777,17.703919255981017
0,5,241,ridge,447.454,427.6725037525341,391.3075937885073
0,5,56,ridge,389.856,409.5565631412009,388.1121880804441
0,5,270,ridge,377.08,334.5277700749381,1810.6922715953342
0,5,73,ridge,391.098,368.79798464029346,497.290685043148
0,5,263,ridge,170.128,208.37682953326853,1462.9729606650362
0,5,115,ridge,296.802,267.6595975630606,849.2796197965343
0,5,287,ridge,442.829,404.58345497417054,1462.7217143227494
0,5,191,ridge,436.463,393.0828840855853,1881.834456748057
0,5,104,ridge,465.463,490.6030540923982,632.0223197687076
0,5,176,ridge,409.854,423.1469084310555,176.70141455642738
0,5,7,ridge,237.352,223.68342248733822,186.8300112196434
0,5,69,ridge,481.732,433.32640908982376,2343.1012313633396
0,5,127,ridge,334.401,257.0372122572643,5985.155653903066
0,5,78,ridge,375.612,369.5852064993385,36.322239899616186
0,5,120,ridge,375.484,408.87570496720053,1115.0059606165662
0,5,29,ridge,302.033,332.94438111610583,955.5134825051432
0,5,184,ridge,351.269,423.2933289690571,5187.503963442955
0,5,289,ridge,295.143,255.26173151658372,1590.5155758463302
0,5,95,ridge,549.954,540.0066959985652,98.94885689695997
0,5,96,pls,279.435,346.0693314993773,4440.134134368907
0,5,81,pls,605.271,525.9963522007414,6284.46978369649
0,5,79,pls,400.908,505.6735783203927,10975.826400806338
0,5,183,pls,412.225,442.50249315837686,916.7265919555565
0,5,248,pls,238.544,233.68396886594348,23.619902623998772
0,5,145,pls,228.932,215.18793236257082,188.8993952222278
0,5,239,pls,279.075,240.72577791277934,1470.6628346949724
0,5,85,pls,270.692,302.97057926560365,1041.9066794058572
0,5,254,pls,47.272,67.08659244313634,392.6180736875958
0,5,3,pls,351.575,413.50382917272776,3835.179882704899
0,5,257,pls,145.765,161.95826323242397,262.22177411457454
0,5,26,pls,308.859,314.2362635529805,28.91496331821287
0,5,234,pls,464.093,511.45277623360005,2242.948404896666
0,5,143,pls,494.933,496.6627944719376,2.992188915145961
0,5,279,pls,338.163,310.871430283461,744.8297775927094
0,5,158,pls,353.281,369.49532987540255,262.9044933083714
0,5,66,pls,336.651,371.2680786263404,1198.3421326222335
0,5,163,pls,303.742,314.09817831073434,107.250429203724
0,5,76,pls,460.586,497.0300295955434,1328.167293160842
0,5,237,pls,288.331,293.211861208922,23.822806140759518
0,5,156,pls,317.157,259.5403073558523,3319.6832712501828
0,5,146,pls,283.136,228.5529093407588,2979.313785914948
0,5,193,pls,271.297,276.16317095179005,23.679619732045037
0,5,245,pls,535.272,500.52892055921853,1207.081569028455
0,5,24,pls,437.653,427.079536988109,111.79812006382755
0,5,281,pls,466.669,526.5318165968586,3583.556810909127
0,5,59,pls,234.039,249.92579651754937,252.39030359001927
0,5,21,pls,316.871,326.1344473266019,85.81145637272826
0,5,188,pls,296.717,306.96138974260896,104.94752119847195
0,5,62,pls,317.619,335.4166522309414,316.75642493353223
0,5,86,pls,352.697,365.6263531468031,167.16817279474782
0,5,125,pls,360.028,338.24188041209123,474.6350066986629
0,5,101,pls,400.082,386.3084004726726,189.71204393919373
0,5,240,pls,489.073,430.86028130279436,3388.720618119992
0,5,49,pls,481.042,473.41773543131706,58.129410213273715
0,5,58,pls,268.614,276.3697398231257,60.15150020401843
0,5,187,pls,428.773,404.55967035601697,586.2853324481888
0,5,169,pls,245.48,275.02918531842636,873.1543529827044
0,5,298,pls,293.887,309.95183483980594,258.0789184302427
0,5,268,pls,410.803,368.53117582948767,1786.9071187027107
0,5,207,pls,445.128,442.50249315837686,6.893286175409816
0,5,241,pls,447.454,429.4279229668886,324.939453203666
0,5,56,pls,389.856,410.1240178596888,410.7925479606652
0,5,270,pls,377.08,333.5464133912069,1895.1731630252887
0,5,73,pls,391.098,368.5056586774001,510.4138864368553
0,5,263,pls,170.128,208.34544744249618,1460.5732890199588
0,5,115,pls,296.802,264.29417356615346,1056.7587794530932
0,5,287,pls,442.829,404.55967035601697,1464.5415913998393
0,5,191,pls,436.463,392.84037338331007,1902.933552939147
0,5,104,pls,465.463,490.53345245523445,628.5275863101701
0,5,176,pls,409.854,424.2249827077399,206.52514398616
0,5,7,pls,237.352,223.7278650419994,185.6170533538143
0,5,69,pls,481.732,426.1161903228981,3093.118286039625
0,5,127,pls,334.401,257.044125286632,5984.086065419718
0,5,78,pls,375.612,369.49532987540255,37.41365341314331
0,5,120,pls,375.484,409.3979171132256,1150.1537739627388
0,5,29,pls,302.033,333.42877991461813,985.6949964471384
0,5,184,pls,351.269,423.0528607059601,5152.92265785268
0,5,289,pls,295.143,255.08679415577683,1604.4996266347764
0,5,95,pls,549.954,539.8635975370689,101.81622186392448
0,5,96,huber,279.435,347.12548881590436,4582.002276136073
0,5,81,huber,605.271,526.0228996086573,6280.261415636321
0,5,79,huber,400.908,504.22680250781497,10674.77495164887
0,5,183,huber,412.225,441.0001085211991,828.0068704067827
0,5,248,huber,238.544,233.4887144295421,25.555912198879827
0,5,145,huber,228.932,215.3732421793113,183.8399136400869
0,5,239,huber,279.075,241.41037828297567,1418.62372908654
0,5,85,huber,270.692,302.7653144858334,1028.697502107171
0,5,254,huber,47.272,68.88244442844308,467.0113083948266
0,5,3,huber,351.575,412.3150775712289,3689.3570233589085
0,5,257,huber,145.765,164.76307887972683,360.9270011203233
0,5,26,huber,308.859,315.69935016729437,46.79039041120438
0,5,234,huber,464.093,509.9790762316823,2105.531991939759
0,5,143,huber,494.933,496.752215695265,3.309545745898624
0,5,279,huber,338.163,308.2491082672194,894.8409186005194
0,5,158,huber,353.281,370.0240734587767,280.33050884599203
0,5,66,huber,336.651,369.3633759498784,1070.0995402861813
0,5,163,huber,303.742,311.9070014165984,66.66724813305365
0,5,76,huber,460.586,494.4629068212365,1147.6448157747402
0,5,237,huber,288.331,294.76233279618697,41.36204153530986
0,5,156,huber,317.157,261.0880727132251,3143.7246070896517
0,5,146,huber,283.136,229.72179134531234,2853.0776862065127
0,5,193,huber,271.297,275.0782714456626,14.298013745783198
0,5,245,huber,535.272,500.58971784666517,1202.8606953635312
0,5,24,huber,437.653,426.2559647193068,129.89241318936593
0,5,281,huber,466.669,524.8940414964999,3390.1554572691352
0,5,59,huber,234.039,250.55833107697404,272.8882992306808
0,5,21,huber,316.871,326.88464997979673,100.27318591788351
0,5,188,huber,296.717,307.27404934062116,111.45129078031002
0,5,62,huber,317.619,335.6258279903101,324.24585427261377
0,5,86,huber,352.697,365.5703966067662,165.72434019510004
0,5,125,huber,360.028,340.96222366335564,363.50382731894865
0,5,101,huber,400.082,385.3430148311107,217.23768380873918
0,5,240,huber,489.073,432.00823113574336,3256.387845531032
0,5,49,huber,481.042,473.06353718863454,63.65586883234119
0,5,58,huber,268.614,275.8551083834308,52.4336506205918
0,5,187,huber,428.773,404.25403828454967,601.1794836037204
0,5,169,huber,245.48,277.7784114375561,1043.1873813896545
0,5,298,huber,293.887,309.23473253530886,235.55289397537825
0,5,268,huber,410.803,367.891198725685,1841.422688606302
0,5,207,huber,445.128,441.0001085211991,17.03948806075712
0,5,241,huber,447.454,426.5855204566979,435.4934384492183
0,5,56,huber,389.856,409.56209886506576,388.3303324797464
0,5,270,huber,377.08,335.46861749010276,1731.5071543849808
0,5,73,huber,391.098,368.8376668029688,495.5224340428506
0,5,263,huber,170.128,207.54885842567964,1400.32064531476
0,5,115,huber,296.802,268.25534925446897,814.9112687873286
0,5,287,huber,442.829,404.25403828454967,1488.0276713484595
0,5,191,huber,436.463,393.70984963570817,1827.831866071749
0,5,104,huber,465.463,490.11181066552837,607.5638672250639
0,5,176,huber,409.854,422.4806311809631,159.43181498006965
0,5,7,huber,237.352,222.9272338737543,208.0738777968858
0,5,69,huber,481.732,444.76436578089823,1366.6059797573062
0,5,127,huber,334.401,257.4924368075102,5914.927092333196
0,5,78,huber,375.612,370.0240734587767,31.224923030108233
0,5,120,huber,375.484,407.9641188508927,1054.9581205681168
0,5,29,huber,302.033,332.97132255020284,957.1798022203888
0,5,184,huber,351.269,424.1414394014413,5310.392424316732
0,5,289,huber,295.143,255.8673562542748,1542.576191641121
0,5,95,huber,549.954,539.2955329949598,113.60291889752988
0,5,96,cart,279.435,362.784375,6947.118312890627
0,5,81,cart,605.271,412.0933913043478,37317.588501370505
0,5,79,cart,400.908,453.81907142857136,2799.5814797193793
0,5,183,cart,412.225,501.5210285714286,7973.780718629387
0,5,248,cart,238.544,259.378037037037,434.05709926062974
0,5,145,cart,228.932,224.11472727272724,23.20611652892585
0,5,239,cart,279.075,224.11472727272724,3020.631578256201
0,5,85,cart,270.692,322.246,2657.814915999997
0,5,254,cart,47.272,162.98887500000004,13390.395159765636
0,5,3,cart,351.575,453.81907142857136,10453.850142290805
0,5,257,cart,145.765,162.98887500000004,296.6618700156267
0,5,26,cart,308.859,259.378037037037,2448.3656957421126
0,5,234,cart,464.093,501.5210285714286,1400.8573227436734
0,5,143,cart,494.933,501.5210285714286,43.40212045795949
0,5,279,cart,338.163,412.0933913043478,5465.702758413981
0,5,158,cart,353.281,362.784375,90.31413639062511
0,5,66,cart,336.651,354.5816666666667,321.50880711111216
0,5,163,cart,303.742,354.5816666666667,2584.67170677778
0,5,76,cart,460.586,412.0933913043478,2351.5330981096454
0,5,237,cart,288.331,322.246,1150.2272249999976
0,5,156,cart,317.157,259.378037037037,3338.408561075446
0,5,146,cart,283.136,259.378037037037,564.4408041495219
0,5,193,cart,271.297,259.378037037037,142.06167811248392
0,5,245,cart,535.272,654.6942,14261.661852839994
0,5,24,cart,437.653,453.81907142857136,261.3418654336707
0,5,281,cart,466.669,501.5210285714286,1214.6638955436758
0,5,59,cart,234.039,276.239,1780.839999999999
0,5,21,cart,316.871,362.784375,2108.038003890628
0,5,188,cart,296.717,362.784375,4364.898039390629
0,5,62,cart,317.619,362.784375,2039.9110988906234
0,5,86,cart,352.697,362.784375,101.75513439062517
0,5,125,cart,360.028,362.784375,7.597603140624952
0,5,101,cart,400.082,362.784375,1391.1128306406238
0,5,240,cart,489.073,453.81907142857136,1242.839479719391
0,5,49,cart,481.042,501.5210285714286,419.3906112293895
0,5,58,cart,268.614,276.239,58.140625
0,5,187,cart,428.773,362.784375,4354.498629390627
0,5,169,cart,245.48,276.239,946.1160809999991
0,5,298,cart,293.887,300.9284,49.581313960000145
0,5,268,cart,410.803,313.5362857142857,9460.813707938772
0,5,207,cart,445.128,501.5210285714286,3180.1736714579624
0,5,241,cart,447.454,415.3518,1030.5512448399988
0,5,56,cart,389.856,412.0933913043478,494.501572022683
0,5,270,cart,377.08,313.5362857142857,4037.8036252244865
0,5,73,cart,391.098,362.784375,801.661360640625
0,5,263,cart,170.128,224.11472727272724,2914.566721619832
0,5,115,cart,296.802,259.378037037037,1400.5530038532265
0,5,287,cart,442.829,362.784375,6407.141991390625
0,5,191,cart,436.463,362.784375,5428.539781890627
0,5,104,cart,465.463,412.0933913043478,2848.3151323270386
0,5,176,cart,409.854,453.81907142857136,1932.9275057193834
0,5,7,cart,237.352,224.11472727272724,175.2253892561994
0,5,69,cart,481.732,453.81907142857136,779.1315814336787
0,5,127,cart,334.401,276.239,3382.818244000004
0,5,78,cart,375.612,362.784375,164.5479631406253
0,5,120,cart,375.484,354.5816666666667,436.9075387777753
0,5,29,cart,302.033,259.378037037037,1819.445865371745
0,5,184,cart,351.269,412.0933913043478,3699.6065775444185
0,5,289,cart,295.143,259.378037037037,1279.1325757421118
0,5,95,cart,549.954,501.5210285714286,2345.75272140081
0,5,96,subset_min,279.435,347.9963376426229,4700.65701934574
0,5,81,subset_min,605.271,524.9850094342999,6445.840281115686
0,5,79,subset_min,400.908,507.9276345290378,11453.202174728814
0,5,183,subset_min,412.225,453.3853447950715,1694.1739836491668
0,5,248,subset_min,238.544,236.22215055397555,5.390984850004085
0,5,145,subset_min,228.932,222.5782682943193,40.36990658777219
0,5,239,subset_min,279.075,243.13455519293143,1291.7155729299413
0,5,85,subset_min,270.692,309.34372170851003,1493.955591032105
0,5,254,subset_min,47.272,69.51288016678973,494.65675059350076
0,5,3,subset_min,351.575,411.8488456055812,3632.9364640854387
0,5,257,subset_min,145.765,165.13700887007417,375.2747276622328
0,5,26,subset_min,308.859,313.41515240971927,20.758524780590882
0,5,234,subset_min,464.093,510.042571364515,2111.363108582658
0,5,143,subset_min,494.933,497.37508558823333,5.963782020256978
0,5,279,subset_min,338.163,310.578974290351,760.8784743505761
0,5,158,subset_min,353.281,368.4438524503794,229.91209443197585
0,5,66,subset_min,336.651,367.5277410942458,953.3731406010874
0,5,163,subset_min,303.742,313.91228144578673,103.43462468651349
0,5,76,subset_min,460.586,495.2420962780202,1201.0450092314045
0,5,237,subset_min,288.331,294.8534608281562,42.54249525483167
0,5,156,subset_min,317.157,256.0897233918772,3729.212272332978
0,5,146,subset_min,283.136,230.85990132154438,2732.7904930396317
0,5,193,subset_min,271.297,278.27022160900356,48.625819608273794
0,5,245,subset_min,535.272,496.97979210389946,1466.2931855581885
0,5,24,subset_min,437.653,427.48272225429673,103.43454942474756
0,5,281,subset_min,466.669,523.0797566100377,3182.1734613169197
0,5,59,subset_min,234.039,243.72910492539017,93.89813346507117
0,5,21,subset_min,316.871,326.58416711664205,94.3456154358168
0,5,188,subset_min,296.717,310.78516979577245,197.9134014026846
0,5,62,subset_min,317.619,332.5370496309888,222.54820479264436
0,5,86,subset_min,352.697,366.1039999579614,179.7476478727763
0,5,125,subset_min,360.028,336.6955599583862,544.4027582955047
0,5,101,subset_min,400.082,387.3705800240466,161.5801978050669
0,5,240,subset_min,489.073,430.7286843398845,3404.0591698471935
0,5,49,subset_min,481.042,474.4854941568486,42.98776887127843
0,5,58,subset_min,268.614,276.98541118819827,70.08052528189158
0,5,187,subset_min,428.773,406.15822831966466,511.4278981536985
0,5,169,subset_min,245.48,273.4086530364751,780.0096604318089
0,5,298,subset_min,293.887,311.0615159497213,294.9639981072312
0,5,268,subset_min,410.803,369.49061743298563,1706.7129533633527
0,5,207,subset_min,445.128,453.3853447950715,68.18374306469445
0,5,241,subset_min,447.454,427.28214559284544,406.90371022344124
0,5,56,subset_min,389.856,408.78137870283064,358.16995904555563
0,5,270,subset_min,377.08,333.23411441825743,1922.4616824472591
0,5,73,subset_min,391.098,368.206235324343,524.032889965657
0,5,263,subset_min,170.128,210.57293727507636,1635.792951184862
0,5,115,subset_min,296.802,266.3459546732854,927.5706969428952
0,5,287,subset_min,442.829,406.15822831966466,1344.745495631285
0,5,191,subset_min,436.463,392.7255033780853,1912.968610752001
0,5,104,subset_min,465.463,492.4806720664322,729.9546038892692
0,5,176,subset_min,409.854,422.106100710651,150.11397182393492
0,5,7,subset_min,237.352,225.85547381676702,132.17011428176164
0,5,69,subset_min,481.732,454.601006433888,736.0908118844113
0,5,127,subset_min,334.401,252.43479135012126,6718.459360435459
0,5,78,subset_min,375.612,368.4438524503794,51.38233929313241
0,5,120,subset_min,375.484,405.84784348033804,921.9629908984682
0,5,29,subset_min,302.033,334.12524606582133,1029.9122575492236
0,5,184,subset_min,351.269,423.4400097710048,5208.654651366467
0,5,289,subset_min,295.143,253.68926182526639,1718.4124086593647
0,5,95,subset_min,549.954,536.0860195863681,192.32088075287558
0,5,96,subset_1se,279.435,355.4388596495472,5776.586681628072
0,5,81,subset_1se,605.271,528.6307487562527,5873.728110704698
0,5,79,subset_1se,400.908,510.55677285664956,12022.853388969126
0,5,183,subset_1se,412.225,449.572336826113,1394.8235680031326
0,5,248,subset_1se,238.544,237.61451472677487,0.8639428731424131
0,5,145,subset_1se,228.932,212.45645620347858,271.44354339109503
0,5,239,subset_1se,279.075,244.0120231059785,1229.4123486706849
0,5,85,subset_1se,270.692,310.4896784005375,1583.8552060726097
0,5,254,subset_1se,47.272,55.31852864367784,64.74662321352791
0,5,3,subset_1se,351.575,409.93691424699546,3406.1130345736524
0,5,257,subset_1se,145.765,157.00252724928816,126.28201867849432
0,5,26,subset_1se,308.859,324.76476773417244,252.9934472134416
0,5,234,subset_1se,464.093,512.3650392459399,2330.18977296156
0,5,143,subset_1se,494.933,491.929589286824,9.020475912020256
0,5,279,subset_1se,338.163,307.82602223883595,920.332219681363
0,5,158,subset_1se,353.281,369.73873846139907,270.8571552638139
0,5,66,subset_1se,336.651,355.24757906742326,345.8327530109246
0,5,163,subset_1se,303.742,318.6775881668663,223.07179389023653
0,5,76,subset_1se,460.586,490.0875206274592,870.339719332399
0,5,237,subset_1se,288.331,301.34832045337555,169.45063178586898
0,5,156,subset_1se,317.157,269.1254944027568,2307.025529938006
0,5,146,subset_1se,283.136,237.04173719338638,2124.6810636851656
0,5,193,subset_1se,271.297,273.3045415580529,4.030223107309379
0,5,245,subset_1se,535.272,517.7966806022118,305.38678805471295
0,5,24,subset_1se,437.653,424.4021463273019,175.5851230552567
0,5,281,subset_1se,466.669,518.0715153924893,2642.218588675106
0,5,59,subset_1se,234.039,232.6953692540285,1.805343581519917
0,5,21,subset_1se,316.871,331.09003562754714,202.18097417745537
0,5,188,subset_1se,296.717,313.2517361636942,273.39750000297744
0,5,62,subset_1se,317.619,337.38635208363723,390.7482083984762
0,5,86,subset_1se,352.697,365.43267325441457,162.19737324321045
0,5,125,subset_1se,360.028,340.2591381289038,390.80789967848085
0,5,101,subset_1se,400.082,381.5931750098199,341.83664951750785
0,5,240,subset_1se,489.073,436.5947552085199,2753.9661763945032
0,5,49,subset_1se,481.042,477.34369308943343,13.677474004744253
0,5,58,subset_1se,268.614,282.01220294979845,179.51184228398853
0,5,187,subset_1se,428.773,401.13967370919386,763.6007218941593
0,5,169,subset_1se,245.48,289.87142332090485,1970.5984644557761
0,5,298,subset_1se,293.887,316.0126651991551,489.5450605051028
0,5,268,subset_1se,410.803,371.81310270987876,1520.2120906942032
0,5,207,subset_1se,445.128,449.572336826113,19.752129823944063
0,5,241,subset_1se,447.454,421.9926854452386,648.2785388565062
0,5,56,subset_1se,389.856,416.7395432522387,722.7248977949902
0,5,270,subset_1se,377.08,347.16392505991763,894.9715398206234
0,5,73,subset_1se,391.098,379.9637378390688,123.97179386834432
0,5,263,subset_1se,170.128,199.08740521890053,838.647150632484
0,5,115,subset_1se,296.802,269.83296111542836,727.3290583575382
0,5,287,subset_1se,442.829,401.13967370919386,1737.9999265813008
0,5,191,subset_1se,436.463,396.8406126814524,1569.9335768210035
0,5,104,subset_1se,465.463,496.2244743896571,946.2683066255267
0,5,176,subset_1se,409.854,419.0250341629429,84.10786761786635
0,5,7,subset_1se,237.352,220.17418824733585,295.0772166099668
0,5,69,subset_1se,481.732,464.252177087413,305.5442090554033
0,5,127,subset_1se,334.401,266.9818436014692,4545.342649489555
0,5,78,subset_1se,375.612,369.73873846139907,34.49520110080928
0,5,120,subset_1se,375.484,399.55871798661576,579.5920461350814
0,5,29,subset_1se,302.033,329.83799145927657,773.1175500504419
0,5,184,subset_1se,351.269,435.7924739178777,7144.217643146153
0,5,289,subset_1se,295.143,259.31262790534623,1283.8155644413414
0,5,95,subset_1se,549.954,535.9883169973087,195.0403017316581
0,5,96,adaptive_linear,279.435,347.9963376426229,4700.65701934574
0,5,81,adaptive_linear,605.271,524.9850094342999,6445.840281115686
0,5,79,adaptive_linear,400.908,507.9276345290378,11453.202174728814
0,5,183,adaptive_linear,412.225,453.3853447950715,1694.1739836491668
0,5,248,adaptive_linear,238.544,236.22215055397555,5.390984850004085
0,5,145,adaptive_linear,228.932,222.5782682943193,40.36990658777219
0,5,239,adaptive_linear,279.075,243.13455519293143,1291.7155729299413
0,5,85,adaptive_linear,270.692,309.34372170851003,1493.955591032105
0,5,254,adaptive_linear,47.272,69.51288016678973,494.65675059350076
0,5,3,adaptive_linear,351.575,411.8488456055812,3632.9364640854387
0,5,257,adaptive_linear,145.765,165.13700887007417,375.2747276622328
0,5,26,adaptive_linear,308.859,313.41515240971927,20.758524780590882
0,5,234,adaptive_linear,464.093,510.042571364515,2111.363108582658
0,5,143,adaptive_linear,494.933,497.37508558823333,5.963782020256978
0,5,279,adaptive_linear,338.163,310.578974290351,760.8784743505761
0,5,158,adaptive_linear,353.281,368.4438524503794,229.91209443197585
0,5,66,adaptive_linear,336.651,367.5277410942458,953.3731406010874
0,5,163,adaptive_linear,303.742,313.91228144578673,103.43462468651349
0,5,76,adaptive_linear,460.586,495.2420962780202,1201.0450092314045
0,5,237,adaptive_linear,288.331,294.8534608281562,42.54249525483167
0,5,156,adaptive_linear,317.157,256.0897233918772,3729.212272332978
0,5,146,adaptive_linear,283.136,230.85990132154438,2732.7904930396317
0,5,193,adaptive_linear,271.297,278.27022160900356,48.625819608273794
0,5,245,adaptive_linear,535.272,496.97979210389946,1466.2931855581885
0,5,24,adaptive_linear,437.653,427.48272225429673,103.43454942474756
0,5,281,adaptive_linear,466.669,523.0797566100377,3182.1734613169197
0,5,59,adaptive_linear,234.039,243.72910492539017,93.89813346507117
0,5,21,adaptive_linear,316.871,326.58416711664205,94.3456154358168
0,5,188,adaptive_linear,296.717,310.78516979577245,197.9134014026846
0,5,62,adaptive_linear,317.619,332.5370496309888,222.54820479264436
0,5,86,adaptive_linear,352.697,366.1039999579614,179.7476478727763
0,5,125,adaptive_linear,360.028,336.6955599583862,544.4027582955047
0,5,101,adaptive_linear,400.082,387.3705800240466,161.5801978050669
0,5,240,adaptive_linear,489.073,430.7286843398845,3404.0591698471935
0,5,49,adaptive_linear,481.042,474.4854941568486,42.98776887127843
0,5,58,adaptive_linear,268.614,276.98541118819827,70.08052528189158
0,5,187,adaptive_linear,428.773,406.15822831966466,511.4278981536985
0,5,169,adaptive_linear,245.48,273.4086530364751,780.0096604318089
0,5,298,adaptive_linear,293.887,311.0615159497213,294.9639981072312
0,5,268,adaptive_linear,410.803,369.49061743298563,1706.7129533633527
0,5,207,adaptive_linear,445.128,453.3853447950715,68.18374306469445
0,5,241,adaptive_linear,447.454,427.28214559284544,406.90371022344124
0,5,56,adaptive_linear,389.856,408.78137870283064,358.16995904555563
0,5,270,adaptive_linear,377.08,333.23411441825743,1922.4616824472591
0,5,73,adaptive_linear,391.098,368.206235324343,524.032889965657
0,5,263,adaptive_linear,170.128,210.57293727507636,1635.792951184862
0,5,115,adaptive_linear,296.802,266.3459546732854,927.5706969428952
0,5,287,adaptive_linear,442.829,406.15822831966466,1344.745495631285
0,5,191,adaptive_linear,436.463,392.7255033780853,1912.968610752001
0,5,104,adaptive_linear,465.463,492.4806720664322,729.9546038892692
0,5,176,adaptive_linear,409.854,422.106100710651,150.11397182393492
0,5,7,adaptive_linear,237.352,225.85547381676702,132.17011428176164
0,5,69,adaptive_linear,481.732,454.601006433888,736.0908118844113
0,5,127,adaptive_linear,334.401,252.43479135012126,6718.459360435459
0,5,78,adaptive_linear,375.612,368.4438524503794,51.38233929313241
0,5,120,adaptive_linear,375.484,405.84784348033804,921.9629908984682
0,5,29,adaptive_linear,302.033,334.12524606582133,1029.9122575492236
0,5,184,adaptive_linear,351.269,423.4400097710048,5208.654651366467
0,5,289,adaptive_linear,295.143,253.68926182526639,1718.4124086593647
0,5,95,adaptive_linear,549.954,536.0860195863681,192.32088075287558
42,1,261,ols_all,235.459,275.52203589713577,1605.0468452951886
42,1,293,ols_all,370.379,412.1287851667996,1743.0445614739197
42,1,61,ols_all,309.279,307.4358436324708,3.3972253951635025
42,1,253,ols_all,308.935,304.875984146963,16.47560969520577
42,1,166,ols_all,246.311,230.1524446144624,261.09891214748603
42,1,26,ols_all,308.859,320.5720514771517,137.19557490640648
42,1,127,ols_all,334.401,247.4060002746421,7568.129977215021
42,1,284,ols_all,386.48,366.3517277374433,405.14734427561024
42,1,19,ols_all,251.522,252.7814814305168,1.586293473816681
42,1,254,ols_all,47.272,73.08415674186494,666.267435666604
42,1,191,ols_all,436.463,397.53078155901244,1515.7176327367736
42,1,290,ols_all,286.009,297.292108663695,127.3085411167486
42,1,214,ols_all,271.25,267.01846903508635,17.905854307023006
42,1,46,ols_all,452.189,433.22603855191414,359.59390688159124
42,1,296,ols_all,561.485,588.5555549881294,732.8149473653376
42,1,193,ols_all,271.297,278.2971623202686,49.00227251010828
42,1,77,ols_all,275.759,319.2183285503272,1888.713238045285
42,1,51,ols_all,515.846,541.0476019118621,635.1207389239714
42,1,98,ols_all,308.471,350.43441857476705,1760.928498481104
42,1,184,ols_all,351.269,425.67756025018775,5536.63383850582
42,1,235,ols_all,435.946,420.13486532742695,249.99197963424248
42,1,297,ols_all,398.519,398.89131064456365,0.13861521605539337
42,1,234,ols_all,464.093,508.13429275282465,1939.6354673400033
42,1,273,ols_all,277.145,288.8060156950248,135.97928703961574
42,1,271,ols_all,335.279,348.44846471220376,173.43480080598013
42,1,281,ols_all,466.669,528.8296520624824,3863.946664833001
42,1,0,ols_all,494.666,506.67658655755054,144.2541894564137
42,1,64,ols_all,684.476,677.5819501653639,47.527923122446325
42,1,201,ols_all,240.086,199.92778116936938,1612.6825396488166
42,1,92,ols_all,423.841,431.0265679554748,51.63238684274582
42,1,146,ols_all,283.136,234.66394006054475,2349.540594774145
42,1,126,ols_all,376.944,317.6432765887464,3516.5757970980026
42,1,50,ols_all,693.382,603.8358833188615,8018.507012672056
42,1,256,ols_all,211.449,195.35245164324147,259.09886900146626
42,1,230,ols_all,373.927,372.93671595525007,0.9806624892863323
42,1,259,ols_all,246.634,240.8914394428059,32.97700175304121
42,1,198,ols_all,325.095,277.93677145755805,2223.898519261189
42,1,29,ols_all,302.033,335.14871439610283,1096.6505399642513
42,1,283,ols_all,310.66,350.1355752656516,1558.3210425541222
42,1,12,ols_all,452.888,422.43402099639184,927.4448371522054
42,1,3,ols_all,351.575,413.2163386129771,3799.6546259997026
42,1,101,ols_all,400.082,385.3388621626402,217.36011329138927
42,1,100,ols_all,494.493,459.60602011371,1217.1013655864044
42,1,68,ols_all,472.514,466.59032234371193,35.08995697560661
42,1,233,ols_all,385.977,402.3524597348139,268.15568152651275
42,1,2,ols_all,244.384,276.8760937700479,1055.7361575615848
42,1,274,ols_all,319.388,324.1841603171272,23.003153787585713
42,1,143,ols_all,494.933,499.31916203890864,19.238417431563295
42,1,269,ols_all,373.068,395.973431115259,524.6587745758767
42,1,149,ols_all,337.859,293.6196485950038,1957.1202127347367
42,1,25,ols_all,365.837,384.9429914536024,365.038909425129
42,1,80,ols_all,316.234,345.1121994644534,833.9504043087576
42,1,220,ols_all,275.048,230.1947297291415,2011.8158539906792
42,1,38,ols_all,347.959,330.1314677445919,317.8209063176173
42,1,96,ols_all,279.435,348.31285352661394,4744.158706433684
42,1,56,ols_all,389.856,406.9967420425721,293.80503776999973
42,1,75,ols_all,478.849,536.2889224403018,3299.3446899478877
42,1,24,ols_all,437.653,425.24656532385984,153.91962137333348
42,1,168,ols_all,260.578,252.79970873239085,60.50181504376429
42,1,238,ols_all,655.573,603.5358024056111,2707.8699334774724
42,1,261,ridge,235.459,275.8909469492356,1634.7423341058038
42,1,293,ridge,370.379,404.8072063756107,1185.3013942416392
42,1,61,ridge,309.279,310.9478769390099,2.785150237559119
42,1,253,ridge,308.935,306.0757686675849,8.175203812264265
42,1,166,ridge,246.311,240.66258092401523,31.904638057948713
42,1,26,ridge,308.859,325.7966112506653,286.88267487866466
42,1,127,ridge,334.401,249.92128879489277,7136.821605298321
42,1,284,ridge,386.48,367.06977814338285,376.7567125230989
42,1,19,ridge,251.522,255.36514520941523,14.769765100651313
42,1,254,ridge,47.272,79.51197874086216,1039.4162292112442
42,1,191,ridge,436.463,392.939888898306,1894.2611999704031
42,1,290,ridge,286.009,299.08991523551134,171.11034339863235
42,1,214,ridge,271.25,261.9097279640874,87.24068170485127
42,1,46,ridge,452.189,428.05108444324543,582.6389674250154
42,1,296,ridge,561.485,579.3402279024605,318.8091634488024
42,1,193,ridge,271.297,272.030197223749,0.5375781689131818
42,1,77,ridge,275.759,324.12583998821924,2339.3512104460024
42,1,51,ridge,515.846,528.573096708237,161.97899062081743
42,1,98,ridge,308.471,344.2593738769734,1280.8077047580337
42,1,184,ridge,351.269,424.356287057067,5341.751529362112
42,1,235,ridge,435.946,416.6432462768997,372.5963012946645
42,1,297,ridge,398.519,401.50876977136016,8.938723285738975
42,1,234,ridge,464.093,501.63903570971377,1409.7047975151
42,1,273,ridge,277.145,291.9566351162527,219.38453481701063
42,1,271,ridge,335.279,343.1575264075569,62.07117835457106
42,1,281,ridge,466.669,518.9931206691243,2737.813603797085
42,1,0,ridge,494.666,506.6039548515113,142.51476603672168
42,1,64,ridge,684.476,656.4474670133565,785.5986613833651
42,1,201,ridge,240.086,194.70559527554275,2059.3811329555433
42,1,92,ridge,423.841,408.45124941248696,236.84442314585823
42,1,146,ridge,283.136,235.6404361706637,2255.8285834665617
42,1,126,ridge,376.944,315.35522766395934,3793.1768778606493
42,1,50,ridge,693.382,584.5659235477469,11840.938494462573
42,1,256,ridge,211.449,199.34944247894603,146.39929220529396
42,1,230,ridge,373.927,370.2865513647082,13.252866266198064
42,1,259,ridge,246.634,237.53628181525886,82.76847616896937
42,1,198,ridge,325.095,283.2777983440084,1748.678354337871
42,1,29,ridge,302.033,335.0292159913498,1088.7502697478083
42,1,283,ridge,310.66,341.0426636577848,923.106250942074
42,1,12,ridge,452.888,417.4043154353371,1259.0918702844958
42,1,3,ridge,351.575,411.75154216945145,3621.2162274717707
42,1,101,ridge,400.082,381.40825801630416,348.7086396736444
42,1,100,ridge,494.493,461.0397875400088,1119.117423893312
42,1,68,ridge,472.514,461.7015165002223,116.9097994329656
42,1,233,ridge,385.977,408.0250508102079,486.116544529511
42,1,2,ridge,244.384,279.37328114795764,1224.249795250825
42,1,274,ridge,319.388,316.34510093582924,9.259234714731166
42,1,143,ridge,494.933,499.49690849432125,20.829260744537695
42,1,269,ridge,373.068,393.65173297021613,423.69006298916327
42,1,149,ridge,337.859,296.09197613310175,1744.4842826980462
42,1,25,ridge,365.837,383.2553097174603,303.3975134133725
42,1,80,ridge,316.234,339.9465952652952,562.2871742157
42,1,220,ridge,275.048,232.99161191460718,1768.7397787891716
42,1,38,ridge,347.959,340.631518473274,53.69198552451064
42,1,96,ridge,279.435,352.63531395289255,5358.285962802035
42,1,56,ridge,389.856,406.9729831734957,292.9911129617358
42,1,75,ridge,478.849,524.9201601928963,2122.5518015195166
42,1,24,ridge,437.653,423.39151620847167,203.38991993602582
42,1,168,ridge,260.578,255.16333561233458,29.318590431051888
42,1,238,ridge,655.573,591.390682974437,4119.369818769868
42,1,261,pls,235.459,275.5784219251261,1609.5680156062904
42,1,293,pls,370.379,412.0506601579356,1736.5272603184776
42,1,61,pls,309.279,307.70083256563095,2.4906124509029888
42,1,253,pls,308.935,304.8293765279375,16.85614409435069
42,1,166,pls,246.311,229.94622840413382,267.80574938486876
42,1,26,pls,308.859,320.63245821553414,138.61431835292888
42,1,127,pls,334.401,247.19405386653403,7605.051453925236
42,1,284,pls,386.48,366.3463035794035,405.36573155674006
42,1,19,pls,251.522,252.46380324639605,0.886993354922163
42,1,254,pls,47.272,73.00083956535485,661.9731853797693
42,1,191,pls,436.463,397.49777535957236,1518.2887312789912
42,1,290,pls,286.009,297.327249845671,128.10277956903172
42,1,214,pls,271.25,267.06726675256493,17.4952574191987
42,1,46,pls,452.189,433.1119354248791,363.9343928033333
42,1,296,pls,561.485,588.520379723846,730.9117568125407
42,1,193,pls,271.297,278.29945795622643,49.03441742871852
42,1,77,pls,275.759,319.3207003268362,1897.6217353650777
42,1,51,pls,515.846,541.0780350199715,636.655591249067
42,1,98,pls,308.471,350.4387143614971,1761.2890487282089
42,1,184,pls,351.269,425.65523332608467,5533.311708442709
42,1,235,pls,435.946,420.0496505725316,252.69392512017518
42,1,297,pls,398.519,398.86359462701733,0.1187454569692124
42,1,234,pls,464.093,508.12246844572394,1938.5940916129985
42,1,273,pls,277.145,288.91339704028775,138.49516889785386
42,1,271,pls,335.279,348.3879465706115,171.8444801911476
42,1,281,pls,466.669,528.8040646595298,3860.7662602439495
42,1,0,pls,494.666,506.80164330871594,147.273838516382
42,1,64,pls,684.476,677.6002915189893,47.27536711584312
42,1,201,pls,240.086,199.8598195930371,1618.145590133528
42,1,92,pls,423.841,430.71025693174965,47.186690794390564
42,1,146,pls,283.136,234.65964803486798,2349.956699847361
42,1,126,pls,376.944,317.8155144943244,3496.1777981948894
42,1,50,pls,693.382,603.8854801516163,8009.627064972125
42,1,256,pls,211.449,195.57195552398534,252.0805412933481
42,1,230,pls,373.927,373.0022593209338,0.855145323519903
42,1,259,pls,246.634,240.776516783084,34.31010963645255
42,1,198,pls,325.095,277.71774778118265,2244.604027805436
42,1,29,pls,302.033,335.0644290029318,1091.0753019757215
42,1,283,pls,310.66,349.83613584799747,1534.7696199807503
42,1,12,pls,452.888,422.29245310409647,936.0874898594309
42,1,3,pls,351.575,413.27692606158047,3807.1276797087444
42,1,101,pls,400.082,385.2753304512177,219.23746312683647
42,1,100,pls,494.493,459.70149786848833,1210.4486205669807
42,1,68,pls,472.514,466.5813283598057,35.1965927903659
42,1,233,pls,385.977,402.80913332653586,283.32071232227986
42,1,2,pls,244.384,276.8885687280976,1056.546988199621
42,1,274,pls,319.388,324.32897005737055,24.41318510783261
42,1,143,pls,494.933,499.3479740834799,19.491996157799477
42,1,269,pls,373.068,396.0205994888162,526.8218232940053
42,1,149,pls,337.859,293.4759699454984,1969.8533568187925
42,1,25,pls,365.837,384.8673156616573,362.1529141823196
42,1,80,pls,316.234,345.2592080980986,842.4627051379304
42,1,220,pls,275.048,229.95765852872225,2033.1388939964304
42,1,38,pls,347.959,330.1502027795227,317.1532584400796
42,1,96,pls,279.435,348.42433254648137,4759.528005208993
42,1,56,pls,389.856,407.031296922554,294.9908243778938
42,1,75,pls,478.849,536.2430690881392,3294.079166494101
42,1,24,pls,437.653,425.22238537500755,154.52017995507674
42,1,168,pls,260.578,252.82395573431359,60.12520247422397
42,1,238,pls,655.573,603.3408479230766,2728.197710586853
42,1,261,huber,235.459,276.06770596219735,1649.0669999242025
42,1,293,huber,370.379,402.71434481141824,1045.5745240733115
42,1,61,huber,309.279,314.0956881944949,23.200485162986826
42,1,253,huber,308.935,306.2144006215687,7.4016609779207885
42,1,166,huber,246.311,241.26532215014203,25.458864964547455
42,1,26,huber,308.859,327.5105917308842,347.8818740955881
42,1,127,huber,334.401,251.97362443801956,6794.272242035772
42,1,284,huber,386.48,367.2776890113144,368.72874730619617
42,1,19,huber,251.522,256.1350001889498,21.279770743250868
42,1,254,huber,47.272,79.05035108832777,1009.863597893023
42,1,191,huber,436.463,393.95820455683196,1806.6576356655605
42,1,290,huber,286.009,299.2100114196569,174.26670250191134
42,1,214,huber,271.25,262.0040989994155,85.48668531260991
42,1,46,huber,452.189,428.3212161021717,569.671108193432
42,1,296,huber,561.485,578.4521821263866,287.8852693099711
42,1,193,huber,271.297,270.8523844907666,0.19768295105088912
42,1,77,huber,275.759,324.87641075714697,2412.5200394862954
42,1,51,huber,515.846,528.248803352076,153.82953099026852
42,1,98,huber,308.471,341.5639257360836,1095.1417337739442
42,1,184,huber,351.269,426.8681066167169,5715.224921245726
42,1,235,huber,435.946,414.3292449151689,467.28410039757296
42,1,297,huber,398.519,402.6805387230635,17.318404543556756
42,1,234,huber,464.093,501.26377618682955,1381.666602331373
42,1,273,huber,277.145,293.42345796519317,264.9881937245614
42,1,271,huber,335.279,343.42918228830933,66.42547133267124
42,1,281,huber,466.669,516.9315974633114,2526.3287037588784
42,1,0,huber,494.666,509.2731620196421,213.36918226807435
42,1,64,huber,684.476,654.6921695423572,887.0765567296113
42,1,201,huber,240.086,193.23809633324203,2194.7260779698363
42,1,92,huber,423.841,408.0687553912676,248.76369999768895
42,1,146,huber,283.136,236.34615379182645,2189.289708184535
42,1,126,huber,376.944,314.3992770487482,3911.8423690488435
42,1,50,huber,693.382,581.6881274863304,12475.521157099874
42,1,256,huber,211.449,199.75638009508782,136.7173602407488
42,1,230,huber,373.927,371.0010934601374,8.560929080010952
42,1,259,huber,246.634,234.9938447888381,135.49321333993947
42,1,198,huber,325.095,283.57524999700047,1723.8896403115818
42,1,29,huber,302.033,334.31437539616104,1042.0871974678703
42,1,283,huber,310.66,337.9487785363621,744.6774340066162
42,1,12,huber,452.888,415.0988111944649,1428.0227905803797
42,1,3,huber,351.575,412.25871200650045,3682.512902887888
42,1,101,huber,400.082,380.1587936019994,396.9341531773327
42,1,100,huber,494.493,462.39823424101905,1030.0739891238554
42,1,68,huber,472.514,462.94054751528404,91.65099247711441
42,1,233,huber,385.977,412.441318935345,700.3601767116617
42,1,2,huber,244.384,280.42018736017985,1298.606799457987
42,1,274,huber,319.388,315.98572608297627,11.575467806459832
42,1,143,huber,494.933,498.71759081602204,14.323127644718417
42,1,269,huber,373.068,393.2918784074525,409.00525783942356
42,1,149,huber,337.859,297.24793002603,1649.2590044306846
42,1,25,huber,365.837,383.5031279683714,312.09207739487516
42,1,80,huber,316.234,339.7451527380327,552.7743030711028
42,1,220,huber,275.048,232.8856680682585,1777.6622339223493
42,1,38,huber,347.959,343.02849909798385,24.30983914478206
42,1,96,huber,279.435,354.9654898813737,5704.854901720292
42,1,56,huber,389.856,408.02129474968416,329.9779333429031
42,1,75,huber,478.849,523.0300522214875,1951.965375397806
42,1,24,huber,437.653,423.2026575441612,208.81239709101837
42,1,168,huber,260.578,255.75648071727923,23.24704819364795
42,1,238,huber,655.573,591.7718322355308,4070.5890081099365
42,1,261,cart,235.459,240.2232,22.69760163999989
42,1,293,cart,370.379,427.7563333333333,3292.1583804444404
42,1,61,cart,309.279,317.4244,66.34754115999992
42,1,253,cart,308.935,266.153625,1830.2460468906272
42,1,166,cart,246.311,228.15314285714288,329.7077760204075
42,1,26,cart,308.859,266.153625,1823.7490538906254
42,1,127,cart,334.401,269.19100000000003,4252.3440999999975
42,1,284,cart,386.48,387.4578,0.9560928400000039
42,1,19,cart,251.522,310.5969999999999,3489.855624999992
42,1,254,cart,47.272,153.8951111111111,11368.487823012347
42,1,191,cart,436.463,410.7738888888889,659.9304296790126
42,1,290,cart,286.009,266.153625,394.23591639062647
42,1,214,cart,271.25,240.2232,962.6623182400006
42,1,46,cart,452.189,410.7738888888889,1715.2114283456795
42,1,296,cart,561.485,503.54590909090916,3356.9382553718942
42,1,193,cart,271.297,289.40349999999995,327.8453422499973
42,1,77,cart,275.759,266.153625,92.26322889062573
42,1,51,cart,515.846,560.6883750000001,2010.8385956406305
42,1,98,cart,308.471,266.153625,1790.7602268906273
42,1,184,cart,351.269,453.5941999999999,10470.446555039976
42,1,235,cart,435.946,370.76649999999995,4248.36722025001
42,1,297,cart,398.519,427.7563333333333,854.8216604444431
42,1,234,cart,464.093,503.54590909090916,1556.5320357355415
42,1,273,cart,277.145,317.4244,1622.4300643600009
42,1,271,cart,335.279,362.27399999999994,728.7300249999972
42,1,281,cart,466.669,503.54590909090916,1359.9064240991802
42,1,0,cart,494.666,503.54590909090916,78.85278546281126
42,1,64,cart,684.476,560.6883750000001,15323.376103140608
42,1,201,cart,240.086,226.1615,193.89170025000064
42,1,92,cart,423.841,269.19100000000003,23916.622499999994
42,1,146,cart,283.136,289.40349999999995,39.281556249999085
42,1,126,cart,376.944,317.1406,3576.446651560001
42,1,50,cart,693.382,503.54590909090916,36037.74141164458
42,1,256,cart,211.449,267.7432,3169.036953639999
42,1,230,cart,373.927,410.7738888888889,1357.6932207901232
42,1,259,cart,246.634,371.85540000000003,15680.399017960011
42,1,198,cart,325.095,242.61575000000002,6802.826680562502
42,1,29,cart,302.033,266.153625,1287.3295503906277
42,1,283,cart,310.66,387.4578,5897.90208484
42,1,12,cart,452.888,370.76649999999995,6743.940762250004
42,1,3,cart,351.575,427.7563333333333,5803.595548444444
42,1,101,cart,400.082,410.7738888888889,114.31648801234616
42,1,100,cart,494.493,469.1188,643.8500256399986
42,1,68,cart,472.514,484.7298333333333,149.22658402777714
42,1,233,cart,385.977,410.7738888888889,614.8856985679032
42,1,2,cart,244.384,266.153625,473.9165726406246
42,1,274,cart,319.388,284.9354,1186.9816467599974
42,1,143,cart,494.933,535.9428,1681.8036960400034
42,1,269,cart,373.068,427.7563333333333,2990.8138027777777
42,1,149,cart,337.859,284.9354,2800.907436959996
42,1,25,cart,365.837,410.7738888888889,2019.3239830123482
42,1,80,cart,316.234,321.6872222222222,29.73763260493828
42,1,220,cart,275.048,242.61575000000002,1051.850840062499
42,1,38,cart,347.959,266.153625,6692.119378890629
42,1,96,cart,279.435,387.4578,11668.925319840004
42,1,56,cart,389.856,397.0772857142857,52.14696736734713
42,1,75,cart,478.849,503.54590909090916,609.9373186446321
42,1,24,cart,437.653,427.7563333333333,97.94401111111185
42,1,168,cart,260.578,240.2232,414.3178830399993
42,1,238,cart,655.573,503.54590909090916,23112.236370280963
42,1,261,subset_min,235.459,276.34919851626364,1672.008334699449
42,1,293,subset_min,370.379,412.8106483472133,1800.444781461569
42,1,61,subset_min,309.279,309.2682115123902,0.00011639146490622124
42,1,253,subset_min,308.935,305.8657449174389,9.420326761827054
42,1,166,subset_min,246.311,227.70168106124777,346.30675136420274
42,1,26,subset_min,308.859,321.80161564467704,167.51129972583945
42,1,127,subset_min,334.401,249.361098676584,7231.784817096333
42,1,284,subset_min,386.48,365.64789843056917,433.97645579908317
42,1,19,subset_min,251.522,254.31798731053186,7.817545040655244
42,1,254,subset_min,47.272,70.12663126204595,522.334170124088
42,1,191,subset_min,436.463,399.3640136304812,1376.3347896457415
42,1,290,subset_min,286.009,297.7968700577528,138.95388049846494
42,1,214,subset_min,271.25,273.0785141413212,3.3434639650115803
42,1,46,subset_min,452.189,434.5888338694897,309.765847821563
42,1,296,subset_min,561.485,588.115297999484,709.1727715413223
42,1,193,subset_min,271.297,282.7256133064094,130.61320210743742
42,1,77,subset_min,275.759,316.9656235310314,1697.985822828148
42,1,51,subset_min,515.846,545.5298092360374,881.1285307614595
42,1,98,subset_min,308.471,351.33258927796777,1837.1158354332015
42,1,184,subset_min,351.269,428.03404583827154,5892.872262551929
42,1,235,subset_min,435.946,418.80181016279744,293.9232451740405
42,1,297,subset_min,398.519,397.9991870887027,0.27020546275139756
42,1,234,subset_min,464.093,508.399467364869,1963.0630503542
42,1,273,subset_min,277.145,288.3161559404044,124.79472504483356
42,1,271,subset_min,335.279,353.26367900390426,323.44867887347476
42,1,281,subset_min,466.669,528.8472304293898,3866.132339330299
42,1,0,subset_min,494.666,506.6957264946621,144.71431953637529
42,1,64,subset_min,684.476,679.8063190996708,21.8059197108997
42,1,201,subset_min,240.086,204.39831245682564,1273.6110421792437
42,1,92,subset_min,423.841,437.85283069863857,196.33139952731
42,1,146,subset_min,283.136,237.70046942298939,2064.3874388144686
42,1,126,subset_min,376.944,320.1532748703166,3225.186460755258
42,1,50,subset_min,693.382,606.9196899635051,7475.731056846957
42,1,256,subset_min,211.449,194.35466036528962,292.2164475468307
42,1,230,subset_min,373.927,374.94994747236433,1.0464215312165266
42,1,259,subset_min,246.634,242.3396075002668,18.441806941764693
42,1,198,subset_min,325.095,274.2359239103379,2586.6456206940447
42,1,29,subset_min,302.033,337.0296591549378,1224.766152006891
42,1,283,subset_min,310.66,352.24165845387046,1729.0343197743343
42,1,12,subset_min,452.888,421.80444288059243,966.1875231954714
42,1,3,subset_min,351.575,413.33549345818585,3814.358552198619
42,1,101,subset_min,400.082,384.1790562095971,252.90362120071418
42,1,100,subset_min,494.493,458.8671603030795,1269.200454110675
42,1,68,subset_min,472.514,467.7816724940963,22.39492362313271
42,1,233,subset_min,385.977,398.9636847708083,168.65398133634486
42,1,2,subset_min,244.384,278.27023023573975,1148.2765995895634
42,1,274,subset_min,319.388,327.9139949802567,72.69259040336266
42,1,143,subset_min,494.933,494.94328273450304,0.00010573462886022533
42,1,269,subset_min,373.068,395.96991805055035,524.4978503941246
42,1,149,subset_min,337.859,294.4071675091031,1888.0617468169628
42,1,25,subset_min,365.837,385.15904071580303,373.3412574231505
42,1,80,subset_min,316.234,347.09570628757155,952.4449149803343
42,1,220,subset_min,275.048,222.97565917962493,2711.5286785133003
42,1,38,subset_min,347.959,326.88392305017845,444.15886844089965
42,1,96,subset_min,279.435,347.5337715769585,4637.442690290769
42,1,56,subset_min,389.856,406.66097785490996,282.4072807040143
42,1,75,subset_min,478.849,537.683438007755,3461.491095688361
42,1,24,subset_min,437.653,424.98705204181596,160.42623767942703
42,1,168,subset_min,260.578,254.74225021375722,34.055975567632395
42,1,238,subset_min,655.573,604.5643679204803,2601.880546623802
42,1,261,subset_1se,235.459,273.4070099747115,1440.0514610408043
42,1,293,subset_1se,370.379,406.35639384791506,1294.372868087995
42,1,61,subset_1se,309.279,313.38476938926885,16.857342277857168
42,1,253,subset_1se,308.935,302.84502707319785,37.087770249183116
42,1,166,subset_1se,246.311,221.95689090551915,593.1226297858755
42,1,26,subset_1se,308.859,322.569555869515,187.97934225109276
42,1,127,subset_1se,334.401,246.0368575605915,7808.221669052076
42,1,284,subset_1se,386.48,365.11973014218336,456.261128398751
42,1,19,subset_1se,251.522,248.58201038773723,8.643538920212956
42,1,254,subset_1se,47.272,72.1738021958667,620.0997526020716
42,1,191,subset_1se,436.463,396.5045489911679,1596.6778070252374
42,1,290,subset_1se,286.009,294.38033390209097,70.07923130029734
42,1,214,subset_1se,271.25,269.69295979643226,2.4243741955262617
42,1,46,subset_1se,452.189,435.2966707652594,285.35078697487194
42,1,296,subset_1se,561.485,585.9795050957841,599.9807798873942
42,1,193,subset_1se,271.297,277.873604419141,43.25172568586426
42,1,77,subset_1se,275.759,319.2313747321659,1889.8473648538527
42,1,51,subset_1se,515.846,546.0998919124896,915.2979758526048
42,1,98,subset_1se,308.471,352.4565615087349,1934.7296212387027
42,1,184,subset_1se,351.269,436.29519595452143,7229.453998496676
42,1,235,subset_1se,435.946,412.2060546603542,563.5850047293717
42,1,297,subset_1se,398.519,397.20744713771643,1.720170910564243
42,1,234,subset_1se,464.093,508.1101393555149,1937.5085570428162
42,1,273,subset_1se,277.145,289.6542696916595,156.48182821867198
42,1,271,subset_1se,335.279,351.33725585257554,257.86758102677663
42,1,281,subset_1se,466.669,522.4222588482276,3108.425872197466
42,1,0,subset_1se,494.666,513.2687365886211,346.06180858562215
42,1,64,subset_1se,684.476,680.9368318177646,12.525711422147126
42,1,201,subset_1se,240.086,201.93833161294333,1455.2446033688439
42,1,92,subset_1se,423.841,435.84250889843304,144.03621583916723
42,1,146,subset_1se,283.136,236.27663273348406,2195.8003006182275
42,1,126,subset_1se,376.944,314.50159035068896,3899.054522812375
42,1,50,subset_1se,693.382,603.7625444697761,8031.646809533767
42,1,256,subset_1se,211.449,197.37556387689511,198.06160431111383
42,1,230,subset_1se,373.927,374.33091794560954,0.16314970678541613
42,1,259,subset_1se,246.634,239.33726035803033,53.24240940269139
42,1,198,subset_1se,325.095,269.06186282677146,3139.712461473849
42,1,29,subset_1se,302.033,336.67878542782034,1200.3304479105675
42,1,283,subset_1se,310.66,347.26752191542715,1340.1106607884774
42,1,12,subset_1se,452.888,415.2148859128444,1419.2635250238393
42,1,3,subset_1se,351.575,415.91578659522054,4139.736819691712
42,1,101,subset_1se,400.082,383.9438993391448,260.43829293989415
42,1,100,subset_1se,494.493,461.9495175532774,1059.0782497601406
42,1,68,subset_1se,472.514,468.73341472216345,14.292825042994576
42,1,233,subset_1se,385.977,425.06609380986487,1527.957254876418
42,1,2,subset_1se,244.384,278.91111079119094,1192.1213795871745
42,1,274,subset_1se,319.388,324.568924665965,26.841980394405077
42,1,143,subset_1se,494.933,492.355428196009,6.6438764047295225
42,1,269,subset_1se,373.068,392.95684710407187,395.56623912914864
42,1,149,subset_1se,337.859,292.5438115899852,2053.4663006351393
42,1,25,subset_1se,365.837,384.4622358319143,346.89940979442525
42,1,80,subset_1se,316.234,344.0151234265953,771.7908188437245
42,1,220,subset_1se,275.048,217.9000401151879,3265.889318996094
42,1,38,subset_1se,347.959,338.8579143258333,82.82976044852253
42,1,96,subset_1se,279.435,353.61577403866005,5502.78723697474
42,1,56,subset_1se,389.856,409.0656461772032,369.01050625333687
42,1,75,subset_1se,478.849,530.8892663206625,2708.189318725481
42,1,24,subset_1se,437.653,423.657256000481,195.8808501000719
42,1,168,subset_1se,260.578,254.06715520226766,42.39109998015799
42,1,238,subset_1se,655.573,615.0475360814469,1642.3132258139492
42,1,261,adaptive_linear,235.459,276.34919851626364,1672.008334699449
42,1,293,adaptive_linear,370.379,412.8106483472133,1800.444781461569
42,1,61,adaptive_linear,309.279,309.2682115123902,0.00011639146490622124
42,1,253,adaptive_linear,308.935,305.8657449174389,9.420326761827054
42,1,166,adaptive_linear,246.311,227.70168106124777,346.30675136420274
42,1,26,adaptive_linear,308.859,321.80161564467704,167.51129972583945
42,1,127,adaptive_linear,334.401,249.361098676584,7231.784817096333
42,1,284,adaptive_linear,386.48,365.64789843056917,433.97645579908317
42,1,19,adaptive_linear,251.522,254.31798731053186,7.817545040655244
42,1,254,adaptive_linear,47.272,70.12663126204595,522.334170124088
42,1,191,adaptive_linear,436.463,399.3640136304812,1376.3347896457415
42,1,290,adaptive_linear,286.009,297.7968700577528,138.95388049846494
42,1,214,adaptive_linear,271.25,273.0785141413212,3.3434639650115803
42,1,46,adaptive_linear,452.189,434.5888338694897,309.765847821563
42,1,296,adaptive_linear,561.485,588.115297999484,709.1727715413223
42,1,193,adaptive_linear,271.297,282.7256133064094,130.61320210743742
42,1,77,adaptive_linear,275.759,316.9656235310314,1697.985822828148
42,1,51,adaptive_linear,515.846,545.5298092360374,881.1285307614595
42,1,98,adaptive_linear,308.471,351.33258927796777,1837.1158354332015
42,1,184,adaptive_linear,351.269,428.03404583827154,5892.872262551929
42,1,235,adaptive_linear,435.946,418.80181016279744,293.9232451740405
42,1,297,adaptive_linear,398.519,397.9991870887027,0.27020546275139756
42,1,234,adaptive_linear,464.093,508.399467364869,1963.0630503542
42,1,273,adaptive_linear,277.145,288.3161559404044,124.79472504483356
42,1,271,adaptive_linear,335.279,353.26367900390426,323.44867887347476
42,1,281,adaptive_linear,466.669,528.8472304293898,3866.132339330299
42,1,0,adaptive_linear,494.666,506.6957264946621,144.71431953637529
42,1,64,adaptive_linear,684.476,679.8063190996708,21.8059197108997
42,1,201,adaptive_linear,240.086,204.39831245682564,1273.6110421792437
42,1,92,adaptive_linear,423.841,437.85283069863857,196.33139952731
42,1,146,adaptive_linear,283.136,237.70046942298939,2064.3874388144686
42,1,126,adaptive_linear,376.944,320.1532748703166,3225.186460755258
42,1,50,adaptive_linear,693.382,606.9196899635051,7475.731056846957
42,1,256,adaptive_linear,211.449,194.35466036528962,292.2164475468307
42,1,230,adaptive_linear,373.927,374.94994747236433,1.0464215312165266
42,1,259,adaptive_linear,246.634,242.3396075002668,18.441806941764693
42,1,198,adaptive_linear,325.095,274.2359239103379,2586.6456206940447
42,1,29,adaptive_linear,302.033,337.0296591549378,1224.766152006891
42,1,283,adaptive_linear,310.66,352.24165845387046,1729.0343197743343
42,1,12,adaptive_linear,452.888,421.80444288059243,966.1875231954714
42,1,3,adaptive_linear,351.575,413.33549345818585,3814.358552198619
42,1,101,adaptive_linear,400.082,384.1790562095971,252.90362120071418
42,1,100,adaptive_linear,494.493,458.8671603030795,1269.200454110675
42,1,68,adaptive_linear,472.514,467.7816724940963,22.39492362313271
42,1,233,adaptive_linear,385.977,398.9636847708083,168.65398133634486
42,1,2,adaptive_linear,244.384,278.27023023573975,1148.2765995895634
42,1,274,adaptive_linear,319.388,327.9139949802567,72.69259040336266
42,1,143,adaptive_linear,494.933,494.94328273450304,0.00010573462886022533
42,1,269,adaptive_linear,373.068,395.96991805055035,524.4978503941246
42,1,149,adaptive_linear,337.859,294.4071675091031,1888.0617468169628
42,1,25,adaptive_linear,365.837,385.15904071580303,373.3412574231505
42,1,80,adaptive_linear,316.234,347.09570628757155,952.4449149803343
42,1,220,adaptive_linear,275.048,222.97565917962493,2711.5286785133003
42,1,38,adaptive_linear,347.959,326.88392305017845,444.15886844089965
42,1,96,adaptive_linear,279.435,347.5337715769585,4637.442690290769
42,1,56,adaptive_linear,389.856,406.66097785490996,282.4072807040143
42,1,75,adaptive_linear,478.849,537.683438007755,3461.491095688361
42,1,24,adaptive_linear,437.653,424.98705204181596,160.42623767942703
42,1,168,adaptive_linear,260.578,254.74225021375722,34.055975567632395
42,1,238,adaptive_linear,655.573,604.5643679204803,2601.880546623802
42,2,40,ols_all,512.399,486.5980275338786,665.6901801975536
42,2,221,ols_all,449.974,479.1678356361542,852.2800391507889
42,2,172,ols_all,385.629,422.4163110623474,1353.3062551979062
42,2,280,ols_all,321.44,314.23005355030705,51.98332780743998
42,2,82,ols_all,359.388,332.1306141835564,742.9650815464585
42,2,152,ols_all,299.292,325.49372385883817,686.5303331748106
42,2,196,ols_all,495.64,492.30530884353834,11.120165108983501
42,2,95,ols_all,549.954,542.3437087332456,57.91653316483681
42,2,104,ols_all,465.463,489.90078372400717,597.2052733413486
42,2,232,ols_all,444.205,413.3140940233045,954.2480720610404
42,2,148,ols_all,311.748,322.7826039834674,121.76248507195537
42,2,258,ols_all,234.616,301.9423243933418,4532.833956317486
42,2,134,ols_all,92.565,144.76781908947737,2725.1343208887033
42,2,299,ols_all,255.57,256.7666327063223,1.4319298338402433
42,2,89,ols_all,678.555,683.7891786768098,27.396626420770883
42,2,70,ols_all,385.195,362.58239809667543,511.3297648382375
42,2,205,ols_all,394.063,366.0873077388071,782.639357492967
42,2,189,ols_all,282.527,301.6990266655596,367.5666064649283
42,2,54,ols_all,429.049,462.3229492079047,1107.1556958902222
42,2,298,ols_all,293.887,309.60832831627545,247.16016402812417
42,2,62,ols_all,317.619,334.2311660745097,275.9640616870901
42,2,138,ols_all,154.41,177.39358256087826,528.2450673327073
42,2,249,ols_all,281.294,263.7372250479914,308.2403467154764
42,2,286,ols_all,433.013,427.63600492687397,28.912076016421395
42,2,150,ols_all,295.719,266.23695970681524,869.1906998489693
42,2,266,ols_all,430.138,430.0410948596025,0.009390606235458386
42,2,118,ols_all,437.164,477.8065718232899,1651.8186444112803
42,2,30,ols_all,192.327,191.52189678322634,0.6481911896592939
42,2,159,ols_all,560.46,557.9539475181489,6.280299041792342
42,2,246,ols_all,459.143,516.9553349631708,3342.266073893864
42,2,202,ols_all,355.341,333.01948473625544,498.25004366958194
42,2,47,ols_all,538.021,508.9355838778281,845.961430999895
42,2,192,ols_all,271.658,239.0834502544344,1061.1012911263283
42,2,144,ols_all,233.438,254.4812714241566,442.81927223072637
42,2,58,ols_all,268.614,277.61404296312503,81.0007733380968
42,2,7,ols_all,237.352,225.43981605949352,141.9001262324605
42,2,27,ols_all,368.838,392.4702799797594,558.4846570417371
42,2,255,ols_all,265.57,281.4328086961848,251.62869973175611
42,2,153,ols_all,572.763,535.4306282627474,1393.7059795284188
42,2,60,ols_all,427.584,408.76107875720777,354.3023641123591
42,2,84,ols_all,449.319,408.2092491380529,1690.0116159313632
42,2,115,ols_all,296.802,276.727292748021,402.99387125265906
42,2,285,ols_all,416.209,423.15566707673975,48.25618347505989
42,2,203,ols_all,418.3,448.6190518044034,919.2449023180963
42,2,132,ols_all,446.917,416.86196646661824,903.3050406927003
42,2,135,ols_all,557.15,529.9960905981104,737.3347958060265
42,2,164,ols_all,375.949,409.6530185831077,1135.9608686504698
42,2,171,ols_all,451.066,427.212081092616,569.0094472400498
42,2,37,ols_all,493.864,493.4047762477146,0.21088645466305297
42,2,217,ols_all,434.0,404.4209857001308,874.9180869518658
42,2,267,ols_all,480.301,490.48566802600976,103.72746280002583
42,2,216,ols_all,304.756,318.30079230035403,183.46139845973065
42,2,178,ols_all,297.521,293.00847558135956,20.362876628826356
42,2,188,ols_all,296.717,308.71884757226303,144.04434514783637
42,2,213,ols_all,403.258,408.6947528583653,29.558281642943367
42,2,20,ols_all,369.841,410.838983037959,1680.834613180773
42,2,262,ols_all,291.598,318.4993636016477,723.6833636280551
42,2,107,ols_all,297.778,286.89783592417325,118.37797031691139
42,2,242,ols_all,235.366,252.54091640796946,294.97775362073816
42,2,156,ols_all,317.157,258.5004687275357,3440.5886609175814
42,2,40,ridge,512.399,487.2344750425667,633.2533163332828
42,2,221,ridge,449.974,480.2336225630022,915.6447576553525
42,2,172,ridge,385.629,423.1729227722746,1409.546137130518
42,2,280,ridge,321.44,313.9303858189226,56.39430514863851
42,2,82,ridge,359.388,335.83342501791054,554.8180025868735
42,2,152,ridge,299.292,331.77752800629304,1055.3095298476512
42,2,196,ridge,495.64,491.0597405149951,20.978776949977238
42,2,95,ridge,549.954,541.5132708715049,71.24590822062457
42,2,104,ridge,465.463,488.1442418159585,514.4387303139825
42,2,232,ridge,444.205,413.84542586113366,921.7037418933207
42,2,148,ridge,311.748,331.7614341835218,400.5375478181604
42,2,258,ridge,234.616,302.50941946077853,4609.5164060772195
42,2,134,ridge,92.565,146.2249476879879,2879.389985877599
42,2,299,ridge,255.57,257.918665804243,5.516231060020475
42,2,89,ridge,678.555,672.9618102427927,31.28377166012816
42,2,70,ridge,385.195,364.916303368121,411.22553708777957
42,2,205,ridge,394.063,364.5329032515691,872.026613971688
42,2,189,ridge,282.527,301.3769198473072,355.3194782499061
42,2,54,ridge,429.049,463.7413063582417,1203.556120454097
42,2,298,ridge,293.887,308.1206328305733,202.59630355557405
42,2,62,ridge,317.619,333.15763214981365,241.44908908722152
42,2,138,ridge,154.41,181.91874411670568,756.7310028783896
42,2,249,ridge,281.294,264.54054081566085,280.6783946413173
42,2,286,ridge,433.013,424.84015279260734,66.7954314753856
42,2,150,ridge,295.719,270.68054464552336,626.9242465381199
42,2,266,ridge,430.138,428.43052870568573,2.915458220907166
42,2,118,ridge,437.164,477.3045930431869,1611.2672098587466
42,2,30,ridge,192.327,189.08252271414943,10.526632858400244
42,2,159,ridge,560.46,557.4185119833688,9.250649355311227
42,2,246,ridge,459.143,522.3054223668692,3989.491599250776
42,2,202,ridge,355.341,334.164732391816,448.43430981342254
42,2,47,ridge,538.021,509.4544789315531,816.0461259540167
42,2,192,ridge,271.658,244.2898633862519,749.0149017087797
42,2,144,ridge,233.438,260.91725992757347,755.1097261671457
42,2,58,ridge,268.614,275.8730511923526,52.693824213195924
42,2,7,ridge,237.352,226.12518273011347,126.04142601142263
42,2,27,ridge,368.838,390.7394807404071,479.67485862242165
42,2,255,ridge,265.57,278.0241304760304,155.1053659139892
42,2,153,ridge,572.763,533.1780117109383,1566.9712978451519
42,2,60,ridge,427.584,406.7885846625502,432.4492990570428
42,2,84,ridge,449.319,408.5729557949248,1660.2401183619452
42,2,115,ridge,296.802,282.56278718104295,202.7551817035514
42,2,285,ridge,416.209,422.41069573816634,38.461030028790496
42,2,203,ridge,418.3,446.6671890151004,804.6974126184324
42,2,132,ridge,446.917,416.7348838771158,910.9601336552644
42,2,135,ridge,557.15,528.6722075203996,810.9846645111817
42,2,164,ridge,375.949,409.0096048924689,1093.0035958559358
42,2,171,ridge,451.066,426.620166331114,597.5987837668401
42,2,37,ridge,493.864,486.2669254767265,57.71554131217093
42,2,217,ridge,434.0,402.49955436251605,992.2780753600815
42,2,267,ridge,480.301,486.9065988719918,43.63393645765918
42,2,216,ridge,304.756,320.47921290688544,247.21942411524967
42,2,178,ridge,297.521,290.509314673866,49.16373111272286
42,2,188,ridge,296.717,312.0225941181754,234.2612113103256
42,2,213,ridge,403.258,402.4252058389576,0.6935461146662921
42,2,20,ridge,369.841,409.2762510587048,1555.1390260630785
42,2,262,ridge,291.598,319.98598123555644,805.8774786303036
42,2,107,ridge,297.778,286.0194248962606,138.26408847028046
42,2,242,ridge,235.366,253.83649641175944,341.15923769681785
42,2,156,ridge,317.157,261.54498549855174,3092.6961569092896
42,2,40,pls,512.399,486.72004706275493,659.4086239532473
42,2,221,pls,449.974,479.46996460387174,870.0119279128554
42,2,172,pls,385.629,422.63097154428635,1369.1458981641756
42,2,280,pls,321.44,314.15756033279126,53.033927506535264
42,2,82,pls,359.388,331.8963045111891,755.7933208495043
42,2,152,pls,299.292,325.19152265021523,670.7852735090133
42,2,196,pls,495.64,493.1501517920519,6.1993440986224355
42,2,95,pls,549.954,541.9889047967845,63.442741596286076
42,2,104,pls,465.463,489.1790756910305,562.452246182687
42,2,232,pls,444.205,414.10892031158124,905.7740126116511
42,2,148,pls,311.748,321.0681670378614,86.86551361363779
42,2,258,pls,234.616,302.9295390071238,4666.739611677826
42,2,134,pls,92.565,144.6869195050928,2716.694492895372
42,2,299,pls,255.57,256.3259956163073,0.5715293718758582
42,2,89,pls,678.555,683.9227122131265,28.812334402947794
42,2,70,pls,385.195,361.9874584158915,538.5899863781239
42,2,205,pls,394.063,365.5961599722852,810.3609811635052
42,2,189,pls,282.527,301.31179952291143,352.86869311597394
42,2,54,pls,429.049,461.67359318561415,1064.3640805268228
42,2,298,pls,293.887,308.9584383395465,227.14825362275184
42,2,62,pls,317.619,333.6171128140362,255.9396136106285
42,2,138,pls,154.41,177.5927674859498,537.440708307611
42,2,249,pls,281.294,262.516550618963,352.5926052574069
42,2,286,pls,433.013,428.3009182797948,22.203714137891644
42,2,150,pls,295.719,265.9227623674201,887.8157770571709
42,2,266,pls,430.138,428.8689244324459,1.6105527961626813
42,2,118,pls,437.164,478.7417371306237,1728.7082249032437
42,2,30,pls,192.327,190.72318326865772,2.572228107733427
42,2,159,pls,560.46,555.4260770316359,25.340380451423584
42,2,246,pls,459.143,517.1733505073281,3367.521580003359
42,2,202,pls,355.341,333.79309053839705,464.3124021654382
42,2,47,pls,538.021,508.9903290649622,842.7798549384446
42,2,192,pls,271.658,237.9431662903559,1136.6900120689559
42,2,144,pls,233.438,254.67035866100855,450.81305430970525
42,2,58,pls,268.614,276.7488417745093,66.1756506963018
42,2,7,pls,237.352,226.964794663897,107.89403469436651
42,2,27,pls,368.838,392.6791334091322,568.3996422320381
42,2,255,pls,265.57,282.8954416310347,300.170927710391
42,2,153,pls,572.763,534.7329970573624,1446.2811238170307
42,2,60,pls,427.584,408.98407864046965,345.95707458071354
42,2,84,pls,449.319,409.3215395499585,1599.796842452634
42,2,115,pls,296.802,274.6629607590422,490.13705851266934
42,2,285,pls,416.209,423.35199797213284,51.02242002989375
42,2,203,pls,418.3,450.12574737186253,1012.878195777614
42,2,132,pls,446.917,418.53742751668756,805.4001343355832
42,2,135,pls,557.15,530.3546562983769,717.9904440881126
42,2,164,pls,375.949,410.7935725896175,1214.144238953122
42,2,171,pls,451.066,427.3161879666187,564.0535716209413
42,2,37,pls,493.864,491.07612801002944,7.7722302324623
42,2,217,pls,434.0,404.18886199567703,888.7039491127894
42,2,267,pls,480.301,489.4716698762058,84.10118597834862
42,2,216,pls,304.756,319.4247284803896,215.17159523139392
42,2,178,pls,297.521,292.1504897742209,28.842380085198183
42,2,188,pls,296.717,309.55359742697425,164.7782335022023
42,2,213,pls,403.258,408.7949756909028,30.658099801648618
42,2,20,pls,369.841,411.7938863702959,1760.0446747989606
42,2,262,pls,291.598,318.33417970263184,714.8233050914223
42,2,107,pls,297.778,286.6996200438279,122.73050245331605
42,2,242,pls,235.366,252.55327723692758,295.40249881900866
42,2,156,pls,317.157,257.65452841554975,3540.5441246583077
42,2,40,huber,512.399,486.87717674474936,651.3634622722523
42,2,221,huber,449.974,479.5316638174693,873.6554903465333
42,2,172,huber,385.629,422.31852166247336,1346.1209998211004
42,2,280,huber,321.44,313.65989751113227,60.52999473728579
42,2,82,huber,359.388,334.4001096918314,624.394662053065
42,2,152,huber,299.292,329.2439412059784,897.1187820063877
42,2,196,huber,495.64,491.6034011659835,16.29413014678338
42,2,95,huber,549.954,541.892847146049,64.98218533476144
42,2,104,huber,465.463,489.90967554520176,597.6399452123649
42,2,232,huber,444.205,413.29692039131396,955.3093850968728
42,2,148,huber,311.748,326.64861726277627,222.02839481174647
42,2,258,huber,234.616,301.4925118808852,4472.46784135418
42,2,134,huber,92.565,145.24654022175375,2775.344680136258
42,2,299,huber,255.57,257.15134714149883,2.5006587819265476
42,2,89,huber,678.555,680.118611360633,2.4448804871009058
42,2,70,huber,385.195,364.7941887180011,416.1931009637324
42,2,205,huber,394.063,365.5162549958075,814.9166503343879
42,2,189,huber,282.527,301.804885421916,371.63686634052294
42,2,54,huber,429.049,463.0798747439943,1158.1004358414314
42,2,298,huber,293.887,309.1196445637844,232.03346040659014
42,2,62,huber,317.619,333.48039576077315,251.58387547987152
42,2,138,huber,154.41,179.77986920717947,643.6302635893934
42,2,249,huber,281.294,264.9909481732922,265.78949886431917
42,2,286,huber,433.013,425.89815974401716,50.620951868153576
42,2,150,huber,295.719,267.9262201894563,772.4386095973666
42,2,266,huber,430.138,430.28629220442923,0.021990577894487547
42,2,118,huber,437.164,477.3367348784193,1613.848627611767
42,2,30,huber,192.327,190.64945646108131,2.814152324967822
42,2,159,huber,560.46,559.7047048721493,0.5704707301551355
42,2,246,huber,459.143,520.1233486881101,3718.602926123498
42,2,202,huber,355.341,333.28475914238277,486.4777607692241
42,2,47,huber,538.021,510.52904666063915,755.8074984135917
42,2,192,huber,271.658,241.8497254783237,888.5332299596171
42,2,144,huber,233.438,257.69257431993026,588.284375441021
42,2,58,huber,268.614,277.49971307855003,78.95589691431549
42,2,7,huber,237.352,224.47118897758222,165.91529259523958
42,2,27,huber,368.838,391.5877177043892,517.5496556293987
42,2,255,huber,265.57,278.8937185971527,177.52147725611323
42,2,153,huber,572.763,535.3902843794422,1396.7198728550902
42,2,60,huber,427.584,407.62047837740676,398.54219557574817
42,2,84,huber,449.319,408.20797400385794,1690.1164584554695
42,2,115,huber,296.802,279.354695612538,304.4084303887507
42,2,285,huber,416.209,422.8156238935326,43.647479270595475
42,2,203,huber,418.3,446.6885729658444,805.9110750370709
42,2,132,huber,446.917,415.6758115557194,976.0118554110496
42,2,135,huber,557.15,529.6510514827402,756.1921695549053
42,2,164,huber,375.949,409.2427216232029,1108.4718995233272
42,2,171,huber,451.066,426.60937944259746,598.1262890887633
42,2,37,huber,493.864,491.8146785550215,4.199718384848721
42,2,217,huber,434.0,403.6330683198423,922.150539667364
42,2,267,huber,480.301,488.9645197836178,75.05657504113702
42,2,216,huber,304.756,318.8586891434297,198.8858410762099
42,2,178,huber,297.521,292.2308718538607,27.985455802575178
42,2,188,huber,296.717,309.92741631943835,174.5150993328835
42,2,213,huber,403.258,406.49043688930084,10.448648243313
42,2,20,huber,369.841,409.1636525658329,1546.2710048132024
42,2,262,huber,291.598,319.7719898475474,793.7737039297026
42,2,107,huber,297.778,287.1023747565193,113.96897433924316
42,2,242,huber,235.366,253.02827121893603,311.9558246112554
42,2,156,huber,317.157,259.8592904649222,3283.027517966144
42,2,40,cart,512.399,466.15383333333335,2138.615440027776
42,2,221,cart,449.974,533.258,6936.2246560000085
42,2,172,cart,385.629,453.3113333333333,4580.89824544444
42,2,280,cart,321.44,325.6781538461538,17.96194802366831
42,2,82,cart,359.388,325.6781538461538,1136.3537277159776
42,2,152,cart,299.292,325.6781538461538,696.2291147928986
42,2,196,cart,495.64,500.33180000000004,22.01298724000054
42,2,95,cart,549.954,466.15383333333335,7022.467933361099
42,2,104,cart,465.463,453.3113333333333,147.66300277777856
42,2,232,cart,444.205,434.5091428571429,94.0096457346932
42,2,148,cart,311.748,357.14866666666666,2061.2205337777777
42,2,258,cart,234.616,290.2314444444444,3093.0776607530775
42,2,134,cart,92.565,153.27655555555555,3685.892977975308
42,2,299,cart,255.57,296.90142857142854,1708.2869877551
42,2,89,cart,678.555,622.5765,3133.5924622499933
42,2,70,cart,385.195,325.6781538461538,3542.2549761005957
42,2,205,cart,394.063,247.18277777777783,21573.799680049364
42,2,189,cart,282.527,272.695,96.66822399999988
42,2,54,cart,429.049,453.3113333333333,588.6608187777783
42,2,298,cart,293.887,272.695,449.1008640000003
42,2,62,cart,317.619,290.2314444444444,750.0781993086472
42,2,138,cart,154.41,225.90566666666666,5111.630352111111
42,2,249,cart,281.294,252.89583333333334,806.4558700277763
42,2,286,cart,433.013,434.5091428571429,2.238443448979719
42,2,150,cart,295.719,262.2306,1121.4729345600008
42,2,266,cart,430.138,425.21819999999997,24.204432040000093
42,2,118,cart,437.164,500.33180000000004,3990.170956840007
42,2,30,cart,192.327,224.3774,1027.2281401599998
42,2,159,cart,560.46,500.33180000000004,3615.4004352399993
42,2,246,cart,459.143,466.15383333333335,49.15178402777844
42,2,202,cart,355.341,247.18277777777783,11698.201034271595
42,2,47,cart,538.021,466.15383333333335,5164.889644694435
42,2,192,cart,271.658,251.0788,423.5034726400006
42,2,144,cart,233.438,271.42240000000004,1442.8146433600039
42,2,58,cart,268.614,296.90142857142854,800.1786151836731
42,2,7,cart,237.352,153.27655555555555,7068.680358530866
42,2,27,cart,368.838,327.1078333333333,1741.406810027782
42,2,255,cart,265.57,153.27655555555555,12609.817665197532
42,2,153,cart,572.763,466.15383333333335,11365.514417361113
42,2,60,cart,427.584,412.62600000000003,223.7417639999991
42,2,84,cart,449.319,434.5091428571429,219.33186859183667
42,2,115,cart,296.802,225.90566666666666,5026.290080111115
42,2,285,cart,416.209,412.62600000000003,12.837888999999786
42,2,203,cart,418.3,434.5091428571429,262.73631216326555
42,2,132,cart,446.917,407.344125,1566.0124357656214
42,2,135,cart,557.15,493.6918333333333,4026.9389166944447
42,2,164,cart,375.949,434.5091428571429,3429.2903314489804
42,2,171,cart,451.066,412.62600000000003,1477.6335999999956
42,2,37,cart,493.864,622.5765,16566.90765625001
42,2,217,cart,434.0,412.62600000000003,456.84787599999856
42,2,267,cart,480.301,453.3113333333333,728.4421067777777
42,2,216,cart,304.756,225.90566666666666,6217.375066777774
42,2,178,cart,297.521,296.90142857142854,0.3838687551020993
42,2,188,cart,296.717,290.2314444444444,42.06243086419819
42,2,213,cart,403.258,364.29459999999995,1518.1465395600028
42,2,20,cart,369.841,367.6758,4.688091040000117
42,2,262,cart,291.598,325.6781538461538,1161.456886177511
42,2,107,cart,297.778,290.2314444444444,56.950500753087724
42,2,242,cart,235.366,262.2306,721.7067331599983
42,2,156,cart,317.157,251.0788,4366.328515239998
42,2,40,subset_min,512.399,486.0982032297912,691.7319107478266
42,2,221,subset_min,449.974,478.5821593447193,818.4267810928501
42,2,172,subset_min,385.629,420.49222125701164,1215.4441964153466
42,2,280,subset_min,321.44,312.37873254605574,82.10656787190938
42,2,82,subset_min,359.388,332.1767291146495,740.4532631959223
42,2,152,subset_min,299.292,324.0087975111977,610.9200792095507
42,2,196,subset_min,495.64,492.3039786548312,11.129038415421677
42,2,95,subset_min,549.954,539.4054538893889,111.27182504768705
42,2,104,subset_min,465.463,489.6202730897613,583.5738431333057
42,2,232,subset_min,444.205,411.2904720700971,1083.3661488483565
42,2,148,subset_min,311.748,309.9516776271094,3.2267740673472654
42,2,258,subset_min,234.616,300.9944834335161,4406.103062933571
42,2,134,subset_min,92.565,143.72048922159684,2616.8840775009103
42,2,299,subset_min,255.57,255.0583867693099,0.26174809781716374
42,2,89,subset_min,678.555,686.5658165859373,64.1731823735296
42,2,70,subset_min,385.195,364.02647809843586,448.1063194970004
42,2,205,subset_min,394.063,364.75189968638136,859.1406015950138
42,2,189,subset_min,282.527,304.1005393125932,465.41759847200416
42,2,54,subset_min,429.049,459.01749062339263,898.1104302443734
42,2,298,subset_min,293.887,313.05287954029586,367.3309385531315
42,2,62,subset_min,317.619,333.1336566287748,240.70457030878546
42,2,138,subset_min,154.41,178.10236013002637,561.3279285308632
42,2,249,subset_min,281.294,266.1135107992147,230.4472523751592
42,2,286,subset_min,433.013,426.76970076024065,38.97878539717935
42,2,150,subset_min,295.719,263.9278719873287,1010.6758203180552
42,2,266,subset_min,430.138,431.03671977666727,0.8076972369729074
42,2,118,subset_min,437.164,476.9135759377439,1580.0287872304675
42,2,30,subset_min,192.327,194.37481250086768,4.193536038709936
42,2,159,subset_min,560.46,560.0325637717273,0.1827017292400498
42,2,246,subset_min,459.143,512.7453059527514,2873.2072034523753
42,2,202,subset_min,355.341,334.34515982735905,440.8253045550837
42,2,47,subset_min,538.021,506.6330378127831,985.204170266157
42,2,192,subset_min,271.658,237.51100191014288,1166.0174785487068
42,2,144,subset_min,233.438,251.35822426762218,321.1344378018752
42,2,58,subset_min,268.614,280.8682504614929,150.16665437299935
42,2,7,subset_min,237.352,226.85199308734082,110.25014516589074
42,2,27,subset_min,368.838,393.68135486639363,617.1922810175631
42,2,255,subset_min,265.57,284.3761292666263,353.6704979930593
42,2,153,subset_min,572.763,535.6272571282487,1379.0633986368268
42,2,60,subset_min,427.584,409.67735731502694,320.64785224729934
42,2,84,subset_min,449.319,408.71169158119744,1648.9534970197544
42,2,115,subset_min,296.802,270.2989141543894,702.4135593398049
42,2,285,subset_min,416.209,423.6645887264523,55.58580325800228
42,2,203,subset_min,418.3,447.0791902436368,828.2417910794383
42,2,132,subset_min,446.917,416.2338830871363,941.4536634884613
42,2,135,subset_min,557.15,529.2713413691625,777.2196070547666
42,2,164,subset_min,375.949,410.074469750799,1164.5476857126955
42,2,171,subset_min,451.066,426.15318130890273,620.6485351354842
42,2,37,subset_min,493.864,493.4943512861488,0.13664017165182937
42,2,217,subset_min,434.0,404.9332565686596,844.8755737033703
42,2,267,subset_min,480.301,490.36768270929747,101.33810076966888
42,2,216,subset_min,304.756,317.6778792508159,166.97496337266773
42,2,178,subset_min,297.521,296.0744911368463,2.0923878911822795
42,2,188,subset_min,296.717,307.54808335534113,117.3123666503481
42,2,213,subset_min,403.258,411.83935226535806,73.6396067021662
42,2,20,subset_min,369.841,410.304059074356,1637.2591496548243
42,2,262,subset_min,291.598,318.89820631176514,745.3012646649403
42,2,107,subset_min,297.778,290.4704414981506,53.40041125795186
42,2,242,subset_min,235.366,254.10534745617957,351.1631430834233
42,2,156,subset_min,317.157,257.35700630156225,3576.0392463331923
42,2,40,subset_1se,512.399,484.4459974165299,781.3703534314858
42,2,221,subset_1se,449.974,477.6253326193163,764.5961956240652
42,2,172,subset_1se,385.629,412.97589923430155,747.8528977310417
42,2,280,subset_1se,321.44,308.39153610055644,170.26241013508186
42,2,82,subset_1se,359.388,346.4477448398229,167.450203610489
42,2,152,subset_1se,299.292,346.8365873706487,2260.487788245252
42,2,196,subset_1se,495.64,489.8378734407215,33.66467260988453
42,2,95,subset_1se,549.954,533.6747150354172,265.0151189580902
42,2,104,subset_1se,465.463,493.7293785614935,798.9881569816575
42,2,232,subset_1se,444.205,413.671592354428,932.2889824506728
42,2,148,subset_1se,311.748,311.8628707535746,0.013195290026801344
42,2,258,subset_1se,234.616,294.81428963519863,3623.8340750032617
42,2,134,subset_1se,92.565,118.39241544129928,667.0553883774645
42,2,299,subset_1se,255.57,267.73436466260733,147.9717676448902
42,2,89,subset_1se,678.555,678.2834497646444,0.07373953032166117
42,2,70,subset_1se,385.195,379.396563052983,33.621871028531444
42,2,205,subset_1se,394.063,358.85800731800776,1239.391509739126
42,2,189,subset_1se,282.527,309.84092070052156,746.0502640343811
42,2,54,subset_1se,429.049,461.52769187922337,1054.8654261855313
42,2,298,subset_1se,293.887,317.16651039580427,541.9356042683589
42,2,62,subset_1se,317.619,337.5419345414234,396.9233207418411
42,2,138,subset_1se,154.41,188.53510594336987,1164.522855646218
42,2,249,subset_1se,281.294,285.555369109033,18.159266683420807
42,2,286,subset_1se,433.013,420.34198249215825,160.5546846840315
42,2,150,subset_1se,295.719,272.3089767114989,548.0291903681649
42,2,266,subset_1se,430.138,432.16927414264853,4.126074642592625
42,2,118,subset_1se,437.164,475.9387511318291,1503.4813253352847
42,2,30,subset_1se,192.327,196.40386335902593,16.620814848168234
42,2,159,subset_1se,560.46,562.6841816863812,4.946984174033268
42,2,246,subset_1se,459.143,528.5837116553188,4822.012435197129
42,2,202,subset_1se,355.341,346.67253722210353,75.14224693177675
42,2,47,subset_1se,538.021,527.1727304549726,117.68495212156883
42,2,192,subset_1se,271.658,264.4608427954665,51.79907182676903
42,2,144,subset_1se,233.438,269.59525057401356,1307.346769072005
42,2,58,subset_1se,268.614,283.37411241726056,217.86091857017016
42,2,7,subset_1se,237.352,221.40519243965042,254.30067136682263
42,2,27,subset_1se,368.838,398.39606966190513,873.6794821380352
42,2,255,subset_1se,265.57,271.49310123283504,35.083128214412106
42,2,153,subset_1se,572.763,531.339222137653,1715.9293723890726
42,2,60,subset_1se,427.584,403.3783901506924,585.9115481768981
42,2,84,subset_1se,449.319,415.6010586157231,1136.8995711935336
42,2,115,subset_1se,296.802,272.42540433420993,594.2184162534163
42,2,285,subset_1se,416.209,421.39955235133897,26.941833711990462
42,2,203,subset_1se,418.3,439.2730530922175,439.86895600897276
42,2,132,subset_1se,446.917,410.88844891924515,1298.0564929785596
42,2,135,subset_1se,557.15,529.1715303378378,782.7947646365296
42,2,164,subset_1se,375.949,412.04007929566546,1302.5660047260114
42,2,171,subset_1se,451.066,421.6089675089412,867.7167631792928
42,2,37,subset_1se,493.864,487.410393430593,41.64903775269301
42,2,217,subset_1se,434.0,398.6873149070332,1246.9857284750378
42,2,267,subset_1se,480.301,479.15047446017627,1.3237090177866582
42,2,216,subset_1se,304.756,316.99477606564346,149.787639584968
42,2,178,subset_1se,297.521,295.85543463133104,2.7741079973094314
42,2,188,subset_1se,296.717,313.6534953039884,286.8448731820214
42,2,213,subset_1se,403.258,400.34878151482167,8.463552194503206
42,2,20,subset_1se,369.841,401.98747693227926,1033.3959791575624
42,2,262,subset_1se,291.598,332.1106191193883,1641.2723079126233
42,2,107,subset_1se,297.778,303.0758399586777,28.06710822776197
42,2,242,subset_1se,235.366,260.16189227457204,614.8362736921807
42,2,156,subset_1se,317.157,271.4247837900498,2091.4355994736316
42,2,40,adaptive_linear,512.399,486.0982032297912,691.7319107478266
42,2,221,adaptive_linear,449.974,478.5821593447193,818.4267810928501
42,2,172,adaptive_linear,385.629,420.49222125701164,1215.4441964153466
42,2,280,adaptive_linear,321.44,312.37873254605574,82.10656787190938
42,2,82,adaptive_linear,359.388,332.1767291146495,740.4532631959223
42,2,152,adaptive_linear,299.292,324.0087975111977,610.9200792095507
42,2,196,adaptive_linear,495.64,492.3039786548312,11.129038415421677
42,2,95,adaptive_linear,549.954,539.4054538893889,111.27182504768705
42,2,104,adaptive_linear,465.463,489.6202730897613,583.5738431333057
42,2,232,adaptive_linear,444.205,411.2904720700971,1083.3661488483565
42,2,148,adaptive_linear,311.748,309.9516776271094,3.2267740673472654
42,2,258,adaptive_linear,234.616,300.9944834335161,4406.103062933571
42,2,134,adaptive_linear,92.565,143.72048922159684,2616.8840775009103
42,2,299,adaptive_linear,255.57,255.0583867693099,0.26174809781716374
42,2,89,adaptive_linear,678.555,686.5658165859373,64.1731823735296
42,2,70,adaptive_linear,385.195,364.02647809843586,448.1063194970004
42,2,205,adaptive_linear,394.063,364.75189968638136,859.1406015950138
42,2,189,adaptive_linear,282.527,304.1005393125932,465.41759847200416
42,2,54,adaptive_linear,429.049,459.01749062339263,898.1104302443734
42,2,298,adaptive_linear,293.887,313.05287954029586,367.3309385531315
42,2,62,adaptive_linear,317.619,333.1336566287748,240.70457030878546
42,2,138,adaptive_linear,154.41,178.10236013002637,561.3279285308632
42,2,249,adaptive_linear,281.294,266.1135107992147,230.4472523751592
42,2,286,adaptive_linear,433.013,426.76970076024065,38.97878539717935
42,2,150,adaptive_linear,295.719,263.9278719873287,1010.6758203180552
42,2,266,adaptive_linear,430.138,431.03671977666727,0.8076972369729074
42,2,118,adaptive_linear,437.164,476.9135759377439,1580.0287872304675
42,2,30,adaptive_linear,192.327,194.37481250086768,4.193536038709936
42,2,159,adaptive_linear,560.46,560.0325637717273,0.1827017292400498
42,2,246,adaptive_linear,459.143,512.7453059527514,2873.2072034523753
42,2,202,adaptive_linear,355.341,334.34515982735905,440.8253045550837
42,2,47,adaptive_linear,538.021,506.6330378127831,985.204170266157
42,2,192,adaptive_linear,271.658,237.51100191014288,1166.0174785487068
42,2,144,adaptive_linear,233.438,251.35822426762218,321.1344378018752
42,2,58,adaptive_linear,268.614,280.8682504614929,150.16665437299935
42,2,7,adaptive_linear,237.352,226.85199308734082,110.25014516589074
42,2,27,adaptive_linear,368.838,393.68135486639363,617.1922810175631
42,2,255,adaptive_linear,265.57,284.3761292666263,353.6704979930593
42,2,153,adaptive_linear,572.763,535.6272571282487,1379.0633986368268
42,2,60,adaptive_linear,427.584,409.67735731502694,320.64785224729934
42,2,84,adaptive_linear,449.319,408.71169158119744,1648.9534970197544
42,2,115,adaptive_linear,296.802,270.2989141543894,702.4135593398049
42,2,285,adaptive_linear,416.209,423.6645887264523,55.58580325800228
42,2,203,adaptive_linear,418.3,447.0791902436368,828.2417910794383
42,2,132,adaptive_linear,446.917,416.2338830871363,941.4536634884613
42,2,135,adaptive_linear,557.15,529.2713413691625,777.2196070547666
42,2,164,adaptive_linear,375.949,410.074469750799,1164.5476857126955
42,2,171,adaptive_linear,451.066,426.15318130890273,620.6485351354842
42,2,37,adaptive_linear,493.864,493.4943512861488,0.13664017165182937
42,2,217,adaptive_linear,434.0,404.9332565686596,844.8755737033703
42,2,267,adaptive_linear,480.301,490.36768270929747,101.33810076966888
42,2,216,adaptive_linear,304.756,317.6778792508159,166.97496337266773
42,2,178,adaptive_linear,297.521,296.0744911368463,2.0923878911822795
42,2,188,adaptive_linear,296.717,307.54808335534113,117.3123666503481
42,2,213,adaptive_linear,403.258,411.83935226535806,73.6396067021662
42,2,20,adaptive_linear,369.841,410.304059074356,1637.2591496548243
42,2,262,adaptive_linear,291.598,318.89820631176514,745.3012646649403
42,2,107,adaptive_linear,297.778,290.4704414981506,53.40041125795186
42,2,242,adaptive_linear,235.366,254.10534745617957,351.1631430834233
42,2,156,adaptive_linear,317.157,257.35700630156225,3576.0392463331923
42,3,33,ols_all,133.048,138.02100966554644,24.730825133618335
42,3,8,ols_all,522.37,486.3591988682624,1296.7777981495535
42,3,88,ols_all,474.13,415.4520843330647,3443.09778701597
42,3,131,ols_all,256.493,263.1129274528437,43.82343948091346
42,3,226,ols_all,428.876,427.85161151063767,1.0493717771379933
42,3,211,ols_all,295.062,351.4967331355642,3184.87910408235
42,3,112,ols_all,330.937,344.1124475535489,173.59241823631785
42,3,210,ols_all,232.002,268.59704339379323,1339.1972009936087
42,3,229,ols_all,396.197,401.83596666480344,31.797945046764358
42,3,173,ols_all,435.421,428.43476651503124,48.8074583064986
42,3,250,ols_all,218.9,215.0019741465901,15.194605553852018
42,3,79,ols_all,400.908,500.67444423976576,9953.343396246288
42,3,222,ols_all,484.452,461.6722583172559,518.9166311325484
42,3,66,ols_all,336.651,359.8273749103628,537.1443539856928
42,3,9,ols_all,314.569,313.53797563150897,1.0630112484223604
42,3,174,ols_all,155.573,165.23367628473693,93.3286662784784
42,3,179,ols_all,236.114,264.42489437721656,801.506740437912
42,3,59,ols_all,234.039,256.08632109230416,486.0843673471605
42,3,287,ols_all,442.829,398.1897190743889,1992.6654015556273
42,3,291,ols_all,235.961,288.9380113980087,2806.563736664744
42,3,4,ols_all,540.085,485.92387234254556,2933.4277491270796
42,3,145,ols_all,228.932,214.46050067514489,209.4242927092817
42,3,48,ols_all,273.504,272.9464245859217,0.31089034238460406
42,3,67,ols_all,562.014,524.1781397130444,1431.5523236540246
42,3,197,ols_all,194.136,196.1292294896159,3.972963798274515
42,3,94,ols_all,320.296,297.34908103608177,526.5610899366297
42,3,158,ols_all,353.281,371.1694505522246,319.996663159384
42,3,278,ols_all,321.551,342.449737095792,436.75721219903267
42,3,124,ols_all,386.706,350.73012606135853,1294.2635056490235
42,3,72,ols_all,354.919,344.65750567033297,105.29826587778832
42,3,133,ols_all,451.365,363.4049676586508,7736.967289491203
42,3,295,ols_all,195.235,244.47005119339406,2424.0902660161323
42,3,165,ols_all,559.34,526.0465262306657,1108.4553956293548
42,3,32,ols_all,528.619,536.948770151027,69.38507076894024
42,3,161,ols_all,422.585,384.0459109037597,1485.261388367946
42,3,162,ols_all,260.859,278.1069884984922,297.4931072441209
42,3,155,ols_all,437.721,482.6318312964195,2016.9827677354508
42,3,276,ols_all,509.076,447.3172172871796,3814.1472421693697
42,3,180,ols_all,330.633,375.4070857789079,2004.7187573370054
42,3,121,ols_all,457.643,436.8054545040595,434.20330229538797
42,3,292,ols_all,441.085,425.3124609671745,248.77298754200325
42,3,130,ols_all,437.098,415.3155343928611,474.4758079261904
42,3,108,ols_all,325.274,313.7143608749616,133.6252567011189
42,3,268,ols_all,410.803,369.71849888937004,1687.9362315093542
42,3,81,ols_all,605.271,518.1327836144683,7593.068754851742
42,3,169,ols_all,245.48,274.8569598085164,863.0057675911897
42,3,207,ols_all,445.128,433.97787230161157,124.32534769036857
42,3,55,ols_all,283.539,289.7602269049021,38.703664202277714
42,3,181,ols_all,330.392,338.5617998041064,66.7456288391768
42,3,52,ols_all,246.515,280.06495130153394,1125.5992323352998
42,3,245,ols_all,535.272,494.7490754852447,1642.1074112285598
42,3,86,ols_all,352.697,366.75985362631855,197.7638521152606
42,3,28,ols_all,330.975,350.1069070080707,366.0298657654647
42,3,11,ols_all,295.011,282.2687728030239,162.36435393935747
42,3,106,ols_all,272.919,264.8310960395663,65.41419047319854
42,3,257,ols_all,145.765,167.7810603110147,484.7069116182372
42,3,120,ols_all,375.484,402.91878093461355,752.6672049302363
42,3,140,ols_all,325.388,305.8921241245987,380.0891761490537
42,3,294,ols_all,519.546,478.65484010900946,1672.0869572305578
42,3,225,ols_all,522.461,484.62879649848037,1431.275621780395
42,3,33,ridge,133.048,138.0212009988018,24.732728174483086
42,3,8,ridge,522.37,486.3593771492135,1296.764958101586
42,3,88,ridge,474.13,415.4519821176536,3443.109782600965
42,3,131,ridge,256.493,263.11291317201744,43.82325040505011
42,3,226,ridge,428.876,427.8512968872533,1.050016469272761
42,3,211,ridge,295.062,351.4966544311989,3184.8702207688384
42,3,112,ridge,330.937,344.1121153574685,173.58366468260192
42,3,210,ridge,232.002,268.5972954478593,1339.2156489161127
42,3,229,ridge,396.197,401.83578586976313,31.795906085040293
42,3,173,ridge,435.421,428.4342415553038,48.81479356453356
42,3,250,ridge,218.9,215.0021226785822,15.193447612823274
42,3,79,ridge,400.908,500.673855228635,9953.22586950095
42,3,222,ridge,484.452,461.6722989438803,518.9147802061799
42,3,66,ridge,336.651,359.8274018794138,537.145604076095
42,3,9,ridge,314.569,313.5380182675738,1.0629233325965255
42,3,174,ridge,155.573,165.2337746978587,93.33056776278683
42,3,179,ridge,236.114,264.4249978233131,801.5125977516392
42,3,59,ridge,234.039,256.0866817086944,486.10026872789877
42,3,287,ridge,442.829,398.18970490916524,1992.6666662066248
42,3,291,ridge,235.961,288.93812888124137,2806.576184499657
42,3,4,ridge,540.085,485.92369804644807,2933.446629303832
42,3,145,ridge,228.932,214.46079928314848,209.41565018740374
42,3,48,ridge,273.504,272.9464821131754,0.3108261941293658
42,3,67,ridge,562.014,524.1780169076195,1431.5616165669032
42,3,197,ridge,194.136,196.12943130680242,3.9737683749400077
42,3,94,ridge,320.296,297.3492013610819,526.5555677750534
42,3,158,ridge,353.281,371.1695989293618,320.00197165556483
42,3,278,ridge,321.551,342.45017325675593,436.77544281590286
42,3,124,ridge,386.706,350.72997555796655,1294.274334653789
42,3,72,ridge,354.919,344.65741981209425,105.30002795281952
42,3,133,ridge,451.365,363.40478224893064,7736.999906815538
42,3,295,ridge,195.235,244.4704724502078,2424.131747395171
42,3,165,ridge,559.34,526.0463631878474,1108.4662521795235
42,3,32,ridge,528.619,536.9483479036493,69.37803650002616
42,3,161,ridge,422.585,384.0455293484114,1485.2907981046592
42,3,162,ridge,260.859,278.10692184345635,297.4908079179793
42,3,155,ridge,437.721,482.6318998928855,2016.9889291887812
42,3,276,ridge,509.076,447.3170322994757,3814.1700914344033
42,3,180,ridge,330.633,375.4071985629632,2004.7288569556551
42,3,121,ridge,457.643,436.8054543209147,434.2033099279657
42,3,292,ridge,441.085,425.3122157330454,248.78072353189063
42,3,130,ridge,437.098,415.31542409300715,474.4806131439058
42,3,108,ridge,325.274,313.71442175928445,133.62384910322447
42,3,268,ridge,410.803,369.7181630205215,1687.9638296303237
42,3,81,ridge,605.271,518.1324294877018,7593.130470926766
42,3,169,ridge,245.48,274.8574674744981,863.035595215194
42,3,207,ridge,445.128,433.9778613430869,124.32559206838788
42,3,55,ridge,283.539,289.76082847744584,38.711149602756194
42,3,181,ridge,330.392,338.5618482938422,66.74642114439666
42,3,52,ridge,246.515,280.0647077962766,1125.5828932155434
42,3,245,ridge,535.272,494.74858712996206,1642.1469906355603
42,3,86,ridge,352.697,366.759914749127,197.7655712412138
42,3,28,ridge,330.975,350.1072689384828,366.04371473443194
42,3,11,ridge,295.011,282.2688444958026,162.36252689314807
42,3,106,ridge,272.919,264.8313016280443,65.41086495573482
42,3,257,ridge,145.765,167.78172598921282,484.73622328407964
42,3,120,ridge,375.484,402.9186971722778,752.6626089345888
42,3,140,ridge,325.388,305.89247107722525,380.0756479787458
42,3,294,ridge,519.546,478.6545646551491,1672.1094845621253
42,3,225,ridge,522.461,484.62893774832446,1431.2649342146542
42,3,33,pls,133.048,136.91305700134166,14.938665623620139
42,3,8,pls,522.37,486.72956263154265,1270.2407758149316
42,3,88,pls,474.13,415.8478033993283,3396.8144405993457
42,3,131,pls,256.493,263.40800019126766,47.81722764523185
42,3,226,pls,428.876,427.9056694717707,0.9415413340137196
42,3,211,pls,295.062,351.44352042269156,3178.8758451743843
42,3,112,pls,330.937,344.10489317427096,173.39341064901132
42,3,210,pls,232.002,268.94978853142817,1365.1390773631342
42,3,229,pls,396.197,401.2366872788275,25.398447868375737
42,3,173,pls,435.421,428.61386965209067,46.337023573428084
42,3,250,pls,218.9,215.35629615373713,12.557836950018274
42,3,79,pls,400.908,499.81046749811355,9781.698077215404
42,3,222,pls,484.452,461.6327775642684,520.7169125713966
42,3,66,pls,336.651,360.4755872062895,567.610955550093
42,3,9,pls,314.569,313.11694395761157,2.108466750236805
42,3,174,pls,155.573,165.34500501460974,95.49208200555775
42,3,179,pls,236.114,264.6136914022531,812.2324100236588
42,3,59,pls,234.039,255.9668994535246,480.83277444388517
42,3,287,pls,442.829,398.15761906956186,1995.5322742323128
42,3,291,pls,235.961,288.8762422569421,2800.022863110867
42,3,4,pls,540.085,485.8219606640888,2944.4774379706496
42,3,145,pls,228.932,214.5207035037677,207.68546670231726
42,3,48,pls,273.504,272.9244616232272,0.33586473015245494
42,3,67,pls,562.014,524.5322380100406,1404.8824818719659
42,3,197,pls,194.136,196.5340071157346,5.750438127113777
42,3,94,pls,320.296,297.22459898217994,532.2895449250681
42,3,158,pls,353.281,371.7099914081312,339.62772432097347
42,3,278,pls,321.551,342.69428452439956,447.0384804797146
42,3,124,pls,386.706,350.9530333806945,1278.2746220811762
42,3,72,pls,354.919,344.5976411995683,106.53044748724912
42,3,133,pls,451.365,363.60366111599717,7702.052602712789
42,3,295,pls,195.235,245.07557369706518,2484.082786452584
42,3,165,pls,559.34,526.672595093192,1067.159343345349
42,3,32,pls,528.619,537.1372065750816,72.5598432557623
42,3,161,pls,422.585,383.16741503442216,1553.7460045185462
42,3,162,pls,260.859,279.14731548883947,334.4624834193263
42,3,155,pls,437.721,482.84393608938456,2036.0793613266828
42,3,276,pls,509.076,448.06384322458047,3722.4832743883744
42,3,180,pls,330.633,374.5327148167476,1927.1849609917717
42,3,121,pls,457.643,437.2483066404906,415.94351722841463
42,3,292,pls,441.085,425.414881326643,245.5526192370907
42,3,130,pls,437.098,416.6392610698656,418.55999861139753
42,3,108,pls,325.274,313.281902089816,143.81041228743914
42,3,268,pls,410.803,369.2361605896441,1727.8021385663162
42,3,81,pls,605.271,516.9896887763009,7793.589911375611
42,3,169,pls,245.48,274.65682271033165,851.2869834701255
42,3,207,pls,445.128,434.7068539671888,108.60028463717619
42,3,55,pls,283.539,290.39446937059967,46.99746029123035
42,3,181,pls,330.392,338.78879413144574,70.5061516858817
42,3,52,pls,246.515,279.5825957227871,1093.4658868856898
42,3,245,pls,535.272,493.5938671507886,1737.0667577965198
42,3,86,pls,352.697,366.99413210132076,204.40798632261644
42,3,28,pls,330.975,349.6633297048422,349.2536671568875
42,3,11,pls,295.011,282.2262453263063,163.44995206653357
42,3,106,pls,272.919,263.97925463219974,79.91904724110589
42,3,257,pls,145.765,166.6386228924899,435.7081326578792
42,3,120,pls,375.484,403.3912968259576,778.8172161321056
42,3,140,pls,325.388,305.28036015036776,404.3171803225177
42,3,294,pls,519.546,478.64144013587264,1673.1830176779827
42,3,225,pls,522.461,484.66525564846603,1428.518291086513
42,3,33,huber,133.048,137.96427753138346,24.16978476558582
42,3,8,huber,522.37,486.6885859973952,1273.1633052252826
42,3,88,huber,474.13,415.3691108766593,3452.842090565538
42,3,131,huber,256.493,264.05186370587074,57.13642052393008
42,3,226,huber,428.876,426.8805319016704,3.981892931451077
42,3,211,huber,295.062,353.23531992482594,3384.1351510761497
42,3,112,huber,330.937,343.9837303889452,170.21717384182634
42,3,210,huber,232.002,269.1471530327369,1379.7623938254444
42,3,229,huber,396.197,401.46438993714804,27.74539674996842
42,3,173,huber,435.421,427.22126384778664,67.23567296591455
42,3,250,huber,218.9,214.5431685429221,18.98198034538356
42,3,79,huber,400.908,500.5014916974867,9918.863588497348
42,3,222,huber,484.452,461.99664452178956,504.2429896527954
42,3,66,huber,336.651,358.6416668493145,483.58942847753946
42,3,9,huber,314.569,314.68209774927925,0.012791100892028473
42,3,174,huber,155.573,164.34607160317017,76.96678535435075
42,3,179,huber,236.114,265.28176088886875,850.758275270221
42,3,59,huber,234.039,255.39257082354393,455.97498691610735
42,3,287,huber,442.829,398.02493010423234,2007.4046792248346
42,3,291,huber,235.961,289.4484121495246,2860.9032584531087
42,3,4,huber,540.085,484.82272012478484,3053.919577006615
42,3,145,huber,228.932,214.70665252012844,202.3605109230877
42,3,48,huber,273.504,273.53474734429506,0.000945399181197531
42,3,67,huber,562.014,523.7313292166496,1465.5628823063944
42,3,197,huber,194.136,196.02373431093957,3.5635408286985237
42,3,94,huber,320.296,298.4940084504492,475.32683552668414
42,3,158,huber,353.281,371.62077584277677,336.347377963298
42,3,278,huber,321.551,342.4828287648582,438.14145544134556
42,3,124,huber,386.706,350.09450358977114,1340.4016693962021
42,3,72,huber,354.919,345.4250387329095,90.13530054101408
42,3,133,huber,451.365,363.3995738901502,7737.91619068745
42,3,295,huber,195.235,245.1694915519971,2493.4534465564698
42,3,165,huber,559.34,525.7596770494463,1127.638089463487
42,3,32,huber,528.619,536.6997162604698,65.29797528222079
42,3,161,huber,422.585,384.0227242211119,1487.049113247018
42,3,162,huber,260.859,277.27227831074504,269.39570490597407
42,3,155,huber,437.721,482.6214204032633,2016.047752389783
42,3,276,huber,509.076,446.738133234104,3886.009632922604
42,3,180,huber,330.633,377.33802794581896,2181.359635419732
42,3,121,huber,457.643,436.42815009570506,450.0698564617617
42,3,292,huber,441.085,424.25683464545784,283.18714919981227
42,3,130,huber,437.098,414.18209251147783,525.138816022507
42,3,108,huber,325.274,314.26657941927596,121.16330784094727
42,3,268,huber,410.803,369.80425352983724,1680.8972121246832
42,3,81,huber,605.271,518.123237802399,7594.732456049608
42,3,169,huber,245.48,276.16719822860455,941.7041351216707
42,3,207,huber,445.128,434.38640975104147,115.38176107652069
42,3,55,huber,283.539,290.5503022389307,49.15835908563519
42,3,181,huber,330.392,338.2231263967536,61.32654064193152
42,3,52,huber,246.515,280.3896376270092,1147.49107436119
42,3,245,huber,535.272,495.4314055576896,1587.2729655166604
42,3,86,huber,352.697,367.1807996476015,209.78045223186052
42,3,28,huber,330.975,349.95099946920374,360.0885558552196
42,3,11,huber,295.011,281.3149570194039,187.5815933263366
42,3,106,huber,272.919,265.99405923890197,47.954804544716744
42,3,257,huber,145.765,169.27005186049817,552.4874629647092
42,3,120,huber,375.484,401.7767154825377,691.30688744568
42,3,140,huber,325.388,307.4797914416167,320.7039337705511
42,3,294,huber,519.546,477.35652810549755,1779.9515387370166
42,3,225,huber,522.461,483.9688714106335,1481.6439633403281
42,3,33,cart,133.048,151.79457142857146,351.4339403265317
42,3,8,cart,522.37,443.52260000000007,6216.91248675999
42,3,88,cart,474.13,416.1064,3366.7381569599984
42,3,131,cart,256.493,261.082,21.058920999999987
42,3,226,cart,428.876,371.25989999999996,3319.614979210002
42,3,211,cart,295.062,303.8622222222222,77.44391116049349
42,3,112,cart,330.937,296.79763636363634,1165.49614949587
42,3,210,cart,232.002,246.16049999999996,200.4631222499985
42,3,229,cart,396.197,385.8621428571428,106.80927216326596
42,3,173,cart,435.421,371.25989999999996,4116.646753210004
42,3,250,cart,218.9,254.6,1274.489999999999
42,3,79,cart,400.908,468.26783333333333,4537.347146694442
42,3,222,cart,484.452,486.3431666666666,3.5765113611108834
42,3,66,cart,336.651,432.341,9156.5761
42,3,9,cart,314.569,348.1822,1129.8472142400003
42,3,174,cart,155.573,151.79457142857146,14.276522469387585
42,3,179,cart,236.114,254.6,341.73219599999965
42,3,59,cart,234.039,295.967,3835.0771839999998
42,3,287,cart,442.829,385.8621428571428,3245.222812734698
42,3,291,cart,235.961,273.161,1383.8399999999992
42,3,4,cart,540.085,481.00244444444445,3490.7483709753124
42,3,145,cart,228.932,254.6,658.8462240000003
42,3,48,cart,273.504,295.967,504.58636899999846
42,3,67,cart,562.014,481.00244444444445,6562.872133530865
42,3,197,cart,194.136,254.6,3655.8952959999997
42,3,94,cart,320.296,332.27259999999995,143.4389475599991
42,3,158,cart,353.281,371.72909999999996,340.3323936099983
42,3,278,cart,321.551,333.39116666666666,140.18954669444466
42,3,124,cart,386.706,324.31612500000006,3892.4965025156203
42,3,72,cart,354.919,385.8621428571428,957.4780898775502
42,3,133,cart,451.365,265.92466666666667,34388.11722677778
42,3,295,cart,195.235,242.52400000000003,2236.2495210000016
42,3,165,cart,559.34,550.5101666666666,77.96595669444658
42,3,32,cart,528.619,550.5101666666666,479.22317802777263
42,3,161,cart,422.585,385.8621428571428,1348.5682367346944
42,3,162,cart,260.859,242.52400000000003,336.1722249999982
42,3,155,cart,437.721,486.3431666666666,2364.1150913611045
42,3,276,cart,509.076,486.3431666666666,516.781711361115
42,3,180,cart,330.633,351.1025714285715,419.0033544693906
42,3,121,cart,457.643,371.25989999999996,7462.039965610003
42,3,292,cart,441.085,432.341,76.4575359999995
42,3,130,cart,437.098,417.42299999999994,387.1056250000027
42,3,108,cart,325.274,303.8622222222222,458.4642276049386
42,3,268,cart,410.803,351.1025714285715,3564.1411716122384
42,3,81,cart,605.271,432.341,29904.784899999984
42,3,169,cart,245.48,348.1822,10547.741884840007
42,3,207,cart,445.128,443.52260000000007,2.577309159999736
42,3,55,cart,283.539,324.31612500000006,1662.7739232656306
42,3,181,cart,330.392,265.92466666666667,4156.03706711111
42,3,52,cart,246.515,272.4042,670.2506766400008
42,3,245,cart,535.272,481.00244444444445,2945.1846601975353
42,3,86,cart,352.697,371.72909999999996,362.22083040999837
42,3,28,cart,330.975,351.1025714285715,405.11913161224606
42,3,11,cart,295.011,265.92466666666667,846.0147867777791
42,3,106,cart,272.919,273.161,0.058564000000009026
42,3,257,cart,145.765,151.79457142857146,36.35573161224543
42,3,120,cart,375.484,371.25989999999996,17.84302081000018
42,3,140,cart,325.388,303.8622222222222,463.35910893827094
42,3,294,cart,519.546,481.00244444444445,1485.6056748642009
42,3,225,cart,522.461,481.00244444444445,1718.811828753087
42,3,33,subset_min,133.048,130.55006229449356,6.239692780590802
42,3,8,subset_min,522.37,484.59433635940616,1427.000763487284
42,3,88,subset_min,474.13,415.8911541467116,3391.7631663230886
42,3,131,subset_min,256.493,262.61032285173076,37.42163887230738
42,3,226,subset_min,428.876,427.7023895788733,1.3773614205771478
42,3,211,subset_min,295.062,357.5344904506146,3902.8120631021325
42,3,112,subset_min,330.937,346.4222232082775,239.79213781017577
42,3,210,subset_min,232.002,267.99106998578867,1295.2131584419942
42,3,229,subset_min,396.197,402.09013130288554,34.72899655304937
42,3,173,subset_min,435.421,428.8738015377584,42.86580770397835
42,3,250,subset_min,218.9,213.28453093321644,31.53349284000304
42,3,79,subset_min,400.908,504.7565930448788,10784.530277400845
42,3,222,subset_min,484.452,461.8095062673119,512.682522434819
42,3,66,subset_min,336.651,357.6753153793188,442.0218371690613
42,3,9,subset_min,314.569,316.8697102164478,5.293267500067204
42,3,174,subset_min,155.573,163.97262937099015,70.55377357000023
42,3,179,subset_min,236.114,268.53703703418967,1051.2533305204342
42,3,59,subset_min,234.039,248.83402985613134,218.89290844381804
42,3,287,subset_min,442.829,397.11618384314716,2089.6615609902274
42,3,291,subset_min,235.961,289.6440181959758,2881.866442629465
42,3,4,subset_min,540.085,484.45319483225387,3094.897746222069
42,3,145,subset_min,228.932,213.12186869164657,249.960251987377
42,3,48,subset_min,273.504,273.33965713218026,0.027008578203221514
42,3,67,subset_min,562.014,523.1050076787377,1513.909683456049
42,3,197,subset_min,194.136,196.662173625457,6.38155318595459
42,3,94,subset_min,320.296,300.7242099101891,383.05496731962086
42,3,158,subset_min,353.281,368.5328883565881,232.62009844182757
42,3,278,subset_min,321.551,341.5677573968389,400.67057668390476
42,3,124,subset_min,386.706,350.5522938080478,1307.0904714140036
42,3,72,subset_min,354.919,349.60512797922104,28.237235853217307
42,3,133,subset_min,451.365,364.17350044002774,7602.357595516645
42,3,295,subset_min,195.235,241.5259446333006,2142.8515550433012
42,3,165,subset_min,559.34,525.5738990285424,1140.1495748146701
42,3,32,subset_min,528.619,537.5971659760141,80.60746429285741
42,3,161,subset_min,422.585,388.70706370297825,1147.7145677450626
42,3,162,subset_min,260.859,278.2513414620199,302.493541531498
42,3,155,subset_min,437.721,480.7222756470115,1849.1097072702628
42,3,276,subset_min,509.076,447.6493130010035,3773.2378756726857
42,3,180,subset_min,330.633,377.7308052168713,2218.203256246353
42,3,121,subset_min,457.643,436.17604049180375,460.83035052653634
42,3,292,subset_min,441.085,423.98863298344446,292.28576516476744
42,3,130,subset_min,437.098,413.18920263348684,571.630591512987
42,3,108,subset_min,325.274,315.0674409982072,104.17384665707787
42,3,268,subset_min,410.803,373.3022855996319,1406.3035805379761
42,3,81,subset_min,605.271,520.4042190924383,7202.3705016120675
42,3,169,subset_min,245.48,274.29520451539776,830.3160112641998
42,3,207,subset_min,445.128,436.65312159791506,71.82356393012554
42,3,55,subset_min,283.539,289.1571674250074,31.563805215414433
42,3,181,subset_min,330.392,336.9978018372244,43.636617912677515
42,3,52,subset_min,246.515,284.75014487035645,1461.9263032571462
42,3,245,subset_min,535.272,505.3675044673434,894.2788530626817
42,3,86,subset_min,352.697,366.4431242469982,188.95593181391163
42,3,28,subset_min,330.975,344.75631027193856,189.92451281143863
42,3,11,subset_min,295.011,280.2121102537671,219.00713772115816
42,3,106,subset_min,272.919,266.64832490606847,39.32136613365302
42,3,257,subset_min,145.765,168.91018572035682,535.6996220298099
42,3,120,subset_min,375.484,400.1254459270473,607.200857375596
42,3,140,subset_min,325.388,309.1847042971386,262.54679163436657
42,3,294,subset_min,519.546,477.588447913783,1760.4361770676167
42,3,225,subset_min,522.461,482.07852427886377,1630.7443453681583
42,3,33,subset_1se,133.048,125.81685367372924,52.28947719193911
42,3,8,subset_1se,522.37,488.7284934693315,1131.750961653011
42,3,88,subset_1se,474.13,408.58991104050824,4295.503260818093
42,3,131,subset_1se,256.493,263.2419210942751,45.54793593675128
42,3,226,subset_1se,428.876,426.23834185982054,6.957240464454861
42,3,211,subset_1se,295.062,358.9987218632381,4087.904402617064
42,3,112,subset_1se,330.937,338.9626970550924,64.41181322011872
42,3,210,subset_1se,232.002,270.5061076429528,1482.5663053800977
42,3,229,subset_1se,396.197,393.67058481706704,6.382773676554207
42,3,173,subset_1se,435.421,426.7839475601866,74.59867484808615
42,3,250,subset_1se,218.9,206.8049778307407,146.28956127487382
42,3,79,subset_1se,400.908,507.13894281269137,11285.013210873301
42,3,222,subset_1se,484.452,460.11708857831786,592.1879139011157
42,3,66,subset_1se,336.651,347.9968141997382,128.72749985498066
42,3,9,subset_1se,314.569,327.51072891900765,167.4883474130784
42,3,174,subset_1se,155.573,162.5209462830171,48.273957551691176
42,3,179,subset_1se,236.114,266.82337120219836,943.0654796344096
42,3,59,subset_1se,234.039,238.26997720417992,17.90116810229027
42,3,287,subset_1se,442.829,395.7709258599177,2214.462341773481
42,3,291,subset_1se,235.961,288.62850135013184,2773.865698466138
42,3,4,subset_1se,540.085,480.5722257296227,3541.770301356888
42,3,145,subset_1se,228.932,216.41907915818123,156.57318799362216
42,3,48,subset_1se,273.504,271.63937812337076,3.476814742804415
42,3,67,subset_1se,562.014,518.412690790567,1901.0741647765867
42,3,197,subset_1se,194.136,190.71852901013568,11.679107966564167
42,3,94,subset_1se,320.296,302.82530967319303,305.22502049518624
42,3,158,subset_1se,353.281,367.28469342030166,196.10342940979996
42,3,278,subset_1se,321.551,341.859770013637,412.44613946680147
42,3,124,subset_1se,386.706,350.3517114523827,1321.6342958034206
42,3,72,subset_1se,354.919,356.67108304578153,3.0697949993151403
42,3,133,subset_1se,451.365,355.16674141582394,9254.104954628006
42,3,295,subset_1se,195.235,244.6999791040375,2446.784157762866
42,3,165,subset_1se,559.34,525.1653389155225,1167.9074602389023
42,3,32,subset_1se,528.619,528.1303717620605,0.23875755491192438
42,3,161,subset_1se,422.585,390.9319255701034,1001.9171208645744
42,3,162,subset_1se,260.859,279.3449692036938,341.7310573999155
42,3,155,subset_1se,437.721,479.2447365185566,1724.2206944625088
42,3,276,subset_1se,509.076,448.1041517494242,3717.566279091245
42,3,180,subset_1se,330.633,382.1730208638961,2656.3737506508487
42,3,121,subset_1se,457.643,441.3181399634939,266.5010552115138
42,3,292,subset_1se,441.085,414.2854306784229,718.2169158220139
42,3,130,subset_1se,437.098,405.9749132037763,968.646531725276
42,3,108,subset_1se,325.274,311.01618352585865,203.28533061029648
42,3,268,subset_1se,410.803,373.32399592540565,1404.6757464234593
42,3,81,subset_1se,605.271,521.5764014160354,7004.785832130959
42,3,169,subset_1se,245.48,291.6561594139301,2132.2376982206847
42,3,207,subset_1se,445.128,446.66831659041156,2.3725751986971493
42,3,55,subset_1se,283.539,303.14214191928676,384.2831731076982
42,3,181,subset_1se,330.392,340.84926253947725,109.35433981955431
42,3,52,subset_1se,246.515,286.7604751879875,1619.698273106917
42,3,245,subset_1se,535.272,509.9538837632348,641.0070097783569
42,3,86,subset_1se,352.697,364.18808143873764,132.04495263170065
42,3,28,subset_1se,330.975,339.5038011274205,72.74044867108884
42,3,11,subset_1se,295.011,279.96395254304963,226.41363717171734
42,3,106,subset_1se,272.919,270.93044705326724,3.9543428219594583
42,3,257,subset_1se,145.765,164.5462036492339,352.73361051399684
42,3,120,subset_1se,375.484,392.0530276092028,274.5326759145248
42,3,140,subset_1se,325.388,317.6232128331182,60.29191974697189
42,3,294,subset_1se,519.546,476.4741706927641,1855.182479871668
42,3,225,subset_1se,522.461,483.640622303172,1507.0217245243823
42,3,33,adaptive_linear,133.048,130.55006229449356,6.239692780590802
42,3,8,adaptive_linear,522.37,484.59433635940616,1427.000763487284
42,3,88,adaptive_linear,474.13,415.8911541467116,3391.7631663230886
42,3,131,adaptive_linear,256.493,262.61032285173076,37.42163887230738
42,3,226,adaptive_linear,428.876,427.7023895788733,1.3773614205771478
42,3,211,adaptive_linear,295.062,357.5344904506146,3902.8120631021325
42,3,112,adaptive_linear,330.937,346.4222232082775,239.79213781017577
42,3,210,adaptive_linear,232.002,267.99106998578867,1295.2131584419942
42,3,229,adaptive_linear,396.197,402.09013130288554,34.72899655304937
42,3,173,adaptive_linear,435.421,428.8738015377584,42.86580770397835
42,3,250,adaptive_linear,218.9,213.28453093321644,31.53349284000304
42,3,79,adaptive_linear,400.908,504.7565930448788,10784.530277400845
42,3,222,adaptive_linear,484.452,461.8095062673119,512.682522434819
42,3,66,adaptive_linear,336.651,357.6753153793188,442.0218371690613
42,3,9,adaptive_linear,314.569,316.8697102164478,5.293267500067204
42,3,174,adaptive_linear,155.573,163.97262937099015,70.55377357000023
42,3,179,adaptive_linear,236.114,268.53703703418967,1051.2533305204342
42,3,59,adaptive_linear,234.039,248.83402985613134,218.89290844381804
42,3,287,adaptive_linear,442.829,397.11618384314716,2089.6615609902274
42,3,291,adaptive_linear,235.961,289.6440181959758,2881.866442629465
42,3,4,adaptive_linear,540.085,484.45319483225387,3094.897746222069
42,3,145,adaptive_linear,228.932,213.12186869164657,249.960251987377
42,3,48,adaptive_linear,273.504,273.33965713218026,0.027008578203221514
42,3,67,adaptive_linear,562.014,523.1050076787377,1513.909683456049
42,3,197,adaptive_linear,194.136,196.662173625457,6.38155318595459
42,3,94,adaptive_linear,320.296,300.7242099101891,383.05496731962086
42,3,158,adaptive_linear,353.281,368.5328883565881,232.62009844182757
42,3,278,adaptive_linear,321.551,341.5677573968389,400.67057668390476
42,3,124,adaptive_linear,386.706,350.5522938080478,1307.0904714140036
42,3,72,adaptive_linear,354.919,349.60512797922104,28.237235853217307
42,3,133,adaptive_linear,451.365,364.17350044002774,7602.357595516645
42,3,295,adaptive_linear,195.235,241.5259446333006,2142.8515550433012
42,3,165,adaptive_linear,559.34,525.5738990285424,1140.1495748146701
42,3,32,adaptive_linear,528.619,537.5971659760141,80.60746429285741
42,3,161,adaptive_linear,422.585,388.70706370297825,1147.7145677450626
42,3,162,adaptive_linear,260.859,278.2513414620199,302.493541531498
42,3,155,adaptive_linear,437.721,480.7222756470115,1849.1097072702628
42,3,276,adaptive_linear,509.076,447.6493130010035,3773.2378756726857
42,3,180,adaptive_linear,330.633,377.7308052168713,2218.203256246353
42,3,121,adaptive_linear,457.643,436.17604049180375,460.83035052653634
42,3,292,adaptive_linear,441.085,423.98863298344446,292.28576516476744
42,3,130,adaptive_linear,437.098,413.18920263348684,571.630591512987
42,3,108,adaptive_linear,325.274,315.0674409982072,104.17384665707787
42,3,268,adaptive_linear,410.803,373.3022855996319,1406.3035805379761
42,3,81,adaptive_linear,605.271,520.4042190924383,7202.3705016120675
42,3,169,adaptive_linear,245.48,274.29520451539776,830.3160112641998
42,3,207,adaptive_linear,445.128,436.65312159791506,71.82356393012554
42,3,55,adaptive_linear,283.539,289.1571674250074,31.563805215414433
42,3,181,adaptive_linear,330.392,336.9978018372244,43.636617912677515
42,3,52,adaptive_linear,246.515,284.75014487035645,1461.9263032571462
42,3,245,adaptive_linear,535.272,505.3675044673434,894.2788530626817
42,3,86,adaptive_linear,352.697,366.4431242469982,188.95593181391163
42,3,28,adaptive_linear,330.975,344.75631027193856,189.92451281143863
42,3,11,adaptive_linear,295.011,280.2121102537671,219.00713772115816
42,3,106,adaptive_linear,272.919,266.64832490606847,39.32136613365302
42,3,257,adaptive_linear,145.765,168.91018572035682,535.6996220298099
42,3,120,adaptive_linear,375.484,400.1254459270473,607.200857375596
42,3,140,adaptive_linear,325.388,309.1847042971386,262.54679163436657
42,3,294,adaptive_linear,519.546,477.588447913783,1760.4361770676167
42,3,225,adaptive_linear,522.461,482.07852427886377,1630.7443453681583
42,4,128,ols_all,261.766,255.12428799865688,44.11233830878546
42,4,264,ols_all,273.541,341.8476454908857,4665.797818217539
42,4,247,ols_all,256.963,269.1228879912371,147.86287595943222
42,4,91,ols_all,358.993,337.56124219579146,459.3202425782532
42,4,185,ols_all,268.273,261.36987249705794,47.65316932187541
42,4,39,ols_all,321.065,304.8686525716637,262.3216700193762
42,4,209,ols_all,293.538,282.62493907957173,119.09489865297891
42,4,147,ols_all,232.804,221.52851834116495,127.13648663872556
42,4,13,ols_all,333.614,386.1190151044532,2756.7766111188594
42,4,204,ols_all,283.113,285.384656704892,5.160424184880759
42,4,218,ols_all,296.661,284.96462862271596,136.8051033953493
42,4,5,ols_all,359.251,337.65520768686497,466.37824563206107
42,4,85,ols_all,270.692,297.13155922057854,699.0502917784792
42,4,231,ols_all,288.633,256.40415867948946,1038.6982128626466
42,4,176,ols_all,409.854,415.5082388120393,31.970416543571545
42,4,186,ols_all,486.28,455.3477868595721,956.8018097648572
42,4,228,ols_all,330.83,352.6580901387031,476.46551910334705
42,4,227,ols_all,320.454,308.9571205235686,132.17823769558927
42,4,239,ols_all,279.075,236.50490700182286,1812.2128178734497
42,4,263,ols_all,170.128,201.19141845620675,964.9359661854069
42,4,260,ols_all,175.644,126.27601010637068,2437.1984261374873
42,4,243,ols_all,260.705,250.50210008742692,104.09916662598334
42,4,265,ols_all,276.409,207.42721628698496,4758.486484229186
42,4,78,ols_all,375.612,373.2847084846833,5.416285797265309
42,4,44,ols_all,383.504,363.5445695797746,398.37886269982033
42,4,119,ols_all,284.404,285.5675609189741,1.3538740121638497
42,4,277,ols_all,388.293,409.85020849025545,464.71323789234157
42,4,114,ols_all,339.775,353.09641606563696,177.46012599381106
42,4,170,ols_all,255.102,283.32643880694627,796.6189459670544
42,4,83,ols_all,433.596,490.2085530705515,3204.9811651660084
42,4,123,ols_all,485.218,482.7009624289565,6.33547813404479
42,4,45,ols_all,244.551,257.4238029473888,165.70905572230265
42,4,103,ols_all,377.744,422.37501615897713,1991.9276033828753
42,4,90,ols_all,288.704,264.600487625564,580.9793087845884
42,4,199,ols_all,446.437,423.02199575727695,548.2624236867388
42,4,18,ols_all,319.064,290.3081675603419,826.897899297696
42,4,251,ols_all,361.326,419.72240669506004,3410.140314894851
42,4,206,ols_all,340.646,346.7474855741318,37.22812621133846
42,4,87,ols_all,435.447,490.40908304127356,3020.8305722358505
42,4,200,ols_all,438.666,440.25001994595254,2.5091191891755127
42,4,142,ols_all,160.258,155.08165114055373,26.79458751469079
42,4,111,ols_all,397.526,394.79923241873917,7.435261442215117
42,4,219,ols_all,197.665,140.71384901474744,3243.433598545033
42,4,73,ols_all,391.098,370.4656447259115,425.6940841562086
42,4,236,ols_all,486.011,486.83969538034376,0.6867360334030416
42,4,21,ols_all,316.871,324.2012376104783,53.73238342607092
42,4,151,ols_all,446.733,449.052014978078,5.377830468549983
42,4,93,ols_all,297.073,244.42490739076243,2771.8216553908537
42,4,252,ols_all,253.683,231.03459919072634,512.9500592175075
42,4,215,ols_all,485.364,495.887909974432,110.75268114994937
42,4,272,ols_all,353.33,372.5923150882534,371.0367825591541
42,4,187,ols_all,428.773,403.55660510114217,635.8665716951446
42,4,65,ols_all,443.636,433.1530723792423,109.89177150204513
42,4,282,ols_all,385.582,343.7877830195382,1746.75657300992
42,4,99,ols_all,282.584,232.42262847000688,2516.163193770004
42,4,71,ols_all,456.1,465.4365928709137,87.17196643719662
42,4,270,ols_all,377.08,329.54815663472687,2259.2761337008583
42,4,69,ols_all,481.732,506.16547055163915,596.994483197816
42,4,154,ols_all,237.824,227.44810197691118,107.65925978553884
42,4,241,ols_all,447.454,418.6815155679917,827.8558603901598
42,4,128,ridge,261.766,258.4832082704428,10.776721539649362
42,4,264,ridge,273.541,340.4116501963342,4471.683857680495
42,4,247,ridge,256.963,270.11660506804037,173.01732628597676
42,4,91,ridge,358.993,339.3874552334708,384.3773855923802
42,4,185,ridge,268.273,267.52502769510454,0.5594625688906626
42,4,39,ridge,321.065,304.1939291880493,284.6330303418544
42,4,209,ridge,293.538,283.0729209722577,109.51787905689214
42,4,147,ridge,232.804,224.5168132505408,68.6774642204123
42,4,13,ridge,333.614,388.3791391484981,2999.2204659543618
42,4,204,ridge,283.113,286.125792343251,9.076917703551981
42,4,218,ridge,296.661,285.29975027266426,129.07799536688657
42,4,5,ridge,359.251,336.93685710346415,497.9209732070203
42,4,85,ridge,270.692,298.09073997857837,750.6909524137483
42,4,231,ridge,288.633,257.21630088825793,987.0089830777335
42,4,176,ridge,409.854,414.3548726333571,20.257854461703047
42,4,186,ridge,486.28,453.5087991726379,1073.951603667296
42,4,228,ridge,330.83,351.9890181519809,447.7040491558567
42,4,227,ridge,320.454,309.20054952937625,126.64014749478216
42,4,239,ridge,279.075,237.1588311741951,1756.9652090333786
42,4,263,ridge,170.128,200.61710123741622,929.5852942654162
42,4,260,ridge,175.644,127.54507675097673,2313.5064177154313
42,4,243,ridge,260.705,251.95315009220974,76.59487680848811
42,4,265,ridge,276.409,208.3007554291001,4638.732978529516
42,4,78,ridge,375.612,374.3277287789162,1.6493525693041444
42,4,44,ridge,383.504,366.65637331667244,283.84252486077133
42,4,119,ridge,284.404,288.61234130651167,17.71013655209235
42,4,277,ridge,388.293,409.45455451606904,447.81138953656165
42,4,114,ridge,339.775,355.1462712523364,236.27597991290472
42,4,170,ridge,255.102,283.7941502058834,823.2394834369745
42,4,83,ridge,433.596,489.9362514122738,3174.22392919822
42,4,123,ridge,485.218,482.8025039950911,5.83462094973087
42,4,45,ridge,244.551,258.6585249476487,199.02226014853042
42,4,103,ridge,377.744,422.9907385716896,2047.2673513748186
42,4,90,ridge,288.704,268.33591015468505,414.8590839468222
42,4,199,ridge,446.437,423.20273359032416,539.8311355957917
42,4,18,ridge,319.064,291.2306846321021,774.693444368862
42,4,251,ridge,361.326,416.5773091336508,3052.7071609822387
42,4,206,ridge,340.646,348.24610186230126,57.76154831735484
42,4,87,ridge,435.447,491.3033180927813,3119.928270881967
42,4,200,ridge,438.666,439.5996737958704,0.8717467570950239
42,4,142,ridge,160.258,154.53039560250988,32.805452134148226
42,4,111,ridge,397.526,393.8958250488389,13.178170176037561
42,4,219,ridge,197.665,140.72440809348572,3242.2310066641985
42,4,73,ridge,391.098,370.0085162158489,444.76632628197336
42,4,236,ridge,486.011,485.6629380049491,0.1211471523988114
42,4,21,ridge,316.871,325.144603124394,68.4525086599824
42,4,151,ridge,446.733,449.32986143098526,6.7436892917387965
42,4,93,ridge,297.073,244.1936290289571,2796.2278742931717
42,4,252,ridge,253.683,232.25863275719965,459.0035117543764
42,4,215,ridge,485.364,493.95944346768897,73.8816484062374
42,4,272,ridge,353.33,374.06447885793324,429.9186135100811
42,4,187,ridge,428.773,403.1293934362436,657.5945575967306
42,4,65,ridge,443.636,432.8597591980492,116.12736582163026
42,4,282,ridge,385.582,344.19885100007457,1712.5650211500288
42,4,99,ridge,282.584,232.66624450658475,2491.782313500389
42,4,71,ridge,456.1,463.5591297030835,55.638615927422194
42,4,270,ridge,377.08,331.6344494386241,2065.298065826574
42,4,69,ridge,481.732,520.3166467233776,1488.774962767854
42,4,154,ridge,237.824,227.41729470718013,108.29951505160528
42,4,241,ridge,447.454,417.8743062879118,874.9582801009511
42,4,128,pls,261.766,255.12102691289124,44.1556673284
42,4,264,pls,273.541,341.8432244398703,4665.193863434418
42,4,247,pls,256.963,269.1410995926136,148.30610968761533
42,4,91,pls,358.993,337.55251798257416,459.6942691395607
42,4,185,pls,268.273,261.3617689604828,47.76511448158665
42,4,39,pls,321.065,304.8606357309901,262.58142136276433
42,4,209,pls,293.538,282.6455461492536,118.64555089063991
42,4,147,pls,232.804,221.52344207927953,127.2509870027293
42,4,13,pls,333.614,386.11260028939773,2756.103032345954
42,4,204,pls,283.113,285.4024453821221,5.241560157720192
42,4,218,pls,296.661,284.98026859236427,136.43948621732784
42,4,5,pls,359.251,337.65530390023133,466.37409003356265
42,4,85,pls,270.692,297.13732305935116,699.3551117134499
42,4,231,pls,288.633,256.40526050805755,1038.6271927605057
42,4,176,pls,409.854,415.4969140184947,31.842478620124087
42,4,186,pls,486.28,455.3251855495974,958.2005376588523
42,4,228,pls,330.83,352.64483774274913,475.88714574247274
42,4,227,pls,320.454,308.9473291053961,132.40347507672516
42,4,239,pls,279.075,236.51616926094965,1811.2540738751359
42,4,263,pls,170.128,201.2147907796318,966.3885609766023
42,4,260,pls,175.644,126.27192254608613,2437.6020321152705
42,4,243,pls,260.705,250.49781978427296,104.18652795632912
42,4,265,pls,276.409,207.42849056134293,4758.310682416656
42,4,78,pls,375.612,373.28222562335094,5.427848646090627
42,4,44,pls,383.504,363.538989484316,398.60164489137327
42,4,119,pls,284.404,285.5653926748138,1.3488329451111132
42,4,277,pls,388.293,409.8545224939182,464.8992522557395
42,4,114,pls,339.775,353.086005373129,177.18286404347003
42,4,170,pls,255.102,283.347436799364,797.8046999868661
42,4,83,pls,433.596,490.2116453523839,3205.331298666911
42,4,123,pls,485.218,482.6886186160648,6.397770185398104
42,4,45,pls,244.551,257.4154732003078,165.49467072143833
42,4,103,pls,377.744,422.3715511325797,1991.6183200910154
42,4,90,pls,288.704,264.5766816516099,582.1274906845632
42,4,199,pls,446.437,423.0176090986823,548.4678701887215
42,4,18,pls,319.064,290.3106124848845,826.7572935944027
42,4,251,pls,361.326,419.7147246131791,3409.243161953664
42,4,206,pls,340.646,346.7447865394461,37.195197253729056
42,4,87,pls,435.447,490.4074671741324,3020.652951998887
42,4,200,pls,438.666,440.2471902787755,2.500162697694216
42,4,142,pls,160.258,155.07508808835132,26.862575883909855
42,4,111,pls,397.526,394.79107074757735,7.479838015757169
42,4,219,pls,197.665,140.73030005342892,3241.56005800608
42,4,73,pls,391.098,370.46998135505316,425.5151532162748
42,4,236,pls,486.011,486.84009981979403,0.6874065111824595
42,4,21,pls,316.871,324.2010182602052,53.72916769494219
42,4,151,pls,446.733,449.0607728418803,5.418526403395439
42,4,93,pls,297.073,244.4319804820729,2771.0769358867797
42,4,252,pls,253.683,231.01728595755662,513.7345930538146
42,4,215,pls,485.364,495.8971868865338,110.94802598664816
42,4,272,pls,353.33,372.57987600098903,370.5577260534541
42,4,187,pls,428.773,403.5730923159407,635.0353472851123
42,4,65,pls,443.636,433.1529750062064,109.89381302050143
42,4,282,pls,385.582,343.78236036984606,1747.2098732107352
42,4,99,pls,282.584,232.42728976241324,2515.695581857241
42,4,71,pls,456.1,465.43976252640186,87.23116404958012
42,4,270,pls,377.08,329.54096345913297,2259.9599952338895
42,4,69,pls,481.732,506.1051029394358,594.0481468963338
42,4,154,pls,237.824,227.45039198984892,107.61174314827082
42,4,241,pls,447.454,418.6722595023282,828.3885860753221
42,4,128,huber,261.766,258.7756351787957,8.942281763896283
42,4,264,huber,273.541,340.60562874852553,4497.664429177557
42,4,247,huber,256.963,269.7085111250134,162.44805383783947
42,4,91,huber,358.993,340.216890574116,352.54228517276954
42,4,185,huber,268.273,266.3840722615639,3.568048001033355
42,4,39,huber,321.065,304.2434738382805,282.96374240941276
42,4,209,huber,293.538,281.97392205087533,133.72789881343166
42,4,147,huber,232.804,222.8860852116491,98.36503374898973
42,4,13,huber,333.614,387.6913231141213,2924.3568751890807
42,4,204,huber,283.113,286.6236744478971,12.324835079117525
42,4,218,huber,296.661,286.22624463260195,108.8841195774425
42,4,5,huber,359.251,336.79934336163825,504.07688580689216
42,4,85,huber,270.692,298.42114816046757,768.9056577051614
42,4,231,huber,288.633,256.19811524747513,1052.0217489095692
42,4,176,huber,409.854,414.5267169363389,21.83428356714867
42,4,186,huber,486.28,454.15030171176295,1032.317512093141
42,4,228,huber,330.83,353.2593126372384,503.07406537898265
42,4,227,huber,320.454,308.2779033504369,148.2573296195026
42,4,239,huber,279.075,236.9795784815319,1772.0245128175072
42,4,263,huber,170.128,199.68836475800327,873.8151646262028
42,4,260,huber,175.644,127.11446874887702,2355.115403453723
42,4,243,huber,260.705,250.8823556006042,96.48434299698137
42,4,265,huber,276.409,207.10904615717197,4802.483602618094
42,4,78,huber,375.612,374.118373687799,2.2309195604991645
42,4,44,huber,383.504,366.40888122900407,292.2430857944582
42,4,119,huber,284.404,288.8738058241993,19.97916410604584
42,4,277,huber,388.293,408.7420240021776,418.16258264163423
42,4,114,huber,339.775,355.03609205768896,232.90093079325777
42,4,170,huber,255.102,282.6950044782112,761.3738961345841
42,4,83,huber,433.596,490.9635905394971,3291.040444307396
42,4,123,huber,485.218,481.16101324148326,16.459141558780306
42,4,45,huber,244.551,258.6051071045905,197.51792650730155
42,4,103,huber,377.744,421.33159734480216,1899.878642292602
42,4,90,huber,288.704,268.169173130086,421.67911457734255
42,4,199,huber,446.437,422.2317945331768,585.8919716911278
42,4,18,huber,319.064,292.1489204096424,724.4215093552846
42,4,251,huber,361.326,417.32964441895655,3136.4081882049204
42,4,206,huber,340.646,347.46792488162356,46.538659090514415
42,4,87,huber,435.447,491.4248654776127,3133.521423429702
42,4,200,huber,438.666,439.238703393826,0.32798917729979
42,4,142,huber,160.258,154.21012951413215,36.57673741383156
42,4,111,huber,397.526,392.6030935859578,24.235007561417717
42,4,219,huber,197.665,140.55062257875883,3262.0521082159817
42,4,73,huber,391.098,370.7022054289589,415.98843618410996
42,4,236,huber,486.011,486.2992343747021,0.08307905475990221
42,4,21,huber,316.871,324.8555087649576,63.75238021768536
42,4,151,huber,446.733,448.6144694359754,3.539927238509659
42,4,93,huber,297.073,244.70199992183115,2742.72164918756
42,4,252,huber,253.683,231.18901555541603,505.9793361931851
42,4,215,huber,485.364,495.62370068356836,105.26145811641354
42,4,272,huber,353.33,373.83626185557836,420.50677528954856
42,4,187,huber,428.773,403.0589352221387,661.2131274000484
42,4,65,huber,443.636,432.84703605503256,116.40174300580789
42,4,282,huber,385.582,344.7890548850472,1664.0643711515493
42,4,99,huber,282.584,233.4784193645564,2411.3580495440538
42,4,71,huber,456.1,463.5935429459953,56.153185883475516
42,4,270,huber,377.08,332.43130714847473,1993.5057733498425
42,4,69,huber,481.732,523.5138538277982,1745.7233092874965
42,4,154,huber,237.824,228.75047565002356,82.3288441296156
42,4,241,huber,447.454,417.1327187454388,919.3800969182043
42,4,128,cart,261.766,242.1386,385.2348307600009
42,4,264,cart,273.541,336.41949999999997,3953.705762249997
42,4,247,cart,256.963,341.5565454545454,7156.067932570238
42,4,91,cart,358.993,341.5565454545454,304.0299471157037
42,4,185,cart,268.273,336.41949999999997,4643.9454622499925
42,4,39,cart,321.065,274.2698,2189.7907430400023
42,4,209,cart,293.538,296.5951818181818,9.346360669421308
42,4,147,cart,232.804,146.48200000000003,7451.487683999995
42,4,13,cart,333.614,353.0781111111112,378.8516213456828
42,4,204,cart,283.113,239.2313333333333,1925.6006694444463
42,4,218,cart,296.661,336.41949999999997,1580.7383222499975
42,4,5,cart,359.251,428.1139999999999,4742.112768999992
42,4,85,cart,270.692,336.41949999999997,4320.104256249995
42,4,231,cart,288.633,353.0781111111112,4153.172346123469
42,4,176,cart,409.854,392.39700000000005,304.7468489999978
42,4,186,cart,486.28,449.56540000000007,1347.961853159993
42,4,228,cart,330.83,296.5951818181818,1172.0227759421489
42,4,227,cart,320.454,355.89355555555557,1255.9620979753088
42,4,239,cart,279.075,221.287875,3339.351815765622
42,4,263,cart,170.128,221.287875,2617.3328100156277
42,4,260,cart,175.644,146.48200000000003,850.4222439999987
42,4,243,cart,260.705,242.1386,344.7112089599995
42,4,265,cart,276.409,146.48200000000003,16881.02532899999
42,4,78,cart,375.612,370.0364444444444,31.086819753087344
42,4,44,cart,383.504,419.95739999999995,1328.850371559995
42,4,119,cart,284.404,261.5394,522.7899331599998
42,4,277,cart,388.293,409.4402,447.20406783999994
42,4,114,cart,339.775,355.89355555555557,259.8078331975319
42,4,170,cart,255.102,296.5951818181818,1721.6841373966924
42,4,83,cart,433.596,460.3628,716.4615822399994
42,4,123,cart,485.218,467.4117142857143,317.06381093877525
42,4,45,cart,244.551,314.0242857142857,4826.537427938779
42,4,103,cart,377.744,449.56540000000007,5158.313497960005
42,4,90,cart,288.704,274.2698,208.34612964000095
42,4,199,cart,446.437,448.334,3.5986089999999673
42,4,18,cart,319.064,272.1483333333333,2201.079778777782
42,4,251,cart,361.326,370.0364444444444,75.87184241975167
42,4,206,cart,340.646,370.0364444444444,863.7982246419709
42,4,87,cart,435.447,477.29716666666667,1751.4364500277777
42,4,200,cart,438.666,409.4402,854.1473856399996
42,4,142,cart,160.258,146.48200000000003,189.77817599999952
42,4,111,cart,397.526,448.334,2581.4528639999994
42,4,219,cart,197.665,221.287875,558.0402232656261
42,4,73,cart,391.098,392.846875,3.0585637656249935
42,4,236,cart,486.011,513.8752000000001,776.4136416400022
42,4,21,cart,316.871,296.5951818181818,411.1088029421487
42,4,151,cart,446.733,460.3628,185.77144803999968
42,4,93,cart,297.073,221.287875,5743.38517126562
42,4,252,cart,253.683,274.2698,423.81633423999926
42,4,215,cart,485.364,613.48475,16414.926580562496
42,4,272,cart,353.33,355.89355555555557,6.571817086419884
42,4,187,cart,428.773,392.846875,1290.686457515626
42,4,65,cart,443.636,419.95739999999995,560.6760979600035
42,4,282,cart,385.582,296.5951818181818,7918.653810123969
42,4,99,cart,282.584,261.5394,442.8751891600001
42,4,71,cart,456.1,419.95739999999995,1306.2875347600052
42,4,270,cart,377.08,341.5565454545454,1261.915822842977
42,4,69,cart,481.732,392.39700000000005,7980.742224999996
42,4,154,cart,237.824,274.2698,1328.2963376399973
42,4,241,cart,447.454,392.39700000000005,3031.2732489999958
42,4,128,subset_min,261.766,253.25798932276993,72.3862456838612
42,4,264,subset_min,273.541,343.57188860641963,4904.325359004756
42,4,247,subset_min,256.963,269.6293858418345,160.43733029422503
42,4,91,subset_min,358.993,337.4154326542995,465.5914125582412
42,4,185,subset_min,268.273,247.10646063347176,448.02238875479094
42,4,39,subset_min,321.065,306.56977588520965,210.11152213799957
42,4,209,subset_min,293.538,281.6704078937862,140.83974239946824
42,4,147,subset_min,232.804,216.7920779264532,256.38164848933525
42,4,13,subset_min,333.614,379.35218026083163,2091.9811335723302
42,4,204,subset_min,283.113,290.29827244280875,51.62814007738686
42,4,218,subset_min,296.661,286.6547240721081,100.1255579451093
42,4,5,subset_min,359.251,339.1022609844024,405.9716839186643
42,4,85,subset_min,270.692,296.6958637892105,676.2009319678115
42,4,231,subset_min,288.633,259.0048947494636,877.824620736863
42,4,176,subset_min,409.854,416.57171338178625,45.1276730798303
42,4,186,subset_min,486.28,456.37841928151744,894.1045294639265
42,4,228,subset_min,330.83,354.2680816942569,549.3436735066621
42,4,227,subset_min,320.454,303.3237985547684,293.44380155421453
42,4,239,subset_min,279.075,238.21564617030822,1669.4867953799476
42,4,263,subset_min,170.128,202.67367734625319,1059.2211139264186
42,4,260,subset_min,175.644,117.71864233564348,3355.3470605436273
42,4,243,subset_min,260.705,248.55521316361967,147.6173201694804
42,4,265,subset_min,276.409,205.71603576605224,4997.495192182216
42,4,78,subset_min,375.612,370.81979032393775,22.965273579344853
42,4,44,subset_min,383.504,360.1914130291818,543.4767112719646
42,4,119,subset_min,284.404,284.12148979133156,0.07981201800188609
42,4,277,subset_min,388.293,408.95461448792133,426.90231324748044
42,4,114,subset_min,339.775,345.1963384862213,29.39091098218443
42,4,170,subset_min,255.102,282.3581717823541,742.8989002291944
42,4,83,subset_min,433.596,489.9340448036504,3173.97529229812
42,4,123,subset_min,485.218,479.4392877183554,33.393515634030486
42,4,45,subset_min,244.551,255.67990804079128,123.85259418038898
42,4,103,subset_min,377.744,418.922059376903,1695.6325740477473
42,4,90,subset_min,288.704,260.513924892112,794.6803345883662
42,4,199,subset_min,446.437,421.19742802507335,637.0359934775033
42,4,18,subset_min,319.064,293.4449016491638,656.3382003098194
42,4,251,subset_min,361.326,422.0882048959546,3692.045543817969
42,4,206,subset_min,340.646,343.536653129151,8.35587551307025
42,4,87,subset_min,435.447,488.50332823267905,2814.973965533776
42,4,200,subset_min,438.666,439.2548801760213,0.3467798617108671
42,4,142,subset_min,160.258,158.40921221403494,3.418016277533634
42,4,111,subset_min,397.526,393.8884581542418,13.231710679642127
42,4,219,subset_min,197.665,144.1186269268999,2867.214069283618
42,4,73,subset_min,391.098,373.21321013675623,319.86570845238754
42,4,236,subset_min,486.011,489.58765662232497,12.792472594020898
42,4,21,subset_min,316.871,324.3831440719406,56.432308557592464
42,4,151,subset_min,446.733,447.5288476186133,0.6333734320524965
42,4,93,subset_min,297.073,249.73543483385993,2240.845075858556
42,4,252,subset_min,253.683,220.2807653004651,1115.7092829228125
42,4,215,subset_min,485.364,498.65959157734835,176.77275539165706
42,4,272,subset_min,353.33,367.29553767602584,195.0362425804978
42,4,187,subset_min,428.773,403.4651231782465,640.4886292250507
42,4,65,subset_min,443.636,432.8863101803777,115.55583121809232
42,4,282,subset_min,385.582,344.0930252557294,1721.335025330723
42,4,99,subset_min,282.584,235.608930659459,2206.657139548636
42,4,71,subset_min,456.1,466.9430194807673,117.57107146029878
42,4,270,subset_min,377.08,328.9215343567197,2319.2378131150085
42,4,69,subset_min,481.732,457.0521570663667,609.0946472288107
42,4,154,subset_min,237.824,230.34636249764577,55.91506261661458
42,4,241,subset_min,447.454,419.0624663373262,806.0791837187393
42,4,128,subset_1se,261.766,271.3149703294999,91.18283435366878
42,4,264,subset_1se,273.541,346.2993163433551,5293.772597119732
42,4,247,subset_1se,256.963,259.4996435607196,6.4345605541401945
42,4,91,subset_1se,358.993,351.043424658786,63.19574810563724
42,4,185,subset_1se,268.273,251.360000527453,286.04955115837606
42,4,39,subset_1se,321.065,315.46056653400655,31.409674474747376
42,4,209,subset_1se,293.538,277.6868328363255,251.25950045075325
42,4,147,subset_1se,232.804,209.69901498988523,533.8403323176284
42,4,13,subset_1se,333.614,380.6645470788576,2213.7539804197972
42,4,204,subset_1se,283.113,311.81260081910136,823.6670871757636
42,4,218,subset_1se,296.661,301.2238076774471,20.81921390137017
42,4,5,subset_1se,359.251,346.0312983974945,174.76051045928637
42,4,85,subset_1se,270.692,312.85645490888714,1777.8412577635766
42,4,231,subset_1se,288.633,270.41887498881334,331.75434992313467
42,4,176,subset_1se,409.854,430.1040871297694,410.06602876325394
42,4,186,subset_1se,486.28,473.29064010771395,168.72347041132863
42,4,228,subset_1se,330.83,343.0777189220452,150.00661879342496
42,4,227,subset_1se,320.454,274.22575726636006,2137.050426240334
42,4,239,subset_1se,279.075,243.0668369971576,1296.5878028392679
42,4,263,subset_1se,170.128,181.83119003056913,136.96465689161306
42,4,260,subset_1se,175.644,114.62557719296781,3723.247921857747
42,4,243,subset_1se,260.705,251.13461212475767,91.59232408258517
42,4,265,subset_1se,276.409,202.4538628699001,5469.36230793188
42,4,78,subset_1se,375.612,373.9064145689127,2.909021662737397
42,4,44,subset_1se,383.504,380.9034441339487,6.762890812453873
42,4,119,subset_1se,284.404,297.77231262643784,178.7117824781774
42,4,277,subset_1se,388.293,396.74356596047994,71.41206505242216
42,4,114,subset_1se,339.775,342.2846656434811,6.2984216420695445
42,4,170,subset_1se,255.102,277.6868328363255,510.0746742447661
42,4,83,subset_1se,433.596,477.0282421700242,1886.3596599156294
42,4,123,subset_1se,485.218,480.5418904669164,21.86600036539536
42,4,45,subset_1se,244.551,248.86440945318157,18.605501110796197
42,4,103,subset_1se,377.744,419.1399578223984,1713.625324033785
42,4,90,subset_1se,288.704,275.1835999100596,182.80121859205985
42,4,199,subset_1se,446.437,416.6576361022305,886.8105141557766
42,4,18,subset_1se,319.064,314.00769802522416,25.566189660122294
42,4,251,subset_1se,361.326,407.52397578355135,2134.252966497595
42,4,206,subset_1se,340.646,353.4080052209417,162.86877725934218
42,4,87,subset_1se,435.447,489.4867725246981,2920.297014521115
42,4,200,subset_1se,438.666,428.77699332026555,97.79245311183257
42,4,142,subset_1se,160.258,165.08319972693482,23.28255240481179
42,4,111,subset_1se,397.526,391.999457645049,30.542670401067397
42,4,219,subset_1se,197.665,132.60046539215818,4233.393663735044
42,4,73,subset_1se,391.098,375.2030172746401,252.65047583948993
42,4,236,subset_1se,486.011,493.7438943880473,59.79765561669297
42,4,21,subset_1se,316.871,329.6367073563354,162.96328430759678
42,4,151,subset_1se,446.733,429.17001622197824,308.4583991870555
42,4,93,subset_1se,297.073,251.1323917329515,2110.5394879464025
42,4,252,subset_1se,253.683,223.11694525261828,934.2837028199361
42,4,215,subset_1se,485.364,508.3496636069075,528.3407314499123
42,4,272,subset_1se,353.33,360.5414427418656,52.004906419205994
42,4,187,subset_1se,428.773,391.2676758099702,1406.6493425992342
42,4,65,subset_1se,443.636,434.6864945468402,80.09364785613728
42,4,282,subset_1se,385.582,349.61092328621385,1293.918359949088
42,4,99,subset_1se,282.584,231.18823619446493,2641.5245371543488
42,4,71,subset_1se,456.1,472.01330454518774,253.23326154789194
42,4,270,subset_1se,377.08,341.65536302053204,1254.904905127088
42,4,69,subset_1se,481.732,472.3448913813197,88.11780821890225
42,4,154,subset_1se,237.824,262.72955701392067,620.2867701736524
42,4,241,subset_1se,447.454,435.95678185360873,132.18602510570886
42,4,128,adaptive_linear,261.766,253.25798932276993,72.3862456838612
42,4,264,adaptive_linear,273.541,343.57188860641963,4904.325359004756
42,4,247,adaptive_linear,256.963,269.6293858418345,160.43733029422503
42,4,91,adaptive_linear,358.993,337.4154326542995,465.5914125582412
42,4,185,adaptive_linear,268.273,247.10646063347176,448.02238875479094
42,4,39,adaptive_linear,321.065,306.56977588520965,210.11152213799957
42,4,209,adaptive_linear,293.538,281.6704078937862,140.83974239946824
42,4,147,adaptive_linear,232.804,216.7920779264532,256.38164848933525
42,4,13,adaptive_linear,333.614,379.35218026083163,2091.9811335723302
42,4,204,adaptive_linear,283.113,290.29827244280875,51.62814007738686
42,4,218,adaptive_linear,296.661,286.6547240721081,100.1255579451093
42,4,5,adaptive_linear,359.251,339.1022609844024,405.9716839186643
42,4,85,adaptive_linear,270.692,296.6958637892105,676.2009319678115
42,4,231,adaptive_linear,288.633,259.0048947494636,877.824620736863
42,4,176,adaptive_linear,409.854,416.57171338178625,45.1276730798303
42,4,186,adaptive_linear,486.28,456.37841928151744,894.1045294639265
42,4,228,adaptive_linear,330.83,354.2680816942569,549.3436735066621
42,4,227,adaptive_linear,320.454,303.3237985547684,293.44380155421453
42,4,239,adaptive_linear,279.075,238.21564617030822,1669.4867953799476
42,4,263,adaptive_linear,170.128,202.67367734625319,1059.2211139264186
42,4,260,adaptive_linear,175.644,117.71864233564348,3355.3470605436273
42,4,243,adaptive_linear,260.705,248.55521316361967,147.6173201694804
42,4,265,adaptive_linear,276.409,205.71603576605224,4997.495192182216
42,4,78,adaptive_linear,375.612,370.81979032393775,22.965273579344853
42,4,44,adaptive_linear,383.504,360.1914130291818,543.4767112719646
42,4,119,adaptive_linear,284.404,284.12148979133156,0.07981201800188609
42,4,277,adaptive_linear,388.293,408.95461448792133,426.90231324748044
42,4,114,adaptive_linear,339.775,345.1963384862213,29.39091098218443
42,4,170,adaptive_linear,255.102,282.3581717823541,742.8989002291944
42,4,83,adaptive_linear,433.596,489.9340448036504,3173.97529229812
42,4,123,adaptive_linear,485.218,479.4392877183554,33.393515634030486
42,4,45,adaptive_linear,244.551,255.67990804079128,123.85259418038898
42,4,103,adaptive_linear,377.744,418.922059376903,1695.6325740477473
42,4,90,adaptive_linear,288.704,260.513924892112,794.6803345883662
42,4,199,adaptive_linear,446.437,421.19742802507335,637.0359934775033
42,4,18,adaptive_linear,319.064,293.4449016491638,656.3382003098194
42,4,251,adaptive_linear,361.326,422.0882048959546,3692.045543817969
42,4,206,adaptive_linear,340.646,343.536653129151,8.35587551307025
42,4,87,adaptive_linear,435.447,488.50332823267905,2814.973965533776
42,4,200,adaptive_linear,438.666,439.2548801760213,0.3467798617108671
42,4,142,adaptive_linear,160.258,158.40921221403494,3.418016277533634
42,4,111,adaptive_linear,397.526,393.8884581542418,13.231710679642127
42,4,219,adaptive_linear,197.665,144.1186269268999,2867.214069283618
42,4,73,adaptive_linear,391.098,373.21321013675623,319.86570845238754
42,4,236,adaptive_linear,486.011,489.58765662232497,12.792472594020898
42,4,21,adaptive_linear,316.871,324.3831440719406,56.432308557592464
42,4,151,adaptive_linear,446.733,447.5288476186133,0.6333734320524965
42,4,93,adaptive_linear,297.073,249.73543483385993,2240.845075858556
42,4,252,adaptive_linear,253.683,220.2807653004651,1115.7092829228125
42,4,215,adaptive_linear,485.364,498.65959157734835,176.77275539165706
42,4,272,adaptive_linear,353.33,367.29553767602584,195.0362425804978
42,4,187,adaptive_linear,428.773,403.4651231782465,640.4886292250507
42,4,65,adaptive_linear,443.636,432.8863101803777,115.55583121809232
42,4,282,adaptive_linear,385.582,344.0930252557294,1721.335025330723
42,4,99,adaptive_linear,282.584,235.608930659459,2206.657139548636
42,4,71,adaptive_linear,456.1,466.9430194807673,117.57107146029878
42,4,270,adaptive_linear,377.08,328.9215343567197,2319.2378131150085
42,4,69,adaptive_linear,481.732,457.0521570663667,609.0946472288107
42,4,154,adaptive_linear,237.824,230.34636249764577,55.91506261661458
42,4,241,adaptive_linear,447.454,419.0624663373262,806.0791837187393
42,5,125,ols_all,360.028,344.55209766836333,239.5035529783579
42,5,177,ols_all,251.746,246.28525923575808,29.819689694253572
42,5,224,ols_all,306.558,323.81200942706573,297.7008413092734
42,5,289,ols_all,295.143,263.42381854879795,1006.1064719342781
42,5,117,ols_all,209.858,259.82734628177786,2496.935567828227
42,5,74,ols_all,227.396,237.02531686235716,92.72374323567617
42,5,248,ols_all,238.544,240.61947918022588,4.307613827551047
42,5,10,ols_all,236.674,235.24466765304714,2.0429909580457757
42,5,116,ols_all,425.382,439.79206209066797,207.64988945690595
42,5,53,ols_all,296.761,294.3512757598569,5.8067709135334065
42,5,157,ols_all,326.446,313.1719264377066,176.2010289371776
42,5,63,ols_all,387.661,428.20377417711643,1643.7165379766586
42,5,223,ols_all,328.27,343.91416512946444,244.73990259795158
42,5,183,ols_all,412.225,435.9964665363732,565.0826212899094
42,5,244,ols_all,389.618,411.8351176584033,493.6003170473362
42,5,1,ols_all,383.079,344.85374127083605,1461.170404911525
42,5,42,ols_all,290.49,264.26802654137146,687.5918920650204
42,5,122,ols_all,523.246,474.81188270990606,2345.863717670575
42,5,17,ols_all,331.027,341.8580584875176,117.31182796002754
42,5,167,ols_all,354.381,368.20136659727405,191.00253288304896
42,5,76,ols_all,460.586,498.99802242666874,1475.4834669069012
42,5,208,ols_all,286.658,384.0296450840451,9481.237266373244
42,5,31,ols_all,354.543,331.48212354988345,531.8040226475403
42,5,129,ols_all,342.75,316.8783802717162,669.3407073649237
42,5,105,ols_all,478.985,509.7411934524748,945.943435686054
42,5,212,ols_all,252.257,292.3732388155204,1609.3126167038636
42,5,43,ols_all,366.327,342.64622400381177,560.7791517816447
42,5,279,ols_all,338.163,308.9804742143806,851.6198112283422
42,5,160,ols_all,275.173,247.29969257891707,776.9212665901966
42,5,57,ols_all,300.151,312.79510090822487,159.87328777737267
42,5,23,ols_all,237.449,258.14958316918774,428.514143544458
42,5,15,ols_all,472.547,483.8851984414041,128.55474389665778
42,5,109,ols_all,505.777,475.5823402976257,911.7174745421853
42,5,137,ols_all,496.924,472.8176499517972,581.1161126464864
42,5,190,ols_all,254.668,309.5702501470728,3014.2570712117526
42,5,16,ols_all,231.791,263.42381854879795,1000.635209341176
42,5,240,ols_all,489.073,430.236070993094,3461.784214963692
42,5,110,ols_all,372.067,339.0875364699482,1087.645014730018
42,5,195,ols_all,417.305,395.6415020848385,469.30714192020605
42,5,34,ols_all,160.064,206.66678284868976,2171.8193692421332
42,5,35,ols_all,240.207,271.0990065274532,954.3160672922105
42,5,182,ols_all,176.669,213.42551361329743,1351.0412930045181
42,5,49,ols_all,481.042,469.2740680264383,138.4842229343758
42,5,6,ols_all,331.553,334.8325725437203,10.755596069523985
42,5,102,ols_all,338.56,381.04088860289266,1804.6258964913757
42,5,175,ols_all,432.382,424.9163347811764,55.73615715955289
42,5,139,ols_all,262.528,278.421026366007,252.58828707059388
42,5,288,ols_all,397.622,424.9163347811764,744.9807111469336
42,5,41,ols_all,292.094,256.90217434128544,1238.4645931933596
42,5,22,ols_all,368.133,325.95943497225653,1778.6095871493053
42,5,275,ols_all,465.361,458.6786516537618,44.65377942047241
42,5,163,ols_all,303.742,313.72106320563944,99.5817024621465
42,5,113,ols_all,318.141,301.56742265581534,274.68346598367185
42,5,237,ols_all,288.331,289.88978870478195,2.429822226155734
42,5,14,ols_all,362.784,344.55209766836333,332.4022626303383
42,5,141,ols_all,279.634,290.06610244390913,108.82876140021456
42,5,194,ols_all,546.888,528.1805471565717,349.9687918890941
42,5,36,ols_all,222.522,272.3472232123281,2482.5528681583214
42,5,97,ols_all,422.501,396.68374224830313,666.5307978175507
42,5,136,ols_all,280.012,271.5796360775762,71.10476132019456
42,5,125,ridge,360.028,346.26761694385306,189.34814185189646
42,5,177,ridge,251.746,243.9416587873734,60.907741763102194
42,5,224,ridge,306.558,322.9178053433502,267.6432308723103
42,5,289,ridge,295.143,263.3327501473259,1011.8919956895511
42,5,117,ridge,209.858,261.33010060417564,2649.377140606378
42,5,74,ridge,227.396,235.42802742924317,64.5134646241149
42,5,248,ridge,238.544,238.30652180744465,0.056395891939359566
42,5,10,ridge,236.674,242.73429861838918,36.727219344049665
42,5,116,ridge,425.382,438.3651675311179,168.5626391410737
42,5,53,ridge,296.761,294.967409094142,3.2169683375766107
42,5,157,ridge,326.446,315.2839356311906,124.59168097344462
42,5,63,ridge,387.661,426.22804207906455,1487.4167347283355
42,5,223,ridge,328.27,340.3911154826469,146.92144054366307
42,5,183,ridge,412.225,436.1284666853476,571.3757195775203
42,5,244,ridge,389.618,411.5161407337833,479.52856759657914
42,5,1,ridge,383.079,344.7464760398455,1469.382393155819
42,5,42,ridge,290.49,267.15115605470874,544.7016367026591
42,5,122,ridge,523.246,475.02824097505066,2324.9522853880812
42,5,17,ridge,331.027,344.13557866724557,171.83483467536593
42,5,167,ridge,354.381,367.58275743313453,174.2863993233236
42,5,76,ridge,460.586,494.6606007457307,1161.0784159809486
42,5,208,ridge,286.658,385.1975451755813,9710.041963410424
42,5,31,ridge,354.543,330.7519076845738,566.0160735611329
42,5,129,ridge,342.75,315.8420518294615,724.0376747483849
42,5,105,ridge,478.985,510.8323059420155,1014.2508957643364
42,5,212,ridge,252.257,292.18378998829303,1594.148558769256
42,5,43,ridge,366.327,342.76803241022156,555.0249538962306
42,5,279,ridge,338.163,307.45876130989797,942.7502735387593
42,5,160,ridge,275.173,249.9117827237228,638.1290982792854
42,5,57,ridge,300.151,309.9346438694022,95.71968736329066
42,5,23,ridge,237.449,261.02122529039514,555.6498051411435
42,5,15,ridge,472.547,482.39347410501904,96.95305230080997
42,5,109,ridge,505.777,473.1419747030796,1065.0448761306338
42,5,137,ridge,496.924,472.9439308702157,575.0437154692331
42,5,190,ridge,254.668,310.68716961738505,3138.147364621356
42,5,16,ridge,231.791,263.3327501473259,994.8820023563334
42,5,240,ridge,489.073,431.73113141688214,3288.089892603557
42,5,110,ridge,372.067,341.291153996344,947.1526972407489
42,5,195,ridge,417.305,394.3943274911652,524.898914807079
42,5,34,ridge,160.064,206.7094509093682,2175.798090538279
42,5,35,ridge,240.207,272.59380445748263,1048.9051029672173
42,5,182,ridge,176.669,213.81286567859098,1379.6667575492081
42,5,49,ridge,481.042,470.45989082133326,111.98103466922228
42,5,6,ridge,331.553,331.96421781679,0.16910009284552216
42,5,102,ridge,338.56,381.41764543795693,1836.7777724856307
42,5,175,ridge,432.382,422.5169924163554,97.31837462536599
42,5,139,ridge,262.528,279.0925883844831,274.3855883473525
42,5,288,ridge,397.622,422.5169924163554,619.7606474103911
42,5,41,ridge,292.094,259.19033553683533,1082.6511351045249
42,5,22,ridge,368.133,328.28559986885153,1587.8152972118494
42,5,275,ridge,465.361,456.6948776668989,75.10167629227365
42,5,163,ridge,303.742,312.8044725898466,82.12840944172106
42,5,113,ridge,318.141,303.9367255766642,201.7614118934329
42,5,237,ridge,288.331,289.95998545561736,2.653593614612831
42,5,14,ridge,362.784,346.26761694385306,272.79090925737756
42,5,141,ridge,279.634,291.76131531840775,147.07177683208698
42,5,194,ridge,546.888,525.7130295203536,448.37937481389605
42,5,36,ridge,222.522,274.4040705229646,2691.7492417498747
42,5,97,ridge,422.501,395.5324599136599,727.3021543885305
42,5,136,ridge,280.012,273.5945651819294,41.183469644184875
42,5,125,pls,360.028,343.7340668147691,265.4922586447692
42,5,177,pls,251.746,245.70065416292374,36.54620628985538
42,5,224,pls,306.558,323.86899084830713,299.6704041501736
42,5,289,pls,295.143,263.43537458458525,1005.3735094842538
42,5,117,pls,209.858,259.2726898160158,2441.811569613058
42,5,74,pls,227.396,235.9677161273787,73.47431736836447
42,5,248,pls,238.544,240.12941267452186,2.5135333485345193
42,5,10,pls,236.674,235.03937868156194,2.671986854692196
42,5,116,pls,425.382,440.74756484990814,236.10058315673254
42,5,53,pls,296.761,294.9435235567447,3.303220621787994
42,5,157,pls,326.446,313.63001045808284,164.2495879385308
42,5,63,pls,387.661,427.82247860556635,1612.9443637853633
42,5,223,pls,328.27,344.49041245350884,263.1017801619452
42,5,183,pls,412.225,436.55156030395824,591.7815362221157
42,5,244,pls,389.618,412.93313477974914,543.5955097978682
42,5,1,pls,383.079,345.02310182583113,1448.2513858427099
42,5,42,pls,290.49,264.15319664611235,693.6272109013483
42,5,122,pls,523.246,474.7543310286285,2351.441959629073
42,5,17,pls,331.027,341.71424712088606,114.2172510228876
42,5,167,pls,354.381,369.10481900294127,216.79084603137528
42,5,76,pls,460.586,498.3456007479858,1425.7874486472908
42,5,208,pls,286.658,383.8748095698048,9451.108062931691
42,5,31,pls,354.543,329.38810610971956,632.7686866312686
42,5,129,pls,342.75,317.2165014854591,651.9595463920621
42,5,105,pls,478.985,509.72049261571436,944.6705063306313
42,5,212,pls,252.257,292.3759333032522,1609.5288093908
42,5,43,pls,366.327,341.8240610581197,600.3940167895141
42,5,279,pls,338.163,310.40027145367486,770.7690963369373
42,5,160,pls,275.173,247.9315659423794,742.095729515692
42,5,57,pls,300.151,313.35926031274903,174.45814048934082
42,5,23,pls,237.449,258.0108429159492,422.7893841001691
42,5,15,pls,472.547,484.10800767582623,133.6568984805124
42,5,109,pls,505.777,476.00800523890155,886.1930490863064
42,5,137,pls,496.924,473.4216878725547,552.3586753358621
42,5,190,pls,254.668,309.27395843281363,2981.8106963661694
42,5,16,pls,231.791,263.43537458458525,1001.3664428495449
42,5,240,pls,489.073,430.5264769210763,3427.6953646309403
42,5,110,pls,372.067,339.82383997933835,1039.6213681179945
42,5,195,pls,417.305,395.16225358363647,490.30121885938024
42,5,34,pls,160.064,206.58224398664015,2163.947023600583
42,5,35,pls,240.207,270.3930302379553,911.196421526753
42,5,182,pls,176.669,214.13820306585666,1403.941178390401
42,5,49,pls,481.042,469.8280595011082,125.75246151268475
42,5,6,pls,331.553,334.66212404955417,9.66665235551611
42,5,102,pls,338.56,381.5040489703217,1844.1913419653897
42,5,175,pls,432.382,424.0293743197892,69.7663557537168
42,5,139,pls,262.528,279.8294734515443,299.34098359449115
42,5,288,pls,397.622,424.0293743197892,697.349418465462
42,5,41,pls,292.094,255.73160132267955,1322.2240375683955
42,5,22,pls,368.133,326.5728324039253,1727.2475306138156
42,5,275,pls,465.361,459.7278633727269,31.73222826152547
42,5,163,pls,303.742,315.2540875788611,132.528160423368
42,5,113,pls,318.141,301.3207025474132,282.92240639349893
42,5,237,pls,288.331,290.69836536332843,5.60441876348709
42,5,14,pls,362.784,343.7340668147691,362.8999543617609
42,5,141,pls,279.634,289.0511816006399,88.68330929943026
42,5,194,pls,546.888,528.2120690110615,348.790398303593
42,5,36,pls,222.522,272.3527468426996,2483.1033309012187
42,5,97,pls,422.501,396.7630196389139,662.4436330676539
42,5,136,pls,280.012,272.3014525285377,59.45254230967354
42,5,125,huber,360.028,345.51356689639726,210.6687683189595
42,5,177,huber,251.746,244.7444524910875,49.02166751955916
42,5,224,huber,306.558,323.1562023205897,275.5003202752305
42,5,289,huber,295.143,263.40308055895525,1007.4224861240085
42,5,117,huber,209.858,260.00114265764824,2514.334755585263
42,5,74,huber,227.396,236.6255127950971,85.18390643486148
42,5,248,huber,238.544,239.33009584745548,0.6179466813867346
42,5,10,huber,236.674,240.5657504322382,15.145721426826086
42,5,116,huber,425.382,438.0845803160227,161.35554668500745
42,5,53,huber,296.761,295.1430702360864,2.6176967209576816
42,5,157,huber,326.446,315.18521715880263,126.80523019660572
42,5,63,huber,387.661,425.6323578749547,1441.8240188678858
42,5,223,huber,328.27,341.8584033148077,184.6447046458767
42,5,183,huber,412.225,436.84110339624834,605.9525464147881
42,5,244,huber,389.618,411.0319144192098,458.5557307532409
42,5,1,huber,383.079,345.16985498637814,1437.1032756638117
42,5,42,huber,290.49,267.3173338366488,536.9724571181221
42,5,122,huber,523.246,474.38588636966637,2387.3107039691126
42,5,17,huber,331.027,343.88526684697587,165.33502630803903
42,5,167,huber,354.381,367.57040758188447,173.96047236107222
42,5,76,huber,460.586,495.4729539160021,1217.0995535372533
42,5,208,huber,286.658,385.6636510595992,9802.118941735114
42,5,31,huber,354.543,330.02826664839347,600.9721513003699
42,5,129,huber,342.75,316.2507889295161,702.208187358057
42,5,105,huber,478.985,510.72375014214185,1007.3482605853086
42,5,212,huber,252.257,291.84488369315534,1567.200535302794
42,5,43,huber,366.327,342.2727863306987,578.6051952484017
42,5,279,huber,338.163,307.70459482176506,927.71444600153
42,5,160,huber,275.173,249.7715233064696,645.2350182119687
42,5,57,huber,300.151,310.8731016697045,114.96346421548003
42,5,23,huber,237.449,258.94897087172853,462.2487474851749
42,5,15,huber,472.547,482.16026992571244,92.4149586646068
42,5,109,huber,505.777,473.1483993731093,1064.6255788691294
42,5,137,huber,496.924,473.0159964117479,571.5926355758746
42,5,190,huber,254.668,310.0720273366694,3069.60624512241
42,5,16,huber,231.791,263.40308055895525,999.3236372658769
42,5,240,huber,489.073,431.46034320516014,3319.218222960005
42,5,110,huber,372.067,341.7485426564972,919.2088556897997
42,5,195,huber,417.305,393.07922586023295,586.8881326710061
42,5,34,huber,160.064,206.13909164547874,2122.9140701392657
42,5,35,huber,240.207,271.6061010934219,985.9035494749287
42,5,182,huber,176.669,213.42708098445297,1351.1565176596023
42,5,49,huber,481.042,470.2761800310568,115.90287960369535
42,5,6,huber,331.553,333.2855278051335,3.0016525955606554
42,5,102,huber,338.56,380.4954719546598,1758.5838080600602
42,5,175,huber,432.382,423.0203211357221,87.64103115786766
42,5,139,huber,262.528,278.82956507012966,265.7410237356708
42,5,288,huber,397.622,423.0203211357221,645.0747165132672
42,5,41,huber,292.094,258.8760804635051,1103.4301783330488
42,5,22,huber,368.133,329.00069743910205,1531.3371037176585
42,5,275,huber,465.361,457.1349700354843,67.66756897711022
42,5,163,huber,303.742,313.1841689840201,89.15455512279117
42,5,113,huber,318.141,304.34590038442417,190.30477340366096
42,5,237,huber,288.331,290.9067661841376,6.634571435346732
42,5,14,huber,362.784,345.51356689639726,298.2678595860169
42,5,141,huber,279.634,290.4955118876159,117.9724404848216
42,5,194,huber,546.888,525.95913985632,438.0171869137183
42,5,36,huber,222.522,273.99123815703035,2649.08247646511
42,5,97,huber,422.501,394.6880095185523,773.5624395210995
42,5,136,huber,280.012,273.54091977352203,41.87487929751412
42,5,125,cart,360.028,277.1680294117647,6865.774725883226
42,5,177,cart,251.746,279.192724137931,753.3226659036842
42,5,224,cart,306.558,329.55839285714285,529.0180715829081
42,5,289,cart,295.143,212.1226,6892.386816159995
42,5,117,cart,209.858,230.64409090909086,432.06157528098964
42,5,74,cart,227.396,279.192724137931,2682.9006314209264
42,5,248,cart,238.544,277.1680294117647,1491.815648000862
42,5,10,cart,236.674,329.55839285714285,8627.510436440049
42,5,116,cart,425.382,480.14961290322583,2999.491423117588
42,5,53,cart,296.761,329.55839285714285,1075.668978225763
42,5,157,cart,326.446,329.55839285714285,9.68698929719366
42,5,63,cart,387.661,423.9416578947368,1316.286137274928
42,5,223,cart,328.27,279.192724137931,2408.579006041618
42,5,183,cart,412.225,480.14961290322583,4613.75303805307
42,5,244,cart,389.618,480.14961290322583,8195.972934859527
42,5,1,cart,383.079,329.55839285714285,2864.4553889400527
42,5,42,cart,290.49,329.55839285714285,1526.3393204400497
42,5,122,cart,523.246,480.14961290322583,1857.2985807950015
42,5,17,cart,331.027,329.55839285714285,2.1568069400510064
42,5,167,cart,354.381,423.9416578947368,4838.685126748614
42,5,76,cart,460.586,490.174,875.449743999998
42,5,208,cart,286.658,329.55839285714285,1840.4437072971918
42,5,31,cart,354.543,329.55839285714285,624.2305940829089
42,5,129,cart,342.75,384.1666818181818,1715.341532828512
42,5,105,cart,478.985,480.14961290322583,1.3563232143600636
42,5,212,cart,252.257,279.192724137931,725.5332348347189
42,5,43,cart,366.327,277.1680294117647,7949.322036353811
42,5,279,cart,338.163,423.9416578947368,7357.978150222291
42,5,160,cart,275.173,329.55839285714285,2957.770956225764
42,5,57,cart,300.151,279.192724137931,439.24932711058415
42,5,23,cart,237.449,277.1680294117647,1577.6012974126265
42,5,15,cart,472.547,480.14961290322583,57.79972295629549
42,5,109,cart,505.777,480.14961290322583,656.7629694079066
42,5,137,cart,496.924,480.14961290322583,281.38006247242305
42,5,190,cart,254.668,333.6112222222222,6232.032334827153
42,5,16,cart,231.791,212.1226,386.84595855999964
42,5,240,cart,489.073,423.9416578947368,4242.0917244328275
42,5,110,cart,372.067,384.1666818181818,146.4023001012394
42,5,195,cart,417.305,349.72277777777776,4567.35676049383
42,5,34,cart,160.064,230.64409090909086,4981.549232735531
42,5,35,cart,240.207,277.1680294117647,1366.117695177334
42,5,182,cart,176.669,230.64409090909086,2913.310438644622
42,5,49,cart,481.042,480.14961290322583,0.7963547304889848
42,5,6,cart,331.553,279.192724137931,2741.5984883519645
42,5,102,cart,338.56,349.72277777777776,124.60760771604905
42,5,175,cart,432.382,384.1666818181818,2324.716907373968
42,5,139,cart,262.528,212.1226,2540.7043491600016
42,5,288,cart,397.622,384.1666818181818,181.04558737396744
42,5,41,cart,292.094,277.1680294117647,222.7845980008657
42,5,22,cart,368.133,329.55839285714285,1488.0003162257644
42,5,275,cart,465.361,480.14961290322583,218.7030716014578
42,5,163,cart,303.742,349.72277777777776,2114.2319250493797
42,5,113,cart,318.141,329.55839285714285,130.3568596543361
42,5,237,cart,288.331,333.6112222222222,2050.298524493822
42,5,14,cart,362.784,277.1680294117647,7330.0944197655745
42,5,141,cart,279.634,329.55839285714285,2492.4450021543344
42,5,194,cart,546.888,549.1617142857143,5.169776653061185
42,5,36,cart,222.522,277.1680294117647,2986.188530471451
42,5,97,cart,422.501,423.9416578947368,2.075495169667556
42,5,136,cart,280.012,329.55839285714285,2454.845045154336
42,5,125,subset_min,360.028,342.0163170401183,324.4207230472942
42,5,177,subset_min,251.746,251.2116906052281,0.2854865293415093
42,5,224,subset_min,306.558,323.35411188542014,282.1093744675519
42,5,289,subset_min,295.143,262.8040208529166,1045.8095722754927
42,5,117,subset_min,209.858,257.3790309105294,2258.2483787994925
42,5,74,subset_min,227.396,242.03409994558294,214.27397001687558
42,5,248,subset_min,238.544,247.32581304025356,77.12024027396735
42,5,10,subset_min,236.674,226.81413782646763,97.21688208105462
42,5,116,subset_min,425.382,439.6120696698074,202.49488280757225
42,5,53,subset_min,296.761,296.85180594758197,0.008245720116254285
42,5,157,subset_min,326.446,312.95747539337736,181.940296063465
42,5,63,subset_min,387.661,427.77258057507123,1608.9388962304315
42,5,223,subset_min,328.27,350.010581571351,472.65288706056737
42,5,183,subset_min,412.225,437.57353028343215,642.5479875300756
42,5,244,subset_min,389.618,411.2025580478981,465.8931461230826
42,5,1,subset_min,383.079,346.335132119936,1350.111826787598
42,5,42,subset_min,290.49,265.36224785036455,631.4039280935092
42,5,122,subset_min,523.246,472.9228907940267,2532.41532015631
42,5,17,subset_min,331.027,339.8369232177514,77.61474710267551
42,5,167,subset_min,354.381,368.96787021477996,212.7767826628357
42,5,76,subset_min,460.586,501.720286931262,1692.0295613433927
42,5,208,subset_min,286.658,384.67649474065024,9607.625311222877
42,5,31,subset_min,354.543,334.6971772001781,393.8566826019314
42,5,129,subset_min,342.75,319.1667220977184,556.1709966162447
42,5,105,subset_min,478.985,504.3033695415231,641.0198362411252
42,5,212,subset_min,252.257,290.58579127249715,1469.096240410653
42,5,43,subset_min,366.327,341.56045069436715,613.381964508343
42,5,279,subset_min,338.163,311.15922630478417,729.203793782431
42,5,160,subset_min,275.173,246.49184673554072,822.6085525794034
42,5,57,subset_min,300.151,317.40845033920357,297.819592210077
42,5,23,subset_min,237.449,254.99600888573988,307.897520836234
42,5,15,subset_min,472.547,483.27946782071143,115.18586552260584
42,5,109,subset_min,505.777,476.26547516487904,870.9300980939607
42,5,137,subset_min,496.924,472.4064989196102,601.1078592269132
42,5,190,subset_min,254.668,307.738029586341,2816.4280402951067
42,5,16,subset_min,231.791,262.8040208529166,961.8074624234406
42,5,240,subset_min,489.073,427.87564184930545,3745.116644624378
42,5,110,subset_min,372.067,336.96071829419105,1232.4510152076164
42,5,195,subset_min,417.305,394.5381644354942,518.3288016212466
42,5,34,subset_min,160.064,208.9990160067569,2394.635791581555
42,5,35,subset_min,240.207,270.8739966453147,940.4646832437446
42,5,182,subset_min,176.669,212.95641458295358,1316.7764571151517
42,5,49,subset_min,481.042,467.6427487424051,179.5399342641577
42,5,6,subset_min,331.553,338.9871125564868,55.26602950251485
42,5,102,subset_min,338.56,378.79992791822525,1619.2517988639638
42,5,175,subset_min,432.382,426.9425888974298,29.587193142764008
42,5,139,subset_min,262.528,276.9675757636269,208.5013482335203
42,5,288,subset_min,397.622,426.9425888974298,859.6969332920828
42,5,41,subset_min,292.094,256.55206816240207,1263.2289187484573
42,5,22,subset_min,368.133,325.52118476788473,1815.7667973759292
42,5,275,subset_min,465.361,460.0597849193029,28.102881331810263
42,5,163,subset_min,303.742,315.84610893524757,146.50945311633964
42,5,113,subset_min,318.141,304.0737556749007,197.88736290203835
42,5,237,subset_min,288.331,291.8787034494019,12.586199764897893
42,5,14,subset_min,362.784,342.0163170401183,431.2966555221612
42,5,141,subset_min,279.634,290.8282123389316,125.31038988908863
42,5,194,subset_min,546.888,529.2763544322515,310.17005960399524
42,5,36,subset_min,222.522,271.36729570287827,2385.862912301619
42,5,97,subset_min,422.501,395.8145629666979,712.1659215323962
42,5,136,subset_min,280.012,273.0004556618617,49.161754005679555
42,5,125,subset_1se,360.028,339.4237198966407,424.53635857768853
42,5,177,subset_1se,251.746,248.6699850517974,9.46186796156592
42,5,224,subset_1se,306.558,320.4491617946652,192.96437600556635
42,5,289,subset_1se,295.143,260.41830739140096,1205.804276761691
42,5,117,subset_1se,209.858,256.9251768302687,2215.319134771782
42,5,74,subset_1se,227.396,239.26998551369047,140.99153197933148
42,5,248,subset_1se,238.544,245.51104592902024,48.53972897707736
42,5,10,subset_1se,236.674,235.16831819926236,2.267077685072566
42,5,116,subset_1se,425.382,435.86854163471725,109.96755545665815
42,5,53,subset_1se,296.761,295.6702772021639,1.1896762217194579
42,5,157,subset_1se,326.446,320.31576858419265,37.57973721135166
42,5,63,subset_1se,387.661,423.0592584671999,1253.0367025106912
42,5,223,subset_1se,328.27,346.459001580556,330.839778497469
42,5,183,subset_1se,412.225,453.6958976709185,1719.8353536317913
42,5,244,subset_1se,389.618,411.57372978697015,482.0540704784484
42,5,1,subset_1se,383.079,349.84840895187085,1104.2721814080016
42,5,42,subset_1se,290.49,272.79859818608253,312.9856981414827
42,5,122,subset_1se,523.246,474.57611451100263,2368.757753512115
42,5,17,subset_1se,331.027,348.0236889502555,288.88743527173847
42,5,167,subset_1se,354.381,366.60644170046487,149.46142477146606
42,5,76,subset_1se,460.586,495.00086287475904,1184.382786688467
42,5,208,subset_1se,286.658,389.8449760530011,10647.552026962623
42,5,31,subset_1se,354.543,331.8625467511139,514.4029595749091
42,5,129,subset_1se,342.75,316.60470849187027,683.5762680450806
42,5,105,subset_1se,478.985,529.2098537949848,2522.5359387276017
42,5,212,subset_1se,252.257,287.67591006432957,1254.4991901450662
42,5,43,subset_1se,366.327,341.08101924889365,637.3595440852321
42,5,279,subset_1se,338.163,308.9248103947668,854.8717313915686
42,5,160,subset_1se,275.173,246.11870125009563,844.152275848695
42,5,57,subset_1se,300.151,313.43258644261186,176.40053843257098
42,5,23,subset_1se,237.449,254.47914329111876,290.0257805160369
42,5,15,subset_1se,472.547,478.12437816182756,31.107147160030742
42,5,109,subset_1se,505.777,471.1388344659718,1199.8025115627383
42,5,137,subset_1se,496.924,475.0943207982922,476.5348940494737
42,5,190,subset_1se,254.668,305.14018191287084,2547.4411470459263
42,5,16,subset_1se,231.791,260.41830739140096,819.5227284817602
42,5,240,subset_1se,489.073,429.5470391253141,3543.340018054636
42,5,110,subset_1se,372.067,342.27097989440136,887.8028141332386
42,5,195,subset_1se,417.305,390.6927692158673,708.2108273079397
42,5,34,subset_1se,160.064,208.58904451426326,2354.679945111232
42,5,35,subset_1se,240.207,269.73574356817625,871.9466967151104
42,5,182,subset_1se,176.669,212.40645931113397,1277.1659980149554
42,5,49,subset_1se,481.042,472.6371337300724,70.6417770153666
42,5,6,subset_1se,331.553,335.0606994967428,12.303955759449806
42,5,102,subset_1se,338.56,375.7199083231345,1380.858786583762
42,5,175,subset_1se,432.382,421.3902416379813,120.81875188900771
42,5,139,subset_1se,262.528,275.65272260141774,172.25834336416503
42,5,288,subset_1se,397.622,421.3902416379813,564.9293105614682
42,5,41,subset_1se,292.094,264.82510155449495,743.5928224312675
42,5,22,subset_1se,368.133,323.74967006095915,1969.8799764777584
42,5,275,subset_1se,465.361,459.95296879202624,29.246801546418013
42,5,163,subset_1se,303.742,313.67592941900904,98.68295370185285
42,5,113,subset_1se,318.141,306.2020689730042,142.5380740673634
42,5,237,subset_1se,288.331,290.22359588214147,3.5819191730987723
42,5,14,subset_1se,362.784,339.4237198966407,545.7026865074038
42,5,141,subset_1se,279.634,296.59247389216,287.58983675107186
42,5,194,subset_1se,546.888,523.6540522944138,539.8163259859177
42,5,36,subset_1se,222.522,273.702865347705,2619.480977739914
42,5,97,subset_1se,422.501,392.19369507519764,918.5327318049481
42,5,136,subset_1se,280.012,276.46492251213414,12.581758704924802
42,5,125,adaptive_linear,360.028,342.0163170401183,324.4207230472942
42,5,177,adaptive_linear,251.746,251.2116906052281,0.2854865293415093
42,5,224,adaptive_linear,306.558,323.35411188542014,282.1093744675519
42,5,289,adaptive_linear,295.143,262.8040208529166,1045.8095722754927
42,5,117,adaptive_linear,209.858,257.3790309105294,2258.2483787994925
42,5,74,adaptive_linear,227.396,242.03409994558294,214.27397001687558
42,5,248,adaptive_linear,238.544,247.32581304025356,77.12024027396735
42,5,10,adaptive_linear,236.674,226.81413782646763,97.21688208105462
42,5,116,adaptive_linear,425.382,439.6120696698074,202.49488280757225
42,5,53,adaptive_linear,296.761,296.85180594758197,0.008245720116254285
42,5,157,adaptive_linear,326.446,312.95747539337736,181.940296063465
42,5,63,adaptive_linear,387.661,427.77258057507123,1608.9388962304315
42,5,223,adaptive_linear,328.27,350.010581571351,472.65288706056737
42,5,183,adaptive_linear,412.225,437.57353028343215,642.5479875300756
42,5,244,adaptive_linear,389.618,411.2025580478981,465.8931461230826
42,5,1,adaptive_linear,383.079,346.335132119936,1350.111826787598
42,5,42,adaptive_linear,290.49,265.36224785036455,631.4039280935092
42,5,122,adaptive_linear,523.246,472.9228907940267,2532.41532015631
42,5,17,adaptive_linear,331.027,339.8369232177514,77.61474710267551
42,5,167,adaptive_linear,354.381,368.96787021477996,212.7767826628357
42,5,76,adaptive_linear,460.586,501.720286931262,1692.0295613433927
42,5,208,adaptive_linear,286.658,384.67649474065024,9607.625311222877
42,5,31,adaptive_linear,354.543,334.6971772001781,393.8566826019314
42,5,129,adaptive_linear,342.75,319.1667220977184,556.1709966162447
42,5,105,adaptive_linear,478.985,504.3033695415231,641.0198362411252
42,5,212,adaptive_linear,252.257,290.58579127249715,1469.096240410653
42,5,43,adaptive_linear,366.327,341.56045069436715,613.381964508343
42,5,279,adaptive_linear,338.163,311.15922630478417,729.203793782431
42,5,160,adaptive_linear,275.173,246.49184673554072,822.6085525794034
42,5,57,adaptive_linear,300.151,317.40845033920357,297.819592210077
42,5,23,adaptive_linear,237.449,254.99600888573988,307.897520836234
42,5,15,adaptive_linear,472.547,483.27946782071143,115.18586552260584
42,5,109,adaptive_linear,505.777,476.26547516487904,870.9300980939607
42,5,137,adaptive_linear,496.924,472.4064989196102,601.1078592269132
42,5,190,adaptive_linear,254.668,307.738029586341,2816.4280402951067
42,5,16,adaptive_linear,231.791,262.8040208529166,961.8074624234406
42,5,240,adaptive_linear,489.073,427.87564184930545,3745.116644624378
42,5,110,adaptive_linear,372.067,336.96071829419105,1232.4510152076164
42,5,195,adaptive_linear,417.305,394.5381644354942,518.3288016212466
42,5,34,adaptive_linear,160.064,208.9990160067569,2394.635791581555
42,5,35,adaptive_linear,240.207,270.8739966453147,940.4646832437446
42,5,182,adaptive_linear,176.669,212.95641458295358,1316.7764571151517
42,5,49,adaptive_linear,481.042,467.6427487424051,179.5399342641577
42,5,6,adaptive_linear,331.553,338.9871125564868,55.26602950251485
42,5,102,adaptive_linear,338.56,378.79992791822525,1619.2517988639638
42,5,175,adaptive_linear,432.382,426.9425888974298,29.587193142764008
42,5,139,adaptive_linear,262.528,276.9675757636269,208.5013482335203
42,5,288,adaptive_linear,397.622,426.9425888974298,859.6969332920828
42,5,41,adaptive_linear,292.094,256.55206816240207,1263.2289187484573
42,5,22,adaptive_linear,368.133,325.52118476788473,1815.7667973759292
42,5,275,adaptive_linear,465.361,460.0597849193029,28.102881331810263
42,5,163,adaptive_linear,303.742,315.84610893524757,146.50945311633964
42,5,113,adaptive_linear,318.141,304.0737556749007,197.88736290203835
42,5,237,adaptive_linear,288.331,291.8787034494019,12.586199764897893
42,5,14,adaptive_linear,362.784,342.0163170401183,431.2966555221612
42,5,141,adaptive_linear,279.634,290.8282123389316,125.31038988908863
42,5,194,adaptive_linear,546.888,529.2763544322515,310.17005960399524
42,5,36,adaptive_linear,222.522,271.36729570287827,2385.862912301619
42,5,97,adaptive_linear,422.501,395.8145629666979,712.1659215323962
42,5,136,adaptive_linear,280.012,273.0004556618617,49.161754005679555
2026,1,47,ols_all,538.021,510.6366665472374,749.9017186520915
2026,1,19,ols_all,251.522,257.5221408203922,36.00168986453717
2026,1,195,ols_all,417.305,391.12177856531525,685.5610846977352
2026,1,41,ols_all,292.094,257.50483115623547,1196.4106013024507
2026,1,248,ols_all,238.544,244.9317626902548,40.803512187011094
2026,1,295,ols_all,195.235,233.24387904037303,1444.6748859057072
2026,1,33,ols_all,133.048,138.81473203718974,33.255198388750536
2026,1,51,ols_all,515.846,538.5992838918978,517.7119278652963
2026,1,103,ols_all,377.744,418.1974490740604,1636.481541987595
2026,1,224,ols_all,306.558,329.3021450427391,517.2961337251533
2026,1,48,ols_all,273.504,259.31680882888463,201.2763933257744
2026,1,159,ols_all,560.46,574.7061908197147,202.95395287172295
2026,1,58,ols_all,268.614,280.8247999504756,149.1036354305357
2026,1,89,ols_all,678.555,677.2169519267286,1.790372646385178
2026,1,78,ols_all,375.612,372.60614406899754,9.035169877942822
2026,1,205,ols_all,394.063,359.8431142920472,1171.000577865353
2026,1,45,ols_all,244.551,261.0352237609609,271.72963300142794
2026,1,96,ols_all,279.435,349.3230297288701,4884.33669938343
2026,1,80,ols_all,316.234,347.6142284891091,984.7187400286962
2026,1,30,ols_all,192.327,196.84744431024296,20.434416762007995
2026,1,262,ols_all,291.598,323.7865366833412,1036.1018938148002
2026,1,258,ols_all,234.616,296.5431770899945,3834.97526233554
2026,1,25,ols_all,365.837,380.21943563101877,206.85445468039856
2026,1,287,ols_all,442.829,400.68129460203545,1776.4290703136107
2026,1,230,ols_all,373.927,372.92172124151693,1.010585382257296
2026,1,267,ols_all,480.301,492.7375429385188,154.66760026162214
2026,1,75,ols_all,478.849,531.0069539386504,2720.452159066382
2026,1,180,ols_all,330.633,373.90618623585397,1872.5686470029027
2026,1,53,ols_all,296.761,300.13082956482185,11.355751295947268
2026,1,299,ols_all,255.57,259.31680882888463,14.038576400207878
2026,1,34,ols_all,160.064,203.67376667596227,1901.81174953187
2026,1,167,ols_all,354.381,372.3912312668656,324.3684302859839
2026,1,98,ols_all,308.471,345.0939710370453,1341.2420075802602
2026,1,36,ols_all,222.522,276.05893830930563,2866.2037635343977
2026,1,50,ols_all,693.382,599.2618132317684,8858.609557286783
2026,1,218,ols_all,296.661,289.09061066818253,57.31079463529571
2026,1,288,ols_all,397.622,429.04026590891726,987.1074327234318
2026,1,217,ols_all,434.0,405.4281741468915,816.3492325803604
2026,1,17,ols_all,331.027,344.3824099072781,178.36697379142205
2026,1,44,ols_all,383.504,365.97925017466764,307.1168564404872
2026,1,197,ols_all,194.136,196.768278415419,6.928889656280734
2026,1,151,ols_all,446.733,449.17701048074196,5.973187229976506
2026,1,94,ols_all,320.296,300.66493489455956,385.3787171740408
2026,1,2,ols_all,244.384,274.3020457932371,895.089464086232
2026,1,275,ols_all,465.361,461.37148466773897,15.916232586345767
2026,1,198,ols_all,325.095,281.97682346274723,1859.1771478976973
2026,1,90,ols_all,288.704,270.12092068300717,345.330836901647
2026,1,208,ols_all,286.658,386.63112945181865,9994.626612390086
2026,1,77,ols_all,275.759,311.5204103586775,1278.878470841726
2026,1,298,ols_all,293.887,319.46106498451695,654.0327998322961
2026,1,147,ols_all,232.804,220.90000775278872,141.7050314216662
2026,1,250,ols_all,218.9,215.02018636027333,15.052953879009168
2026,1,100,ols_all,494.493,459.48435120952263,1225.6054901349924
2026,1,141,ols_all,279.634,285.48319349885446,34.21306458704113
2026,1,112,ols_all,330.937,346.47422452966475,241.4053460852157
2026,1,202,ols_all,355.341,328.7644447037044,706.313291417059
2026,1,137,ols_all,496.924,475.8606083266941,443.6664687830918
2026,1,73,ols_all,391.098,372.92172124151693,330.3771095060832
2026,1,28,ols_all,330.975,340.3166598224957,87.26660823922987
2026,1,173,ols_all,435.421,429.60120591188297,33.87000322808183
2026,1,47,ridge,538.021,510.6367181145085,749.8988943840566
2026,1,19,ridge,251.522,257.522358697494,36.004304498591814
2026,1,195,ridge,417.305,391.121557016018,685.5726864954357
2026,1,41,ridge,292.094,257.5052051845126,1196.3847267878882
2026,1,248,ridge,238.544,244.93122447476776,40.79663649107214
2026,1,295,ridge,195.235,233.2444943524285,1444.7216609272923
2026,1,33,ridge,133.048,138.8149063956422,33.25720937609886
2026,1,51,ridge,515.846,538.5985315129552,517.6776902480201
2026,1,103,ridge,377.744,418.19754481739665,1636.489288293117
2026,1,224,ridge,306.558,329.30192323312053,517.2860440340803
2026,1,48,ridge,273.504,259.31708417347625,201.2685806688707
2026,1,159,ridge,560.46,574.7059611662264,202.94740954963007
2026,1,58,ridge,268.614,280.8245221191333,149.09685042184395
2026,1,89,ridge,678.555,677.2157528429589,1.793582947642632
2026,1,78,ridge,375.612,372.60634381945925,9.033969075622919
2026,1,205,ridge,394.063,359.8431707465333,1170.9967141364143
2026,1,45,ridge,244.551,261.0354777607529,271.7380070447568
2026,1,96,ridge,279.435,349.323324643152,4884.377921426603
2026,1,80,ridge,316.234,347.6138410177009,984.6944222961855
2026,1,30,ridge,192.327,196.84697248854465,20.430151297200542
2026,1,262,ridge,291.598,323.7867186706567,1036.1136096586813
2026,1,258,ridge,234.616,296.5432414840493,3834.983237823755
2026,1,25,ridge,365.837,380.21939448242824,206.85327104818268
2026,1,287,ridge,442.829,400.68125766230463,1776.4321841647593
2026,1,230,ridge,373.927,372.9215757876159,1.0108778468482436
2026,1,267,ridge,480.301,492.737104539288,154.65669611209984
2026,1,75,ridge,478.849,531.0063225467254,2720.3862952431523
2026,1,180,ridge,330.633,373.90639309310484,1872.586549790375
2026,1,53,ridge,296.761,300.1309178170277,11.356346093520534
2026,1,299,ridge,255.57,259.31708417347625,14.040639803116214
2026,1,34,ridge,160.064,203.67380695628373,1901.815262764333
2026,1,167,ridge,354.381,372.3910463429483,324.36176927514646
2026,1,98,ridge,308.471,345.0935128792144,1341.2084495882254
2026,1,36,ridge,222.522,276.059312198201,2866.243797407641
2026,1,50,ridge,693.382,599.2607115868987,8858.816932542197
2026,1,218,ridge,296.661,289.090649242328,57.31021059418464
2026,1,288,ridge,397.622,429.03982149651677,987.0795075869901
2026,1,217,ridge,434.0,405.42786273855756,816.3670276867073
2026,1,17,ridge,331.027,344.3827975432566,178.37732801645865
2026,1,44,ridge,383.504,365.97982542160474,307.09669465407524
2026,1,197,ridge,194.136,196.76845720604192,6.929830941642032
2026,1,151,ridge,446.733,449.1770461172865,5.973361423423306
2026,1,94,ridge,320.296,300.66499386272824,385.3764019616013
2026,1,2,ridge,244.384,274.3021627217356,895.0964606442514
2026,1,275,ridge,465.361,461.3709711482735,15.920330237609832
2026,1,198,ridge,325.095,281.97727806397967,1859.1379449519713
2026,1,90,ridge,288.704,270.12170869044695,345.30155031309107
2026,1,208,ridge,286.658,386.6312675420465,9994.654223033602
2026,1,77,ridge,275.759,311.5206722374522,1278.8972012189565
2026,1,298,ridge,293.887,319.4608257626345,654.020564137588
2026,1,147,ridge,232.804,220.900735306714,141.68771035842883
2026,1,250,ridge,218.9,215.02031651681318,15.051943929712646
2026,1,100,ridge,494.493,459.48451854436246,1225.5937738297173
2026,1,141,ridge,279.634,285.4834942059955,34.21658246597473
2026,1,112,ridge,330.937,346.47383701704234,241.39330449413683
2026,1,202,ridge,355.341,328.7646947776598,706.299999270986
2026,1,137,ridge,496.924,475.8606172631661,443.6660923183518
2026,1,73,ridge,391.098,372.9215757876159,330.3823971485437
2026,1,28,ridge,330.975,340.317231920265,87.2772972520176
2026,1,173,ridge,435.421,429.6006774871865,33.87615415316371
2026,1,47,pls,538.021,510.69810804611416,746.5404247237175
2026,1,19,pls,251.522,257.5120173664645,35.88030805054613
2026,1,195,pls,417.305,391.08001585669905,687.7497933163867
2026,1,41,pls,292.094,257.51300957952765,1195.8448984608
2026,1,248,pls,238.544,244.9588382731343,41.150150070468385
2026,1,295,pls,195.235,233.27257682581356,1446.8572507796678
2026,1,33,pls,133.048,138.7789238914189,32.84348864923607
2026,1,51,pls,515.846,538.6059765468713,518.0165324141296
2026,1,103,pls,377.744,418.2248688559975,1638.700743336466
2026,1,224,pls,306.558,329.31336827515713,517.806785338028
2026,1,48,pls,273.504,259.34629219968673,200.44069015905177
2026,1,159,pls,560.46,574.791141929142,205.38162899321046
2026,1,58,pls,268.614,280.82994941752463,149.22942017152096
2026,1,89,pls,678.555,677.2423365497644,1.723085333584179
2026,1,78,pls,375.612,372.63014575935483,8.89145471245371
2026,1,205,pls,394.063,359.8014685836579,1173.8525349929973
2026,1,45,pls,244.551,261.0151736567982,271.0690142012081
2026,1,96,pls,279.435,349.3407733812704,4886.817152033536
2026,1,80,pls,316.234,347.6188096335877,985.0062757365415
2026,1,30,pls,192.327,196.84132688738802,20.37914724619444
2026,1,262,pls,291.598,323.8444700562455,1039.8348310883357
2026,1,258,pls,234.616,296.5413495299748,3834.74891440955
2026,1,25,pls,365.837,380.18208847607974,205.78156338655612
2026,1,287,pls,442.829,400.67081448141124,1777.3126062197475
2026,1,230,pls,373.927,372.9190821606274,1.0158983709255782
2026,1,267,pls,480.301,492.73452911451875,154.59264624158573
2026,1,75,pls,478.849,530.9669981008959,2716.285726044992
2026,1,180,pls,330.633,374.0340188819414,1883.6484399906349
2026,1,53,pls,296.761,300.12586986573615,11.322349213339049
2026,1,299,pls,255.57,259.34629219968673,14.26038277741489
2026,1,34,pls,160.064,203.67284339652858,1901.7312223829547
2026,1,167,pls,354.381,372.38197512025,324.03510527986015
2026,1,98,pls,308.471,345.0639040343595,1339.0406256678432
2026,1,36,pls,222.522,276.0920637065679,2869.751725525744
2026,1,50,pls,693.382,599.2241567346638,8865.699448379612
2026,1,218,pls,296.661,289.163243851061,56.216347268952646
2026,1,288,pls,397.622,429.00932794322296,985.1643554154238
2026,1,217,pls,434.0,405.4158478824297,817.0537522803977
2026,1,17,pls,331.027,344.3797944072336,178.29711848184897
2026,1,44,pls,383.504,365.9454556908179,308.30247825751246
2026,1,197,pls,194.136,196.7883685811426,7.035059090232465
2026,1,151,pls,446.733,449.13446816266327,5.767049336285272
2026,1,94,pls,320.296,300.71859505155777,383.27478451529
2026,1,2,pls,244.384,274.28001641720607,893.7717976178557
2026,1,275,pls,465.361,461.31684899768356,16.35515732953695
2026,1,198,pls,325.095,281.9518613815945,1861.330409846956
2026,1,90,pls,288.704,270.11201753580895,345.66181194878794
2026,1,208,pls,286.658,386.6532044858457,9999.040920166097
2026,1,77,pls,275.759,311.4579156607616,1274.4125793541698
2026,1,298,pls,293.887,319.5098402656445,656.5299432787344
2026,1,147,pls,232.804,220.88463161196603,142.0713427696636
2026,1,250,pls,218.9,215.04194757179195,14.884568538802066
2026,1,100,pls,494.493,459.4942009148815,1224.915937400491
2026,1,141,pls,279.634,285.4608826559043,33.952561485678174
2026,1,112,pls,330.937,346.53740159994504,243.37253007956747
2026,1,202,pls,355.341,328.76901167315606,706.0705636419311
2026,1,137,pls,496.924,475.8900912644501,442.42531669544064
2026,1,73,pls,391.098,372.9190821606274,330.47305381065996
2026,1,28,pls,330.975,340.3360168557296,87.62863657325346
2026,1,173,pls,435.421,429.55748142232187,34.38085011077646
2026,1,47,huber,538.021,511.3226610182952,712.8013043820155
2026,1,19,huber,251.522,257.5922791270674,36.84828868051026
2026,1,195,huber,417.305,389.50745111354007,772.70372409513
2026,1,41,huber,292.094,257.27430784613114,1212.4109616901965
2026,1,248,huber,238.544,245.73128694863743,51.65709368205381
2026,1,295,huber,195.235,231.53677513456046,1317.818877920191
2026,1,33,huber,133.048,138.75546679710135,32.575177240014305
2026,1,51,huber,515.846,541.6450543249084,665.5912040595754
2026,1,103,huber,377.744,417.5308883117649,1582.996481532852
2026,1,224,huber,306.558,330.2472194403271,561.1791176919725
2026,1,48,huber,273.504,258.1663878823897,235.2423454702669
2026,1,159,huber,560.46,580.1073582409246,386.01868584722456
2026,1,58,huber,268.614,282.3168666474253,187.76855435712096
2026,1,89,huber,678.555,679.390078244342,0.697355674173436
2026,1,78,huber,375.612,372.47192491216674,9.86007155723119
2026,1,205,huber,394.063,358.8040434707292,1243.1940155330074
2026,1,45,huber,244.551,260.28378137799564,247.5204098878067
2026,1,96,huber,279.435,350.36840664169114,5031.548177795512
2026,1,80,huber,316.234,349.4251183155202,1101.6503350348614
2026,1,30,huber,192.327,196.41236721727284,16.690225299967683
2026,1,262,huber,291.598,323.98691191530577,1049.0416150574351
2026,1,258,huber,234.616,296.38796386475667,3815.775519708802
2026,1,25,huber,365.837,380.55844941482906,216.72107287337107
2026,1,287,huber,442.829,400.10974920024273,1824.9343888925628
2026,1,230,huber,373.927,373.72647737016547,0.04020932507576474
2026,1,267,huber,480.301,493.32149761373364,169.53335810924375
2026,1,75,huber,478.849,532.383586130549,2865.9519121691724
2026,1,180,huber,330.633,376.65988037840106,2118.4737173676417
2026,1,53,huber,296.761,300.87829218089115,16.952094902827213
2026,1,299,huber,255.57,258.1663878823897,6.741230035820103
2026,1,34,huber,160.064,201.69497900235783,1733.1384126947587
2026,1,167,huber,354.381,373.4760796922283,364.6220684525517
2026,1,98,huber,308.471,344.8156645304704,1320.934639832435
2026,1,36,huber,222.522,275.87961514871813,2847.0350943587155
2026,1,50,huber,693.382,600.3432693750746,8656.20539629743
2026,1,218,huber,296.661,289.56241059308456,50.389971567972054
2026,1,288,huber,397.622,429.23320835282635,999.2684935257977
2026,1,217,huber,434.0,406.69739150021536,745.4324308925125
2026,1,17,huber,331.027,344.02262868516505,168.88636492268492
2026,1,44,huber,383.504,366.1553827774997,300.97451953283434
2026,1,197,huber,194.136,195.91148548271775,3.1523486993415006
2026,1,151,huber,446.733,449.02522657490897,5.25430267071889
2026,1,94,huber,320.296,301.3976200732252,357.1487638567245
2026,1,2,huber,244.384,275.72743204102284,982.4107321102179
2026,1,275,huber,465.361,463.66175564781395,2.8874313684361628
2026,1,198,huber,325.095,280.673558469369,1973.2644676592686
2026,1,90,huber,288.704,269.77319006882004,358.375564650462
2026,1,208,huber,286.658,388.2441560284724,10319.747096641135
2026,1,77,huber,275.759,311.7476957112625,1295.1862189978435
2026,1,298,huber,293.887,320.0242972591808,683.15830801478
2026,1,147,huber,232.804,218.70583985946337,198.75811934821596
2026,1,250,huber,218.9,214.34024908525402,20.791328404526894
2026,1,100,huber,494.493,460.6996551640805,1141.990155199365
2026,1,141,huber,279.634,283.8194964700768,17.51838070102511
2026,1,112,huber,330.937,347.5380713756923,275.59557082083023
2026,1,202,huber,355.341,327.3692623072076,782.4181095543848
2026,1,137,huber,496.924,477.1135065750252,392.4556497409684
2026,1,73,huber,391.098,373.72647737016547,301.76979847885366
2026,1,28,huber,330.975,338.9954718210109,64.32796823162923
2026,1,173,huber,435.421,430.1657648265589,27.61749672817214
2026,1,47,cart,538.021,587.7370000000001,2471.6806560000123
2026,1,19,cart,251.522,328.9924375,6001.668686441407
2026,1,195,cart,417.305,328.71900000000005,7847.479395999992
2026,1,41,cart,292.094,269.6177692307692,505.1809495917159
2026,1,248,cart,238.544,260.7998181818182,495.3214429421483
2026,1,295,cart,195.235,260.8221764705882,4301.677717384077
2026,1,33,cart,133.048,144.36444444444447,128.06191486419814
2026,1,51,cart,515.846,536.0366666666667,407.66302044444757
2026,1,103,cart,377.744,427.46150000000006,2471.829806250003
2026,1,224,cart,306.558,328.9924375,503.3039859414063
2026,1,48,cart,273.504,336.02471428571425,3908.8397147959117
2026,1,159,cart,560.46,485.41425000000004,5631.8645930625
2026,1,58,cart,268.614,260.8221764705882,60.712513913494924
2026,1,89,cart,678.555,587.7370000000001,8247.909123999976
2026,1,78,cart,375.612,377.69864516129036,4.354088029136367
2026,1,205,cart,394.063,280.9894444444445,12785.6289659753
2026,1,45,cart,244.551,308.50825000000003,4090.5298275625055
2026,1,96,cart,279.435,377.69864516129036,9655.743960383981
2026,1,80,cart,316.234,328.9924375,162.7777274414066
2026,1,30,cart,192.327,260.7998181818182,4688.526829760331
2026,1,262,cart,291.598,300.6018,81.06841444000023
2026,1,258,cart,234.616,300.6018,4354.125801640002
2026,1,25,cart,365.837,377.69864516129036,140.69862593236323
2026,1,287,cart,442.829,377.69864516129036,4241.963121416229
2026,1,230,cart,373.927,377.69864516129036,14.225307222684812
2026,1,267,cart,480.301,479.98988888888886,0.0967901234568027
2026,1,75,cart,478.849,518.1984285714286,1548.3775288979639
2026,1,180,cart,330.633,377.69864516129036,2215.174954448496
2026,1,53,cart,296.761,328.9924375,1038.8655633164044
2026,1,299,cart,255.57,336.02471428571425,6472.961050795914
2026,1,34,cart,160.064,233.69916666666666,5422.137770027777
2026,1,167,cart,354.381,431.43426315789486,5937.2053632798015
2026,1,98,cart,308.471,308.50825000000003,0.0013875625000021343
2026,1,36,cart,222.522,308.50825000000003,7393.635189062507
2026,1,50,cart,693.382,485.3247142857143,43287.83413879588
2026,1,218,cart,296.661,260.8221764705882,1284.4212719723207
2026,1,288,cart,397.622,377.69864516129036,396.9400680291355
2026,1,217,cart,434.0,383.45057142857144,2555.2447288979583
2026,1,17,cart,331.027,377.69864516129036,2178.242462061399
2026,1,44,cart,383.504,431.43426315789486,2297.3101263850517
2026,1,197,cart,194.136,239.50859999999997,2058.672830759998
2026,1,151,cart,446.733,479.98988888888886,1106.0206585678989
2026,1,94,cart,320.296,377.69864516129036,3295.063671513012
2026,1,2,cart,244.384,269.6177692307692,636.7431095917165
2026,1,275,cart,465.361,485.41425000000004,402.13283556250195
2026,1,198,cart,325.095,260.8221764705882,4130.995844442914
2026,1,90,cart,288.704,260.8221764705882,777.3960833252617
2026,1,208,cart,286.658,377.69864516129036,8288.39907138398
2026,1,77,cart,275.759,269.6177692307692,37.714715360946975
2026,1,298,cart,293.887,269.6177692307692,588.9955621301777
2026,1,147,cart,232.804,239.50859999999997,44.95166115999961
2026,1,250,cart,218.9,239.50859999999997,424.71439395999863
2026,1,100,cart,494.493,485.41425000000004,82.42370156249922
2026,1,141,cart,279.634,280.9894444444445,1.8372296419753467
2026,1,112,cart,330.937,300.6018,920.2243590399992
2026,1,202,cart,355.341,280.9894444444445,5528.153813530861
2026,1,137,cart,496.924,454.5902,1792.1506224399998
2026,1,73,cart,391.098,377.69864516129036,179.54271009365186
2026,1,28,cart,330.975,328.9924375,3.9305540664063634
2026,1,173,cart,435.421,431.43426315789486,15.894070648198392
2026,1,47,subset_min,538.021,512.7259654244357,639.838774178992
2026,1,19,subset_min,251.522,259.947594565225,70.9906437775495
2026,1,195,subset_min,417.305,389.98974632433647,746.1230833658506
2026,1,41,subset_min,292.094,260.4628265285486,1000.5311351810511
2026,1,248,subset_min,238.544,250.40836951404117,140.76326396570923
2026,1,295,subset_min,195.235,234.08450015510527,1509.2836623015237
2026,1,33,subset_min,133.048,132.26422591933488,0.6143018095224626
2026,1,51,subset_min,515.846,541.9773754115291,682.8487808982687
2026,1,103,subset_min,377.744,417.16724214349415,1554.192021104571
2026,1,224,subset_min,306.558,326.5379395208329,399.1979832561399
2026,1,48,subset_min,273.504,261.97441613355295,132.93130413343656
2026,1,159,subset_min,560.46,576.7035906781152,263.85423811815093
2026,1,58,subset_min,268.614,282.6879277070529,198.07544110335178
2026,1,89,subset_min,678.555,677.8180276215038,0.5431282866662696
2026,1,78,subset_min,375.612,372.6376093437655,8.846999775895126
2026,1,205,subset_min,394.063,359.6862416346625,1181.7615157088005
2026,1,45,subset_min,244.551,263.2979239370993,351.44715710338767
2026,1,96,subset_min,279.435,348.81400791629795,4813.446739449734
2026,1,80,subset_min,316.234,348.07354790862786,1013.75681102581
2026,1,30,subset_min,192.327,202.39786461059774,101.42231400498993
2026,1,262,subset_min,291.598,326.50922149354795,1218.7933861715637
2026,1,258,subset_min,234.616,291.4097085135149,3225.5253267180915
2026,1,25,subset_min,365.837,380.43819138678435,213.19478991350593
2026,1,287,subset_min,442.829,400.3231101029877,1806.750675936933
2026,1,230,subset_min,373.927,373.9288650570333,3.4784377374066334e-06
2026,1,267,subset_min,480.301,492.7521102446458,155.03014632432368
2026,1,75,subset_min,478.849,531.3331607534324,2754.5871299921314
2026,1,180,subset_min,330.633,373.6584969959531,1851.1933917487709
2026,1,53,subset_min,296.761,300.57169872144135,14.521424745594562
2026,1,299,subset_min,255.57,261.97441613355295,41.0165460117134
2026,1,34,subset_min,160.064,206.43072443068058,2149.8731344306725
2026,1,167,subset_min,354.381,372.6381280495986,333.32272461944126
2026,1,98,subset_min,308.471,345.63037320187965,1380.8190167565713
2026,1,36,subset_min,222.522,275.3838666524439,2794.37694598076
2026,1,50,subset_min,693.382,600.8617946375358,8559.988400312539
2026,1,218,subset_min,296.661,288.4658835316225,67.15993393027175
2026,1,288,subset_min,397.622,425.7025451524352,788.5170160579523
2026,1,217,subset_min,434.0,405.20835138330625,828.9590300671631
2026,1,17,subset_min,331.027,341.6805815526118,113.4987998981504
2026,1,44,subset_min,383.504,364.3862071673404,365.49000279249196
2026,1,197,subset_min,194.136,196.4780691259623,5.485287790785798
2026,1,151,subset_min,446.733,446.4251680505792,0.09476050908421103
2026,1,94,subset_min,320.296,302.16836609342386,328.6111110508488
2026,1,2,subset_min,244.384,275.00889872407896,937.884421860094
2026,1,275,subset_min,465.361,462.714028634311,7.006457410777554
2026,1,198,subset_min,325.095,279.6127728241254,2068.6329888778696
2026,1,90,subset_min,288.704,270.4258541580527,334.09061541949615
2026,1,208,subset_min,286.658,390.47054146639874,10777.043765712755
2026,1,77,subset_min,275.759,309.4020812498567,1131.856915984457
2026,1,298,subset_min,293.887,323.277548296644,863.8043291773635
2026,1,147,subset_min,232.804,220.97368123313345,139.95644212567498
2026,1,250,subset_min,218.9,213.60759923866203,28.009505818610755
2026,1,100,subset_min,494.493,459.20684498340063,1245.1127358554807
2026,1,141,subset_min,279.634,290.417416623016,116.28207406553707
2026,1,112,subset_min,330.937,346.35506869628625,237.7168423234017
2026,1,202,subset_min,355.341,327.53322560009985,773.2723170757424
2026,1,137,subset_min,496.924,473.6138541156193,543.3629011511099
2026,1,73,subset_min,391.098,373.9288650570333,294.77919468980036
2026,1,28,subset_min,330.975,337.27986203891965,39.751285329809704
2026,1,173,subset_min,435.421,431.0734533519389,18.901161857067287
2026,1,47,subset_1se,538.021,526.4036564586419,134.96267095793434
2026,1,19,subset_1se,251.522,250.8702106778694,0.4248293204434444
2026,1,195,subset_1se,417.305,377.5203788510387,1582.8160799663804
2026,1,41,subset_1se,292.094,264.38020667070964,768.0543406986185
2026,1,248,subset_1se,238.544,244.47934029837003,35.22826445745514
2026,1,295,subset_1se,195.235,240.69026551242843,2066.181162805364
2026,1,33,subset_1se,133.048,123.57489883374106,89.73964570617653
2026,1,51,subset_1se,515.846,538.5777738922876,516.7335442900884
2026,1,103,subset_1se,377.744,410.7019584833969,1086.2270273933104
2026,1,224,subset_1se,306.558,316.71089859377753,103.08134985552987
2026,1,48,subset_1se,273.504,263.7495231560125,95.14981849988843
2026,1,159,subset_1se,560.46,575.5027394577319,226.28401039320244
2026,1,58,subset_1se,268.614,284.0036868290039,236.84246069481762
2026,1,89,subset_1se,678.555,672.9040686589977,31.93302502072099
2026,1,78,subset_1se,375.612,373.1169575433372,6.225236860550019
2026,1,205,subset_1se,394.063,355.3288758786107,1500.3323714511923
2026,1,45,subset_1se,244.551,259.0792959493332,211.07138319141143
2026,1,96,subset_1se,279.435,358.9102755705194,6316.319427009996
2026,1,80,subset_1se,316.234,343.7852354775772,759.0705763409098
2026,1,30,subset_1se,192.327,197.77525004544384,29.68342855767883
2026,1,262,subset_1se,291.598,334.18966494828715,1814.0499230671508
2026,1,258,subset_1se,234.616,292.33783179163476,3331.809865381775
2026,1,25,subset_1se,365.837,381.41314498794054,242.61629268534557
2026,1,287,subset_1se,442.829,400.1852824349043,1818.4866477716514
2026,1,230,subset_1se,373.927,378.1538030217398,17.865863784588566
2026,1,267,subset_1se,480.301,480.8062260417382,0.25525335325048976
2026,1,75,subset_1se,478.849,522.3087690502496,1888.751525901031
2026,1,180,subset_1se,330.633,384.70712958181605,2924.0114900310355
2026,1,53,subset_1se,296.761,302.13718681139767,28.903384631045974
2026,1,299,subset_1se,255.57,263.7495231560125,66.90459905974504
2026,1,34,subset_1se,160.064,205.7903071193688,2090.895162774839
2026,1,167,subset_1se,354.381,368.3146664241574,194.1470600196919
2026,1,98,subset_1se,308.471,334.2854895405515,666.3878702392431
2026,1,36,subset_1se,222.522,279.1194025566999,3203.265976165144
2026,1,50,subset_1se,693.382,591.6250300632911,10354.48093070027
2026,1,218,subset_1se,296.661,298.79806270435324,4.567037002337587
2026,1,288,subset_1se,397.622,417.8614294981734,409.63450641153014
2026,1,217,subset_1se,434.0,400.38125824439504,1130.2197972300564
2026,1,17,subset_1se,331.027,353.39738857869224,500.43428516168495
2026,1,44,subset_1se,383.504,378.01767046415034,30.099811775936534
2026,1,197,subset_1se,194.136,190.7677325792142,11.345225417927015
2026,1,151,subset_1se,446.733,443.4813290690213,10.573363843372007
2026,1,94,subset_1se,320.296,307.0554652176854,175.3117613216819
2026,1,2,subset_1se,244.384,276.57876431026773,1036.5028489936897
2026,1,275,subset_1se,465.361,460.8692400454689,20.17590748912889
2026,1,198,subset_1se,325.095,272.99672550302296,2714.2302055623713
2026,1,90,subset_1se,288.704,276.3341314274116,153.01364850311057
2026,1,208,subset_1se,286.658,399.95727531132206,12836.72578607075
2026,1,77,subset_1se,275.759,310.1829379359965,1185.0075030213384
2026,1,298,subset_1se,293.887,319.7420452822088,668.4833665450664
2026,1,147,subset_1se,232.804,217.4035217481955,237.17473038430384
2026,1,250,subset_1se,218.9,206.7474321193789,147.68490609310342
2026,1,100,subset_1se,494.493,464.68280251967445,888.6478738160073
2026,1,141,subset_1se,279.634,287.10249780143477,55.77845941003571
2026,1,112,subset_1se,330.937,340.05293299838877,83.10023443111304
2026,1,202,subset_1se,355.341,339.7925179842725,241.7552929934024
2026,1,137,subset_1se,496.924,478.4084897223336,342.8241208423683
2026,1,73,subset_1se,391.098,378.1538030217398,167.55223541200073
2026,1,28,subset_1se,330.975,334.98427684518526,16.074300821338518
2026,1,173,subset_1se,435.421,426.9009134918857,72.5918741057509
2026,1,47,adaptive_linear,538.021,512.7259654244357,639.838774178992
2026,1,19,adaptive_linear,251.522,259.947594565225,70.9906437775495
2026,1,195,adaptive_linear,417.305,389.98974632433647,746.1230833658506
2026,1,41,adaptive_linear,292.094,260.4628265285486,1000.5311351810511
2026,1,248,adaptive_linear,238.544,250.40836951404117,140.76326396570923
2026,1,295,adaptive_linear,195.235,234.08450015510527,1509.2836623015237
2026,1,33,adaptive_linear,133.048,132.26422591933488,0.6143018095224626
2026,1,51,adaptive_linear,515.846,541.9773754115291,682.8487808982687
2026,1,103,adaptive_linear,377.744,417.16724214349415,1554.192021104571
2026,1,224,adaptive_linear,306.558,326.5379395208329,399.1979832561399
2026,1,48,adaptive_linear,273.504,261.97441613355295,132.93130413343656
2026,1,159,adaptive_linear,560.46,576.7035906781152,263.85423811815093
2026,1,58,adaptive_linear,268.614,282.6879277070529,198.07544110335178
2026,1,89,adaptive_linear,678.555,677.8180276215038,0.5431282866662696
2026,1,78,adaptive_linear,375.612,372.6376093437655,8.846999775895126
2026,1,205,adaptive_linear,394.063,359.6862416346625,1181.7615157088005
2026,1,45,adaptive_linear,244.551,263.2979239370993,351.44715710338767
2026,1,96,adaptive_linear,279.435,348.81400791629795,4813.446739449734
2026,1,80,adaptive_linear,316.234,348.07354790862786,1013.75681102581
2026,1,30,adaptive_linear,192.327,202.39786461059774,101.42231400498993
2026,1,262,adaptive_linear,291.598,326.50922149354795,1218.7933861715637
2026,1,258,adaptive_linear,234.616,291.4097085135149,3225.5253267180915
2026,1,25,adaptive_linear,365.837,380.43819138678435,213.19478991350593
2026,1,287,adaptive_linear,442.829,400.3231101029877,1806.750675936933
2026,1,230,adaptive_linear,373.927,373.9288650570333,3.4784377374066334e-06
2026,1,267,adaptive_linear,480.301,492.7521102446458,155.03014632432368
2026,1,75,adaptive_linear,478.849,531.3331607534324,2754.5871299921314
2026,1,180,adaptive_linear,330.633,373.6584969959531,1851.1933917487709
2026,1,53,adaptive_linear,296.761,300.57169872144135,14.521424745594562
2026,1,299,adaptive_linear,255.57,261.97441613355295,41.0165460117134
2026,1,34,adaptive_linear,160.064,206.43072443068058,2149.8731344306725
2026,1,167,adaptive_linear,354.381,372.6381280495986,333.32272461944126
2026,1,98,adaptive_linear,308.471,345.63037320187965,1380.8190167565713
2026,1,36,adaptive_linear,222.522,275.3838666524439,2794.37694598076
2026,1,50,adaptive_linear,693.382,600.8617946375358,8559.988400312539
2026,1,218,adaptive_linear,296.661,288.4658835316225,67.15993393027175
2026,1,288,adaptive_linear,397.622,425.7025451524352,788.5170160579523
2026,1,217,adaptive_linear,434.0,405.20835138330625,828.9590300671631
2026,1,17,adaptive_linear,331.027,341.6805815526118,113.4987998981504
2026,1,44,adaptive_linear,383.504,364.3862071673404,365.49000279249196
2026,1,197,adaptive_linear,194.136,196.4780691259623,5.485287790785798
2026,1,151,adaptive_linear,446.733,446.4251680505792,0.09476050908421103
2026,1,94,adaptive_linear,320.296,302.16836609342386,328.6111110508488
2026,1,2,adaptive_linear,244.384,275.00889872407896,937.884421860094
2026,1,275,adaptive_linear,465.361,462.714028634311,7.006457410777554
2026,1,198,adaptive_linear,325.095,279.6127728241254,2068.6329888778696
2026,1,90,adaptive_linear,288.704,270.4258541580527,334.09061541949615
2026,1,208,adaptive_linear,286.658,390.47054146639874,10777.043765712755
2026,1,77,adaptive_linear,275.759,309.4020812498567,1131.856915984457
2026,1,298,adaptive_linear,293.887,323.277548296644,863.8043291773635
2026,1,147,adaptive_linear,232.804,220.97368123313345,139.95644212567498
2026,1,250,adaptive_linear,218.9,213.60759923866203,28.009505818610755
2026,1,100,adaptive_linear,494.493,459.20684498340063,1245.1127358554807
2026,1,141,adaptive_linear,279.634,290.417416623016,116.28207406553707
2026,1,112,adaptive_linear,330.937,346.35506869628625,237.7168423234017
2026,1,202,adaptive_linear,355.341,327.53322560009985,773.2723170757424
2026,1,137,adaptive_linear,496.924,473.6138541156193,543.3629011511099
2026,1,73,adaptive_linear,391.098,373.9288650570333,294.77919468980036
2026,1,28,adaptive_linear,330.975,337.27986203891965,39.751285329809704
2026,1,173,adaptive_linear,435.421,431.0734533519389,18.901161857067287
2026,2,138,ols_all,154.41,171.83945593816497,303.7859343004344
2026,2,88,ols_all,474.13,423.71157982077875,2542.017093368504
2026,2,213,ols_all,403.258,407.1674726187448,15.283976156715438
2026,2,70,ols_all,385.195,363.4197348086059,474.1621741555401
2026,2,172,ols_all,385.629,422.5796415859227,1365.3499136113167
2026,2,54,ols_all,429.049,456.6063910911312,759.4098037495569
2026,2,204,ols_all,283.113,286.98866948301065,15.02081394154007
2026,2,177,ols_all,251.746,242.54219543551517,84.710018461232
2026,2,22,ols_all,368.133,331.64983344787106,1331.0214416703784
2026,2,182,ols_all,176.669,210.44061572463033,1140.522028652098
2026,2,40,ols_all,512.399,484.58473913992475,773.633107192314
2026,2,93,ols_all,297.073,247.36177305518368,2471.2060843590307
2026,2,192,ols_all,271.658,244.1358923347957,757.4664103350982
2026,2,265,ols_all,276.409,210.44061572463033,4351.827723902838
2026,2,211,ols_all,295.062,346.8181202192459,2678.6959801490316
2026,2,245,ols_all,535.272,493.2593047156429,1765.0665650562466
2026,2,66,ols_all,336.651,368.5219255882871,1015.755897854133
2026,2,282,ols_all,385.582,342.6806941433483,1840.5220442059754
2026,2,145,ols_all,228.932,214.70527406189194,202.39973091803628
2026,2,87,ols_all,435.447,489.79090597673303,2953.2601168079996
2026,2,294,ols_all,519.546,480.6634412205358,1511.8533772384933
2026,2,176,ols_all,409.854,420.69997655856423,117.63520750892512
2026,2,279,ols_all,338.163,301.950213832225,1311.3658820329958
2026,2,57,ols_all,300.151,307.34522755742955,51.75691014807864
2026,2,62,ols_all,317.619,337.4653576636065,393.87791251179067
2026,2,8,ols_all,522.37,489.8737879793439,1056.003795691435
2026,2,9,ols_all,314.569,310.3613477524327,17.70433743645812
2026,2,38,ols_all,347.959,330.3255065085609,310.9400927126245
2026,2,106,ols_all,272.919,262.66807492761427,105.08146483966601
2026,2,111,ols_all,397.526,396.6486743065325,0.7697003724182754
2026,2,74,ols_all,227.396,234.39042194213425,48.921938304609284
2026,2,134,ols_all,92.565,144.36038695022944,2682.7621093239986
2026,2,60,ols_all,427.584,410.037242153036,307.8887109399927
2026,2,170,ols_all,255.102,281.0593592567634,673.7844995846804
2026,2,95,ols_all,549.954,539.1229051799942,117.3126149999559
2026,2,86,ols_all,352.697,368.0617092873358,236.0742914843434
2026,2,126,ols_all,376.944,318.4282978395431,3424.0873993313
2026,2,20,ols_all,369.841,410.5024508029346,1653.3535813994715
2026,2,161,ols_all,422.585,380.9633580351965,1732.3610798462896
2026,2,122,ols_all,523.246,475.01281669470836,2326.439971761862
2026,2,15,ols_all,472.547,480.6634412205358,65.87661808641205
2026,2,232,ols_all,444.205,412.3122616806836,1017.1467575043913
2026,2,223,ols_all,328.27,337.94642327196107,93.63316733815006
2026,2,140,ols_all,325.388,299.87387719890694,650.9704623092556
2026,2,183,ols_all,412.225,438.1655773643315,672.9135539948672
2026,2,181,ols_all,330.392,341.5538055052343,124.58590213667932
2026,2,261,ols_all,235.459,276.83046141135674,1711.5978193113792
2026,2,292,ols_all,441.085,431.0631319594895,100.43783902140515
2026,2,104,ols_all,465.463,487.5244662231794,486.70829191648403
2026,2,297,ols_all,398.519,397.8219139787525,0.48592892101869023
2026,2,55,ols_all,283.539,289.44190875082177,34.844331720528345
2026,2,105,ols_all,478.985,516.8878664979143,1436.6272887587113
2026,2,278,ols_all,321.551,341.8004093560553,410.0385792691003
2026,2,16,ols_all,231.791,264.40321606937687,1063.556636955723
2026,2,219,ols_all,197.665,143.94763935217316,2885.554834968695
2026,2,31,ols_all,354.543,327.506717093132,730.9605934202026
2026,2,179,ols_all,236.114,261.6252773249571,650.8252707508699
2026,2,10,ols_all,236.674,239.04520527159957,5.622614440061562
2026,2,190,ols_all,254.668,310.42818133291394,3109.1978222794432
2026,2,166,ols_all,246.311,239.55171537638353,45.687928623058184
2026,2,138,ridge,154.41,171.85808456989741,304.4356551582924
2026,2,88,ridge,474.13,423.70560922551505,2542.619184977963
2026,2,213,ridge,403.258,407.13649312334644,15.042708907845771
2026,2,70,ridge,385.195,363.4329945415634,473.58488157302395
2026,2,172,ridge,385.629,422.59023117058854,1366.1326096456844
2026,2,54,ridge,429.049,456.61267045662703,759.755929041535
2026,2,204,ridge,283.113,287.00030637180646,15.111150828287103
2026,2,177,ridge,251.746,242.5184515339319,85.14765069363575
2026,2,22,ridge,368.133,331.6708253977702,1329.4901767234894
2026,2,182,ridge,176.669,210.44758215578574,1140.992612455166
2026,2,40,ridge,512.399,484.59364817718483,773.1375899905308
2026,2,93,ridge,297.073,247.3628560939605,2471.098407159155
2026,2,192,ridge,271.658,244.1540549324974,756.4669942762021
2026,2,265,ridge,276.409,210.44758215578574,4350.908644019027
2026,2,211,ridge,295.062,346.8128135021388,2678.1466981331496
2026,2,245,ridge,535.272,493.2294625131718,1767.5749583313564
2026,2,66,ridge,336.651,368.52141693169835,1015.7234754002844
2026,2,282,ridge,385.582,342.6830840900391,1840.316986249898
2026,2,145,ridge,228.932,214.7207555826005,201.95946789106802
2026,2,87,ridge,435.447,489.8017282787772,2954.436486259702
2026,2,294,ridge,519.546,480.6511704543942,1512.8077653817322
2026,2,176,ridge,409.854,420.69231282141493,117.46902481484759
2026,2,279,ridge,338.163,301.9396489477926,1312.1311614514564
2026,2,57,ridge,300.151,307.3217632882521,51.419846136143924
2026,2,62,ridge,317.619,337.45541112728927,393.48320641084433
2026,2,8,ridge,522.37,489.8888954487329,1055.022152870344
2026,2,9,ridge,314.569,310.36104262816383,17.706905243190512
2026,2,38,ridge,347.959,330.3639826427536,309.58463580180126
2026,2,106,ridge,272.919,262.6793685893959,104.85005142502992
2026,2,111,ridge,397.526,396.6395737066382,0.785751573563154
2026,2,74,ridge,227.396,234.3722541371818,48.66812178654654
2026,2,134,ridge,92.565,144.36755816622883,2683.5050325655216
2026,2,60,ridge,427.584,410.0282801574162,308.203299191291
2026,2,170,ridge,255.102,281.06250397776813,673.9477667797147
2026,2,95,ridge,549.954,539.1185767351624,117.40639732818333
2026,2,86,ridge,352.697,368.06639638543345,236.2183452525747
2026,2,126,ridge,376.944,318.42070069727845,3424.9765612759306
2026,2,20,ridge,369.841,410.49805842334683,1652.996399639437
2026,2,161,ridge,422.585,380.94117988570065,1734.2077537121215
2026,2,122,ridge,523.246,475.01608588659053,2326.124615386852
2026,2,15,ridge,472.547,480.6511704543942,65.67757875387578
2026,2,232,ridge,444.205,412.31514336763064,1016.962956033071
2026,2,223,ridge,328.27,337.9125746994645,92.9792468347538
2026,2,140,ridge,325.388,299.8943326902836,649.9270728985019
2026,2,183,ridge,412.225,438.1671892323065,672.997182164798
2026,2,181,ridge,330.392,341.55678704966215,124.65246986430371
2026,2,261,ridge,235.459,276.8303311265453,1711.5870391822536
2026,2,292,ridge,441.085,431.04980420574316,100.70515462906981
2026,2,104,ridge,465.463,487.51328120639835,486.21490128124316
2026,2,297,ridge,398.519,397.83400947189364,0.46921202359544145
2026,2,55,ridge,283.539,289.47502178970615,35.236354687866324
2026,2,105,ridge,478.985,516.8989288810279,1437.4660031956425
2026,2,278,ridge,321.551,341.8210207226128,410.8737400951523
2026,2,16,ridge,231.791,264.40142712819727,1063.4399574834647
2026,2,219,ridge,197.665,143.94641075076112,2885.6868309284423
2026,2,31,ridge,354.543,327.49448557610094,731.6221325398757
2026,2,179,ridge,236.114,261.6303361914207,651.0834126336068
2026,2,10,ridge,236.674,239.11769136151392,5.971627470337723
2026,2,190,ridge,254.668,310.43838937618045,3110.336331170781
2026,2,166,ridge,246.311,239.58265940110115,45.27056721479058
2026,2,138,pls,154.41,171.83856065617599,303.7547265460056
2026,2,88,pls,474.13,423.7131602692184,2541.857728439317
2026,2,213,pls,403.258,407.1632119542139,15.250680407335455
2026,2,70,pls,385.195,363.414724268746,474.38041092945167
2026,2,172,pls,385.629,422.5780338929688,1365.231105623755
2026,2,54,pls,429.049,456.6062174543857,759.4002338283026
2026,2,204,pls,283.113,286.9838392403379,14.983396424539587
2026,2,177,pls,251.746,242.53987601657937,84.7527187981127
2026,2,22,pls,368.133,331.64911750501193,1331.0736819080955
2026,2,182,pls,176.669,210.43955540500517,1140.450412362523
2026,2,40,pls,512.399,484.58578286450813,773.5750474260185
2026,2,93,pls,297.073,247.35992699258685,2471.3896278403877
2026,2,192,pls,271.658,244.14624803792594,756.8964960226866
2026,2,265,pls,276.409,210.43955540500517,4351.967620172092
2026,2,211,pls,295.062,346.82778819010764,2679.6968269430863
2026,2,245,pls,535.272,493.2664294403099,1764.4679580451095
2026,2,66,pls,336.651,368.52604378189807,1016.018416097918
2026,2,282,pls,385.582,342.67961902845616,1840.6142930274866
2026,2,145,pls,228.932,214.6952528707949,202.68496882092964
2026,2,87,pls,435.447,489.79103909168066,2953.2745847981155
2026,2,294,pls,519.546,480.66424909853265,1511.790553163761
2026,2,176,pls,409.854,420.6991716589865,117.61774831288372
2026,2,279,pls,338.163,301.9494502203528,1311.4211876429874
2026,2,57,pls,300.151,307.3505951781941,51.83417072987576
2026,2,62,pls,317.619,337.4736082982339,394.20547067629724
2026,2,8,pls,522.37,489.87062366926466,1056.2094618867607
2026,2,9,pls,314.569,310.3624103646303,17.69539636039987
2026,2,38,pls,347.959,330.3179297931646,311.20735804249637
2026,2,106,pls,272.919,262.6624724157677,105.19635808611781
2026,2,111,pls,397.526,396.65461763195947,0.7593072313319437
2026,2,74,pls,227.396,234.38762086471607,48.88276231593327
2026,2,134,pls,92.565,144.353326940585,2682.0308073049214
2026,2,60,pls,427.584,410.0401472034282,307.7867709477801
2026,2,170,pls,255.102,281.0569308878187,673.658437391444
2026,2,95,pls,549.954,539.128400397828,117.19360674654452
2026,2,86,pls,352.697,368.06138821511564,236.06442522478434
2026,2,126,pls,376.944,318.42490373919543,3424.4846271813135
2026,2,20,pls,369.841,410.50404570496926,1653.4832860044182
2026,2,161,pls,422.585,380.9639072679176,1732.3153602126015
2026,2,122,pls,523.246,475.00986283216344,2326.7249288743424
2026,2,15,pls,472.547,480.66424909853265,65.88973292762871
2026,2,232,pls,444.205,412.31301576689475,1017.0986583246328
2026,2,223,pls,328.27,337.94531271498613,93.61167613277263
2026,2,140,pls,325.388,299.8674227843993,651.2998614174359
2026,2,183,pls,412.225,438.1568475808828,672.4607189581366
2026,2,181,pls,330.392,341.55572956195437,124.6288577324539
2026,2,261,pls,235.459,276.8299941683534,1711.559158477929
2026,2,292,pls,441.085,431.06624573559463,100.37543701054028
2026,2,104,pls,465.463,487.51999658208194,486.5110982219736
2026,2,297,pls,398.519,397.8261724310001,0.4800100403663345
2026,2,55,pls,283.539,289.43822261346764,34.800827443248174
2026,2,105,pls,478.985,516.8734380300091,1435.5337363538376
2026,2,278,pls,321.551,341.796079991876,409.86326387745896
2026,2,16,pls,231.791,264.40919058873965,1063.946357283344
2026,2,219,pls,197.665,143.94465909081248,2885.8750273993255
2026,2,31,pls,354.543,327.5096554886698,730.8017154682666
2026,2,179,pls,236.114,261.6226220546579,650.6897991273783
2026,2,10,pls,236.674,239.04048054396492,5.600230164964463
2026,2,190,pls,254.668,310.43613716072633,3110.0851223775844
2026,2,166,pls,246.311,239.55873019686902,45.59314749427456
2026,2,138,huber,154.41,175.35863314424034,438.8452306119652
2026,2,88,huber,474.13,423.5613419507177,2557.189176905244
2026,2,213,huber,403.258,406.78391186573555,12.432054484934858
2026,2,70,huber,385.195,367.02925001640443,329.9944724665021
2026,2,172,huber,385.629,422.6375678586415,1369.6340949476705
2026,2,54,huber,429.049,457.8829632091721,831.3974343478909
2026,2,204,huber,283.113,287.6760781516012,20.821682217620125
2026,2,177,huber,251.746,241.49395392030203,105.10444882025064
2026,2,22,huber,368.133,336.6816566214036,989.1870003183791
2026,2,182,huber,176.669,209.78134369480026,1096.4273049625776
2026,2,40,huber,512.399,486.49874337895915,670.8232930357706
2026,2,93,huber,297.073,247.39522556694965,2467.881272621029
2026,2,192,huber,271.658,245.4800541106846,685.2848509839263
2026,2,265,huber,276.409,209.78134369480026,4439.244584723822
2026,2,211,huber,295.062,347.7648521349373,2777.5906231570652
2026,2,245,huber,535.272,493.557920837708,1740.0644003579655
2026,2,66,huber,336.651,365.88649158933805,854.7139684702553
2026,2,282,huber,385.582,345.0937826426203,1639.2957447784236
2026,2,145,huber,228.932,215.97693187468678,167.83379013150616
2026,2,87,huber,435.447,492.43330838909264,3247.4393438167704
2026,2,294,huber,519.546,480.21676082314,1546.7890542306616
2026,2,176,huber,409.854,421.9878976299102,147.23147169314092
2026,2,279,huber,338.163,301.2261989917653,1364.3272687219307
2026,2,57,huber,300.151,305.5179974253862,28.804661364102277
2026,2,62,huber,317.619,335.2182093825158,309.732170889631
2026,2,8,huber,522.37,492.81659334101596,873.4038451512824
2026,2,9,huber,314.569,311.23845126264956,11.092554891866708
2026,2,38,huber,347.959,333.3229195451417,214.2148510810852
2026,2,106,huber,272.919,265.26542781513155,58.57716718899183
2026,2,111,huber,397.526,395.4031163588092,4.506634954035554
2026,2,74,huber,227.396,234.4180639499302,49.30938211690952
2026,2,134,huber,92.565,145.2870265582625,2779.612084410138
2026,2,60,huber,427.584,409.91013620709634,312.36546137011095
2026,2,170,huber,255.102,279.0807090020059,574.9784854028787
2026,2,95,huber,549.954,540.4854545636945,89.65335267938126
2026,2,86,huber,352.697,369.02286560034594,266.5338876005587
2026,2,126,huber,376.944,316.4341224274801,3661.4452838413517
2026,2,20,huber,369.841,408.64263109743325,1505.5665758212986
2026,2,161,huber,422.585,381.206347631742,1712.1928718131412
2026,2,122,huber,523.246,475.5785586191771,2272.1849677941855
2026,2,15,huber,472.547,480.21676082314,58.8252310841731
2026,2,232,huber,444.205,412.79562280429326,986.5489758221817
2026,2,223,huber,328.27,338.03750432583803,95.40414075526496
2026,2,140,huber,325.388,303.31802245617314,487.08390878502087
2026,2,183,huber,412.225,441.1491841987099,836.6084315608991
2026,2,181,huber,330.392,341.80482506942616,130.2525760653223
2026,2,261,huber,235.459,277.4352042774052,1762.0017255384507
2026,2,292,huber,441.085,428.99407097159985,146.19056476980882
2026,2,104,huber,465.463,488.96522861034566,552.3547496529492
2026,2,297,huber,398.519,399.5181652312166,0.9983311592720813
2026,2,55,huber,283.539,290.9119904539814,54.36098823450087
2026,2,105,huber,478.985,519.21824691402,1618.714157244501
2026,2,278,huber,321.551,340.7117918300805,367.13594355567903
2026,2,16,huber,231.791,265.05326452484735,1106.3782413209187
2026,2,219,huber,197.665,142.40191849323543,3054.0081776233037
2026,2,31,huber,354.543,325.52767186791533,841.8892666125444
2026,2,179,huber,236.114,261.58421563469096,648.7318844776557
2026,2,10,huber,236.674,241.75332494691457,25.799541916348677
2026,2,190,huber,254.668,310.8627220509329,3157.8467863816054
2026,2,166,huber,246.311,238.09711615133202,67.46788787940888
2026,2,138,cart,154.41,156.246625,3.3731913906249926
2026,2,88,cart,474.13,447.8594285714285,690.1429231836765
2026,2,213,cart,403.258,477.79300000000006,5555.466225000012
2026,2,70,cart,385.195,310.09388888888884,5640.176890123463
2026,2,172,cart,385.629,428.1106666666667,1804.6920027777792
2026,2,54,cart,429.049,455.4638571428572,697.7446778775549
2026,2,204,cart,283.113,261.3398,474.0722382399989
2026,2,177,cart,251.746,310.9212,3501.7042950399987
2026,2,22,cart,368.133,302.85242857142856,4261.5530060408155
2026,2,182,cart,176.669,218.6541111111111,1762.749555012343
2026,2,40,cart,512.399,455.4638571428572,3241.6104921632596
2026,2,93,cart,297.073,218.6541111111111,6149.522134567901
2026,2,192,cart,271.658,276.19433333333336,20.578320111111225
2026,2,265,cart,276.409,218.6541111111111,3335.6271905679023
2026,2,211,cart,295.062,302.85242857142856,60.69077732653027
2026,2,245,cart,535.272,624.658,7989.856995999994
2026,2,66,cart,336.651,346.66299999999995,100.24014399999886
2026,2,282,cart,385.582,310.09388888888884,5698.454919123463
2026,2,145,cart,228.932,218.6541111111111,105.63500001234581
2026,2,87,cart,435.447,497.59039999999993,3861.802163559991
2026,2,294,cart,519.546,455.4638571428572,4106.521033163265
2026,2,176,cart,409.854,430.23574999999994,415.41573306249813
2026,2,279,cart,338.163,346.66299999999995,72.24999999999903
2026,2,57,cart,300.151,272.4764285714286,765.8819037551019
2026,2,62,cart,317.619,310.09388888888884,56.62729723456904
2026,2,8,cart,522.37,513.6522,76.00003684000019
2026,2,9,cart,314.569,261.3398,2833.3477326399993
2026,2,38,cart,347.959,306.61080000000004,1709.6736432399969
2026,2,106,cart,272.919,266.961,35.49776399999964
2026,2,111,cart,397.526,447.8594285714285,2533.4540317550945
2026,2,74,cart,227.396,310.9212,6976.459035040002
2026,2,134,cart,92.565,156.246625,4055.349362640625
2026,2,60,cart,427.584,377.8701428571429,2471.4675920204018
2026,2,170,cart,255.102,310.09388888888884,3024.1078435678955
2026,2,95,cart,549.954,455.4638571428572,8928.387097163246
2026,2,86,cart,352.697,385.6128,1083.4498896399994
2026,2,126,cart,376.944,346.66299999999995,916.9389610000038
2026,2,20,cart,369.841,428.1106666666667,3395.354053444448
2026,2,161,cart,422.585,393.3401111111111,855.2635261234547
2026,2,122,cart,523.246,497.59039999999993,658.2098113600025
2026,2,15,cart,472.547,455.4638571428572,291.83376987755014
2026,2,232,cart,444.205,447.8594285714285,13.35484818367313
2026,2,223,cart,328.27,298.95699999999994,859.2519690000026
2026,2,140,cart,325.388,302.85242857142856,507.8519796122443
2026,2,183,cart,412.225,453.6656,1717.3233283599968
2026,2,181,cart,330.392,261.3398,4768.206324839996
2026,2,261,cart,235.459,249.61750000000004,200.4631222500009
2026,2,292,cart,441.085,455.4638571428572,206.75153273469593
2026,2,104,cart,465.463,497.59039999999993,1032.169830759994
2026,2,297,cart,398.519,430.23574999999994,1005.9522305624957
2026,2,55,cart,283.539,310.09388888888884,705.1621239012327
2026,2,105,cart,478.985,497.59039999999993,346.16090915999695
2026,2,278,cart,321.551,346.66299999999995,630.6125439999984
2026,2,16,cart,231.791,276.19433333333336,1971.656011111114
2026,2,219,cart,197.665,218.6541111111111,440.5427852345674
2026,2,31,cart,354.543,310.09388888888884,1975.723478567906
2026,2,179,cart,236.114,218.6541111111111,304.8477200123465
2026,2,10,cart,236.674,272.5295,1285.6168802499985
2026,2,190,cart,254.668,320.00399999999996,4268.7928959999945
2026,2,166,cart,246.311,239.2244,50.21989956000006
2026,2,138,subset_min,154.41,172.3292689700072,321.10020041946325
2026,2,88,subset_min,474.13,421.545488285677,2765.1308722337744
2026,2,213,subset_min,403.258,411.72383080238103,71.67029117454376
2026,2,70,subset_min,385.195,364.9050864864062,411.68059038911525
2026,2,172,subset_min,385.629,419.76975058913774,1165.590850789708
2026,2,54,subset_min,429.049,454.973665264971,672.0882691007937
2026,2,204,subset_min,283.113,290.66446831396206,57.02467369677302
2026,2,177,subset_min,251.746,248.34230043943205,11.58517069861051
2026,2,22,subset_min,368.133,330.9318346215519,1383.9267055146443
2026,2,182,subset_min,176.669,212.85008615002937,1309.0709949958461
2026,2,40,subset_min,512.399,482.438714176522,897.6187266244962
2026,2,93,subset_min,297.073,250.89342848802136,2132.5528250299476
2026,2,192,subset_min,271.658,240.41274559864257,976.2659226055466
2026,2,265,subset_min,276.409,212.85008615002937,4039.7355297879876
2026,2,211,subset_min,295.062,345.12956119304147,2506.760683818951
2026,2,245,subset_min,535.272,495.1531093121697,1609.5253900220803
2026,2,66,subset_min,336.651,364.6812961098789,785.69750000749
2026,2,282,subset_min,385.582,345.5213922950401,1604.852289690694
2026,2,145,subset_min,228.932,217.6036431094543,128.33166983957372
2026,2,87,subset_min,435.447,486.9632480831796,2653.923816567708
2026,2,294,subset_min,519.546,480.64339250449524,1513.4128699493072
2026,2,176,subset_min,409.854,419.09623047668833,85.41882418422693
2026,2,279,subset_min,338.163,306.26856735997706,1017.2548334289617
2026,2,57,subset_min,300.151,311.1798368614834,121.63524251721498
2026,2,62,subset_min,317.619,336.4093785863958,353.0783274200809
2026,2,8,subset_min,522.37,487.25743760047396,1232.89203826061
2026,2,9,subset_min,314.569,307.82276100499985,45.511740577660895
2026,2,38,subset_min,347.959,326.874776602997,444.54447625472994
2026,2,106,subset_min,272.919,265.75641361016557,51.30264379184122
2026,2,111,subset_min,397.526,394.3412773543147,10.142458329940945
2026,2,74,subset_min,227.396,239.71738468732082,151.81652061294423
2026,2,134,subset_min,92.565,142.37298871481954,2480.835739815591
2026,2,60,subset_min,427.584,411.3393518491893,263.88859354363717
2026,2,170,subset_min,255.102,282.10911142423265,729.3840674809176
2026,2,95,subset_min,549.954,536.7076106325638,175.4668312737244
2026,2,86,subset_min,352.697,367.82476195484315,228.8491817623999
2026,2,126,subset_min,376.944,325.04017743765723,2694.0067965831636
2026,2,20,subset_min,369.841,408.92017482555997,1527.1819050466793
2026,2,161,subset_min,422.585,385.9264891430377,1343.8464182500204
2026,2,122,subset_min,523.246,472.8293521828653,2541.8383771169906
2026,2,15,subset_min,472.547,480.64339250449524,65.55157158684628
2026,2,232,subset_min,444.205,409.5224147312696,1202.8817209227554
2026,2,223,subset_min,328.27,346.4623088165696,330.96010007743627
2026,2,140,subset_min,325.388,303.3695834845717,484.81066584688443
2026,2,183,subset_min,412.225,440.5142975135565,800.2843538105143
2026,2,181,subset_min,330.392,339.5032644998613,83.0151407864329
2026,2,261,subset_min,235.459,280.39169041845474,2018.9466682406944
2026,2,292,subset_min,441.085,429.79815185799515,127.39294098067785
2026,2,104,subset_min,465.463,488.05087623651775,510.2121528762423
2026,2,297,subset_min,398.519,394.30503124574045,17.757532661875818
2026,2,55,subset_min,283.539,286.0420652224317,6.265335507747061
2026,2,105,subset_min,478.985,516.8544055743741,1434.0918785564381
2026,2,278,subset_min,321.551,336.76085469538,231.33967985457267
2026,2,16,subset_min,231.791,263.00412151299514,974.2589545850003
2026,2,219,subset_min,197.665,148.51083727236494,2416.131713454827
2026,2,31,subset_min,354.543,327.1554807119872,750.0762127512737
2026,2,179,subset_min,236.114,265.40333533995954,857.8651646566026
2026,2,10,subset_min,236.674,226.12810943297254,111.21580785171898
2026,2,190,subset_min,254.668,305.01540395849423,2534.8610853598
2026,2,166,subset_min,246.311,231.48016889977532,219.95355112339175
2026,2,138,subset_1se,154.41,188.4144681801996,1156.3038562182078
2026,2,88,subset_1se,474.13,412.0949754733831,3848.3442680179596
2026,2,213,subset_1se,403.258,398.422884844772,23.37833856431531
2026,2,70,subset_1se,385.195,379.690345111785,30.301225438349146
2026,2,172,subset_1se,385.629,410.32014879222186,609.652828679638
2026,2,54,subset_1se,429.049,460.13093253194245,966.0865299202237
2026,2,204,subset_1se,283.113,304.85927058177447,472.90028421574965
2026,2,177,subset_1se,251.746,237.2417298182272,210.37385350586345
2026,2,22,subset_1se,368.133,344.69631325326185,549.2782856647308
2026,2,182,subset_1se,176.669,200.98511973670557,591.2736790498017
2026,2,40,subset_1se,512.399,482.462999582021,896.1641210252399
2026,2,93,subset_1se,297.073,254.27230948531303,1831.8991085340133
2026,2,192,subset_1se,271.658,263.89739998169813,60.22691264406724
2026,2,265,subset_1se,276.409,200.98511973670557,5688.761713971774
2026,2,211,subset_1se,295.062,358.34592149328944,4004.8547195688193
2026,2,245,subset_1se,535.272,511.76712491622436,552.4791527038991
2026,2,66,subset_1se,336.651,351.2531578164255,213.22301289579684
2026,2,282,subset_1se,385.582,350.12793369251415,1256.990817735603
2026,2,145,subset_1se,228.932,214.40643756444223,210.99196406928667
2026,2,87,subset_1se,435.447,490.24457955746004,3002.7747253561624
2026,2,294,subset_1se,519.546,480.54720356684123,1520.906123234961
2026,2,176,subset_1se,409.854,419.62882317323454,95.54716806800319
2026,2,279,subset_1se,338.163,301.58798349998034,1337.7318319767112
2026,2,57,subset_1se,300.151,308.2403301637075,65.43726249746757
2026,2,62,subset_1se,317.619,335.29296689260866,312.369105721026
2026,2,8,subset_1se,522.37,492.29302288828734,904.6245521784875
2026,2,9,subset_1se,314.569,326.3393409706803,138.54092656607546
2026,2,38,subset_1se,347.959,336.8200327781983,124.07659076837251
2026,2,106,subset_1se,272.919,269.5556375740785,11.312206808100422
2026,2,111,subset_1se,397.526,381.6587494050308,251.76964144355108
2026,2,74,subset_1se,227.396,236.47317657896528,82.39513464571607
2026,2,134,subset_1se,92.565,122.9542026599058,923.503638304826
2026,2,60,subset_1se,427.584,402.70818695852785,618.8060744742762
2026,2,170,subset_1se,255.102,282.2440604860964,736.6914474309139
2026,2,95,subset_1se,549.954,532.109436092592,318.4284610455673
2026,2,86,subset_1se,352.697,366.6311051530987,194.15928641761172
2026,2,126,subset_1se,376.944,319.10272120959075,3345.613532109848
2026,2,20,subset_1se,369.841,399.4932811180943,879.2577755064897
2026,2,161,subset_1se,422.585,392.3024741564154,917.0313714673663
2026,2,122,subset_1se,523.246,473.33337213303906,2491.2704205857235
2026,2,15,subset_1se,472.547,480.54720356684123,64.00325711089879
2026,2,232,subset_1se,444.205,412.9383166572249,977.6054872573687
2026,2,223,subset_1se,328.27,346.9066136587842,347.3233686667818
2026,2,140,subset_1se,325.388,316.1838568826006,84.71625052557043
2026,2,183,subset_1se,412.225,447.22387325716977,1224.9211292714317
2026,2,181,subset_1se,330.392,344.21402589907746,191.04839995476806
2026,2,261,subset_1se,235.459,278.3098331152794,1836.1938986735245
2026,2,292,subset_1se,441.085,418.66341421841844,502.72750896081953
2026,2,104,subset_1se,465.463,494.8081231453175,861.1362524138473
2026,2,297,subset_1se,398.519,399.7351498691082,1.4790205041319444
2026,2,55,subset_1se,283.539,303.639859477521,404.04455173504573
2026,2,105,subset_1se,478.985,505.251396097774,689.9235639651553
2026,2,278,subset_1se,321.551,334.8727802371425,177.46982868672023
2026,2,16,subset_1se,231.791,267.3742866562877,1266.1702892635442
2026,2,219,subset_1se,197.665,146.70685256116633,2596.73279039791
2026,2,31,subset_1se,354.543,316.0908823271226,1478.565353528812
2026,2,179,subset_1se,236.114,266.11057892307605,899.7947470883299
2026,2,10,subset_1se,236.674,236.63168553700763,0.001790513778333474
2026,2,190,subset_1se,254.668,304.64407344211327,2497.6079166914983
2026,2,166,subset_1se,246.311,220.89716309398648,645.8631062854553
2026,2,138,adaptive_linear,154.41,175.35863314424034,438.8452306119652
2026,2,88,adaptive_linear,474.13,423.5613419507177,2557.189176905244
2026,2,213,adaptive_linear,403.258,406.78391186573555,12.432054484934858
2026,2,70,adaptive_linear,385.195,367.02925001640443,329.9944724665021
2026,2,172,adaptive_linear,385.629,422.6375678586415,1369.6340949476705
2026,2,54,adaptive_linear,429.049,457.8829632091721,831.3974343478909
2026,2,204,adaptive_linear,283.113,287.6760781516012,20.821682217620125
2026,2,177,adaptive_linear,251.746,241.49395392030203,105.10444882025064
2026,2,22,adaptive_linear,368.133,336.6816566214036,989.1870003183791
2026,2,182,adaptive_linear,176.669,209.78134369480026,1096.4273049625776
2026,2,40,adaptive_linear,512.399,486.49874337895915,670.8232930357706
2026,2,93,adaptive_linear,297.073,247.39522556694965,2467.881272621029
2026,2,192,adaptive_linear,271.658,245.4800541106846,685.2848509839263
2026,2,265,adaptive_linear,276.409,209.78134369480026,4439.244584723822
2026,2,211,adaptive_linear,295.062,347.7648521349373,2777.5906231570652
2026,2,245,adaptive_linear,535.272,493.557920837708,1740.0644003579655
2026,2,66,adaptive_linear,336.651,365.88649158933805,854.7139684702553
2026,2,282,adaptive_linear,385.582,345.0937826426203,1639.2957447784236
2026,2,145,adaptive_linear,228.932,215.97693187468678,167.83379013150616
2026,2,87,adaptive_linear,435.447,492.43330838909264,3247.4393438167704
2026,2,294,adaptive_linear,519.546,480.21676082314,1546.7890542306616
2026,2,176,adaptive_linear,409.854,421.9878976299102,147.23147169314092
2026,2,279,adaptive_linear,338.163,301.2261989917653,1364.3272687219307
2026,2,57,adaptive_linear,300.151,305.5179974253862,28.804661364102277
2026,2,62,adaptive_linear,317.619,335.2182093825158,309.732170889631
2026,2,8,adaptive_linear,522.37,492.81659334101596,873.4038451512824
2026,2,9,adaptive_linear,314.569,311.23845126264956,11.092554891866708
2026,2,38,adaptive_linear,347.959,333.3229195451417,214.2148510810852
2026,2,106,adaptive_linear,272.919,265.26542781513155,58.57716718899183
2026,2,111,adaptive_linear,397.526,395.4031163588092,4.506634954035554
2026,2,74,adaptive_linear,227.396,234.4180639499302,49.30938211690952
2026,2,134,adaptive_linear,92.565,145.2870265582625,2779.612084410138
2026,2,60,adaptive_linear,427.584,409.91013620709634,312.36546137011095
2026,2,170,adaptive_linear,255.102,279.0807090020059,574.9784854028787
2026,2,95,adaptive_linear,549.954,540.4854545636945,89.65335267938126
2026,2,86,adaptive_linear,352.697,369.02286560034594,266.5338876005587
2026,2,126,adaptive_linear,376.944,316.4341224274801,3661.4452838413517
2026,2,20,adaptive_linear,369.841,408.64263109743325,1505.5665758212986
2026,2,161,adaptive_linear,422.585,381.206347631742,1712.1928718131412
2026,2,122,adaptive_linear,523.246,475.5785586191771,2272.1849677941855
2026,2,15,adaptive_linear,472.547,480.21676082314,58.8252310841731
2026,2,232,adaptive_linear,444.205,412.79562280429326,986.5489758221817
2026,2,223,adaptive_linear,328.27,338.03750432583803,95.40414075526496
2026,2,140,adaptive_linear,325.388,303.31802245617314,487.08390878502087
2026,2,183,adaptive_linear,412.225,441.1491841987099,836.6084315608991
2026,2,181,adaptive_linear,330.392,341.80482506942616,130.2525760653223
2026,2,261,adaptive_linear,235.459,277.4352042774052,1762.0017255384507
2026,2,292,adaptive_linear,441.085,428.99407097159985,146.19056476980882
2026,2,104,adaptive_linear,465.463,488.96522861034566,552.3547496529492
2026,2,297,adaptive_linear,398.519,399.5181652312166,0.9983311592720813
2026,2,55,adaptive_linear,283.539,290.9119904539814,54.36098823450087
2026,2,105,adaptive_linear,478.985,519.21824691402,1618.714157244501
2026,2,278,adaptive_linear,321.551,340.7117918300805,367.13594355567903
2026,2,16,adaptive_linear,231.791,265.05326452484735,1106.3782413209187
2026,2,219,adaptive_linear,197.665,142.40191849323543,3054.0081776233037
2026,2,31,adaptive_linear,354.543,325.52767186791533,841.8892666125444
2026,2,179,adaptive_linear,236.114,261.58421563469096,648.7318844776557
2026,2,10,adaptive_linear,236.674,241.75332494691457,25.799541916348677
2026,2,190,adaptive_linear,254.668,310.8627220509329,3157.8467863816054
2026,2,166,adaptive_linear,246.311,238.09711615133202,67.46788787940888
2026,3,207,ols_all,445.128,435.4253084512959,94.1422232892936
2026,3,114,ols_all,339.775,352.1908482858182,154.1532886564558
2026,3,128,ols_all,261.766,256.1645098748702,31.37669162192698
2026,3,289,ols_all,295.143,254.00775770292717,1692.1081588388877
2026,3,101,ols_all,400.082,383.0848688758708,288.9024664508405
2026,3,260,ols_all,175.644,127.1682903366775,2349.894427362739
2026,3,144,ols_all,233.438,256.1645098748702,516.4942510925729
2026,3,84,ols_all,449.319,407.8449139980687,1720.0998096955948
2026,3,18,ols_all,319.064,291.6823899402357,749.7525694649878
2026,3,254,ols_all,47.272,56.66077702060625,88.14913394266394
2026,3,235,ols_all,435.946,418.6393137093912,299.5213903615469
2026,3,81,ols_all,605.271,525.6950679323447,6332.32896443608
2026,3,131,ols_all,256.493,254.00775770292717,6.176429275159836
2026,3,263,ols_all,170.128,202.53763204934125,1050.3842495736887
2026,3,171,ols_all,451.066,427.6271400159633,549.3801573512767
2026,3,13,ols_all,333.614,385.27525784573913,2668.8855622039455
2026,3,124,ols_all,386.706,354.5067413930776,1036.792254835466
2026,3,253,ols_all,308.935,300.21136539683744,76.10180068949529
2026,3,160,ols_all,275.173,249.54658863132568,656.7129596365207
2026,3,85,ols_all,270.692,300.46137486492853,886.215679848638
2026,3,142,ols_all,160.258,159.6185895213639,0.4088457601896572
2026,3,133,ols_all,451.365,364.0803344268277,7618.612844220535
2026,3,11,ols_all,295.011,281.1136688093022,193.13581422394188
2026,3,259,ols_all,246.634,232.88252969245082,189.10293561940645
2026,3,178,ols_all,297.521,293.76988648638076,14.070852592057024
2026,3,76,ols_all,460.586,498.4172783948504,1431.2056249886757
2026,3,188,ols_all,296.717,301.7607556081641,25.439470634887147
2026,3,12,ols_all,452.888,422.3700596564215,931.3446828142137
2026,3,196,ols_all,495.64,490.6814847676335,24.58687330961055
2026,3,236,ols_all,486.011,485.92076696223626,0.008142001104077362
2026,3,296,ols_all,561.485,584.7482031866077,541.1766225013952
2026,3,146,ols_all,283.136,230.6337283675657,2756.488526565917
2026,3,240,ols_all,489.073,429.63327257881724,3533.081195904503
2026,3,79,ols_all,400.908,504.5623192442738,10744.217897993825
2026,3,82,ols_all,359.388,330.21091256251134,851.3024313348573
2026,3,116,ols_all,425.382,439.05967487701287,187.0787900412688
2026,3,42,ols_all,290.49,267.26102867392024,539.5851088678363
2026,3,59,ols_all,234.039,253.06813330167847,362.1079142130491
2026,3,189,ols_all,282.527,302.15538628217837,385.2735480424085
2026,3,68,ols_all,472.514,463.1852158939507,87.02621289727773
2026,3,225,ols_all,522.461,492.82787605702765,878.1220346195618
2026,3,174,ols_all,155.573,159.50904685852652,15.492464872516406
2026,3,129,ols_all,342.75,319.79732656157285,526.8252179710794
2026,3,157,ols_all,326.446,311.71719374383815,216.93773373155318
2026,3,246,ols_all,459.143,511.6853028415842,2760.693587896749
2026,3,257,ols_all,145.765,164.84514075450625,364.0517712117707
2026,3,277,ols_all,388.293,406.12114864323553,317.8428840453006
2026,3,222,ols_all,484.452,466.0903602961205,337.1498126150847
2026,3,175,ols_all,432.382,428.08963707317093,18.42437949561663
2026,3,14,ols_all,362.784,340.3053541464426,505.2895194096531
2026,3,24,ols_all,437.653,425.7066113124695,142.71620267355775
2026,3,117,ols_all,209.858,253.51090451952336,1905.576072990623
2026,3,227,ols_all,320.454,312.21402514579904,67.89718559786424
2026,3,7,ols_all,237.352,219.9928676476136,301.3394760276686
2026,3,290,ols_all,286.009,293.95015233625963,63.06190042768162
2026,3,83,ols_all,433.596,481.89475558958225,2332.7697915022018
2026,3,1,ols_all,383.079,342.7024305140678,1630.2673634523096
2026,3,270,ols_all,377.08,332.67723448910965,1971.6055850151122
2026,3,281,ols_all,466.669,524.9399213198988,3395.5002714698335
2026,3,221,ols_all,449.974,479.43382956786377,867.8815581675809
2026,3,207,ridge,445.128,435.77924747707743,87.39917373485079
2026,3,114,ridge,339.775,353.3386454360949,183.97247751609882
2026,3,128,ridge,261.766,259.72513104956806,4.165146072837237
2026,3,289,ridge,295.143,254.37200173932732,1662.2742991717728
2026,3,101,ridge,400.082,382.1655124697648,321.00052542107346
2026,3,260,ridge,175.644,128.1198790826912,2258.5420689629887
2026,3,144,ridge,233.438,259.72513104956806,691.0132588171659
2026,3,84,ridge,449.319,407.9804463750196,1708.876015805382
2026,3,18,ridge,319.064,292.8424247328898,687.571009488726
2026,3,254,ridge,47.272,58.3053903662485,121.7357029740253
2026,3,235,ridge,435.946,417.57756364853947,337.3994539976577
2026,3,81,ridge,605.271,523.988469735499,6606.849726199505
2026,3,131,ridge,256.493,254.37200173932732,4.498633621776526
2026,3,263,ridge,170.128,201.85169987663227,1006.393133862639
2026,3,171,ridge,451.066,427.25082464423224,567.1625772259669
2026,3,13,ridge,333.614,385.56614422341136,2699.0252894101363
2026,3,124,ridge,386.706,353.75027480055314,1086.0798234214578
2026,3,253,ridge,308.935,300.6338053731002,68.90983223367034
2026,3,160,ridge,275.173,251.72374263182297,549.8676711190047
2026,3,85,ridge,270.692,301.03360231780096,920.6128312115839
2026,3,142,ridge,160.258,159.22705182170859,1.0628541463224073
2026,3,133,ridge,451.365,363.31455013784824,7752.881720927302
2026,3,11,ridge,295.011,281.03524606889,195.3216979429376
2026,3,259,ridge,246.634,231.65696292301055,224.31163960551618
2026,3,178,ridge,297.521,292.37574047013817,26.473695629634147
2026,3,76,ridge,460.586,494.3964780514601,1143.1484260682657
2026,3,188,ridge,296.717,303.61999571918415,47.651349899074866
2026,3,12,ridge,452.888,420.91365926214746,1022.3584656202949
2026,3,196,ridge,495.64,490.19334139026125,29.666090011041074
2026,3,236,ridge,486.011,484.61385594568,1.952011508521871
2026,3,296,ridge,561.485,582.6803421405601,449.24252845540343
2026,3,146,ridge,283.136,230.93018934358517,2725.4466662934387
2026,3,240,ridge,489.073,430.7790318978932,3398.18671708944
2026,3,79,ridge,400.908,501.99168570032964,10217.911514763024
2026,3,82,ridge,359.388,332.1324989896574,742.8623353247856
2026,3,116,ridge,425.382,437.91205913196495,157.00238185053817
2026,3,42,ridge,290.49,269.42355343679435,443.79517080039955
2026,3,59,ridge,234.039,254.36474556794968,413.1359328930267
2026,3,189,ridge,282.527,301.8913745840095,374.9790030298335
2026,3,68,ridge,472.514,462.4984379063056,100.31148405264871
2026,3,225,ridge,522.461,493.12670197708263,860.5010404973345
2026,3,174,ridge,155.573,159.77913586265626,17.69157889512307
2026,3,129,ridge,342.75,318.79567393395365,573.8097372784675
2026,3,157,ridge,326.446,313.5043073273537,167.48740923322833
2026,3,246,ridge,459.143,514.4725755601422,3061.36193166549
2026,3,257,ridge,145.765,168.1670514137513,501.851907544357
2026,3,277,ridge,388.293,405.86952831267433,308.9343475262422
2026,3,222,ridge,484.452,466.57788163564874,319.484107302839
2026,3,175,ridge,432.382,426.336750915146,36.54503649792803
2026,3,14,ridge,362.784,341.7108097030396,444.079349291905
2026,3,24,ridge,437.653,425.45895172936645,148.69481322654164
2026,3,117,ridge,209.858,254.66697029291544,2007.8438187113777
2026,3,227,ridge,320.454,312.1508836322751,68.94174141598108
2026,3,7,ridge,237.352,220.5066663183777,283.7652668451985
2026,3,290,ridge,286.009,294.4278677850785,70.87733478263216
2026,3,83,ridge,433.596,481.3552430364066,2280.9452954105514
2026,3,1,ridge,383.079,342.63587156715437,1635.6466374356473
2026,3,270,ridge,377.08,334.46351428037275,1816.164855091192
2026,3,281,ridge,466.669,522.4852167424551,3115.4500514407296
2026,3,221,ridge,449.974,479.97547657664774,900.0885967791434
2026,3,207,pls,445.128,435.03936369589724,101.78058247645998
2026,3,114,pls,339.775,352.3640292509802,158.48365748203554
2026,3,128,pls,261.766,256.81510067358477,24.511404140299014
2026,3,289,pls,295.143,249.68670112212993,2066.2751076742493
2026,3,101,pls,400.082,382.9567939285048,293.27268299117605
2026,3,260,pls,175.644,126.39184248658387,2425.7750197263535
2026,3,144,pls,233.438,256.81510067358477,546.4888359029179
2026,3,84,pls,449.319,407.1758264200348,1776.0470793910774
2026,3,18,pls,319.064,288.6361470439697,925.854235513804
2026,3,254,pls,47.272,54.65662135357883,54.532632535732425
2026,3,235,pls,435.946,421.0038498210736,223.26785196959185
2026,3,81,pls,605.271,524.0523353554903,6596.471486637323
2026,3,131,pls,256.493,249.68670112212993,46.32570441489528
2026,3,263,pls,170.128,202.97502229799684,1078.9268738451028
2026,3,171,pls,451.066,428.3167045005637,517.5304457206727
2026,3,13,pls,333.614,386.91936943832553,2841.4624109563724
2026,3,124,pls,386.706,352.8205456577409,1148.2240159813257
2026,3,253,pls,308.935,299.482576391155,89.34831208104998
2026,3,160,pls,275.173,252.2919099324091,523.5442826812065
2026,3,85,pls,270.692,300.82297619415806,907.8757264129192
2026,3,142,pls,160.258,159.17018201500196,1.1833479684852266
2026,3,133,pls,451.365,364.19741934664233,7598.187116959615
2026,3,11,pls,295.011,281.6451648106307,178.64555030938286
2026,3,259,pls,246.634,232.0992073609837,211.26019705920166
2026,3,178,pls,297.521,291.60796052920125,34.96403578322413
2026,3,76,pls,460.586,496.67167635603926,1302.1760380728097
2026,3,188,pls,296.717,303.9510986209329,52.33218285738346
2026,3,12,pls,452.888,423.65958864615067,854.3000302698273
2026,3,196,pls,495.64,491.926936813615,13.786838226087529
2026,3,236,pls,486.011,484.5790614569857,2.0504479909699898
2026,3,296,pls,561.485,584.4736708625775,528.4789880279181
2026,3,146,pls,283.136,228.16096450217339,3022.254527987299
2026,3,240,pls,489.073,428.8799284197544,3623.2058662645704
2026,3,79,pls,400.908,501.5315631253058,10125.1014560324
2026,3,82,pls,359.388,329.26711811442215,907.2675255649307
2026,3,116,pls,425.382,439.7353765304415,206.0194178246287
2026,3,42,pls,290.49,268.4937350958994,483.8356697313677
2026,3,59,pls,234.039,260.05533439326723,676.8496552623001
2026,3,189,pls,282.527,299.99553713843056,305.1497897567283
2026,3,68,pls,472.514,460.05526702467773,155.22002735038268
2026,3,225,pls,522.461,494.9769889201144,755.3708650392739
2026,3,174,pls,155.573,161.26463120355254,32.394665757252845
2026,3,129,pls,342.75,321.36666238279156,457.2471276515215
2026,3,157,pls,326.446,311.8141654605313,214.09058199039043
2026,3,246,pls,459.143,512.713961791673,2869.8479472848912
2026,3,257,pls,145.765,173.24949419855398,755.3974213503478
2026,3,277,pls,388.293,406.91935752560636,346.94119467171237
2026,3,222,pls,484.452,468.9762667471146,239.49831971446264
2026,3,175,pls,432.382,428.65333609584593,13.902934510141511
2026,3,14,pls,362.784,339.6530216923889,535.0421574671747
2026,3,24,pls,437.653,426.1143860253219,133.1396124566374
2026,3,117,pls,209.858,253.6681319109128,1919.327658051579
2026,3,227,pls,320.454,316.8436408669205,13.034693069810547
2026,3,7,pls,237.352,223.34802720110727,196.11125415212754
2026,3,290,pls,286.009,294.236596137595,67.69333820336746
2026,3,83,pls,433.596,481.5362941314386,2298.271801408844
2026,3,1,pls,383.079,343.3076527897401,1581.7600589190506
2026,3,270,pls,377.08,331.5085116512635,2076.7605503190234
2026,3,281,pls,466.669,525.6641558869596,3480.42841812667
2026,3,221,pls,449.974,480.798352011623,950.140676936449
2026,3,207,huber,445.128,436.35382006506757,76.98623353057069
2026,3,114,huber,339.775,353.1292814769292,178.3368337650544
2026,3,128,huber,261.766,259.91220179166555,3.436567797224081
2026,3,289,huber,295.143,254.99815116725205,1611.6088878041824
2026,3,101,huber,400.082,382.2478987891209,318.0551659998798
2026,3,260,huber,175.644,127.5328970089692,2314.678231013573
2026,3,144,huber,233.438,259.91220179166555,700.8833605058281
2026,3,84,huber,449.319,407.7154317756195,1730.8568890006848
2026,3,18,huber,319.064,293.26058629483543,665.8161588398757
2026,3,254,huber,47.272,57.777208508841966,110.35940581424568
2026,3,235,huber,435.946,417.0720563104145,356.22575039764547
2026,3,81,huber,605.271,524.7206516794367,6488.358614564061
2026,3,131,huber,256.493,254.99815116725205,2.2345730327679028
2026,3,263,huber,170.128,201.10673747374273,959.6821754670727
2026,3,171,huber,451.066,427.308153694087,564.4352610953815
2026,3,13,huber,333.614,385.0224056357524,2642.824170010064
2026,3,124,huber,386.706,353.79032549609553,1083.4416280469877
2026,3,253,huber,308.935,301.06538282896844,61.93087441859483
2026,3,160,huber,275.173,251.01547369105822,583.5860773672144
2026,3,85,huber,270.692,300.6216318411317,895.782862145685
2026,3,142,huber,160.258,159.2294191945283,1.0579784733848219
2026,3,133,huber,451.365,363.5992708781232,7702.823208294654
2026,3,11,huber,295.011,280.12094510807367,221.71373468457995
2026,3,259,huber,246.634,231.15362883667626,239.64189135426471
2026,3,178,huber,297.521,292.8528379405722,21.7917370130812
2026,3,76,huber,460.586,494.7235265186848,1165.3707168139085
2026,3,188,huber,296.717,302.99881347276767,39.46118050664555
2026,3,12,huber,452.888,420.54301247752824,1046.1982178288526
2026,3,196,huber,495.64,489.88358605715575,33.13630148137149
2026,3,236,huber,486.011,485.14219522339175,0.7548217398573491
2026,3,296,huber,561.485,583.2075422656707,471.86884248384797
2026,3,146,huber,283.136,231.4157075131477,2674.988654925552
2026,3,240,huber,489.073,431.0762689996002,3363.6208067327343
2026,3,79,huber,400.908,502.89926471507215,10402.218078179918
2026,3,82,huber,359.388,332.4830272524408,723.8775585469009
2026,3,116,huber,425.382,437.86582983354975,155.84600731302675
2026,3,42,huber,290.49,269.430750600333,443.4919852773753
2026,3,59,huber,234.039,253.0350099903235,360.8483955524702
2026,3,189,huber,282.527,302.4257369096708,395.95973060029456
2026,3,68,huber,472.514,463.4677612510062,81.83443550379693
2026,3,225,huber,522.461,492.7031533557163,885.529436904706
2026,3,174,huber,155.573,158.66351266484685,9.551268531578723
2026,3,129,huber,342.75,318.36312851945206,594.7195006087624
2026,3,157,huber,326.446,313.17545469446713,176.10737270620106
2026,3,246,huber,459.143,514.7714226410119,3094.521405527048
2026,3,257,huber,145.765,167.51992976156237,473.27696893051257
2026,3,277,huber,388.293,405.73397760616945,304.1876998589039
2026,3,222,huber,484.452,466.71508945546816,314.5979956647247
2026,3,175,huber,432.382,426.7161094690471,32.1023155087415
2026,3,14,huber,362.784,342.0257792933894,430.9037269043565
2026,3,24,huber,437.653,425.57817407498646,145.80142111937948
2026,3,117,huber,209.858,254.44772717963667,1988.243769954429
2026,3,227,huber,320.454,311.683547785618,76.9208320447587
2026,3,7,huber,237.352,219.14728504934857,331.4116464344719
2026,3,290,huber,286.009,294.3228685493262,69.1204102554749
2026,3,83,huber,433.596,481.79209470196884,2322.863544521148
2026,3,1,huber,383.079,342.5466584761518,1642.8707094058716
2026,3,270,huber,377.08,334.64468568893415,1800.755900678949
2026,3,281,huber,466.669,522.6070710354641,3129.0677911686253
2026,3,221,huber,449.974,479.90310252785497,895.7511781228553
2026,3,207,cart,445.128,484.4076250000001,1542.8889401406348
2026,3,114,cart,339.775,396.5584,3224.354515560003
2026,3,128,cart,261.766,260.8117173913043,0.9106552972591369
2026,3,289,cart,295.143,240.33700000000005,3003.697635999992
2026,3,101,cart,400.082,346.61285714285714,2858.949237877551
2026,3,260,cart,175.644,186.5055555555556,117.97338908642035
2026,3,144,cart,233.438,260.8117173913043,749.3204038189953
2026,3,84,cart,449.319,393.50978571428567,3114.6683991887826
2026,3,18,cart,319.064,260.8117173913043,3393.328429123356
2026,3,254,cart,47.272,186.5055555555556,19385.982992641988
2026,3,235,cart,435.946,373.67699999999996,3877.428361000008
2026,3,81,cart,605.271,427.76900000000006,31506.960003999964
2026,3,131,cart,256.493,240.33700000000005,261.0163359999984
2026,3,263,cart,170.128,260.8117173913043,8223.536599905945
2026,3,171,cart,451.066,393.50978571428567,3312.7178029030633
2026,3,13,cart,333.614,373.67699999999996,1605.0439689999992
2026,3,124,cart,386.706,304.78576923076923,6710.924209284026
2026,3,253,cart,308.935,304.78576923076923,17.21611597633136
2026,3,160,cart,275.173,260.8117173913043,206.24643816682607
2026,3,85,cart,270.692,260.8117173913043,97.61998442769516
2026,3,142,cart,160.258,186.5055555555556,688.9341726419765
2026,3,133,cart,451.365,362.96375,7814.781001562501
2026,3,11,cart,295.011,260.8117173913043,1169.5909309494389
2026,3,259,cart,246.634,260.8117173913043,201.00767042769237
2026,3,178,cart,297.521,260.8117173913043,1347.5714296450908
2026,3,76,cart,460.586,427.76900000000006,1076.9554889999968
2026,3,188,cart,296.717,304.78576923076923,65.10503689940857
2026,3,12,cart,452.888,373.67699999999996,6274.382521000002
2026,3,196,cart,495.64,484.4076250000001,126.16624814062223
2026,3,236,cart,486.011,484.4076250000001,2.570811390624726
2026,3,296,cart,561.485,649.4516,7738.1227155599945
2026,3,146,cart,283.136,260.8117173913043,498.37359399291506
2026,3,240,cart,489.073,393.50978571428567,9132.327924617352
2026,3,79,cart,400.908,479.4722,6172.3335216399955
2026,3,82,cart,359.388,299.24091304347826,3617.6720693553852
2026,3,116,cart,425.382,484.4076250000001,3484.024406640637
2026,3,42,cart,290.49,299.24091304347826,76.57847909451776
2026,3,59,cart,234.039,297.466,4022.9843290000026
2026,3,189,cart,282.527,260.8117173913043,471.55349877552203
2026,3,68,cart,472.514,393.50978571428567,6241.66587490307
2026,3,225,cart,522.461,484.4076250000001,1448.0593488906177
2026,3,174,cart,155.573,240.33700000000005,7184.935696000007
2026,3,129,cart,342.75,396.5584,2895.3439105600005
2026,3,157,cart,326.446,260.8117173913043,4307.859053558141
2026,3,246,cart,459.143,526.7728,4573.789848039998
2026,3,257,cart,145.765,186.5055555555556,1659.7928669753123
2026,3,277,cart,388.293,393.50978571428567,27.214853188774978
2026,3,222,cart,484.452,484.4076250000001,0.001969140624990112
2026,3,175,cart,432.382,396.5584,1283.33031696
2026,3,14,cart,362.784,362.96375,0.03231006250000458
2026,3,24,cart,437.653,393.50978571428567,1948.6233674744956
2026,3,117,cart,209.858,260.8117173913043,2596.281315992904
2026,3,227,cart,320.454,430.02520000000004,12005.847869440007
2026,3,7,cart,237.352,304.78576923076923,4547.313232668639
2026,3,290,cart,286.009,260.8117173913043,634.9030508624803
2026,3,83,cart,433.596,479.4722,2104.6257264399983
2026,3,1,cart,383.079,299.24091304347826,7028.8248245293025
2026,3,270,cart,377.08,299.24091304347826,6058.923458224951
2026,3,281,cart,466.669,484.4076250000001,314.6588168906295
2026,3,221,cart,449.974,484.4076250000001,1185.6745306406333
2026,3,207,subset_min,445.128,439.34086952830194,33.490879096456084
2026,3,114,subset_min,339.775,350.24136018814374,109.54469558796083
2026,3,128,subset_min,261.766,251.792328053179,99.47413210280448
2026,3,289,subset_min,295.143,253.86460066699118,1703.9062514953407
2026,3,101,subset_min,400.082,378.40019562835823,470.1006408101438
2026,3,260,subset_min,175.644,119.9455944581963,3102.31237989923
2026,3,144,subset_min,233.438,251.792328053179,336.88135828371423
2026,3,84,subset_min,449.319,410.86295063382374,1478.8677328537865
2026,3,18,subset_min,319.064,301.6360948451043,303.7318780880405
2026,3,254,subset_min,47.272,56.74555485632217,89.74824161574544
2026,3,235,subset_min,435.946,411.49715239635646,597.746149146188
2026,3,81,subset_min,605.271,528.043580174596,5964.074372889205
2026,3,131,subset_min,256.493,253.86460066699118,6.908483053761184
2026,3,263,subset_min,170.128,201.43584431838022,980.1811158639334
2026,3,171,subset_min,451.066,420.41281875053755,939.6175207123945
2026,3,13,subset_min,333.614,383.8637620716642,2525.0385882588657
2026,3,124,subset_min,386.706,359.32797196228046,749.5564192341583
2026,3,253,subset_min,308.935,298.9934971791083,98.83347833779733
2026,3,160,subset_min,275.173,252.02416096426157,535.8687487025275
2026,3,85,subset_min,270.692,305.12325348217666,1185.5112163539022
2026,3,142,subset_min,160.258,159.4642443418982,0.6300480447686465
2026,3,133,subset_min,451.365,359.3759072993334,8461.993175891836
2026,3,11,subset_min,295.011,278.5830427501901,269.8777794015828
2026,3,259,subset_min,246.634,231.51486030867986,228.58838500565173
2026,3,178,subset_min,297.521,293.31474517199973,17.69257967807569
2026,3,76,subset_min,460.586,492.4961768852951,1018.25938885082
2026,3,188,subset_min,296.717,306.4271701194882,94.28740374940197
2026,3,12,subset_min,452.888,415.15483172369426,1423.7919881680043
2026,3,196,subset_min,495.64,491.06324259958404,20.9467083022621
2026,3,236,subset_min,486.011,490.09230470492736,16.65704809446199
2026,3,296,subset_min,561.485,584.9672295940087,551.4151067057373
2026,3,146,subset_min,283.136,232.28854178911791,2585.4640065074022
2026,3,240,subset_min,489.073,431.68183693152326,3293.7455983524856
2026,3,79,subset_min,400.908,508.45097621145754,11565.49173241812
2026,3,82,subset_min,359.388,336.8573740552867,507.62910546058714
2026,3,116,subset_min,425.382,439.8106302935466,208.18537214784993
2026,3,42,subset_min,290.49,271.70424756069673,352.90449471078915
2026,3,59,subset_min,234.039,238.0079327966613,15.752427544413738
2026,3,189,subset_min,282.527,310.65345684806084,791.0975748258294
2026,3,68,subset_min,472.514,466.5975292913972,35.00462564575477
2026,3,225,subset_min,522.461,492.4088927581273,903.1291496770178
2026,3,174,subset_min,155.573,157.16592305284897,2.5374038522976496
2026,3,129,subset_min,342.75,322.4817986337791,410.79998662167964
2026,3,157,subset_min,326.446,317.80936023643767,74.59154640554645
2026,3,246,subset_min,459.143,528.0593964496879,4749.469699610564
2026,3,257,subset_min,145.765,157.88741367734457,146.952913364671
2026,3,277,subset_min,388.293,399.5819858133229,127.44120069340528
2026,3,222,subset_min,484.452,465.7214534610397,350.8333736481581
2026,3,175,subset_min,432.382,428.9462977006712,11.804050289613173
2026,3,14,subset_min,362.784,335.81964412893444,727.0764875414671
2026,3,24,subset_min,437.653,419.43611835848776,331.8547767408664
2026,3,117,subset_min,209.858,250.0437050023275,1614.890886534089
2026,3,227,subset_min,320.454,297.70501503341063,517.5163170101094
2026,3,7,subset_min,237.352,217.11513896198267,409.5305446720242
2026,3,290,subset_min,286.009,291.3058904245405,28.057048169588764
2026,3,83,subset_min,433.596,475.74442400152384,1776.4896458122305
2026,3,1,subset_min,383.079,339.0020912944899,1942.7738810338726
2026,3,270,subset_min,377.08,346.37220477135133,942.9686878046167
2026,3,281,subset_min,466.669,525.0950627374864,3413.6048070046972
2026,3,221,subset_min,449.974,479.2684141038175,858.1626976859434
2026,3,207,subset_1se,445.128,450.36730594352986,27.45032676990743
2026,3,114,subset_1se,339.775,345.69481615881625,35.04422335418227
2026,3,128,subset_1se,261.766,266.2057901463087,19.711736543259534
2026,3,289,subset_1se,295.143,255.06241066894586,1606.4536411246088
2026,3,101,subset_1se,400.082,377.9542636637306,489.6367153674562
2026,3,260,subset_1se,175.644,109.6476256159299,4355.521431842345
2026,3,144,subset_1se,233.438,266.2057901463087,1073.7280710725254
2026,3,84,subset_1se,449.319,413.81310085559033,1260.6688740529921
2026,3,18,subset_1se,319.064,307.842801870178,125.91528746872137
2026,3,254,subset_1se,47.272,49.398242662252414,4.520907858782241
2026,3,235,subset_1se,435.946,407.3578183638379,817.284129262197
2026,3,81,subset_1se,605.271,525.490236857674,6364.970167571924
2026,3,131,subset_1se,256.493,255.06241066894586,2.0465858341259215
2026,3,263,subset_1se,170.128,194.82715097025536,610.048058651467
2026,3,171,subset_1se,451.066,419.7539903562018,980.4419479333083
2026,3,13,subset_1se,333.614,382.1987000029774,2360.473074379312
2026,3,124,subset_1se,386.706,350.6993654418595,1296.477732203477
2026,3,253,subset_1se,308.935,300.37045718199613,73.35139368142171
2026,3,160,subset_1se,275.173,253.23128496670873,481.4388586021603
2026,3,85,subset_1se,270.692,309.8069054388261,1529.9758274883075
2026,3,142,subset_1se,160.258,155.88513966320602,19.121907525106057
2026,3,133,subset_1se,451.365,354.0765906871245,9465.034586629601
2026,3,11,subset_1se,295.011,279.0636229660113,254.31883426419162
2026,3,259,subset_1se,246.634,223.04843055815854,556.2790858959248
2026,3,178,subset_1se,297.521,292.5881060568879,24.333442653992098
2026,3,76,subset_1se,460.586,487.88987921235605,745.5018200429281
2026,3,188,subset_1se,296.717,311.024048217349,204.69162869354938
2026,3,12,subset_1se,452.888,410.6457163237387,1784.4105301857278
2026,3,196,subset_1se,495.64,490.17972767456115,29.81457386795324
2026,3,236,subset_1se,486.011,491.96105836584036,35.40319455690655
2026,3,296,subset_1se,561.485,582.3271501536342,434.39522302663323
2026,3,146,subset_1se,283.136,234.69518997123782,2346.5120762426286
2026,3,240,subset_1se,489.073,435.08674366673193,2914.515872881324
2026,3,79,subset_1se,400.908,509.1421774693104,11714.637172458179
2026,3,82,subset_1se,359.388,344.13806095832706,232.56064077473988
2026,3,116,subset_1se,425.382,433.5957180846196,67.46516477360684
2026,3,42,subset_1se,290.49,275.2842804494372,231.21390705036876
2026,3,59,subset_1se,234.039,234.1088151666037,0.004874157487904855
2026,3,189,subset_1se,282.527,307.22088710703747,609.788060455112
2026,3,68,subset_1se,472.514,467.32415839694875,26.93445586476171
2026,3,225,subset_1se,522.461,491.9093816113927,933.4013861630891
2026,3,174,subset_1se,155.573,156.22700052974255,0.42771669290353165
2026,3,129,subset_1se,342.75,317.9483675621463,615.1209715823968
2026,3,157,subset_1se,326.446,325.2706325988685,1.3814885276427398
2026,3,246,subset_1se,459.143,531.5765206852993,5246.61491886769
2026,3,257,subset_1se,145.765,156.35385447445702,112.12383908122881
2026,3,277,subset_1se,388.293,398.6621128651632,107.51850161049245
2026,3,222,subset_1se,484.452,464.0176520747358,417.56257513074956
2026,3,175,subset_1se,432.382,419.2972719665243,171.21010771002483
2026,3,14,subset_1se,362.784,336.4627748965948,692.806890944128
2026,3,24,subset_1se,437.653,423.08922593723,212.10351495141202
2026,3,117,subset_1se,209.858,250.64919412857364,1663.9215184349803
2026,3,227,subset_1se,320.454,289.4136319026728,963.5044516175675
2026,3,7,subset_1se,237.352,216.62093656164572,429.7769912850697
2026,3,290,subset_1se,286.009,293.0718884856726,49.88439376104662
2026,3,83,subset_1se,433.596,483.5417040748602,2494.573355533507
2026,3,1,subset_1se,383.079,344.65396002058117,1476.4836974199363
2026,3,270,subset_1se,377.08,346.78631262967076,917.7074944912443
2026,3,281,subset_1se,466.669,516.341460620775,2467.353344122447
2026,3,221,subset_1se,449.974,478.07521609041135,789.678345759994
2026,3,207,adaptive_linear,445.128,439.34086952830194,33.490879096456084
2026,3,114,adaptive_linear,339.775,350.24136018814374,109.54469558796083
2026,3,128,adaptive_linear,261.766,251.792328053179,99.47413210280448
2026,3,289,adaptive_linear,295.143,253.86460066699118,1703.9062514953407
2026,3,101,adaptive_linear,400.082,378.40019562835823,470.1006408101438
2026,3,260,adaptive_linear,175.644,119.9455944581963,3102.31237989923
2026,3,144,adaptive_linear,233.438,251.792328053179,336.88135828371423
2026,3,84,adaptive_linear,449.319,410.86295063382374,1478.8677328537865
2026,3,18,adaptive_linear,319.064,301.6360948451043,303.7318780880405
2026,3,254,adaptive_linear,47.272,56.74555485632217,89.74824161574544
2026,3,235,adaptive_linear,435.946,411.49715239635646,597.746149146188
2026,3,81,adaptive_linear,605.271,528.043580174596,5964.074372889205
2026,3,131,adaptive_linear,256.493,253.86460066699118,6.908483053761184
2026,3,263,adaptive_linear,170.128,201.43584431838022,980.1811158639334
2026,3,171,adaptive_linear,451.066,420.41281875053755,939.6175207123945
2026,3,13,adaptive_linear,333.614,383.8637620716642,2525.0385882588657
2026,3,124,adaptive_linear,386.706,359.32797196228046,749.5564192341583
2026,3,253,adaptive_linear,308.935,298.9934971791083,98.83347833779733
2026,3,160,adaptive_linear,275.173,252.02416096426157,535.8687487025275
2026,3,85,adaptive_linear,270.692,305.12325348217666,1185.5112163539022
2026,3,142,adaptive_linear,160.258,159.4642443418982,0.6300480447686465
2026,3,133,adaptive_linear,451.365,359.3759072993334,8461.993175891836
2026,3,11,adaptive_linear,295.011,278.5830427501901,269.8777794015828
2026,3,259,adaptive_linear,246.634,231.51486030867986,228.58838500565173
2026,3,178,adaptive_linear,297.521,293.31474517199973,17.69257967807569
2026,3,76,adaptive_linear,460.586,492.4961768852951,1018.25938885082
2026,3,188,adaptive_linear,296.717,306.4271701194882,94.28740374940197
2026,3,12,adaptive_linear,452.888,415.15483172369426,1423.7919881680043
2026,3,196,adaptive_linear,495.64,491.06324259958404,20.9467083022621
2026,3,236,adaptive_linear,486.011,490.09230470492736,16.65704809446199
2026,3,296,adaptive_linear,561.485,584.9672295940087,551.4151067057373
2026,3,146,adaptive_linear,283.136,232.28854178911791,2585.4640065074022
2026,3,240,adaptive_linear,489.073,431.68183693152326,3293.7455983524856
2026,3,79,adaptive_linear,400.908,508.45097621145754,11565.49173241812
2026,3,82,adaptive_linear,359.388,336.8573740552867,507.62910546058714
2026,3,116,adaptive_linear,425.382,439.8106302935466,208.18537214784993
2026,3,42,adaptive_linear,290.49,271.70424756069673,352.90449471078915
2026,3,59,adaptive_linear,234.039,238.0079327966613,15.752427544413738
2026,3,189,adaptive_linear,282.527,310.65345684806084,791.0975748258294
2026,3,68,adaptive_linear,472.514,466.5975292913972,35.00462564575477
2026,3,225,adaptive_linear,522.461,492.4088927581273,903.1291496770178
2026,3,174,adaptive_linear,155.573,157.16592305284897,2.5374038522976496
2026,3,129,adaptive_linear,342.75,322.4817986337791,410.79998662167964
2026,3,157,adaptive_linear,326.446,317.80936023643767,74.59154640554645
2026,3,246,adaptive_linear,459.143,528.0593964496879,4749.469699610564
2026,3,257,adaptive_linear,145.765,157.88741367734457,146.952913364671
2026,3,277,adaptive_linear,388.293,399.5819858133229,127.44120069340528
2026,3,222,adaptive_linear,484.452,465.7214534610397,350.8333736481581
2026,3,175,adaptive_linear,432.382,428.9462977006712,11.804050289613173
2026,3,14,adaptive_linear,362.784,335.81964412893444,727.0764875414671
2026,3,24,adaptive_linear,437.653,419.43611835848776,331.8547767408664
2026,3,117,adaptive_linear,209.858,250.0437050023275,1614.890886534089
2026,3,227,adaptive_linear,320.454,297.70501503341063,517.5163170101094
2026,3,7,adaptive_linear,237.352,217.11513896198267,409.5305446720242
2026,3,290,adaptive_linear,286.009,291.3058904245405,28.057048169588764
2026,3,83,adaptive_linear,433.596,475.74442400152384,1776.4896458122305
2026,3,1,adaptive_linear,383.079,339.0020912944899,1942.7738810338726
2026,3,270,adaptive_linear,377.08,346.37220477135133,942.9686878046167
2026,3,281,adaptive_linear,466.669,525.0950627374864,3413.6048070046972
2026,3,221,adaptive_linear,449.974,479.2684141038175,858.1626976859434
2026,4,231,ols_all,288.633,259.08489035097955,873.0907838305344
2026,4,155,ols_all,437.721,488.611495783136,2589.8425610533805
2026,4,233,ols_all,385.977,403.25417485274465,298.50077089231314
2026,4,215,ols_all,485.364,494.8591930724556,90.15869148320894
2026,4,209,ols_all,293.538,284.74361262847697,77.341249240404
2026,4,293,ols_all,370.379,415.7765644843448,2060.938861110244
2026,4,283,ols_all,310.66,343.0926309456722,1051.8755500581742
2026,4,5,ols_all,359.251,342.78785171029995,271.035251608653
2026,4,241,ols_all,447.454,420.66823838743903,717.4770251649452
2026,4,194,ols_all,546.888,529.2824820503879,309.9542622741151
2026,4,92,ols_all,423.841,430.07833209346427,38.90431164415926
2026,4,35,ols_all,240.207,269.8848725235707,880.7761175253144
2026,4,286,ols_all,433.013,427.8232497980084,26.933507159071414
2026,4,107,ols_all,297.778,281.7974881544451,255.37675884592142
2026,4,165,ols_all,559.34,529.2695686464144,904.2308417907042
2026,4,266,ols_all,430.138,432.5530901598554,5.832660480230499
2026,4,72,ols_all,354.919,343.3675046715798,133.4370443225131
2026,4,168,ols_all,260.578,254.0135303063198,43.09226235924538
2026,4,153,ols_all,572.763,534.1801064572296,1488.6396741327555
2026,4,284,ols_all,386.48,367.26888055119434,369.06711047627965
2026,4,3,ols_all,351.575,407.41121134543664,3117.6824974122687
2026,4,163,ols_all,303.742,310.7075488667315,48.51887101482403
2026,4,71,ols_all,456.1,465.04995160281896,80.10163369280134
2026,4,0,ols_all,494.666,501.9809969792004,53.509180805711416
2026,4,272,ols_all,353.33,372.5721945736841,370.26205201151845
2026,4,29,ols_all,302.033,332.60248455164174,934.4933857530618
2026,4,152,ols_all,299.292,320.5983518661874,453.9606298457878
2026,4,136,ols_all,280.012,272.32330777925245,59.115988065383966
2026,4,220,ols_all,275.048,235.83960590480683,1537.2981675239787
2026,4,239,ols_all,279.075,241.39469677931856,1419.8052508024948
2026,4,203,ols_all,418.3,449.19990709689137,954.8042585965167
2026,4,119,ols_all,284.404,289.6789984960087,27.82560913289426
2026,4,61,ols_all,309.279,299.38182454169873,97.9540820524008
2026,4,247,ols_all,256.963,273.889018600908,286.49010567828293
2026,4,156,ols_all,317.157,265.2279590816256,2696.6252907021994
2026,4,186,ols_all,486.28,456.7087292564629,874.4600533875715
2026,4,249,ols_all,281.294,267.44214056368355,191.87400984346857
2026,4,148,ols_all,311.748,319.70612344886604,63.33172882739163
2026,4,268,ols_all,410.803,367.33453570002575,1889.5073885981353
2026,4,242,ols_all,235.366,254.0135303063198,347.7303865251152
2026,4,67,ols_all,562.014,530.3807115603754,1000.6649375044879
2026,4,228,ols_all,330.83,349.0719350235713,332.7681934041983
2026,4,158,ols_all,353.281,372.22162831352534,358.74740091111767
2026,4,32,ols_all,528.619,540.359964354207,137.85024396675925
2026,4,264,ols_all,273.541,340.2696837948024,4452.717240986725
2026,4,123,ols_all,485.218,482.22055233437004,8.9846925081906
2026,4,125,ols_all,360.028,346.3977671400976,185.78324781516412
2026,4,285,ols_all,416.209,425.7753833056231,91.51568955010445
2026,4,169,ols_all,245.48,271.08207627967477,655.4663098302858
2026,4,139,ols_all,262.528,273.57552560123577,122.04782190995927
2026,4,46,ols_all,452.189,432.5530901598554,385.56895525028835
2026,4,143,ols_all,494.933,500.42236831867194,30.13316453803931
2026,4,130,ols_all,437.098,418.56735555645173,343.38478349320684
2026,4,63,ols_all,387.661,427.3476032331164,1575.0264761828041
2026,4,99,ols_all,282.584,233.0606844956642,2452.558778541988
2026,4,238,ols_all,655.573,603.1430763773351,2748.896891078474
2026,4,21,ols_all,316.871,327.2136507603036,106.9704247496092
2026,4,201,ols_all,240.086,194.19932958917525,2105.586521391661
2026,4,150,ols_all,295.719,271.9399849574388,565.4415563943511
2026,4,110,ols_all,372.067,339.9603713852812,1030.835601003482
2026,4,231,ridge,288.633,260.6479225252119,783.1645612698899
2026,4,155,ridge,437.721,489.22698273617834,2652.866257619501
2026,4,233,ridge,385.977,407.1685790702245,449.08302348957795
2026,4,215,ridge,485.364,491.7984645976625,41.402334658572
2026,4,209,ridge,293.538,285.3673603475897,66.75935232954
2026,4,293,ridge,370.379,411.3668672969577,1680.0052655530135
2026,4,283,ridge,310.66,338.1534300129923,755.8886938793054
2026,4,5,ridge,359.251,341.7122504436511,307.60773600032786
2026,4,241,ridge,447.454,418.9304739506233,813.5915382894711
2026,4,194,ridge,546.888,524.2622131520455,511.92623048907024
2026,4,92,ridge,423.841,418.24536497056073,31.311131382687922
2026,4,35,ridge,240.207,271.9735803317982,1009.1156259765879
2026,4,286,ridge,433.013,424.7418731558722,68.41153927165091
2026,4,107,ridge,297.778,281.30491656674724,271.36247779890726
2026,4,165,ridge,559.34,527.3971648833206,1020.3447152913715
2026,4,266,ridge,430.138,429.96294213242953,0.030645256998311325
2026,4,72,ridge,354.919,342.95626755976133,143.10696743673824
2026,4,168,ridge,260.578,255.19541856122825,28.972182945009873
2026,4,153,ridge,572.763,531.5699310248872,1696.8689315884048
2026,4,284,ridge,386.48,367.6262406378112,355.4642420873233
2026,4,3,ridge,351.575,406.8050654278405,3050.3601271635407
2026,4,163,ridge,303.742,310.0604138450499,39.92235351731777
2026,4,71,ridge,456.1,462.0845546546634,35.814894414653175
2026,4,0,ridge,494.666,503.1837085913479,72.55135964712203
2026,4,272,ridge,353.33,374.4414179741068,445.6919688774403
2026,4,29,ridge,302.033,332.47586565933847,926.7680695525283
2026,4,152,ridge,299.292,326.9139311870424,762.9710825017075
2026,4,136,ridge,280.012,276.0070291211962,16.039791740066622
2026,4,220,ridge,275.048,236.00915754657757,1524.0312201031377
2026,4,239,ridge,279.075,243.82540816853196,1242.5337242850972
2026,4,203,ridge,418.3,447.2859053137732,840.1827068590239
2026,4,119,ridge,284.404,295.1767857181743,116.05291212970027
2026,4,61,ridge,309.279,302.3900285562844,47.45792755232906
2026,4,247,ridge,256.963,276.44344475647165,379.4877279099429
2026,4,156,ridge,317.157,267.677580949452,2448.2129095797286
2026,4,186,ridge,486.28,452.63601570898675,1131.9176789739447
2026,4,249,ridge,281.294,267.7987628032821,182.1214269956779
2026,4,148,ridge,311.748,328.4444544922621,278.771592612179
2026,4,268,ridge,410.803,364.63223618202255,2131.739431535455
2026,4,242,ridge,235.366,255.19541856122825,393.20584047638295
2026,4,67,ridge,562.014,529.0648445606428,1085.646844166925
2026,4,228,ridge,330.83,347.5548536341026,279.720729082155
2026,4,158,ridge,353.281,373.30950864573293,401.1411585721986
2026,4,32,ridge,528.619,535.7413867950895,50.72839365886504
2026,4,264,ridge,273.541,337.0977230043557,4039.457039052399
2026,4,123,ridge,485.218,481.2941571566015,15.396542659689764
2026,4,125,ridge,360.028,349.25265120489485,116.10814165617452
2026,4,285,ridge,416.209,424.62568407276933,70.84057078080889
2026,4,169,ridge,245.48,276.49807617638066,962.1210496837543
2026,4,139,ridge,262.528,275.30969805043156,163.37180505240553
2026,4,46,ridge,452.189,429.96294213242953,493.99764833259206
2026,4,143,ridge,494.933,500.7585583323341,33.93712988342706
2026,4,130,ridge,437.098,416.380027549372,429.2343824649806
2026,4,63,ridge,387.661,423.7193193786506,1300.202396412769
2026,4,99,ridge,282.584,233.9321559363545,2367.001930793279
2026,4,238,ridge,655.573,597.6383227542816,3356.4268275655586
2026,4,21,ridge,316.871,329.4095457075171,157.21512845949624
2026,4,201,ridge,240.086,190.92934417188818,2416.3768122034417
2026,4,150,ridge,295.719,276.1544377356138,382.77209659704494
2026,4,110,ridge,372.067,344.0923310430951,782.5821032484191
2026,4,231,pls,288.633,261.87368599931716,716.0608857871397
2026,4,155,pls,437.721,493.41091677297584,3101.3668301809753
2026,4,233,pls,385.977,401.0255455206954,226.4587222884424
2026,4,215,pls,485.364,489.7546214488319,19.277556706943177
2026,4,209,pls,293.538,281.29412755262604,149.91241250756354
2026,4,293,pls,370.379,413.19294918496485,1833.0342448127503
2026,4,283,pls,310.66,339.275942066879,818.8721403749736
2026,4,5,pls,359.251,344.8563768355787,207.20517604569318
2026,4,241,pls,447.454,421.3186455140126,683.0567541082228
2026,4,194,pls,546.888,529.9194326412673,287.9322782078483
2026,4,92,pls,423.841,413.6367308295663,104.12710930266347
2026,4,35,pls,240.207,273.8534568811671,1132.0840606562385
2026,4,286,pls,433.013,425.98598905957476,49.378882756855646
2026,4,107,pls,297.778,275.56753426454196,493.30478818595645
2026,4,165,pls,559.34,531.6304593887337,767.8186408874183
2026,4,266,pls,430.138,430.33137566166243,0.037394146523393346
2026,4,72,pls,354.919,337.92188646538546,288.90186850857634
2026,4,168,pls,260.578,252.77352428803766,60.90984113860963
2026,4,153,pls,572.763,536.9547938459827,1282.2276279686014
2026,4,284,pls,386.48,368.4356086725595,325.6000583778102
2026,4,3,pls,351.575,407.42526574129283,3119.2521833730293
2026,4,163,pls,303.742,311.56342667333115,61.174715206295694
2026,4,71,pls,456.1,462.9612360077391,47.076559553895315
2026,4,0,pls,494.666,500.70596333781987,36.481157122208145
2026,4,272,pls,353.33,377.6492360394095,591.4252415405155
2026,4,29,pls,302.033,333.7476911148322,1005.821632509216
2026,4,152,pls,299.292,319.5785945575388,411.54591874196365
2026,4,136,pls,280.012,276.9692869185635,9.258102895944733
2026,4,220,pls,275.048,238.96253487172476,1302.1607935239688
2026,4,239,pls,279.075,239.00530641731527,1605.580343810245
2026,4,203,pls,418.3,451.0803225279352,1074.5495450354558
2026,4,119,pls,284.404,292.3865221666988,63.720660141837705
2026,4,61,pls,309.279,297.1851748569804,146.2606065899334
2026,4,247,pls,256.963,274.24310754374125,298.6021167232623
2026,4,156,pls,317.157,263.07438967742877,2924.9287393030863
2026,4,186,pls,486.28,455.04709290206137,975.4944857884639
2026,4,249,pls,281.294,262.06373167906304,369.80321969523095
2026,4,148,pls,311.748,328.290813922146,273.66469246274835
2026,4,268,pls,410.803,365.7778576594193,2027.2634427895541
2026,4,242,pls,235.366,252.77352428803766,303.0219018386207
2026,4,67,pls,562.014,535.1217789032162,723.1915555183052
2026,4,228,pls,330.83,347.2594384323542,269.92644720251826
2026,4,158,pls,353.281,372.13219966660256,355.36772887011625
2026,4,32,pls,528.619,543.7946871829607,230.30148147507768
2026,4,264,pls,273.541,339.7877308051546,4388.629342370617
2026,4,123,pls,485.218,486.9404107173098,2.966698679103657
2026,4,125,pls,360.028,346.81987648873417,174.4545266888538
2026,4,285,pls,416.209,427.92474371470314,137.25865078860608
2026,4,169,pls,245.48,268.1674860833853,514.7220247838027
2026,4,139,pls,262.528,272.3916180253842,97.29096055068408
2026,4,46,pls,452.189,430.33137566166243,477.7557417158876
2026,4,143,pls,494.933,506.81783216564054,141.24923560544414
2026,4,130,pls,437.098,422.427996371381,215.2090064636942
2026,4,63,pls,387.661,426.2632608726271,1490.134544478356
2026,4,99,pls,282.584,230.816371767404,2679.8873328282702
2026,4,238,pls,655.573,595.7418338261903,3579.7684457180326
2026,4,21,pls,316.871,328.56270652923433,136.69600156574117
2026,4,201,pls,240.086,187.851908750461,2728.4002886651674
2026,4,150,pls,295.719,274.3319826580296,457.40451078574347
2026,4,110,pls,372.067,338.6208468553115,1118.6451601779552
2026,4,231,huber,288.633,256.1041505591145,1058.1260459477965
2026,4,155,huber,437.721,492.4128907707664,2991.2029160814436
2026,4,233,huber,385.977,411.3589368919108,644.242720384943
2026,4,215,huber,485.364,498.2247843150585,165.3997731984557
2026,4,209,huber,293.538,283.0294666936491,110.42927225068614
2026,4,293,huber,370.379,411.6984127337324,1707.2938686605278
2026,4,283,huber,310.66,337.58747780359516,725.0890608631089
2026,4,5,huber,359.251,339.960468346251,372.12461148429156
2026,4,241,huber,447.454,418.2636097151954,852.0788849792152
2026,4,194,huber,546.888,529.3306906337228,308.2591121831649
2026,4,92,huber,423.841,427.8110843332512,15.761569613126463
2026,4,35,huber,240.207,270.42062243537373,912.8629806673192
2026,4,286,huber,433.013,424.6751525782538,69.51969962831934
2026,4,107,huber,297.778,282.5022339278346,233.3490290915203
2026,4,165,huber,559.34,530.98040207584,804.266794420025
2026,4,266,huber,430.138,435.56879773858384,29.493564077407598
2026,4,72,huber,354.919,345.18451891520766,94.76012199017948
2026,4,168,huber,260.578,254.58322695685297,35.93730383884202
2026,4,153,huber,572.763,536.652192838698,1303.990393840738
2026,4,284,huber,386.48,369.0810595368906,302.72312923882544
2026,4,3,huber,351.575,408.3314118351805,3221.2902844046203
2026,4,163,huber,303.742,308.0825568050184,18.840433377591246
2026,4,71,huber,456.1,464.3572329341058,68.18189572808126
2026,4,0,huber,494.666,509.10963384728575,208.61855871445863
2026,4,272,huber,353.33,376.6263662008089,542.7206781621915
2026,4,29,huber,302.033,331.41130113742315,863.0845777211175
2026,4,152,huber,299.292,329.3600293525629,904.0863891465851
2026,4,136,huber,280.012,273.91119953808237,37.21976627613436
2026,4,220,huber,275.048,233.97707813680316,1686.8206226928205
2026,4,239,huber,279.075,242.85568739272475,1311.8386057435273
2026,4,203,huber,418.3,445.21120212493827,724.2127998092814
2026,4,119,huber,284.404,295.49884566763615,123.09560038866465
2026,4,61,huber,309.279,304.6262632697122,21.647959081369333
2026,4,247,huber,256.963,274.7022581167475,314.6812785325908
2026,4,156,huber,317.157,268.4753410724495,2369.9039159383547
2026,4,186,huber,486.28,455.00814811242464,977.9287204784492
2026,4,249,huber,281.294,269.9950255764451,127.666823024148
2026,4,148,huber,311.748,328.43153729329185,278.3404166166604
2026,4,268,huber,410.803,368.2633560300485,1809.6213090902309
2026,4,242,huber,235.366,254.58322695685297,369.30181191119584
2026,4,67,huber,562.014,531.965961421851,902.8846223939291
2026,4,228,huber,330.83,352.5538973722641,471.92771704066325
2026,4,158,huber,353.281,374.84525315477345,465.01701412315623
2026,4,32,huber,528.619,541.3609435540016,162.35712553336097
2026,4,264,huber,273.541,338.18072469413994,4178.294008534205
2026,4,123,huber,485.218,480.0048269512676,27.177173236030022
2026,4,125,huber,360.028,351.2014087569903,77.9087129711758
2026,4,285,huber,416.209,426.5606266002567,107.15617327114165
2026,4,169,huber,245.48,277.8713291812911,1049.1982061307622
2026,4,139,huber,262.528,273.7603133515911,126.1648632283311
2026,4,46,huber,452.189,435.56879773858384,276.23112321038354
2026,4,143,huber,494.933,502.48770359870184,57.07354646423867
2026,4,130,huber,437.098,414.0755449158651,530.0334381010084
2026,4,63,huber,387.661,423.7085076797539,1299.4228099219158
2026,4,99,huber,282.584,235.0732882701423,2257.267729077637
2026,4,238,huber,655.573,605.9648391292739,2460.9696249758426
2026,4,21,huber,316.871,329.4451506739481,158.10926517114973
2026,4,201,huber,240.086,188.36627597940424,2674.929852766592
2026,4,150,huber,295.719,275.8390944291366,395.21064550644564
2026,4,110,huber,372.067,345.63805434294693,698.4891685434648
2026,4,231,cart,288.633,359.3545454545455,5001.536991479344
2026,4,155,cart,437.721,495.84543478260883,3378.449918797747
2026,4,233,cart,385.977,326.5148780487805,3535.7439469417
2026,4,215,cart,485.364,607.4721428571428,14910.398552020397
2026,4,209,cart,293.538,326.5148780487805,1087.4744858441388
2026,4,293,cart,370.379,411.7012500000001,1707.5283450625045
2026,4,283,cart,310.66,326.5148780487805,251.37715794170015
2026,4,5,cart,359.251,411.7012500000001,2751.02872506251
2026,4,241,cart,447.454,411.7012500000001,1278.2591325624953
2026,4,194,cart,546.888,495.84543478260883,2605.343463971634
2026,4,92,cart,423.841,287.6757741935483,18540.96871892198
2026,4,35,cart,240.207,278.64114285714277,1477.183337163259
2026,4,286,cart,433.013,411.7012500000001,454.1906880624959
2026,4,107,cart,297.778,287.6757741935483,102.05496624453896
2026,4,165,cart,559.34,494.7362,4173.650974440005
2026,4,266,cart,430.138,326.5148780487805,10737.751402917309
2026,4,72,cart,354.919,326.5148780487805,806.7941438197499
2026,4,168,cart,260.578,240.58117647058822,399.8729512664356
2026,4,153,cart,572.763,495.84543478260883,5916.311838971628
2026,4,284,cart,386.48,326.5148780487805,3595.815850624632
2026,4,3,cart,351.575,445.5793750000001,8836.822519140644
2026,4,163,cart,303.742,359.3545454545455,3092.7552119338843
2026,4,71,cart,456.1,445.5793750000001,110.68355039062371
2026,4,0,cart,494.666,495.84543478260883,1.3910664064275544
2026,4,272,cart,353.33,326.5148780487805,719.0507652587744
2026,4,29,cart,302.033,278.64114285714277,547.1789805918417
2026,4,152,cart,299.292,383.68661111111106,7122.450384595675
2026,4,136,cart,280.012,326.5148780487805,2162.5176668197487
2026,4,220,cart,275.048,287.6757741935483,159.46068108324454
2026,4,239,cart,279.075,208.447125,4988.296727015623
2026,4,203,cart,418.3,411.7012500000001,43.54350156249919
2026,4,119,cart,284.404,278.64114285714277,33.21052244898058
2026,4,61,cart,309.279,287.6757741935483,466.6993652445403
2026,4,247,cart,256.963,326.5148780487805,4837.463740112428
2026,4,156,cart,317.157,278.64114285714277,1483.4712514489852
2026,4,186,cart,486.28,494.7362,71.5073184400004
2026,4,249,cart,281.294,278.64114285714277,7.037651020408546
2026,4,148,cart,311.748,383.68661111111106,5175.163768595673
2026,4,268,cart,410.803,326.5148780487805,7104.487502063655
2026,4,242,cart,235.366,240.58117647058822,27.19806561937684
2026,4,67,cart,562.014,495.84543478260883,4378.279022928149
2026,4,228,cart,330.83,326.5148780487805,18.62027745389647
2026,4,158,cart,353.281,326.5148780487805,716.425284307556
2026,4,32,cart,528.619,495.84543478260883,1074.106577058594
2026,4,264,cart,273.541,287.6757741935483,199.79184150259928
2026,4,123,cart,485.218,445.5793750000001,1571.2205918906197
2026,4,125,cart,360.028,383.68661111111106,559.7298797067868
2026,4,285,cart,416.209,445.5793750000001,862.6189276406297
2026,4,169,cart,245.48,287.6757741935483,1780.4833597929182
2026,4,139,cart,262.528,240.58117647058822,481.6630630311435
2026,4,46,cart,452.189,326.5148780487805,15793.984928210002
2026,4,143,cart,494.933,495.84543478260883,0.832537232514443
2026,4,130,cart,437.098,411.7012500000001,644.994910562497
2026,4,63,cart,387.661,411.7012500000001,577.9336200625035
2026,4,99,cart,282.584,278.64114285714277,15.546122448980322
2026,4,238,cart,655.573,607.4721428571428,2313.692457877556
2026,4,21,cart,316.871,383.68661111111106,4464.325888151231
2026,4,201,cart,240.086,137.8065,10461.096120250002
2026,4,150,cart,295.719,278.64114285714277,291.6532045918396
2026,4,110,cart,372.067,383.68661111111106,135.0153623734555
2026,4,231,subset_min,288.633,262.45421887412647,685.3285812363913
2026,4,155,subset_min,437.721,485.968589918945,2327.8299329866813
2026,4,233,subset_min,385.977,400.05086064514745,198.07355345903093
2026,4,215,subset_min,485.364,496.36868402795443,121.10307055511586
2026,4,209,subset_min,293.538,283.7643204018755,95.52481288679486
2026,4,293,subset_min,370.379,416.0784728093707,2088.4418150544084
2026,4,283,subset_min,310.66,345.1133726113227,1187.0348842946387
2026,4,5,subset_min,359.251,343.66568085861303,242.90217273888234
2026,4,241,subset_min,447.454,419.8612714488476,761.3586688975803
2026,4,194,subset_min,546.888,530.2765543870618,275.94012535160607
2026,4,92,subset_min,423.841,437.7662603775631,193.91287658292936
2026,4,35,subset_min,240.207,271.3648738556725,970.8131032060003
2026,4,286,subset_min,433.013,426.6593647213608,40.36868125396812
2026,4,107,subset_min,297.778,289.5062136619658,68.42244922209001
2026,4,165,subset_min,559.34,527.3732096277624,1021.8756867025824
2026,4,266,subset_min,430.138,433.819873236202,13.556190527460757
2026,4,72,subset_min,354.919,349.65131100490896,27.74854734900305
2026,4,168,subset_min,260.578,257.0246149687901,12.626545180026374
2026,4,153,subset_min,572.763,533.9168405440256,1509.0241044789916
2026,4,284,subset_min,386.48,366.50610381672084,398.9565287404146
2026,4,3,subset_min,351.575,407.0921065032377,3082.1491144918377
2026,4,163,subset_min,303.742,312.03450734849486,68.76567812484087
2026,4,71,subset_min,456.1,464.05948623074903,63.35342105748304
2026,4,0,subset_min,494.666,500.3234118797019,32.00630917659215
2026,4,272,subset_min,353.33,367.1523176479368,191.05646516046548
2026,4,29,subset_min,302.033,334.55893954925307,1057.936743561664
2026,4,152,subset_min,299.292,321.2289050374766,481.2278026232665
2026,4,136,subset_min,280.012,273.38162484619096,43.961874680248265
2026,4,220,subset_min,275.048,224.05032297303742,2600.763062146387
2026,4,239,subset_min,279.075,241.33824738098704,1424.0624982285806
2026,4,203,subset_min,418.3,446.05527128738953,770.355084236589
2026,4,119,subset_min,284.404,288.81474013307445,19.454628521513662
2026,4,61,subset_min,309.279,302.72565037672024,42.94639128494094
2026,4,247,subset_min,256.963,273.90987110148455,287.19644013033155
2026,4,156,subset_min,317.157,269.53142087381644,2268.195787104369
2026,4,186,subset_min,486.28,458.74469604430027,758.1929639327717
2026,4,249,subset_min,281.294,276.8963065106422,19.339708026339785
2026,4,148,subset_min,311.748,309.147306003321,6.763609264362257
2026,4,268,subset_min,410.803,371.0606249135289,1579.4563775137588
2026,4,242,subset_min,235.366,257.0246149687901,469.0956023662981
2026,4,67,subset_min,562.014,527.8026991658467,1170.4131047649416
2026,4,228,subset_min,330.83,353.2679443475624,503.46134654430716
2026,4,158,subset_min,353.281,370.04263147462797,280.9522896912387
2026,4,32,subset_min,528.619,541.0508147181898,154.5500171874005
2026,4,264,subset_min,273.541,342.76556441329603,4792.040318210572
2026,4,123,subset_min,485.218,478.33135822528675,47.42583493322592
2026,4,125,subset_min,360.028,343.55178618741485,271.46562159802244
2026,4,285,subset_min,416.209,424.68217124780807,71.79463099468133
2026,4,169,subset_min,245.48,270.71515077619097,636.8128346970921
2026,4,139,subset_min,262.528,272.1309189674114,92.21605269466905
2026,4,46,subset_min,452.189,433.819873236202,337.4248180644808
2026,4,143,subset_min,494.933,496.43789406293234,2.264706140649039
2026,4,130,subset_min,437.098,416.8662116689011,409.32525907439066
2026,4,63,subset_min,387.661,426.68241448824864,1522.6707886637007
2026,4,99,subset_min,282.584,237.90289491402473,1996.4011517039655
2026,4,238,subset_min,655.573,602.7545493319441,2789.788730973855
2026,4,21,subset_min,316.871,326.44175100848366,91.59927486639143
2026,4,201,subset_min,240.086,200.93193924016737,1533.0404739846665
2026,4,150,subset_min,295.719,271.4584125665682,588.5761026151887
2026,4,110,subset_min,372.067,338.34460034374587,1137.2002385761293
2026,4,231,subset_1se,288.633,267.60901973067274,442.00774636506105
2026,4,155,subset_1se,437.721,484.50389230977646,2188.639012868141
2026,4,233,subset_1se,385.977,433.63857180289597,2271.6254267226104
2026,4,215,subset_1se,485.364,505.40927542313926,401.81306678951194
2026,4,209,subset_1se,293.538,285.26297731308637,68.47600046893551
2026,4,293,subset_1se,370.379,405.07769474975515,1203.9994173366845
2026,4,283,subset_1se,310.66,328.8229661576818,329.89333964509257
2026,4,5,subset_1se,359.251,348.82289898612436,108.7452907555937
2026,4,241,subset_1se,447.454,418.9336117115074,813.4125481263857
2026,4,194,subset_1se,546.888,518.3745082688939,813.0192106998568
2026,4,92,subset_1se,423.841,427.7864035491384,15.56620916555392
2026,4,35,subset_1se,240.207,264.95303579028587,612.3662873341094
2026,4,286,subset_1se,433.013,419.90397720691817,171.84647858953832
2026,4,107,subset_1se,297.778,301.3406869927966,12.692738608641775
2026,4,165,subset_1se,559.34,526.9916436364674,1046.4161594221011
2026,4,266,subset_1se,430.138,430.65349658215735,0.2657367262159283
2026,4,72,subset_1se,354.919,357.9313060970377,9.073988022250552
2026,4,168,subset_1se,260.578,258.2471857286054,5.432695167736547
2026,4,153,subset_1se,572.763,531.2551947666393,1722.8978952906082
2026,4,284,subset_1se,386.48,364.9571035816361,463.2350702356228
2026,4,3,subset_1se,351.575,408.11234484445254,3196.4713620605453
2026,4,163,subset_1se,303.742,316.1435737758884,153.7990321188024
2026,4,71,subset_1se,456.1,459.3978783862975,10.876001850808189
2026,4,0,subset_1se,494.666,515.938194370304,452.5062533279941
2026,4,272,subset_1se,353.33,367.05345007941287,188.3330820821375
2026,4,29,subset_1se,302.033,330.4160700349063,805.5986646063941
2026,4,152,subset_1se,299.292,345.5077181744807,2135.8926063830295
2026,4,136,subset_1se,280.012,283.5717142247028,12.67156536155157
2026,4,220,subset_1se,275.048,211.76350296655264,4004.9275647764084
2026,4,239,subset_1se,279.075,245.55280848942127,1123.737323671916
2026,4,203,subset_1se,418.3,439.13954802555696,434.2867619094946
2026,4,119,subset_1se,284.404,305.7586313193832,456.02027878678194
2026,4,61,subset_1se,309.279,317.67502504120375,70.49323649252054
2026,4,247,subset_1se,256.963,280.27238469689485,543.3274149478347
2026,4,156,subset_1se,317.157,269.794496309211,2243.206755859999
2026,4,186,subset_1se,486.28,457.2353784402719,843.5900415478199
2026,4,249,subset_1se,281.294,283.7375213040018,5.970796363110754
2026,4,148,subset_1se,311.748,311.1799426805551,0.32268911817492957
2026,4,268,subset_1se,410.803,370.77011183865807,1602.6321345385109
2026,4,242,subset_1se,235.366,258.2471857286054,523.5486603469355
2026,4,67,subset_1se,562.014,522.5305718529027,1558.941098247
2026,4,228,subset_1se,330.83,346.00016754312753,230.1339832865605
2026,4,158,subset_1se,353.281,369.192623068368,253.17974866982027
2026,4,32,subset_1se,528.619,531.1363548406283,6.337075393634664
2026,4,264,subset_1se,273.541,335.0923566946902,3788.5695109569824
2026,4,123,subset_1se,485.218,470.01974664065017,230.98690517498898
2026,4,125,subset_1se,360.028,341.47760649069613,344.1170993500238
2026,4,285,subset_1se,416.209,420.08062403690934,14.989472683174162
2026,4,169,subset_1se,245.48,289.8952235791199,1972.712085583208
2026,4,139,subset_1se,262.528,275.89307260688093,178.62516578719863
2026,4,46,subset_1se,452.189,430.65349658215735,463.7779074599136
2026,4,143,subset_1se,494.933,490.17691825408673,22.62031357380936
2026,4,130,subset_1se,437.098,409.12399938367025,782.5447104824178
2026,4,63,subset_1se,387.661,415.42860627301354,771.039958133101
2026,4,99,subset_1se,282.584,238.71413700198286,1924.5648794647934
2026,4,238,subset_1se,655.573,610.0009216452997,2076.814325566938
2026,4,21,subset_1se,316.871,330.61653236212004,188.93965991808986
2026,4,201,subset_1se,240.086,191.3699582906004,2373.252719831962
2026,4,150,subset_1se,295.719,271.37227416896826,592.7630586914279
2026,4,110,subset_1se,372.067,357.6466267980533,207.94716328342219
2026,4,231,adaptive_linear,288.633,262.45421887412647,685.3285812363913
2026,4,155,adaptive_linear,437.721,485.968589918945,2327.8299329866813
2026,4,233,adaptive_linear,385.977,400.05086064514745,198.07355345903093
2026,4,215,adaptive_linear,485.364,496.36868402795443,121.10307055511586
2026,4,209,adaptive_linear,293.538,283.7643204018755,95.52481288679486
2026,4,293,adaptive_linear,370.379,416.0784728093707,2088.4418150544084
2026,4,283,adaptive_linear,310.66,345.1133726113227,1187.0348842946387
2026,4,5,adaptive_linear,359.251,343.66568085861303,242.90217273888234
2026,4,241,adaptive_linear,447.454,419.8612714488476,761.3586688975803
2026,4,194,adaptive_linear,546.888,530.2765543870618,275.94012535160607
2026,4,92,adaptive_linear,423.841,437.7662603775631,193.91287658292936
2026,4,35,adaptive_linear,240.207,271.3648738556725,970.8131032060003
2026,4,286,adaptive_linear,433.013,426.6593647213608,40.36868125396812
2026,4,107,adaptive_linear,297.778,289.5062136619658,68.42244922209001
2026,4,165,adaptive_linear,559.34,527.3732096277624,1021.8756867025824
2026,4,266,adaptive_linear,430.138,433.819873236202,13.556190527460757
2026,4,72,adaptive_linear,354.919,349.65131100490896,27.74854734900305
2026,4,168,adaptive_linear,260.578,257.0246149687901,12.626545180026374
2026,4,153,adaptive_linear,572.763,533.9168405440256,1509.0241044789916
2026,4,284,adaptive_linear,386.48,366.50610381672084,398.9565287404146
2026,4,3,adaptive_linear,351.575,407.0921065032377,3082.1491144918377
2026,4,163,adaptive_linear,303.742,312.03450734849486,68.76567812484087
2026,4,71,adaptive_linear,456.1,464.05948623074903,63.35342105748304
2026,4,0,adaptive_linear,494.666,500.3234118797019,32.00630917659215
2026,4,272,adaptive_linear,353.33,367.1523176479368,191.05646516046548
2026,4,29,adaptive_linear,302.033,334.55893954925307,1057.936743561664
2026,4,152,adaptive_linear,299.292,321.2289050374766,481.2278026232665
2026,4,136,adaptive_linear,280.012,273.38162484619096,43.961874680248265
2026,4,220,adaptive_linear,275.048,224.05032297303742,2600.763062146387
2026,4,239,adaptive_linear,279.075,241.33824738098704,1424.0624982285806
2026,4,203,adaptive_linear,418.3,446.05527128738953,770.355084236589
2026,4,119,adaptive_linear,284.404,288.81474013307445,19.454628521513662
2026,4,61,adaptive_linear,309.279,302.72565037672024,42.94639128494094
2026,4,247,adaptive_linear,256.963,273.90987110148455,287.19644013033155
2026,4,156,adaptive_linear,317.157,269.53142087381644,2268.195787104369
2026,4,186,adaptive_linear,486.28,458.74469604430027,758.1929639327717
2026,4,249,adaptive_linear,281.294,276.8963065106422,19.339708026339785
2026,4,148,adaptive_linear,311.748,309.147306003321,6.763609264362257
2026,4,268,adaptive_linear,410.803,371.0606249135289,1579.4563775137588
2026,4,242,adaptive_linear,235.366,257.0246149687901,469.0956023662981
2026,4,67,adaptive_linear,562.014,527.8026991658467,1170.4131047649416
2026,4,228,adaptive_linear,330.83,353.2679443475624,503.46134654430716
2026,4,158,adaptive_linear,353.281,370.04263147462797,280.9522896912387
2026,4,32,adaptive_linear,528.619,541.0508147181898,154.5500171874005
2026,4,264,adaptive_linear,273.541,342.76556441329603,4792.040318210572
2026,4,123,adaptive_linear,485.218,478.33135822528675,47.42583493322592
2026,4,125,adaptive_linear,360.028,343.55178618741485,271.46562159802244
2026,4,285,adaptive_linear,416.209,424.68217124780807,71.79463099468133
2026,4,169,adaptive_linear,245.48,270.71515077619097,636.8128346970921
2026,4,139,adaptive_linear,262.528,272.1309189674114,92.21605269466905
2026,4,46,adaptive_linear,452.189,433.819873236202,337.4248180644808
2026,4,143,adaptive_linear,494.933,496.43789406293234,2.264706140649039
2026,4,130,adaptive_linear,437.098,416.8662116689011,409.32525907439066
2026,4,63,adaptive_linear,387.661,426.68241448824864,1522.6707886637007
2026,4,99,adaptive_linear,282.584,237.90289491402473,1996.4011517039655
2026,4,238,adaptive_linear,655.573,602.7545493319441,2789.788730973855
2026,4,21,adaptive_linear,316.871,326.44175100848366,91.59927486639143
2026,4,201,adaptive_linear,240.086,200.93193924016737,1533.0404739846665
2026,4,150,adaptive_linear,295.719,271.4584125665682,588.5761026151887
2026,4,110,adaptive_linear,372.067,338.34460034374587,1137.2002385761293
2026,5,237,ols_all,288.331,296.6310933095624,68.89154894744226
2026,5,271,ols_all,335.279,349.61776487946736,205.6001782686467
2026,5,200,ols_all,438.666,434.9352501878916,13.918494160546858
2026,5,121,ols_all,457.643,441.6381176477071,256.1562591107366
2026,5,234,ols_all,464.093,510.6739489728029,2169.7848072068678
2026,5,226,ols_all,428.876,436.65852779635543,60.56773890104526
2026,5,109,ols_all,505.777,476.4629296801136,859.3147187192454
2026,5,164,ols_all,375.949,410.3823657364692,1185.656675941449
2026,5,43,ols_all,366.327,341.1393101723979,634.4197188514888
2026,5,102,ols_all,338.56,381.38042173035865,1833.588517165771
2026,5,127,ols_all,334.401,258.69521398850156,5731.366035618794
2026,5,255,ols_all,265.57,280.61803374108604,226.44331947286406
2026,5,52,ols_all,246.515,278.016394463049,992.3378531166139
2026,5,252,ols_all,253.683,232.4371564132432,451.38586971293466
2026,5,56,ols_all,389.856,410.1909549806219,413.5103940639189
2026,5,244,ols_all,389.618,412.8235364350603,538.4969212389116
2026,5,210,ols_all,232.002,264.654593684008,1066.191874292917
2026,5,154,ols_all,237.824,233.31959044091764,20.289705475952683
2026,5,69,ols_all,481.732,455.2861032075125,699.3854571589022
2026,5,39,ols_all,321.065,310.2944062423394,116.00568989255761
2026,5,108,ols_all,325.274,313.22403819531746,145.20157949430808
2026,5,120,ols_all,375.484,408.9231233064056,1118.1749675010005
2026,5,37,ols_all,493.864,496.76868504058075,8.437195184973728
2026,5,273,ols_all,277.145,285.7054911752889,73.28200916219942
2026,5,243,ols_all,260.705,255.76211971912335,24.432065471079095
2026,5,64,ols_all,684.476,682.3613784915306,4.471624124081572
2026,5,135,ols_all,557.15,527.5289695804272,877.4054431172557
2026,5,185,ols_all,268.273,260.7760405399358,56.20440114584616
2026,5,91,ols_all,358.993,343.4208337514856,242.49236167137124
2026,5,274,ols_all,319.388,328.7282336062199,87.23996381875953
2026,5,6,ols_all,331.553,334.3049615015575,7.573292106054625
2026,5,216,ols_all,304.756,319.9495869268212,230.8450837028733
2026,5,162,ols_all,260.859,275.9256864396416,227.00504027048052
2026,5,187,ols_all,428.773,404.2588425362924,600.9439161554534
2026,5,65,ols_all,443.636,428.97528805581123,214.93647471047987
2026,5,132,ols_all,446.917,416.4805536150111,926.377268546302
2026,5,184,ols_all,351.269,423.0833905682275,5157.306692685925
2026,5,118,ols_all,437.164,477.8111944496595,1652.1944166284331
2026,5,193,ols_all,271.297,278.94718781211577,58.525373560644304
2026,5,149,ols_all,337.859,297.7256404431914,1610.6865493160767
2026,5,291,ols_all,235.961,286.211171422171,2525.079727957569
2026,5,27,ols_all,368.838,393.55258092300437,610.8105101997305
2026,5,276,ols_all,509.076,453.246977346731,3116.8797704192257
2026,5,214,ols_all,271.25,269.594880064843,2.7394219997541702
2026,5,97,ols_all,422.501,392.1858659836985,919.0073504263203
2026,5,251,ols_all,361.326,418.427420212186,3260.572190248642
2026,5,256,ols_all,211.449,198.82443645882358,159.3796046052011
2026,5,280,ols_all,321.44,313.91181014995436,56.67364241833012
2026,5,212,ols_all,252.257,288.1177878370163,1285.9961042914954
2026,5,113,ols_all,318.141,308.76535435224787,87.90273131221385
2026,5,49,ols_all,481.042,469.76475447213124,127.17626669583525
2026,5,269,ols_all,373.068,392.5393258549052,379.1325305479004
2026,5,206,ols_all,340.646,351.06478035966666,108.55098418297534
2026,5,23,ols_all,237.449,251.8469667352149,207.3014461083542
2026,5,199,ols_all,446.437,416.65605113900983,886.9049150609122
2026,5,26,ols_all,308.859,318.29631502679877,89.06291491504216
2026,5,115,ols_all,296.802,268.0076755819284,829.1131186931542
2026,5,229,ols_all,396.197,408.01894038974115,139.758274578593
2026,5,191,ols_all,436.463,395.91279975479665,1644.3187399260914
2026,5,4,ols_all,540.085,496.74010297392306,1878.7800982012168
2026,5,237,ridge,288.331,296.63111499242837,68.89190888753384
2026,5,271,ridge,335.279,349.61739998880756,205.58971423903682
2026,5,200,ridge,438.666,434.9351241773711,13.919434403876787
2026,5,121,ridge,457.643,441.6379043538295,256.16308664306416
2026,5,234,ridge,464.093,510.67363595733656,2169.755646189914
2026,5,226,ridge,428.876,436.6581652811642,60.56209646335787
2026,5,109,ridge,505.777,476.46244020492725,859.3434159788951
2026,5,164,ridge,375.949,410.3822845301875,1185.6510835368504
2026,5,43,ridge,366.327,341.13933387751916,634.4185246975687
2026,5,102,ridge,338.56,381.38057663310735,1833.6017831918193
2026,5,127,ridge,334.401,258.6953072604963,5731.351913168146
2026,5,255,ridge,265.57,280.61769588489506,226.4331514442878
2026,5,52,ridge,246.515,278.01602892501637,992.314823334719
2026,5,252,ridge,253.683,232.43739911261645,451.3755570659925
2026,5,56,ridge,389.856,410.1910519687438,413.5143385715116
2026,5,244,ridge,389.618,412.82340179275076,538.4906723630003
2026,5,210,ridge,232.002,264.65487114824276,1066.209994223744
2026,5,154,ridge,237.824,233.3195231830448,20.290311394487016
2026,5,69,ridge,481.732,455.28874945037836,699.2454996300665
2026,5,39,ridge,321.065,310.2941882740853,116.01038523510185
2026,5,108,ridge,325.274,313.22407208857123,145.20076267063007
2026,5,120,ridge,375.484,408.9230511659067,1118.1701428761285
2026,5,37,ridge,493.864,496.76774483699705,8.431734078387183
2026,5,273,ridge,277.145,285.7057205338897,73.28593605936088
2026,5,243,ridge,260.705,255.76238557346423,24.42943736939937
2026,5,64,ridge,684.476,682.3602133606678,4.476553103176704
2026,5,135,ridge,557.15,527.5288027115989,877.4153287983777
2026,5,185,ridge,268.273,260.77739923085755,56.18403089036919
2026,5,91,ridge,358.993,343.42118987631716,242.4812705280313
2026,5,274,ridge,319.388,328.72759215075985,87.22798154253537
2026,5,6,ridge,331.553,334.30437715877144,7.570076269809242
2026,5,216,ridge,304.756,319.9498238399224,230.8522828785943
2026,5,162,ridge,260.859,275.92548877230314,226.99908392593719
2026,5,187,ridge,428.773,404.2587614423555,600.9478920611066
2026,5,65,ridge,443.636,428.9752485234178,214.93763385810774
2026,5,132,ridge,446.917,416.4807125038294,926.3675965495487
2026,5,184,ridge,351.269,423.08340703132717,5157.309057261133
2026,5,118,ridge,437.164,477.811179709269,1652.1932183176127
2026,5,193,ridge,271.297,278.94669532233,58.51783852447733
2026,5,149,ridge,337.859,297.7258315565573,1610.6712093097437
2026,5,291,ridge,235.961,286.21127950105966,2525.0905899346158
2026,5,27,ridge,368.838,393.5523327163986,610.7982416168496
2026,5,276,ridge,509.076,453.2466727529401,3116.913780859304
2026,5,214,ridge,271.25,269.59442405928104,2.740931695487473
2026,5,97,ridge,422.501,392.18569832598416,919.017515586586
2026,5,251,ridge,361.326,418.4266839720847,3260.4881100798852
2026,5,256,ridge,211.449,198.82463936833756,159.37448135826887
2026,5,280,ridge,321.44,313.91179160693304,56.673921609443845
2026,5,212,ridge,252.257,288.1178190983599,1285.998346405295
2026,5,113,ridge,318.141,308.7656811188288,87.8966041236454
2026,5,49,ridge,481.042,469.7649250594087,127.17241921571143
2026,5,269,ridge,373.068,392.53921574415585,379.12824255546343
2026,5,206,ridge,340.646,351.0650996630893,108.55763778938753
2026,5,23,ridge,237.449,251.8475416105143,207.31800050971134
2026,5,199,ridge,446.437,416.6561521466441,886.8988988647332
2026,5,26,ridge,308.859,318.2967294922298,89.07073796850482
2026,5,115,ridge,296.802,268.0082866031386,829.0779311805985
2026,5,229,ridge,396.197,408.01871418530607,139.7529262790666
2026,5,191,ridge,436.463,395.91264222005185,1644.3315160818033
2026,5,4,ridge,540.085,496.73992299807867,1878.7957003024926
2026,5,237,pls,288.331,295.91228531958785,57.475887096998015
2026,5,271,pls,335.279,349.49160893845385,201.9982528374184
2026,5,200,pls,438.666,435.09648472348283,12.741439309289417
2026,5,121,pls,457.643,442.3856122294302,232.78788158153222
2026,5,234,pls,464.093,511.2002644579022,2219.094364706736
2026,5,226,pls,428.876,436.9461775353059,65.12776545135604
2026,5,109,pls,505.777,476.88718147401823,834.6216144641585
2026,5,164,pls,375.949,411.13280820209627,1237.900359601896
2026,5,43,pls,366.327,340.80647930830276,651.2969763753471
2026,5,102,pls,338.56,382.4412061934814,1925.5602569948283
2026,5,127,pls,334.401,259.47961495111355,5613.213937643508
2026,5,255,pls,265.57,281.59141066233826,256.68559961128636
2026,5,52,pls,246.515,277.56057475036397,963.8277115804377
2026,5,252,pls,253.683,231.916854454747,473.76509189713624
2026,5,56,pls,389.856,411.362560195439,462.5321314400421
2026,5,244,pls,389.618,414.1592168928961,602.2713265841691
2026,5,210,pls,232.002,265.1953539115342,1101.798743896362
2026,5,154,pls,237.824,233.86069646519354,15.707774909009467
2026,5,69,pls,481.732,456.4340678020544,639.9853734918534
2026,5,39,pls,321.065,310.3068851523143,115.73703507599559
2026,5,108,pls,325.274,312.22554459237995,170.26218852464902
2026,5,120,pls,375.484,409.62469378258595,1165.5869719563043
2026,5,37,pls,493.864,494.825807398983,0.9250734727384673
2026,5,273,pls,277.145,285.44704545604446,68.92395875422883
2026,5,243,pls,260.705,256.1624163121558,20.63506656106795
2026,5,64,pls,684.476,682.4676325918031,4.033539646307663
2026,5,135,pls,557.15,528.2359269008458,836.0236231832306
2026,5,185,pls,268.273,260.7120845633623,57.167442239986904
2026,5,91,pls,358.993,342.7113853107666,265.0909768886601
2026,5,274,pls,319.388,328.51168452315625,83.24161927808127
2026,5,6,pls,331.553,333.62347628618494,4.286872051654188
2026,5,216,pls,304.756,320.88131771028424,260.0258712576073
2026,5,162,pls,260.859,277.87404921016025,289.51189962417567
2026,5,187,pls,428.773,404.1486752634839,606.3573687294008
2026,5,65,pls,443.636,429.3097134371942,205.2424866796306
2026,5,132,pls,446.917,418.10600282396445,830.0735582775271
2026,5,184,pls,351.269,423.19898122213783,5173.922198617101
2026,5,118,pls,437.164,478.33312325139013,1694.8967092881528
2026,5,193,pls,271.297,278.5412162886235,52.4786696363577
2026,5,149,pls,337.859,298.52502112502253,1547.161894137172
2026,5,291,pls,235.961,285.9829537947628,2502.195861445384
2026,5,27,pls,368.838,393.87907971084155,627.0556730847193
2026,5,276,pls,509.076,454.0390639856809,3029.064325844256
2026,5,214,pls,271.25,269.3483158084281,3.616402764474535
2026,5,97,pls,422.501,392.72906632792603,886.3680345743702
2026,5,251,pls,361.326,417.72361981954714,3180.691521310174
2026,5,256,pls,211.449,200.2597181444445,125.200028443064
2026,5,280,pls,321.44,314.45918205364507,48.731819200151094
2026,5,212,pls,252.257,288.32725748305415,1301.063474893824
2026,5,113,pls,318.141,307.4747361726242,113.76918403518576
2026,5,49,pls,481.042,470.42549400900344,112.7101994568652
2026,5,269,pls,373.068,392.78990705223094,388.9536177768373
2026,5,206,pls,340.646,351.8183219913077,124.82077867745727
2026,5,23,pls,237.449,252.60168322285716,229.60380885225652
2026,5,199,pls,446.437,416.7722264307922,879.9987909123695
2026,5,26,pls,308.859,318.4861694788313,92.6823921741413
2026,5,115,pls,296.802,265.7971353985637,961.3016289534002
2026,5,229,pls,396.197,407.0476660656599,117.73695406846285
2026,5,191,pls,436.463,395.2737158412613,1696.557129509323
2026,5,4,pls,540.085,496.6542985141899,1886.2258315495492
2026,5,237,huber,288.331,297.826891148664,90.17194870727504
2026,5,271,huber,335.279,349.9787591096265,216.0829178810468
2026,5,200,huber,438.666,434.505240290518,17.31192136004892
2026,5,121,huber,457.643,441.88503511600567,248.31345728519764
2026,5,234,huber,464.093,510.3399318715359,2138.778707530481
2026,5,226,huber,428.876,435.9220950665211,49.64745568645305
2026,5,109,huber,505.777,475.4083274594612,922.2562718744751
2026,5,164,huber,375.949,409.8843452162493,1151.6076549460136
2026,5,43,huber,366.327,341.1221420977162,635.284861874317
2026,5,102,huber,338.56,380.29889736607134,1742.1355533354372
2026,5,127,huber,334.401,259.6586611062165,5586.417223313179
2026,5,255,huber,265.57,278.94452633018534,178.87795455682112
2026,5,52,huber,246.515,278.90727299871935,1049.2593500235635
2026,5,252,huber,253.683,232.08763061237545,466.35997898795125
2026,5,56,huber,389.856,410.2301874342923,415.10751360767466
2026,5,244,huber,389.618,411.78416415577476,491.338833380754
2026,5,210,huber,232.002,265.1772345201066,1100.5961854640716
2026,5,154,huber,237.824,234.97037798363897,8.14315861226047
2026,5,69,huber,481.732,460.5918954952045,446.9040184736769
2026,5,39,huber,321.065,310.1256274415802,119.66987197190797
2026,5,108,huber,325.274,313.6923211942056,134.13528396058746
2026,5,120,huber,375.484,407.2622813176349,1009.8591635027456
2026,5,37,huber,493.864,497.9676892574611,16.840265521801623
2026,5,273,huber,277.145,286.3108273657754,84.01239129919799
2026,5,243,huber,260.705,255.13917726175387,30.97838275357745
2026,5,64,huber,684.476,682.8102426587948,2.7747475197790887
2026,5,135,huber,557.15,527.4019045004557,884.949185850009
2026,5,185,huber,268.273,261.58664513181486,44.707341423303426
2026,5,91,huber,358.993,344.6683562079464,205.19541976922034
2026,5,274,huber,319.388,328.68191287009915,86.37681643699513
2026,5,6,huber,331.553,334.86011764197605,10.937027097869223
2026,5,216,huber,304.756,319.07239160050835,204.95906845910696
2026,5,162,huber,260.859,275.2624548954006,207.45951292383992
2026,5,187,huber,428.773,403.97046648616595,615.1656687048626
2026,5,65,huber,443.636,429.0748105399375,212.02823849183548
2026,5,132,huber,446.917,415.06607445326426,1014.4814581837014
2026,5,184,huber,351.269,424.3188328094973,5336.278073495505
2026,5,118,huber,437.164,477.01892065915797,1588.4147007477777
2026,5,193,huber,271.297,279.0045145664654,59.405780792275756
2026,5,149,huber,337.859,297.521444114468,1627.1184148184147
2026,5,291,huber,235.961,286.7389618298187,2578.4014075905257
2026,5,27,huber,368.838,393.32733855590396,599.7277029056834
2026,5,276,huber,509.076,452.6476620415069,3184.1573247579136
2026,5,214,huber,271.25,270.518259483967,0.5354441828042823
2026,5,97,huber,422.501,390.6819704677351,1012.4506403751453
2026,5,251,huber,361.326,418.31810397282436,3248.09991524922
2026,5,256,huber,211.449,197.8614778799832,184.62075736194623
2026,5,280,huber,321.44,313.63610692992296,60.90074704919642
2026,5,212,huber,252.257,287.8077172728017,1263.8534986106815
2026,5,113,huber,318.141,310.32598426661775,61.074470913012384
2026,5,49,huber,481.042,470.2101200515276,117.32962321811763
2026,5,269,huber,373.068,391.8478122035425,352.6813464003245
2026,5,206,huber,340.646,350.4525468341791,96.1683608109476
2026,5,23,huber,237.449,250.901931822277,180.98137461483265
2026,5,199,huber,446.437,415.9234229736023,931.0783829459045
2026,5,26,huber,308.859,318.8219852113369,99.26107432131776
2026,5,115,huber,296.802,268.47898587186495,802.1931293025389
2026,5,229,huber,396.197,406.9728552547522,116.11905647137002
2026,5,191,huber,436.463,397.19504847807224,1541.9720167284706
2026,5,4,huber,540.085,495.35840806087106,2000.4680264893575
2026,5,237,cart,288.331,292.5562,17.85231503999977
2026,5,271,cart,335.279,359.55133333333333,589.1461654444446
2026,5,200,cart,438.666,416.70320000000004,482.3645838399982
2026,5,121,cart,457.643,446.963,114.06239999999893
2026,5,234,cart,464.093,521.2321666666667,3264.8843673611095
2026,5,226,cart,428.876,416.70320000000004,148.1770598399985
2026,5,109,cart,505.777,416.70320000000004,7934.141846439991
2026,5,164,cart,375.949,416.70320000000004,1660.9048176400022
2026,5,43,cart,366.327,350.114,262.8613690000007
2026,5,102,cart,338.56,433.92616666666663,9094.705744694438
2026,5,127,cart,334.401,245.74611111111113,7859.6893239012325
2026,5,255,cart,265.57,222.97600000000003,1814.248835999997
2026,5,52,cart,246.515,272.3741111111111,668.6936274567913
2026,5,252,cart,253.683,272.3741111111111,349.3576345679018
2026,5,56,cart,389.856,444.739,3012.143688999998
2026,5,244,cart,389.618,433.92616666666663,1963.2136333611084
2026,5,210,cart,232.002,244.19183333333334,148.59203669444426
2026,5,154,cart,237.824,290.1383333333333,2736.7894721111084
2026,5,69,cart,481.732,339.9758888888889,20094.795037345684
2026,5,39,cart,321.065,290.1383333333333,956.4587111111117
2026,5,108,cart,325.274,361.64459999999997,1322.8205443599977
2026,5,120,cart,375.484,416.70320000000004,1699.0224486400048
2026,5,37,cart,493.864,621.5896666666667,16313.84592544447
2026,5,273,cart,277.145,290.1383333333333,168.82671111111128
2026,5,243,cart,260.705,214.12775,2169.440217562499
2026,5,64,cart,684.476,621.5896666666667,3954.690920111101
2026,5,135,cart,557.15,479.03299999999996,6102.265689000003
2026,5,185,cart,268.273,245.74611111111113,507.4607230123458
2026,5,91,cart,358.993,361.64459999999997,7.03098255999986
2026,5,274,cart,319.388,272.3741111111111,2210.305748456787
2026,5,6,cart,331.553,320.2,128.89060900000018
2026,5,216,cart,304.756,264.5134444444444,1619.4632776419753
2026,5,162,cart,260.859,279.09342857142855,332.4943853265304
2026,5,187,cart,428.773,423.5228333333334,27.564250027777536
2026,5,65,cart,443.636,479.03299999999996,1252.9476089999953
2026,5,132,cart,446.917,395.00033333333334,2695.3402777777737
2026,5,184,cart,351.269,339.9758888888889,127.53435856790104
2026,5,118,cart,437.164,521.2321666666667,7067.456646694447
2026,5,193,cart,271.297,303.1084285714286,1011.9669877551016
2026,5,149,cart,337.859,245.74611111111113,8484.784299456782
2026,5,291,cart,235.961,303.1084285714286,4508.777163755103
2026,5,27,cart,368.838,433.92616666666663,4236.46944002777
2026,5,276,cart,509.076,433.92616666666663,5647.497450027787
2026,5,214,cart,271.25,244.19183333333334,732.1443833611111
2026,5,97,cart,422.501,433.92616666666663,130.53443336111084
2026,5,251,cart,361.326,383.88700000000006,508.9987210000016
2026,5,256,cart,211.449,245.74611111111113,1176.291830567902
2026,5,280,cart,321.44,272.3741111111111,2407.461452456789
2026,5,212,cart,252.257,292.5562,1624.0255206399988
2026,5,113,cart,318.141,361.64459999999997,1892.5632129599956
2026,5,49,cart,481.042,479.03299999999996,4.036081000000059
2026,5,269,cart,373.068,433.92616666666663,3703.7164500277754
2026,5,206,cart,340.646,350.114,89.64302399999926
2026,5,23,cart,237.449,214.12775,543.8807015625009
2026,5,199,cart,446.437,395.00033333333334,2645.730677777778
2026,5,26,cart,308.859,303.1084285714286,33.069071755101604
2026,5,115,cart,296.802,264.5134444444444,1042.5508198642005
2026,5,229,cart,396.197,423.5228333333334,746.7011673611136
2026,5,191,cart,436.463,359.55133333333333,5915.404469444448
2026,5,4,cart,540.085,521.2321666666667,355.42932469444565
2026,5,237,subset_min,288.331,297.08209976243774,76.58174705213749
2026,5,271,subset_min,335.279,352.5531533705984,298.3963746709565
2026,5,200,subset_min,438.666,433.7846864823181,23.827221657904214
2026,5,121,subset_min,457.643,440.0071521855318,311.02312813508104
2026,5,234,subset_min,464.093,508.8807901004255,2005.9461420797695
2026,5,226,subset_min,428.876,435.30075278748365,41.277448380279175
2026,5,109,subset_min,505.777,475.7818688336089,899.7078936890069
2026,5,164,subset_min,375.949,408.6518914034642,1069.4791061467731
2026,5,43,subset_min,366.327,341.3478788019847,623.9564958251384
2026,5,102,subset_min,338.56,379.6341588365513,1687.0865241302456
2026,5,127,subset_min,334.401,260.25897178306826,5497.040348120304
2026,5,255,subset_min,265.57,280.04354627325756,209.48354172412806
2026,5,52,subset_min,246.515,279.8312263340067,1109.9709371387635
2026,5,252,subset_min,253.683,224.07672936006205,876.5312612052517
2026,5,56,subset_min,389.856,407.59458494736896,314.65739593502474
2026,5,244,subset_min,389.618,410.4281355669485,433.06174231477627
2026,5,210,subset_min,232.002,263.4793169149757,990.8214801658146
2026,5,154,subset_min,237.824,233.67431625940952,17.21987514692108
2026,5,69,subset_min,481.732,457.4511160417567,589.5613257936793
2026,5,39,subset_min,321.065,310.758617659654,106.22151694539541
2026,5,108,subset_min,325.274,312.9404329536868,152.1168760859027
2026,5,120,subset_min,375.484,407.0636379159846,997.2735309046934
2026,5,37,subset_min,493.864,500.71489785804044,46.93480146130348
2026,5,273,subset_min,277.145,285.7304435110517,73.70984028146012
2026,5,243,subset_min,260.705,253.4541923259949,52.57421192541087
2026,5,64,subset_min,684.476,683.2249974945586,1.5650072686207102
2026,5,135,subset_min,557.15,526.2338343643868,955.8092976086704
2026,5,185,subset_min,268.273,251.94613682525542,266.56646112683137
2026,5,91,subset_min,358.993,343.2027997758807,249.3304231177773
2026,5,274,subset_min,319.388,330.28419879257103,118.72714812722694
2026,5,6,subset_min,331.553,335.2358157890845,13.563132136329989
2026,5,216,subset_min,304.756,317.73107693218526,168.3526213961268
2026,5,162,subset_min,260.859,274.37710761591677,182.73923351550752
2026,5,187,subset_min,428.773,403.4296185949147,642.2869810436246
2026,5,65,subset_min,443.636,428.1868166515549,238.67726613387347
2026,5,132,subset_min,446.917,413.7235823988399,1101.8029720450047
2026,5,184,subset_min,351.269,424.99248949537855,5435.15290337519
2026,5,118,subset_min,437.164,475.9282732837918,1502.6688832204943
2026,5,193,subset_min,271.297,282.03601106052156,115.32635855800385
2026,5,149,subset_min,337.859,297.4744205296364,1630.914258998111
2026,5,291,subset_min,235.961,285.6588726862666,2469.8785495403617
2026,5,27,subset_min,368.838,394.99914977471866,684.405757535261
2026,5,276,subset_min,509.076,452.12346181518126,3243.591605693239
2026,5,214,subset_min,271.25,274.53988906151005,10.823370037043496
2026,5,97,subset_min,422.501,392.09112015198616,924.7607923706368
2026,5,251,subset_min,361.326,419.28478874647817,3359.221192958882
2026,5,256,subset_min,211.449,197.71049245166952,188.74658965553382
2026,5,280,subset_min,321.44,313.4107193146666,64.46934832386783
2026,5,212,subset_min,252.257,285.6997962363367,1118.4206201051345
2026,5,113,subset_min,318.141,309.95008517916574,67.09108560216266
2026,5,49,subset_min,481.042,467.6898915206016,178.27880084562256
2026,5,269,subset_min,373.068,391.90756446034374,354.92918905544735
2026,5,206,subset_min,340.646,348.94595474543974,68.88924877634733
2026,5,23,subset_min,237.449,251.90380990743571,208.94152946010135
2026,5,199,subset_min,446.437,416.4154375357881,901.2942127925776
2026,5,26,subset_min,308.859,318.3448042172968,89.98048164888661
2026,5,115,subset_min,296.802,271.2256037093215,654.1520472178345
2026,5,229,subset_min,396.197,409.2595195935794,170.6294181326456
2026,5,191,subset_min,436.463,395.78037789952685,1655.0757409699079
2026,5,4,subset_min,540.085,495.63562239175945,1975.7471697599592
2026,5,237,subset_1se,288.331,301.23650349166894,166.55202037347877
2026,5,271,subset_1se,335.279,351.11083260513834,250.6469236371216
2026,5,200,subset_1se,438.666,427.8116838129218,117.81617988906808
2026,5,121,subset_1se,457.643,446.6463130961947,120.927122860322
2026,5,234,subset_1se,464.093,510.0112199665827,2108.4829248994724
2026,5,226,subset_1se,428.876,431.41234620915526,6.433052092696376
2026,5,109,subset_1se,505.777,469.0611255202157,1348.0554388152764
2026,5,164,subset_1se,375.949,412.9124741445721,1366.2984208364503
2026,5,43,subset_1se,366.327,336.52894673111996,887.9239786150124
2026,5,102,subset_1se,338.56,380.8894055005219,1791.7785700276127
2026,5,127,subset_1se,334.401,263.67957851994754,5001.519456159227
2026,5,255,subset_1se,265.57,269.85547033938445,18.36525602974396
2026,5,52,subset_1se,246.515,280.17484725793906,1132.985317427789
2026,5,252,subset_1se,253.683,210.89076215914838,1831.1756194280126
2026,5,56,subset_1se,389.856,415.2547557699327,645.0967946606885
2026,5,244,subset_1se,389.618,407.7296430708706,328.031614726616
2026,5,210,subset_1se,232.002,269.51013371376445,1406.8600946896324
2026,5,154,subset_1se,237.824,243.98290981699301,37.93217013385278
2026,5,69,subset_1se,481.732,459.74615612920206,483.37733071110443
2026,5,39,subset_1se,321.065,307.4687641859727,184.85762831063846
2026,5,108,subset_1se,325.274,311.77882074692116,182.1198630727297
2026,5,120,subset_1se,375.484,400.1139822307822,606.6360246886478
2026,5,37,subset_1se,493.864,485.5341762893436,69.38596305061354
2026,5,273,subset_1se,277.145,291.69823311389706,211.79659406743048
2026,5,243,subset_1se,260.705,251.1150805411378,91.96655522746383
2026,5,64,subset_1se,684.476,676.6143560099888,61.80544622567926
2026,5,135,subset_1se,557.15,526.4391276434164,943.1576809023668
2026,5,185,subset_1se,268.273,261.1088784538565,51.324637527917815
2026,5,91,subset_1se,358.993,353.92066949067146,25.7285367958651
2026,5,274,subset_1se,319.388,325.5583486765946,38.07320279075325
2026,5,6,subset_1se,331.553,332.2881663864832,0.5404696158148083
2026,5,216,subset_1se,304.756,317.16803214459003,154.05854195833686
2026,5,162,subset_1se,260.859,277.6333508692502,281.3788470847154
2026,5,187,subset_1se,428.773,402.89202821595075,669.824700486755
2026,5,65,subset_1se,443.636,427.949666544763,246.06105726888904
2026,5,132,subset_1se,446.917,409.4181411260657,1406.1644168472408
2026,5,184,subset_1se,351.269,433.1703994055715,6707.839224590949
2026,5,118,subset_1se,437.164,477.0524478999462,1591.0882758667212
2026,5,193,subset_1se,271.297,273.691217496474,5.732277420422087
2026,5,149,subset_1se,337.859,295.76395140153124,1771.9931165074447
2026,5,291,subset_1se,235.961,287.78137044135997,2685.3507926797724
2026,5,27,subset_1se,368.838,398.0521910863115,853.4689608275207
2026,5,276,subset_1se,509.076,449.85912786849303,3506.637945039249
2026,5,214,subset_1se,271.25,273.4602358903177,4.8851426908483715
2026,5,97,subset_1se,422.501,381.03167699696155,1719.704750330332
2026,5,251,subset_1se,361.326,405.0888488466743,1915.1869391768598
2026,5,256,subset_1se,211.449,203.68764698981636,60.238600548686875
2026,5,280,subset_1se,321.44,304.12270868696993,299.8885784203467
2026,5,212,subset_1se,252.257,279.288735761383,730.7147382732328
2026,5,113,subset_1se,318.141,319.7745026583175,2.668330934730235
2026,5,49,subset_1se,481.042,474.67787894069687,40.502036857465235
2026,5,269,subset_1se,373.068,387.053657732443,195.59862220904353
2026,5,206,subset_1se,340.646,352.6013592864631,142.93061566841897
2026,5,23,subset_1se,237.449,244.2943666939064,46.85904517404283
2026,5,199,subset_1se,446.437,411.7544809033535,1202.8771308892492
2026,5,26,subset_1se,308.859,325.78517553658907,286.4954182954268
2026,5,115,subset_1se,296.802,273.6639661886536,535.36860865501
2026,5,229,subset_1se,396.197,400.58415983914483,19.24717145420528
2026,5,191,subset_1se,436.463,394.8747064236765,1729.586162590471
2026,5,4,subset_1se,540.085,489.6331299302713,2545.391193532789
2026,5,237,adaptive_linear,288.331,297.08209976243774,76.58174705213749
2026,5,271,adaptive_linear,335.279,352.5531533705984,298.3963746709565
2026,5,200,adaptive_linear,438.666,433.7846864823181,23.827221657904214
2026,5,121,adaptive_linear,457.643,440.0071521855318,311.02312813508104
2026,5,234,adaptive_linear,464.093,508.8807901004255,2005.9461420797695
2026,5,226,adaptive_linear,428.876,435.30075278748365,41.277448380279175
2026,5,109,adaptive_linear,505.777,475.7818688336089,899.7078936890069
2026,5,164,adaptive_linear,375.949,408.6518914034642,1069.4791061467731
2026,5,43,adaptive_linear,366.327,341.3478788019847,623.9564958251384
2026,5,102,adaptive_linear,338.56,379.6341588365513,1687.0865241302456
2026,5,127,adaptive_linear,334.401,260.25897178306826,5497.040348120304
2026,5,255,adaptive_linear,265.57,280.04354627325756,209.48354172412806
2026,5,52,adaptive_linear,246.515,279.8312263340067,1109.9709371387635
2026,5,252,adaptive_linear,253.683,224.07672936006205,876.5312612052517
2026,5,56,adaptive_linear,389.856,407.59458494736896,314.65739593502474
2026,5,244,adaptive_linear,389.618,410.4281355669485,433.06174231477627
2026,5,210,adaptive_linear,232.002,263.4793169149757,990.8214801658146
2026,5,154,adaptive_linear,237.824,233.67431625940952,17.21987514692108
2026,5,69,adaptive_linear,481.732,457.4511160417567,589.5613257936793
2026,5,39,adaptive_linear,321.065,310.758617659654,106.22151694539541
2026,5,108,adaptive_linear,325.274,312.9404329536868,152.1168760859027
2026,5,120,adaptive_linear,375.484,407.0636379159846,997.2735309046934
2026,5,37,adaptive_linear,493.864,500.71489785804044,46.93480146130348
2026,5,273,adaptive_linear,277.145,285.7304435110517,73.70984028146012
2026,5,243,adaptive_linear,260.705,253.4541923259949,52.57421192541087
2026,5,64,adaptive_linear,684.476,683.2249974945586,1.5650072686207102
2026,5,135,adaptive_linear,557.15,526.2338343643868,955.8092976086704
2026,5,185,adaptive_linear,268.273,251.94613682525542,266.56646112683137
2026,5,91,adaptive_linear,358.993,343.2027997758807,249.3304231177773
2026,5,274,adaptive_linear,319.388,330.28419879257103,118.72714812722694
2026,5,6,adaptive_linear,331.553,335.2358157890845,13.563132136329989
2026,5,216,adaptive_linear,304.756,317.73107693218526,168.3526213961268
2026,5,162,adaptive_linear,260.859,274.37710761591677,182.73923351550752
2026,5,187,adaptive_linear,428.773,403.4296185949147,642.2869810436246
2026,5,65,adaptive_linear,443.636,428.1868166515549,238.67726613387347
2026,5,132,adaptive_linear,446.917,413.7235823988399,1101.8029720450047
2026,5,184,adaptive_linear,351.269,424.99248949537855,5435.15290337519
2026,5,118,adaptive_linear,437.164,475.9282732837918,1502.6688832204943
2026,5,193,adaptive_linear,271.297,282.03601106052156,115.32635855800385
2026,5,149,adaptive_linear,337.859,297.4744205296364,1630.914258998111
2026,5,291,adaptive_linear,235.961,285.6588726862666,2469.8785495403617
2026,5,27,adaptive_linear,368.838,394.99914977471866,684.405757535261
2026,5,276,adaptive_linear,509.076,452.12346181518126,3243.591605693239
2026,5,214,adaptive_linear,271.25,274.53988906151005,10.823370037043496
2026,5,97,adaptive_linear,422.501,392.09112015198616,924.7607923706368
2026,5,251,adaptive_linear,361.326,419.28478874647817,3359.221192958882
2026,5,256,adaptive_linear,211.449,197.71049245166952,188.74658965553382
2026,5,280,adaptive_linear,321.44,313.4107193146666,64.46934832386783
2026,5,212,adaptive_linear,252.257,285.6997962363367,1118.4206201051345
2026,5,113,adaptive_linear,318.141,309.95008517916574,67.09108560216266
2026,5,49,adaptive_linear,481.042,467.6898915206016,178.27880084562256
2026,5,269,adaptive_linear,373.068,391.90756446034374,354.92918905544735
2026,5,206,adaptive_linear,340.646,348.94595474543974,68.88924877634733
2026,5,23,adaptive_linear,237.449,251.90380990743571,208.94152946010135
2026,5,199,adaptive_linear,446.437,416.4154375357881,901.2942127925776
2026,5,26,adaptive_linear,308.859,318.3448042172968,89.98048164888661
2026,5,115,adaptive_linear,296.802,271.2256037093215,654.1520472178345
2026,5,229,adaptive_linear,396.197,409.2595195935794,170.6294181326456
2026,5,191,adaptive_linear,436.463,395.78037789952685,1655.0757409699079
2026,5,4,adaptive_linear,540.085,495.63562239175945,1975.7471697599592
9618,1,162,ols_all,260.859,275.7914836016828,222.97906651452587
9618,1,68,ols_all,472.514,464.82531560574785,59.11586771441676
9618,1,63,ols_all,387.661,426.80050169186075,1531.90059268717
9618,1,124,ols_all,386.706,356.4294432693184,916.6698874661807
9618,1,118,ols_all,437.164,476.0455021880987,1511.7712124031234
9618,1,168,ols_all,260.578,255.90849832667868,21.80424587715035
9618,1,251,ols_all,361.326,421.1540094850159,3579.390718939147
9618,1,59,ols_all,234.039,255.7273981503497,470.38661432809283
9618,1,117,ols_all,209.858,255.0922978712863,2046.141703908255
9618,1,11,ols_all,295.011,282.31028140532453,161.30825282113582
9618,1,167,ols_all,354.381,372.62309179565113,332.7739130809635
9618,1,157,ols_all,326.446,314.4548239915223,143.78830206629206
9618,1,292,ols_all,441.085,431.6176795287058,89.63015690618545
9618,1,257,ols_all,145.765,162.07656194026094,266.06705293096985
9618,1,233,ols_all,385.977,400.4533237704611,209.5639499072181
9618,1,222,ols_all,484.452,464.00984614824324,417.8816540988936
9618,1,119,ols_all,284.404,291.6760952191246,52.88336887601478
9618,1,134,ols_all,92.565,143.21350739905915,2565.2713017525502
9618,1,18,ols_all,319.064,289.213672365549,891.0420598840719
9618,1,102,ols_all,338.56,379.0344341630105,1638.179820815869
9618,1,138,ols_all,154.41,170.11136263461117,246.5327885835639
9618,1,101,ols_all,400.082,383.56031867745673,272.9659537236748
9618,1,28,ols_all,330.975,345.70458345649035,216.96062880171365
9618,1,35,ols_all,240.207,273.44038823421556,1104.4580935260976
9618,1,141,ols_all,279.634,288.47251441712,78.11933710163801
9618,1,106,ols_all,272.919,268.3721180576167,20.674135397971018
9618,1,196,ols_all,495.64,491.07530343943677,20.836454690017693
9618,1,12,ols_all,452.888,424.59988419664774,800.2174957038668
9618,1,205,ols_all,394.063,367.6061703487478,699.9638351953764
9618,1,120,ols_all,375.484,410.32302755897877,1213.7578412552832
9618,1,98,ols_all,308.471,348.56641025476097,1607.6419234975906
9618,1,53,ols_all,296.761,297.1722028472291,0.1690877815692766
9618,1,221,ols_all,449.974,483.7406323112598,1140.1854576438143
9618,1,55,ols_all,283.539,288.4603247488337,24.219437283483476
9618,1,278,ols_all,321.551,340.11537103311434,344.63587185513535
9618,1,242,ols_all,235.366,255.90849832667868,421.9942375015959
9618,1,297,ols_all,398.519,398.9885164804116,0.22044572537808207
9618,1,81,ols_all,605.271,519.4388171425774,7367.163614070029
9618,1,201,ols_all,240.086,196.91586262079454,1863.6607613394733
9618,1,202,ols_all,355.341,329.41661824499283,672.0735693793489
9618,1,9,ols_all,314.569,302.3531617911374,149.22670314510827
9618,1,115,ols_all,296.802,270.3485818716106,699.7833306754032
9618,1,87,ols_all,435.447,489.76837195052826,2950.8114505876383
9618,1,48,ols_all,273.504,259.25199529522183,203.1196381050196
9618,1,75,ols_all,478.849,531.6893921554072,2792.1070431372173
9618,1,206,ols_all,340.646,347.3117459166058,44.432168624746524
9618,1,16,ols_all,231.791,259.19338720372843,750.89082446306
9618,1,282,ols_all,385.582,346.8998182615917,1496.3111840432489
9618,1,245,ols_all,535.272,488.9831961217494,2142.6533644791507
9618,1,165,ols_all,559.34,531.0993433560172,797.5346876833293
9618,1,256,ols_all,211.449,192.61926547525763,354.5589022722751
9618,1,214,ols_all,271.25,268.0746257553194,10.083001593780873
9618,1,131,ols_all,256.493,259.19338720372843,7.292091050060301
9618,1,269,ols_all,373.068,393.49568803608713,417.290438499698
9618,1,276,ols_all,509.076,453.6479245030707,3072.271553293294
9618,1,147,ols_all,232.804,226.45728206744343,40.280828515435175
9618,1,275,ols_all,465.361,460.8275337186508,20.552316524130198
9618,1,83,ols_all,433.596,485.1657454084941,2659.4386414968985
9618,1,266,ols_all,430.138,435.0142602167914,23.77791370186273
9618,1,73,ols_all,391.098,365.8944588545007,635.2184862728755
9618,1,162,ridge,260.859,275.69084790304305,219.9837122190031
9618,1,68,ridge,472.514,464.40632392339324,65.73441136318166
9618,1,63,ridge,387.661,426.04127338430555,1473.0453850540332
9618,1,124,ridge,386.706,356.11630185306143,935.729632720818
9618,1,118,ridge,437.164,476.0075078490742,1508.8181020210911
9618,1,168,ridge,260.578,256.171689573528,19.415571574435642
9618,1,251,ridge,361.326,419.77497420257157,3416.2825853328745
9618,1,59,ridge,234.039,256.275094171242,494.4438839923438
9618,1,117,ridge,209.858,255.6834475800292,2099.971645910003
9618,1,11,ridge,295.011,282.5143626561409,156.165944903934
9618,1,167,ridge,354.381,372.2191549704594,318.1997727501259
9618,1,157,ridge,326.446,315.2346352903743,125.69469865224147
9618,1,292,ridge,441.085,431.0670187673235,100.35994797825866
9618,1,257,ridge,145.765,163.845008763475,326.8867168873331
9618,1,233,ridge,385.977,401.6496150586655,245.6308627771099
9618,1,222,ridge,484.452,464.2422430952279,408.4342741499844
9618,1,119,ridge,284.404,292.7578470113139,69.78675988843847
9618,1,134,ridge,92.565,143.57899815379295,2602.428007635191
9618,1,18,ridge,319.064,289.9000371760018,850.5367275995518
9618,1,102,ridge,338.56,379.2455783988038,1655.316289645209
9618,1,138,ridge,154.41,171.0884058556141,278.1692218845828
9618,1,101,ridge,400.082,383.2758963602952,282.44511954849946
9618,1,28,ridge,330.975,346.4581433924025,239.72772930969708
9618,1,35,ridge,240.207,273.8097593827707,1129.1454381363862
9618,1,141,ridge,279.634,288.88195350656713,85.52464405962698
9618,1,106,ridge,272.919,268.8144256313442,16.847530747826077
9618,1,196,ridge,495.64,490.89502287205346,22.51480794473567
9618,1,12,ridge,452.888,423.9992587139821,834.5593730904737
9618,1,205,ridge,394.063,367.4984090512169,705.6774922761671
9618,1,120,ridge,375.484,410.02567043058826,1193.1269961353769
9618,1,98,ridge,308.471,347.7862403842353,1545.688126470208
9618,1,53,ridge,296.761,297.374788865145,0.37673677097593095
9618,1,221,ridge,449.974,483.8521174915177,1147.7268447690765
9618,1,55,ridge,283.539,289.77476722796195,38.88479292132436
9618,1,278,ridge,321.551,340.96971039758006,377.0863135050844
9618,1,242,ridge,235.366,256.171689573528,432.8767186300111
9618,1,297,ridge,398.519,399.31473748321184,0.6331981421883095
9618,1,81,ridge,605.271,518.9600426878268,7449.581352143779
9618,1,201,ridge,240.086,196.24563643131535,1921.9774778344536
9618,1,202,ridge,355.341,329.9816963120696,643.0942835366822
9618,1,9,ridge,314.569,302.75029868805217,139.68170070103778
9618,1,115,ridge,296.802,271.71251524208515,629.4822454176428
9618,1,87,ridge,435.447,490.12768198436277,2989.9769822750145
9618,1,48,ridge,273.504,259.5745566132608,194.02939306437227
9618,1,75,ridge,478.849,530.4716711346272,2664.9001750738707
9618,1,206,ridge,340.646,347.79824738820366,51.1546427020659
9618,1,16,ridge,231.791,259.34725271297145,759.3470635811468
9618,1,282,ridge,385.582,346.93679693473285,1493.4517199557326
9618,1,245,ridge,535.272,488.3272082019759,2203.8134769598346
9618,1,165,ridge,559.34,530.7292612090841,818.5743741620191
9618,1,256,ridge,211.449,193.13967884414356,335.23124118829264
9618,1,214,ridge,271.25,267.4941501881707,14.106407809018243
9618,1,131,ridge,256.493,259.34725271297145,8.14675854950493
9618,1,269,ridge,373.068,393.2178721802982,406.0173488823549
9618,1,276,ridge,509.076,453.19684395469346,3122.4800803357207
9618,1,147,ridge,232.804,227.4955260060537,28.179896144404264
9618,1,275,ridge,465.361,459.8926341113101,29.903025492587307
9618,1,83,ridge,433.596,484.88767955804525,2630.8363918851965
9618,1,266,ridge,430.138,434.54447226787744,19.41699784757314
9618,1,73,ridge,391.098,365.83631519809074,638.1527190310137
9618,1,162,pls,260.859,275.97850107489023,228.59931275360748
9618,1,68,pls,472.514,464.9084957974879,57.84369417442956
9618,1,63,pls,387.661,426.7005641273935,1524.0875672568675
9618,1,124,pls,386.706,356.4974383010574,912.5571999188229
9618,1,118,pls,437.164,476.06732346648573,1513.4685767380204
9618,1,168,pls,260.578,255.97050916392402,21.22897180452389
9618,1,251,pls,361.326,421.052430964182,3567.2465557191967
9618,1,59,pls,234.039,255.4176187408669,457.04533926734655
9618,1,117,pls,209.858,254.82232360809599,2021.7903975335776
9618,1,11,pls,295.011,282.09691035057807,166.77371147330723
9618,1,167,pls,354.381,373.0194391209548,347.3914128655399
9618,1,157,pls,326.446,314.6147313662205,139.97891748465534
9618,1,292,pls,441.085,431.48229652466523,92.21191403520608
9618,1,257,pls,145.765,162.26589161310412,272.27942402741024
9618,1,233,pls,385.977,400.10677116255135,199.65043310606853
9618,1,222,pls,484.452,464.3281202317892,404.97053692540277
9618,1,119,pls,284.404,292.24763642592376,61.522632382078086
9618,1,134,pls,92.565,143.03591889783925,2547.3136543922674
9618,1,18,pls,319.064,289.2137230738937,891.039032565237
9618,1,102,pls,338.56,379.23496825659726,1654.4530426751942
9618,1,138,pls,154.41,170.6310395888018,263.12212534147534
9618,1,101,pls,400.082,383.327208185947,280.7230487322581
9618,1,28,pls,330.975,345.3789926166741,207.47500330120164
9618,1,35,pls,240.207,273.26368705740305,1092.7445592110785
9618,1,141,pls,279.634,288.11762348714575,71.97186747165077
9618,1,106,pls,272.919,268.40573046160125,20.369601926237895
9618,1,196,pls,495.64,491.01461413931304,21.394194360242732
9618,1,12,pls,452.888,424.4893418247816,806.4837861528973
9618,1,205,pls,394.063,366.820547268917,742.1512308052919
9618,1,120,pls,375.484,410.2415550180716,1208.0876308342763
9618,1,98,pls,308.471,348.5172070069778,1603.6986956457174
9618,1,53,pls,296.761,297.4317769488291,0.4499417150804589
9618,1,221,pls,449.974,483.9394488668625,1153.6517167274521
9618,1,55,pls,283.539,288.39190503680834,23.550687296279868
9618,1,278,pls,321.551,339.65146177827404,327.62671658675987
9618,1,242,pls,235.366,255.97050916392402,424.5457978862284
9618,1,297,pls,398.519,399.2357918873328,0.5137906097461428
9618,1,81,pls,605.271,519.120426071916,7421.921388138264
9618,1,201,pls,240.086,196.98647957332807,1857.5686610091122
9618,1,202,pls,355.341,328.9176124230918,698.1954110395079
9618,1,9,pls,314.569,301.89962553090817,160.51304943807637
9618,1,115,pls,296.802,270.19510044232965,707.92710407196
9618,1,87,pls,435.447,489.89229280566286,2964.289908694364
9618,1,48,pls,273.504,258.8980043352342,213.33510935915817
9618,1,75,pls,478.849,531.6713243883192,2790.1979537848274
9618,1,206,pls,340.646,347.3448252121999,44.87425922360494
9618,1,16,pls,231.791,259.10375431391407,745.9865482122316
9618,1,282,pls,385.582,347.18407209488066,1474.4008674067418
9618,1,245,pls,535.272,488.8906206999666,2151.2323457735733
9618,1,165,pls,559.34,531.3727244375254,782.168502387388
9618,1,256,pls,211.449,192.94988615975663,342.21721287428426
9618,1,214,pls,271.25,268.132481120459,9.718923964294719
9618,1,131,pls,256.493,259.10375431391407,6.816038087620935
9618,1,269,pls,373.068,393.80217807605163,429.90614048942086
9618,1,276,pls,509.076,453.89861649453815,3044.5436505088164
9618,1,147,pls,232.804,226.26088463802733,42.81235864008271
9618,1,275,pls,465.361,461.2959200649319,16.524874878493023
9618,1,83,pls,433.596,485.08120822915174,2650.7266663991136
9618,1,266,pls,430.138,434.76314643625165,21.39197955677151
9618,1,73,pls,391.098,365.89559656442515,635.1611389294758
9618,1,162,huber,260.859,275.10312517272644,202.89510193629948
9618,1,68,huber,472.514,465.6487104450649,47.132200673100826
9618,1,63,huber,387.661,425.73435642932964,1449.5804697947763
9618,1,124,huber,386.706,355.9024147023505,948.8608671895705
9618,1,118,huber,437.164,475.7410877094966,1488.1916961461932
9618,1,168,huber,260.578,256.069216395008,20.329129596644183
9618,1,251,huber,361.326,420.9926152761368,3560.1049785105192
9618,1,59,huber,234.039,254.4970148935655,418.5303733853486
9618,1,117,huber,209.858,254.60584880131012,2002.3699723449108
9618,1,11,huber,295.011,281.70754981412915,176.98178684794775
9618,1,167,huber,354.381,372.0237814047218,311.2677356947974
9618,1,157,huber,326.446,315.0662013433323,129.4998174662967
9618,1,292,huber,441.085,430.65099206036376,108.86852168439161
9618,1,257,huber,145.765,162.396805305794,276.61694772983805
9618,1,233,huber,385.977,402.98597365710157,289.3051848679759
9618,1,222,huber,484.452,464.06454335884587,415.64838829493965
9618,1,119,huber,284.404,292.47995765704246,65.22109207834283
9618,1,134,huber,92.565,143.51187686106124,2595.5842618961374
9618,1,18,huber,319.064,290.48481083193946,816.7700535037903
9618,1,102,huber,338.56,378.3628890474848,1584.2699765263874
9618,1,138,huber,154.41,170.9781232259461,274.50270723013443
9618,1,101,huber,400.082,383.44812049007095,276.68594755083734
9618,1,28,huber,330.975,345.40824498512126,208.31856080052728
9618,1,35,huber,240.207,273.25594653804944,1092.2328672748506
9618,1,141,huber,279.634,288.07321050023876,71.22027386733987
9618,1,106,huber,272.919,269.52417102548964,11.524863766174972
9618,1,196,huber,495.64,490.79679853086606,23.456600470621062
9618,1,12,huber,452.888,423.5266824024522,862.0869710640691
9618,1,205,huber,394.063,367.7184823070868,694.0336124722166
9618,1,120,huber,375.484,409.17507427564635,1135.0884858471206
9618,1,98,huber,308.471,347.7867967070841,1545.731870712763
9618,1,53,huber,296.761,297.17575062700325,0.17201808259957202
9618,1,221,huber,449.974,483.64815420437617,1133.948661380106
9618,1,55,huber,283.539,288.997984795196,29.800514994180986
9618,1,278,huber,321.551,339.920994259629,337.45668909880385
9618,1,242,huber,235.366,256.069216395008,428.6231690985286
9618,1,297,huber,398.519,398.9092312275028,0.15228041091833835
9618,1,81,huber,605.271,520.3803096600938,7206.429306385844
9618,1,201,huber,240.086,196.3460692827739,1913.1815391477408
9618,1,202,huber,355.341,330.0479016809655,639.7408225763472
9618,1,9,huber,314.569,303.60937544718735,120.11337033861432
9618,1,115,huber,296.802,271.73912327809774,628.1477895772714
9618,1,87,huber,435.447,490.401740464506,3020.023499521215
9618,1,48,huber,273.504,259.2985462971939,201.79491490256743
9618,1,75,huber,478.849,531.3109409627126,2752.2552495751443
9618,1,206,huber,340.646,347.07496571513394,41.33160016636749
9618,1,16,huber,231.791,259.71634912091486,779.8251235249803
9618,1,282,huber,385.582,347.4155061464382,1456.681253073971
9618,1,245,huber,535.272,489.89438218527545,2059.1281985392116
9618,1,165,huber,559.34,531.0289231239658,801.5170738807204
9618,1,256,huber,211.449,191.8655725758324,383.51062967764005
9618,1,214,huber,271.25,268.49654004130844,7.581541744117753
9618,1,131,huber,256.493,259.71634912091486,10.389979555302608
9618,1,269,huber,373.068,393.0467704447126,399.151268482522
9618,1,276,huber,509.076,453.30571887224096,3110.3242570692787
9618,1,147,huber,232.804,225.71377449319164,50.271297737395955
9618,1,275,huber,465.361,460.5325948816601,23.31349598681096
9618,1,83,huber,433.596,486.1491157394365,2761.8299739226104
9618,1,266,huber,430.138,435.9385469399824,33.64634480293964
9618,1,73,huber,391.098,366.56418911323846,601.9078766273799
9618,1,162,cart,260.859,283.31820000000005,504.415664640003
9618,1,68,cart,472.514,476.5185,16.036020250000057
9618,1,63,cart,387.661,454.54799999999994,4473.870768999993
9618,1,124,cart,386.706,342.6544838709677,1940.536073266396
9618,1,118,cart,437.164,490.35942857142874,2829.753620897978
9618,1,168,cart,260.578,244.03214285714287,273.7653885918354
9618,1,251,cart,361.326,342.6544838709677,348.62551455671485
9618,1,59,cart,234.039,322.1451111111111,7762.686815123453
9618,1,117,cart,209.858,276.935,4499.323929
9618,1,11,cart,295.011,258.418,1339.0476490000012
9618,1,167,cart,354.381,416.903,3909.000484000006
9618,1,157,cart,326.446,342.6544838709677,262.7149493954186
9618,1,292,cart,441.085,454.54799999999994,181.25236899999908
9618,1,257,cart,145.765,144.02033333333335,3.0438617777776558
9618,1,233,cart,385.977,404.5426,344.68150336000065
9618,1,222,cart,484.452,476.5185,62.9404222499997
9618,1,119,cart,284.404,252.927,990.8015290000002
9618,1,134,cart,92.565,144.02033333333335,2647.651328444447
9618,1,18,cart,319.064,276.935,1774.8526410000015
9618,1,102,cart,338.56,327.2054,128.9269411600001
9618,1,138,cart,154.41,244.03214285714287,8032.128490306126
9618,1,101,cart,400.082,425.21819999999997,631.8285504399987
9618,1,28,cart,330.975,351.1122222222222,405.5077188271593
9618,1,35,cart,240.207,281.75177777777776,1725.9685606049375
9618,1,141,cart,279.634,281.789,4.644024999999883
9618,1,106,cart,272.919,252.927,399.6800639999996
9618,1,196,cart,495.64,490.35942857142874,27.88443461224301
9618,1,12,cart,452.888,376.1928333333333,5882.148590027782
9618,1,205,cart,394.063,351.1122222222222,1844.769311716049
9618,1,120,cart,375.484,376.1928333333333,0.5024446944444009
9618,1,98,cart,308.471,299.25280000000004,84.9752112399994
9618,1,53,cart,296.761,281.789,224.16078400000112
9618,1,221,cart,449.974,527.8163333333333,6059.428858777777
9618,1,55,cart,283.539,258.418,631.064640999999
9618,1,278,cart,321.551,376.1928333333333,2985.7299500277736
9618,1,242,cart,235.366,244.03214285714287,75.10203202040819
9618,1,297,cart,398.519,416.903,337.97145600000056
9618,1,81,cart,605.271,449.6348888888889,24222.599081790107
9618,1,201,cart,240.086,144.02033333333335,9228.612312111109
9618,1,202,cart,355.341,404.5426,2420.7974425599987
9618,1,9,cart,314.569,322.1451111111111,57.39745956790047
9618,1,115,cart,296.802,252.927,1925.0156250000025
9618,1,87,cart,435.447,490.35942857142874,3015.374811612263
9618,1,48,cart,273.504,322.1451111111111,2365.957690123452
9618,1,75,cart,478.849,490.35942857142874,132.48996589796323
9618,1,206,cart,340.646,258.418,6761.443984000001
9618,1,16,cart,231.791,299.25280000000004,4551.094459240006
9618,1,282,cart,385.582,342.6544838709677,1842.7716410083294
9618,1,245,cart,535.272,490.35942857142874,2017.1390723265201
9618,1,165,cart,559.34,476.5185,6859.400862250002
9618,1,256,cart,211.449,247.02514285714287,1265.6619405918366
9618,1,214,cart,271.25,276.935,32.319225000000024
9618,1,131,cart,256.493,299.25280000000004,1828.4004960400034
9618,1,269,cart,373.068,431.22416666666663,3382.139721361109
9618,1,276,cart,509.076,431.22416666666663,6060.907953361119
9618,1,147,cart,232.804,276.935,1947.545161
9618,1,275,cart,465.361,476.5185,124.48980625000061
9618,1,83,cart,433.596,449.6348888888889,257.24595679012356
9618,1,266,cart,430.138,425.21819999999997,24.204432040000093
9618,1,73,cart,391.098,404.5426,180.75726915999945
9618,1,162,subset_min,260.859,277.8679338172708,289.30382960029874
9618,1,68,subset_min,472.514,465.21463095603264,53.28078844002918
9618,1,63,subset_min,387.661,425.89225018507886,1461.6284907140925
9618,1,124,subset_min,386.706,355.11069650845377,998.2632027229145
9618,1,118,subset_min,437.164,474.2606619516163,1376.1623279524995
9618,1,168,subset_min,260.578,257.4608613309182,9.716553482284947
9618,1,251,subset_min,361.326,423.0892323749531,3814.6968734024517
9618,1,59,subset_min,234.039,247.12697652542465,171.29512953006707
9618,1,117,subset_min,209.858,249.42697810579233,1565.7040283366723
9618,1,11,subset_min,295.011,280.6558087880039,206.07151473297006
9618,1,167,subset_min,354.381,374.0852857806236,388.25887812448735
9618,1,157,subset_min,326.446,315.2916228605871,124.42012936825776
9618,1,292,subset_min,441.085,430.62160921060195,109.4825468116596
9618,1,257,subset_min,145.765,169.4304931841807,560.055567650504
9618,1,233,subset_min,385.977,403.00376727181293,289.91080372848086
9618,1,222,subset_min,484.452,465.97614288880493,341.3572959932974
9618,1,119,subset_min,284.404,292.95518665618584,73.1227932289309
9618,1,134,subset_min,92.565,141.03401959229996,2349.2458602387574
9618,1,18,subset_min,319.064,291.10996361643544,781.4281501336526
9618,1,102,subset_min,338.56,376.5372853261614,1442.2742007446734
9618,1,138,subset_min,154.41,171.54184345302068,293.50006009880747
9618,1,101,subset_min,400.082,384.2854820850961,249.52997823588035
9618,1,28,subset_min,330.975,339.8818543341363,79.33205412952181
9618,1,35,subset_min,240.207,270.6735722639646,928.2120255153784
9618,1,141,subset_min,279.634,284.9649415706334,28.418938029507295
9618,1,106,subset_min,272.919,270.567588717725,5.5291350184100025
9618,1,196,subset_min,495.64,489.34132522865866,39.673303875131694
9618,1,12,subset_min,452.888,422.87548237161536,900.7512143940972
9618,1,205,subset_min,394.063,362.50732622216464,995.7605475731657
9618,1,120,subset_min,375.484,407.4974628116122,1024.8618011904782
9618,1,98,subset_min,308.471,351.0032557981718,1808.9927832811165
9618,1,53,subset_min,296.761,300.0957907625051,11.120829429689115
9618,1,221,subset_min,449.974,481.09130033934787,968.2863804091795
9618,1,55,subset_min,283.539,285.22451143670565,2.840948803265602
9618,1,278,subset_min,321.551,337.69037297459124,260.47936001296654
9618,1,242,subset_min,235.366,257.4608613309182,488.1828972325034
9618,1,297,subset_min,398.519,395.5228256308948,8.977060850083143
9618,1,81,subset_min,605.271,521.5315474866427,7012.295907236817
9618,1,201,subset_min,240.086,199.9930510302181,1607.4445570935356
9618,1,202,subset_min,355.341,328.6095432701963,714.5707788973681
9618,1,9,subset_min,314.569,300.64640564945387,193.83863344985954
9618,1,115,subset_min,296.802,274.33239522163626,504.8831388958675
9618,1,87,subset_min,435.447,490.0343760439775,2979.781623366607
9618,1,48,subset_min,273.504,255.40916707271026,327.4229786665296
9618,1,75,subset_min,478.849,533.144024980029,2947.9497375819774
9618,1,206,subset_min,340.646,343.00394897894205,5.559923387293779
9618,1,16,subset_min,231.791,257.6967662480131,671.1087248966944
9618,1,282,subset_min,385.582,349.01373973567877,1337.2376587591345
9618,1,245,subset_min,535.272,494.49876650290236,1662.4565698088493
9618,1,165,subset_min,559.34,531.336130563604,784.2167034107157
9618,1,256,subset_min,211.449,193.57964227928292,319.3139453509515
9618,1,214,subset_min,271.25,274.33453547825025,9.51435911658447
9618,1,131,subset_min,256.493,257.6967662480131,1.449053179855527
9618,1,269,subset_min,373.068,393.8399812525453,431.4752051560929
9618,1,276,subset_min,509.076,454.4352810876709,2985.6081632561627
9618,1,147,subset_min,232.804,219.17006003473352,185.8843189764905
9618,1,275,subset_min,465.361,462.0924122636982,10.683665789902596
9618,1,83,subset_min,433.596,486.463863403995,2795.0109809034725
9618,1,266,subset_min,430.138,435.6583993900996,30.474809426212172
9618,1,73,subset_min,391.098,368.9779339920332,489.2973201968101
9618,1,162,subset_1se,260.859,278.42972497752515,308.730376235827
9618,1,68,subset_1se,472.514,468.8369358425782,13.520800817796063
9618,1,63,subset_1se,387.661,414.21515487929827,705.1231413537599
9618,1,124,subset_1se,386.706,353.71047282856057,1088.704813321199
9618,1,118,subset_1se,437.164,475.2594428732291,1451.262767707462
9618,1,168,subset_1se,260.578,260.7480505669241,0.028917195311223644
9618,1,251,subset_1se,361.326,407.5802050269771,2139.451482677634
9618,1,59,subset_1se,234.039,231.82514001515722,4.9011760324880305
9618,1,117,subset_1se,209.858,254.59027768729956,2000.9766670936779
9618,1,11,subset_1se,295.011,281.7566354393601,175.67817990634805
9618,1,167,subset_1se,354.381,367.7458679307891,178.619694807435
9618,1,157,subset_1se,326.446,327.80614377634487,1.8499910923296066
9618,1,292,subset_1se,441.085,419.00485925620774,487.5326152656742
9618,1,257,subset_1se,145.765,160.7430766110253,224.34277896574318
9618,1,233,subset_1se,385.977,430.4495068519302,1977.8038656949816
9618,1,222,subset_1se,484.452,464.13645181164134,412.7214981935229
9618,1,119,subset_1se,284.404,308.3125339339018,571.6179948685349
9618,1,134,subset_1se,92.565,118.7576897952625,686.0569987108481
9618,1,18,subset_1se,319.064,311.30984575281417,60.12690808915039
9618,1,102,subset_1se,338.56,379.4656157832337,1673.2694026055392
9618,1,138,subset_1se,154.41,188.3903184152692,1154.6620396030837
9618,1,101,subset_1se,400.082,379.859427323433,408.9524456590335
9618,1,28,subset_1se,330.975,335.9813605653859,25.063646110650787
9618,1,35,subset_1se,240.207,267.04446569583183,720.2495649749507
9618,1,141,subset_1se,279.634,287.2711880990415,58.32664206014126
9618,1,106,subset_1se,272.919,273.27149347308165,0.12425164856517473
9618,1,196,subset_1se,495.64,489.24469002733366,40.89998964648535
9618,1,12,subset_1se,452.888,411.67648744930153,1698.3887667163754
9618,1,205,subset_1se,394.063,356.3540231696878,1421.9669335890198
9618,1,120,subset_1se,375.484,397.7594546792327,496.19588116655103
9618,1,98,subset_1se,308.471,333.05149483841524,604.200726501358
9618,1,53,subset_1se,296.761,301.97828918219705,27.220106410670063
9618,1,221,subset_1se,449.974,479.6704292197479,881.8779084034985
9618,1,55,subset_1se,283.539,306.9101755709909,546.2118475700812
9618,1,278,subset_1se,321.551,340.2548961841637,349.8357324679749
9618,1,242,subset_1se,235.366,260.7480505669241,644.2484909818924
9618,1,297,subset_1se,398.519,400.37638793058574,3.449889924685542
9618,1,81,subset_1se,605.271,524.2622244259277,6562.4217200104085
9618,1,201,subset_1se,240.086,194.1301510251729,2111.9400549971188
9618,1,202,subset_1se,355.341,342.3959056142237,167.57546865665748
9618,1,9,subset_1se,314.569,322.5541532819333,63.76267293596959
9618,1,115,subset_1se,296.802,274.63492485656593,491.3792204146535
9618,1,87,subset_1se,435.447,492.6569512207476,3272.9785186803197
9618,1,48,subset_1se,273.504,264.4067504816562,82.75994879900652
9618,1,75,subset_1se,478.849,523.2553322067206,1971.9223400536318
9618,1,206,subset_1se,340.646,349.9503979661809,86.57182151307101
9618,1,16,subset_1se,231.791,262.0790768562671,917.3675996511416
9618,1,282,subset_1se,385.582,351.9497428446215,1131.1287213655091
9618,1,245,subset_1se,535.272,512.3388788554846,525.9280454290212
9618,1,165,subset_1se,559.34,530.0068555939174,860.4333607480963
9618,1,256,subset_1se,211.449,201.4015816569556,100.95061536014505
9618,1,214,subset_1se,271.25,276.59066943858215,28.522750052205417
9618,1,131,subset_1se,256.493,262.0790768562671,31.20425464412275
9618,1,269,subset_1se,373.068,389.3352046744582,264.6219479207161
9618,1,276,subset_1se,509.076,452.1709495837745,3238.1847628731716
9618,1,147,subset_1se,232.804,217.36543485711184,238.34929367120148
9618,1,275,subset_1se,465.361,460.386991233535,24.740763208870437
9618,1,83,subset_1se,433.596,484.8026031702562,2622.116208236091
9618,1,266,subset_1se,430.138,433.59359270512016,11.941120943679817
9618,1,73,subset_1se,391.098,378.4126109566067,160.91909518224244
9618,1,162,adaptive_linear,260.859,277.8679338172708,289.30382960029874
9618,1,68,adaptive_linear,472.514,465.21463095603264,53.28078844002918
9618,1,63,adaptive_linear,387.661,425.89225018507886,1461.6284907140925
9618,1,124,adaptive_linear,386.706,355.11069650845377,998.2632027229145
9618,1,118,adaptive_linear,437.164,474.2606619516163,1376.1623279524995
9618,1,168,adaptive_linear,260.578,257.4608613309182,9.716553482284947
9618,1,251,adaptive_linear,361.326,423.0892323749531,3814.6968734024517
9618,1,59,adaptive_linear,234.039,247.12697652542465,171.29512953006707
9618,1,117,adaptive_linear,209.858,249.42697810579233,1565.7040283366723
9618,1,11,adaptive_linear,295.011,280.6558087880039,206.07151473297006
9618,1,167,adaptive_linear,354.381,374.0852857806236,388.25887812448735
9618,1,157,adaptive_linear,326.446,315.2916228605871,124.42012936825776
9618,1,292,adaptive_linear,441.085,430.62160921060195,109.4825468116596
9618,1,257,adaptive_linear,145.765,169.4304931841807,560.055567650504
9618,1,233,adaptive_linear,385.977,403.00376727181293,289.91080372848086
9618,1,222,adaptive_linear,484.452,465.97614288880493,341.3572959932974
9618,1,119,adaptive_linear,284.404,292.95518665618584,73.1227932289309
9618,1,134,adaptive_linear,92.565,141.03401959229996,2349.2458602387574
9618,1,18,adaptive_linear,319.064,291.10996361643544,781.4281501336526
9618,1,102,adaptive_linear,338.56,376.5372853261614,1442.2742007446734
9618,1,138,adaptive_linear,154.41,171.54184345302068,293.50006009880747
9618,1,101,adaptive_linear,400.082,384.2854820850961,249.52997823588035
9618,1,28,adaptive_linear,330.975,339.8818543341363,79.33205412952181
9618,1,35,adaptive_linear,240.207,270.6735722639646,928.2120255153784
9618,1,141,adaptive_linear,279.634,284.9649415706334,28.418938029507295
9618,1,106,adaptive_linear,272.919,270.567588717725,5.5291350184100025
9618,1,196,adaptive_linear,495.64,489.34132522865866,39.673303875131694
9618,1,12,adaptive_linear,452.888,422.87548237161536,900.7512143940972
9618,1,205,adaptive_linear,394.063,362.50732622216464,995.7605475731657
9618,1,120,adaptive_linear,375.484,407.4974628116122,1024.8618011904782
9618,1,98,adaptive_linear,308.471,351.0032557981718,1808.9927832811165
9618,1,53,adaptive_linear,296.761,300.0957907625051,11.120829429689115
9618,1,221,adaptive_linear,449.974,481.09130033934787,968.2863804091795
9618,1,55,adaptive_linear,283.539,285.22451143670565,2.840948803265602
9618,1,278,adaptive_linear,321.551,337.69037297459124,260.47936001296654
9618,1,242,adaptive_linear,235.366,257.4608613309182,488.1828972325034
9618,1,297,adaptive_linear,398.519,395.5228256308948,8.977060850083143
9618,1,81,adaptive_linear,605.271,521.5315474866427,7012.295907236817
9618,1,201,adaptive_linear,240.086,199.9930510302181,1607.4445570935356
9618,1,202,adaptive_linear,355.341,328.6095432701963,714.5707788973681
9618,1,9,adaptive_linear,314.569,300.64640564945387,193.83863344985954
9618,1,115,adaptive_linear,296.802,274.33239522163626,504.8831388958675
9618,1,87,adaptive_linear,435.447,490.0343760439775,2979.781623366607
9618,1,48,adaptive_linear,273.504,255.40916707271026,327.4229786665296
9618,1,75,adaptive_linear,478.849,533.144024980029,2947.9497375819774
9618,1,206,adaptive_linear,340.646,343.00394897894205,5.559923387293779
9618,1,16,adaptive_linear,231.791,257.6967662480131,671.1087248966944
9618,1,282,adaptive_linear,385.582,349.01373973567877,1337.2376587591345
9618,1,245,adaptive_linear,535.272,494.49876650290236,1662.4565698088493
9618,1,165,adaptive_linear,559.34,531.336130563604,784.2167034107157
9618,1,256,adaptive_linear,211.449,193.57964227928292,319.3139453509515
9618,1,214,adaptive_linear,271.25,274.33453547825025,9.51435911658447
9618,1,131,adaptive_linear,256.493,257.6967662480131,1.449053179855527
9618,1,269,adaptive_linear,373.068,393.8399812525453,431.4752051560929
9618,1,276,adaptive_linear,509.076,454.4352810876709,2985.6081632561627
9618,1,147,adaptive_linear,232.804,219.17006003473352,185.8843189764905
9618,1,275,adaptive_linear,465.361,462.0924122636982,10.683665789902596
9618,1,83,adaptive_linear,433.596,486.463863403995,2795.0109809034725
9618,1,266,adaptive_linear,430.138,435.6583993900996,30.474809426212172
9618,1,73,adaptive_linear,391.098,368.9779339920332,489.2973201968101
9618,2,280,ols_all,321.44,318.0119722468776,11.751374276177557
9618,2,1,ols_all,383.079,340.1410832771048,1843.6646925022817
9618,2,253,ols_all,308.935,299.9372685968651,80.95917040295954
9618,2,173,ols_all,435.421,435.82817259440753,0.16578952163656793
9618,2,94,ols_all,320.296,289.4400567413695,952.0892343798234
9618,2,279,ols_all,338.163,303.36610157141513,1210.824140249253
9618,2,103,ols_all,377.744,420.6385577454089,1839.9430841742153
9618,2,44,ols_all,383.504,364.72813487365374,352.53311124274626
9618,2,65,ols_all,443.636,431.80416013861304,139.9924345055059
9618,2,107,ols_all,297.778,281.2680410086232,272.5787458969448
9618,2,213,ols_all,403.258,405.3865575419768,4.530757209506393
9618,2,34,ols_all,160.064,199.0948627367652,1523.4082459762074
9618,2,99,ols_all,282.584,229.19194725287662,2850.711296551606
9618,2,210,ols_all,232.002,261.88210370152956,892.8205972141599
9618,2,252,ols_all,253.683,236.3215356389137,301.42044476126944
9618,2,71,ols_all,456.1,467.15104028454834,122.12549137070984
9618,2,192,ols_all,271.658,245.51250560986864,683.5868769043913
9618,2,145,ols_all,228.932,207.1548238557616,474.24540081718527
9618,2,160,ols_all,275.173,243.22942640469,1020.3918940389862
9618,2,42,ols_all,290.49,258.77708135199146,1005.7092091752087
9618,2,284,ols_all,386.48,365.8503041092522,425.5843525447377
9618,2,108,ols_all,325.274,306.67699425068804,345.84862283994215
9618,2,286,ols_all,433.013,429.5462678051599,12.018232110740598
9618,2,84,ols_all,449.319,410.0422392972064,1542.6639313045146
9618,2,126,ols_all,376.944,321.31539117997045,3094.5421192518716
9618,2,89,ols_all,678.555,686.4800344611854,62.806171210976466
9618,2,93,ols_all,297.073,244.5928416333686,2754.167022186709
9618,2,239,ols_all,279.075,238.85707193222288,1617.4817380648938
9618,2,174,ols_all,155.573,159.07822797212202,12.286623136546611
9618,2,296,ols_all,561.485,583.5233622454593,485.689410462087
9618,2,114,ols_all,339.775,353.73943138779714,195.0053439844946
9618,2,133,ols_all,451.365,368.3577404698249,6890.20513470985
9618,2,136,ols_all,280.012,266.03340058405183,195.40124163154644
9618,2,216,ols_all,304.756,316.3549325042918,134.53523523911772
9618,2,144,ols_all,233.438,256.26882492440336,521.2465667287582
9618,2,58,ols_all,268.614,272.2446733272732,13.181788809373051
9618,2,264,ols_all,273.541,339.0426755182202,4290.46949569421
9618,2,203,ols_all,418.3,449.9400741695067,1001.0942934518854
9618,2,270,ols_all,377.08,329.27052066719716,2285.7463140737004
9618,2,293,ols_all,370.379,418.0101137418369,2268.7229962878023
9618,2,204,ols_all,283.113,284.45569548655294,1.802831169609639
9618,2,17,ols_all,331.027,340.88203889461556,97.12179161438577
9618,2,227,ols_all,320.454,307.24274027107913,174.53738362500658
9618,2,272,ols_all,353.33,369.94946773915945,276.2067079329621
9618,2,85,ols_all,270.692,296.91704346215147,687.7529045917331
9618,2,125,ols_all,360.028,344.9140502421542,228.43147728268804
9618,2,116,ols_all,425.382,440.23655147965474,220.65769966171254
9618,2,209,ols_all,293.538,282.41265040045664,123.77340371205982
9618,2,268,ols_all,410.803,365.0879718024066,2089.8638031067567
9618,2,207,ols_all,445.128,432.85250186704206,150.68785441225342
9618,2,155,ols_all,437.721,486.74816886775943,2403.663287187799
9618,2,37,ols_all,493.864,493.76040450359096,0.010732026876229987
9618,2,225,ols_all,522.461,491.6437926141616,949.7002710617729
9618,2,243,ols_all,260.705,250.87348751271065,96.65863778772604
9618,2,163,ols_all,303.742,308.17646220122015,19.664455014050066
9618,2,298,ols_all,293.887,309.23812140991413,235.65692854192395
9618,2,223,ols_all,328.27,339.62561028345544,128.94988490971943
9618,2,265,ols_all,276.409,206.86070611914465,4836.96518173782
9618,2,182,ols_all,176.669,206.86070611914465,911.539118384796
9618,2,45,ols_all,244.551,258.9023006907046,205.95983151501807
9618,2,280,ridge,321.44,317.79704891367044,13.271092617389725
9618,2,1,ridge,383.079,340.0393802535733,1852.4088679170027
9618,2,253,ridge,308.935,300.2044078165302,76.22323987406413
9618,2,173,ridge,435.421,434.7085065580253,0.5076469048569359
9618,2,94,ridge,320.296,289.76291358548116,932.2693659964746
9618,2,279,ridge,338.163,302.62788630115415,1262.7443055899028
9618,2,103,ridge,377.744,420.6708808609452,1842.7171004497811
9618,2,44,ridge,383.504,365.84581576231744,311.81147057194136
9618,2,65,ridge,443.636,431.73956294039,141.5252147132631
9618,2,107,ridge,297.778,280.9003440250237,284.8552712096544
9618,2,213,ridge,403.258,403.84730398101095,0.34727918203537916
9618,2,34,ridge,160.064,199.22383052544615,1533.4923267816644
9618,2,99,ridge,282.584,229.4127395767673,2827.1829349952313
9618,2,210,ridge,232.002,262.4928205519666,929.6901379322275
9618,2,252,ridge,253.683,236.53168530190277,294.16759587316585
9618,2,71,ridge,456.1,466.421203484684,106.52724137225238
9618,2,192,ridge,271.658,246.5954829321692,628.1297617753107
9618,2,145,ridge,228.932,207.77700066918737,447.5339966866822
9618,2,160,ridge,275.173,244.26710597127845,955.1742857145662
9618,2,42,ridge,290.49,259.75140277097705,944.8613596080978
9618,2,284,ridge,386.48,366.0530899623468,417.25865368637767
9618,2,108,ridge,325.274,306.8941862426526,337.81755375477644
9618,2,286,ridge,433.013,428.87119063234064,17.154584838030615
9618,2,84,ridge,449.319,410.19120736771936,1530.9841562747567
9618,2,126,ridge,376.944,320.69738153346805,3163.682088919615
9618,2,89,ridge,678.555,683.7621705571004,27.11462521073356
9618,2,93,ridge,297.073,244.69948292486498,2742.985290819457
9618,2,239,ridge,279.075,239.49473632249615,1566.5972727807296
9618,2,174,ridge,155.573,159.17858535683916,13.00024576545295
9618,2,296,ridge,561.485,582.6880712256705,449.57022940085386
9618,2,114,ridge,339.775,354.3922910323722,213.6651971250698
9618,2,133,ridge,451.365,367.9442804116257,6959.016456642177
9618,2,136,ridge,280.012,266.77810179425006,175.13606172015142
9618,2,216,ridge,304.756,316.98921223667566,149.65148162755168
9618,2,144,ridge,233.438,257.809642603964,593.9769632153534
9618,2,58,ridge,268.614,271.6842800654889,9.426619680538709
9618,2,264,ridge,273.541,338.22764475606874,4184.362009797836
9618,2,203,ridge,418.3,449.5304878163157,975.3433692450435
9618,2,270,ridge,377.08,330.1521271640383,2202.2252489081916
9618,2,293,ridge,370.379,417.0546058232991,2178.6121789719896
9618,2,204,ridge,283.113,284.9247179680538,3.2823219957690366
9618,2,17,ridge,331.027,341.79525510623466,115.95531803294918
9618,2,227,ridge,320.454,307.0296929337894,180.2120202079115
9618,2,272,ridge,353.33,370.31154810574606,288.372976067768
9618,2,85,ridge,270.692,297.05047841556336,694.7693843837193
9618,2,125,ridge,360.028,345.7739914208444,203.17676057464132
9618,2,116,ridge,425.382,439.5626792977456,201.0916653455106
9618,2,209,ridge,293.538,282.63829818441945,118.80349966857007
9618,2,268,ridge,410.803,364.38046523681703,2155.051733838931
9618,2,207,ridge,445.128,432.614949162699,156.5764412568784
9618,2,155,ridge,437.721,486.99796312020027,2428.219094349577
9618,2,37,ridge,493.864,491.8949748596469,3.8770600033425313
9618,2,225,ridge,522.461,491.9738125642077,929.4685977451314
9618,2,243,ridge,260.705,251.2637857924817,89.13652571224486
9618,2,163,ridge,303.742,307.7583178483062,16.13080905862284
9618,2,298,ridge,293.887,308.847672879377,223.8217330037265
9618,2,223,ridge,328.27,338.2159945187419,98.92280696684473
9618,2,265,ridge,276.409,206.98622810666348,4819.521257354235
9618,2,182,ridge,176.669,206.98622810666348,919.1343200714651
9618,2,45,ridge,244.551,259.5415248204742,224.71583439325323
9618,2,280,pls,321.44,318.1980497723386,10.510241278633746
9618,2,1,pls,383.079,340.54521780268936,1809.1226280082599
9618,2,253,pls,308.935,298.86996237765186,101.30498233928355
9618,2,173,pls,435.421,435.7392711841893,0.1012965466852681
9618,2,94,pls,320.296,288.6120161036304,1003.8748355454061
9618,2,279,pls,338.163,305.4614724469051,1069.389904305827
9618,2,103,pls,377.744,422.12691717601456,1969.8433370529656
9618,2,44,pls,383.504,365.57754683656265,321.3577230209138
9618,2,65,pls,443.636,431.85522565059057,138.78664427170378
9618,2,107,pls,297.778,280.90623787795334,284.65635710292895
9618,2,213,pls,403.258,405.3105605934262,4.213004989686203
9618,2,34,pls,160.064,199.4268092046434,1549.4307484811602
9618,2,99,pls,282.584,227.93741118000497,2986.249669661606
9618,2,210,pls,232.002,262.3299220854223,919.7828580194458
9618,2,252,pls,253.683,238.01549094410615,245.47084001651564
9618,2,71,pls,456.1,467.17421617703496,122.63826393570238
9618,2,192,pls,271.658,242.86879658008968,828.8182335529771
9618,2,145,pls,228.932,208.25931516770336,427.3598981754669
9618,2,160,pls,275.173,244.26892361360572,955.0619372960925
9618,2,42,pls,290.49,258.8475614606773,1001.2439167148152
9618,2,284,pls,386.48,365.65724400833017,433.58716708862266
9618,2,108,pls,325.274,306.1648808910868,365.1584331186318
9618,2,286,pls,433.013,430.1900347959937,7.969132543030139
9618,2,84,pls,449.319,410.58887819358097,1500.0223351400564
9618,2,126,pls,376.944,322.6416617035117,2948.74394446626
9618,2,89,pls,678.555,687.1355084631844,73.62512548677913
9618,2,93,pls,297.073,243.716163126088,2846.952041189254
9618,2,239,pls,279.075,238.5447322633111,1642.702602807685
9618,2,174,pls,155.573,160.73194273025743,26.614690094075907
9618,2,296,pls,561.485,582.5256808752138,442.71025169258576
9618,2,114,pls,339.775,353.91788896573274,200.02130829704564
9618,2,133,pls,451.365,368.01210330593983,6947.705387290668
9618,2,136,pls,280.012,267.0579105220336,167.80843420316032
9618,2,216,pls,304.756,316.7475072566468,143.7962462862142
9618,2,144,pls,233.438,256.1111922786399,514.0736481041774
9618,2,58,pls,268.614,271.744950105047,9.802848560293947
9618,2,264,pls,273.541,339.3451643434742,4330.188044942963
9618,2,203,pls,418.3,451.519567895162,1103.5396911412788
9618,2,270,pls,377.08,329.2223359266986,2290.356010552964
9618,2,293,pls,370.379,418.2825308580586,2294.7482686689686
9618,2,204,pls,283.113,284.77149903422884,2.7506190465379925
9618,2,17,pls,331.027,341.8821319405565,117.83388944689062
9618,2,227,pls,320.454,307.8383803508358,159.15385913237827
9618,2,272,pls,353.33,370.23502159745044,285.7797552102664
9618,2,85,pls,270.692,298.37204227703995,766.1847404587187
9618,2,125,pls,360.028,343.91446279041605,259.6460814046471
9618,2,116,pls,425.382,441.02875671501175,244.82099569876522
9618,2,209,pls,293.538,283.0619602375842,109.74740910371767
9618,2,268,pls,410.803,364.66268659417136,2128.9285211880897
9618,2,207,pls,445.128,433.6745756730377,131.18092881345194
9618,2,155,pls,437.721,486.76876699969216,2405.683447656091
9618,2,37,pls,493.864,492.060730368687,3.2517813632155703
9618,2,225,pls,522.461,492.1694144747151,917.5801536356506
9618,2,243,pls,260.705,253.0009649108693,59.35215665455683
9618,2,163,pls,303.742,310.14866168320816,41.045313923087384
9618,2,298,pls,293.887,308.36899188853795,209.72808905967892
9618,2,223,pls,328.27,339.13831237182467,118.12021381155753
9618,2,265,pls,276.409,208.6697751532754,4588.602582835111
9618,2,182,pls,176.669,208.6697751532754,1024.0496104104873
9618,2,45,pls,244.551,257.3839252043991,164.6839693017014
9618,2,280,huber,321.44,317.43020459276227,16.07845920790481
9618,2,1,huber,383.079,340.1407040565694,1843.697258525629
9618,2,253,huber,308.935,300.8280662542009,65.72237475877617
9618,2,173,huber,435.421,433.9661810626299,2.1164981405306027
9618,2,94,huber,320.296,290.72062678995985,874.70270051316
9618,2,279,huber,338.163,301.34283083068397,1355.7248576570519
9618,2,103,huber,377.744,419.6347170623172,1754.8321759951093
9618,2,44,huber,383.504,366.42076608444813,291.83688101346223
9618,2,65,huber,443.636,432.0092291919426,135.1817994230961
9618,2,107,huber,297.778,281.2415213493347,273.45512616391073
9618,2,213,huber,403.258,403.4895751873105,0.05362706737789844
9618,2,34,huber,160.064,198.5963951031851,1484.745472387964
9618,2,99,huber,282.584,230.18265810382294,2745.900632520041
9618,2,210,huber,232.002,262.9770335597349,959.4527040267013
9618,2,252,huber,253.683,236.30242878439648,302.0842557806653
9618,2,71,huber,456.1,466.62084199489215,110.68811628148568
9618,2,192,huber,271.658,248.30938745822834,545.1577076257774
9618,2,145,huber,228.932,208.22656178693367,428.7151715951068
9618,2,160,huber,275.173,244.60772341021402,934.2361330101189
9618,2,42,huber,290.49,260.88950037256126,876.1895781940017
9618,2,284,huber,386.48,366.41271007760264,402.69612482955137
9618,2,108,huber,325.274,307.1771042865566,327.4976344632467
9618,2,286,huber,433.013,428.12461531821003,23.89630479715857
9618,2,84,huber,449.319,410.098475421162,1538.2495482392376
9618,2,126,huber,376.944,319.3198766132428,3320.53959609222
9618,2,89,huber,678.555,682.7803293230354,17.853407888103238
9618,2,93,huber,297.073,245.32378398599053,2677.981358064612
9618,2,239,huber,279.075,240.19890324832164,1511.3508986458558
9618,2,174,huber,155.573,158.31711733149484,7.53017992901033
9618,2,296,huber,561.485,582.7131270817757,450.63337940001935
9618,2,114,huber,339.775,354.8371830609896,226.8693585627632
9618,2,133,huber,451.365,367.7777042240616,6986.836015134209
9618,2,136,huber,280.012,266.9757258727919,169.94444311971574
9618,2,216,huber,304.756,317.23014609516457,155.6043208035102
9618,2,144,huber,233.438,259.49518845349144,678.9770701007681
9618,2,58,huber,268.614,271.98863323048204,11.388149440273793
9618,2,264,huber,273.541,337.88398122370694,4140.0192327543045
9618,2,203,huber,418.3,448.3085470029914,900.5128932307446
9618,2,270,huber,377.08,331.2247895683084,2102.7003237347185
9618,2,293,huber,370.379,415.99084554044805,2080.440453605689
9618,2,204,huber,283.113,285.65104276901786,6.441661097363864
9618,2,17,huber,331.027,342.56488031685853,133.1226822061519
9618,2,227,huber,320.454,306.52567927708105,193.9981181604936
9618,2,272,huber,353.33,370.4511821589412,293.13487851964726
9618,2,85,huber,270.692,297.13246513517737,699.0981965645296
9618,2,125,huber,360.028,346.61581500754,179.88670627196998
9618,2,116,huber,425.382,438.82071691770267,180.59911239414777
9618,2,209,huber,293.538,281.8591580938315,136.39534826927715
9618,2,268,huber,410.803,364.5446784504161,2139.832312584699
9618,2,207,huber,445.128,433.5599749711747,133.819203067528
9618,2,155,huber,437.721,486.9988404891873,2428.305563277784
9618,2,37,huber,493.864,491.98851232590323,3.5174540156888225
9618,2,225,huber,522.461,491.7095293308755,945.6529483140245
9618,2,243,huber,260.705,250.78477142195092,98.41093504074132
9618,2,163,huber,303.742,306.75366822362946,9.070145489219321
9618,2,298,huber,293.887,308.83343113206666,223.3958035856116
9618,2,223,huber,328.27,337.87631529195886,92.281293488523
9618,2,265,huber,276.409,206.2626363527165,4920.512332936935
9618,2,182,huber,176.669,206.2626363527165,875.7833125768228
9618,2,45,huber,244.551,260.3438409258322,249.4138245086403
9618,2,280,cart,321.44,251.18650000000002,4935.554262249996
9618,2,1,cart,383.079,308.67333333333335,5536.20323211111
9618,2,253,cart,308.935,288.1516666666667,431.9469444444432
9618,2,173,cart,435.421,411.794875,558.1937825156251
9618,2,94,cart,320.296,308.67333333333335,135.08638044444396
9618,2,279,cart,338.163,411.794875,5421.653016015622
9618,2,103,cart,377.744,442.71316666666667,4220.9926173611075
9618,2,44,cart,383.504,411.794875,800.3736082656234
9618,2,65,cart,443.636,441.41877777777773,4.916074382716349
9618,2,107,cart,297.778,251.18650000000002,2170.7678722499995
9618,2,213,cart,403.258,372.737,931.5314409999975
9618,2,34,cart,160.064,247.81459999999998,7700.167800359998
9618,2,99,cart,282.584,265.35016666666667,297.0050113611112
9618,2,210,cart,232.002,253.90940000000006,479.9341747600023
9618,2,252,cart,253.683,251.18650000000002,6.2325122499998455
9618,2,71,cart,456.1,441.41877777777773,215.53828593827356
9618,2,192,cart,271.658,294.3555555555556,515.1790281975327
9618,2,145,cart,228.932,247.81459999999998,356.5525827599999
9618,2,160,cart,275.173,263.3332,140.18086404000059
9618,2,42,cart,290.49,311.59825,445.5582180624999
9618,2,284,cart,386.48,366.6224,394.32427775999963
9618,2,108,cart,325.274,311.59825,187.02613806249983
9618,2,286,cart,433.013,411.794875,450.2088285156244
9618,2,84,cart,449.319,411.794875,1408.0599570156269
9618,2,126,cart,376.944,372.02599999999995,24.186724000000623
9618,2,89,cart,678.555,606.5591999999999,5183.395217640004
9618,2,93,cart,297.073,220.1814,5912.318150559998
9618,2,239,cart,279.075,220.1814,3468.456120959999
9618,2,174,cart,155.573,129.85171428571428,661.584538795919
9618,2,296,cart,561.485,606.5591999999999,2031.6835056399914
9618,2,114,cart,339.775,351.5265714285714,138.09943104081623
9618,2,133,cart,451.365,306.6264,20949.262329960005
9618,2,136,cart,280.012,263.3332,278.1823694400008
9618,2,216,cart,304.756,294.3555555555556,108.16924464197356
9618,2,144,cart,233.438,253.90940000000006,419.07821796000303
9618,2,58,cart,268.614,251.18650000000002,303.71775624999833
9618,2,264,cart,273.541,323.34175,2480.1147005624994
9618,2,203,cart,418.3,493.0968,5594.561290239994
9618,2,270,cart,377.08,344.07300000000004,1089.4620489999966
9618,2,293,cart,370.379,411.794875,1715.2747020156226
9618,2,204,cart,283.113,272.022125,123.00750826562462
9618,2,17,cart,331.027,308.67333333333335,499.6864134444433
9618,2,227,cart,320.454,351.5265714285714,965.5046951836713
9618,2,272,cart,353.33,351.5265714285714,3.2523546122449396
9618,2,85,cart,270.692,323.34175,2771.9961750624984
9618,2,125,cart,360.028,352.4244,57.814732960000434
9618,2,116,cart,425.382,442.71316666666667,300.3693380277776
9618,2,209,cart,293.538,238.16720000000004,3065.925492639997
9618,2,268,cart,410.803,351.5265714285714,3513.6949841836763
9618,2,207,cart,445.128,456.09319999999997,120.2356110399996
9618,2,155,cart,437.721,521.2401666666667,6975.4512006944515
9618,2,37,cart,493.864,500.5628,44.873921440000075
9618,2,225,cart,522.461,521.2401666666667,1.4904340277777037
9618,2,243,cart,260.705,213.9132857142857,2189.464525795918
9618,2,163,cart,303.742,333.25919999999996,871.2650958399968
9618,2,298,cart,293.887,288.1516666666667,32.894048444444074
9618,2,223,cart,328.27,299.59716666666674,822.1313713611061
9618,2,265,cart,276.409,213.9132857142857,3905.7143040816327
9618,2,182,cart,176.669,213.9132857142857,1387.1368183673455
9618,2,45,cart,244.551,294.3555555555556,2480.4937540864266
9618,2,280,subset_min,321.44,318.6945454664508,7.537520595785894
9618,2,1,subset_min,383.079,339.1871806270625,1926.4918078665721
9618,2,253,subset_min,308.935,301.85363541133324,50.145724437623535
9618,2,173,subset_min,435.421,436.7846404727339,1.8595153388779107
9618,2,94,subset_min,320.296,291.3520136378511,837.7543465322618
9618,2,279,subset_min,338.163,302.92073208377934,1242.0174478786766
9618,2,103,subset_min,377.744,418.2361762324383,1639.6163360388398
9618,2,44,subset_min,383.504,363.34909622905644,406.2201460159956
9618,2,65,subset_min,443.636,430.5162863640942,172.1268858881736
9618,2,107,subset_min,297.778,286.2393580049428,133.14025909009803
9618,2,213,subset_min,403.258,410.15092612157264,47.51243051745867
9618,2,34,subset_min,160.064,203.02281696337195,1845.4599548924944
9618,2,99,subset_min,282.584,232.02735338181537,2555.9745172759995
9618,2,210,subset_min,232.002,260.6540630049922,820.9407144420435
9618,2,252,subset_min,253.683,226.31009672958308,749.2758334516009
9618,2,71,subset_min,456.1,466.0714804904822,99.43042317206671
9618,2,192,subset_min,271.658,254.3086616931451,300.99953968570344
9618,2,145,subset_min,228.932,203.88273619723995,627.4656170602643
9618,2,160,subset_min,275.173,239.91051271529392,1243.4430095040582
9618,2,42,subset_min,290.49,258.69769036080953,1010.7509521941638
9618,2,284,subset_min,386.48,364.85965535463276,467.4393025844605
9618,2,108,subset_min,325.274,306.1525126105107,365.6312799863979
9618,2,286,subset_min,433.013,428.7132769353352,18.487618432810123
9618,2,84,subset_min,449.319,408.74518426585996,1646.234523227951
9618,2,126,subset_min,376.944,322.6409143504348,2948.825111064016
9618,2,89,subset_min,678.555,687.0752666553061,72.594943877522
9618,2,93,subset_min,297.073,249.68236317568875,2245.8724586137637
9618,2,239,subset_min,279.075,238.00928417936285,1686.3930158613273
9618,2,174,subset_min,155.573,157.21839224159362,2.7073156286964513
9618,2,296,subset_min,561.485,582.9231358074612,459.59366689915043
9618,2,114,subset_min,339.775,349.0189558260652,85.4507193142456
9618,2,133,subset_min,451.365,368.24698636671127,6908.604190343573
9618,2,136,subset_min,280.012,265.5442534091207,209.31569141789964
9618,2,216,subset_min,304.756,316.02681297997407,127.03122522955256
9618,2,144,subset_min,233.438,256.8913453731851,550.0594091939043
9618,2,58,subset_min,268.614,274.54126991515847,35.132528647142934
9618,2,264,subset_min,273.541,338.8887078441637,4270.322920486176
9618,2,203,subset_min,418.3,447.6684032547952,862.5031097362635
9618,2,270,subset_min,377.08,328.2030838164404,2388.9529356147063
9618,2,293,subset_min,370.379,417.84609098176725,2253.1247262713678
9618,2,204,subset_min,283.113,287.1928733217433,16.64536632147288
9618,2,17,subset_min,331.027,338.61839192715894,57.62923139173411
9618,2,227,subset_min,320.454,304.7341395914205,247.11401126522546
9618,2,272,subset_min,353.33,367.07934482207554,189.04448303633592
9618,2,85,subset_min,270.692,295.5807854194673,619.4516396562879
9618,2,125,subset_min,360.028,343.99053254594537,257.2003623398621
9618,2,116,subset_min,425.382,439.74362751142075,206.25634477679736
9618,2,209,subset_min,293.538,281.2140694211508,151.8792649122951
9618,2,268,subset_min,410.803,365.7596636588326,2028.902148743531
9618,2,207,subset_min,445.128,434.09017498937845,121.83358096510221
9618,2,155,subset_min,437.721,485.15060439003975,2249.567372595677
9618,2,37,subset_min,493.864,500.02308816733046,37.93436705295034
9618,2,225,subset_min,522.461,489.52563160113806,1084.7384915687546
9618,2,243,subset_min,260.705,247.5624203884472,172.72739884600273
9618,2,163,subset_min,303.742,307.2530019115019,12.327134422569745
9618,2,298,subset_min,293.887,313.93872618092723,402.0717228348826
9618,2,223,subset_min,328.27,343.4928651236401,231.73562257253914
9618,2,265,subset_min,276.409,204.51534674515156,5168.697378328378
9618,2,182,subset_min,176.669,204.51534674515156,775.4190270512123
9618,2,45,subset_min,244.551,261.028006356998,271.49173848855264
9618,2,280,subset_1se,321.44,304.04713548212476,302.5117361371635
9618,2,1,subset_1se,383.079,342.9921026216889,1606.959341419246
9618,2,253,subset_1se,308.935,301.8274260649977,50.51760724152378
9618,2,173,subset_1se,435.421,432.05310606740903,11.342709541183
9618,2,94,subset_1se,320.296,299.2437671939683,443.196506119356
9618,2,279,subset_1se,338.163,302.8119679104368,1249.6954697973274
9618,2,103,subset_1se,377.744,411.54408509332256,1142.4457523158444
9618,2,44,subset_1se,383.504,379.13013594453537,19.13068677568568
9618,2,65,subset_1se,443.636,429.3419348265336,204.32029918330605
9618,2,107,subset_1se,297.778,299.88347398357143,4.433020695496081
9618,2,213,subset_1se,403.258,398.6030706106301,21.668367620019605
9618,2,34,subset_1se,160.064,206.0799266137577,2117.465502122734
9618,2,99,subset_1se,282.584,236.09389928138904,2161.3294648265914
9618,2,210,subset_1se,232.002,268.30678415189817,1318.037352315916
9618,2,252,subset_1se,253.683,209.5148480935262,1950.8256428333436
9618,2,71,subset_1se,456.1,461.81383709705773,32.64793437171283
9618,2,192,subset_1se,271.658,262.93196203064826,76.14373864256842
9618,2,145,subset_1se,228.932,211.27581918516614,311.7407209661068
9618,2,160,subset_1se,275.173,247.95764344969055,740.6756321604715
9618,2,42,subset_1se,290.49,268.37173298866855,489.2177355845533
9618,2,284,subset_1se,386.48,365.25780508410327,450.3815570483139
9618,2,108,subset_1se,325.274,306.7848505844222,341.84864611156087
9618,2,286,subset_1se,433.013,421.37102885999195,135.53549202477976
9618,2,84,subset_1se,449.319,416.59313150221425,1070.982468934367
9618,2,126,subset_1se,376.944,321.63354072949517,3059.246904714176
9618,2,89,subset_1se,678.555,680.3215960106729,3.120861464925652
9618,2,93,subset_1se,297.073,253.52389954056855,1896.5241508256506
9618,2,239,subset_1se,279.075,244.38797376696783,1203.189788891061
9618,2,174,subset_1se,155.573,158.04634141439146,6.117417752143927
9618,2,296,subset_1se,561.485,580.698182880548,369.14639640138074
9618,2,114,subset_1se,339.775,344.88902914990354,26.153294146063313
9618,2,133,subset_1se,451.365,357.43921821149553,8822.05248458176
9618,2,136,subset_1se,280.012,278.4418320569665,2.465427369329996
9618,2,216,subset_1se,304.756,316.8055187991858,145.19090329193244
9618,2,144,subset_1se,233.438,266.19191646663364,1072.8190439032153
9618,2,58,subset_1se,268.614,278.8852872982818,105.49934276384573
9618,2,264,subset_1se,273.541,335.3093063133147,3815.3236648154757
9618,2,203,subset_1se,418.3,440.4961468128729,492.668933338607
9618,2,270,subset_1se,377.08,344.7724646701089,1043.7768390921613
9618,2,293,subset_1se,370.379,407.839653489011,1403.3005598237526
9618,2,204,subset_1se,283.113,305.79567292259435,514.5036509133948
9618,2,17,subset_1se,331.027,352.30086771450374,452.5774475342051
9618,2,227,subset_1se,320.454,280.2667978119079,1615.0112197065946
9618,2,272,subset_1se,353.33,361.5383877985731,67.37763025176443
9618,2,85,subset_1se,270.692,307.8514477551587,1380.8245574683674
9618,2,125,subset_1se,360.028,341.10074983951483,358.2407986375865
9618,2,116,subset_1se,425.382,433.1816020099413,60.83379151348008
9618,2,209,subset_1se,293.538,283.3386208073413,104.02733591564004
9618,2,268,subset_1se,410.803,369.0219869328882,1745.6530529141683
9618,2,207,subset_1se,445.128,447.6218617917336,6.219346636268688
9618,2,155,subset_1se,437.721,483.9179233019028,2134.1557225618913
9618,2,37,subset_1se,493.864,479.80696553361315,197.60021798918712
9618,2,225,subset_1se,522.461,490.85126587536206,999.1752914303011
9618,2,243,subset_1se,260.705,248.93610065601405,138.50699176887258
9618,2,163,subset_1se,303.742,313.9443691316481,104.08833589840567
9618,2,298,subset_1se,293.887,313.8616100307232,398.98504587946894
9618,2,223,subset_1se,328.27,345.0103258734578,280.2385103495618
9618,2,265,subset_1se,276.409,199.61747998666866,5896.937545957867
9618,2,182,subset_1se,176.669,199.61747998666866,526.6327336985313
9618,2,45,subset_1se,244.551,253.12556983384803,73.52324783553689
9618,2,280,adaptive_linear,321.44,318.6945454664508,7.537520595785894
9618,2,1,adaptive_linear,383.079,339.1871806270625,1926.4918078665721
9618,2,253,adaptive_linear,308.935,301.85363541133324,50.145724437623535
9618,2,173,adaptive_linear,435.421,436.7846404727339,1.8595153388779107
9618,2,94,adaptive_linear,320.296,291.3520136378511,837.7543465322618
9618,2,279,adaptive_linear,338.163,302.92073208377934,1242.0174478786766
9618,2,103,adaptive_linear,377.744,418.2361762324383,1639.6163360388398
9618,2,44,adaptive_linear,383.504,363.34909622905644,406.2201460159956
9618,2,65,adaptive_linear,443.636,430.5162863640942,172.1268858881736
9618,2,107,adaptive_linear,297.778,286.2393580049428,133.14025909009803
9618,2,213,adaptive_linear,403.258,410.15092612157264,47.51243051745867
9618,2,34,adaptive_linear,160.064,203.02281696337195,1845.4599548924944
9618,2,99,adaptive_linear,282.584,232.02735338181537,2555.9745172759995
9618,2,210,adaptive_linear,232.002,260.6540630049922,820.9407144420435
9618,2,252,adaptive_linear,253.683,226.31009672958308,749.2758334516009
9618,2,71,adaptive_linear,456.1,466.0714804904822,99.43042317206671
9618,2,192,adaptive_linear,271.658,254.3086616931451,300.99953968570344
9618,2,145,adaptive_linear,228.932,203.88273619723995,627.4656170602643
9618,2,160,adaptive_linear,275.173,239.91051271529392,1243.4430095040582
9618,2,42,adaptive_linear,290.49,258.69769036080953,1010.7509521941638
9618,2,284,adaptive_linear,386.48,364.85965535463276,467.4393025844605
9618,2,108,adaptive_linear,325.274,306.1525126105107,365.6312799863979
9618,2,286,adaptive_linear,433.013,428.7132769353352,18.487618432810123
9618,2,84,adaptive_linear,449.319,408.74518426585996,1646.234523227951
9618,2,126,adaptive_linear,376.944,322.6409143504348,2948.825111064016
9618,2,89,adaptive_linear,678.555,687.0752666553061,72.594943877522
9618,2,93,adaptive_linear,297.073,249.68236317568875,2245.8724586137637
9618,2,239,adaptive_linear,279.075,238.00928417936285,1686.3930158613273
9618,2,174,adaptive_linear,155.573,157.21839224159362,2.7073156286964513
9618,2,296,adaptive_linear,561.485,582.9231358074612,459.59366689915043
9618,2,114,adaptive_linear,339.775,349.0189558260652,85.4507193142456
9618,2,133,adaptive_linear,451.365,368.24698636671127,6908.604190343573
9618,2,136,adaptive_linear,280.012,265.5442534091207,209.31569141789964
9618,2,216,adaptive_linear,304.756,316.02681297997407,127.03122522955256
9618,2,144,adaptive_linear,233.438,256.8913453731851,550.0594091939043
9618,2,58,adaptive_linear,268.614,274.54126991515847,35.132528647142934
9618,2,264,adaptive_linear,273.541,338.8887078441637,4270.322920486176
9618,2,203,adaptive_linear,418.3,447.6684032547952,862.5031097362635
9618,2,270,adaptive_linear,377.08,328.2030838164404,2388.9529356147063
9618,2,293,adaptive_linear,370.379,417.84609098176725,2253.1247262713678
9618,2,204,adaptive_linear,283.113,287.1928733217433,16.64536632147288
9618,2,17,adaptive_linear,331.027,338.61839192715894,57.62923139173411
9618,2,227,adaptive_linear,320.454,304.7341395914205,247.11401126522546
9618,2,272,adaptive_linear,353.33,367.07934482207554,189.04448303633592
9618,2,85,adaptive_linear,270.692,295.5807854194673,619.4516396562879
9618,2,125,adaptive_linear,360.028,343.99053254594537,257.2003623398621
9618,2,116,adaptive_linear,425.382,439.74362751142075,206.25634477679736
9618,2,209,adaptive_linear,293.538,281.2140694211508,151.8792649122951
9618,2,268,adaptive_linear,410.803,365.7596636588326,2028.902148743531
9618,2,207,adaptive_linear,445.128,434.09017498937845,121.83358096510221
9618,2,155,adaptive_linear,437.721,485.15060439003975,2249.567372595677
9618,2,37,adaptive_linear,493.864,500.02308816733046,37.93436705295034
9618,2,225,adaptive_linear,522.461,489.52563160113806,1084.7384915687546
9618,2,243,adaptive_linear,260.705,247.5624203884472,172.72739884600273
9618,2,163,adaptive_linear,303.742,307.2530019115019,12.327134422569745
9618,2,298,adaptive_linear,293.887,313.93872618092723,402.0717228348826
9618,2,223,adaptive_linear,328.27,343.4928651236401,231.73562257253914
9618,2,265,adaptive_linear,276.409,204.51534674515156,5168.697378328378
9618,2,182,adaptive_linear,176.669,204.51534674515156,775.4190270512123
9618,2,45,adaptive_linear,244.551,261.028006356998,271.49173848855264
9618,3,135,ols_all,557.15,533.2323176791022,572.0555276033883
9618,3,140,ols_all,325.388,305.99568701557746,376.06180288580214
9618,3,110,ols_all,372.067,341.8192388779528,914.9270528964314
9618,3,77,ols_all,275.759,309.7882120831471,1157.9872749998017
9618,3,15,ols_all,472.547,486.64181243987446,198.66373771523902
9618,3,69,ols_all,481.732,424.31611350451954,3296.5840220618993
9618,3,113,ols_all,318.141,305.99568701557746,147.50862748958323
9618,3,177,ols_all,251.746,245.0113954185599,45.35489886835392
9618,3,228,ols_all,330.83,347.0123075539734,261.86707777138554
9618,3,170,ols_all,255.102,280.9957416831701,670.4858583547395
9618,3,57,ols_all,300.151,314.78759724422116,214.22997888954217
9618,3,224,ols_all,306.558,324.21390963078807,311.7311448905551
9618,3,80,ols_all,316.234,344.30777978169886,788.1371112313245
9618,3,137,ols_all,496.924,478.0974524092028,354.4388941885515
9618,3,179,ols_all,236.114,262.4330310877838,692.6913973997285
9618,3,112,ols_all,330.937,340.8434786371106,98.13831898752832
9618,3,153,ols_all,572.763,537.0015156121901,1278.8837656195712
9618,3,156,ols_all,317.157,261.12592021390424,3139.4819019958272
9618,3,246,ols_all,459.143,521.5008283389782,3888.4987551534737
9618,3,166,ols_all,246.311,232.6719395467428,186.02397004760454
9618,3,176,ols_all,409.854,421.7906328981069,142.48320494416777
9618,3,146,ols_all,283.136,231.44710681584843,2671.7416786026333
9618,3,149,ols_all,337.859,296.95316639006,1673.2872233240948
9618,3,271,ols_all,335.279,348.1573351328136,165.85151579306154
9618,3,287,ols_all,442.829,401.52314365998495,1706.1737679819619
9618,3,148,ols_all,311.748,321.8226329953825,101.4982299916498
9618,3,211,ols_all,295.062,351.0575740740858,3135.504315886426
9618,3,260,ols_all,175.644,133.89633076657697,1742.8678864232966
9618,3,244,ols_all,389.618,412.87770204410685,541.0137391806288
9618,3,274,ols_all,319.388,329.5293142654816,102.8462550312614
9618,3,26,ols_all,308.859,315.69640613307206,46.75012262857168
9618,3,30,ols_all,192.327,192.87682426005904,0.30230671694947103
9618,3,151,ols_all,446.733,453.8531166696923,50.696061390030486
9618,3,161,ols_all,422.585,389.13907505080647,1118.6298957070849
9618,3,41,ols_all,292.094,250.53815272725637,1726.8884425555934
9618,3,281,ols_all,466.669,529.9841160902704,4008.803925524419
9618,3,190,ols_all,254.668,305.162719377299,2549.7166849921773
9618,3,49,ols_all,481.042,471.89023601568874,83.75478402453616
9618,3,294,ols_all,519.546,486.64181243987446,1082.6855589919237
9618,3,152,ols_all,299.292,327.27499540281747,783.048031714105
9618,3,130,ols_all,437.098,416.96267909161156,405.4311480837851
9618,3,33,ols_all,133.048,133.89633076657697,0.71966508952106
9618,3,72,ols_all,354.919,346.88260213352646,64.58369066826016
9618,3,241,ols_all,447.454,424.57001755653596,523.6766524727708
9618,3,62,ols_all,317.619,336.2332215209865,346.48924283235556
9618,3,67,ols_all,562.014,532.8579066825966,850.0777775331329
9618,3,195,ols_all,417.305,395.3760347895802,480.87951519980146
9618,3,169,ols_all,245.48,275.29940653695985,889.1970062164845
9618,3,79,ols_all,400.908,509.66357194669195,11827.774429452085
9618,3,187,ols_all,428.773,401.52314365998495,742.5546705514596
9618,3,258,ols_all,234.616,299.66193948609066,4230.974243628166
9618,3,25,ols_all,365.837,382.7411880729185,285.75157440459964
9618,3,219,ols_all,197.665,144.40450116302623,2836.680736363284
9618,3,194,ols_all,546.888,533.3522558250486,183.216370369732
9618,3,229,ols_all,396.197,410.9130393693729,216.56181472093252
9618,3,127,ols_all,334.401,259.4284995626433,5620.875821829451
9618,3,283,ols_all,310.66,342.0904854422945,987.8754151382846
9618,3,255,ols_all,265.57,277.06020364209235,132.02477973675238
9618,3,32,ols_all,528.619,538.2675217153876,93.09397129230557
9618,3,20,ols_all,369.841,410.2059125143858,1629.3261622940165
9618,3,135,ridge,557.15,532.5112799243661,607.0665269654421
9618,3,140,ridge,325.388,307.57852946070193,317.17724089012506
9618,3,110,ridge,372.067,345.489927445117,706.3407855875146
9618,3,77,ridge,275.759,312.6976495053925,1364.463827282234
9618,3,15,ridge,472.547,485.29811215183184,162.5908611085931
9618,3,69,ridge,481.732,444.3180666254114,1399.8024105581565
9618,3,113,ridge,318.141,307.57852946070193,111.56578389354009
9618,3,177,ridge,251.746,242.2611474205375,89.96242845413667
9618,3,228,ridge,330.83,346.2160114977057,236.72934980753317
9618,3,170,ridge,255.102,280.95316554944105,668.2827602646078
9618,3,57,ridge,300.151,312.5909601899069,154.75260952646883
9618,3,224,ridge,306.558,323.18747151926726,276.5393230101213
9618,3,80,ridge,316.234,342.9650192099807,714.5473880043588
9618,3,137,ridge,496.924,478.33952934339595,345.3825495861761
9618,3,179,ridge,236.114,262.53264935752975,697.9450338761068
9618,3,112,ridge,330.937,339.34603801480625,70.71192033445651
9618,3,153,ridge,572.763,535.8927905579241,1359.4123443025483
9618,3,156,ridge,317.157,262.43518064481185,2994.477513541842
9618,3,246,ridge,459.143,524.4279083840445,4262.119262713086
9618,3,166,ridge,246.311,236.1819640289063,102.59736970371037
9618,3,176,ridge,409.854,420.1746382800345,106.5155745073141
9618,3,146,ridge,283.136,231.58176780351084,2657.8388573695215
9618,3,149,ridge,337.859,298.06458807198385,1583.5952206966326
9618,3,271,ridge,335.279,346.6480836574814,129.25606321081025
9618,3,287,ridge,442.829,400.84381463017746,1762.7557905383612
9618,3,148,ridge,311.748,327.70377701535585,254.58682016375846
9618,3,211,ridge,295.062,350.82746151798864,3109.7866983142703
9618,3,260,ridge,175.644,134.60341477384642,1684.3296357051756
9618,3,244,ridge,389.618,412.247108082202,512.076532595979
9618,3,274,ridge,319.388,326.76882191157364,54.476532090365886
9618,3,26,ridge,308.859,317.73209489367963,78.73181299224387
9618,3,30,ridge,192.327,190.1567078398648,4.7101680603443326
9618,3,151,ridge,446.733,454.08243497058396,54.014194386842405
9618,3,161,ridge,422.585,387.19890290405334,1252.175867683763
9618,3,41,ridge,292.094,252.02327448003177,1605.6630436966325
9618,3,281,ridge,466.669,527.1918593622391,3663.0165053813803
9618,3,190,ridge,254.668,306.47823836241423,2684.300799170179
9618,3,49,ridge,481.042,472.6741293766244,70.02125876955155
9618,3,294,ridge,519.546,485.29811215183184,1172.9178220607073
9618,3,152,ridge,299.292,330.28079489720534,960.3054091810613
9618,3,130,ridge,437.098,416.0614452633811,442.5366351867647
9618,3,33,ridge,133.048,134.60341477384642,2.4193151186997173
9618,3,72,ridge,354.919,346.01528716030714,79.2761023317112
9618,3,241,ridge,447.454,423.42370938539784,577.454867022237
9618,3,62,ridge,317.619,335.8160665438468,331.1332308011865
9618,3,67,ridge,562.014,532.6836371432196,860.2701853104048
9618,3,195,ridge,417.305,393.7516928341768,554.7582784476177
9618,3,169,ridge,245.48,277.9432645796792,1053.8635471702535
9618,3,79,ridge,400.908,506.06577652780817,11058.15796427244
9618,3,187,ridge,428.773,400.84381463017746,780.0393954219106
9618,3,258,ridge,234.616,300.00434538838283,4275.635712630445
9618,3,25,ridge,365.837,382.33664867372283,272.23840635628403
9618,3,219,ridge,197.665,144.11589410218266,2867.5067424556546
9618,3,194,ridge,546.888,530.9577036372474,253.77434220513007
9618,3,229,ridge,396.197,409.5732690523186,178.92457376001647
9618,3,127,ridge,334.401,259.81455106634684,5563.138364532452
9618,3,283,ridge,310.66,339.6674909071183,841.4345287265489
9618,3,255,ridge,265.57,275.6861062187612,102.33560502925937
9618,3,32,ridge,528.619,535.9304758826775,53.45767958297367
9618,3,20,ridge,369.841,409.4613842529824,1569.7748483539738
9618,3,135,pls,557.15,533.910417366272,540.0782009898717
9618,3,140,pls,325.388,304.7671925674739,425.21769916932277
9618,3,110,pls,372.067,341.481367204056,935.4809335283239
9618,3,77,pls,275.759,308.83052122361835,1093.7255160442378
9618,3,15,pls,472.547,487.119038548526,212.3443074597276
9618,3,69,pls,481.732,428.1483497861935,2871.2075702355705
9618,3,113,pls,318.141,304.7671925674739,178.85872524229092
9618,3,177,pls,251.746,243.7582824887092,63.80363104018186
9618,3,228,pls,330.83,346.33201589855844,240.3124969191591
9618,3,170,pls,255.102,281.61434943312,702.9046724638596
9618,3,57,pls,300.151,314.6578555452684,210.44885781128352
9618,3,224,pls,306.558,323.6065588252702,290.6533580186991
9618,3,80,pls,316.234,343.68582210042837,753.6025366335684
9618,3,137,pls,496.924,478.21084673282894,350.18210520063406
9618,3,179,pls,236.114,262.1804779265109,679.4612714932792
9618,3,112,pls,330.937,341.1019560497708,103.32633149377214
9618,3,153,pls,572.763,536.2938093771573,1330.001864685237
9618,3,156,pls,317.157,261.7098295986152,3074.388705520199
9618,3,246,pls,459.143,521.0077868964617,3827.2518577446167
9618,3,166,pls,246.311,233.8861167395351,154.37772403618078
9618,3,176,pls,409.854,422.0863648597576,149.6307500622335
9618,3,146,pls,283.136,231.06352265923493,2711.5428964044936
9618,3,149,pls,337.859,297.5186034375083,1627.3475948190892
9618,3,271,pls,335.279,347.9804510829056,161.32685961144327
9618,3,287,pls,442.829,401.3051285999971,1724.2318960439802
9618,3,148,pls,311.748,319.3277091928373,57.451991447982266
9618,3,211,pls,295.062,350.56939971131044,3081.071422711185
9618,3,260,pls,175.644,131.93387381359508,1910.5751312314412
9618,3,244,pls,389.618,414.0877653429331,598.7694159382099
9618,3,274,pls,319.388,329.1751467378845,95.78824126888401
9618,3,26,pls,308.859,315.9666435483819,50.518596810855264
9618,3,30,pls,192.327,193.05179183890172,0.5253232097385411
9618,3,151,pls,446.733,452.58217644542077,34.212865089665115
9618,3,161,pls,422.585,388.37154279465193,1170.5606539421824
9618,3,41,pls,292.094,249.84148143052016,1785.275325464238
9618,3,281,pls,466.669,528.9906969463132,3883.993910268102
9618,3,190,pls,254.668,305.0642020048257,2539.777176511196
9618,3,49,pls,481.042,472.4613834959554,73.62697958948256
9618,3,294,pls,519.546,487.119038548526,1051.5078289753826
9618,3,152,pls,299.292,326.82776059278524,758.218111423186
9618,3,130,pls,437.098,418.5609381069141,343.6226636280987
9618,3,33,pls,133.048,131.93387381359508,1.241277159233164
9618,3,72,pls,354.919,346.63059368554116,68.69767923356093
9618,3,241,pls,447.454,425.77912041875163,469.8004048616178
9618,3,62,pls,317.619,336.5827939378381,359.6254805167847
9618,3,67,pls,562.014,533.1543575221169,832.8789639512337
9618,3,195,pls,417.305,395.74931131306886,464.6477147678915
9618,3,169,pls,245.48,274.82896539527115,861.3617697728243
9618,3,79,pls,400.908,508.63893586403753,11605.954542141366
9618,3,187,pls,428.773,401.3051285999971,754.4839592470992
9618,3,258,pls,234.616,299.4802902549726,4207.376150281332
9618,3,25,pls,365.837,382.5840708284669,280.4643813336876
9618,3,219,pls,197.665,143.81750571713985,2899.5526405426554
9618,3,194,pls,546.888,532.7181969743948,200.7833177844512
9618,3,229,pls,396.197,409.82037711409913,185.5964039929599
9618,3,127,pls,334.401,260.2632794872924,5496.40160282035
9618,3,283,pls,310.66,341.43685895867327,947.2150473620655
9618,3,255,pls,265.57,278.0796707514561,156.4918623098362
9618,3,32,pls,528.619,538.3184466291439,94.07926491160971
9618,3,20,pls,369.841,410.884384235528,1684.5593895051868
9618,3,135,huber,557.15,532.1745021704526,623.7754918337273
9618,3,140,huber,325.388,308.4577611637784,286.6329870515053
9618,3,110,huber,372.067,346.3037019672516,663.7475255242188
9618,3,77,huber,275.759,312.73194251552553,1366.9984782563542
9618,3,15,huber,472.547,484.6418771051337,146.28605218828645
9618,3,69,huber,481.732,450.8535278203677,953.4800441483293
9618,3,113,huber,318.141,308.4577611637784,93.76511435931062
9618,3,177,huber,251.746,242.6388758757518,82.93970981446357
9618,3,228,huber,330.83,347.6583684580999,283.19398496157265
9618,3,170,huber,255.102,280.0423302038493,622.0200706770377
9618,3,57,huber,300.151,311.41028762212767,126.7715577577971
9618,3,224,huber,306.558,322.3844914566691,250.47783182801967
9618,3,80,huber,316.234,343.20863908033675,727.6311535144318
9618,3,137,huber,496.924,478.09794818750333,354.4202268468082
9618,3,179,huber,236.114,263.18278364945223,732.7190482608523
9618,3,112,huber,330.937,339.241452462406,68.96393070036115
9618,3,153,huber,572.763,536.3855993688367,1323.315276680165
9618,3,156,huber,317.157,263.5382132206496,2874.9742956894397
9618,3,246,huber,459.143,524.4689052208313,4267.473892921036
9618,3,166,huber,246.311,235.3673984822453,119.76241417940298
9618,3,176,huber,409.854,420.1863032790742,106.75649105076768
9618,3,146,huber,283.136,232.32756547830988,2581.497018544875
9618,3,149,huber,337.859,298.2007929937916,1572.7733829472759
9618,3,271,huber,335.279,347.5504468438947,150.58840764253304
9618,3,287,huber,442.829,400.5435722949965,1788.0573961950763
9618,3,148,huber,311.748,327.4464553649491,246.44150084529912
9618,3,211,huber,295.062,352.778935766082,3331.2446742260327
9618,3,260,huber,175.644,133.65988255044053,1762.6661180184046
9618,3,244,huber,389.618,411.6098049560172,483.63948522350165
9618,3,274,huber,319.388,326.8891272357026,56.26690980619929
9618,3,26,huber,308.859,318.1242924133872,85.84564350557068
9618,3,30,huber,192.327,191.1350673392722,1.420703467709621
9618,3,151,huber,446.733,453.4036049780781,44.49697077355999
9618,3,161,huber,422.585,387.7725898066817,1211.90390346785
9618,3,41,huber,292.094,253.20486149420108,1512.3650937232117
9618,3,281,huber,466.669,526.6727376707051,3600.448534454802
9618,3,190,huber,254.668,306.7246468233641,2709.894478492461
9618,3,49,huber,481.042,472.5397904934133,72.28756649389268
9618,3,294,huber,519.546,484.6418771051337,1218.297795059934
9618,3,152,huber,299.292,331.071522611281,1009.9380574009227
9618,3,130,huber,437.098,415.0222697558808,487.3378658111191
9618,3,33,huber,133.048,133.65988255044053,0.3744002555336035
9618,3,72,huber,354.919,347.241957606112,58.93697991755318
9618,3,241,huber,447.454,422.75038136282956,610.2687737707552
9618,3,62,huber,317.619,336.57371162711615,359.28109286713124
9618,3,67,huber,562.014,532.1373860173402,892.6120630688642
9618,3,195,huber,417.305,392.3984306807559,620.3371952543122
9618,3,169,huber,245.48,278.99712479600396,1123.397654590904
9618,3,79,huber,400.908,506.522170031983,11154.352911544618
9618,3,187,huber,428.773,400.5435722949965,796.9005885520193
9618,3,258,huber,234.616,298.54438913905733,4086.8389379147416
9618,3,25,huber,365.837,382.4087263504205,274.62211423322225
9618,3,219,huber,197.665,144.28182328362533,2849.763556331686
9618,3,194,huber,546.888,531.3328516119702,241.9626413736263
9618,3,229,huber,396.197,408.91121064129914,161.6511522313241
9618,3,127,huber,334.401,260.2715715106817,5495.172168152953
9618,3,283,huber,310.66,339.90332491625253,855.1720521575146
9618,3,255,huber,265.57,274.7405691213193,84.09933800889536
9618,3,32,huber,528.619,536.1163560069092,56.21034709433704
9618,3,20,huber,369.841,408.4720499360682,1492.3580191629922
9618,3,135,cart,557.15,532.917,587.2382889999974
9618,3,140,cart,325.388,343.8666666666667,341.46112177777894
9618,3,110,cart,372.067,383.25442857142855,125.15855804081563
9618,3,77,cart,275.759,295.57399999999996,392.6342249999977
9618,3,15,cart,472.547,503.7192,971.7060528399985
9618,3,69,cart,481.732,359.2343333333333,15005.678338777787
9618,3,113,cart,318.141,343.8666666666667,661.8099254444438
9618,3,177,cart,251.746,254.25119999999998,6.276027039999868
9618,3,228,cart,330.83,343.8666666666667,169.9546777777784
9618,3,170,cart,255.102,302.98133333333334,2292.430560444445
9618,3,57,cart,300.151,331.3243333333333,971.7767111111084
9618,3,224,cart,306.558,343.8666666666667,1391.9366084444455
9618,3,80,cart,316.234,270.903625,2054.8428976406253
9618,3,137,cart,496.924,467.087,890.2465689999993
9618,3,179,cart,236.114,246.12820000000002,100.28420164000033
9618,3,112,cart,330.937,280.66650000000004,2527.123170249997
9618,3,153,cart,572.763,532.917,1587.7037160000002
9618,3,156,cart,317.157,246.12820000000002,5045.090429439994
9618,3,246,cart,459.143,532.917,5442.6030760000085
9618,3,166,cart,246.311,228.15314285714288,329.7077760204075
9618,3,176,cart,409.854,378.0325,1012.6078622499973
9618,3,146,cart,283.136,265.2581666666667,319.6169246944448
9618,3,149,cart,337.859,331.3243333333333,42.70186844444463
9618,3,271,cart,335.279,383.25442857142855,2301.641746612243
9618,3,287,cart,442.829,419.6616,536.7284227599994
9618,3,148,cart,311.748,270.903625,1668.2629691406262
9618,3,211,cart,295.062,343.8666666666667,2381.8954884444443
9618,3,260,cart,175.644,132.28157142857143,1880.3002116122457
9618,3,244,cart,389.618,434.82399999999996,2043.5824359999965
9618,3,274,cart,319.388,331.3243333333333,142.4760534444442
9618,3,26,cart,308.859,295.57399999999996,176.49122500000067
9618,3,30,cart,192.327,266.11466666666666,5444.619752111111
9618,3,151,cart,446.733,462.63437500000003,252.85372689062595
9618,3,161,cart,422.585,383.25442857142855,1546.8938488979595
9618,3,41,cart,292.094,306.93100000000004,220.13656900000137
9618,3,281,cart,466.669,492.328,658.3842809999995
9618,3,190,cart,254.668,311.7136666666667,3254.208085444449
9618,3,49,cart,481.042,479.06937500000004,3.8912493906247505
9618,3,294,cart,519.546,503.7192,250.48759824000152
9618,3,152,cart,299.292,343.8666666666667,1986.9009084444476
9618,3,130,cart,437.098,434.82399999999996,5.171076000000262
9618,3,33,cart,133.048,132.28157142857143,0.587412755102049
9618,3,72,cart,354.919,383.25442857142855,802.8965123265302
9618,3,241,cart,447.454,434.82399999999996,159.51690000000133
9618,3,62,cart,317.619,343.8666666666667,688.9400054444434
9618,3,67,cart,562.014,532.917,846.6354089999988
9618,3,195,cart,417.305,414.335625,8.817187890625082
9618,3,169,cart,245.48,331.3243333333333,7369.24956544444
9618,3,79,cart,400.908,613.48475,45188.87464056248
9618,3,187,cart,428.773,419.6616,83.01760996000006
9618,3,258,cart,234.616,311.7136666666667,5944.05020544445
9618,3,25,cart,365.837,383.25442857142855,303.3668180408159
9618,3,219,cart,197.665,132.28157142857143,4274.992731755102
9618,3,194,cart,546.888,532.917,195.1888410000001
9618,3,229,cart,396.197,419.6616,550.5874531600009
9618,3,127,cart,334.401,250.91337499999997,6970.183528140631
9618,3,283,cart,310.66,375.6606,4225.078000359995
9618,3,255,cart,265.57,249.01680000000002,274.0084302399992
9618,3,32,cart,528.619,532.917,18.472804000000014
9618,3,20,cart,369.841,414.335625,1979.7716538906236
9618,3,135,subset_min,557.15,529.9607950674925,739.2528648618867
9618,3,140,subset_min,325.388,308.64517894929526,280.3220567359211
9618,3,110,subset_min,372.067,343.2264432599368,831.7777130768061
9618,3,77,subset_min,275.759,308.58427506095336,1077.4986828272456
9618,3,15,subset_min,472.547,486.2350874842201,187.3637389756627
9618,3,69,subset_min,481.732,463.95421206448543,316.0497438801283
9618,3,113,subset_min,318.141,308.64517894929526,90.1706174270077
9618,3,177,subset_min,251.746,248.06919721792468,13.518878698276868
9618,3,228,subset_min,330.83,352.2004648420947,456.69676756720526
9618,3,170,subset_min,255.102,281.9831802521316,722.5978517475899
9618,3,57,subset_min,300.151,308.72666429873635,73.54201816462108
9618,3,224,subset_min,306.558,321.619971155054,226.86297507567818
9618,3,80,subset_min,316.234,345.6449324058429,865.0029449810609
9618,3,137,subset_min,496.924,473.28104968496376,558.9890995992712
9618,3,179,subset_min,236.114,268.25424550219054,1032.995380941079
9618,3,112,subset_min,330.937,341.67878243473467,115.38588987517407
9618,3,153,subset_min,572.763,536.7644044875595,1295.8988788683005
9618,3,156,subset_min,317.157,267.3140157778652,2484.3230761679747
9618,3,246,subset_min,459.143,513.9580302411991,3004.6875403435793
9618,3,166,subset_min,246.311,231.77059407008815,211.42340460661586
9618,3,176,subset_min,409.854,420.93321156463116,122.74892889385728
9618,3,146,subset_min,283.136,235.65886333894656,2254.0785055323468
9618,3,149,subset_min,337.859,298.80495709075615,1525.2182675570584
9618,3,271,subset_min,335.279,353.7698119128956,341.91012519808163
9618,3,287,subset_min,442.829,400.74070991412617,1771.424162352666
9618,3,148,subset_min,311.748,310.996394673626,0.5649105666337315
9618,3,211,subset_min,295.062,358.0761230377111,3970.779702211793
9618,3,260,subset_min,175.644,126.04365132901309,2460.194588283474
9618,3,244,subset_min,389.618,412.17171246864007,508.66994611809065
9618,3,274,subset_min,319.388,332.1497750088755,162.86290137716009
9618,3,26,subset_min,308.859,318.4983177315499,92.91644632977248
9618,3,30,subset_min,192.327,199.2914483796567,48.50354123290305
9618,3,151,subset_min,446.733,449.4726509527625,7.505687342972334
9618,3,161,subset_min,422.585,392.10208960320534,929.2078262590105
9618,3,41,subset_min,292.094,253.00506195956973,1527.9450771285963
9618,3,281,subset_min,466.669,528.1709414474873,3782.488801810156
9618,3,190,subset_min,254.668,303.99828479498456,2433.476997954284
9618,3,49,subset_min,481.042,469.08145014659965,143.0547527956745
9618,3,294,subset_min,519.546,486.2350874842201,1109.6168926339442
9618,3,152,subset_min,299.292,325.589299400326,691.5479557503883
9618,3,130,subset_min,437.098,415.6603919568172,459.57103861313675
9618,3,33,subset_min,133.048,126.04365132901309,49.06090030475615
9618,3,72,subset_min,354.919,351.55642904616064,11.306883419603995
9618,3,241,subset_min,447.454,422.8409905230798,605.8002355109628
9618,3,62,subset_min,317.619,342.9569926583877,642.0138719565085
9618,3,67,subset_min,562.014,530.2526833904641,1008.7812327711827
9618,3,195,subset_min,417.305,393.0088622453696,590.3023097919778
9618,3,169,subset_min,245.48,276.02695147068397,933.1162441523221
9618,3,79,subset_min,400.908,508.45031974788265,11565.350536755826
9618,3,187,subset_min,428.773,400.74070991412617,785.8092874585816
9618,3,258,subset_min,234.616,292.7871789515645,3383.886060614939
9618,3,25,subset_min,365.837,382.76729191055904,286.63478417674116
9618,3,219,subset_min,197.665,148.9092216110412,2377.1259263132606
9618,3,194,subset_min,546.888,534.2860260901543,158.80974642443164
9618,3,229,subset_min,396.197,408.3288421358528,147.18159360925395
9618,3,127,subset_min,334.401,261.6975960182746,5285.784950529963
9618,3,283,subset_min,310.66,345.8349694810729,1237.2784779944084
9618,3,255,subset_min,265.57,279.0300226999349,181.17221108276232
9618,3,32,subset_min,528.619,539.7494482835822,123.88687899349694
9618,3,20,subset_min,369.841,409.9079491611123,1605.3604150791568
9618,3,135,subset_1se,557.15,531.3752388269033,664.3383135301699
9618,3,140,subset_1se,325.388,317.7943617462235,57.663341929217445
9618,3,110,subset_1se,372.067,357.5558088921471,210.57466736862852
9618,3,77,subset_1se,275.759,306.40456582142906,939.15070451554
9618,3,15,subset_1se,472.547,483.93302662829467,129.6416023802347
9618,3,69,subset_1se,481.732,465.2816419824488,270.61427890561276
9618,3,113,subset_1se,318.141,317.7943617462235,0.12015807898123403
9618,3,177,subset_1se,251.746,235.74641671317744,255.98666535197214
9618,3,228,subset_1se,330.83,346.6479953404125,250.2089765893114
9618,3,170,subset_1se,255.102,282.2372695791856,736.3228551350741
9618,3,57,subset_1se,300.151,307.9143881043788,60.270194859210335
9618,3,224,subset_1se,306.558,311.0342258290741,20.036597672870204
9618,3,80,subset_1se,316.234,339.86615729715186,558.4788585173287
9618,3,137,subset_1se,496.924,478.2691061610567,348.00506414224395
9618,3,179,subset_1se,236.114,267.38681163658805,977.9887476575167
9618,3,112,subset_1se,330.937,336.4756466079393,30.676606247637658
9618,3,153,subset_1se,572.763,534.3161958077743,1478.1567525953458
9618,3,156,subset_1se,317.157,268.559175661351,2361.7485304501843
9618,3,246,subset_1se,459.143,531.0773143711458,5174.545584046838
9618,3,166,subset_1se,246.311,224.60122406988503,471.3143709357994
9618,3,176,subset_1se,409.854,418.6001766283505,76.49560561430447
9618,3,146,subset_1se,283.136,236.9581795783737,2132.39109889197
9618,3,149,subset_1se,337.859,296.5138126509398,1709.4245169288838
9618,3,271,subset_1se,335.279,351.0740030221723,249.48212047043194
9618,3,287,subset_1se,442.829,400.5332655566036,1788.9291521063071
9618,3,148,subset_1se,311.748,311.11388025351044,0.40210785288796586
9618,3,211,subset_1se,295.062,358.147945378043,3979.836504241424
9618,3,260,subset_1se,175.644,112.88407812689618,3938.8077935180954
9618,3,244,subset_1se,389.618,409.8326974594745,408.6339933780851
9618,3,274,subset_1se,319.388,327.0665705389957,58.96044552233272
9618,3,26,subset_1se,308.859,324.5212366197146,245.30565593193006
9618,3,30,subset_1se,192.327,191.4825926389223,0.7130237914421806
9618,3,151,subset_1se,446.733,445.21233304074406,2.3124280009727305
9618,3,161,subset_1se,422.585,392.38211779679796,912.2140933804975
9618,3,41,subset_1se,292.094,256.99872980811625,1231.6779898413236
9618,3,281,subset_1se,466.669,517.5707499838909,2590.988151422538
9618,3,190,subset_1se,254.668,301.1077837755637,2156.653517121108
9618,3,49,subset_1se,481.042,477.48712207576614,12.637157056205064
9618,3,294,subset_1se,519.546,483.93302662829467,1268.2838723737964
9618,3,152,subset_1se,299.292,345.7437872670871,2157.7685403067176
9618,3,130,subset_1se,437.098,410.81602019650336,690.742462391406
9618,3,33,subset_1se,133.048,112.88407812689618,406.58374530463453
9618,3,72,subset_1se,354.919,357.4421186117351,6.366127528884202
9618,3,241,subset_1se,447.454,420.97118327873443,701.3395814921437
9618,3,62,subset_1se,317.619,336.2206128707255,346.0200013923402
9618,3,67,subset_1se,562.014,525.9901656311038,1297.7166426376705
9618,3,195,subset_1se,417.305,379.0698523990412,1461.926512067104
9618,3,169,subset_1se,245.48,288.72069911288656,1869.7580597711897
9618,3,79,subset_1se,400.908,510.24217765190747,11953.96240281886
9618,3,187,subset_1se,428.773,400.5332655566036,797.482601433549
9618,3,258,subset_1se,234.616,292.61418326813526,3363.789262404204
9618,3,25,subset_1se,365.837,381.31475687769375,239.56095796499662
9618,3,219,subset_1se,197.665,144.3048703380796,2847.3034375369552
9618,3,194,subset_1se,546.888,521.6780488813785,635.5416354032892
9618,3,229,subset_1se,396.197,398.2810074035667,4.343086858120884
9618,3,127,subset_1se,334.401,265.0435909539954,4810.4501895748
9618,3,283,subset_1se,310.66,327.32022769042555,277.56318669682156
9618,3,255,subset_1se,265.57,268.70419068936786,9.823151277320243
9618,3,32,subset_1se,528.619,534.3425455175633,32.758973291618396
9618,3,20,subset_1se,369.841,401.70253191615257,1015.1572160440081
9618,3,135,adaptive_linear,557.15,529.9607950674925,739.2528648618867
9618,3,140,adaptive_linear,325.388,308.64517894929526,280.3220567359211
9618,3,110,adaptive_linear,372.067,343.2264432599368,831.7777130768061
9618,3,77,adaptive_linear,275.759,308.58427506095336,1077.4986828272456
9618,3,15,adaptive_linear,472.547,486.2350874842201,187.3637389756627
9618,3,69,adaptive_linear,481.732,463.95421206448543,316.0497438801283
9618,3,113,adaptive_linear,318.141,308.64517894929526,90.1706174270077
9618,3,177,adaptive_linear,251.746,248.06919721792468,13.518878698276868
9618,3,228,adaptive_linear,330.83,352.2004648420947,456.69676756720526
9618,3,170,adaptive_linear,255.102,281.9831802521316,722.5978517475899
9618,3,57,adaptive_linear,300.151,308.72666429873635,73.54201816462108
9618,3,224,adaptive_linear,306.558,321.619971155054,226.86297507567818
9618,3,80,adaptive_linear,316.234,345.6449324058429,865.0029449810609
9618,3,137,adaptive_linear,496.924,473.28104968496376,558.9890995992712
9618,3,179,adaptive_linear,236.114,268.25424550219054,1032.995380941079
9618,3,112,adaptive_linear,330.937,341.67878243473467,115.38588987517407
9618,3,153,adaptive_linear,572.763,536.7644044875595,1295.8988788683005
9618,3,156,adaptive_linear,317.157,267.3140157778652,2484.3230761679747
9618,3,246,adaptive_linear,459.143,513.9580302411991,3004.6875403435793
9618,3,166,adaptive_linear,246.311,231.77059407008815,211.42340460661586
9618,3,176,adaptive_linear,409.854,420.93321156463116,122.74892889385728
9618,3,146,adaptive_linear,283.136,235.65886333894656,2254.0785055323468
9618,3,149,adaptive_linear,337.859,298.80495709075615,1525.2182675570584
9618,3,271,adaptive_linear,335.279,353.7698119128956,341.91012519808163
9618,3,287,adaptive_linear,442.829,400.74070991412617,1771.424162352666
9618,3,148,adaptive_linear,311.748,310.996394673626,0.5649105666337315
9618,3,211,adaptive_linear,295.062,358.0761230377111,3970.779702211793
9618,3,260,adaptive_linear,175.644,126.04365132901309,2460.194588283474
9618,3,244,adaptive_linear,389.618,412.17171246864007,508.66994611809065
9618,3,274,adaptive_linear,319.388,332.1497750088755,162.86290137716009
9618,3,26,adaptive_linear,308.859,318.4983177315499,92.91644632977248
9618,3,30,adaptive_linear,192.327,199.2914483796567,48.50354123290305
9618,3,151,adaptive_linear,446.733,449.4726509527625,7.505687342972334
9618,3,161,adaptive_linear,422.585,392.10208960320534,929.2078262590105
9618,3,41,adaptive_linear,292.094,253.00506195956973,1527.9450771285963
9618,3,281,adaptive_linear,466.669,528.1709414474873,3782.488801810156
9618,3,190,adaptive_linear,254.668,303.99828479498456,2433.476997954284
9618,3,49,adaptive_linear,481.042,469.08145014659965,143.0547527956745
9618,3,294,adaptive_linear,519.546,486.2350874842201,1109.6168926339442
9618,3,152,adaptive_linear,299.292,325.589299400326,691.5479557503883
9618,3,130,adaptive_linear,437.098,415.6603919568172,459.57103861313675
9618,3,33,adaptive_linear,133.048,126.04365132901309,49.06090030475615
9618,3,72,adaptive_linear,354.919,351.55642904616064,11.306883419603995
9618,3,241,adaptive_linear,447.454,422.8409905230798,605.8002355109628
9618,3,62,adaptive_linear,317.619,342.9569926583877,642.0138719565085
9618,3,67,adaptive_linear,562.014,530.2526833904641,1008.7812327711827
9618,3,195,adaptive_linear,417.305,393.0088622453696,590.3023097919778
9618,3,169,adaptive_linear,245.48,276.02695147068397,933.1162441523221
9618,3,79,adaptive_linear,400.908,508.45031974788265,11565.350536755826
9618,3,187,adaptive_linear,428.773,400.74070991412617,785.8092874585816
9618,3,258,adaptive_linear,234.616,292.7871789515645,3383.886060614939
9618,3,25,adaptive_linear,365.837,382.76729191055904,286.63478417674116
9618,3,219,adaptive_linear,197.665,148.9092216110412,2377.1259263132606
9618,3,194,adaptive_linear,546.888,534.2860260901543,158.80974642443164
9618,3,229,adaptive_linear,396.197,408.3288421358528,147.18159360925395
9618,3,127,adaptive_linear,334.401,261.6975960182746,5285.784950529963
9618,3,283,adaptive_linear,310.66,345.8349694810729,1237.2784779944084
9618,3,255,adaptive_linear,265.57,279.0300226999349,181.17221108276232
9618,3,32,adaptive_linear,528.619,539.7494482835822,123.88687899349694
9618,3,20,adaptive_linear,369.841,409.9079491611123,1605.3604150791568
9618,4,139,ols_all,262.528,271.9243008846695,88.2904703152403
9618,4,191,ols_all,436.463,394.99256947111644,1719.7966082509595
9618,4,183,ols_all,412.225,440.0121269137844,772.1244221227608
9618,4,2,ols_all,244.384,269.3194476167073,621.7765478455541
9618,4,60,ols_all,427.584,407.703380053762,395.23904944675735
9618,4,250,ols_all,218.9,211.38897976875637,56.415424914151174
9618,4,31,ols_all,354.543,334.80506431032063,389.5861052899188
9618,4,24,ols_all,437.653,426.13065073396183,132.76453260857085
9618,4,263,ols_all,170.128,207.87825404587056,1425.0816805277677
9618,4,208,ols_all,286.658,386.959022872114,10060.295189192337
9618,4,91,ols_all,358.993,342.04598231950513,287.2014082630056
9618,4,78,ols_all,375.612,370.124893315774,30.10833976407803
9618,4,289,ols_all,295.143,257.51758214687743,1415.6720686220726
9618,4,19,ols_all,251.522,255.16838072948713,13.296092424375127
9618,4,88,ols_all,474.13,417.89683179403437,3162.1692064804233
9618,4,277,ols_all,388.293,407.1499404074916,355.5842015316897
9618,4,262,ols_all,291.598,326.71898421985634,1233.483532571397
9618,4,240,ols_all,489.073,430.3983409862658,3442.7156103779785
9618,4,220,ols_all,275.048,227.97282089438,2216.0724878262026
9618,4,232,ols_all,444.205,408.6689289919591,1262.8123426885245
9618,4,295,ols_all,195.235,236.85765918566267,1732.4457576858279
9618,4,226,ols_all,428.876,429.654832459144,0.606579999416355
9618,4,267,ols_all,480.301,488.7337262442684,71.11087191077294
9618,4,70,ols_all,385.195,368.18734166815057,289.2604419329272
9618,4,90,ols_all,288.704,266.7378591669453,482.5113430975922
9618,4,122,ols_all,523.246,473.8715393026796,2437.8373691512356
9618,4,247,ols_all,256.963,274.9160984161417,322.3137427396696
9618,4,290,ols_all,286.009,298.32169394535094,151.60243219188143
9618,4,291,ols_all,235.961,288.27927775643957,2737.202187399958
9618,4,142,ols_all,160.258,163.12094831827585,8.196473073118463
9618,4,97,ols_all,422.501,389.71567225263516,1074.8777155021294
9618,4,143,ols_all,494.933,496.0823212572891,1.3209393524566033
9618,4,46,ols_all,452.189,432.47908710916454,388.4806661643227
9618,4,231,ols_all,288.633,262.5555618809335,680.0327788537411
9618,4,129,ols_all,342.75,318.3997211972155,592.9360777733356
9618,4,299,ols_all,255.57,262.5294420574787,48.43383375140371
9618,4,189,ols_all,282.527,305.96963965763507,549.5573541177251
9618,4,40,ols_all,512.399,484.2716638727452,791.1470376155735
9618,4,109,ols_all,505.777,470.40482546579415,1251.19073127832
9618,4,132,ols_all,446.917,414.4787694570764,1052.23880075586
9618,4,51,ols_all,515.846,535.7264099608019,395.23070020955134
9618,4,21,ols_all,316.871,326.45409263148963,91.8356643837112
9618,4,198,ols_all,325.095,281.1739761056999,1929.0563399236808
9618,4,186,ols_all,486.28,456.42542349319956,891.2957384003992
9618,4,0,ols_all,494.666,500.7846581334493,37.437977354025115
9618,4,13,ols_all,333.614,380.8096737484084,2227.4316205662067
9618,4,181,ols_all,330.392,338.731508844533,69.5474077680439
9618,4,248,ols_all,238.544,241.94468332650786,11.564647087188465
9618,4,185,ols_all,268.273,259.5895867981019,75.4016648348988
9618,4,96,ols_all,279.435,346.48989044043674,4496.358331978974
9618,4,212,ols_all,252.257,287.198554478543,1220.9122293769863
9618,4,178,ols_all,297.521,296.270886314921,1.5627842256219049
9618,4,105,ols_all,478.985,516.720599105367,1423.9754398409736
9618,4,238,ols_all,655.573,607.2487646676891,2335.231720452563
9618,4,39,ols_all,321.065,308.5021693528049,157.8247138701041
9618,4,158,ols_all,353.281,370.124893315774,283.7167420331754
9618,4,188,ols_all,296.717,305.1161232532686,70.54527142359753
9618,4,74,ols_all,227.396,239.5507204796511,147.73722993844996
9618,4,236,ols_all,486.011,483.79946844532833,4.890871817308601
9618,4,249,ols_all,281.294,276.8613094625166,19.648745401094708
9618,4,139,ridge,262.528,272.2887865707635,95.27295447999626
9618,4,191,ridge,436.463,394.79010640241654,1736.6300607955143
9618,4,183,ridge,412.225,439.86036691406747,763.7135044751337
9618,4,2,ridge,244.384,269.4316171720265,627.3831259963978
9618,4,60,ridge,427.584,407.5345914257732,401.9787841762787
9618,4,250,ridge,218.9,211.5358998045329,54.22997168887862
9618,4,31,ridge,354.543,334.35272859609535,407.64705936333024
9618,4,24,ridge,437.653,426.0818362621933,133.89183024713336
9618,4,263,ridge,170.128,207.68595008192892,1410.5996143566658
9618,4,208,ridge,286.658,387.05663946873744,10079.886807173521
9618,4,91,ridge,358.993,342.40088123719215,275.29840503912004
9618,4,78,ridge,375.612,370.3453286306009,27.7378273132487
9618,4,289,ridge,295.143,257.5921029160605,1410.069871808612
9618,4,19,ridge,251.522,255.30904493772897,14.341709360378685
9618,4,88,ridge,474.13,417.7413153864997,3179.6837524408043
9618,4,277,ridge,388.293,407.10777255809523,353.99566641285327
9618,4,262,ridge,291.598,326.8375908282818,1241.8287617447222
9618,4,240,ridge,489.073,430.67675683190885,3410.12121614683
9618,4,220,ridge,275.048,228.32381366618625,2183.1495885569475
9618,4,232,ridge,444.205,408.75871819632613,1256.4388937054603
9618,4,295,ridge,195.235,237.43062402932011,1780.470687223736
9618,4,226,ridge,428.876,429.3832370988486,0.257289474448379
9618,4,267,ridge,480.301,488.300968103349,63.99948965460193
9618,4,70,ridge,385.195,368.34817816774415,283.81540584777207
9618,4,90,ridge,288.704,267.51855162710547,448.82322276057994
9618,4,122,ridge,523.246,473.90148293977757,2434.881363906581
9618,4,247,ridge,256.963,275.09887322033825,328.9098974641812
9618,4,290,ridge,286.009,298.4092533797346,153.76628388161885
9618,4,291,ridge,235.961,288.369386903795,2746.639017857867
9618,4,142,ridge,160.258,162.9439977113269,7.2145837052532205
9618,4,97,ridge,422.501,389.56416146355264,1084.8353327760026
9618,4,143,ridge,494.933,496.1450157136518,1.468982090138869
9618,4,46,ridge,452.189,432.2113586024116,399.1061558106378
9618,4,231,ridge,288.633,262.7162432660482,671.6782796068352
9618,4,129,ridge,342.75,318.19614843669285,602.8916265929209
9618,4,299,ridge,255.57,262.74594500507635,51.494186715880325
9618,4,189,ridge,282.527,305.79601048659873,541.4468490254424
9618,4,40,ridge,512.399,484.4317689482989,782.1660126992346
9618,4,109,ridge,505.777,470.00998978833184,1279.2790194815739
9618,4,132,ridge,446.917,414.6448682630046,1041.4904868499852
9618,4,51,ridge,515.846,534.9705976645087,365.75023582932994
9618,4,21,ridge,316.871,326.65365669500693,95.70037201236428
9618,4,198,ridge,325.095,281.6429530250948,1888.0803863093695
9618,4,186,ridge,486.28,455.998610857667,916.9625283894002
9618,4,0,ridge,494.666,501.00263314237816,40.152919581085335
9618,4,13,ridge,333.614,381.06361084956404,2251.465569775068
9618,4,181,ridge,330.392,338.8667750332743,71.82181186460915
9618,4,248,ridge,238.544,241.32757697132632,7.748300755298163
9618,4,185,ridge,268.273,260.9702963558377,53.32948051446144
9618,4,96,ridge,279.435,346.8302052480318,4542.113690424333
9618,4,212,ridge,252.257,287.2904216720317,1227.34063405038
9618,4,178,ridge,297.521,295.8866257871101,2.6711790677594647
9618,4,105,ridge,478.985,516.5674168508945,1412.4380563543948
9618,4,238,ridge,655.573,606.6054223619536,2397.823659738097
9618,4,39,ridge,321.065,308.31749108503055,162.49898353722546
9618,4,158,ridge,353.281,370.3453286306009,291.19131161314453
9618,4,188,ridge,296.717,305.5041724804927,77.21440020192823
9618,4,74,ridge,227.396,239.14687942897527,138.08316735431444
9618,4,236,ridge,486.011,483.51894700896037,6.2103281101497
9618,4,249,ridge,281.294,276.69030218217165,21.194033597877358
9618,4,139,pls,262.528,272.38785131510025,97.21666795588372
9618,4,191,pls,436.463,395.0038768433691,1718.8588929166917
9618,4,183,pls,412.225,440.10687753030805,777.3990946150959
9618,4,2,pls,244.384,269.11752334520037,611.7471770675722
9618,4,60,pls,427.584,407.9041350584652,387.2970841170501
9618,4,250,pls,218.9,211.52630678590324,54.371351615616625
9618,4,31,pls,354.543,334.44879578329164,403.77704310278017
9618,4,24,pls,437.653,426.24349032380525,130.17691105118215
9618,4,263,pls,170.128,207.63933201283666,1407.1000293772656
9618,4,208,pls,286.658,386.89656677551733,10047.770269209843
9618,4,91,pls,358.993,342.20400958522566,281.8701991473844
9618,4,78,pls,375.612,370.13057162730047,30.04605700503568
9618,4,289,pls,295.143,257.54220453832204,1413.81981935094
9618,4,19,pls,251.522,254.99544940773796,12.06485078811528
9618,4,88,pls,474.13,418.0288915397887,3147.3343704643944
9618,4,277,pls,388.293,407.08150737864526,353.008009517407
9618,4,262,pls,291.598,326.8795159586567,1244.7853683409483
9618,4,240,pls,489.073,430.38676726218796,3444.073912956639
9618,4,220,pls,275.048,227.5147546177962,2259.409416564799
9618,4,232,pls,444.205,408.5835677176674,1268.8864378448066
9618,4,295,pls,195.235,236.95050968937124,1740.1837486440252
9618,4,226,pls,428.876,429.5062255491101,0.39718424275119074
9618,4,267,pls,480.301,488.6633180883041,69.92836380997807
9618,4,70,pls,385.195,368.2093657660106,288.5117703308727
9618,4,90,pls,288.704,266.77323203786807,480.95858340887264
9618,4,122,pls,523.246,473.76179777108587,2448.6862702320686
9618,4,247,pls,256.963,274.8302781529267,319.2396285940518
9618,4,290,pls,286.009,298.4382046167463,154.4851274049473
9618,4,291,pls,235.961,288.4216051618474,2752.1150939472514
9618,4,142,pls,160.258,163.18967495240173,8.594718026539635
9618,4,97,pls,422.501,389.85372323286646,1065.844680309816
9618,4,143,pls,494.933,496.3467943953078,1.9988145922038383
9618,4,46,pls,452.189,432.45677769406853,389.3605971307001
9618,4,231,pls,288.633,262.9549306791302,659.3632440473939
9618,4,129,pls,342.75,318.36282825099715,594.7341459153625
9618,4,299,pls,255.57,262.70648881758905,50.92947264357362
9618,4,189,pls,282.527,306.0539069795767,553.515352025656
9618,4,40,pls,512.399,484.3274268338714,788.0132200213105
9618,4,109,pls,505.777,470.43194970949463,1249.2725800383528
9618,4,132,pls,446.917,414.72442682878267,1036.3617673841802
9618,4,51,pls,515.846,535.7062030764237,394.4276662367878
9618,4,21,pls,316.871,326.70189329514,96.64646298042891
9618,4,198,pls,325.095,280.9948871445117,1944.8199538668048
9618,4,186,pls,486.28,456.31516010213,897.8916301049805
9618,4,0,pls,494.666,500.69852177222435,36.39131893236089
9618,4,13,pls,333.614,380.5717609630433,2205.0313146623143
9618,4,181,pls,330.392,338.64573563007104,68.12415185110433
9618,4,248,pls,238.544,242.02496813866884,12.117139182427527
9618,4,185,pls,268.273,259.12009342684723,83.77569873686356
9618,4,96,pls,279.435,346.5574778424949,4505.427031716219
9618,4,212,pls,252.257,287.13166837118365,1216.242494000037
9618,4,178,pls,297.521,296.42071672646136,1.2106232820289289
9618,4,105,pls,478.985,516.2006831281166,1385.007070692379
9618,4,238,pls,655.573,606.6754053726027,2390.9747603452756
9618,4,39,pls,321.065,308.67711725290445,153.45963895578748
9618,4,158,pls,353.281,370.13057162730047,283.90806402352877
9618,4,188,pls,296.717,305.20713135019656,72.08233034359075
9618,4,74,pls,227.396,239.41270955134422,144.40130844136777
9618,4,236,pls,486.011,483.84716845699813,4.682166946489943
9618,4,249,pls,281.294,277.0742547815571,17.80624970857156
9618,4,139,huber,262.528,271.23299940055676,75.77701456369327
9618,4,191,huber,436.463,395.29998241876535,1694.3940163930345
9618,4,183,huber,412.225,440.35615550774116,791.3619102007148
9618,4,2,huber,244.384,270.59171638350205,686.8443980380823
9618,4,60,huber,427.584,406.75365832665614,433.90313422824613
9618,4,250,huber,218.9,210.7463591638762,66.4818588845056
9618,4,31,huber,354.543,334.41651431904756,405.07542586558367
9618,4,24,huber,437.653,425.56563718626813,146.10433979078843
9618,4,263,huber,170.128,207.3468227275153,1385.2407652222107
9618,4,208,huber,286.658,387.8705927573392,10243.988932662985
9618,4,91,huber,358.993,343.27143610908155,247.16757117623075
9618,4,78,huber,375.612,369.70049537819983,34.94588689356502
9618,4,289,huber,295.143,257.28507589777274,1433.2224173299974
9618,4,19,huber,251.522,255.22575633614167,13.717810997509641
9618,4,88,huber,474.13,416.9125327194374,3273.8385620022486
9618,4,277,huber,388.293,406.1052080412325,317.2747553041481
9618,4,262,huber,291.598,326.8543104725769,1243.0074281387356
9618,4,240,huber,489.073,430.5977718386234,3419.3523085250517
9618,4,220,huber,275.048,227.25311602473764,2284.3509342087914
9618,4,232,huber,444.205,408.10283333201716,1303.3664381228105
9618,4,295,huber,195.235,236.42431672559823,1696.559812321645
9618,4,226,huber,428.876,428.7883390648137,0.007684439557727896
9618,4,267,huber,480.301,487.8686985815396,57.27006182103673
9618,4,70,huber,385.195,369.3219796180171,251.95277604684404
9618,4,90,huber,288.704,267.1379611266316,465.09403268763816
9618,4,122,huber,523.246,473.21385599810145,2503.215433426711
9618,4,247,huber,256.963,275.3216520117568,337.04010368878056
9618,4,290,huber,286.009,298.63562950015034,159.43177253406657
9618,4,291,huber,235.961,288.61645806827715,2772.5972643800924
9618,4,142,huber,160.258,162.4864719548812,4.96608725369204
9618,4,97,huber,422.501,388.1308534449283,1181.306974217107
9618,4,143,huber,494.933,495.51546447236876,0.33926486157182933
9618,4,46,huber,452.189,432.4660120437612,388.9962539219406
9618,4,231,huber,288.633,262.0187002787542,708.3209496523043
9618,4,129,huber,342.75,318.2441312285994,600.5376042411085
9618,4,299,huber,255.57,261.94814028605583,40.68067350860846
9618,4,189,huber,282.527,306.00999794246854,551.4511923659825
9618,4,40,huber,512.399,483.96478534009896,808.5045633253314
9618,4,109,huber,505.777,469.15055372939696,1341.4965664133704
9618,4,132,huber,446.917,412.8718123320592,1159.074803345305
9618,4,51,huber,515.846,535.6997477978011,394.17130161869335
9618,4,21,huber,316.871,326.70958061815213,96.79766857987914
9618,4,198,huber,325.095,280.2151228981404,2014.2033686780235
9618,4,186,huber,486.28,455.7883601140959,929.7401029316565
9618,4,0,huber,494.666,501.3248500124647,44.340283488501285
9618,4,13,huber,333.614,379.9157862044859,2143.8554057259253
9618,4,181,huber,330.392,338.17781978933783,60.618989792044665
9618,4,248,huber,238.544,242.09972170324681,12.643156830940347
9618,4,185,huber,268.273,260.17412614129546,65.59175777920817
9618,4,96,huber,279.435,347.02736821553134,4568.728240983971
9618,4,212,huber,252.257,286.42108563448284,1167.1847472402762
9618,4,178,huber,297.521,296.03153018060897,2.218520342876799
9618,4,105,huber,478.985,516.7747393239831,1428.0643981745945
9618,4,238,huber,655.573,607.4558297159225,2315.2620761469084
9618,4,39,huber,321.065,308.2845176011367,163.34073034765422
9618,4,158,huber,353.281,369.70049537819983,269.5998284747255
9618,4,188,huber,296.717,305.45984981773967,76.43742293555079
9618,4,74,huber,227.396,240.19302719066445,163.76390491860568
9618,4,236,huber,486.011,483.33570418741834,7.157207684817074
9618,4,249,huber,281.294,277.42418050609075,14.975502915439913
9618,4,139,cart,262.528,219.15439999999998,1881.2691769600033
9618,4,191,cart,436.463,363.8069999999999,5278.894336000018
9618,4,183,cart,412.225,438.3885714285714,684.5324698979578
9618,4,2,cart,244.384,262.68214814814814,334.82222565157787
9618,4,60,cart,427.584,438.3885714285714,116.73876375510189
9618,4,250,cart,218.9,219.15439999999998,0.06471935999998756
9618,4,31,cart,354.543,312.0073928571428,1809.2778750114846
9618,4,24,cart,437.653,438.3885714285714,0.5410653265305766
9618,4,263,cart,170.128,207.5486,1400.3013043600006
9618,4,208,cart,286.658,312.0073928571428,642.5917182257618
9618,4,91,cart,358.993,312.0073928571428,2207.647278582913
9618,4,78,cart,375.612,367.9019,59.44564201000017
9618,4,289,cart,295.143,219.15439999999998,5774.267329959998
9618,4,19,cart,251.522,312.0073928571428,3658.482749082903
9618,4,88,cart,474.13,388.06241666666665,7407.62890084028
9618,4,277,cart,388.293,401.11319999999995,164.35752803999853
9618,4,262,cart,291.598,262.1120625,869.4205102539082
9618,4,240,cart,489.073,452.439875,1341.9858472656256
9618,4,220,cart,275.048,262.1120625,167.33847900390683
9618,4,232,cart,444.205,419.7336666666667,598.846155111109
9618,4,295,cart,195.235,300.63475,11109.107300062497
9618,4,226,cart,428.876,388.06241666666665,1665.7485845069439
9618,4,267,cart,480.301,401.11319999999995,6270.707668840006
9618,4,70,cart,385.195,312.0073928571428,5356.425839297201
9618,4,90,cart,288.704,300.63475,142.34279556249973
9618,4,122,cart,523.246,487.4998421052633,1277.7878042354437
9618,4,247,cart,256.963,312.0073928571428,3029.885185011471
9618,4,290,cart,286.009,262.68214814814814,544.142017318245
9618,4,291,cart,235.961,262.68214814814814,714.0197583552803
9618,4,142,cart,160.258,152.9351111111111,53.62470167901268
9618,4,97,cart,422.501,388.06241666666665,1186.016022006944
9618,4,143,cart,494.933,487.4998421052633,55.25183628808603
9618,4,46,cart,452.189,413.497625,1497.0224993906245
9618,4,231,cart,288.633,350.84922222222224,3870.8583076049426
9618,4,129,cart,342.75,363.8069999999999,443.3972489999959
9618,4,299,cart,255.57,328.20962499999996,5276.51512014062
9618,4,189,cart,282.527,262.68214814814814,393.8181450219475
9618,4,40,cart,512.399,487.4998421052633,619.9680638670277
9618,4,109,cart,505.777,419.7336666666667,7403.455211111104
9618,4,132,cart,446.917,419.7336666666667,738.9336111111082
9618,4,51,cart,515.846,553.5962857142857,1425.0840715102047
9618,4,21,cart,316.871,312.0073928571428,23.654674440051352
9618,4,198,cart,325.095,262.1120625,3966.8504161289125
9618,4,186,cart,486.28,438.3885714285714,2293.5889306122426
9618,4,0,cart,494.666,487.4998421052633,51.353818972296715
9618,4,13,cart,333.614,350.84922222222224,297.0528850493841
9618,4,181,cart,330.392,262.1120625,4662.149865003908
9618,4,248,cart,238.544,262.68214814814814,582.6501960219472
9618,4,185,cart,268.273,300.63475,1047.282863062498
9618,4,96,cart,279.435,312.0073928571428,1060.9607764400473
9618,4,212,cart,252.257,262.1120625,97.12225687890574
9618,4,178,cart,297.521,262.1120625,1253.7928548789089
9618,4,105,cart,478.985,487.4998421052633,72.50253607756495
9618,4,238,cart,655.573,607.4721428571428,2313.692457877556
9618,4,39,cart,321.065,262.1120625,3475.4488398789085
9618,4,158,cart,353.281,367.9019,213.77071681000018
9618,4,188,cart,296.717,312.0073928571428,233.79611372576414
9618,4,74,cart,227.396,262.1120625,1205.2049955039058
9618,4,236,cart,486.011,487.4998421052633,2.2166508144048613
9618,4,249,cart,281.294,301.5976666666666,412.2388801111096
9618,4,139,subset_min,262.528,279.8612355126347,300.44105333646075
9618,4,191,subset_min,436.463,394.51069048063414,1759.9962740086773
9618,4,183,subset_min,412.225,446.58054514342507,1180.3034821019164
9618,4,2,subset_min,244.384,267.1075555250902,516.3599757018588
9618,4,60,subset_min,427.584,407.47894070072266,404.2134094274584
9618,4,250,subset_min,218.9,208.8203095137053,101.60016029950006
9618,4,31,subset_min,354.543,325.5575769515076,840.1547493000749
9618,4,24,subset_min,437.653,428.20974243707406,89.17511339975843
9618,4,263,subset_min,170.128,202.7784301451727,1066.0505886648034
9618,4,208,subset_min,286.658,392.7867429842047,11263.310087407373
9618,4,91,subset_min,358.993,343.95680029263485,226.0873016397676
9618,4,78,subset_min,375.612,372.32884982320275,10.779075083403999
9618,4,289,subset_min,295.143,259.7045173550023,1255.8860521798026
9618,4,19,subset_min,251.522,250.16444524725898,1.8429549066897033
9618,4,88,subset_min,474.13,414.83984028002897,3515.323039619675
9618,4,277,subset_min,388.293,404.3187373482049,256.82425755364847
9618,4,262,subset_min,291.598,335.21948640205574,1902.8340759247324
9618,4,240,subset_min,489.073,432.71716638521934,3175.979982416839
9618,4,220,subset_min,275.048,215.56706499247116,3537.98162936987
9618,4,232,subset_min,444.205,408.12564597737924,1301.7197866896
9618,4,295,subset_min,195.235,243.81131021979513,2359.6579145697715
9618,4,226,subset_min,428.876,425.51303160402813,11.309556432305463
9618,4,267,subset_min,480.301,484.3160644311047,16.120742385922032
9618,4,70,subset_min,385.195,375.6609706161737,90.89771629166317
9618,4,90,subset_min,288.704,268.0810801371233,425.3048236706343
9618,4,122,subset_min,523.246,472.7008746125425,2554.8097004337965
9618,4,247,subset_min,256.963,274.3103778547777,300.9315184364309
9618,4,290,subset_min,286.009,300.56421937616506,211.85441108829025
9618,4,291,subset_min,235.961,292.13297881684707,3155.2912042003145
9618,4,142,subset_min,160.258,161.32650219503307,1.141696940790472
9618,4,97,subset_min,422.501,384.3422753571267,1456.0882663706236
9618,4,143,subset_min,494.933,496.91232040377326,3.917709260793189
9618,4,46,subset_min,452.189,434.8499862323363,300.6413984352329
9618,4,231,subset_min,288.633,266.00100690991167,512.2071112298053
9618,4,129,subset_min,342.75,316.03093164669053,713.9086136688235
9618,4,299,subset_min,255.57,269.2925451851024,188.30824635717798
9618,4,189,subset_min,282.527,305.7220480519652,538.0102541329753
9618,4,40,subset_min,512.399,482.9266207961141,868.6211359376465
9618,4,109,subset_min,505.777,465.87379756033965,1592.2655649405144
9618,4,132,subset_min,446.917,414.41175170968813,1056.591166414821
9618,4,51,subset_min,515.846,533.558708973598,313.7400591833775
9618,4,21,subset_min,316.871,327.35025979249076,109.8148857985139
9618,4,198,subset_min,325.095,276.1936163802659,2391.345319924402
9618,4,186,subset_min,486.28,447.80654913011335,1480.2064218375795
9618,4,0,subset_min,494.666,504.8994171510167,104.72282658672236
9618,4,13,subset_min,333.614,380.59734742008504,2207.4349347964144
9618,4,181,subset_min,330.392,337.110384437967,45.1366894563174
9618,4,248,subset_min,238.544,242.21860161574705,13.502697034450732
9618,4,185,subset_min,268.273,257.88306287440105,107.95079347389992
9618,4,96,subset_min,279.435,350.9978778769482,5121.245490031005
9618,4,212,subset_min,252.257,284.25195499644565,1023.677145224582
9618,4,178,subset_min,297.521,297.89651236792747,0.14100953846648517
9618,4,105,subset_min,478.985,515.3374497309946,1321.5006014444918
9618,4,238,subset_min,655.573,611.4883153873759,1943.4594173945338
9618,4,39,subset_min,321.065,305.6726103740002,236.92565839858574
9618,4,158,subset_min,353.281,372.32884982320275,362.8205828872846
9618,4,188,subset_min,296.717,308.5169024544939,139.2376979355716
9618,4,74,subset_min,227.396,238.4937786790972,123.16069161022479
9618,4,236,subset_min,486.011,487.71748342203796,2.9120856696902973
9618,4,249,subset_min,281.294,286.971104482049,32.229515300100886
9618,4,139,subset_1se,262.528,276.01004901275087,181.76564558221614
9618,4,191,subset_1se,436.463,396.3378173363685,1610.0302837897943
9618,4,183,subset_1se,412.225,446.39351415999016,1167.4873599014466
9618,4,2,subset_1se,244.384,272.9069813164152,813.5604631765729
9618,4,60,subset_1se,427.584,401.6453360136953,672.8142893944191
9618,4,250,subset_1se,218.9,204.58700509794357,204.8618230662934
9618,4,31,subset_1se,354.543,322.24581859187623,1043.107926909256
9618,4,24,subset_1se,437.653,422.75308467074626,222.00747681893114
9618,4,263,subset_1se,170.128,201.5687160226008,988.5186240138273
9618,4,208,subset_1se,286.658,395.21257055682577,11784.09478877686
9618,4,91,subset_1se,358.993,355.3039759839328,13.60889819112063
9618,4,78,subset_1se,375.612,368.95883353977695,44.26462394743726
9618,4,289,subset_1se,295.143,259.26546072922736,1287.1978241258312
9618,4,19,subset_1se,251.522,246.94222056367275,20.97437968540588
9618,4,88,subset_1se,474.13,410.46972679078146,4052.6303850723466
9618,4,277,subset_1se,388.293,399.83761137225076,133.27805173630148
9618,4,262,subset_1se,291.598,330.3795331090573,1504.007310288908
9618,4,240,subset_1se,489.073,435.0633046212182,2917.047194908801
9618,4,220,subset_1se,275.048,213.4145334470698,3798.684199331166
9618,4,232,subset_1se,444.205,410.9887546401894,1103.3189558031363
9618,4,295,subset_1se,195.235,240.095249557673,2012.4419903766982
9618,4,226,subset_1se,428.876,428.86615530712214,9.691797785888345e-05
9618,4,267,subset_1se,480.301,479.0502360236929,1.5644105244275437
9618,4,70,subset_1se,385.195,379.0085770608196,38.271828782417145
9618,4,90,subset_1se,288.704,272.5498993170858,260.9549688737287
9618,4,122,subset_1se,523.246,474.39580109547626,2386.3419330115307
9618,4,247,subset_1se,256.963,279.670036524644,515.6095077315152
9618,4,290,subset_1se,286.009,297.40919872183895,129.96453089741806
9618,4,291,subset_1se,235.961,288.7713123443155,2788.929089904161
9618,4,142,subset_1se,160.258,159.25527317448254,1.0054610866123435
9618,4,97,subset_1se,422.501,379.8628354719146,1818.0130743240786
9618,4,143,subset_1se,494.933,489.81761937154596,26.167118973962786
9618,4,46,subset_1se,452.189,430.75482412656766,459.42389537323015
9618,4,231,subset_1se,288.633,267.8405374059199,432.3265007262187
9618,4,129,subset_1se,342.75,317.5152702654208,636.7915847772565
9618,4,299,subset_1se,255.57,264.8417119685524,85.96464282779748
9618,4,189,subset_1se,282.527,309.4009853285453,722.2110874388682
9618,4,40,subset_1se,512.399,484.1683061557666,796.9720749268392
9618,4,109,subset_1se,505.777,467.2432210087342,1484.8521233477147
9618,4,132,subset_1se,446.917,408.21842240915714,1497.5799075544828
9618,4,51,subset_1se,515.846,533.9120903876122,326.38362189337516
9618,4,21,subset_1se,316.871,330.9851553465645,199.2093811469561
9618,4,198,subset_1se,325.095,272.5545091364219,2760.503180185734
9618,4,186,subset_1se,486.28,456.9749278317249,858.7872547878087
9618,4,0,subset_1se,494.666,514.0912416185802,377.34001194021926
9618,4,13,subset_1se,333.614,380.49090858074624,2197.4445580876422
9618,4,181,subset_1se,330.392,342.149137556956,138.23028353318588
9618,4,248,subset_1se,238.544,240.3263007045742,3.1765958015256808
9618,4,185,subset_1se,268.273,262.317161650952,35.4720104399909
9618,4,96,subset_1se,279.435,354.84545230060695,5686.736316182116
9618,4,212,subset_1se,252.257,280.25577039505794,783.9311436351725
9618,4,178,subset_1se,297.521,294.63044279058994,8.355320980872568
9618,4,105,subset_1se,478.985,509.2628800687369,916.750021456813
9618,4,238,subset_1se,655.573,606.6834373749757,2390.1893336661697
9618,4,39,subset_1se,321.065,308.97916756603536,146.06734562187165
9618,4,158,subset_1se,353.281,368.95883353977695,245.79446450095477
9618,4,188,subset_1se,296.717,312.6941823109438,255.27035459713602
9618,4,74,subset_1se,227.396,236.6135066022416,84.962427962368
9618,4,236,subset_1se,486.011,488.9352971595844,8.55151387755338
9618,4,249,subset_1se,281.294,284.43300856399526,9.853374764835683
9618,4,139,adaptive_linear,262.528,279.8612355126347,300.44105333646075
9618,4,191,adaptive_linear,436.463,394.51069048063414,1759.9962740086773
9618,4,183,adaptive_linear,412.225,446.58054514342507,1180.3034821019164
9618,4,2,adaptive_linear,244.384,267.1075555250902,516.3599757018588
9618,4,60,adaptive_linear,427.584,407.47894070072266,404.2134094274584
9618,4,250,adaptive_linear,218.9,208.8203095137053,101.60016029950006
9618,4,31,adaptive_linear,354.543,325.5575769515076,840.1547493000749
9618,4,24,adaptive_linear,437.653,428.20974243707406,89.17511339975843
9618,4,263,adaptive_linear,170.128,202.7784301451727,1066.0505886648034
9618,4,208,adaptive_linear,286.658,392.7867429842047,11263.310087407373
9618,4,91,adaptive_linear,358.993,343.95680029263485,226.0873016397676
9618,4,78,adaptive_linear,375.612,372.32884982320275,10.779075083403999
9618,4,289,adaptive_linear,295.143,259.7045173550023,1255.8860521798026
9618,4,19,adaptive_linear,251.522,250.16444524725898,1.8429549066897033
9618,4,88,adaptive_linear,474.13,414.83984028002897,3515.323039619675
9618,4,277,adaptive_linear,388.293,404.3187373482049,256.82425755364847
9618,4,262,adaptive_linear,291.598,335.21948640205574,1902.8340759247324
9618,4,240,adaptive_linear,489.073,432.71716638521934,3175.979982416839
9618,4,220,adaptive_linear,275.048,215.56706499247116,3537.98162936987
9618,4,232,adaptive_linear,444.205,408.12564597737924,1301.7197866896
9618,4,295,adaptive_linear,195.235,243.81131021979513,2359.6579145697715
9618,4,226,adaptive_linear,428.876,425.51303160402813,11.309556432305463
9618,4,267,adaptive_linear,480.301,484.3160644311047,16.120742385922032
9618,4,70,adaptive_linear,385.195,375.6609706161737,90.89771629166317
9618,4,90,adaptive_linear,288.704,268.0810801371233,425.3048236706343
9618,4,122,adaptive_linear,523.246,472.7008746125425,2554.8097004337965
9618,4,247,adaptive_linear,256.963,274.3103778547777,300.9315184364309
9618,4,290,adaptive_linear,286.009,300.56421937616506,211.85441108829025
9618,4,291,adaptive_linear,235.961,292.13297881684707,3155.2912042003145
9618,4,142,adaptive_linear,160.258,161.32650219503307,1.141696940790472
9618,4,97,adaptive_linear,422.501,384.3422753571267,1456.0882663706236
9618,4,143,adaptive_linear,494.933,496.91232040377326,3.917709260793189
9618,4,46,adaptive_linear,452.189,434.8499862323363,300.6413984352329
9618,4,231,adaptive_linear,288.633,266.00100690991167,512.2071112298053
9618,4,129,adaptive_linear,342.75,316.03093164669053,713.9086136688235
9618,4,299,adaptive_linear,255.57,269.2925451851024,188.30824635717798
9618,4,189,adaptive_linear,282.527,305.7220480519652,538.0102541329753
9618,4,40,adaptive_linear,512.399,482.9266207961141,868.6211359376465
9618,4,109,adaptive_linear,505.777,465.87379756033965,1592.2655649405144
9618,4,132,adaptive_linear,446.917,414.41175170968813,1056.591166414821
9618,4,51,adaptive_linear,515.846,533.558708973598,313.7400591833775
9618,4,21,adaptive_linear,316.871,327.35025979249076,109.8148857985139
9618,4,198,adaptive_linear,325.095,276.1936163802659,2391.345319924402
9618,4,186,adaptive_linear,486.28,447.80654913011335,1480.2064218375795
9618,4,0,adaptive_linear,494.666,504.8994171510167,104.72282658672236
9618,4,13,adaptive_linear,333.614,380.59734742008504,2207.4349347964144
9618,4,181,adaptive_linear,330.392,337.110384437967,45.1366894563174
9618,4,248,adaptive_linear,238.544,242.21860161574705,13.502697034450732
9618,4,185,adaptive_linear,268.273,257.88306287440105,107.95079347389992
9618,4,96,adaptive_linear,279.435,350.9978778769482,5121.245490031005
9618,4,212,adaptive_linear,252.257,284.25195499644565,1023.677145224582
9618,4,178,adaptive_linear,297.521,297.89651236792747,0.14100953846648517
9618,4,105,adaptive_linear,478.985,515.3374497309946,1321.5006014444918
9618,4,238,adaptive_linear,655.573,611.4883153873759,1943.4594173945338
9618,4,39,adaptive_linear,321.065,305.6726103740002,236.92565839858574
9618,4,158,adaptive_linear,353.281,372.32884982320275,362.8205828872846
9618,4,188,adaptive_linear,296.717,308.5169024544939,139.2376979355716
9618,4,74,adaptive_linear,227.396,238.4937786790972,123.16069161022479
9618,4,236,adaptive_linear,486.011,487.71748342203796,2.9120856696902973
9618,4,249,adaptive_linear,281.294,286.971104482049,32.229515300100886
9618,5,197,ols_all,194.136,191.3451450196385,7.788871521408598
9618,5,234,ols_all,464.093,508.786371388564,1997.4974460761114
9618,5,47,ols_all,538.021,511.30126093222,713.9444558502479
9618,5,254,ols_all,47.272,70.26588350731276,528.7186787478701
9618,5,7,ols_all,237.352,222.60581439983093,217.44998975463366
9618,5,82,ols_all,359.388,332.8025812996357,706.7844874736799
9618,5,171,ols_all,451.066,428.572068546694,505.9769522260266
9618,5,217,ols_all,434.0,401.8994109985929,1030.4478142372595
9618,5,184,ols_all,351.269,422.1945586590814,5030.434871102795
9618,5,121,ols_all,457.643,437.86026161552627,391.35673798852923
9618,5,38,ols_all,347.959,326.72790014219436,450.7596011721149
9618,5,36,ols_all,222.522,272.39256398588714,2487.073152270464
9618,5,175,ols_all,432.382,431.4088909429106,0.9469412369894261
9618,5,199,ols_all,446.437,419.42345197744044,729.7317767671324
9618,5,159,ols_all,560.46,563.2320695484791,7.684369581604937
9618,5,29,ols_all,302.033,331.6984422746732,880.0384653519668
9618,5,215,ols_all,485.364,498.0079696716398,159.8699690573473
9618,5,154,ols_all,237.824,235.96754579549315,3.446422213431201
9618,5,52,ols_all,246.515,279.93236890469507,1116.7205445124816
9618,5,56,ols_all,389.856,409.0330152408874,367.75791354922706
9618,5,123,ols_all,485.218,477.7001958733558,56.51737888658847
9618,5,100,ols_all,494.493,456.3484204214592,1455.0089512236318
9618,5,86,ols_all,352.697,367.03451878587566,205.56444493533743
9618,5,14,ols_all,362.784,346.7967722149692,255.5914522504598
9618,5,237,ols_all,288.331,296.26839328430833,63.00221214978272
9618,5,285,ols_all,416.209,423.92419736497186,59.524270380468685
9618,5,180,ols_all,330.633,370.625102403269,1599.3682546335565
9618,5,235,ols_all,435.946,419.12511519777763,282.9421655296363
9618,5,111,ols_all,397.526,392.5477814567512,24.782659864346495
9618,5,261,ols_all,235.459,279.2910305485889,1921.2469020124283
9618,5,6,ols_all,331.553,337.5282716080292,35.70387078971956
9618,5,43,ols_all,366.327,342.7041936468054,558.036980000532
9618,5,22,ols_all,368.133,336.63013206275764,992.4306882713316
9618,5,5,ols_all,359.251,344.424275659886,219.83175465772803
9618,5,54,ols_all,429.049,461.09523600585544,1026.961242142987
9618,5,193,ols_all,271.297,279.59618265409745,68.87643272607153
9618,5,61,ols_all,309.279,304.3296336051626,24.49622771034574
9618,5,172,ols_all,385.629,419.5445438931979,1150.2641175714318
9618,5,273,ols_all,277.145,287.81859262688795,113.92557956475716
9618,5,8,ols_all,522.37,488.0158685429574,1180.2063481677658
9618,5,4,ols_all,540.085,494.2148775073583,2104.068137489955
9618,5,92,ols_all,423.841,441.67968000806377,318.21850443009373
9618,5,200,ols_all,438.666,435.5395410693668,9.774745444936038
9618,5,104,ols_all,465.463,490.49082981702395,626.392265349912
9618,5,230,ols_all,373.927,374.18692656224175,0.06756181775880425
9618,5,150,ols_all,295.719,271.65292176006415,579.1761218507137
9618,5,10,ols_all,236.674,235.18744230193442,2.209853789678041
9618,5,64,ols_all,684.476,682.2550574254233,4.932585919567491
9618,5,128,ols_all,261.766,256.9568126578977,23.128282891437447
9618,5,76,ols_all,460.586,499.5363828495301,1517.1323241249697
9618,5,288,ols_all,397.622,431.4088909429106,1141.5539995881336
9618,5,66,ols_all,336.651,365.44125226338565,828.8786253893819
9618,5,27,ols_all,368.838,393.7342742249907,619.8244702859358
9618,5,50,ols_all,693.382,604.8495461333796,7837.995387645262
9618,5,3,ols_all,351.575,407.4028003666617,3116.743293779836
9618,5,95,ols_all,549.954,538.5613515402752,129.79243892686978
9618,5,259,ols_all,246.634,238.9173699106891,59.54637993525808
9618,5,218,ols_all,296.661,288.6433815772916,64.28220517215283
9618,5,23,ols_all,237.449,251.003597612945,183.7271164488536
9618,5,164,ols_all,375.949,406.49756318970185,933.2147129552061
9618,5,197,ridge,194.136,191.4790302525859,7.059488238673796
9618,5,234,ridge,464.093,508.6020811457761,1981.0583044412783
9618,5,47,ridge,538.021,511.2991493620192,714.057301518553
9618,5,254,ridge,47.272,70.4015670965502,534.9768740738175
9618,5,7,ridge,237.352,222.70884379685418,214.42202358972796
9618,5,82,ridge,359.388,333.0081689573452,695.8954858390116
9618,5,171,ridge,451.066,428.55489503949025,506.7498465430856
9618,5,217,ridge,434.0,401.7591880322697,1039.46995633854
9618,5,184,ridge,351.269,422.15736830308595,5025.160760673959
9618,5,121,ridge,457.643,437.84275026688186,392.0498894938437
9618,5,38,ridge,347.959,327.12511428159786,434.0507941274408
9618,5,36,ridge,222.522,272.61899433034813,2509.7088409349335
9618,5,175,ridge,432.382,431.1138264321266,1.608264198252796
9618,5,199,ridge,446.437,419.46154598913824,727.6751190921182
9618,5,159,ridge,560.46,563.1973518907998,7.493095374065243
9618,5,29,ridge,302.033,331.74213912511004,882.6329475551435
9618,5,215,ridge,485.364,497.7628501187569,153.7314842673983
9618,5,154,ridge,237.824,235.92579530255858,3.6031810733887064
9618,5,52,ridge,246.515,279.7563092377226,1104.984639837901
9618,5,56,ridge,389.856,409.0375255677235,367.93092310523025
9618,5,123,ridge,485.218,477.70561030369936,56.4359989490843
9618,5,100,ridge,494.493,456.4764060791097,1445.2614133458712
9618,5,86,ridge,352.697,367.08426339471157,206.99334798880741
9618,5,14,ridge,362.784,346.96389157463744,250.2758305902271
9618,5,237,ridge,288.331,296.21230075911745,62.114901655665086
9618,5,285,ridge,416.209,423.9214755392067,59.48227894286179
9618,5,180,ridge,330.633,370.69871205255333,1605.2612822781189
9618,5,235,ridge,435.946,419.043175219054,285.7054855753638
9618,5,111,ridge,397.526,392.4713233696431,25.54975583747656
9618,5,261,ridge,235.459,279.29111732589377,1921.254509270916
9618,5,6,ridge,331.553,337.2093984858276,31.994843830472703
9618,5,43,ridge,366.327,342.693833119052,558.5265768227379
9618,5,22,ridge,368.133,336.8147063835054,980.8355150489664
9618,5,5,ridge,359.251,344.34402499218186,222.217903883714
9618,5,54,ridge,429.049,461.135242080951,1029.5269308773923
9618,5,193,ridge,271.297,279.3723767932314,65.21171035266
9618,5,61,ridge,309.279,304.42085088388853,23.601612834374585
9618,5,172,ridge,385.629,419.67505524561807,1159.1338777876763
9618,5,273,ridge,277.145,287.8914284077209,115.48572352227164
9618,5,8,ridge,522.37,488.1631064794917,1170.1115643233918
9618,5,4,ridge,540.085,494.1189490802356,2112.877837158376
9618,5,92,ridge,423.841,440.8282099631301,288.56530233146697
9618,5,200,ridge,438.666,435.4894319530638,10.090584556816134
9618,5,104,ridge,465.463,490.31278059079557,617.5115954106791
9618,5,230,ridge,373.927,374.07306467385837,0.021334888949345498
9618,5,150,ridge,295.719,271.94705572707596,565.1053345150057
9618,5,10,ridge,236.674,235.98871171831905,0.46962002900923455
9618,5,64,ridge,684.476,681.5848977477258,8.358472233105003
9618,5,128,ridge,261.766,257.38019105782433,19.23532007726821
9618,5,76,ridge,460.586,499.06242449810924,1480.4352421586998
9618,5,288,ridge,397.622,431.1138264321266,1121.7024377596922
9618,5,66,ridge,336.651,365.45963567556487,829.9374894874283
9618,5,27,ridge,368.838,393.5820002705863,612.2655493907748
9618,5,50,ridge,693.382,604.2570364015476,7943.259136425462
9618,5,3,ridge,351.575,407.3963549513354,3116.02366860298
9618,5,95,ridge,549.954,538.523423941153,130.65806903708383
9618,5,259,ridge,246.634,238.78086135296917,61.671786609489025
9618,5,218,ridge,296.661,288.64108652590863,64.31901213191227
9618,5,23,ridge,237.449,251.3848582242647,194.20814444680545
9618,5,164,ridge,375.949,406.4687576540108,931.4556072595501
9618,5,197,pls,194.136,191.34514501963844,7.7888715214089155
9618,5,234,pls,464.093,508.7863713885636,1997.497446076076
9618,5,47,pls,538.021,511.30126093223066,713.9444558496768
9618,5,254,pls,47.272,70.26588350731316,528.7186787478884
9618,5,7,pls,237.352,222.6058143998317,217.449989754611
9618,5,82,pls,359.388,332.80258129963534,706.7844874736979
9618,5,171,pls,451.066,428.5720685466936,505.97695222604705
9618,5,217,pls,434.0,401.89941099859027,1030.4478142374273
9618,5,184,pls,351.269,422.1945586590833,5030.434871103069
9618,5,121,pls,457.643,437.86026161552513,391.3567379885742
9618,5,38,pls,347.959,326.7279001421936,450.7596011721463
9618,5,36,pls,222.522,272.3925639858865,2487.0731522704014
9618,5,175,pls,432.382,431.4088909429128,0.9469412369851116
9618,5,199,pls,446.437,419.42345197743896,729.7317767672122
9618,5,159,pls,560.46,563.2320695484748,7.684369581580985
9618,5,29,pls,302.033,331.6984422746727,880.0384653519365
9618,5,215,pls,485.364,498.0079696716379,159.86996905729987
9618,5,154,pls,237.824,235.96754579549332,3.4464222134305675
9618,5,52,pls,246.515,279.9323689046938,1116.7205445123982
9618,5,56,pls,389.856,409.03301524088727,367.75791354922274
9618,5,123,pls,485.218,477.7001958733565,56.517378886578214
9618,5,100,pls,494.493,456.34842042145806,1455.0089512237184
9618,5,86,pls,352.697,367.03451878587384,205.56444493528528
9618,5,14,pls,362.784,346.7967722149695,255.59145225045071
9618,5,237,pls,288.331,296.2683932843098,63.002212149806184
9618,5,285,pls,416.209,423.92419736497004,59.52427038044062
9618,5,180,pls,330.633,370.62510240326685,1599.3682546333837
9618,5,235,pls,435.946,419.12511519777644,282.9421655296765
9618,5,111,pls,397.526,392.54778145675004,24.782659864357814
9618,5,261,pls,235.459,279.2910305485881,1921.2469020123585
9618,5,6,pls,331.553,337.5282716080288,35.703870789714806
9618,5,43,pls,366.327,342.70419364680424,558.0369800005858
9618,5,22,pls,368.133,336.63013206275895,992.4306882712492
9618,5,5,pls,359.251,344.42427565988487,219.83175465776173
9618,5,54,pls,429.049,461.095236005855,1026.9612421429579
9618,5,193,pls,271.297,279.59618265409745,68.87643272607153
9618,5,61,pls,309.279,304.32963360516305,24.496227710341238
9618,5,172,pls,385.629,419.5445438931965,1150.2641175713354
9618,5,273,pls,277.145,287.81859262688704,113.92557956473775
9618,5,8,pls,522.37,488.01586854295545,1180.2063481678986
9618,5,4,pls,540.085,494.2148775073573,2104.068137490049
9618,5,92,pls,423.841,441.6796800080649,318.21850443013426
9618,5,200,pls,438.666,435.53954106936516,9.774745444946346
9618,5,104,pls,465.463,490.4908298170218,626.3922653498039
9618,5,230,pls,373.927,374.1869265622411,0.0675618177584792
9618,5,150,pls,295.719,271.6529217600646,579.1761218506919
9618,5,10,pls,236.674,235.18744230193397,2.2098537896793933
9618,5,64,pls,684.476,682.255057425429,4.932585919542242
9618,5,128,pls,261.766,256.9568126578981,23.12828289143307
9618,5,76,pls,460.586,499.5363828495286,1517.1323241248501
9618,5,288,pls,397.622,431.4088909429128,1141.5539995882834
9618,5,66,pls,336.651,365.44125226338383,828.8786253892772
9618,5,27,pls,368.838,393.7342742249905,619.8244702859245
9618,5,50,pls,693.382,604.8495461333787,7837.995387645423
9618,5,3,pls,351.575,407.40280036665854,3116.7432937794806
9618,5,95,pls,549.954,538.5613515402733,129.79243892691122
9618,5,259,pls,246.634,238.9173699106904,59.5463799352379
9618,5,218,pls,296.661,288.64338157729316,64.28220517212822
9618,5,23,pls,237.449,251.0035976129447,183.7271164488459
9618,5,164,pls,375.949,406.4975631897015,933.2147129551853
9618,5,197,huber,194.136,190.08921167629524,16.37649573687318
9618,5,234,huber,464.093,509.4819245021977,2060.1544674662036
9618,5,47,huber,538.021,513.9879078613473,577.5895177449704
9618,5,254,huber,47.272,69.2994654573975,485.20923447684027
9618,5,7,huber,237.352,220.73608129898676,276.0887542786816
9618,5,82,huber,359.388,333.9584184573853,646.6636174324901
9618,5,171,huber,451.066,428.21951016647427,521.9620977133936
9618,5,217,huber,434.0,401.9587397082112,1026.64236108616
9618,5,184,huber,351.269,423.9272580418059,5279.2224616696485
9618,5,121,huber,457.643,439.2683092713218,337.6292593745712
9618,5,38,huber,347.959,327.7443969727365,408.6301755498498
9618,5,36,huber,222.522,272.3888497798804,2486.7027069691576
9618,5,175,huber,432.382,431.22234102223763,1.3448089447048794
9618,5,199,huber,446.437,418.6617149369576,771.4664603332673
9618,5,159,huber,560.46,566.4198659845288,35.520002553542646
9618,5,29,huber,302.033,331.12428846101545,846.30306432201
9618,5,215,huber,485.364,500.617510301394,232.66957651473422
9618,5,154,huber,237.824,238.22887433373202,0.16392322611493937
9618,5,52,huber,246.515,281.27646061389277,1208.359144011219
9618,5,56,huber,389.856,409.7339054311737,395.13112433068494
9618,5,123,huber,485.218,476.1023051759926,83.09589212443515
9618,5,100,huber,494.493,457.15759303572077,1393.93261318835
9618,5,86,huber,352.697,367.393593482668,215.98985999479933
9618,5,14,huber,362.784,346.51823677193397,264.57505339150475
9618,5,237,huber,288.331,297.68086489960996,87.419973640958
9618,5,285,huber,416.209,424.24771909485196,64.62100468593745
9618,5,180,huber,330.633,373.7797684324449,1861.6436261630238
9618,5,235,huber,435.946,417.672690435094,333.91384245488564
9618,5,111,huber,397.526,391.23472784836696,39.580105285913575
9618,5,261,huber,235.459,279.58951099705985,1947.5020008616198
9618,5,6,huber,331.553,338.66613110575395,50.59663412764442
9618,5,43,huber,366.327,342.66946826424373,559.6788078283148
9618,5,22,huber,368.133,338.1545683776961,898.7063625331505
9618,5,5,huber,359.251,344.71318745376226,211.34799362954678
9618,5,54,huber,429.049,461.1800862892214,1032.4067061253916
9618,5,193,huber,271.297,279.74291881650043,71.33354465491567
9618,5,61,huber,309.279,305.7303065650938,12.59322509494615
9618,5,172,huber,385.629,418.42491771066153,1075.5722184844815
9618,5,273,huber,277.145,288.37664779548163,126.1499122017478
9618,5,8,huber,522.37,488.9429549614688,1117.3673400079945
9618,5,4,huber,540.085,493.2907888437871,2189.698197732245
9618,5,92,huber,423.841,445.490326112092,468.69332110770904
9618,5,200,huber,438.666,435.43116203027967,10.464176690344356
9618,5,104,huber,465.463,492.0588987218573,707.3418288232898
9618,5,230,huber,373.927,375.04102177508696,1.241044515367856
9618,5,150,huber,295.719,271.1947142889846,601.4405896355146
9618,5,10,huber,236.674,234.78364877893674,3.5734277389753952
9618,5,64,huber,684.476,684.7435976057668,0.07160847861212878
9618,5,128,huber,261.766,258.1457751159186,13.106028211322458
9618,5,76,huber,460.586,500.31884173637707,1578.6987124479863
9618,5,288,huber,397.622,431.22234102223763,1128.982916810664
9618,5,66,huber,336.651,362.6989391973945,678.4951364311607
9618,5,27,huber,368.838,393.94432536085355,630.3275731250372
9618,5,50,huber,693.382,605.4965149469747,7723.858483005527
9618,5,3,huber,351.575,407.93598965047494,3176.561154380944
9618,5,95,huber,549.954,538.2699809676953,136.51630074725622
9618,5,259,huber,246.634,237.44163765352954,84.49952550880765
9618,5,218,huber,296.661,290.44018115292664,38.698587128103135
9618,5,23,huber,237.449,249.02347267928695,133.96841780355982
9618,5,164,huber,375.949,406.769177577059,949.8833458814495
9618,5,197,cart,194.136,247.34275000000002,2830.958245562503
9618,5,234,cart,464.093,488.8218,611.5135494399989
9618,5,47,cart,538.021,488.8218,2420.5612806399963
9618,5,254,cart,47.272,161.07511111111114,12951.14809856791
9618,5,7,cart,237.352,194.10379999999998,1870.4068032400023
9618,5,82,cart,359.388,312.4931818181818,2199.1239723057824
9618,5,171,cart,451.066,437.6422592592593,180.19681547462162
9618,5,217,cart,434.0,437.6422592592593,13.266052511659932
9618,5,184,cart,351.269,437.6422592592593,7460.339915067218
9618,5,121,cart,457.643,488.8218,972.1175694400015
9618,5,38,cart,347.959,292.41725,3084.8859930624976
9618,5,36,cart,222.522,292.41725,4885.345972562504
9618,5,175,cart,432.382,355.4415,5919.8405402499975
9618,5,199,cart,446.437,437.6422592592593,77.3474646968449
9618,5,159,cart,560.46,488.8218,5132.031699240006
9618,5,29,cart,302.033,292.41725,92.46264806249984
9618,5,215,cart,485.364,588.3366666666667,10603.370080444456
9618,5,154,cart,237.824,255.2292,302.9409870399993
9618,5,52,cart,246.515,295.48696,2398.2528662416025
9618,5,56,cart,389.856,437.6422592592593,2283.5265739931433
9618,5,123,cart,485.218,437.6422592592593,2263.4511070301783
9618,5,100,cart,494.493,488.8218,32.16250943999999
9618,5,86,cart,352.697,369.56711111111116,284.6006489012361
9618,5,14,cart,362.784,369.56711111111116,46.01059634567979
9618,5,237,cart,288.331,295.48696,51.2077635215999
9618,5,285,cart,416.209,437.6422592592593,459.38460247462336
9618,5,180,cart,330.633,355.4415,615.4616722500019
9618,5,235,cart,435.946,457.6585999999999,471.43699875999545
9618,5,111,cart,397.526,398.6821111111111,1.3365929012345463
9618,5,261,cart,235.459,264.50666666666666,843.7669387777772
9618,5,6,cart,331.553,295.48696,1300.759241281599
9618,5,43,cart,366.327,369.56711111111116,10.498320012346007
9618,5,22,cart,368.133,312.4931818181818,3095.7893673057824
9618,5,5,cart,359.251,437.6422592592593,6145.189528252407
9618,5,54,cart,429.049,457.6585999999999,818.5092121599968
9618,5,193,cart,271.297,266.96112500000004,18.79981201562489
9618,5,61,cart,309.279,295.48696,190.2203673615996
9618,5,172,cart,385.629,457.6585999999999,5188.263276159986
9618,5,273,cart,277.145,295.48696,336.42749664160107
9618,5,8,cart,522.37,518.7638333333333,13.004438027777983
9618,5,4,cart,540.085,518.7638333333333,454.59214802778035
9618,5,92,cart,423.841,295.48696,16474.7595843216
9618,5,200,cart,438.666,437.6422592592593,1.0480451042523589
9618,5,104,cart,465.463,457.6585999999999,60.90865936000157
9618,5,230,cart,373.927,408.95908333333335,1227.246862673611
9618,5,150,cart,295.719,292.41725,10.901553062499802
9618,5,10,cart,236.674,312.4931818181818,5748.548331578512
9618,5,64,cart,684.476,588.3366666666667,9242.771413777771
9618,5,128,cart,261.766,244.1095714285714,311.7494698979609
9618,5,76,cart,460.586,488.8218,797.260401639999
9618,5,288,cart,397.622,355.4415,1779.1945802499995
9618,5,66,cart,336.651,372.225,1265.5094760000009
9618,5,27,cart,368.838,320.5424,2332.4649793600033
9618,5,50,cart,693.382,588.3366666666667,11034.522055111092
9618,5,3,cart,351.575,437.6422592592593,7407.573116400554
9618,5,95,cart,549.954,457.6585999999999,8518.440861160005
9618,5,259,cart,246.634,312.4931818181818,4337.431829760333
9618,5,218,cart,296.661,295.48696,1.3783699215999785
9618,5,23,cart,237.449,266.96112500000004,870.9655220156266
9618,5,164,cart,375.949,320.5424,3069.891323560003
9618,5,197,subset_min,194.136,191.23691616708538,8.404687070266883
9618,5,234,subset_min,464.093,508.50629893477117,1972.541122269344
9618,5,47,subset_min,538.021,511.49826077579337,703.4556959552667
9618,5,254,subset_min,47.272,67.35707143689116,403.4100946250212
9618,5,7,subset_min,237.352,220.89256172154688,270.91310844220783
9618,5,82,subset_min,359.388,333.2093689362495,685.3207243719604
9618,5,171,subset_min,451.066,427.2751485822333,566.0046111822493
9618,5,217,subset_min,434.0,402.6951865240537,979.9913467637875
9618,5,184,subset_min,351.269,424.24286093084714,5325.184379154618
9618,5,121,subset_min,457.643,436.9883363587339,426.61513013383967
9618,5,38,subset_min,347.959,323.63451953750587,591.680349770259
9618,5,36,subset_min,222.522,270.99528282162464,2349.6591475052114
9618,5,175,subset_min,432.382,430.8387557897522,2.3816026924633316
9618,5,199,subset_min,446.437,417.2917187142064,849.4474212280307
9618,5,159,subset_min,560.46,565.2296164290415,22.749240880181965
9618,5,29,subset_min,302.033,332.42729601736426,923.8132303911638
9618,5,215,subset_min,485.364,499.5219312919254,200.44701846688105
9618,5,154,subset_min,237.824,237.53544560855062,0.08326363682473074
9618,5,52,subset_min,246.515,283.5534096105322,1371.843786477564
9618,5,56,subset_min,389.856,408.10523286494316,333.0345001589218
9618,5,123,subset_min,485.218,474.79135834898335,108.71485611871556
9618,5,100,subset_min,494.493,454.8891109531166,1568.4680276378517
9618,5,86,subset_min,352.697,366.34833869805857,186.35904824911137
9618,5,14,subset_min,362.784,344.5328676265301,333.10383291392054
9618,5,237,subset_min,288.331,298.1304765628362,96.02974090557524
9618,5,285,subset_min,416.209,423.20780050347054,48.9832084873794
9618,5,180,subset_min,330.633,371.6751353426498,1684.456873484386
9618,5,235,subset_min,435.946,417.5664003357766,337.80968381712114
9618,5,111,subset_min,397.526,391.29809754221594,38.786769023672846
9618,5,261,subset_min,235.459,279.8506973834008,1970.6227965794344
9618,5,6,subset_min,331.553,340.17630069130394,74.36131481264299
9618,5,43,subset_min,366.327,342.2913137040218,577.7142157186754
9618,5,22,subset_min,368.133,334.3397449524342,1141.984086709829
9618,5,5,subset_min,359.251,345.06799773444806,201.1575532646509
9618,5,54,subset_min,429.049,458.84551644427967,887.8323922142299
9618,5,193,subset_min,271.297,283.43438346121576,147.31607728459323
9618,5,61,subset_min,309.279,306.28056284445915,8.990625375727852
9618,5,172,subset_min,385.629,417.0125221483166,984.925462433876
9618,5,273,subset_min,277.145,287.7083610456659,111.58459658109268
9618,5,8,subset_min,522.37,486.2725155967118,1303.0283802456354
9618,5,4,subset_min,540.085,492.65789266173954,2249.330510474883
9618,5,92,subset_min,423.841,448.90415403594307,628.1616902294088
9618,5,200,subset_min,438.666,434.98751874125605,13.531224370930426
9618,5,104,subset_min,465.463,490.79111455759204,641.5133870425046
9618,5,230,subset_min,373.927,376.32453830410714,5.748189919660823
9618,5,150,subset_min,295.719,271.2642426392563,598.0351575728488
9618,5,10,subset_min,236.674,228.15924085887468,72.50112323137728
9618,5,64,subset_min,684.476,684.2514606350983,0.050417926390465974
9618,5,128,subset_min,261.766,255.70250535913118,36.765967259845134
9618,5,76,subset_min,460.586,502.0148514707229,1716.3497341832158
9618,5,288,subset_min,397.622,430.8387557897522,1103.3528651960362
9618,5,66,subset_min,336.651,362.50595147041633,668.4785155375832
9618,5,27,subset_min,368.838,395.320923506315,701.345237441331
9618,5,50,subset_min,693.382,607.0956405727081,7445.335823215791
9618,5,3,subset_min,351.575,407.45767076037055,3122.8728913119744
9618,5,95,subset_min,549.954,536.6956844131118,175.78293220152
9618,5,259,subset_min,246.634,239.33342126528993,53.29844986170071
9618,5,218,subset_min,296.661,289.12904347377713,56.73036911291129
9618,5,23,subset_min,237.449,249.7337306953911,150.91460825828406
9618,5,164,subset_min,375.949,405.56791954963785,877.2803952879185
9618,5,197,subset_1se,194.136,186.06781012615977,65.09568784033794
9618,5,234,subset_1se,464.093,508.86493736016956,2004.5263749829455
9618,5,47,subset_1se,538.021,527.9910040366216,100.60081902538666
9618,5,254,subset_1se,47.272,65.6127073610578,336.38154650395984
9618,5,7,subset_1se,237.352,218.8333747391392,342.9394815521918
9618,5,82,subset_1se,359.388,345.87799043664705,182.52035840188745
9618,5,171,subset_1se,451.066,420.4509176579915,937.2832668079584
9618,5,217,subset_1se,434.0,397.0909255142825,1362.2797793922423
9618,5,184,subset_1se,351.269,434.6959818659311,6960.061303258399
9618,5,121,subset_1se,457.643,446.0264786671528,134.94356787649374
9618,5,38,subset_1se,347.959,338.46553121002535,90.12594966622287
9618,5,36,subset_1se,222.522,275.6416397461814,2821.6961267640954
9618,5,175,subset_1se,432.382,423.2659501688006,83.1023645249107
9618,5,199,subset_1se,446.437,410.9664091297024,1258.1628166880394
9618,5,159,subset_1se,560.46,564.9908715429979,20.52879693914753
9618,5,29,subset_1se,302.033,329.09506238464303,732.3552205103103
9618,5,215,subset_1se,485.364,508.37274445403204,529.4023213509515
9618,5,154,subset_1se,237.824,249.70917793997552,141.2574546648804
9618,5,52,subset_1se,246.515,284.90961808743475,1474.1466980799728
9618,5,56,subset_1se,389.856,414.52384829394515,608.5027394530929
9618,5,123,subset_1se,485.218,465.9343279117288,371.8600092079699
9618,5,100,subset_1se,494.493,460.37997513116795,1163.6984657015535
9618,5,86,subset_1se,352.697,366.4487094043816,189.10951154255696
9618,5,14,subset_1se,362.784,343.94927564505167,354.74684152688343
9618,5,237,subset_1se,288.331,304.68445515945353,267.43549565225686
9618,5,285,subset_1se,416.209,420.4455743461116,17.948562190130772
9618,5,180,subset_1se,330.633,384.24288409363885,2874.0196725333935
9618,5,235,subset_1se,435.946,407.62097640500053,802.306961657278
9618,5,111,subset_1se,397.526,379.61292456813317,320.8782714277515
9618,5,261,subset_1se,235.459,278.91910509857803,1888.7807351794477
9618,5,6,subset_1se,331.553,336.4469127649176,23.950382150623582
9618,5,43,subset_1se,366.327,338.0290403708175,800.7745191748434
9618,5,22,subset_1se,368.133,346.6798136169955,460.23920598392937
9618,5,5,subset_1se,359.251,346.77416544588857,155.67140049066836
9618,5,54,subset_1se,429.049,462.474189563425,1117.243297350897
9618,5,193,subset_1se,271.297,275.67769097411843,19.19045341072249
9618,5,61,subset_1se,309.279,318.86219909954053,91.83770498143454
9618,5,172,subset_1se,385.629,411.05560991842134,646.5124919435615
9618,5,273,subset_1se,277.145,293.64254684683357,272.1690519634688
9618,5,8,subset_1se,522.37,492.0143620078109,921.4647579128335
9618,5,4,subset_1se,540.085,485.9574000196905,2929.797079628404
9618,5,92,subset_1se,423.841,440.04506084415505,262.5715878410785
9618,5,200,subset_1se,438.666,427.5991112738665,122.4760260766201
9618,5,104,subset_1se,465.463,496.3738917463596,955.4832285551618
9618,5,230,subset_1se,373.927,380.6113103204033,44.68000445944948
9618,5,150,subset_1se,295.719,271.9251460471234,566.1474859308208
9618,5,10,subset_1se,236.674,241.9862966781667,28.220495996860837
9618,5,64,subset_1se,684.476,679.4822004317659,24.938034127694753
9618,5,128,subset_1se,261.766,269.6845582287687,62.703564422400305
9618,5,76,subset_1se,460.586,490.1678250102974,875.0843709398564
9618,5,288,subset_1se,397.622,423.2659501688006,657.6121802599276
9618,5,66,subset_1se,336.651,350.59920155997315,194.55232675763722
9618,5,27,subset_1se,368.838,396.94713696536854,790.123580937847
9618,5,50,subset_1se,693.382,595.7659231997595,9528.898449870436
9618,5,3,subset_1se,351.575,408.47578834356545,3237.6997141192355
9618,5,95,subset_1se,549.954,530.8118946317433,366.4201979294417
9618,5,259,subset_1se,246.634,230.76374066073964,251.86513149538015
9618,5,218,subset_1se,296.661,300.3919378488742,13.919897232161977
9618,5,23,subset_1se,237.449,242.11434795734746,21.765471563126024
9618,5,164,subset_1se,375.949,410.75042118810427,1211.1389167118318
9618,5,197,adaptive_linear,194.136,191.23691616708538,8.404687070266883
9618,5,234,adaptive_linear,464.093,508.50629893477117,1972.541122269344
9618,5,47,adaptive_linear,538.021,511.49826077579337,703.4556959552667
9618,5,254,adaptive_linear,47.272,67.35707143689116,403.4100946250212
9618,5,7,adaptive_linear,237.352,220.89256172154688,270.91310844220783
9618,5,82,adaptive_linear,359.388,333.2093689362495,685.3207243719604
9618,5,171,adaptive_linear,451.066,427.2751485822333,566.0046111822493
9618,5,217,adaptive_linear,434.0,402.6951865240537,979.9913467637875
9618,5,184,adaptive_linear,351.269,424.24286093084714,5325.184379154618
9618,5,121,adaptive_linear,457.643,436.9883363587339,426.61513013383967
9618,5,38,adaptive_linear,347.959,323.63451953750587,591.680349770259
9618,5,36,adaptive_linear,222.522,270.99528282162464,2349.6591475052114
9618,5,175,adaptive_linear,432.382,430.8387557897522,2.3816026924633316
9618,5,199,adaptive_linear,446.437,417.2917187142064,849.4474212280307
9618,5,159,adaptive_linear,560.46,565.2296164290415,22.749240880181965
9618,5,29,adaptive_linear,302.033,332.42729601736426,923.8132303911638
9618,5,215,adaptive_linear,485.364,499.5219312919254,200.44701846688105
9618,5,154,adaptive_linear,237.824,237.53544560855062,0.08326363682473074
9618,5,52,adaptive_linear,246.515,283.5534096105322,1371.843786477564
9618,5,56,adaptive_linear,389.856,408.10523286494316,333.0345001589218
9618,5,123,adaptive_linear,485.218,474.79135834898335,108.71485611871556
9618,5,100,adaptive_linear,494.493,454.8891109531166,1568.4680276378517
9618,5,86,adaptive_linear,352.697,366.34833869805857,186.35904824911137
9618,5,14,adaptive_linear,362.784,344.5328676265301,333.10383291392054
9618,5,237,adaptive_linear,288.331,298.1304765628362,96.02974090557524
9618,5,285,adaptive_linear,416.209,423.20780050347054,48.9832084873794
9618,5,180,adaptive_linear,330.633,371.6751353426498,1684.456873484386
9618,5,235,adaptive_linear,435.946,417.5664003357766,337.80968381712114
9618,5,111,adaptive_linear,397.526,391.29809754221594,38.786769023672846
9618,5,261,adaptive_linear,235.459,279.8506973834008,1970.6227965794344
9618,5,6,adaptive_linear,331.553,340.17630069130394,74.36131481264299
9618,5,43,adaptive_linear,366.327,342.2913137040218,577.7142157186754
9618,5,22,adaptive_linear,368.133,334.3397449524342,1141.984086709829
9618,5,5,adaptive_linear,359.251,345.06799773444806,201.1575532646509
9618,5,54,adaptive_linear,429.049,458.84551644427967,887.8323922142299
9618,5,193,adaptive_linear,271.297,283.43438346121576,147.31607728459323
9618,5,61,adaptive_linear,309.279,306.28056284445915,8.990625375727852
9618,5,172,adaptive_linear,385.629,417.0125221483166,984.925462433876
9618,5,273,adaptive_linear,277.145,287.7083610456659,111.58459658109268
9618,5,8,adaptive_linear,522.37,486.2725155967118,1303.0283802456354
9618,5,4,adaptive_linear,540.085,492.65789266173954,2249.330510474883
9618,5,92,adaptive_linear,423.841,448.90415403594307,628.1616902294088
9618,5,200,adaptive_linear,438.666,434.98751874125605,13.531224370930426
9618,5,104,adaptive_linear,465.463,490.79111455759204,641.5133870425046
9618,5,230,adaptive_linear,373.927,376.32453830410714,5.748189919660823
9618,5,150,adaptive_linear,295.719,271.2642426392563,598.0351575728488
9618,5,10,adaptive_linear,236.674,228.15924085887468,72.50112323137728
9618,5,64,adaptive_linear,684.476,684.2514606350983,0.050417926390465974
9618,5,128,adaptive_linear,261.766,255.70250535913118,36.765967259845134
9618,5,76,adaptive_linear,460.586,502.0148514707229,1716.3497341832158
9618,5,288,adaptive_linear,397.622,430.8387557897522,1103.3528651960362
9618,5,66,adaptive_linear,336.651,362.50595147041633,668.4785155375832
9618,5,27,adaptive_linear,368.838,395.320923506315,701.345237441331
9618,5,50,adaptive_linear,693.382,607.0956405727081,7445.335823215791
9618,5,3,adaptive_linear,351.575,407.45767076037055,3122.8728913119744
9618,5,95,adaptive_linear,549.954,536.6956844131118,175.78293220152
9618,5,259,adaptive_linear,246.634,239.33342126528993,53.29844986170071
9618,5,218,adaptive_linear,296.661,289.12904347377713,56.73036911291129
9618,5,23,adaptive_linear,237.449,249.7337306953911,150.91460825828406
9618,5,164,adaptive_linear,375.949,405.56791954963785,877.2803952879185
19618,1,59,ols_all,234.039,250.78369136806214,280.38468901165504
19618,1,60,ols_all,427.584,414.56436453437664,169.51090765771778
19618,1,159,ols_all,560.46,573.7595522037197,176.8780888194659
19618,1,239,ols_all,279.075,242.17480880622566,1361.6241101371008
19618,1,198,ols_all,325.095,286.6486228485894,1478.1239160685082
19618,1,264,ols_all,273.541,347.9215327108084,5532.463646343635
19618,1,181,ols_all,330.392,340.02696215458764,92.8324957203361
19618,1,84,ols_all,449.319,408.92480760237527,1631.6907794563251
19618,1,267,ols_all,480.301,496.014495260795,246.91393331102736
19618,1,254,ols_all,47.272,67.21960296939915,397.90686422478177
19618,1,194,ols_all,546.888,532.5472651568173,205.65667584247603
19618,1,151,ols_all,446.733,447.0533818529177,0.10264453167898234
19618,1,12,ols_all,452.888,423.97211518695394,836.1283945213463
19618,1,103,ols_all,377.744,419.01337341940643,1703.161182430408
19618,1,259,ols_all,246.634,237.55878806399664,82.35947168337752
19618,1,128,ols_all,261.766,255.94742675851217,33.85579456655848
19618,1,174,ols_all,155.573,163.1638944754302,57.62167893711658
19618,1,102,ols_all,338.56,377.33943296969073,1503.8444214507365
19618,1,43,ols_all,366.327,341.4634260975647,618.1973072018613
19618,1,291,ols_all,235.961,291.81582275060055,3119.7612245010027
19618,1,210,ols_all,232.002,268.2812162838575,1316.1815341709087
19618,1,30,ols_all,192.327,191.8549606095537,0.22282118613291263
19618,1,78,ols_all,375.612,372.58434193524295,9.166713357088568
19618,1,36,ols_all,222.522,275.0205258450185,2756.0952159000744
19618,1,25,ols_all,365.837,380.3329760055842,210.1333203544736
19618,1,1,ols_all,383.079,350.10181096173665,1087.4949968653573
19618,1,10,ols_all,236.674,233.59074127934878,9.50648433847186
19618,1,248,ols_all,238.544,241.85374879650067,10.954437095937545
19618,1,76,ols_all,460.586,504.9383293854082,1967.1291219117447
19618,1,98,ols_all,308.471,343.1093245080483,1199.8135247248595
19618,1,281,ols_all,466.669,525.3706676002141,3445.88577904603
19618,1,134,ols_all,92.565,142.24469354794246,2468.071951017476
19618,1,83,ols_all,433.596,492.21822223323056,3436.5649395622713
19618,1,196,ols_all,495.64,489.91144454482423,32.81634760302386
19618,1,79,ols_all,400.908,508.7405435033322,11627.857438398032
19618,1,188,ols_all,296.717,302.4990243110942,33.43180513408474
19618,1,240,ols_all,489.073,432.2917846086398,3224.106421320041
19618,1,106,ols_all,272.919,270.5578015151889,5.5752582846742245
19618,1,195,ols_all,417.305,391.25200171823235,678.7587194697885
19618,1,131,ols_all,256.493,261.320936398537,23.308969868318606
19618,1,271,ols_all,335.279,347.9187040872039,159.7621194120785
19618,1,179,ols_all,236.114,266.540546532809,925.7747339131913
19618,1,275,ols_all,465.361,458.93363314425574,41.31104469831977
19618,1,101,ols_all,400.082,385.6734420160283,207.60654317747515
19618,1,272,ols_all,353.33,375.0379656874986,471.2357742896184
19618,1,4,ols_all,540.085,494.0946611450829,2115.1112679901
19618,1,8,ols_all,522.37,491.2517592590418,968.3449068122299
19618,1,201,ols_all,240.086,196.7565496556806,1877.4412671408415
19618,1,203,ols_all,418.3,446.05682016472815,770.4410656570586
19618,1,137,ols_all,496.924,473.8104597489221,534.2357429381979
19618,1,292,ols_all,441.085,431.51846519404694,91.51858819351098
19618,1,207,ols_all,445.128,434.5815933615147,111.22669298428639
19618,1,115,ols_all,296.802,274.1464547292637,513.2737315143818
19618,1,177,ols_all,251.746,250.613322631757,1.2829580205299083
19618,1,29,ols_all,302.033,332.68971103993454,939.8339317860432
19618,1,96,ols_all,279.435,347.2009808510395,4592.228160703452
19618,1,274,ols_all,319.388,330.74500835344907,128.98163874031238
19618,1,214,ols_all,271.25,274.6728288373165,11.715757249565433
19618,1,228,ols_all,330.83,354.11080209886245,541.995746366399
19618,1,143,ols_all,494.933,499.4505157607116,20.40794864827774
19618,1,59,ridge,234.039,251.89538016797462,318.8503127032378
19618,1,60,ridge,427.584,414.0621454290405,182.8405510381777
19618,1,159,ridge,560.46,573.3984031421304,167.402275868289
19618,1,239,ridge,279.075,242.58016942069798,1331.8726590119566
19618,1,198,ridge,325.095,287.55102097917415,1409.5503607162132
19618,1,264,ridge,273.541,347.00418147548226,5396.83903249964
19618,1,181,ridge,330.392,340.1605911197324,95.42537246451427
19618,1,84,ridge,449.319,409.12728931572275,1615.3736077286476
19618,1,267,ridge,480.301,494.9570335276354,214.7993187631738
19618,1,254,ridge,47.272,67.76702193439587,420.0459240913679
19618,1,194,ridge,546.888,531.2696653953028,243.93237582428281
19618,1,151,ridge,446.733,447.16516364022624,0.18676541193359125
19618,1,12,ridge,452.888,423.2976636370531,875.588006072335
19618,1,103,ridge,377.744,419.27073254206033,1724.46951561981
19618,1,259,ridge,246.634,236.81535217899608,96.40584503290476
19618,1,128,ridge,261.766,257.8161049373421,15.60167100600927
19618,1,174,ridge,155.573,163.27520098792627,59.32390005841227
19618,1,102,ridge,338.56,377.6286942756813,1526.3628724066534
19618,1,43,ridge,366.327,341.3135628616414,625.6720374746171
19618,1,291,ridge,235.961,291.99898497204504,3140.255759727144
19618,1,210,ridge,232.002,268.862367856467,1358.6867185140661
19618,1,30,ridge,192.327,190.56709135227896,3.097278448323277
19618,1,78,ridge,375.612,372.99388071032195,6.85454861498444
19618,1,36,ridge,222.522,275.8669198867343,2845.6804777221023
19618,1,25,ridge,365.837,380.1657045302827,205.31177351614457
19618,1,1,ridge,383.079,349.9900076327176,1094.881415882073
19618,1,10,ridge,236.674,237.18635699615004,0.2625096915038842
19618,1,248,ridge,238.544,240.40742054790053,3.4723361383378646
19618,1,76,ridge,460.586,502.86668614335366,1787.6564207527772
19618,1,98,ridge,308.471,342.17395262045875,1135.889015336887
19618,1,281,ridge,466.669,524.1532645304801,3304.4406686102147
19618,1,134,ridge,92.565,142.5481225349451,2498.312538343336
19618,1,83,ridge,433.596,491.9879292813756,3409.61740520117
19618,1,196,ridge,495.64,489.8705092070704,33.28702400969896
19618,1,79,ridge,400.908,507.26266531900774,11311.314835118144
19618,1,188,ridge,296.717,303.4620784580374,45.49608340508054
19618,1,240,ridge,489.073,432.9071028298871,3154.6080049236944
19618,1,106,ridge,272.919,270.8166618655768,4.419825631449928
19618,1,195,ridge,417.305,390.7033067600197,707.650083234014
19618,1,131,ridge,256.493,261.2106003359129,22.255752929405425
19618,1,271,ridge,335.279,347.0781043160663,139.2188626614142
19618,1,179,ridge,236.114,266.48538614845353,922.4210965784746
19618,1,275,ridge,465.361,457.94868275414177,54.94244695324717
19618,1,101,ridge,400.082,385.09825776711034,224.51253130168104
19618,1,272,ridge,353.33,375.8515648672411,507.2208840693497
19618,1,4,ridge,540.085,493.6889266987855,2152.5956177716716
19618,1,8,ridge,522.37,491.87759496563444,929.7867647798022
19618,1,201,ridge,240.086,195.56477919406063,1982.1391020512094
19618,1,203,ridge,418.3,445.83146260014786,757.9814329033396
19618,1,137,ridge,496.924,474.0011241574615,525.458236892434
19618,1,292,ridge,441.085,430.84193675664585,104.9203446073524
19618,1,207,ridge,445.128,434.607752105093,110.6756157702943
19618,1,115,ridge,296.802,275.1603838179978,468.3595509691005
19618,1,177,ridge,251.746,249.33501116699892,5.812867152855932
19618,1,29,ridge,302.033,332.6305831288935,936.2120933295458
19618,1,96,ridge,279.435,347.9502768020637,4694.343155263406
19618,1,274,ridge,319.388,329.49998982948506,102.25233831160975
19618,1,214,ridge,271.25,273.56187432946024,5.344762915217226
19618,1,228,ridge,330.83,353.53030843621144,515.3040030991331
19618,1,143,ridge,494.933,499.6939788934247,22.666920023635406
19618,1,59,pls,234.039,250.64122098663887,275.63374168919256
19618,1,60,pls,427.584,414.6505551667738,167.27399525410522
19618,1,159,pls,560.46,574.0024751668968,183.39863364601632
19618,1,239,pls,279.075,241.9440047094051,1378.7108112701792
19618,1,198,pls,325.095,286.4939119169684,1490.0440011939675
19618,1,264,pls,273.541,348.028657349266,5548.41109738166
19618,1,181,pls,330.392,340.1531788274338,95.28061210114208
19618,1,84,pls,449.319,409.0751163787712,1619.570168919008
19618,1,267,pls,480.301,495.83236710581355,241.22336417554743
19618,1,254,pls,47.272,66.70314268904917,377.5693062021892
19618,1,194,pls,546.888,532.6139889667188,203.7473909782342
19618,1,151,pls,446.733,447.0356140308709,0.09157525167991615
19618,1,12,pls,452.888,423.9267346949394,838.7548880701056
19618,1,103,pls,377.744,419.2280279033843,1720.9245710887662
19618,1,259,pls,246.634,237.2297590846463,88.43974719401227
19618,1,128,pls,261.766,255.68978239430177,36.920420391797336
19618,1,174,pls,155.573,163.14242999521795,57.29627045250514
19618,1,102,pls,338.56,377.5524444465657,1520.4107239185112
19618,1,43,pls,366.327,341.2032867295182,631.2009684973833
19618,1,291,pls,235.961,291.7224734167646,3109.3419176085454
19618,1,210,pls,232.002,268.1935428724818,1309.8277754906894
19618,1,30,pls,192.327,191.80153662773708,0.2761117555899194
19618,1,78,pls,375.612,372.48518737323485,9.776957202898117
19618,1,36,pls,222.522,274.91499130429787,2745.0255378122333
19618,1,25,pls,365.837,380.3868657354433,211.69859291942674
19618,1,1,pls,383.079,349.97217120134087,1096.062113103726
19618,1,10,pls,236.674,233.36447632941747,10.952946926146101
19618,1,248,pls,238.544,241.82099897805176,10.738722302152217
19618,1,76,pls,460.586,504.82020626671203,1956.6650040460252
19618,1,98,pls,308.471,342.65207458816326,1168.34586000158
19618,1,281,pls,466.669,525.3907536569832,3448.2443525514195
19618,1,134,pls,92.565,141.52697428975904,2397.2749263510254
19618,1,83,pls,433.596,492.2998352709609,3446.1402755201125
19618,1,196,pls,495.64,489.7948480438873,34.16580139004764
19618,1,79,pls,400.908,508.6338095489871,11604.850042984632
19618,1,188,pls,296.717,302.5009187252138,33.45371581987909
19618,1,240,pls,489.073,432.32007015089357,3220.8950464575933
19618,1,106,pls,272.919,270.4003058153029,6.343820396026973
19618,1,195,pls,417.305,391.189037072478,682.043519631703
19618,1,131,pls,256.493,261.29867508192535,23.094512993038297
19618,1,271,pls,335.279,348.0981230010319,164.32991451558578
19618,1,179,pls,236.114,266.4127258987444,918.0127910872434
19618,1,275,pls,465.361,459.1406366805518,38.69291982593676
19618,1,101,pls,400.082,385.4530242300228,214.0069320785805
19618,1,272,pls,353.33,375.0744694098896,472.82194991762594
19618,1,4,pls,540.085,494.14802568078557,2110.2056096041697
19618,1,8,pls,522.37,491.24330060334165,968.8714153299314
19618,1,201,pls,240.086,196.72171285018882,1880.46140001128
19618,1,203,pls,418.3,445.99654204020146,767.0984409846463
19618,1,137,pls,496.924,473.92456940817226,528.9738075483007
19618,1,292,pls,441.085,431.4493882732596,92.84501334849644
19618,1,207,pls,445.128,434.410093977772,114.87350950131047
19618,1,115,pls,296.802,273.9381389160844,522.75614366459
19618,1,177,pls,251.746,250.41826160743972,1.7628892390785877
19618,1,29,pls,302.033,332.56289981899334,932.0747829577689
19618,1,96,pls,279.435,347.24847497922855,4598.667388758456
19618,1,274,pls,319.388,330.92633126129004,133.13308829526366
19618,1,214,pls,271.25,274.8378399632246,12.872595601711572
19618,1,228,pls,330.83,354.04316078606735,538.8508336798155
19618,1,143,pls,494.933,499.32997482910247,19.333387647760745
19618,1,59,huber,234.039,250.48817738329592,270.57543658713445
19618,1,60,huber,427.584,413.95707879301915,185.69298158126452
19618,1,159,huber,560.46,575.3148255039889,220.6658407539584
19618,1,239,huber,279.075,242.11662211315178,1365.9216960270708
19618,1,198,huber,325.095,286.40957150472224,1496.5623778632507
19618,1,264,huber,273.541,347.28591247997423,5438.312116679059
19618,1,181,huber,330.392,339.48299085281275,82.64611468592513
19618,1,84,huber,449.319,408.5224162835303,1664.361242934924
19618,1,267,huber,480.301,494.90826786584284,213.37227450448535
19618,1,254,huber,47.272,67.20260762724331,397.22912039112924
19618,1,194,huber,546.888,531.7814942687331,228.2065154087999
19618,1,151,huber,446.733,446.18119938802374,0.30448391537737696
19618,1,12,huber,452.888,422.4781080239329,924.7615299960677
19618,1,103,huber,377.744,418.3274015383543,1647.0124804232967
19618,1,259,huber,246.634,236.4389828836416,103.93837400284075
19618,1,128,huber,261.766,257.82436449269767,15.536490472426662
19618,1,174,huber,155.573,162.26699900736963,44.80962271066554
19618,1,102,huber,338.56,376.517799577622,1440.7945487749196
19618,1,43,huber,366.327,341.3874537355696,621.9809678756652
19618,1,291,huber,235.961,292.22761700494556,3165.932189181227
19618,1,210,huber,232.002,268.8086420539081,1354.7288992845158
19618,1,30,huber,192.327,191.63181895047268,0.4832766916219072
19618,1,78,huber,375.612,372.7870791427132,7.980177849934141
19618,1,36,huber,222.522,275.6757407405086,2825.3201547092062
19618,1,25,huber,365.837,379.8860910417769,197.37695910013687
19618,1,1,huber,383.079,350.2522534061182,1077.5952919389308
19618,1,10,huber,236.674,235.69098462170462,0.9663192339652316
19618,1,248,huber,238.544,241.95377733303158,11.626581460855888
19618,1,76,huber,460.586,503.15264994508533,1811.9196875474317
19618,1,98,huber,308.471,342.4126234021358,1152.033799172413
19618,1,281,huber,466.669,523.6989401572648,3252.414074341208
19618,1,134,huber,92.565,141.92367657862889,2436.278953593688
19618,1,83,huber,433.596,492.51309512535465,3471.2240980100887
19618,1,196,huber,495.64,489.21309767941636,41.30507343832315
19618,1,79,huber,400.908,507.67003258522294,11398.131601728202
19618,1,188,huber,296.717,302.5273525616174,33.76019689029429
19618,1,240,huber,489.073,432.8929267005633,3156.200635930079
19618,1,106,huber,272.919,271.560615884962,1.8452074039875888
19618,1,195,huber,417.305,389.54786595199505,770.4584905589161
19618,1,131,huber,256.493,261.4468436834849,24.54056724040301
19618,1,271,huber,335.279,347.66472655957256,153.40622240850115
19618,1,179,huber,236.114,267.2399386362068,968.8240559849093
19618,1,275,huber,465.361,458.45956746285447,47.62977106477091
19618,1,101,huber,400.082,384.50831516543354,242.53965932640503
19618,1,272,huber,353.33,375.276737138002,481.6592710045559
19618,1,4,huber,540.085,492.79211760390297,2236.616725331068
19618,1,8,huber,522.37,491.78542916499566,935.4159731613983
19618,1,201,huber,240.086,196.18727936442477,1927.0976734402798
19618,1,203,huber,418.3,444.5212357487775,687.5532041929657
19618,1,137,huber,496.924,473.63099214569496,542.5642149007152
19618,1,292,huber,441.085,429.9153824769939,124.76035561024452
19618,1,207,huber,445.128,435.22282494596675,98.11249285104233
19618,1,115,huber,296.802,274.3868033116811,502.4410425760239
19618,1,177,huber,251.746,250.12447604761098,2.6293399281713286
19618,1,29,huber,302.033,332.8028093376133,946.7811666730753
19618,1,96,huber,279.435,347.99003602556877,4699.792964467031
19618,1,274,huber,319.388,329.8493101638236,109.4390103437192
19618,1,214,huber,271.25,274.77923251852815,12.455482169836527
19618,1,228,huber,330.83,354.70065617984096,569.8082264561803
19618,1,143,huber,494.933,498.893710766323,15.687229774467069
19618,1,59,cart,234.039,304.9055555555555,5022.068696308637
19618,1,60,cart,427.584,416.6146,120.32773636000016
19618,1,159,cart,560.46,484.2195,5812.613840250008
19618,1,239,cart,279.075,170.73125,11738.3681640625
19618,1,198,cart,325.095,257.39616666666666,4583.132034694449
19618,1,264,cart,273.541,340.39328571428575,4469.228105224495
19618,1,181,cart,330.392,287.0679166666667,1876.9761966736087
19618,1,84,cart,449.319,385.0978888888888,4124.351112345692
19618,1,267,cart,480.301,448.7778333333333,993.7100366944445
19618,1,254,cart,47.272,170.73125,15242.186410562499
19618,1,194,cart,546.888,547.2786666666667,0.15262044444445108
19618,1,151,cart,446.733,416.5748,909.5170272400013
19618,1,12,cart,452.888,386.9708333333333,4345.072861361112
19618,1,103,cart,377.744,429.29380000000003,2657.3818800400004
19618,1,259,cart,246.634,329.25736842105266,6826.621009241005
19618,1,128,cart,261.766,263.877,4.456320999999957
19618,1,174,cart,155.573,170.73125,229.77254306249944
19618,1,102,cart,338.56,334.337,17.833729000000112
19618,1,43,cart,366.327,279.3686666666666,7561.751736111118
19618,1,291,cart,235.961,293.0992857142857,3264.7836943673456
19618,1,210,cart,232.002,247.68379999999996,245.91885123999853
19618,1,30,cart,192.327,170.73125,466.3764180625004
19618,1,78,cart,375.612,360.7116,222.0219201600014
19618,1,36,cart,222.522,293.0992857142857,4981.153258795919
19618,1,25,cart,365.837,438.0784,5218.81987396
19618,1,1,cart,383.079,329.25736842105266,2896.768025819942
19618,1,10,cart,236.674,264.07633333333337,750.8878721111125
19618,1,248,cart,238.544,247.68379999999996,83.53594403999911
19618,1,76,cart,460.586,427.76900000000006,1076.9554889999968
19618,1,98,cart,308.471,293.0992857142857,236.28960008163278
19618,1,281,cart,466.669,515.5162,2386.048947840004
19618,1,134,cart,92.565,170.73125,6109.962639062499
19618,1,83,cart,433.596,416.6146,288.36794596000027
19618,1,196,cart,495.64,515.5162,395.06332644000156
19618,1,79,cart,400.908,504.46619999999996,10724.300787239988
19618,1,188,cart,296.717,329.25736842105266,1058.8755769778422
19618,1,240,cart,489.073,448.7778333333333,1623.7004566944438
19618,1,106,cart,272.919,264.07633333333337,78.19275377777689
19618,1,195,cart,417.305,386.9708333333333,920.1616673611134
19618,1,131,cart,256.493,263.877,54.523456000000216
19618,1,271,cart,335.279,355.1598888888889,395.24974301234516
19618,1,179,cart,236.114,293.0992857142857,3247.322787938775
19618,1,275,cart,465.361,484.2195,355.6430222499997
19618,1,101,cart,400.082,304.9055555555555,9058.555577086427
19618,1,272,cart,353.33,355.1598888888889,3.34849334567901
19618,1,4,cart,540.085,515.5162,603.6259334400005
19618,1,8,cart,522.37,484.2195,1455.4606502500017
19618,1,201,cart,240.086,170.73125,4810.081347562504
19618,1,203,cart,418.3,429.29380000000003,120.86363844000047
19618,1,137,cart,496.924,456.602,1625.8636840000001
19618,1,292,cart,441.085,386.9708333333333,2928.3430340277787
19618,1,207,cart,445.128,456.602,131.65267599999976
19618,1,115,cart,296.802,293.0992857142857,13.710093081632815
19618,1,177,cart,251.746,257.39616666666666,31.924383361110916
19618,1,29,cart,302.033,293.0992857142857,79.8112509387758
19618,1,96,cart,279.435,340.39328571428575,3715.912597224494
19618,1,274,cart,319.388,304.9055555555555,209.74119708642044
19618,1,214,cart,271.25,263.877,54.361128999999856
19618,1,228,cart,330.83,329.25736842105266,2.4731700831023513
19618,1,143,cart,494.933,456.602,1469.2655610000013
19618,1,59,subset_min,234.039,248.95029661690205,222.34676679723492
19618,1,60,subset_min,427.584,414.486612782762,171.5415519182696
19618,1,159,subset_min,560.46,574.4813428203902,196.59805448690628
19618,1,239,subset_min,279.075,243.11822967510733,1292.8893321970813
19618,1,198,subset_min,325.095,285.2093249882182,1590.867071145476
19618,1,264,subset_min,273.541,348.97727740284995,5690.63194839973
19618,1,181,subset_min,330.392,339.47338119174213,82.47148434972787
19618,1,84,subset_min,449.319,408.03895368262084,1704.04222396497
19618,1,267,subset_min,480.301,496.37442378906326,258.35495230282504
19618,1,254,subset_min,47.272,66.8943228359135,385.0355534768124
19618,1,194,subset_min,546.888,532.856119151427,196.89368014854963
19618,1,151,subset_min,446.733,447.50952828529483,0.6029961778629294
19618,1,12,subset_min,452.888,423.45092490299044,866.5413902669792
19618,1,103,subset_min,377.744,417.94282349933724,1615.9454107308654
19618,1,259,subset_min,246.634,237.30498923941263,87.0304417711546
19618,1,128,subset_min,261.766,254.894007635035,47.22427906413758
19618,1,174,subset_min,155.573,163.1038414227571,56.71357253471428
19618,1,102,subset_min,338.56,376.79651139421884,1462.030803600227
19618,1,43,subset_min,366.327,341.24215262899764,629.2495676264837
19618,1,291,subset_min,235.961,292.21543879141836,3164.5618837374336
19618,1,210,subset_min,232.002,268.3083479350488,1318.1509003808217
19618,1,30,subset_min,192.327,193.00055165124738,0.45367182689807134
19618,1,78,subset_min,375.612,371.7113487836021,15.215079911986669
19618,1,36,subset_min,222.522,274.79763892885893,2732.742425420432
19618,1,25,subset_min,365.837,380.01677010599695,201.0658802589252
19618,1,1,subset_min,383.079,350.6985502458205,1048.4935262829429
19618,1,10,subset_min,236.674,231.27059808283448,29.196752278428065
19618,1,248,subset_min,238.544,243.25143854732505,22.159977676841685
19618,1,76,subset_min,460.586,505.1974317243389,1990.1798404953513
19618,1,98,subset_min,308.471,343.9160641934683,1256.3525756790875
19618,1,281,subset_min,466.669,526.1375862218624,3536.512747227087
19618,1,134,subset_min,92.565,141.6782375825103,2412.1101058361014
19618,1,83,subset_min,433.596,492.3956594801716,3457.3999549841355
19618,1,196,subset_min,495.64,489.4894224278381,37.82960447118054
19618,1,79,subset_min,400.908,510.28329914137817,11962.956062265956
19618,1,188,subset_min,296.717,303.20364839631884,42.07660741746598
19618,1,240,subset_min,489.073,431.61828423645954,3301.044363469222
19618,1,106,subset_min,272.919,270.9367060064091,3.9294894770264484
19618,1,195,subset_min,417.305,391.17880824804433,682.5778954599566
19618,1,131,subset_min,256.493,260.89884360099904,19.411457836464265
19618,1,271,subset_min,335.279,348.15796978731254,165.86786278250926
19618,1,179,subset_min,236.114,266.98273856622444,952.8790206699119
19618,1,275,subset_min,465.361,459.3831026459904,35.735256775074966
19618,1,101,subset_min,400.082,386.16866217927526,193.5809693136093
19618,1,272,subset_min,353.33,373.98680910079537,426.7037622267031
19618,1,4,subset_min,540.085,493.81237428426374,2141.15589062862
19618,1,8,subset_min,522.37,490.92448370550835,988.82049502714
19618,1,201,subset_min,240.086,197.60158069772797,1804.9258834512655
19618,1,203,subset_min,418.3,445.70920530102734,751.2645352338645
19618,1,137,subset_min,496.924,474.62300207535844,497.33450843486605
19618,1,292,subset_min,441.085,431.39778064857296,93.8422187626621
19618,1,207,subset_min,445.128,435.5638888165528,91.47222272933999
19618,1,115,subset_min,296.802,276.0090341202713,432.3474300755636
19618,1,177,subset_min,251.746,251.8369079932079,0.008264263229083635
19618,1,29,subset_min,302.033,332.29468454577176,915.7695515478003
19618,1,96,subset_min,279.435,347.0752391877381,4575.201957374417
19618,1,274,subset_min,319.388,331.90623278785523,156.70615213093433
19618,1,214,subset_min,271.25,276.13001130002544,23.814510288376024
19618,1,228,subset_min,330.83,354.0789006071507,540.5113794411716
19618,1,143,subset_min,494.933,500.4555354279075,30.49839755249331
19618,1,59,subset_1se,234.039,233.79900354212086,0.057598299794528934
19618,1,60,subset_1se,427.584,403.7247117588434,569.2656353745939
19618,1,159,subset_1se,560.46,572.3545784457399,141.4809964018591
19618,1,239,subset_1se,279.075,245.5080212420806,1126.7420629346122
19618,1,198,subset_1se,325.095,273.65548967774754,2646.02322219312
19618,1,264,subset_1se,273.541,339.2567480117895,4318.559536749018
19618,1,181,subset_1se,330.392,342.29406589133856,141.6591724817649
19618,1,84,subset_1se,449.319,413.8021695606777,1261.4452444555704
19618,1,267,subset_1se,480.301,480.8419091735824,0.29258273406560176
19618,1,254,subset_1se,47.272,60.15275401137478,165.91382390154757
19618,1,194,subset_1se,546.888,522.1683875676755,611.0592388043339
19618,1,151,subset_1se,446.733,443.3994182562791,11.112767242069364
19618,1,12,subset_1se,452.888,410.599090087939,1788.3519015504112
19618,1,103,subset_1se,377.744,408.0760531996583,920.0334513068999
19618,1,259,subset_1se,246.634,226.48176115434248,406.11273049242743
19618,1,128,subset_1se,261.766,270.1124054669242,69.66248421830187
19618,1,174,subset_1se,155.573,157.9298299199104,5.554647271384777
19618,1,102,subset_1se,338.56,377.683204460676,1530.625127271858
19618,1,43,subset_1se,366.327,336.9096987002306,865.3776157614147
19618,1,291,subset_1se,235.961,289.5053660971777,2866.999140748594
19618,1,210,subset_1se,232.002,270.5490452150487,1485.8746948110077
19618,1,30,subset_1se,192.327,194.5326423577439,4.86485821027406
19618,1,78,subset_1se,375.612,370.6628365757614,24.49421859982148
19618,1,36,subset_1se,222.522,275.42373484002627,2798.5935490844504
19618,1,25,subset_1se,365.837,381.55321518599766,246.99941977258374
19618,1,1,subset_1se,383.079,347.11528391280393,1293.3888748004458
19618,1,10,subset_1se,236.674,242.32915596325267,31.980788968712208
19618,1,248,subset_1se,238.544,241.90711825329203,11.310564385625934
19618,1,76,subset_1se,460.586,489.2325188894956,820.6230444862288
19618,1,98,subset_1se,308.471,330.87716269551385,502.0361267378361
19618,1,281,subset_1se,466.669,515.2434480697802,2359.4770052837794
19618,1,134,subset_1se,92.565,122.38523466895353,889.2463957114581
19618,1,83,subset_1se,433.596,487.1137131310601,2864.14561877844
19618,1,196,subset_1se,495.64,488.3235594209764,53.53030274638328
19618,1,79,subset_1se,400.908,511.4701616125268,12223.991580434491
19618,1,188,subset_1se,296.717,311.28306148636375,212.17014722452976
19618,1,240,subset_1se,489.073,437.50871180635477,2658.875816917299
19618,1,106,subset_1se,272.919,272.9631057926045,0.0019453209412722133
19618,1,195,subset_1se,417.305,376.04341877478316,1702.5180852051672
19618,1,131,subset_1se,256.493,263.11524456625443,43.85412309528642
19618,1,271,subset_1se,335.279,351.6947065043274,269.47542003621794
19618,1,179,subset_1se,236.114,268.5324581012482,1050.9564256623853
19618,1,275,subset_1se,465.361,460.65469512397283,22.149305586117034
19618,1,101,subset_1se,400.082,380.5112621911788,383.01377838162387
19618,1,272,subset_1se,353.33,370.4851135179453,294.2979198135904
19618,1,4,subset_1se,540.085,486.08376972942784,2916.1328707353628
19618,1,8,subset_1se,522.37,494.8017761310866,760.0069672865253
19618,1,201,subset_1se,240.086,192.73987241967,2241.6557968528855
19618,1,203,subset_1se,418.3,435.60524820877265,299.47161556722864
19618,1,137,subset_1se,496.924,478.3334166942576,345.60978764774694
19618,1,292,subset_1se,441.085,418.057442900664,530.2683859631788
19618,1,207,subset_1se,445.128,449.5021439014476,19.13313487057132
19618,1,115,subset_1se,296.802,274.1909776005111,511.25833395019083
19618,1,177,subset_1se,251.746,240.2622063062682,131.8775176001942
19618,1,29,subset_1se,302.033,329.33835684536683,745.5825124528204
19618,1,96,subset_1se,279.435,357.1943246344996,6046.512567613495
19618,1,274,subset_1se,319.388,328.26462387660524,78.79445144671868
19618,1,214,subset_1se,271.25,276.7093726064257,29.804749255791215
19618,1,228,subset_1se,330.83,351.44175359793206,424.844386381866
19618,1,143,subset_1se,494.933,491.76918268603936,10.009739996117089
19618,1,59,adaptive_linear,234.039,248.95029661690205,222.34676679723492
19618,1,60,adaptive_linear,427.584,414.486612782762,171.5415519182696
19618,1,159,adaptive_linear,560.46,574.4813428203902,196.59805448690628
19618,1,239,adaptive_linear,279.075,243.11822967510733,1292.8893321970813
19618,1,198,adaptive_linear,325.095,285.2093249882182,1590.867071145476
19618,1,264,adaptive_linear,273.541,348.97727740284995,5690.63194839973
19618,1,181,adaptive_linear,330.392,339.47338119174213,82.47148434972787
19618,1,84,adaptive_linear,449.319,408.03895368262084,1704.04222396497
19618,1,267,adaptive_linear,480.301,496.37442378906326,258.35495230282504
19618,1,254,adaptive_linear,47.272,66.8943228359135,385.0355534768124
19618,1,194,adaptive_linear,546.888,532.856119151427,196.89368014854963
19618,1,151,adaptive_linear,446.733,447.50952828529483,0.6029961778629294
19618,1,12,adaptive_linear,452.888,423.45092490299044,866.5413902669792
19618,1,103,adaptive_linear,377.744,417.94282349933724,1615.9454107308654
19618,1,259,adaptive_linear,246.634,237.30498923941263,87.0304417711546
19618,1,128,adaptive_linear,261.766,254.894007635035,47.22427906413758
19618,1,174,adaptive_linear,155.573,163.1038414227571,56.71357253471428
19618,1,102,adaptive_linear,338.56,376.79651139421884,1462.030803600227
19618,1,43,adaptive_linear,366.327,341.24215262899764,629.2495676264837
19618,1,291,adaptive_linear,235.961,292.21543879141836,3164.5618837374336
19618,1,210,adaptive_linear,232.002,268.3083479350488,1318.1509003808217
19618,1,30,adaptive_linear,192.327,193.00055165124738,0.45367182689807134
19618,1,78,adaptive_linear,375.612,371.7113487836021,15.215079911986669
19618,1,36,adaptive_linear,222.522,274.79763892885893,2732.742425420432
19618,1,25,adaptive_linear,365.837,380.01677010599695,201.0658802589252
19618,1,1,adaptive_linear,383.079,350.6985502458205,1048.4935262829429
19618,1,10,adaptive_linear,236.674,231.27059808283448,29.196752278428065
19618,1,248,adaptive_linear,238.544,243.25143854732505,22.159977676841685
19618,1,76,adaptive_linear,460.586,505.1974317243389,1990.1798404953513
19618,1,98,adaptive_linear,308.471,343.9160641934683,1256.3525756790875
19618,1,281,adaptive_linear,466.669,526.1375862218624,3536.512747227087
19618,1,134,adaptive_linear,92.565,141.6782375825103,2412.1101058361014
19618,1,83,adaptive_linear,433.596,492.3956594801716,3457.3999549841355
19618,1,196,adaptive_linear,495.64,489.4894224278381,37.82960447118054
19618,1,79,adaptive_linear,400.908,510.28329914137817,11962.956062265956
19618,1,188,adaptive_linear,296.717,303.20364839631884,42.07660741746598
19618,1,240,adaptive_linear,489.073,431.61828423645954,3301.044363469222
19618,1,106,adaptive_linear,272.919,270.9367060064091,3.9294894770264484
19618,1,195,adaptive_linear,417.305,391.17880824804433,682.5778954599566
19618,1,131,adaptive_linear,256.493,260.89884360099904,19.411457836464265
19618,1,271,adaptive_linear,335.279,348.15796978731254,165.86786278250926
19618,1,179,adaptive_linear,236.114,266.98273856622444,952.8790206699119
19618,1,275,adaptive_linear,465.361,459.3831026459904,35.735256775074966
19618,1,101,adaptive_linear,400.082,386.16866217927526,193.5809693136093
19618,1,272,adaptive_linear,353.33,373.98680910079537,426.7037622267031
19618,1,4,adaptive_linear,540.085,493.81237428426374,2141.15589062862
19618,1,8,adaptive_linear,522.37,490.92448370550835,988.82049502714
19618,1,201,adaptive_linear,240.086,197.60158069772797,1804.9258834512655
19618,1,203,adaptive_linear,418.3,445.70920530102734,751.2645352338645
19618,1,137,adaptive_linear,496.924,474.62300207535844,497.33450843486605
19618,1,292,adaptive_linear,441.085,431.39778064857296,93.8422187626621
19618,1,207,adaptive_linear,445.128,435.5638888165528,91.47222272933999
19618,1,115,adaptive_linear,296.802,276.0090341202713,432.3474300755636
19618,1,177,adaptive_linear,251.746,251.8369079932079,0.008264263229083635
19618,1,29,adaptive_linear,302.033,332.29468454577176,915.7695515478003
19618,1,96,adaptive_linear,279.435,347.0752391877381,4575.201957374417
19618,1,274,adaptive_linear,319.388,331.90623278785523,156.70615213093433
19618,1,214,adaptive_linear,271.25,276.13001130002544,23.814510288376024
19618,1,228,adaptive_linear,330.83,354.0789006071507,540.5113794411716
19618,1,143,adaptive_linear,494.933,500.4555354279075,30.49839755249331
19618,2,213,ols_all,403.258,410.17625938409265,47.86231290558621
19618,2,175,ols_all,432.382,423.8450485681019,72.87953975058707
19618,2,171,ols_all,451.066,427.3319927233729,563.3031014069879
19618,2,256,ols_all,211.449,198.1402032501203,177.12407092960896
19618,2,206,ols_all,340.646,349.1875114771219,72.95741831380516
19618,2,197,ols_all,194.136,191.4184740836854,7.384947105841504
19618,2,7,ols_all,237.352,221.66908860931653,245.9537096880294
19618,2,108,ols_all,325.274,308.68715678554827,275.1233678208035
19618,2,64,ols_all,684.476,681.6826952681026,7.80255132524021
19618,2,233,ols_all,385.977,402.74847104617356,281.282241052639
19618,2,92,ols_all,423.841,432.5230163519118,75.3774079348636
19618,2,235,ols_all,435.946,418.12629027730145,317.5420546012382
19618,2,32,ols_all,528.619,536.1376142587837,56.529560372385774
19618,2,80,ols_all,316.234,339.8248447209585,556.5279546483756
19618,2,135,ols_all,557.15,528.6132250648434,814.3475236997812
19618,2,211,ols_all,295.062,353.7858231034061,3448.4873998801277
19618,2,95,ols_all,549.954,537.8523406500267,146.45015902279525
19618,2,129,ols_all,342.75,315.6999473797937,731.7053467559306
19618,2,205,ols_all,394.063,361.25133899444563,1076.6050979434162
19618,2,34,ols_all,160.064,207.03504644504392,2206.2792041424736
19618,2,63,ols_all,387.661,424.7289473353908,1374.0327196593048
19618,2,61,ols_all,309.279,303.78673805192557,30.16494130626632
19618,2,260,ols_all,175.644,123.53135228103793,2715.7280522806436
19618,2,40,ols_all,512.399,485.06894214048407,746.9320626044886
19618,2,224,ols_all,306.558,318.13758348361216,134.08675365394373
19618,2,66,ols_all,336.651,367.7838213018031,969.2525622100026
19618,2,255,ols_all,265.57,279.2567487537631,187.32709144863531
19618,2,245,ols_all,535.272,506.9820098634341,800.3235419269994
19618,2,0,ols_all,494.666,501.99112198244393,53.65741205768332
19618,2,299,ols_all,255.57,261.8260620681108,39.1383126000547
19618,2,296,ols_all,561.485,579.7860100045491,334.9269671866057
19618,2,227,ols_all,320.454,301.6276674189435,354.43079845255073
19618,2,116,ols_all,425.382,438.95266836943483,184.1630399931789
19618,2,167,ols_all,354.381,368.17503050475534,190.27527756612167
19618,2,220,ols_all,275.048,223.25820258198928,2682.18311659859
19618,2,99,ols_all,282.584,233.49196006455077,2410.0283850237424
19618,2,154,ols_all,237.824,233.6493864475151,17.42739831259071
19618,2,242,ols_all,235.366,255.56644710903265,408.058063404825
19618,2,297,ols_all,398.519,396.9973172178925,2.3155184893624776
19618,2,122,ols_all,523.246,475.92715530594023,2239.0730631805463
19618,2,112,ols_all,330.937,338.62982299865234,59.17952568859425
19618,2,67,ols_all,562.014,527.2557177881022,1208.1381823219335
19618,2,289,ols_all,295.143,258.7053857291198,1327.6997337534485
19618,2,161,ols_all,422.585,385.6122861500312,1366.9815694316735
19618,2,111,ols_all,397.526,393.4632409059668,16.506011456149444
19618,2,184,ols_all,351.269,424.1677069873954,5314.2214804341265
19618,2,200,ols_all,438.666,433.6695255469085,24.964756960395803
19618,2,31,ols_all,354.543,332.5664851959241,482.967202933768
19618,2,26,ols_all,308.859,317.6588167473178,77.43677478637542
19618,2,48,ols_all,273.504,261.8260620681108,136.37423434105736
19618,2,282,ols_all,385.582,343.3655607628152,1782.2277418669141
19618,2,226,ols_all,428.876,432.62106184958657,14.025488257228938
19618,2,191,ols_all,436.463,393.23923037976056,1868.2942601835362
19618,2,185,ols_all,268.273,254.2456447498098,196.7666953150393
19618,2,138,ols_all,154.41,172.95351122575448,343.86180857968264
19618,2,49,ols_all,481.042,469.8753184861648,124.69477603142786
19618,2,91,ols_all,358.993,340.8614210217788,328.75415624347187
19618,2,221,ols_all,449.974,477.9748486422609,784.0475246868044
19618,2,199,ols_all,446.437,417.9497599792717,811.5228439985862
19618,2,261,ols_all,235.459,275.7015715068269,1619.4645614820756
19618,2,213,ridge,403.258,406.62791516636645,11.356328228506738
19618,2,175,ridge,432.382,421.6796015104853,114.54133342836606
19618,2,171,ridge,451.066,426.98839123129704,579.7312440187202
19618,2,256,ridge,211.449,198.91135280034226,157.19259730308593
19618,2,206,ridge,340.646,350.3354039899346,93.88454968016035
19618,2,197,ridge,194.136,192.07816637317865,4.234679235676707
19618,2,7,ridge,237.352,222.5238669653463,219.87352929338886
19618,2,108,ridge,325.274,309.0910484171893,261.8879219315949
19618,2,64,ridge,684.476,676.2967028170519,66.9009024069821
19618,2,233,ridge,385.977,405.1596520545317,367.97413984523035
19618,2,92,ridge,423.841,426.2982928951067,6.038288372341958
19618,2,235,ridge,435.946,417.28643002101154,348.17955180076837
19618,2,32,ridge,528.619,534.3152186810969,32.44690726287692
19618,2,80,ridge,316.234,338.3868145023113,490.7471903738158
19618,2,135,ridge,557.15,527.9016253362305,855.4674204722326
19618,2,211,ridge,295.062,352.94509465054784,3350.452646324279
19618,2,95,ridge,549.954,537.1832938666444,163.09093514452604
19618,2,129,ridge,342.75,314.82775099797,779.6519893313662
19618,2,205,ridge,394.063,361.1595322950994,1082.6381870074372
19618,2,34,ridge,160.064,206.9148098324231,2194.9983819538725
19618,2,63,ridge,387.661,423.09160996058677,1255.3281221792301
19618,2,61,ridge,309.279,304.6815872570447,21.136203929087507
19618,2,260,ridge,175.644,124.99585215384525,2565.2348802459505
19618,2,40,ridge,512.399,485.65490867902906,715.246420584433
19618,2,224,ridge,306.558,317.7333491286674,124.88842814760704
19618,2,66,ridge,336.651,367.5169656063707,952.7078328136595
19618,2,255,ridge,265.57,277.8106658272573,149.83389989458504
19618,2,245,ridge,535.272,503.8284238011113,988.698484175324
19618,2,0,ridge,494.666,502.8263367735131,66.59109625715033
19618,2,299,ridge,255.57,262.1148180312657,42.8346430623809
19618,2,296,ridge,561.485,577.9208892551487,270.13845560751275
19618,2,227,ridge,320.454,301.9524462407935,342.30749150480824
19618,2,116,ridge,425.382,437.67606206618836,151.1439620872916
19618,2,167,ridge,354.381,367.59647672492105,174.64882506693067
19618,2,220,ridge,275.048,224.6799075066983,2536.9447414137953
19618,2,99,ridge,282.584,233.5324746329806,2406.052140831347
19618,2,154,ridge,237.824,233.66319594275944,17.312290402749575
19618,2,242,ridge,235.366,255.93747274244814,423.1854907932861
19618,2,297,ridge,398.519,398.04595133247494,0.22377504184723773
19618,2,122,ridge,523.246,475.9457033713153,2237.3180611615603
19618,2,112,ridge,330.937,336.98546666150486,36.583948955335586
19618,2,67,ridge,562.014,526.7646863646057,1242.5141117663936
19618,2,289,ridge,295.143,258.8134363166928,1319.8371974194724
19618,2,161,ridge,422.585,383.6340580562677,1517.1758783040034
19618,2,111,ridge,397.526,392.44702551088193,25.795981861112278
19618,2,184,ridge,351.269,423.9190147865732,5278.024648489304
19618,2,200,ridge,438.666,433.06969304096503,31.318651579743143
19618,2,31,ridge,354.543,330.875424229599,560.1541428476733
19618,2,26,ridge,308.859,319.2141458377611,107.22904532130191
19618,2,48,ridge,273.504,262.1148180312657,129.71346591694265
19618,2,282,ridge,385.582,343.5903497284603,1763.2986925272999
19618,2,226,ridge,428.876,431.29183647683595,5.836265882811269
19618,2,191,ridge,436.463,392.2972763875843,1950.6111422082954
19618,2,185,ridge,268.273,260.0498989383204,67.61939107059686
19618,2,138,ridge,154.41,174.8289782431002,416.93467249219987
19618,2,49,ridge,481.042,470.7185113919371,106.57441704080364
19618,2,91,ridge,358.993,342.3588108836359,276.6962475589658
19618,2,221,ridge,449.974,478.82672645714007,832.479824010551
19618,2,199,ridge,446.437,418.01051131139747,808.0652591632485
19618,2,261,ridge,235.459,275.7561699856115,1623.8619088492687
19618,2,213,pls,403.258,410.01919939622235,45.713817275477695
19618,2,175,pls,432.382,422.340567988415,100.8303568432843
19618,2,171,pls,451.066,427.2382543759596,567.7614615239739
19618,2,256,pls,211.449,198.9738477997091,155.62942242042342
19618,2,206,pls,340.646,349.3910001590753,76.47502778222683
19618,2,197,pls,194.136,191.8625694691402,5.168486378645464
19618,2,7,pls,237.352,222.5713229190319,218.4684149718558
19618,2,108,pls,325.274,308.4919265106525,281.6379906018605
19618,2,64,pls,684.476,681.6307992175961,8.095167492191967
19618,2,233,pls,385.977,403.2418052648796,298.07350083421477
19618,2,92,pls,423.841,430.59124741369703,45.56584014612338
19618,2,235,pls,435.946,418.24693778322074,313.25680335342395
19618,2,32,pls,528.619,535.8873705223616,52.82921005033473
19618,2,80,pls,316.234,339.3921817802755,536.3013833682853
19618,2,135,pls,557.15,528.6354372233275,813.0802903447973
19618,2,211,pls,295.062,353.7863130259493,3448.5449403696784
19618,2,95,pls,549.954,537.4221637215802,157.04692050911729
19618,2,129,pls,342.75,316.00041410988484,715.5403452926479
19618,2,205,pls,394.063,360.82753500868,1104.5961331892565
19618,2,34,pls,160.064,208.40037331976143,2336.404985707345
19618,2,63,pls,387.661,424.8250170837465,1381.1641658010017
19618,2,61,pls,309.279,303.94891988339276,28.40975404945179
19618,2,260,pls,175.644,121.05277572158263,2980.2017682164665
19618,2,40,pls,512.399,485.09423008580984,745.5504600668642
19618,2,224,pls,306.558,317.2552557998941,114.43128164836784
19618,2,66,pls,336.651,367.92119876113117,977.8253305606485
19618,2,255,pls,265.57,279.870904874425,204.51588022735234
19618,2,245,pls,535.272,506.8746733221325,806.4081624495291
19618,2,0,pls,494.666,502.28727870223133,58.08388905708496
19618,2,299,pls,255.57,262.312080899605,45.455654856818754
19618,2,296,pls,561.485,579.0603518703047,308.89299336502097
19618,2,227,pls,320.454,300.644846690362,392.40255484474295
19618,2,116,pls,425.382,439.04771205107886,186.75168586300188
19618,2,167,pls,354.381,368.3884413330342,196.20841269839636
19618,2,220,pls,275.048,221.2062830301645,2898.9304862598706
19618,2,99,pls,282.584,233.4136282855057,2417.725454541542
19618,2,154,pls,237.824,233.59500676693563,17.88438376530437
19618,2,242,pls,235.366,256.0376921008187,427.3188543110486
19618,2,297,pls,398.519,397.2055968696336,1.7250277828562481
19618,2,122,pls,523.246,476.28399486271155,2205.4299265147047
19618,2,112,pls,330.937,338.4438622566905,56.352980940924546
19618,2,67,pls,562.014,527.231734202545,1209.8060140048087
19618,2,289,pls,295.143,258.20761710262656,1364.2225097755845
19618,2,161,pls,422.585,385.5032592772905,1375.0554950262497
19618,2,111,pls,397.526,393.242748372247,18.346244506648997
19618,2,184,pls,351.269,424.25576515493105,5327.067887781057
19618,2,200,pls,438.666,433.5426067354893,26.249158542833566
19618,2,31,pls,354.543,331.94935973933616,510.47258022829027
19618,2,26,pls,308.859,318.18809213958485,87.03196014886426
19618,2,48,pls,273.504,262.312080899605,125.2590531497867
19618,2,282,pls,385.582,343.27509903309476,1789.873869423527
19618,2,226,pls,428.876,432.6535214183351,14.269668065980735
19618,2,191,pls,436.463,392.57223255710534,1926.399466726264
19618,2,185,pls,268.273,253.52342276405062,217.5500286392368
19618,2,138,pls,154.41,172.67893103607784,333.75384120096834
19618,2,49,pls,481.042,470.0774912006651,120.22045321069137
19618,2,91,pls,358.993,340.4463160021567,343.9794873158558
19618,2,221,pls,449.974,478.092327467974,790.6403395962202
19618,2,199,pls,446.437,417.65699388975133,828.2887517059512
19618,2,261,pls,235.459,275.718116560609,1620.796466240703
19618,2,213,huber,403.258,407.4280220397152,17.38908381171057
19618,2,175,huber,432.382,421.80970975825295,111.77332095574
19618,2,171,huber,451.066,426.5630164367047,600.3962035031191
19618,2,256,huber,211.449,197.8944893121255,183.72475998770437
19618,2,206,huber,340.646,349.5596457134114,79.45307990421689
19618,2,197,huber,194.136,191.2143720091062,8.53591011717412
19618,2,7,huber,237.352,221.07604598811716,264.9066789969253
19618,2,108,huber,325.274,309.210944854325,258.0217406129955
19618,2,64,huber,684.476,677.8568570714745,43.81305310824977
19618,2,233,huber,385.977,406.4310271532736,418.3672267868543
19618,2,92,huber,423.841,429.36408778580517,30.504498689710143
19618,2,235,huber,435.946,416.2563336482204,387.68296104440316
19618,2,32,huber,528.619,535.0020609256144,40.74346678010484
19618,2,80,huber,316.234,338.86507289323856,512.1654602990781
19618,2,135,huber,557.15,527.9917861533894,850.2014347246729
19618,2,211,huber,295.062,354.163197157972,3492.9515055054735
19618,2,95,huber,549.954,536.7294855519282,174.88778238725905
19618,2,129,huber,342.75,314.7910386546155,781.703519512706
19618,2,205,huber,394.063,361.23117296022633,1077.9288667696126
19618,2,34,huber,160.064,206.213806333667,2129.8046246349722
19618,2,63,huber,387.661,422.40283208527785,1206.9948966416414
19618,2,61,huber,309.279,305.33071170262116,15.588980479218682
19618,2,260,huber,175.644,124.49826858030119,2615.885842455967
19618,2,40,huber,512.399,485.26731432282327,736.1283676851172
19618,2,224,huber,306.558,317.41528669462684,117.88067436932124
19618,2,66,huber,336.651,365.6648500709812,841.8034959413736
19618,2,255,huber,265.57,276.9190724737803,128.80144601511827
19618,2,245,huber,535.272,505.1862258244827,905.153807740228
19618,2,0,huber,494.666,503.39588739769545,76.21093397644184
19618,2,299,huber,255.57,262.403340311501,46.69453981278445
19618,2,296,huber,561.485,578.4731945693121,288.59875472480513
19618,2,227,huber,320.454,301.3617970657563,364.51221288234325
19618,2,116,huber,425.382,437.3120375428222,142.32579577314763
19618,2,167,huber,354.381,367.30704589273404,167.08266242106723
19618,2,220,huber,275.048,223.88310564491238,2617.8464143672777
19618,2,99,huber,282.584,234.14194532507915,2346.6326611280215
19618,2,154,huber,237.824,234.84016164154406,8.903291349393129
19618,2,242,huber,235.366,255.97451155041293,424.71074832350246
19618,2,297,huber,398.519,397.64388786220644,0.765821253713623
19618,2,122,huber,523.246,475.4097214725441,2288.309543356336
19618,2,112,huber,330.937,337.313746756875,40.66289920131557
19618,2,67,huber,562.014,526.2931559971944,1275.9786962727742
19618,2,289,huber,295.143,259.2725802952938,1286.6870097917745
19618,2,161,huber,422.585,384.4742125233343,1452.4321220915774
19618,2,111,huber,397.526,391.58516213862407,35.29355449515785
19618,2,184,huber,351.269,424.89297411740154,5420.489564839811
19618,2,200,huber,438.666,432.8337724262633,34.0148784718547
19618,2,31,huber,354.543,331.07303938509284,550.8390512652935
19618,2,26,huber,308.859,319.0752743874002,104.37226235865
19618,2,48,huber,273.504,262.403340311501,123.22464551986751
19618,2,282,huber,385.582,343.97597771735934,1731.0610901835905
19618,2,226,huber,428.876,431.1847057085839,5.330122048848088
19618,2,191,huber,436.463,393.2952873034761,1863.451419449635
19618,2,185,huber,268.273,258.7489302972502,90.70790370283746
19618,2,138,huber,154.41,175.11659063151487,428.76289558113945
19618,2,49,huber,481.042,470.8399923414274,104.08096026557394
19618,2,91,huber,358.993,342.7812883800389,262.81959364878105
19618,2,221,huber,449.974,478.316760775387,803.3120883708178
19618,2,199,huber,446.437,417.29695209449005,849.1423919354154
19618,2,261,huber,235.459,275.8002815557833,1627.4189975629793
19618,2,213,cart,403.258,422.58787499999994,373.6440675156234
19618,2,175,cart,432.382,363.1432105263158,4794.009967781165
19618,2,171,cart,451.066,422.58787499999994,811.003603515627
19618,2,256,cart,211.449,290.53218181818187,6254.149646487609
19618,2,206,cart,340.646,417.12399999999997,5848.884483999993
19618,2,197,cart,194.136,137.78425000000001,3175.519728062498
19618,2,7,cart,237.352,137.78425000000001,9913.736840062498
19618,2,108,cart,325.274,363.1432105263158,1434.0771058864261
19618,2,64,cart,684.476,625.329,3498.367609000006
19618,2,233,cart,385.977,363.1432105263158,521.381941728531
19618,2,92,cart,423.841,336.47583333333336,7632.672346694442
19618,2,235,cart,435.946,449.3737777777778,180.30521604938193
19618,2,32,cart,528.619,504.00225,605.9843805625012
19618,2,80,cart,316.234,290.53218181818187,660.5834578512361
19618,2,135,cart,557.15,492.52912499999996,4175.857485765627
19618,2,211,cart,295.062,290.53218181818187,20.51925276033023
19618,2,95,cart,549.954,468.13337500000006,6694.614675390608
19618,2,129,cart,342.75,286.7538888888889,3135.5644595678973
19618,2,205,cart,394.063,286.7538888888889,11515.24532745678
19618,2,34,cart,160.064,137.78425000000001,496.387260062499
19618,2,63,cart,387.661,425.758,1451.3814089999985
19618,2,61,cart,309.279,290.53218181818187,351.4431919421467
19618,2,260,cart,175.644,137.78425000000001,1433.3606700624994
19618,2,40,cart,512.399,468.13337500000006,1959.44555664062
19618,2,224,cart,306.558,363.1432105263158,3201.8860503074793
19618,2,66,cart,336.651,327.58585714285715,82.17681502040821
19618,2,255,cart,265.57,137.78425000000001,16329.197903062495
19618,2,245,cart,535.272,625.329,8110.263248999982
19618,2,0,cart,494.666,468.13337500000006,703.9801893906217
19618,2,299,cart,255.57,300.5096,2019.5676481599985
19618,2,296,cart,561.485,625.329,4076.056335999992
19618,2,227,cart,320.454,300.5096,397.7790913600012
19618,2,116,cart,425.382,422.58787499999994,7.807134515625363
19618,2,167,cart,354.381,422.58787499999994,4652.177797265621
19618,2,220,cart,275.048,260.14778571428576,222.01638576020278
19618,2,99,cart,282.584,279.3645384615385,10.364932597633084
19618,2,154,cart,237.824,290.53218181818187,2778.1524305785165
19618,2,242,cart,235.366,253.5004444444445,328.8580753086434
19618,2,297,cart,398.519,422.58787499999994,579.3107437656219
19618,2,122,cart,523.246,468.13337500000006,3037.4014343906165
19618,2,112,cart,330.937,290.53218181818187,1632.549332305782
19618,2,67,cart,562.014,527.175,1213.7559210000038
19618,2,289,cart,295.143,253.5004444444445,1734.102433197524
19618,2,161,cart,422.585,363.1432105263158,3533.326335833793
19618,2,111,cart,397.526,456.1188333333334,3433.1201180277826
19618,2,184,cart,351.269,422.58787499999994,5086.381931265616
19618,2,200,cart,438.666,391.84333333333336,2192.362113777775
19618,2,31,cart,354.543,311.5135,1851.5378702499986
19618,2,26,cart,308.859,279.3645384615385,869.9232614437851
19618,2,48,cart,273.504,300.5096,729.3024313599977
19618,2,282,cart,385.582,290.53218181818187,9034.467936396684
19618,2,226,cart,428.876,391.84333333333336,1371.4184004444405
19618,2,191,cart,436.463,363.1432105263158,5375.791528465378
19618,2,185,cart,268.273,336.47583333333336,4651.626474694444
19618,2,138,cart,154.41,235.21000000000004,6528.640000000007
19618,2,49,cart,481.042,492.52912499999996,131.95404076562482
19618,2,91,cart,358.993,363.1432105263158,17.224247412742375
19618,2,221,cart,449.974,527.175,5959.9944009999945
19618,2,199,cart,446.437,456.1188333333334,93.73789669444521
19618,2,261,cart,235.459,253.5004444444445,325.49371764197707
19618,2,213,subset_min,403.258,413.1867326398741,98.57973183410157
19618,2,175,subset_min,432.382,419.7004904919209,160.82068340350068
19618,2,171,subset_min,451.066,422.95540353302914,790.2056337288731
19618,2,256,subset_min,211.449,198.54829078556926,166.4282982352984
19618,2,206,subset_min,340.646,345.9158956216944,27.771799863553685
19618,2,197,subset_min,194.136,190.80494058013647,11.0959568586615
19618,2,7,subset_min,237.352,221.07859104655523,264.8238389660565
19618,2,108,subset_min,325.274,307.79303407013435,305.5841698411235
19618,2,64,subset_min,684.476,684.8773886018218,0.16111280967249964
19618,2,233,subset_min,385.977,421.8122471075486,1284.1649352590732
19618,2,92,subset_min,423.841,433.5643077142739,94.54271290645862
19618,2,235,subset_min,435.946,414.0348134902787,480.10009426379474
19618,2,32,subset_min,528.619,536.1553560638828,56.79666272162229
19618,2,80,subset_min,316.234,338.90912321499115,514.1612128150317
19618,2,135,subset_min,557.15,528.5750271982362,816.5290706215412
19618,2,211,subset_min,295.062,352.15301644578255,3259.384158812613
19618,2,95,subset_min,549.954,532.5622892917796,302.4716013584257
19618,2,129,subset_min,342.75,314.26354143902944,811.4783213458929
19618,2,205,subset_min,394.063,361.2137076820783,1079.07600578827
19618,2,34,subset_min,160.064,207.7027314827069,2269.4487372814497
19618,2,63,subset_min,387.661,420.88456483775883,1103.8052605287648
19618,2,61,subset_min,309.279,304.2734226395537,25.055804711412506
19618,2,260,subset_min,175.644,120.75023353082253,3013.3255971725935
19618,2,40,subset_min,512.399,480.3079768280447,1029.8337682229737
19618,2,224,subset_min,306.558,315.6904499948415,83.40164290828092
19618,2,66,subset_min,336.651,363.3983357305226,715.4199686812906
19618,2,255,subset_min,265.57,277.8728152156471,151.35926223035818
19618,2,245,subset_min,535.272,505.5186868305573,885.259644558937
19618,2,0,subset_min,494.666,503.16304387082596,72.19975454274105
19618,2,299,subset_min,255.57,260.37705630646747,23.107790333548703
19618,2,296,subset_min,561.485,578.4611280087546,288.18892216962195
19618,2,227,subset_min,320.454,296.42046894939415,577.610614760436
19618,2,116,subset_min,425.382,435.2555105115203,97.48620982110174
19618,2,167,subset_min,354.381,365.9292990365706,133.3632106380587
19618,2,220,subset_min,275.048,218.0127753757827,3253.016847934924
19618,2,99,subset_min,282.584,234.34112500669602,2327.374987619555
19618,2,154,subset_min,237.824,244.05299937419403,38.80043320370947
19618,2,242,subset_min,235.366,256.283143006421,437.52687155106753
19618,2,297,subset_min,398.519,393.43981872825526,25.798082391242556
19618,2,122,subset_min,523.246,475.95816034790636,2236.139778962118
19618,2,112,subset_min,330.937,337.7878649569923,46.93435065894467
19618,2,67,subset_min,562.014,522.1514121138956,1589.0259129773967
19618,2,289,subset_min,295.143,257.83153659592256,1392.1453013538082
19618,2,161,subset_min,422.585,385.1206726013318,1403.5758274345978
19618,2,111,subset_min,397.526,389.2954374613167,67.74215970317738
19618,2,184,subset_min,351.269,426.5657388795869,5669.598885900691
19618,2,200,subset_min,438.666,429.8489037899768,77.74118557680514
19618,2,31,subset_min,354.543,328.67675416421974,669.0626736370198
19618,2,26,subset_min,308.859,316.3350863783866,55.891867537098264
19618,2,48,subset_min,273.504,260.37705630646747,172.31665073317407
19618,2,282,subset_min,385.582,342.469788683612,1858.662764588891
19618,2,226,subset_min,428.876,429.63529011120704,0.576521472976837
19618,2,191,subset_min,436.463,390.859373149875,2079.690781885443
19618,2,185,subset_min,268.273,249.17263922013237,364.8237819211066
19618,2,138,subset_min,154.41,174.10393693917067,387.85115216403096
19618,2,49,subset_min,481.042,472.71959943119555,69.26235122763623
19618,2,91,subset_min,358.993,340.1812124258262,353.88335173584056
19618,2,221,subset_min,449.974,473.29857849663233,544.0359620455638
19618,2,199,subset_min,446.437,413.67329921404314,1073.460089191711
19618,2,261,subset_min,235.459,275.40394939425676,1595.598982109733
19618,2,213,subset_1se,403.258,399.02497993315376,17.9184588863228
19618,2,175,subset_1se,432.382,416.76101373157314,244.01521199838055
19618,2,171,subset_1se,451.066,421.07697402275437,899.3416790639117
19618,2,256,subset_1se,211.449,204.91395250012943,42.7068458255648
19618,2,206,subset_1se,340.646,351.6430137331015,120.9343110460226
19618,2,197,subset_1se,194.136,186.65388096756834,55.982105215476
19618,2,7,subset_1se,237.352,220.67166400423787,278.233608931518
19618,2,108,subset_1se,325.274,307.83363203753413,304.16643466620593
19618,2,64,subset_1se,684.476,677.004489782627,55.82346492830842
19618,2,233,subset_1se,385.977,429.97312479551476,1935.6589970225111
19618,2,92,subset_1se,423.841,425.0815545116923,1.5389754964800384
19618,2,235,subset_1se,435.946,409.5721880924209,695.5779545363624
19618,2,32,subset_1se,528.619,529.5115764337827,0.7966926901441801
19618,2,80,subset_1se,316.234,337.81100976443247,465.56735037441496
19618,2,135,subset_1se,557.15,529.1900691219529,781.7577347051711
19618,2,211,subset_1se,295.062,356.00472110820664,3714.0152560726533
19618,2,95,subset_1se,549.954,533.4562559333667,272.175559288132
19618,2,129,subset_1se,342.75,314.10061323341534,820.7873621013559
19618,2,205,subset_1se,394.063,354.02196507572364,1603.284477807118
19618,2,34,subset_1se,160.064,208.83370301341873,2378.4839320170645
19618,2,63,subset_1se,387.661,415.73966824891005,788.4116106323493
19618,2,61,subset_1se,309.279,317.69712046759145,70.86475220688209
19618,2,260,subset_1se,175.644,111.47449558126408,4117.725297346169
19618,2,40,subset_1se,512.399,483.8941426537155,812.5268923320292
19618,2,224,subset_1se,306.558,309.0185198829321,6.054158094304145
19618,2,66,subset_1se,336.651,356.6070289723746,398.24309234625485
19618,2,255,subset_1se,265.57,270.96956664771693,29.15531998313713
19618,2,245,subset_1se,535.272,512.6642248568687,511.111496922387
19618,2,0,subset_1se,494.666,514.9821059171359,412.7441596362832
19618,2,299,subset_1se,255.57,264.1190635247148,73.08648714960947
19618,2,296,subset_1se,561.485,578.5003265066907,289.52133612929157
19618,2,227,subset_1se,320.454,282.3074321999027,1455.1606349274225
19618,2,116,subset_1se,425.382,433.2659748208156,62.157058975254074
19618,2,167,subset_1se,354.381,365.4338138336766,122.16469364191333
19618,2,220,subset_1se,275.048,208.44723463713794,4435.661946919007
19618,2,99,subset_1se,282.584,236.55499590466485,2118.6692180083805
19618,2,154,subset_1se,237.824,243.59737338683394,33.33184026380222
19618,2,242,subset_1se,235.366,258.3694797308108,529.1600797258218
19618,2,297,subset_1se,398.519,399.7978213469476,1.635384037408897
19618,2,122,subset_1se,523.246,476.40000592514394,2194.547160861447
19618,2,112,subset_1se,330.937,335.24147578174666,18.5285117556434
19618,2,67,subset_1se,562.014,523.6269069437473,1473.5689133094083
19618,2,289,subset_1se,295.143,260.39245640820735,1207.6002799250791
19618,2,161,subset_1se,422.585,390.06516622530495,1057.5395887337957
19618,2,111,subset_1se,397.526,382.6945956238858,219.9705557678201
19618,2,184,subset_1se,351.269,432.5321787031406,6603.704212938559
19618,2,200,subset_1se,438.666,427.46661102254916,125.42631346824732
19618,2,31,subset_1se,354.543,316.3721804403324,1457.0114658567043
19618,2,26,subset_1se,308.859,324.59860881513066,247.73528565333942
19618,2,48,subset_1se,273.504,264.1190635247148,88.07703264513862
19618,2,282,subset_1se,385.582,348.076683857218,1406.6487389700258
19618,2,226,subset_1se,428.876,430.43776472439583,2.4391090543672678
19618,2,191,subset_1se,436.463,393.6362400122246,1834.1313710505203
19618,2,185,subset_1se,268.273,256.9661916382833,127.84391532858712
19618,2,138,subset_1se,154.41,185.4674143433109,964.5629856920942
19618,2,49,subset_1se,481.042,475.6641789620393,28.920959116332703
19618,2,91,subset_1se,358.993,352.80639467855264,38.274085403360786
19618,2,221,subset_1se,449.974,477.3434247831342,749.085412959641
19618,2,199,subset_1se,446.437,412.1651246800535,1174.5614379459582
19618,2,261,subset_1se,235.459,276.1385596957581,1654.8265770407459
19618,2,213,adaptive_linear,403.258,413.1867326398741,98.57973183410157
19618,2,175,adaptive_linear,432.382,419.7004904919209,160.82068340350068
19618,2,171,adaptive_linear,451.066,422.95540353302914,790.2056337288731
19618,2,256,adaptive_linear,211.449,198.54829078556926,166.4282982352984
19618,2,206,adaptive_linear,340.646,345.9158956216944,27.771799863553685
19618,2,197,adaptive_linear,194.136,190.80494058013647,11.0959568586615
19618,2,7,adaptive_linear,237.352,221.07859104655523,264.8238389660565
19618,2,108,adaptive_linear,325.274,307.79303407013435,305.5841698411235
19618,2,64,adaptive_linear,684.476,684.8773886018218,0.16111280967249964
19618,2,233,adaptive_linear,385.977,421.8122471075486,1284.1649352590732
19618,2,92,adaptive_linear,423.841,433.5643077142739,94.54271290645862
19618,2,235,adaptive_linear,435.946,414.0348134902787,480.10009426379474
19618,2,32,adaptive_linear,528.619,536.1553560638828,56.79666272162229
19618,2,80,adaptive_linear,316.234,338.90912321499115,514.1612128150317
19618,2,135,adaptive_linear,557.15,528.5750271982362,816.5290706215412
19618,2,211,adaptive_linear,295.062,352.15301644578255,3259.384158812613
19618,2,95,adaptive_linear,549.954,532.5622892917796,302.4716013584257
19618,2,129,adaptive_linear,342.75,314.26354143902944,811.4783213458929
19618,2,205,adaptive_linear,394.063,361.2137076820783,1079.07600578827
19618,2,34,adaptive_linear,160.064,207.7027314827069,2269.4487372814497
19618,2,63,adaptive_linear,387.661,420.88456483775883,1103.8052605287648
19618,2,61,adaptive_linear,309.279,304.2734226395537,25.055804711412506
19618,2,260,adaptive_linear,175.644,120.75023353082253,3013.3255971725935
19618,2,40,adaptive_linear,512.399,480.3079768280447,1029.8337682229737
19618,2,224,adaptive_linear,306.558,315.6904499948415,83.40164290828092
19618,2,66,adaptive_linear,336.651,363.3983357305226,715.4199686812906
19618,2,255,adaptive_linear,265.57,277.8728152156471,151.35926223035818
19618,2,245,adaptive_linear,535.272,505.5186868305573,885.259644558937
19618,2,0,adaptive_linear,494.666,503.16304387082596,72.19975454274105
19618,2,299,adaptive_linear,255.57,260.37705630646747,23.107790333548703
19618,2,296,adaptive_linear,561.485,578.4611280087546,288.18892216962195
19618,2,227,adaptive_linear,320.454,296.42046894939415,577.610614760436
19618,2,116,adaptive_linear,425.382,435.2555105115203,97.48620982110174
19618,2,167,adaptive_linear,354.381,365.9292990365706,133.3632106380587
19618,2,220,adaptive_linear,275.048,218.0127753757827,3253.016847934924
19618,2,99,adaptive_linear,282.584,234.34112500669602,2327.374987619555
19618,2,154,adaptive_linear,237.824,244.05299937419403,38.80043320370947
19618,2,242,adaptive_linear,235.366,256.283143006421,437.52687155106753
19618,2,297,adaptive_linear,398.519,393.43981872825526,25.798082391242556
19618,2,122,adaptive_linear,523.246,475.95816034790636,2236.139778962118
19618,2,112,adaptive_linear,330.937,337.7878649569923,46.93435065894467
19618,2,67,adaptive_linear,562.014,522.1514121138956,1589.0259129773967
19618,2,289,adaptive_linear,295.143,257.83153659592256,1392.1453013538082
19618,2,161,adaptive_linear,422.585,385.1206726013318,1403.5758274345978
19618,2,111,adaptive_linear,397.526,389.2954374613167,67.74215970317738
19618,2,184,adaptive_linear,351.269,426.5657388795869,5669.598885900691
19618,2,200,adaptive_linear,438.666,429.8489037899768,77.74118557680514
19618,2,31,adaptive_linear,354.543,328.67675416421974,669.0626736370198
19618,2,26,adaptive_linear,308.859,316.3350863783866,55.891867537098264
19618,2,48,adaptive_linear,273.504,260.37705630646747,172.31665073317407
19618,2,282,adaptive_linear,385.582,342.469788683612,1858.662764588891
19618,2,226,adaptive_linear,428.876,429.63529011120704,0.576521472976837
19618,2,191,adaptive_linear,436.463,390.859373149875,2079.690781885443
19618,2,185,adaptive_linear,268.273,249.17263922013237,364.8237819211066
19618,2,138,adaptive_linear,154.41,174.10393693917067,387.85115216403096
19618,2,49,adaptive_linear,481.042,472.71959943119555,69.26235122763623
19618,2,91,adaptive_linear,358.993,340.1812124258262,353.88335173584056
19618,2,221,adaptive_linear,449.974,473.29857849663233,544.0359620455638
19618,2,199,adaptive_linear,446.437,413.67329921404314,1073.460089191711
19618,2,261,adaptive_linear,235.459,275.40394939425676,1595.598982109733
19618,3,14,ols_all,362.784,344.9839711507693,316.84102703344416
19618,3,130,ols_all,437.098,420.5062415806269,275.28644744683794
19618,3,222,ols_all,484.452,463.8307339887242,425.23661190779825
19618,3,237,ols_all,288.331,287.4130347501309,0.8426601999672363
19618,3,268,ols_all,410.803,363.0135875316473,2283.8279440703427
19618,3,293,ols_all,370.379,418.3160488615258,2297.9606535523117
19618,3,47,ols_all,538.021,519.494325171484,343.23768020156757
19618,3,234,ols_all,464.093,511.3892515141679,2236.935407291426
19618,3,88,ols_all,474.13,420.6556534409874,2859.5057399133816
19618,3,141,ols_all,279.634,295.52981623081814,252.676973643941
19618,3,107,ols_all,297.778,284.4323618576641,178.1060574261716
19618,3,208,ols_all,286.658,385.5620114986682,9782.003490528688
19618,3,270,ols_all,377.08,326.8713580168305,2520.9077297940867
19618,3,17,ols_all,331.027,344.3783643706033,178.25893055661618
19618,3,140,ols_all,325.388,299.6326927519017,663.3358514439443
19618,3,144,ols_all,233.438,265.17530463246294,1007.2565053337543
19618,3,145,ols_all,228.932,209.48194682874964,378.30456836446564
19618,3,189,ols_all,282.527,302.36261430615286,393.4515949024567
19618,3,104,ols_all,465.463,488.88572407283027,548.6240029919417
19618,3,146,ols_all,283.136,231.55296251667642,2660.809756005968
19618,3,100,ols_all,494.493,457.49185652509004,1369.0846184508714
19618,3,278,ols_all,321.551,351.23064403901117,880.8812702824118
19618,3,5,ols_all,359.251,341.25304943560786,323.9262245183024
19618,3,19,ols_all,251.522,256.42183026558087,24.008336631502342
19618,3,24,ols_all,437.653,427.00439425270906,113.39280436123802
19618,3,77,ols_all,275.759,302.3512081157687,707.1455324723546
19618,3,85,ols_all,270.692,299.1221438471057,808.2730791671211
19618,3,16,ols_all,231.791,261.7693852038615,898.7035794311008
19618,3,202,ols_all,355.341,339.7658372337951,242.58569519377627
19618,3,68,ols_all,472.514,462.7224023589606,95.87538436400838
19618,3,57,ols_all,300.151,310.97254239153244,117.10577973173348
19618,3,62,ols_all,317.619,348.0869081433957,928.2934266343965
19618,3,243,ols_all,260.705,251.75792381860902,80.0501721956136
19618,3,288,ols_all,397.622,427.40231628869515,886.8672382547206
19618,3,165,ols_all,559.34,528.1027998667455,975.762672164997
19618,3,262,ols_all,291.598,326.65792640736527,1229.1984396898674
19618,3,28,ols_all,330.975,349.25251360140555,334.0675034495642
19618,3,253,ols_all,308.935,301.42523718038956,56.396537606803406
19618,3,22,ols_all,368.133,323.4246676672901,1998.8349799720297
19618,3,20,ols_all,369.841,414.805546142768,2021.8104098251101
19618,3,94,ols_all,320.296,292.4995264296231,772.6439429486625
19618,3,280,ols_all,321.44,324.3752441012066,8.615657933668096
19618,3,273,ols_all,277.145,282.0491880057589,24.051059995829426
19618,3,241,ols_all,447.454,422.70640867500333,612.4432763890508
19618,3,173,ols_all,435.421,435.8446306746823,0.17946294853180514
19618,3,72,ols_all,354.919,352.6596078915345,5.104852699796072
19618,3,166,ols_all,246.311,245.52609457078916,0.6160765328046717
19618,3,55,ols_all,283.539,296.52140969684433,168.54296153671802
19618,3,3,ols_all,351.575,407.8581664539038,3167.7948260778408
19618,3,217,ols_all,434.0,398.9938010883707,1225.4339622405582
19618,3,18,ols_all,319.064,294.62550162214893,597.2402029642303
19618,3,70,ols_all,385.195,362.30010979541976,524.175997479784
19618,3,252,ols_all,253.683,235.5642834221835,328.2878904272419
19618,3,170,ols_all,255.102,288.32046128979255,1103.4661704614457
19618,3,157,ols_all,326.446,313.15255708572704,176.71562451503468
19618,3,13,ols_all,333.614,391.8201917168808,3387.9607541822857
19618,3,212,ols_all,252.257,292.19579129544036,1595.107050140742
19618,3,183,ols_all,412.225,435.80909109540016,556.2093527961322
19618,3,295,ols_all,195.235,245.57679468673132,2534.2962922810084
19618,3,89,ols_all,678.555,686.5493613953645,63.9098141196948
19618,3,14,ridge,362.784,344.98433163317344,316.8281939690058
19618,3,130,ridge,437.098,420.5060956445212,275.291290141356
19618,3,222,ridge,484.452,463.830768157174,425.23520271558004
19618,3,237,ridge,288.331,287.4130698339312,0.8425957897790942
19618,3,268,ridge,410.803,363.0132883132471,2283.8565431029688
19618,3,293,ridge,370.379,418.31556089029885,2297.913869989328
19618,3,47,ridge,538.021,519.4944062888599,343.2346745376557
19618,3,234,ridge,464.093,511.3889134110927,2236.9034253895757
19618,3,88,ridge,474.13,420.6555197773971,2859.520035077548
19618,3,141,ridge,279.634,295.53011888663946,252.68659565817518
19618,3,107,ridge,297.778,284.4322022396802,178.11031785935805
19618,3,208,ridge,286.658,385.5622387721623,9782.048447100888
19618,3,270,ridge,377.08,326.87179686625757,2520.8636619191416
19618,3,17,ridge,331.027,344.37880234596986,178.27062588584658
19618,3,140,ridge,325.388,299.6331877008846,663.3103565626644
19618,3,144,ridge,233.438,265.17612044742157,1007.3082895350398
19618,3,145,ridge,228.932,209.4822730486447,378.2918784822757
19618,3,189,ridge,282.527,302.362576944666,393.45011272776543
19618,3,104,ridge,465.463,488.8854880777517,548.6129477524189
19618,3,146,ridge,283.136,231.55307126870377,2660.798536497988
19618,3,100,ridge,494.493,457.4920681664966,1369.0689565475643
19618,3,278,ridge,321.551,351.2310271130117,880.9040094291098
19618,3,5,ridge,359.251,341.2529064647519,323.93137090353855
19618,3,19,ridge,251.522,256.4220642233421,24.01062939287721
19618,3,24,ridge,437.653,427.004354329066,113.39365462510146
19618,3,77,ridge,275.759,302.35157140227085,707.1648537848727
19618,3,85,ridge,270.692,299.1222567577921,808.2794993139838
19618,3,16,ridge,231.791,261.7694190280488,898.7056074212778
19618,3,202,ridge,355.341,339.7659911132163,242.5809018233923
19618,3,68,ridge,472.514,462.7222209704291,95.87893656394508
19618,3,57,ridge,300.151,310.97212462242464,117.09673809404467
19618,3,62,ridge,317.619,348.0867363246562,928.282956748774
19618,3,243,ridge,260.705,251.75821699073612,80.04492621485264
19618,3,288,ridge,397.622,427.4018645379229,886.8403318970373
19618,3,165,ridge,559.34,528.1026575013798,975.7715663761069
19618,3,262,ridge,291.598,326.65814424774265,1229.2137146725215
19618,3,28,ridge,330.975,349.25289807903005,334.0815581874094
19618,3,253,ridge,308.935,301.42536441841673,56.394626568181465
19618,3,22,ridge,368.133,323.4251912313598,1998.7881648932996
19618,3,20,ridge,369.841,414.80538783917535,2021.7961737517796
19618,3,94,ridge,320.296,292.4997244946305,772.6329319704025
19618,3,280,ridge,321.44,324.3752448010383,8.615662042022503
19618,3,273,ridge,277.145,282.0494228422468,24.05336341555262
19618,3,241,ridge,447.454,422.70626657707805,612.4503095720083
19618,3,173,ridge,435.421,435.8440434421869,0.17896575397733672
19618,3,72,ridge,354.919,352.6595228545227,5.1052369709340795
19618,3,166,ridge,246.311,245.52669316919912,0.6151372048409307
19618,3,55,ridge,283.539,296.522078450129,168.56032604220476
19618,3,3,ridge,351.575,407.85815830994466,3167.7939093422933
19618,3,217,ridge,434.0,398.99354368606595,1225.4519836593734
19618,3,18,ridge,319.064,294.62577681999966,597.2267521955071
19618,3,70,ridge,385.195,362.3004231047591,524.1616512120986
19618,3,252,ridge,253.683,235.5644108912005,328.28327129350725
19618,3,170,ridge,255.102,288.32049261051105,1103.4682513145772
19618,3,157,ridge,326.446,313.15297339882017,176.7045562196754
19618,3,13,ridge,333.614,391.820303752227,3387.9737964965184
19618,3,212,ridge,252.257,292.19578716286196,1595.106720040387
19618,3,183,ridge,412.225,435.80909238471327,556.2094136106892
19618,3,295,ridge,195.235,245.577256840742,2534.3428238192328
19618,3,89,ridge,678.555,686.5481260871004,63.890064644285744
19618,3,14,pls,362.784,344.0650148439342,350.4004052730117
19618,3,130,pls,437.098,423.0424614722557,197.5581633049049
19618,3,222,pls,484.452,464.6115470667431,393.64357259678115
19618,3,237,pls,288.331,285.861989877808,6.09601098348657
19618,3,268,pls,410.803,361.8594579719231,2395.4703062541275
19618,3,293,pls,370.379,419.2741523314053,2390.7359215113247
19618,3,47,pls,538.021,519.769297116764,333.1246581379219
19618,3,234,pls,464.093,511.7209864666226,2268.4250948647846
19618,3,88,pls,474.13,421.170733855583,2804.6838705551895
19618,3,141,pls,279.634,295.3573218938822,247.22285137863534
19618,3,107,pls,297.778,283.6332700760252,200.07338462218837
19618,3,208,pls,286.658,384.08538314854786,9492.094987173945
19618,3,270,pls,377.08,326.04852274947035,2604.2116703713236
19618,3,17,pls,331.027,344.88303187864756,191.98961942209772
19618,3,140,pls,325.388,297.20826015700453,794.097737618905
19618,3,144,pls,233.438,266.2368683043736,1075.765762047645
19618,3,145,pls,228.932,210.08985808917927,355.0263117875065
19618,3,189,pls,282.527,301.39579036233124,356.0312497376048
19618,3,104,pls,465.463,487.7191161154351,495.33470454372895
19618,3,146,pls,283.136,230.0386105959144,2819.3327615291037
19618,3,100,pls,494.493,458.5861333310561,1289.3030739813148
19618,3,278,pls,321.551,353.32203509014715,1009.3986706993625
19618,3,5,pls,359.251,341.9514519173685,299.2743638632783
19618,3,19,pls,251.522,254.76880693890257,10.541755298505942
19618,3,24,pls,437.653,427.5959292178419,101.14467271733855
19618,3,77,pls,275.759,302.303917488253,704.632644458158
19618,3,85,pls,270.692,300.2543292109648,873.9313083774613
19618,3,16,pls,231.791,261.52960084135873,884.3843800016623
19618,3,202,pls,355.341,339.6895155507374,244.9689654655098
19618,3,68,pls,472.514,462.02162101725406,110.09001671756887
19618,3,57,pls,300.151,312.3709202772832,149.32645158315628
19618,3,62,pls,317.619,347.4362189553593,889.0665462318376
19618,3,243,pls,260.705,253.502871181001,51.87065952545552
19618,3,288,pls,397.622,425.71789013472244,789.3790424623928
19618,3,165,pls,559.34,529.3770917056293,897.7758734568731
19618,3,262,pls,291.598,327.22906909869874,1269.5730851162436
19618,3,28,pls,330.975,350.8197978774461,393.816002796688
19618,3,253,pls,308.935,300.2000869784278,76.29870549443153
19618,3,22,pls,368.133,321.76845437734056,2149.6710907956667
19618,3,20,pls,369.841,415.78324885095356,2110.6902294829424
19618,3,94,pls,320.296,291.4232654778233,833.6347987880941
19618,3,280,pls,321.44,325.56480362822407,17.01400497141047
19618,3,273,pls,277.145,281.5331042231734,19.255458673432226
19618,3,241,pls,447.454,424.56831551348546,523.7545544162926
19618,3,173,pls,435.421,435.9640211279609,0.2948719454119417
19618,3,72,pls,354.919,351.37340007938286,12.571278797080137
19618,3,166,pls,246.311,248.42605746955758,4.473468099531271
19618,3,55,pls,283.539,297.153021190874,185.3415729855659
19618,3,3,pls,351.575,408.1542336767453,3201.209683447753
19618,3,217,pls,434.0,399.01756148278514,1223.7710046107177
19618,3,18,pls,319.064,293.5347863662566,651.7407487573118
19618,3,70,pls,385.195,361.26380686383175,572.7020049205862
19618,3,252,pls,253.683,236.85200267174673,283.2824710636684
19618,3,170,pls,255.102,288.91456138812373,1143.2893076256355
19618,3,157,pls,326.446,313.87151080641246,158.1177784796505
19618,3,13,pls,333.614,393.11178587186447,3539.986523654238
19618,3,212,pls,252.257,293.0842728811372,1666.8662109108425
19618,3,183,pls,412.225,436.9590834389491,611.7748835648954
19618,3,295,pls,195.235,247.4861306314711,2730.180652267056
19618,3,89,pls,678.555,686.9113978187193,69.8293845046967
19618,3,14,huber,362.784,344.87446181619543,320.7515579571534
19618,3,130,huber,437.098,419.54791611900225,308.00544423005744
19618,3,222,huber,484.452,463.59007730172664,435.21981866873324
19618,3,237,huber,288.331,288.0817288715916,0.062136095457994686
19618,3,268,huber,410.803,363.42183586892526,2244.9747144158437
19618,3,293,huber,370.379,417.66321557686,2235.7970427189694
19618,3,47,huber,538.021,520.468005500873,308.1076158863811
19618,3,234,huber,464.093,511.4897084292455,2246.4479699269123
19618,3,88,huber,474.13,420.0964243170189,2919.6273010884474
19618,3,141,huber,279.634,295.097437537203,239.11790046697854
19618,3,107,huber,297.778,285.1242322933697,160.11783717336067
19618,3,208,huber,286.658,386.34506692709846,9937.511312527804
19618,3,270,huber,377.08,327.54975185943675,2453.245480865767
19618,3,17,huber,331.027,344.85452206027884,191.2003663274983
19618,3,140,huber,325.388,300.32648760034897,628.0794037578612
19618,3,144,huber,233.438,265.57387112996645,1032.714213281812
19618,3,145,huber,228.932,209.59756638362688,373.8203232659384
19618,3,189,huber,282.527,302.27932044739174,390.15416305645033
19618,3,104,huber,465.463,489.606799327452,582.9230459642703
19618,3,146,huber,283.136,231.84615113010142,2630.6485970970393
19618,3,100,huber,494.493,457.4198933394248,1374.4152374663856
19618,3,278,huber,321.551,351.2485296805739,881.9432691285673
19618,3,5,huber,359.251,341.3672785654868,319.82749234726606
19618,3,19,huber,251.522,256.35459731891143,23.353996846750032
19618,3,24,huber,437.653,426.7343262056239,119.21743742799548
19618,3,77,huber,275.759,302.1784911319227,697.9895116697428
19618,3,85,huber,270.692,299.4871332072566,829.1596964236508
19618,3,16,huber,231.791,261.9220877506561,907.8824490377376
19618,3,202,huber,355.341,340.5506280326705,218.7551029319669
19618,3,68,huber,472.514,463.09526931752464,88.71248766900295
19618,3,57,huber,300.151,311.3027065268766,124.36055846158173
19618,3,62,huber,317.619,347.71754537883487,905.9224339217802
19618,3,243,huber,260.705,251.40333678269596,86.52093860814666
19618,3,288,huber,397.622,427.69682312266025,904.4949858592987
19618,3,165,huber,559.34,527.9325850392397,986.4257145173912
19618,3,262,huber,291.598,326.961717233724,1250.592496586788
19618,3,28,huber,330.975,349.2567993943203,334.2241890941691
19618,3,253,huber,308.935,301.46286258419747,55.83283756063619
19618,3,22,huber,368.133,324.4361658494303,1909.4133147823907
19618,3,20,huber,369.841,414.000447773454,1950.0568276564131
19618,3,94,huber,320.296,292.8959031628736,750.765306683904
19618,3,280,huber,321.44,323.9375284128298,6.237648172892182
19618,3,273,huber,277.145,282.4248364056109,27.876672470014462
19618,3,241,huber,447.454,422.1671439202658,639.4250903971908
19618,3,173,huber,435.421,435.7093203682362,0.08312863473986584
19618,3,72,huber,354.919,353.2736210645745,2.7072718411418513
19618,3,166,huber,246.311,244.4271208129715,3.549000791319154
19618,3,55,huber,283.539,296.8398820440478,176.91346314967308
19618,3,3,huber,351.575,407.71335501144404,3151.514903390925
19618,3,217,huber,434.0,398.70149351981144,1245.984559731914
19618,3,18,huber,319.064,295.5020434347005,555.1657971850607
19618,3,70,huber,385.195,363.0768384886696,489.2130686412981
19618,3,252,huber,253.683,235.36467626647394,335.560984406264
19618,3,170,huber,255.102,288.14631200513753,1091.9265558928762
19618,3,157,huber,326.446,313.57047304153286,165.77919445821465
19618,3,13,huber,333.614,391.65261597787617,3368.4809446273853
19618,3,212,huber,252.257,291.94393207193787,1575.05257728261
19618,3,183,huber,412.225,436.2900064377026,579.1245348466651
19618,3,295,huber,195.235,245.7263419702982,2549.3756139615944
19618,3,89,huber,678.555,686.9890113811341,71.13254797710046
19618,3,14,cart,362.784,374.97524999999996,148.62657656249922
19618,3,130,cart,437.098,408.39812500000005,823.6828250156229
19618,3,222,cart,484.452,458.7917777777778,658.4470044938269
19618,3,237,cart,288.331,313.41383333333334,629.1485280277774
19618,3,268,cart,410.803,337.31139999999994,5401.015270560009
19618,3,293,cart,370.379,408.39812500000005,1445.4538657656274
19618,3,47,cart,538.021,464.3338,5429.8034438399945
19618,3,234,cart,464.093,489.0788181818182,624.291110214875
19618,3,88,cart,474.13,458.7917777777778,235.26106093827136
19618,3,141,cart,279.634,238.636,1680.8360040000016
19618,3,107,cart,297.778,288.979,77.42240100000062
19618,3,208,cart,286.658,365.2151428571429,6171.224693877554
19618,3,270,cart,377.08,365.2151428571429,140.77483502040693
19618,3,17,cart,331.027,365.2151428571429,1168.8291120204115
19618,3,140,cart,325.388,313.41383333333334,143.3806673611103
19618,3,144,cart,233.438,249.68662500000002,264.01781439062603
19618,3,145,cart,228.932,227.55575000000002,1.8940640624999185
19618,3,189,cart,282.527,264.12166666666667,338.7562951111105
19618,3,104,cart,465.463,446.0941111111111,375.15385679012513
19618,3,146,cart,283.136,287.7534,21.32038275999977
19618,3,100,cart,494.493,489.0788181818182,29.31336476033056
19618,3,278,cart,321.551,382.904,3764.190609000001
19618,3,5,cart,359.251,375.8496666666667,275.5157351111123
19618,3,19,cart,251.522,301.0916666666667,2457.1518534444485
19618,3,24,cart,437.653,423.0422,213.47547664000118
19618,3,77,cart,275.759,264.12166666666667,135.42752711111137
19618,3,85,cart,270.692,288.979,334.41436899999917
19618,3,16,cart,231.791,277.71599999999995,2109.1056249999956
19618,3,202,cart,355.341,380.844,650.4030089999993
19618,3,68,cart,472.514,497.48940000000005,623.7706051600018
19618,3,57,cart,300.151,297.790125,5.5737307656251005
19618,3,62,cart,317.619,314.29974999999996,11.01742056250045
19618,3,243,cart,260.705,213.02,2273.8592249999974
19618,3,288,cart,397.622,427.381625,885.6352801406233
19618,3,165,cart,559.34,497.48940000000005,3825.496720359998
19618,3,262,cart,291.598,284.514,50.18305600000004
19618,3,28,cart,330.975,297.790125,1101.2359287656272
19618,3,253,cart,308.935,264.12166666666667,2008.2348444444444
19618,3,22,cart,368.133,313.41383333333334,2994.1872006944413
19618,3,20,cart,369.841,382.904,170.6419689999997
19618,3,94,cart,320.296,365.2151428571429,2017.729395020412
19618,3,280,cart,321.44,301.0916666666667,414.0546694444431
19618,3,273,cart,277.145,284.514,54.30216100000042
19618,3,241,cart,447.454,408.39812500000005,1525.3613720156218
19618,3,173,cart,435.421,408.39812500000005,730.2357732656219
19618,3,72,cart,354.919,427.381625,5250.832021890626
19618,3,166,cart,246.311,213.02,1108.2906809999997
19618,3,55,cart,283.539,365.2151428571429,6670.992312020417
19618,3,3,cart,351.575,458.7917777777778,11495.437437049386
19618,3,217,cart,434.0,423.0422,120.07338084000044
19618,3,18,cart,319.064,284.514,1193.7025000000008
19618,3,70,cart,385.195,365.2151428571429,399.19469144897784
19618,3,252,cart,253.683,257.4153333333333,13.930312111110977
19618,3,170,cart,255.102,314.29974999999996,3504.373605062495
19618,3,157,cart,326.446,314.29974999999996,147.5313890625016
19618,3,13,cart,333.614,382.904,2429.504100000002
19618,3,212,cart,252.257,288.979,1348.5052839999985
19618,3,183,cart,412.225,423.0422,117.01181583999907
19618,3,295,cart,195.235,238.636,1883.6468009999985
19618,3,89,cart,678.555,604.189,5530.3019559999975
19618,3,14,subset_min,362.784,343.1885522361116,383.9815730672784
19618,3,130,subset_min,437.098,419.852764566518,297.39814515622436
19618,3,222,subset_min,484.452,463.519178182287,438.18302925212043
19618,3,237,subset_min,288.331,288.6399851585734,0.09547182821860693
19618,3,268,subset_min,410.803,364.9000999852743,2107.076229761902
19618,3,293,subset_min,370.379,418.786598021689,2343.2955462294244
19618,3,47,subset_min,538.021,515.9335043104059,487.8574658378382
19618,3,234,subset_min,464.093,510.726151430681,2174.6508123568237
19618,3,88,subset_min,474.13,421.3527633815315,2785.4367050818146
19618,3,141,subset_min,279.634,298.2798757876167,347.6686838872292
19618,3,107,subset_min,297.778,288.2096337232942,91.55363320520141
19618,3,208,subset_min,286.658,387.76836096621696,10223.305094718688
19618,3,270,subset_min,377.08,327.85305000369476,2423.2926059387346
19618,3,17,subset_min,331.027,341.9658143429635,119.6576592298239
19618,3,140,subset_min,325.388,301.60868802909437,565.4556778096548
19618,3,144,subset_min,233.438,265.25433621821736,1012.2792503506505
19618,3,145,subset_min,228.932,207.96876907176605,439.45705095046407
19618,3,189,subset_min,282.527,305.02333074074517,506.08489679699653
19618,3,104,subset_min,465.463,489.80136201201867,592.3558654280724
19618,3,146,subset_min,283.136,233.02227670477583,2511.385262510296
19618,3,100,subset_min,494.493,456.9948080521733,1406.1143993560538
19618,3,278,subset_min,321.551,350.9275137948192,862.9795627372047
19618,3,5,subset_min,359.251,342.72627087245223,273.0666727388248
19618,3,19,subset_min,251.522,258.6743790327374,51.156525827942
19618,3,24,subset_min,437.653,426.5790098520725,122.63325779639604
19618,3,77,subset_min,275.759,300.49162152374345,611.7025674367369
19618,3,85,subset_min,270.692,297.7295607754274,731.0296926849293
19618,3,16,subset_min,231.791,262.0316837479743,914.4989535449962
19618,3,202,subset_min,355.341,337.7303313695019,310.13564961320924
19618,3,68,subset_min,472.514,464.70289624365165,61.01334189243945
19618,3,57,subset_min,300.151,311.51147722993903,129.060442891963
19618,3,62,subset_min,317.619,349.44489646323495,1012.8876856885494
19618,3,243,subset_min,260.705,250.87913275646164,96.54766708763974
19618,3,288,subset_min,397.622,426.76570383205996,849.3554730508253
19618,3,165,subset_min,559.34,528.635566119105,942.7622599462569
19618,3,262,subset_min,291.598,328.4726421068981,1359.7392305118208
19618,3,28,subset_min,330.975,346.0956011436107,228.6325789441599
19618,3,253,subset_min,308.935,302.14243761471573,46.13890375797874
19618,3,22,subset_min,368.133,322.3547320490939,2095.649816584954
19618,3,20,subset_min,369.841,413.2321414919404,1882.791159973592
19618,3,94,subset_min,320.296,293.95044011946294,694.0885254189635
19618,3,280,subset_min,321.44,325.28695725935336,14.799080155291513
19618,3,273,subset_min,277.145,282.4236713945837,27.864371691996638
19618,3,241,subset_min,447.454,423.79284456232654,559.8502766457449
19618,3,173,subset_min,435.421,436.79821467989416,1.8967202745159908
19618,3,72,subset_min,354.919,356.43475408574386,2.297510448449262
19618,3,166,subset_min,246.311,243.2990155037511,9.072050605643824
19618,3,55,subset_min,283.539,297.0252178065715,181.87807072628667
19618,3,3,subset_min,351.575,409.6652131487079,3374.4728636623167
19618,3,217,subset_min,434.0,400.828834466002,1100.3262228838983
19618,3,18,subset_min,319.064,297.04556977592557,484.81126953243523
19618,3,70,subset_min,385.195,364.0841942740938,445.666118396953
19618,3,252,subset_min,253.683,231.04611270213195,512.4286665363795
19618,3,170,subset_min,255.102,286.2414929609591,969.6680218656197
19618,3,157,subset_min,326.446,313.9041195310611,157.29876569715174
19618,3,13,subset_min,333.614,388.27947768102626,2988.3144500947833
19618,3,212,subset_min,252.257,290.75048041498934,1481.7480344591675
19618,3,183,subset_min,412.225,437.2615313877241,626.8279039284939
19618,3,295,subset_min,195.235,244.6450034537781,2441.348441302361
19618,3,89,subset_min,678.555,684.8583156856989,39.73178863357875
19618,3,14,subset_1se,362.784,341.6345055543825,447.30111530520577
19618,3,130,subset_1se,437.098,410.12772084225924,727.3959578464666
19618,3,222,subset_1se,484.452,462.4438570907888,484.3583543122627
19618,3,237,subset_1se,288.331,301.9130483105422,184.4720363099016
19618,3,268,subset_1se,410.803,371.1645588379602,1571.2060177564897
19618,3,293,subset_1se,370.379,408.56087122564327,1457.855290291604
19618,3,47,subset_1se,538.021,528.8692413780561,83.75468587432317
19618,3,234,subset_1se,464.093,513.2897887057741,2420.3240189605776
19618,3,88,subset_1se,474.13,411.5102775852998,3921.2296352941094
19618,3,141,subset_1se,279.634,285.8421253295831,38.540820107811065
19618,3,107,subset_1se,297.778,303.7630184679992,35.82044606229111
19618,3,208,subset_1se,286.658,394.5927149000106,11649.902680546567
19618,3,270,subset_1se,377.08,346.275421874379,948.9220334974873
19618,3,17,subset_1se,331.027,355.7846285213077,612.9401699990689
19618,3,140,subset_1se,325.388,316.78352951057315,74.0369124034172
19618,3,144,subset_1se,233.438,267.931054284231,1189.770793854906
19618,3,145,subset_1se,228.932,214.4719122290224,209.09413834437578
19618,3,189,subset_1se,282.527,308.3547351756115,667.07190430152
19618,3,104,subset_1se,465.463,497.66326498629786,1036.8570651877985
19618,3,146,subset_1se,283.136,238.69282632438302,1975.1956863610562
19618,3,100,subset_1se,494.493,461.86210558448784,1064.7752703563026
19618,3,278,subset_1se,321.551,343.35889188029614,475.58414826268694
19618,3,5,subset_1se,359.251,349.74562133636925,90.35222353900618
19618,3,19,subset_1se,251.522,242.70052649050234,77.8183948787688
19618,3,24,subset_1se,437.653,423.2915398613978,206.25153731266107
19618,3,77,subset_1se,275.759,306.69758550870563,957.196073279489
19618,3,85,subset_1se,270.692,311.0801828506901,1631.2053139807779
19618,3,16,subset_1se,231.791,262.4324582580332,938.8989641787908
19618,3,202,subset_1se,355.341,354.3762267739253,0.9307873777506347
19618,3,68,subset_1se,472.514,466.8685106488034,31.87155001447423
19618,3,57,subset_1se,300.151,312.33193900020484,148.37527492671106
19618,3,62,subset_1se,317.619,339.14979068835015,463.57494766554436
19618,3,243,subset_1se,260.705,251.94699234314913,76.70269811745813
19618,3,288,subset_1se,397.622,423.351516018324,662.0079945371901
19618,3,165,subset_1se,559.34,527.9613978419541,984.6166733929268
19618,3,262,subset_1se,291.598,330.44465546357617,1509.0626407057912
19618,3,28,subset_1se,330.975,339.60103136034604,74.40841702967299
19618,3,253,subset_1se,308.935,303.5000269712112,29.538931823661898
19618,3,22,subset_1se,368.133,341.6255994260597,702.6422851873299
19618,3,20,subset_1se,369.841,404.39132006446056,1193.7246165566653
19618,3,94,subset_1se,320.296,301.48186681990796,353.97160731823976
19618,3,280,subset_1se,321.44,307.426993106155,196.36436220694716
19618,3,273,subset_1se,277.145,292.56590405194953,237.804281779434
19618,3,241,subset_1se,447.454,420.9257521788697,703.7479324593056
19618,3,173,subset_1se,435.421,433.8301853778853,2.5306911619339107
19618,3,72,subset_1se,354.919,360.5249955270907,31.427185849761234
19618,3,166,subset_1se,246.311,224.70547638522163,466.7986506687461
19618,3,55,subset_1se,283.539,309.15376105800885,656.1159840588875
19618,3,3,subset_1se,351.575,409.177516109085,3318.049862097397
19618,3,217,subset_1se,434.0,397.36727408737244,1341.956607789695
19618,3,18,subset_1se,319.064,314.1466211976631,24.18061428567269
19618,3,70,subset_1se,385.195,378.1490751373774,49.64505716972329
19618,3,252,subset_1se,253.683,214.38617367006157,1544.240559605342
19618,3,170,subset_1se,255.102,289.8713819445333,1208.9099208048387
19618,3,157,subset_1se,326.446,328.4819484777121,4.145086203898031
19618,3,13,subset_1se,333.614,385.92752184802083,2736.704568143355
19618,3,212,subset_1se,252.257,281.9211617683618,879.9624934195375
19618,3,183,subset_1se,412.225,446.8983402733601,1202.2405257122123
19618,3,295,subset_1se,195.235,243.7854287504271,2357.1441318502957
19618,3,89,subset_1se,678.555,682.7893020638278,17.929313967736707
19618,3,14,adaptive_linear,362.784,343.1885522361116,383.9815730672784
19618,3,130,adaptive_linear,437.098,419.852764566518,297.39814515622436
19618,3,222,adaptive_linear,484.452,463.519178182287,438.18302925212043
19618,3,237,adaptive_linear,288.331,288.6399851585734,0.09547182821860693
19618,3,268,adaptive_linear,410.803,364.9000999852743,2107.076229761902
19618,3,293,adaptive_linear,370.379,418.786598021689,2343.2955462294244
19618,3,47,adaptive_linear,538.021,515.9335043104059,487.8574658378382
19618,3,234,adaptive_linear,464.093,510.726151430681,2174.6508123568237
19618,3,88,adaptive_linear,474.13,421.3527633815315,2785.4367050818146
19618,3,141,adaptive_linear,279.634,298.2798757876167,347.6686838872292
19618,3,107,adaptive_linear,297.778,288.2096337232942,91.55363320520141
19618,3,208,adaptive_linear,286.658,387.76836096621696,10223.305094718688
19618,3,270,adaptive_linear,377.08,327.85305000369476,2423.2926059387346
19618,3,17,adaptive_linear,331.027,341.9658143429635,119.6576592298239
19618,3,140,adaptive_linear,325.388,301.60868802909437,565.4556778096548
19618,3,144,adaptive_linear,233.438,265.25433621821736,1012.2792503506505
19618,3,145,adaptive_linear,228.932,207.96876907176605,439.45705095046407
19618,3,189,adaptive_linear,282.527,305.02333074074517,506.08489679699653
19618,3,104,adaptive_linear,465.463,489.80136201201867,592.3558654280724
19618,3,146,adaptive_linear,283.136,233.02227670477583,2511.385262510296
19618,3,100,adaptive_linear,494.493,456.9948080521733,1406.1143993560538
19618,3,278,adaptive_linear,321.551,350.9275137948192,862.9795627372047
19618,3,5,adaptive_linear,359.251,342.72627087245223,273.0666727388248
19618,3,19,adaptive_linear,251.522,258.6743790327374,51.156525827942
19618,3,24,adaptive_linear,437.653,426.5790098520725,122.63325779639604
19618,3,77,adaptive_linear,275.759,300.49162152374345,611.7025674367369
19618,3,85,adaptive_linear,270.692,297.7295607754274,731.0296926849293
19618,3,16,adaptive_linear,231.791,262.0316837479743,914.4989535449962
19618,3,202,adaptive_linear,355.341,337.7303313695019,310.13564961320924
19618,3,68,adaptive_linear,472.514,464.70289624365165,61.01334189243945
19618,3,57,adaptive_linear,300.151,311.51147722993903,129.060442891963
19618,3,62,adaptive_linear,317.619,349.44489646323495,1012.8876856885494
19618,3,243,adaptive_linear,260.705,250.87913275646164,96.54766708763974
19618,3,288,adaptive_linear,397.622,426.76570383205996,849.3554730508253
19618,3,165,adaptive_linear,559.34,528.635566119105,942.7622599462569
19618,3,262,adaptive_linear,291.598,328.4726421068981,1359.7392305118208
19618,3,28,adaptive_linear,330.975,346.0956011436107,228.6325789441599
19618,3,253,adaptive_linear,308.935,302.14243761471573,46.13890375797874
19618,3,22,adaptive_linear,368.133,322.3547320490939,2095.649816584954
19618,3,20,adaptive_linear,369.841,413.2321414919404,1882.791159973592
19618,3,94,adaptive_linear,320.296,293.95044011946294,694.0885254189635
19618,3,280,adaptive_linear,321.44,325.28695725935336,14.799080155291513
19618,3,273,adaptive_linear,277.145,282.4236713945837,27.864371691996638
19618,3,241,adaptive_linear,447.454,423.79284456232654,559.8502766457449
19618,3,173,adaptive_linear,435.421,436.79821467989416,1.8967202745159908
19618,3,72,adaptive_linear,354.919,356.43475408574386,2.297510448449262
19618,3,166,adaptive_linear,246.311,243.2990155037511,9.072050605643824
19618,3,55,adaptive_linear,283.539,297.0252178065715,181.87807072628667
19618,3,3,adaptive_linear,351.575,409.6652131487079,3374.4728636623167
19618,3,217,adaptive_linear,434.0,400.828834466002,1100.3262228838983
19618,3,18,adaptive_linear,319.064,297.04556977592557,484.81126953243523
19618,3,70,adaptive_linear,385.195,364.0841942740938,445.666118396953
19618,3,252,adaptive_linear,253.683,231.04611270213195,512.4286665363795
19618,3,170,adaptive_linear,255.102,286.2414929609591,969.6680218656197
19618,3,157,adaptive_linear,326.446,313.9041195310611,157.29876569715174
19618,3,13,adaptive_linear,333.614,388.27947768102626,2988.3144500947833
19618,3,212,adaptive_linear,252.257,290.75048041498934,1481.7480344591675
19618,3,183,adaptive_linear,412.225,437.2615313877241,626.8279039284939
19618,3,295,adaptive_linear,195.235,244.6450034537781,2441.348441302361
19618,3,89,adaptive_linear,678.555,684.8583156856989,39.73178863357875
19618,4,33,ols_all,133.048,138.81430793062577,33.25030715079767
19618,4,169,ols_all,245.48,275.5605275084338,904.8381351856419
19618,4,265,ols_all,276.409,214.2541954335918,3863.2197306883963
19618,4,90,ols_all,288.704,275.73697448144344,168.14375079889723
19618,4,232,ols_all,444.205,407.6725003545464,1334.6235303450662
19618,4,158,ols_all,353.281,373.3917960445808,404.4441175467271
19618,4,123,ols_all,485.218,482.648868690075,6.60043568763701
19618,4,86,ols_all,352.697,368.8706699825823,261.58760070548317
19618,4,35,ols_all,240.207,277.5419714398938,1393.9000924176873
19618,4,11,ols_all,295.011,280.27983547197005,217.0072083518887
19618,4,238,ols_all,655.573,591.3917674436213,4119.230612455956
19618,4,120,ols_all,375.484,406.78897598247227,980.0015212631666
19618,4,142,ols_all,160.258,163.47896253318345,10.374599640171475
19618,4,230,ols_all,373.927,371.9073475585599,4.078995984215133
19618,4,132,ols_all,446.917,419.0190419481612,778.2960634621556
19618,4,81,ols_all,605.271,522.5889958929067,6836.3138031653825
19618,4,229,ols_all,396.197,408.62668212247604,154.49699766580042
19618,4,51,ols_all,515.846,536.1784862658862,413.4099977524528
19618,4,182,ols_all,176.669,214.2541954335918,1412.6469157812894
19618,4,287,ols_all,442.829,399.77698472767656,1853.4760190083712
19618,4,109,ols_all,505.777,472.79945010770894,1087.5187968985456
19618,4,298,ols_all,293.887,318.559306436817,608.7227049122014
19618,4,58,ols_all,268.614,279.406705542199,116.48249292061367
19618,4,114,ols_all,339.775,357.0158865731189,297.24816982715254
19618,4,190,ols_all,254.668,312.6932352171882,3366.9279220100175
19618,4,250,ols_all,218.9,214.2541954335918,21.583500069259305
19618,4,283,ols_all,310.66,344.09089738595753,1117.6249000304206
19618,4,139,ols_all,262.528,273.7960418690334,126.968767562289
19618,4,149,ols_all,337.859,299.12122170282623,1500.6154674009854
19618,4,38,ols_all,347.959,327.6630737405965,411.92462272714573
19618,4,23,ols_all,237.449,261.93213119819575,599.4237132680654
19618,4,236,ols_all,486.011,480.8833753507663,26.292534543429266
19618,4,44,ols_all,383.504,367.0416288398676,271.00966421395964
19618,4,178,ols_all,297.521,297.835670400181,0.09901746075007117
19618,4,168,ols_all,260.578,258.41360814145264,4.684592117345979
19618,4,6,ols_all,331.553,332.4431014006652,0.7922805034662049
19618,4,45,ols_all,244.551,265.7154519313201,447.93402555315976
19618,4,163,ols_all,303.742,309.499614746833,33.150127572948655
19618,4,172,ols_all,385.629,424.489879307622,1510.1679405615625
19618,4,246,ols_all,459.143,513.1068409383986,2912.096128824787
19618,4,284,ols_all,386.48,368.8706699825823,310.08850366232923
19618,4,119,ols_all,284.404,297.5930546688662,173.95116305834182
19618,4,21,ols_all,316.871,331.29087646609855,207.93283729754344
19618,4,46,ols_all,452.189,433.8104316949846,337.77177294211845
19618,4,50,ols_all,693.382,595.3375455664329,9612.715045175799
19618,4,15,ols_all,472.547,480.1544113864213,57.8727080022523
19618,4,121,ols_all,457.643,428.96558931809454,822.3938834186636
19618,4,290,ols_all,286.009,302.54532336040097,273.4499902797424
19618,4,176,ols_all,409.854,418.0691907872181,67.489359670393
19618,4,52,ols_all,246.515,279.406705542199,1081.8642934747256
19618,4,27,ols_all,368.838,390.18814244894907,455.82858259041586
19618,4,37,ols_all,493.864,492.84982044670346,1.0285601663247181
19618,4,117,ols_all,209.858,256.7238087506619,2196.4040298536147
19618,4,2,ols_all,244.384,275.3435210702967,958.4919449021446
19618,4,180,ols_all,330.633,371.7102075333844,1687.336978740733
19618,4,75,ols_all,478.849,531.2265437508333,2743.407089370462
19618,4,251,ols_all,361.326,420.7549850763446,3531.804267204388
19618,4,269,ols_all,373.068,394.703165091483,468.080368535726
19618,4,247,ols_all,256.963,275.7345068739194,352.3694703176014
19618,4,148,ols_all,311.748,327.71914654706165,255.07752202771974
19618,4,33,ridge,133.048,139.68552114528757,44.05668695413954
19618,4,169,ridge,245.48,278.18222529897787,1069.4355395051089
19618,4,265,ridge,276.409,214.75787029517193,3800.8617938815332
19618,4,90,ridge,288.704,278.9450715858395,95.23668379270904
19618,4,232,ridge,444.205,408.1420538557099,1300.5360846059677
19618,4,158,ridge,353.281,374.1284517787629,434.61624566784394
19618,4,123,ridge,485.218,482.653817250159,6.575033174582128
19618,4,86,ridge,352.697,369.07594418944535,268.2698127609656
19618,4,35,ridge,240.207,278.3589261005743,1455.5694651836836
19618,4,11,ridge,295.011,280.64858085273465,206.27908376173494
19618,4,238,ridge,655.573,588.7273352306513,4468.342898456142
19618,4,120,ridge,375.484,406.37039539120343,953.9694202617537
19618,4,142,ridge,160.258,163.15608665577383,8.398906264374306
19618,4,230,ridge,373.927,371.43154120075405,6.227314618734121
19618,4,132,ridge,446.917,419.23369004406777,766.365650116215
19618,4,81,ridge,605.271,521.1057855338256,7083.783326137123
19618,4,229,ridge,396.197,407.77201929472113,133.98107167316644
19618,4,51,ridge,515.846,533.0971252876229,297.6013236892632
19618,4,182,ridge,176.669,214.75787029517193,1450.7620403624296
19618,4,287,ridge,442.829,399.54094774396333,1873.8554681213623
19618,4,109,ridge,505.777,470.95765777247095,1212.3865931577866
19618,4,298,ridge,293.887,317.515114282529,558.2877845482508
19618,4,58,ridge,268.614,278.3606874009189,94.99791529123152
19618,4,114,ridge,339.775,358.20356527838754,339.6120182197918
19618,4,190,ridge,254.668,313.8134589093381,3498.1853095962038
19618,4,250,ridge,218.9,214.75787029517193,17.15723849161915
19618,4,283,ridge,310.66,341.94531953569094,978.7712184502838
19618,4,139,ridge,262.528,274.97551480791793,154.9406248933357
19618,4,149,ridge,337.859,299.912471965981,1439.9389898365873
19618,4,38,ridge,347.959,330.49457496850584,305.0061416806797
19618,4,23,ridge,237.449,264.10053745646917,710.3044487935784
19618,4,236,ridge,486.011,479.71764436610067,39.60632513473272
19618,4,44,ridge,383.504,369.5407053632358,194.97359711308798
19618,4,178,ridge,297.521,296.32655894830066,1.4266894259846663
19618,4,168,ridge,260.578,258.8812232989794,2.8790511731261925
19618,4,6,ridge,331.553,330.07210960195573,2.193036371019706
19618,4,45,ridge,244.551,266.7303503375149,491.9235813942225
19618,4,163,ridge,303.742,309.16183452746037,29.374606305051383
19618,4,172,ridge,385.629,424.88753103740305,1541.232259214737
19618,4,246,ridge,459.143,515.7191256710984,3200.857995951919
19618,4,284,ridge,386.48,369.07594418944535,302.90115865690166
19618,4,119,ridge,284.404,299.9169865323798,240.65275115379657
19618,4,21,ridge,316.871,332.26095227973747,236.85063117259702
19618,4,46,ridge,452.189,432.5644539851503,385.12280628895434
19618,4,50,ridge,693.382,590.6258794426867,10558.820311989093
19618,4,15,ridge,472.547,479.0377529481132,42.129873833440165
19618,4,121,ridge,457.643,428.5998619647662,843.5038669336423
19618,4,290,ridge,286.009,302.73729360112543,279.8358068054535
19618,4,176,ridge,409.854,417.3701855342787,56.493044985700244
19618,4,52,ridge,246.515,278.3606874009189,1014.147806037045
19618,4,27,ridge,368.838,389.3894741771452,422.3630908538646
19618,4,37,ridge,493.864,489.2726255789567,21.08071907421042
19618,4,117,ridge,209.858,258.1408492301215,2331.233529778643
19618,4,2,ridge,244.384,275.99273523687265,999.1121432747154
19618,4,180,ridge,330.633,372.0847056894326,1718.2439045633414
19618,4,75,ridge,478.849,528.5358248892911,2468.7805675790805
19618,4,251,ridge,361.326,417.76666730466167,3185.548925795502
19618,4,269,ridge,373.068,394.353465110633,453.07102497597583
19618,4,247,ridge,256.963,276.6612940755868,388.02278948829695
19618,4,148,ridge,311.748,332.02841410106333,411.29519611060886
19618,4,33,pls,133.048,138.75793721978047,32.603383053834335
19618,4,169,pls,245.48,275.31156918286104,889.9225199118248
19618,4,265,pls,276.409,214.374593786571,3848.267554252716
19618,4,90,pls,288.704,275.53206412073826,173.49989480738307
19618,4,232,pls,444.205,407.64706710151654,1336.482457810018
19618,4,158,pls,353.281,373.42402686021376,405.74153109129264
19618,4,123,pls,485.218,482.6185484938036,6.7571481330668925
19618,4,86,pls,352.697,368.98936638623115,265.4412024631947
19618,4,35,pls,240.207,277.2689074621099,1373.5849847299976
19618,4,11,pls,295.011,280.2660795793138,217.41267821237014
19618,4,238,pls,655.573,591.3342020709658,4126.623159367282
19618,4,120,pls,375.484,406.69620619818346,974.2018157579233
19618,4,142,pls,160.258,163.40729431651027,9.918054692003853
19618,4,230,pls,373.927,371.92461170003594,4.009558903833046
19618,4,132,pls,446.917,419.1353558368784,771.8197524063083
19618,4,81,pls,605.271,522.4698210138413,6856.035241497885
19618,4,229,pls,396.197,408.4576437870848,150.32338607378117
19618,4,51,pls,515.846,536.1366722972637,411.7113822749427
19618,4,182,pls,176.669,214.374593786571,1421.7118027979016
19618,4,287,pls,442.829,399.70704895121366,1859.5026622539256
19618,4,109,pls,505.777,472.77363671236526,1089.2219882955958
19618,4,298,pls,293.887,318.6515878252203,613.2848101530496
19618,4,58,pls,268.614,279.49015033178165,118.2906460395146
19618,4,114,pls,339.775,356.8129015676693,290.29008982958925
19618,4,190,pls,254.668,312.5931332782103,3355.3210652984258
19618,4,250,pls,218.9,214.374593786571,20.479301396541743
19618,4,283,pls,310.66,343.73992689741243,1094.2815635381487
19618,4,139,pls,262.528,274.20108823265787,136.2609888874151
19618,4,149,pls,337.859,298.88952226887966,1518.6201946362826
19618,4,38,pls,347.959,327.77599199114104,407.353812285665
19618,4,23,pls,237.449,261.6048996624189,583.5074885008497
19618,4,236,pls,486.011,480.8149557662364,26.998875679228412
19618,4,44,pls,383.504,367.03289512809346,271.29729570134407
19618,4,178,pls,297.521,297.91255495199863,0.15331528043463719
19618,4,168,pls,260.578,258.54673015567954,4.12605718044556
19618,4,6,pls,331.553,332.6131878020682,1.1239981756541695
19618,4,45,pls,244.551,265.4270051858524,435.80759251973717
19618,4,163,pls,303.742,309.76019411733773,36.21866043395827
19618,4,172,pls,385.629,424.3969999840671,1502.9578227646268
19618,4,246,pls,459.143,513.2093540863721,2923.1706441929637
19618,4,284,pls,386.48,368.98936638623115,305.92226421110126
19618,4,119,pls,284.404,297.75552781711394,178.26329505116752
19618,4,21,pls,316.871,331.42030013036225,211.68213428335955
19618,4,46,pls,452.189,433.88178822412067,335.1540030068956
19618,4,50,pls,693.382,595.346509747753,9610.95734899841
19618,4,15,pls,472.547,480.1380163863797,57.623529778285004
19618,4,121,pls,457.643,429.1488053994883,811.9191259318279
19618,4,290,pls,286.009,302.6563233338543,277.133374181889
19618,4,176,pls,409.854,418.0465644918351,67.11811295287777
19618,4,52,pls,246.515,279.49015033178165,1087.3605394036003
19618,4,27,pls,368.838,390.24823977428343,458.3983671923074
19618,4,37,pls,493.864,492.23747930963765,2.6455695561767394
19618,4,117,pls,209.858,256.49412384178873,2174.9280469866553
19618,4,2,pls,244.384,275.22204829491795,950.985222639693
19618,4,180,pls,330.633,372.18745195537525,1726.7724773115917
19618,4,75,pls,478.849,531.074828269816,2727.537138468308
19618,4,251,pls,361.326,420.6706614769858,3521.7888458180396
19618,4,269,pls,373.068,394.6764191086502,466.92377637507894
19618,4,247,pls,256.963,275.70511149598485,351.2667433279267
19618,4,148,pls,311.748,327.3842721423318,244.49300650906122
19618,4,33,huber,133.048,140.0830142382694,49.49142533265335
19618,4,169,huber,245.48,280.4868146242033,1225.477070133335
19618,4,265,huber,276.409,212.47753215101923,4087.2325813252605
19618,4,90,huber,288.704,279.5154002704895,84.43036498916017
19618,4,232,huber,444.205,408.90138399717574,1246.345302874868
19618,4,158,huber,353.281,374.76356851011417,461.50074979174866
19618,4,123,huber,485.218,481.9999960539739,10.35554939663956
19618,4,86,huber,352.697,370.1527131842024,304.7019227691378
19618,4,35,huber,240.207,276.8026950540769,1339.2448964909872
19618,4,11,huber,295.011,278.97690615712384,257.09216536216013
19618,4,238,huber,655.573,595.1732810014853,3648.1260550995357
19618,4,120,huber,375.484,404.9758398801158,869.7686195143907
19618,4,142,huber,160.258,160.99180303101207,0.5384668883224843
19618,4,230,huber,373.927,374.3298101007934,0.16225597730116828
19618,4,132,huber,446.917,417.89516531674957,842.266888381916
19618,4,81,huber,605.271,525.758872987809,6322.178342002785
19618,4,229,huber,396.197,407.6733748698168,131.7071801525631
19618,4,51,huber,515.846,538.6975200634495,522.1919692102337
19618,4,182,huber,176.669,212.47753215101923,1282.2509748105772
19618,4,287,huber,442.829,400.0518355679627,1829.8857968455568
19618,4,109,huber,505.777,472.9591312269256,1077.0125108067314
19618,4,298,huber,293.887,318.0217396785457,582.4856593511688
19618,4,58,huber,268.614,281.4053776726707,163.61934276489865
19618,4,114,huber,339.775,360.91350603074534,446.836437211858
19618,4,190,huber,254.668,314.35261797800126,3562.253623179951
19618,4,250,huber,218.9,212.47753215101923,41.24809327119171
19618,4,283,huber,310.66,341.2987609826576,938.73367455242
19618,4,139,huber,262.528,274.48822829002336,143.04706074947458
19618,4,149,huber,337.859,299.6127930157693,1462.772348680617
19618,4,38,huber,347.959,331.1347510444898,283.05535291698607
19618,4,23,huber,237.449,260.1173128319771,513.8524066483759
19618,4,236,huber,486.011,482.57007136282743,11.839989886114417
19618,4,44,huber,383.504,371.3919700883392,146.7012685809669
19618,4,178,huber,297.521,297.8498373037475,0.10813397233591979
19618,4,168,huber,260.578,258.61932994799304,3.836388372628858
19618,4,6,huber,331.553,333.0657389202496,2.2883790408379356
19618,4,45,huber,244.551,266.1818827249848,467.8950874620465
19618,4,163,huber,303.742,309.8904465945909,37.803395526536356
19618,4,172,huber,385.629,423.931406072611,1467.0743109511884
19618,4,246,huber,459.143,520.8147959902585,3803.41042066407
19618,4,284,huber,386.48,370.1527131842024,266.58029476531834
19618,4,119,huber,284.404,302.4368664202405,325.1842713302378
19618,4,21,huber,316.871,333.3884538854677,272.8262828585526
19618,4,46,huber,452.189,436.47671020775414,246.87605051551418
19618,4,50,huber,693.382,593.9578320707045,9885.165168432739
19618,4,15,huber,472.547,481.0405277322403,72.14001333833498
19618,4,121,huber,457.643,429.7628728227035,777.3014914222246
19618,4,290,huber,286.009,303.63458318271694,310.66118253087365
19618,4,176,huber,409.854,419.5503964326547,94.02010377919868
19618,4,52,huber,246.515,281.4053776726707,1217.3384541415978
19618,4,27,huber,368.838,391.05492097940714,493.59157780522025
19618,4,37,huber,493.864,494.3911786166562,0.2779172938595606
19618,4,117,huber,209.858,255.61622101150198,2093.8147901374605
19618,4,2,huber,244.384,278.3190919520597,1151.5904657947476
19618,4,180,huber,330.633,378.7585331484024,2316.066940817982
19618,4,75,huber,478.849,532.0819413034958,2833.74603982143
19618,4,251,huber,361.326,420.65368695525564,3519.774439460807
19618,4,269,huber,373.068,395.39608210633185,498.5432505470971
19618,4,247,huber,256.963,276.6364389229365,387.0441990545128
19618,4,148,huber,311.748,332.1367113644754,415.69955110388827
19618,4,33,cart,133.048,128.53816666666665,20.33859669444457
19618,4,169,cart,245.48,264.78299999999996,372.60580899999877
19618,4,265,cart,276.409,214.81966666666668,3793.245980444442
19618,4,90,cart,288.704,320.92244444444447,1038.028162419754
19618,4,232,cart,444.205,377.115,4501.068099999997
19618,4,158,cart,353.281,377.63828571428576,593.2773673673488
19618,4,123,cart,485.218,421.21166666666664,4096.810706777783
19618,4,86,cart,352.697,340.94053846153844,138.21438790532608
19618,4,35,cart,240.207,302.1464444444444,3836.494778086415
19618,4,11,cart,295.011,295.51419999999996,0.2532102399999353
19618,4,238,cart,655.573,491.97512500000005,26764.2647045156
19618,4,120,cart,375.484,395.19700000000006,388.60236900000314
19618,4,142,cart,160.258,236.5676,5823.155052159998
19618,4,230,cart,373.927,385.4052,131.74907523999906
19618,4,132,cart,446.917,421.21166666666664,660.7641617777775
19618,4,81,cart,605.271,435.13677777777775,28945.65357116049
19618,4,229,cart,396.197,419.87866666666656,560.821336111106
19618,4,51,cart,515.846,582.0227777777777,4379.365917049375
19618,4,182,cart,176.669,214.81966666666668,1455.473367111111
19618,4,287,cart,442.829,385.4052,3297.4928064400033
19618,4,109,cart,505.777,491.97512500000005,190.49175351562332
19618,4,298,cart,293.887,259.565,1177.9996840000001
19618,4,58,cart,268.614,320.92244444444447,2736.1733601975357
19618,4,114,cart,339.775,357.1822222222222,303.01138549382745
19618,4,190,cart,254.668,320.92244444444447,4389.6514086419775
19618,4,250,cart,218.9,214.81966666666668,16.64912011111107
19618,4,283,cart,310.66,377.63828571428576,4486.090757224492
19618,4,139,cart,262.528,262.57675000000006,0.0023765625000039905
19618,4,149,cart,337.859,264.78299999999996,5340.101776000003
19618,4,38,cart,347.959,302.1464444444444,2098.790246530869
19618,4,23,cart,237.449,302.1464444444444,4185.759317641968
19618,4,236,cart,486.011,491.97512500000005,35.570787015625285
19618,4,44,cart,383.504,377.115,40.81932100000013
19618,4,178,cart,297.521,320.92244444444447,547.6276020864201
19618,4,168,cart,260.578,219.13900000000004,1717.1907209999947
19618,4,6,cart,331.553,264.78299999999996,4458.232900000005
19618,4,45,cart,244.551,302.1464444444444,3317.2352207530826
19618,4,163,cart,303.742,326.19533333333334,504.1521777777771
19618,4,172,cart,385.629,435.13677777777775,2451.0200604938227
19618,4,246,cart,459.143,582.0227777777777,15099.439786716042
19618,4,284,cart,386.48,340.94053846153844,2073.842557213022
19618,4,119,cart,284.404,279.86080000000004,20.6406662399996
19618,4,21,cart,316.871,295.51419999999996,456.1129062400009
19618,4,46,cart,452.189,419.87866666666656,1043.9576401111194
19618,4,50,cart,693.382,491.97512500000005,40564.729297265585
19618,4,15,cart,472.547,491.97512500000005,377.45204101562587
19618,4,121,cart,457.643,435.13677777777775,506.5300387160493
19618,4,290,cart,286.009,259.565,699.2851360000009
19618,4,176,cart,409.854,464.5981428571428,2996.9211771632627
19618,4,52,cart,246.515,320.92244444444447,5536.467788753092
19618,4,27,cart,368.838,326.19533333333334,1818.397020444446
19618,4,37,cart,493.864,450.2226666666667,1904.5659751111039
19618,4,117,cart,209.858,219.13900000000004,86.13696100000064
19618,4,2,cart,244.384,279.86080000000004,1258.6033382400037
19618,4,180,cart,330.633,357.1822222222222,704.8612006049385
19618,4,75,cart,478.849,491.97512500000005,172.29515751562653
19618,4,251,cart,361.326,377.63828571428576,266.09066522449046
19618,4,269,cart,373.068,377.115,16.378209000000208
19618,4,247,cart,256.963,295.51419999999996,1486.1950214399951
19618,4,148,cart,311.748,340.94053846153844,852.2043018284015
19618,4,33,subset_min,133.048,138.94766093390007,34.80599913498659
19618,4,169,subset_min,245.48,275.8481760435637,922.2261162128758
19618,4,265,subset_min,276.409,214.24188527576155,3864.7501531366242
19618,4,90,subset_min,288.704,274.8254260698893,192.61481433354808
19618,4,232,subset_min,444.205,407.08604564861497,1377.8167721402044
19618,4,158,subset_min,353.281,373.444089816915,406.5501909649804
19618,4,123,subset_min,485.218,481.3963408888454,14.60507836187131
19618,4,86,subset_min,352.697,368.9198915733032,263.1822109991511
19618,4,35,subset_min,240.207,277.58178143975204,1396.8742876692336
19618,4,11,subset_min,295.011,280.480386032385,211.13874227584844
19618,4,238,subset_min,655.573,590.450851642902,4240.894206643883
19618,4,120,subset_min,375.484,406.8400825165498,983.2039107846804
19618,4,142,subset_min,160.258,163.48045223693055,10.384198419298617
19618,4,230,subset_min,373.927,371.9042446100031,4.091539367761579
19618,4,132,subset_min,446.917,419.05162762354104,776.4789776787208
19618,4,81,subset_min,605.271,521.9071158522066,6949.5371802067075
19618,4,229,subset_min,396.197,407.5116398291514,128.0210744634196
19618,4,51,subset_min,515.846,537.1952409193535,455.7900878325987
19618,4,182,subset_min,176.669,214.24188527576155,1411.721707945538
19618,4,287,subset_min,442.829,399.7781923906051,1853.3720358211333
19618,4,109,subset_min,505.777,473.1807439689496,1062.5159072417869
19618,4,298,subset_min,293.887,318.9703501835466,629.1744564304272
19618,4,58,subset_min,268.614,280.20781309780773,134.41650214689864
19618,4,114,subset_min,339.775,357.456827320701,312.64701739908895
19618,4,190,subset_min,254.668,312.1640142707691,3305.791657024482
19618,4,250,subset_min,218.9,214.24188527576155,21.698032784167133
19618,4,283,subset_min,310.66,344.05838763968865,1115.4522969309057
19618,4,139,subset_min,262.528,273.8337972992915,127.82105257266694
19618,4,149,subset_min,337.859,299.22276229359477,1492.7588641058478
19618,4,38,subset_min,347.959,327.08229157011107,435.83695486659576
19618,4,23,subset_min,237.449,261.7855104276533,592.2657397952783
19618,4,236,subset_min,486.011,481.1055300444726,24.06363548458249
19618,4,44,subset_min,383.504,366.49252819104794,289.3901731067714
19618,4,178,subset_min,297.521,298.36170971825806,0.7067928303735131
19618,4,168,subset_min,260.578,258.45059138755136,4.525867404320558
19618,4,6,subset_min,331.553,333.0996921922401,2.3922567375365786
19618,4,45,subset_min,244.551,265.7364190193563,448.8219790257032
19618,4,163,subset_min,303.742,310.174157413435,41.37264899120674
19618,4,172,subset_min,385.629,424.0819641652855,1478.6304530967302
19618,4,246,subset_min,459.143,512.408039112109,2837.1643916145053
19618,4,284,subset_min,386.48,368.9198915733032,308.3574079573495
19618,4,119,subset_min,284.404,298.10131119496236,187.61633397164138
19618,4,21,subset_min,316.871,330.4041395378051,183.14586574970474
19618,4,46,subset_min,452.189,434.44160352769495,314.9700815451864
19618,4,50,subset_min,693.382,596.8786578523058,9312.895045674928
19618,4,15,subset_min,472.547,480.5001111940646,63.25197766515481
19618,4,121,subset_min,457.643,429.3891868105976,798.277959741647
19618,4,290,subset_min,286.009,303.0031929864718,288.8025952614464
19618,4,176,subset_min,409.854,419.0408175986014,84.39761758997254
19618,4,52,subset_min,246.515,280.20781309780773,1135.205654443805
19618,4,27,subset_min,368.838,390.14208466702934,453.86402349995353
19618,4,37,subset_min,493.864,493.8227574648385,0.0017009467065453297
19618,4,117,subset_min,209.858,256.4020297053547,2166.346701212942
19618,4,2,subset_min,244.384,275.7795912007651,985.6831468455588
19618,4,180,subset_min,330.633,372.4106756571017,1745.37418330999
19618,4,75,subset_min,478.849,531.8908225876012,2813.4349434145597
19618,4,251,subset_min,361.326,421.7731584505044,3653.858964740384
19618,4,269,subset_min,373.068,394.9070908168167,476.94588770516907
19618,4,247,subset_min,256.963,275.6885446882168,350.6460238704028
19618,4,148,subset_min,311.748,323.9325791057495,148.4639679842671
19618,4,33,subset_1se,133.048,123.57644278215032,89.71039613100034
19618,4,169,subset_1se,245.48,289.1860508451922,1910.2188804825266
19618,4,265,subset_1se,276.409,207.26419490256413,4781.004071962393
19618,4,90,subset_1se,288.704,275.86738561924153,164.77866876029532
19618,4,232,subset_1se,444.205,409.54656327898397,1201.2072359446715
19618,4,158,subset_1se,353.281,371.888417569688,346.235988612733
19618,4,123,subset_1se,485.218,469.9557419568632,232.93652057529383
19618,4,86,subset_1se,352.697,368.28784011257363,243.07429541583494
19618,4,35,subset_1se,240.207,270.1833308683445,898.5804123284645
19618,4,11,subset_1se,295.011,279.9079425051545,228.10234569260973
19618,4,238,subset_1se,655.573,603.2811078923773,2734.441980195246
19618,4,120,subset_1se,375.484,395.9434736371335,418.59006150856067
19618,4,142,subset_1se,160.258,160.35519235121666,0.009446353135020331
19618,4,230,subset_1se,373.927,377.556565763146,13.173747629001536
19618,4,132,subset_1se,446.917,409.40793362740294,1406.9300601438895
19618,4,81,subset_1se,605.271,521.90241461205,6950.321029587894
19618,4,229,subset_1se,396.197,397.2104476461159,1.0270761314178145
19618,4,51,subset_1se,515.846,537.2117908321063,456.4970178813182
19618,4,182,subset_1se,176.669,207.26419490256413,936.0659511258854
19618,4,287,subset_1se,442.829,399.7390132627527,1856.7469570161509
19618,4,109,subset_1se,505.777,465.37390301129227,1632.4102462789226
19618,4,298,subset_1se,293.887,319.9825220467136,680.9762708905154
19618,4,58,subset_1se,268.614,283.3638865451807,217.55915309570392
19618,4,114,subset_1se,339.775,349.0282196641716,85.62207415341268
19618,4,190,subset_1se,254.668,305.25803817067765,2559.351962110621
19618,4,250,subset_1se,218.9,207.26419490256413,135.39196026551474
19618,4,283,subset_1se,310.66,329.39118314339464,350.8572219513906
19618,4,139,subset_1se,262.528,277.2745014758859,217.45930577830524
19618,4,149,subset_1se,337.859,294.80353001940915,1853.773495249558
19618,4,38,subset_1se,347.959,341.6506210683009,39.79564474590521
19618,4,23,subset_1se,237.449,249.37409823131972,142.20796782662444
19618,4,236,subset_1se,486.011,486.3564407011694,0.11932927802438328
19618,4,44,subset_1se,383.504,377.4302825900124,36.89004317638693
19618,4,178,subset_1se,297.521,296.7408430204598,0.6086449127253017
19618,4,168,subset_1se,260.578,262.0662042191342,2.2147517978488875
19618,4,6,subset_1se,331.553,332.0328492026699,0.23025525730296278
19618,4,45,subset_1se,244.551,258.9848464179654,208.33592241741297
19618,4,163,subset_1se,303.742,312.83492980818977,82.6813724966657
19618,4,172,subset_1se,385.629,416.35756079703566,944.2444486571156
19618,4,246,subset_1se,459.143,528.0170550557716,4743.635459825462
19618,4,284,subset_1se,386.48,368.28784011257363,330.9546813696856
19618,4,119,subset_1se,284.404,309.9201371522645,651.0732551731722
19618,4,21,subset_1se,316.871,332.91666267736935,257.4632907559242
19618,4,46,subset_1se,452.189,434.46234465217236,314.23430982066697
19618,4,50,subset_1se,693.382,588.6251949123862,10973.988212164302
19618,4,15,subset_1se,472.547,476.3992357410626,14.83972020472012
19618,4,121,subset_1se,457.643,442.89619471444314,217.46826613012692
19618,4,290,subset_1se,286.009,301.49012114990023,239.66511205788785
19618,4,176,subset_1se,409.854,417.5511954503773,59.24681780130913
19618,4,52,subset_1se,246.515,283.3638865451807,1357.8404396196017
19618,4,27,subset_1se,368.838,393.4951900403097,607.9770206839465
19618,4,37,subset_1se,493.864,485.2028260585856,75.01593404343592
19618,4,117,subset_1se,209.858,254.12408147492656,1959.4859691448355
19618,4,2,subset_1se,244.384,278.12275959742897,1138.3038991731062
19618,4,180,subset_1se,330.633,383.6686474318555,2812.7798985160834
19618,4,75,subset_1se,478.849,521.3797570204874,1808.8652927357418
19618,4,251,subset_1se,361.326,408.622516906853,2236.9605115202276
19618,4,269,subset_1se,373.068,388.92700596955086,251.5080703422504
19618,4,247,subset_1se,256.963,279.23182600131497,495.9006114768407
19618,4,148,subset_1se,311.748,316.4495212306683,22.104301882425084
19618,4,33,adaptive_linear,133.048,138.94766093390007,34.80599913498659
19618,4,169,adaptive_linear,245.48,275.8481760435637,922.2261162128758
19618,4,265,adaptive_linear,276.409,214.24188527576155,3864.7501531366242
19618,4,90,adaptive_linear,288.704,274.8254260698893,192.61481433354808
19618,4,232,adaptive_linear,444.205,407.08604564861497,1377.8167721402044
19618,4,158,adaptive_linear,353.281,373.444089816915,406.5501909649804
19618,4,123,adaptive_linear,485.218,481.3963408888454,14.60507836187131
19618,4,86,adaptive_linear,352.697,368.9198915733032,263.1822109991511
19618,4,35,adaptive_linear,240.207,277.58178143975204,1396.8742876692336
19618,4,11,adaptive_linear,295.011,280.480386032385,211.13874227584844
19618,4,238,adaptive_linear,655.573,590.450851642902,4240.894206643883
19618,4,120,adaptive_linear,375.484,406.8400825165498,983.2039107846804
19618,4,142,adaptive_linear,160.258,163.48045223693055,10.384198419298617
19618,4,230,adaptive_linear,373.927,371.9042446100031,4.091539367761579
19618,4,132,adaptive_linear,446.917,419.05162762354104,776.4789776787208
19618,4,81,adaptive_linear,605.271,521.9071158522066,6949.5371802067075
19618,4,229,adaptive_linear,396.197,407.5116398291514,128.0210744634196
19618,4,51,adaptive_linear,515.846,537.1952409193535,455.7900878325987
19618,4,182,adaptive_linear,176.669,214.24188527576155,1411.721707945538
19618,4,287,adaptive_linear,442.829,399.7781923906051,1853.3720358211333
19618,4,109,adaptive_linear,505.777,473.1807439689496,1062.5159072417869
19618,4,298,adaptive_linear,293.887,318.9703501835466,629.1744564304272
19618,4,58,adaptive_linear,268.614,280.20781309780773,134.41650214689864
19618,4,114,adaptive_linear,339.775,357.456827320701,312.64701739908895
19618,4,190,adaptive_linear,254.668,312.1640142707691,3305.791657024482
19618,4,250,adaptive_linear,218.9,214.24188527576155,21.698032784167133
19618,4,283,adaptive_linear,310.66,344.05838763968865,1115.4522969309057
19618,4,139,adaptive_linear,262.528,273.8337972992915,127.82105257266694
19618,4,149,adaptive_linear,337.859,299.22276229359477,1492.7588641058478
19618,4,38,adaptive_linear,347.959,327.08229157011107,435.83695486659576
19618,4,23,adaptive_linear,237.449,261.7855104276533,592.2657397952783
19618,4,236,adaptive_linear,486.011,481.1055300444726,24.06363548458249
19618,4,44,adaptive_linear,383.504,366.49252819104794,289.3901731067714
19618,4,178,adaptive_linear,297.521,298.36170971825806,0.7067928303735131
19618,4,168,adaptive_linear,260.578,258.45059138755136,4.525867404320558
19618,4,6,adaptive_linear,331.553,333.0996921922401,2.3922567375365786
19618,4,45,adaptive_linear,244.551,265.7364190193563,448.8219790257032
19618,4,163,adaptive_linear,303.742,310.174157413435,41.37264899120674
19618,4,172,adaptive_linear,385.629,424.0819641652855,1478.6304530967302
19618,4,246,adaptive_linear,459.143,512.408039112109,2837.1643916145053
19618,4,284,adaptive_linear,386.48,368.9198915733032,308.3574079573495
19618,4,119,adaptive_linear,284.404,298.10131119496236,187.61633397164138
19618,4,21,adaptive_linear,316.871,330.4041395378051,183.14586574970474
19618,4,46,adaptive_linear,452.189,434.44160352769495,314.9700815451864
19618,4,50,adaptive_linear,693.382,596.8786578523058,9312.895045674928
19618,4,15,adaptive_linear,472.547,480.5001111940646,63.25197766515481
19618,4,121,adaptive_linear,457.643,429.3891868105976,798.277959741647
19618,4,290,adaptive_linear,286.009,303.0031929864718,288.8025952614464
19618,4,176,adaptive_linear,409.854,419.0408175986014,84.39761758997254
19618,4,52,adaptive_linear,246.515,280.20781309780773,1135.205654443805
19618,4,27,adaptive_linear,368.838,390.14208466702934,453.86402349995353
19618,4,37,adaptive_linear,493.864,493.8227574648385,0.0017009467065453297
19618,4,117,adaptive_linear,209.858,256.4020297053547,2166.346701212942
19618,4,2,adaptive_linear,244.384,275.7795912007651,985.6831468455588
19618,4,180,adaptive_linear,330.633,372.4106756571017,1745.37418330999
19618,4,75,adaptive_linear,478.849,531.8908225876012,2813.4349434145597
19618,4,251,adaptive_linear,361.326,421.7731584505044,3653.858964740384
19618,4,269,adaptive_linear,373.068,394.9070908168167,476.94588770516907
19618,4,247,adaptive_linear,256.963,275.6885446882168,350.6460238704028
19618,4,148,adaptive_linear,311.748,323.9325791057495,148.4639679842671
19618,5,152,ols_all,299.292,322.41701349387813,534.7662490920469
19618,5,65,ols_all,443.636,431.4751034530393,147.88740482588102
19618,5,266,ols_all,430.138,430.7007894444298,0.316731958761631
19618,5,215,ols_all,485.364,497.5584645851379,148.70496651818368
19618,5,244,ols_all,389.618,409.83714246360046,408.8137219633714
19618,5,219,ols_all,197.665,139.4047979639829,3394.25114127753
19618,5,82,ols_all,359.388,329.6505549715587,884.3156368195682
19618,5,186,ols_all,486.28,461.05658414749246,636.2207072685273
19618,5,225,ols_all,522.461,493.4178709479854,843.503345131974
19618,5,133,ols_all,451.365,366.88704100979203,7136.525555151261
19618,5,71,ols_all,456.1,471.47301541577167,236.3296029735527
19618,5,258,ols_all,234.616,300.7557471886289,4374.466158175743
19618,5,160,ols_all,275.173,249.2150743178197,673.8139057215957
19618,5,223,ols_all,328.27,338.282104445507,100.24223542774145
19618,5,187,ols_all,428.773,401.5787907855008,739.5250148019537
19618,5,113,ols_all,318.141,300.864837540149,298.46578933916624
19618,5,56,ols_all,389.856,405.94153360532005,258.7443913678807
19618,5,41,ols_all,292.094,247.30937991237442,2005.6621963929556
19618,5,209,ols_all,293.538,278.26560678319333,233.2459945687626
19618,5,150,ols_all,295.719,260.8203042212074,1217.9189670607175
19618,5,54,ols_all,429.049,463.7684582382119,1205.440780354942
19618,5,126,ols_all,376.944,320.9669378941703,3133.431481999916
19618,5,276,ols_all,509.076,453.48939383644824,3089.8707847818127
19618,5,9,ols_all,314.569,300.4047641183281,200.62557811164214
19618,5,74,ols_all,227.396,230.34281851778724,8.683739376773845
19618,5,192,ols_all,271.658,229.2555384181594,1797.968748199469
19618,5,73,ols_all,391.098,367.0139619500742,580.0408887902748
19618,5,127,ols_all,334.401,250.33357361014168,7067.332179814248
19618,5,204,ols_all,283.113,282.93395906136107,0.03205565770871061
19618,5,286,ols_all,433.013,427.7337706724818,27.87026229252806
19618,5,155,ols_all,437.721,486.28105537096803,2358.078977631481
19618,5,285,ols_all,416.209,423.3484498800542,50.971744589805944
19618,5,97,ols_all,422.501,394.15220166832046,803.6543668502354
19618,5,125,ols_all,360.028,343.057569296918,287.9955182481083
19618,5,118,ols_all,437.164,477.2628118030118,1607.9147080133596
19618,5,279,ols_all,338.163,304.36941736344284,1142.0062274138186
19618,5,263,ols_all,170.128,202.53245734593588,1050.0488558845789
19618,5,216,ols_all,304.756,313.08256827712853,69.33173927368365
19618,5,124,ols_all,386.706,354.085934860261,1064.0686497208183
19618,5,53,ols_all,296.761,292.11160470476784,21.61687661132715
19618,5,231,ols_all,288.633,254.36029809047886,1174.6180961788925
19618,5,147,ols_all,232.804,213.85272351801677,359.1508802965706
19618,5,249,ols_all,281.294,258.09027303543894,538.4129450458972
19618,5,294,ols_all,519.546,483.18799700129034,1321.904382054184
19618,5,136,ols_all,280.012,270.1152970318792,97.94472963921089
19618,5,277,ols_all,388.293,405.7184681519054,303.6469403130701
19618,5,69,ols_all,481.732,487.9594359017808,38.780957910788196
19618,5,87,ols_all,435.447,493.70977191758016,3394.5505915199665
19618,5,162,ols_all,260.859,273.42483007293094,157.9000854217762
19618,5,39,ols_all,321.065,309.549685239203,132.60247404022985
19618,5,218,ols_all,296.661,286.6518983202018,100.18211643653956
19618,5,193,ols_all,271.297,272.08420851309893,0.6196972430953865
19618,5,110,ols_all,372.067,346.4123556382676,658.160777326967
19618,5,42,ols_all,290.49,266.327575035408,583.8227801695383
19618,5,156,ols_all,317.157,251.40179957899068,4323.746382407103
19618,5,164,ols_all,375.949,407.48423993457914,994.471357731474
19618,5,93,ols_all,297.073,239.91467298153225,3267.074347550098
19618,5,153,ols_all,572.763,537.0692199557227,1274.0459338492508
19618,5,105,ols_all,478.985,522.3311277856876,1878.8867940131586
19618,5,257,ols_all,145.765,183.39776481312333,1416.2249874798545
19618,5,152,ridge,299.292,323.0707348581713,565.4282314552124
19618,5,65,ridge,443.636,431.4173575565085,149.29522316189306
19618,5,266,ridge,430.138,430.4514411556139,0.09824535803259576
19618,5,215,ridge,485.364,497.0941359378219,137.59608911978083
19618,5,244,ridge,389.618,409.64376055276966,401.03108571686573
19618,5,219,ridge,197.665,139.48004251228335,3385.489277847393
19618,5,82,ridge,359.388,330.09901447542995,857.8446730584724
19618,5,186,ridge,486.28,460.5789887190909,660.541980861416
19618,5,225,ridge,522.461,493.52696966999565,837.1781111376123
19618,5,133,ridge,451.365,366.6344829284529,7179.260523211739
19618,5,71,ridge,456.1,471.09739983997247,224.92200196000553
19618,5,258,ridge,234.616,300.74080670265994,4372.490061464139
19618,5,160,ridge,275.173,249.70602886282364,648.5666189017737
19618,5,223,ridge,328.27,337.64875124402204,87.96097489724525
19618,5,187,ridge,428.773,401.50870592097954,743.3417316273116
19618,5,113,ridge,318.141,301.30375033520124,283.4929762747665
19618,5,56,ridge,389.856,405.9904866568065,260.32165967866797
19618,5,41,ridge,292.094,247.7224732800306,1968.8323834609569
19618,5,209,ridge,293.538,278.30284677208977,232.10989387790397
19618,5,150,ridge,295.719,261.4466235410643,1174.5957881430097
19618,5,54,ridge,429.049,463.93725576787665,1217.1903905247798
19618,5,126,ridge,376.944,320.71637133471637,3161.546225321027
19618,5,276,ridge,509.076,453.1465573517051,3128.102554948911
19618,5,9,ridge,314.569,300.4341537971606,199.79387717792375
19618,5,74,ridge,227.396,230.0268340307267,6.921287697229712
19618,5,192,ridge,271.658,229.85836857496474,1747.2091872687963
19618,5,73,ridge,391.098,366.92619899884176,584.2759636395954
19618,5,127,ridge,334.401,250.42863033566599,7051.358867043566
19618,5,204,ridge,283.113,283.1423895733258,0.0008637470202709728
19618,5,286,ridge,433.013,427.44844966385574,30.964220443482937
19618,5,155,ridge,437.721,486.43499962848904,2373.05375980443
19618,5,285,ridge,416.209,423.2782816838697,49.97474352589548
19618,5,97,ridge,422.501,393.94748243581984,815.3033652879437
19618,5,125,ridge,360.028,343.549486552689,271.54140543320955
19618,5,118,ridge,437.164,477.21893116652876,1604.397510755358
19618,5,279,ridge,338.163,304.0626999297874,1162.8304648785413
19618,5,263,ridge,170.128,202.41348189537578,1042.3523412166383
19618,5,216,ridge,304.756,313.26880778509286,72.4678963859381
19618,5,124,ridge,386.706,353.8394920080449,1080.2073475852505
19618,5,53,ridge,296.761,292.185458780867,20.93557744798524
19618,5,231,ridge,288.633,254.47821595277128,1166.5492733128283
19618,5,147,ridge,232.804,214.44163787744478,337.1763427198508
19618,5,249,ridge,281.294,258.179307921959,534.2889898626515
19618,5,294,ridge,519.546,482.8921815608826,1343.502406167787
19618,5,136,ridge,280.012,270.43097587791607,91.79602322795417
19618,5,277,ridge,388.293,405.6348559003686,300.7399660691497
19618,5,69,ridge,481.732,491.70850419841787,99.53063602104884
19618,5,87,ridge,435.447,493.9209161789257,3419.198873300031
19618,5,162,ridge,260.859,273.1450392238,150.94675980875218
19618,5,39,ridge,321.065,309.36219411577446,136.95566556386393
19618,5,218,ridge,296.661,286.709881404101,99.02476130964696
19618,5,193,ridge,271.297,271.74164858295654,0.19771236232523917
19618,5,110,ridge,372.067,347.1328554868084,621.7115626047226
19618,5,42,ridge,290.49,266.8058839502992,560.9373530556966
19618,5,156,ridge,317.157,251.7964343816886,4272.003537945587
19618,5,164,ridge,375.949,407.3850424656909,988.2247659047209
19618,5,93,ridge,297.073,239.97714839292124,3259.9362707375562
19618,5,153,ridge,572.763,536.8542066480413,1289.4414399936738
19618,5,105,ridge,478.985,522.765048181593,1916.6926187826023
19618,5,257,ridge,145.765,183.97750718130345,1460.1957050811689
19618,5,152,pls,299.292,322.0865182344918,519.59006154258
19618,5,65,pls,443.636,432.0364995552442,134.5484105678911
19618,5,266,pls,430.138,429.58741879599273,0.30313966220606664
19618,5,215,pls,485.364,496.71924012061675,128.94147819686475
19618,5,244,pls,389.618,411.6310066069939,484.5724598795564
19618,5,219,pls,197.665,138.46642560442498,3504.471210468429
19618,5,82,pls,359.388,329.63612568301437,885.1740253737078
19618,5,186,pls,486.28,460.84200636196454,647.0915203287313
19618,5,225,pls,522.461,493.8470606205401,818.7575268114065
19618,5,133,pls,451.365,366.33124306603133,7230.7398183052655
19618,5,71,pls,456.1,471.0973799091377,224.92140413900688
19618,5,258,pls,234.616,302.0048339988414,4541.254947723398
19618,5,160,pls,275.173,249.5406059963993,657.0196223558248
19618,5,223,pls,328.27,337.5625190470896,86.3509102405235
19618,5,187,pls,428.773,401.35392486129945,751.8056814617081
19618,5,113,pls,318.141,299.27864880720466,355.7882925203485
19618,5,56,pls,389.856,407.15218334584216,299.1579583329879
19618,5,41,pls,292.094,245.99854282117954,2124.79117252447
19618,5,209,pls,293.538,279.23499093436254,204.5760683317076
19618,5,150,pls,295.719,260.78966661504455,1220.0583307173627
19618,5,54,pls,429.049,462.97640824560403,1151.069030263882
19618,5,126,pls,376.944,322.7868716197653,2932.9945543932254
19618,5,276,pls,509.076,454.4154904650901,2987.771302615978
19618,5,9,pls,314.569,299.3341233248591,232.101467306753
19618,5,74,pls,227.396,227.49847764621717,0.010501667974213808
19618,5,192,pls,271.658,228.209363575932,1887.7840071108496
19618,5,73,pls,391.098,366.0487850232498,627.4631709514462
19618,5,127,pls,334.401,250.90948891619746,6970.832423056724
19618,5,204,pls,283.113,284.7047960868451,2.5338147820953068
19618,5,286,pls,433.013,428.58356815643674,19.61986645677201
19618,5,155,pls,437.721,486.4442306680477,2373.953206731782
19618,5,285,pls,416.209,424.0284222185628,61.14336383215368
19618,5,97,pls,422.501,394.8927441328451,762.2157920262911
19618,5,125,pls,360.028,341.99353586787504,325.24189653290244
19618,5,118,pls,437.164,478.15724760547414,1680.4463492437123
19618,5,279,pls,338.163,306.416060842789,1007.8681458516563
19618,5,263,pls,170.128,202.48197738573884,1046.7798526769013
19618,5,216,pls,304.756,313.68512850226557,79.72933580997189
19618,5,124,pls,386.706,353.66926648227144,1091.4257615214108
19618,5,53,pls,296.761,292.4114039149988,18.918986102657975
19618,5,231,pls,288.633,256.8488855923157,1010.2299286807638
19618,5,147,pls,232.804,215.16295890955303,311.20633075483863
19618,5,249,pls,281.294,257.3861921610162,571.5832756657745
19618,5,294,pls,519.546,483.9735147796308,1265.4017047533873
19618,5,136,pls,280.012,271.16788443458023,78.21838013450026
19618,5,277,pls,388.293,406.6190327417026,335.84347604995537
19618,5,69,pls,481.732,490.76258043744286,81.55138303712525
19618,5,87,pls,435.447,493.935825856561,3420.9427500791176
19618,5,162,pls,260.859,275.9721905314765,228.40852804071108
19618,5,39,pls,321.065,309.6665695695001,129.92421627894615
19618,5,218,pls,296.661,287.57454097640743,82.5637375874268
19618,5,193,pls,271.297,271.3159602816595,0.0003594922806065966
19618,5,110,pls,372.067,346.54305491863465,651.4717725165547
19618,5,42,pls,290.49,265.6488232387433,617.0840628839994
19618,5,156,pls,317.157,250.90295746064913,4389.598152806112
19618,5,164,pls,375.949,408.4469952457552,1056.119694993127
19618,5,93,pls,297.073,239.86472959483245,3272.7862027507663
19618,5,153,pls,572.763,536.1633754904915,1339.5325142370186
19618,5,105,pls,478.985,524.8011833905709,2099.1226604784274
19618,5,257,pls,145.765,182.80049110048105,1371.6276010538124
19618,5,152,huber,299.292,324.181624916853,619.4934285016323
19618,5,65,huber,443.636,431.91467137689204,137.3895446908904
19618,5,266,huber,430.138,431.89036533879937,3.070784280625512
19618,5,215,huber,485.364,498.65504491677586,176.65187497975418
19618,5,244,huber,389.618,408.946058277884,373.5738367932801
19618,5,219,huber,197.665,139.3392360477501,3401.894740613574
19618,5,82,huber,359.388,330.76787909312105,819.111320724368
19618,5,186,huber,486.28,460.85840655467206,646.2574132995392
19618,5,225,huber,522.461,492.74588841907376,882.9878562668972
19618,5,133,huber,451.365,366.9252248028084,7130.07563535226
19618,5,71,huber,456.1,472.25608941362844,261.01922514115637
19618,5,258,huber,234.616,300.18035928102074,4298.685207930769
19618,5,160,huber,275.173,249.23392078831608,672.8358303500128
19618,5,223,huber,328.27,338.3533032653768,101.67300474155842
19618,5,187,huber,428.773,401.7328285480578,731.1708721504315
19618,5,113,huber,318.141,302.00971071284664,260.21849406582936
19618,5,56,huber,389.856,405.8994601916138,257.3926149198968
19618,5,41,huber,292.094,248.9308071458044,1863.0612173684808
19618,5,209,huber,293.538,277.5009165362684,257.18804602269415
19618,5,150,huber,295.719,261.4376510040089,1175.2108889849396
19618,5,54,huber,429.049,464.2506619834628,1239.157006397972
19618,5,126,huber,376.944,319.7175065167768,3274.8715563853916
19618,5,276,huber,509.076,453.2694653545311,3114.3693091359205
19618,5,9,huber,314.569,302.2280045924696,152.30016764868748
19618,5,74,huber,227.396,231.4204612497389,16.19628835065015
19618,5,192,huber,271.658,231.02102310444107,1651.3638912101915
19618,5,73,huber,391.098,367.6486511230614,549.8719627523809
19618,5,127,huber,334.401,251.25167378097262,6913.810450678236
19618,5,204,huber,283.113,283.862040903375,0.5610622749287996
19618,5,286,huber,433.013,427.215948276402,33.60580868607024
19618,5,155,huber,437.721,486.0737126680035,2337.984822354507
19618,5,285,huber,416.209,423.37293801396004,51.32200786786165
19618,5,97,huber,422.501,393.53032002704083,839.3002980956162
19618,5,125,huber,360.028,343.94948846005855,258.5185333400311
19618,5,118,huber,437.164,476.7626717313969,1568.0548028909325
19618,5,279,huber,338.163,303.1600275011839,1225.2080837528777
19618,5,263,huber,170.128,201.43028728448638,979.8331892405188
19618,5,216,huber,304.756,312.7659089097906,64.15864074314322
19618,5,124,huber,386.706,353.6454946731811,1092.9970124646236
19618,5,53,huber,296.761,291.7904069797761,24.70679497269885
19618,5,231,huber,288.633,253.3739600437341,1243.199898637555
19618,5,147,huber,232.804,213.53241513320583,371.39398327805014
19618,5,249,huber,281.294,259.7121905195696,465.77450044959403
19618,5,294,huber,519.546,482.41219837304783,1378.9192232698394
19618,5,136,huber,280.012,269.9938922428379,100.3624830341117
19618,5,277,huber,388.293,405.0872057761147,282.0453476504832
19618,5,69,huber,481.732,488.33832667558295,43.64355214451848
19618,5,87,huber,435.447,494.3392600628373,3468.298295308861
19618,5,162,huber,260.859,273.02908324256737,148.1109261310195
19618,5,39,huber,321.065,309.40159077478484,136.03511475483413
19618,5,218,huber,296.661,287.5064799782736,83.80523682818949
19618,5,193,huber,271.297,272.14366189107284,0.7168363577949918
19618,5,110,huber,372.067,347.309158570676,612.950712239552
19618,5,42,huber,290.49,266.99953761355926,551.8018231287879
19618,5,156,huber,317.157,252.4202129870127,4190.8515927648805
19618,5,164,huber,375.949,407.15545022674996,973.8425357546221
19618,5,93,huber,297.073,240.50634678241747,3199.786256238238
19618,5,153,huber,572.763,537.5189489269094,1242.1431360426218
19618,5,105,huber,478.985,522.1311814617243,1861.5929747280388
19618,5,257,huber,145.765,184.4889124721946,1499.5413971541907
19618,5,152,cart,299.292,348.1335217391304,2385.49424579395
19618,5,65,cart,443.636,444.4043750000001,0.5904001406250747
19618,5,266,cart,430.138,419.6457142857143,110.08805951020348
19618,5,215,cart,485.364,613.48475,16414.926580562496
19618,5,244,cart,389.618,414.12781249999995,600.7309087851539
19618,5,219,cart,197.665,235.1265,1403.3639822500002
19618,5,82,cart,359.388,348.1335217391304,126.66328092438586
19618,5,186,cart,486.28,510.2578,574.9348928400001
19618,5,225,cart,522.461,484.6521818181818,1429.5067323057863
19618,5,133,cart,451.365,300.5657777777778,22740.405422827163
19618,5,71,cart,456.1,414.12781249999995,1761.6645235351625
19618,5,258,cart,234.616,300.5657777777778,4349.373188938271
19618,5,160,cart,275.173,348.1335217391304,5323.2377324461195
19618,5,223,cart,328.27,330.17749999999995,3.6385562499998874
19618,5,187,cart,428.773,384.7822,1935.1904846400032
19618,5,113,cart,318.141,348.1335217391304,899.5513602722085
19618,5,56,cart,389.856,414.12781249999995,589.120882035154
19618,5,41,cart,292.094,234.65733333333333,3298.970677777778
19618,5,209,cart,293.538,245.70142857142858,2288.3375660408165
19618,5,150,cart,295.719,234.65733333333333,3728.5271361111113
19618,5,54,cart,429.049,450.5522222222222,462.3885659382721
19618,5,126,cart,376.944,351.7317777777778,635.6561493827169
19618,5,276,cart,509.076,414.12781249999995,9015.15830953517
19618,5,9,cart,314.569,330.17749999999995,243.62527224999798
19618,5,74,cart,227.396,272.11300000000006,1999.6100890000062
19618,5,192,cart,271.658,253.71266666666668,322.0349884444446
19618,5,73,cart,391.098,384.7822,39.889329640000305
19618,5,127,cart,334.401,245.70142857142858,7867.613971612245
19618,5,204,cart,283.113,245.70142857142858,1399.6256767551015
19618,5,286,cart,433.013,414.12781249999995,356.6503069101573
19618,5,155,cart,437.721,515.003,5972.507524000006
19618,5,285,cart,416.209,444.4043750000001,794.979171390629
19618,5,97,cart,422.501,414.12781249999995,70.11026891015673
19618,5,125,cart,360.028,348.1335217391304,141.47861309829995
19618,5,118,cart,437.164,515.003,6058.909921000009
19618,5,279,cart,338.163,351.7317777777778,184.1117303827158
19618,5,263,cart,170.128,214.464,1965.6808960000012
19618,5,216,cart,304.756,234.65733333333333,4913.823068444442
19618,5,124,cart,386.706,348.1335217391304,1487.8360791852592
19618,5,53,cart,296.761,348.1335217391304,2639.135989837423
19618,5,231,cart,288.633,351.7317777777778,3981.4557570493853
19618,5,147,cart,232.804,214.464,336.35560000000015
19618,5,249,cart,281.294,234.65733333333333,2174.9786777777767
19618,5,294,cart,519.546,484.6521818181818,1217.5785473057888
19618,5,136,cart,280.012,348.1335217391304,4640.541724054816
19618,5,277,cart,388.293,450.5522222222222,3876.2107517160475
19618,5,69,cart,481.732,510.2578,813.721265639997
19618,5,87,cart,435.447,484.6521818181818,2421.14991776033
19618,5,162,cart,260.859,245.70142857142858,229.75197161224406
19618,5,39,cart,321.065,300.5657777777778,420.2181117160491
19618,5,218,cart,296.661,272.11300000000006,602.6043039999973
19618,5,193,cart,271.297,267.2438,16.428430240000033
19618,5,110,cart,372.067,363.6732,70.45587843999998
19618,5,42,cart,290.49,348.1335217391304,3322.775598489598
19618,5,156,cart,317.157,234.65733333333333,6806.195000111109
19618,5,164,cart,375.949,351.7317777777778,586.4738521604944
19618,5,93,cart,297.073,214.464,6824.246880999996
19618,5,153,cart,572.763,540.3534,1050.3821721600045
19618,5,105,cart,478.985,484.6521818181818,32.1169497603304
19618,5,257,cart,145.765,150.13144444444447,19.065837086420085
19618,5,152,subset_min,299.292,322.6476175440039,545.4848708617831
19618,5,65,subset_min,443.636,431.4392046363374,148.76181714306153
19618,5,266,subset_min,430.138,430.9530192321454,0.664256348766882
19618,5,215,subset_min,485.364,499.6402736613654,203.8119896541969
19618,5,244,subset_min,389.618,410.0177978521877,416.151752410122
19618,5,219,subset_min,197.665,141.39192596231487,3166.658861650791
19618,5,82,subset_min,359.388,330.12066229577067,856.5770562934023
19618,5,186,subset_min,486.28,461.3001278678689,623.9940117376174
19618,5,225,subset_min,522.461,492.42668004234133,902.0603753190146
19618,5,133,subset_min,451.365,367.3553996274846,7057.612954749743
19618,5,71,subset_min,456.1,472.9275024544199,283.1648388535063
19618,5,258,subset_min,234.616,303.01719064576895,4678.7228817588275
19618,5,160,subset_min,275.173,249.76139299210712,645.7497707235907
19618,5,223,subset_min,328.27,342.24485892887986,195.29668208209378
19618,5,187,subset_min,428.773,401.33603967064585,752.7867921145549
19618,5,113,subset_min,318.141,302.7075636567944,238.19095735978075
19618,5,56,subset_min,389.856,404.70288674662174,220.43004606701254
19618,5,41,subset_min,292.094,245.8050263474519,2142.6690818062916
19618,5,209,subset_min,293.538,278.38238688168167,229.69260899214302
19618,5,150,subset_min,295.719,257.7683039111546,1440.2553336279059
19618,5,54,subset_min,429.049,464.1201151616855,1229.9831186842064
19618,5,126,subset_min,376.944,324.70803900853826,2728.595620701514
19618,5,276,subset_min,509.076,454.243761189358,3006.5744129872774
19618,5,9,subset_min,314.569,299.99165652088584,212.49894290807262
19618,5,74,subset_min,227.396,233.4160599622337,36.241121948889415
19618,5,192,subset_min,271.658,226.9678235962694,1997.211866996561
19618,5,73,subset_min,391.098,368.86991363097314,494.0878236289181
19618,5,127,subset_min,334.401,248.89937266078164,7310.528277654575
19618,5,204,subset_min,283.113,285.5979928516507,6.175189472755088
19618,5,286,subset_min,433.013,427.38256896156383,31.701753678585103
19618,5,155,subset_min,437.721,484.77574364195834,2214.1488992104187
19618,5,285,subset_min,416.209,423.0668732286535,47.030425220282225
19618,5,97,subset_min,422.501,393.55200921519156,838.0440674589225
19618,5,125,subset_min,360.028,340.55636824234693,379.1444433056442
19618,5,118,subset_min,437.164,476.50710570210845,1547.879966287279
19618,5,279,subset_min,338.163,306.78470330274166,984.5975036211743
19618,5,263,subset_min,170.128,204.59417124735387,1187.9169604519236
19618,5,216,subset_min,304.756,311.2002004849678,41.52771989045971
19618,5,124,subset_min,386.706,353.69752168205383,1089.5596408663234
19618,5,53,subset_min,296.761,294.6398483786883,4.499284200593239
19618,5,231,subset_min,288.633,256.6545370923304,1022.622089937201
19618,5,147,subset_min,232.804,210.4178219741009,501.14096660724834
19618,5,249,subset_min,281.294,260.2176775655101,444.2113673625821
19618,5,294,subset_min,519.546,482.9888254858357,1336.427008459066
19618,5,136,subset_min,280.012,272.4073215414881,57.831134457354906
19618,5,277,subset_min,388.293,404.7226707804881,269.9340819552243
19618,5,69,subset_min,481.732,457.41799060298706,591.1710529580348
19618,5,87,subset_min,435.447,493.0787093147818,3321.4139185435074
19618,5,162,subset_min,260.859,275.8175571749765,223.75843275704193
19618,5,39,subset_min,321.065,311.8148505116558,85.56526555671485
19618,5,218,subset_min,296.661,289.4074388136469,52.61414988416855
19618,5,193,subset_min,271.297,274.94106364793083,13.27919987017078
19618,5,110,subset_min,372.067,344.6410095717249,752.1849509718373
19618,5,42,subset_min,290.49,267.80185308663283,514.7520103625326
19618,5,156,subset_min,317.157,249.57156033988986,4567.791654050387
19618,5,164,subset_min,375.949,407.6326812310394,1003.8556563501166
19618,5,93,subset_min,297.073,241.75530769338724,3060.0470821290824
19618,5,153,subset_min,572.763,536.6975859389705,1300.7140913935054
19618,5,105,subset_min,478.985,518.9373846580003,1596.1930398608142
19618,5,257,subset_min,145.765,185.9588936934824,1615.549090242965
19618,5,152,subset_1se,299.292,344.3051790554157,2026.1862886749163
19618,5,65,subset_1se,443.636,428.10307676309935,241.27170428344886
19618,5,266,subset_1se,430.138,432.66869505541166,6.404417463485146
19618,5,215,subset_1se,485.364,506.54929443638594,448.81670035636586
19618,5,244,subset_1se,389.618,406.62525365136264,289.2466767617881
19618,5,219,subset_1se,197.665,143.77202696088594,2904.4525429946743
19618,5,82,subset_1se,359.388,344.10481578374106,233.5757197881057
19618,5,186,subset_1se,486.28,458.1232852004254,792.800588304581
19618,5,225,subset_1se,522.461,491.97364392904365,929.47888019728
19618,5,133,subset_1se,451.365,355.2284376505929,9242.238620361437
19618,5,71,subset_1se,456.1,460.23925552836374,17.133436329089612
19618,5,258,subset_1se,234.616,289.8553616432824,3051.387074757335
19618,5,160,subset_1se,275.173,250.72070400008914,597.9147796672567
19618,5,223,subset_1se,328.27,344.7278198040111,270.8598327013012
19618,5,187,subset_1se,428.773,400.06574507969725,824.1064850592478
19618,5,113,subset_1se,318.141,317.35335237349227,0.6203887835432897
19618,5,56,subset_1se,389.856,413.49853895132435,558.9696480648893
19618,5,41,subset_1se,292.094,256.8782319079199,1240.1503223151676
19618,5,209,subset_1se,293.538,280.3518905099759,173.87348348290462
19618,5,150,subset_1se,295.719,268.6802096019236,731.0961861911086
19618,5,54,subset_1se,429.049,462.0637357853672,1089.972778977608
19618,5,126,subset_1se,376.944,322.6977492189144,2942.6557238044325
19618,5,276,subset_1se,509.076,450.0233896877147,3487.2107846946255
19618,5,9,subset_1se,314.569,323.09039768556994,72.61421851563644
19618,5,74,subset_1se,227.396,233.37147591030111,35.706312354589095
19618,5,192,subset_1se,271.658,259.9939069696178,136.05106622141105
19618,5,73,subset_1se,391.098,377.980389587328,172.07170293864183
19618,5,127,subset_1se,334.401,262.8461769416191,5120.092702916201
19618,5,204,subset_1se,283.113,302.88124153001417,390.7833731889768
19618,5,286,subset_1se,433.013,418.531298096323,209.7196900269618
19618,5,155,subset_1se,437.721,484.5574753004862,2193.655418573054
19618,5,285,subset_1se,416.209,420.12459644463246,15.33189551721833
19618,5,97,subset_1se,422.501,379.3633330513315,1860.858309774245
19618,5,125,subset_1se,360.028,340.7893770649571,370.12461243676023
19618,5,118,subset_1se,437.164,475.2198916813983,1448.2508916663198
19618,5,279,subset_1se,338.163,301.5856581787147,1337.9019347111469
19618,5,263,subset_1se,170.128,196.14189962775114,676.7229738427119
19618,5,216,subset_1se,304.756,313.11032898698426,69.79481282276588
19618,5,124,subset_1se,386.706,352.1791912934133,1192.1005194612335
19618,5,53,subset_1se,296.761,297.62366823916466,0.7441964908634103
19618,5,231,subset_1se,288.633,262.3669320099664,689.906327657068
19618,5,147,subset_1se,232.804,212.1223478352492,427.7307362637415
19618,5,249,subset_1se,281.294,282.0271592927861,0.5375225485986532
19618,5,294,subset_1se,519.546,481.6753042375324,1434.189597533387
19618,5,136,subset_1se,280.012,279.4424276474846,0.32441266474995234
19618,5,277,subset_1se,388.293,398.98776684331017,114.37803783276642
19618,5,69,subset_1se,481.732,464.07425334811285,311.7960168222329
19618,5,87,subset_1se,435.447,491.0333279746234,3089.839857702397
19618,5,162,subset_1se,260.859,274.7223587164341,192.19271490052952
19618,5,39,subset_1se,321.065,306.4251088387597,214.32641321296228
19618,5,218,subset_1se,296.661,295.5745574434914,1.1803574285929135
19618,5,193,subset_1se,271.297,271.7321014957382,0.18931331159361445
19618,5,110,subset_1se,372.067,356.043181276413,256.76276648637725
19618,5,42,subset_1se,290.49,273.53693166115727,287.40652610147214
19618,5,156,subset_1se,317.157,267.4085916642359,2474.9041319419184
19618,5,164,subset_1se,375.949,410.1160478750703,1167.3871604973456
19618,5,93,subset_1se,297.073,251.70523755058437,2058.2338696666047
19618,5,153,subset_1se,572.763,533.2164087199731,1563.9328818695055
19618,5,105,subset_1se,478.985,509.1553785672389,910.2517428905091
19618,5,257,subset_1se,145.765,153.89397946968563,66.08030721857072
19618,5,152,adaptive_linear,299.292,322.6476175440039,545.4848708617831
19618,5,65,adaptive_linear,443.636,431.4392046363374,148.76181714306153
19618,5,266,adaptive_linear,430.138,430.9530192321454,0.664256348766882
19618,5,215,adaptive_linear,485.364,499.6402736613654,203.8119896541969
19618,5,244,adaptive_linear,389.618,410.0177978521877,416.151752410122
19618,5,219,adaptive_linear,197.665,141.39192596231487,3166.658861650791
19618,5,82,adaptive_linear,359.388,330.12066229577067,856.5770562934023
19618,5,186,adaptive_linear,486.28,461.3001278678689,623.9940117376174
19618,5,225,adaptive_linear,522.461,492.42668004234133,902.0603753190146
19618,5,133,adaptive_linear,451.365,367.3553996274846,7057.612954749743
19618,5,71,adaptive_linear,456.1,472.9275024544199,283.1648388535063
19618,5,258,adaptive_linear,234.616,303.01719064576895,4678.7228817588275
19618,5,160,adaptive_linear,275.173,249.76139299210712,645.7497707235907
19618,5,223,adaptive_linear,328.27,342.24485892887986,195.29668208209378
19618,5,187,adaptive_linear,428.773,401.33603967064585,752.7867921145549
19618,5,113,adaptive_linear,318.141,302.7075636567944,238.19095735978075
19618,5,56,adaptive_linear,389.856,404.70288674662174,220.43004606701254
19618,5,41,adaptive_linear,292.094,245.8050263474519,2142.6690818062916
19618,5,209,adaptive_linear,293.538,278.38238688168167,229.69260899214302
19618,5,150,adaptive_linear,295.719,257.7683039111546,1440.2553336279059
19618,5,54,adaptive_linear,429.049,464.1201151616855,1229.9831186842064
19618,5,126,adaptive_linear,376.944,324.70803900853826,2728.595620701514
19618,5,276,adaptive_linear,509.076,454.243761189358,3006.5744129872774
19618,5,9,adaptive_linear,314.569,299.99165652088584,212.49894290807262
19618,5,74,adaptive_linear,227.396,233.4160599622337,36.241121948889415
19618,5,192,adaptive_linear,271.658,226.9678235962694,1997.211866996561
19618,5,73,adaptive_linear,391.098,368.86991363097314,494.0878236289181
19618,5,127,adaptive_linear,334.401,248.89937266078164,7310.528277654575
19618,5,204,adaptive_linear,283.113,285.5979928516507,6.175189472755088
19618,5,286,adaptive_linear,433.013,427.38256896156383,31.701753678585103
19618,5,155,adaptive_linear,437.721,484.77574364195834,2214.1488992104187
19618,5,285,adaptive_linear,416.209,423.0668732286535,47.030425220282225
19618,5,97,adaptive_linear,422.501,393.55200921519156,838.0440674589225
19618,5,125,adaptive_linear,360.028,340.55636824234693,379.1444433056442
19618,5,118,adaptive_linear,437.164,476.50710570210845,1547.879966287279
19618,5,279,adaptive_linear,338.163,306.78470330274166,984.5975036211743
19618,5,263,adaptive_linear,170.128,204.59417124735387,1187.9169604519236
19618,5,216,adaptive_linear,304.756,311.2002004849678,41.52771989045971
19618,5,124,adaptive_linear,386.706,353.69752168205383,1089.5596408663234
19618,5,53,adaptive_linear,296.761,294.6398483786883,4.499284200593239
19618,5,231,adaptive_linear,288.633,256.6545370923304,1022.622089937201
19618,5,147,adaptive_linear,232.804,210.4178219741009,501.14096660724834
19618,5,249,adaptive_linear,281.294,260.2176775655101,444.2113673625821
19618,5,294,adaptive_linear,519.546,482.9888254858357,1336.427008459066
19618,5,136,adaptive_linear,280.012,272.4073215414881,57.831134457354906
19618,5,277,adaptive_linear,388.293,404.7226707804881,269.9340819552243
19618,5,69,adaptive_linear,481.732,457.41799060298706,591.1710529580348
19618,5,87,adaptive_linear,435.447,493.0787093147818,3321.4139185435074
19618,5,162,adaptive_linear,260.859,275.8175571749765,223.75843275704193
19618,5,39,adaptive_linear,321.065,311.8148505116558,85.56526555671485
19618,5,218,adaptive_linear,296.661,289.4074388136469,52.61414988416855
19618,5,193,adaptive_linear,271.297,274.94106364793083,13.27919987017078
19618,5,110,adaptive_linear,372.067,344.6410095717249,752.1849509718373
19618,5,42,adaptive_linear,290.49,267.80185308663283,514.7520103625326
19618,5,156,adaptive_linear,317.157,249.57156033988986,4567.791654050387
19618,5,164,adaptive_linear,375.949,407.6326812310394,1003.8556563501166
19618,5,93,adaptive_linear,297.073,241.75530769338724,3060.0470821290824
19618,5,153,adaptive_linear,572.763,536.6975859389705,1300.7140913935054
19618,5,105,adaptive_linear,478.985,518.9373846580003,1596.1930398608142
19618,5,257,adaptive_linear,145.765,185.9588936934824,1615.549090242965
31415,1,109,ols_all,505.777,475.1550035865598,937.7066643447428
31415,1,27,ols_all,368.838,392.9170596236386,579.8011123587406
31415,1,131,ols_all,256.493,256.32429802819615,0.028460355290504096
31415,1,156,ols_all,317.157,261.7804218282895,3066.565410007563
31415,1,47,ols_all,538.021,512.561641306273,648.1789450958488
31415,1,273,ols_all,277.145,285.1099681389246,63.44071745408453
31415,1,160,ols_all,275.173,251.28219457691716,570.7705837636043
31415,1,11,ols_all,295.011,286.81642679833044,67.1510299575213
31415,1,110,ols_all,372.067,344.70507216353235,748.6750949280637
31415,1,287,ols_all,442.829,405.27742849663946,1410.120522372
31415,1,220,ols_all,275.048,230.81472730766222,1956.5824130747149
31415,1,175,ols_all,432.382,426.63399926559623,33.03951244270633
31415,1,247,ols_all,256.963,277.5021778006271,421.8578247257731
31415,1,227,ols_all,320.454,303.0308864730632,303.5648849725277
31415,1,95,ols_all,549.954,539.1611894428652,116.48475972219977
31415,1,76,ols_all,460.586,500.33687790394106,1580.1322941340284
31415,1,88,ols_all,474.13,418.71564724226664,3070.75049155851
31415,1,96,ols_all,279.435,346.20866767388543,4458.722694622492
31415,1,274,ols_all,319.388,326.07210018675414,44.677195306567064
31415,1,215,ols_all,485.364,498.73777639954415,178.85789518500462
31415,1,4,ols_all,540.085,496.7462505953499,1878.2471999590607
31415,1,43,ols_all,366.327,340.322381838163,676.2401657429435
31415,1,3,ols_all,351.575,407.640237987644,3143.310910611163
31415,1,75,ols_all,478.849,534.5047026973743,3097.5572427385227
31415,1,91,ols_all,358.993,343.16973196523577,250.3758112999913
31415,1,285,ols_all,416.209,425.4853697394551,86.05103554307838
31415,1,233,ols_all,385.977,410.7575361954696,614.0749741349794
31415,1,185,ols_all,268.273,259.865771076237,70.68149817655717
31415,1,214,ols_all,271.25,268.7173342229987,6.414395937993519
31415,1,118,ols_all,437.164,477.8879260915496,1658.4381563099967
31415,1,68,ols_all,472.514,463.3884625252622,83.27543420284441
31415,1,127,ols_all,334.401,254.67044200773717,6356.961877757589
31415,1,130,ols_all,437.098,417.53045497012226,382.8888184962934
31415,1,207,ols_all,445.128,435.2784804699463,97.01303497290866
31415,1,177,ols_all,251.746,244.28968352255424,55.59665541182926
31415,1,9,ols_all,314.569,305.48761613591296,82.47153288690079
31415,1,255,ols_all,265.57,279.4604397430712,192.94431625589263
31415,1,84,ols_all,449.319,409.2925983089958,1602.1128323296236
31415,1,257,ols_all,145.765,158.77650513398203,169.29926585164102
31415,1,105,ols_all,478.985,512.4303213801627,1118.589522222367
31415,1,293,ols_all,370.379,413.96025149986144,1899.3254822941735
31415,1,276,ols_all,509.076,451.198026096783,3349.859863141471
31415,1,279,ols_all,338.163,304.53614270526555,1130.7655315204365
31415,1,107,ols_all,297.778,284.67515058954496,171.68466267306263
31415,1,180,ols_all,330.633,368.0184298854183,1397.6703677175292
31415,1,170,ols_all,255.102,286.81642679833044,1005.8048671466597
31415,1,272,ols_all,353.33,367.2421640172279,193.5483076422506
31415,1,102,ols_all,338.56,379.2201852398498,1653.2506637388992
31415,1,172,ols_all,385.629,423.5953525331747,1441.443924673301
31415,1,145,ols_all,228.932,214.86773744265201,197.80348128202016
31415,1,165,ols_all,559.34,527.92610481764,986.8328105283058
31415,1,56,ols_all,389.856,409.2925983089958,377.78135382525943
31415,1,115,ols_all,296.802,272.6979028641497,581.0074987345085
31415,1,104,ols_all,465.463,490.8441925729194,644.2049364236169
31415,1,176,ols_all,409.854,417.3578427463035,56.30765596125194
31415,1,194,ols_all,546.888,529.5393836471908,300.97448935696036
31415,1,2,ols_all,244.384,270.48048105269436,681.0263233336364
31415,1,125,ols_all,360.028,344.9400945242878,227.64489164402633
31415,1,148,ols_all,311.748,309.8461208397089,3.6171443403496424
31415,1,298,ols_all,293.887,314.4084526746615,421.1300198783706
31415,1,109,ridge,505.777,470.7316689395634,1228.175229135601
31415,1,27,ridge,368.838,390.8141749849831,482.95226697059525
31415,1,131,ridge,256.493,257.0838918830786,0.34915321748817135
31415,1,156,ridge,317.157,264.0335617844627,2822.099687840009
31415,1,47,ridge,538.021,513.4018019782038,606.1049112364109
31415,1,273,ridge,277.145,287.5431176424471,108.12085050617003
31415,1,160,ridge,275.173,255.71811658764983,378.4924885881378
31415,1,11,ridge,295.011,286.672070206909,69.53775009410138
31415,1,110,ridge,372.067,348.76939973067994,542.7781783090227
31415,1,287,ridge,442.829,404.77341712650764,1448.2273878412457
31415,1,220,ridge,275.048,233.50675112401734,1725.6753581763305
31415,1,175,ridge,432.382,425.3486592852847,49.46788160927164
31415,1,247,ridge,256.963,279.27329885552115,497.7494350226672
31415,1,227,ridge,320.454,303.84052942514535,276.0074045415616
31415,1,95,ridge,549.954,538.9242798122547,121.65472741995585
31415,1,76,ridge,460.586,491.8457648994819,977.1729015708785
31415,1,88,ridge,474.13,418.34291568036076,3112.198776886538
31415,1,96,ridge,279.435,349.118045720923,4855.726860944248
31415,1,274,ridge,319.388,321.2971140625467,3.6447165038136973
31415,1,215,ridge,485.364,495.6650945475566,106.11254887770035
31415,1,4,ridge,540.085,494.75492955307,2054.8152867236413
31415,1,43,ridge,366.327,340.79944417954533,651.6561061664289
31415,1,3,ridge,351.575,407.1972904467829,3093.839194546279
31415,1,75,ridge,478.849,528.687171060119,2483.843294617684
31415,1,91,ridge,358.993,346.76890395621393,149.42852408770605
31415,1,285,ridge,416.209,424.4697366159254,68.23976943769055
31415,1,233,ridge,385.977,414.72964144999736,826.7143903521077
31415,1,185,ridge,268.273,271.00050172981724,7.439265686155928
31415,1,214,ridge,271.25,265.3535466222657,34.76816243579428
31415,1,118,ridge,437.164,477.4422411597838,1622.3367109257033
31415,1,68,ridge,472.514,461.6126535632276,118.83935413453092
31415,1,127,ridge,334.401,256.2068945254564,6114.318130964052
31415,1,130,ridge,437.098,415.4725006471245,467.66222226121965
31415,1,207,ridge,445.128,434.85507581989356,105.53297121021535
31415,1,177,ridge,251.746,240.3762334668377,129.27159101861758
31415,1,9,ridge,314.569,306.741195543768,61.274522605005586
31415,1,255,ridge,265.57,275.8863771751677,106.42763802032113
31415,1,84,ridge,449.319,409.15221093749153,1613.3709435920512
31415,1,257,ridge,145.765,169.97517093944697,586.1323769172432
31415,1,105,ridge,478.985,512.461496405952,1120.6758116177127
31415,1,293,ridge,370.379,409.5851064587187,1537.1187836523836
31415,1,276,ridge,509.076,449.1827611999656,3587.200053957946
31415,1,279,ridge,338.163,302.0311436308042,1305.5110446841963
31415,1,107,ridge,297.778,282.9091837620583,221.0816963176788
31415,1,180,ridge,330.633,370.00670505772734,1550.2886499729054
31415,1,170,ridge,255.102,286.672070206909,996.669332869162
31415,1,272,ridge,353.33,369.89365903215014,274.3548005333294
31415,1,102,ridge,338.56,380.14945562865114,1729.6828194875418
31415,1,172,ridge,385.629,424.6541980991399,1522.9660866771092
31415,1,145,ridge,228.932,217.30231793922053,135.24950483481555
31415,1,165,ridge,559.34,526.6601290571158,1067.9739648435693
31415,1,56,ridge,389.856,409.15221093749153,372.343756544168
31415,1,115,ridge,296.802,280.23593214598134,274.4346041439512
31415,1,104,ridge,465.463,489.191847832481,563.058219457038
31415,1,176,ridge,409.854,415.3322110976308,30.010796830205617
31415,1,194,ridge,546.888,524.6235354813,495.7063803044529
31415,1,2,ridge,244.384,272.2353180172748,775.6959152993754
31415,1,125,ridge,360.028,348.62583995927537,130.009253594298
31415,1,148,ridge,311.748,322.2400715681323,110.08356579081024
31415,1,298,ridge,293.887,311.97948390698105,327.3379739243681
31415,1,109,pls,505.777,475.6431784015532,908.0472041270181
31415,1,27,pls,368.838,392.8667401976141,577.3803554844343
31415,1,131,pls,256.493,255.8496454338528,0.41390509778244594
31415,1,156,pls,317.157,261.4025920649822,3108.554004184377
31415,1,47,pls,538.021,512.4282319952758,654.9897741436307
31415,1,273,pls,277.145,284.12620843229314,48.737271175121094
31415,1,160,pls,275.173,250.87102211946382,590.58612890607
31415,1,11,pls,295.011,288.0419725175427,48.56734405124523
31415,1,110,pls,372.067,343.4826555976845,817.0647449101843
31415,1,287,pls,442.829,405.69188077770195,1379.1656241311796
31415,1,220,pls,275.048,231.91873506531215,1860.1334938064952
31415,1,175,pls,432.382,425.75290720083717,43.94487133991253
31415,1,247,pls,256.963,276.87857870577284,396.63027518583164
31415,1,227,pls,320.454,304.0246481047062,269.9236036993937
31415,1,95,pls,549.954,539.8410794854309,102.27116133399164
31415,1,76,pls,460.586,499.80772228209304,1538.3434987736325
31415,1,88,pls,474.13,419.91017852162975,2939.78904114634
31415,1,96,pls,279.435,345.73566478199984,4395.778150535114
31415,1,274,pls,319.388,325.06665762840373,32.24715246062816
31415,1,215,pls,485.364,497.44145106510405,145.86482422998347
31415,1,4,pls,540.085,497.35143854788066,1826.157274382063
31415,1,43,pls,366.327,340.020213634679,692.0470088706383
31415,1,3,pls,351.575,407.5200271130538,3129.846058680326
31415,1,75,pls,478.849,533.7200167881582,3010.8284833663406
31415,1,91,pls,358.993,341.0190197232068,323.0639669905514
31415,1,285,pls,416.209,426.25565015374616,100.93517931176767
31415,1,233,pls,385.977,410.423571943772,597.6348798020217
31415,1,185,pls,268.273,260.9869041862564,53.08719220705201
31415,1,214,pls,271.25,267.21917208877755,16.2475736498899
31415,1,118,pls,437.164,478.82327878691467,1735.4955090458798
31415,1,68,pls,472.514,462.0768443490101,108.93421808299027
31415,1,127,pls,334.401,255.54146819442263,6218.82575659487
31415,1,130,pls,437.098,420.1252634067482,288.07378746390856
31415,1,207,pls,445.128,435.5618039836546,91.51210622314208
31415,1,177,pls,251.746,242.82671416813628,79.55365975048511
31415,1,9,pls,314.569,304.15054786222777,108.54414494705115
31415,1,255,pls,265.57,281.17746923468195,243.5930959115438
31415,1,84,pls,449.319,409.87603849710274,1555.7472121190365
31415,1,257,pls,145.765,161.20789321856506,238.4829509600032
31415,1,105,pls,478.985,514.3511658063815,1250.765683844464
31415,1,293,pls,370.379,415.3419039117272,2021.662728175209
31415,1,276,pls,509.076,451.83991703199763,3275.9691935200535
31415,1,279,pls,338.163,305.78222258726083,1048.5147458533597
31415,1,107,pls,297.778,282.5848149747362,230.83287121190023
31415,1,180,pls,330.633,365.9276050915691,1245.709148569816
31415,1,170,pls,255.102,288.0419725175427,1085.0417894564694
31415,1,272,pls,353.33,367.26566727760337,194.20282247206578
31415,1,102,pls,338.56,380.4960978042714,1758.6362990494176
31415,1,172,pls,385.629,424.7592699465896,1531.1780260929715
31415,1,145,pls,228.932,215.2152474933825,188.14929932779737
31415,1,165,pls,559.34,528.7583332143636,935.2383433877001
31415,1,56,pls,389.856,409.87603849710274,400.801941425476
31415,1,115,pls,296.802,272.16828483618895,606.8199227717757
31415,1,104,pls,465.463,489.9180805747651,598.0509659182522
31415,1,176,pls,409.854,417.1333577755827,52.98904962493626
31415,1,194,pls,546.888,528.427728486156,340.7816243648431
31415,1,2,pls,244.384,267.6048591645008,539.2083003375811
31415,1,125,pls,360.028,344.747240612903,233.50160744635372
31415,1,148,pls,311.748,310.34616805659243,1.9651327975578106
31415,1,298,pls,293.887,313.78290921543123,395.8472035086814
31415,1,109,huber,505.777,472.86870255795867,1082.956040533863
31415,1,27,huber,368.838,392.0970420766039,540.9830383212288
31415,1,131,huber,256.493,257.14723044236035,0.42801747171103
31415,1,156,huber,317.157,263.0456646104968,2928.0366176353027
31415,1,47,huber,538.021,514.7611569156968,541.0203003064054
31415,1,273,huber,277.145,286.388053736663,85.43404237883986
31415,1,160,huber,275.173,253.11856321144552,486.3981820603454
31415,1,11,huber,295.011,286.0771016064448,79.81454050636889
31415,1,110,huber,372.067,347.1870861099597,619.0101151758209
31415,1,287,huber,442.829,405.0962231206356,1423.762451027896
31415,1,220,huber,275.048,231.43981974234043,1901.6733853845299
31415,1,175,huber,432.382,426.0024178413652,40.69906851877187
31415,1,247,huber,256.963,277.8864388083658,437.79029156742814
31415,1,227,huber,320.454,302.9753653873735,305.50266792170635
31415,1,95,huber,549.954,538.5454293867326,130.1554834379069
31415,1,76,huber,460.586,497.2704078636824,1345.7457803090028
31415,1,88,huber,474.13,417.8962742443658,3162.2319123598736
31415,1,96,huber,279.435,348.04172602447017,4706.882855796712
31415,1,274,huber,319.388,324.42499722529163,25.37134104759585
31415,1,215,huber,485.364,499.07708087253855,188.04858701678316
31415,1,4,huber,540.085,495.11675315355023,2022.1432244432426
31415,1,43,huber,366.327,340.4525029473907,669.4895977254866
31415,1,3,huber,351.575,407.45498210597077,3122.572400163615
31415,1,75,huber,478.849,532.0627109017283,2831.6990279327224
31415,1,91,huber,358.993,345.405614912307,184.61703352126233
31415,1,285,huber,416.209,425.0492454178155,78.14993904720761
31415,1,233,huber,385.977,414.82184092891305,832.0248482142988
31415,1,185,huber,268.273,264.59329158766633,13.540253999799369
31415,1,214,huber,271.25,268.113249393218,9.839204369147344
31415,1,118,huber,437.164,477.3146127137377,1612.0717012885555
31415,1,68,huber,472.514,463.7384708890884,77.00991117645754
31415,1,127,huber,334.401,256.13661814560464,6125.313467050611
31415,1,130,huber,437.098,415.5923582740413,462.49262604529576
31415,1,207,huber,445.128,436.1035610756942,81.44049789852559
31415,1,177,huber,251.746,242.93181436009053,77.68986849478652
31415,1,9,huber,314.569,307.7952595759917,45.88355933184466
31415,1,255,huber,265.57,276.6265697936577,122.24773560202452
31415,1,84,huber,449.319,409.4202985996653,1591.9063734330737
31415,1,257,huber,145.765,161.54362089202732,248.96487725432146
31415,1,105,huber,478.985,512.5384964275964,1125.8371225167264
31415,1,293,huber,370.379,411.4222768364825,1684.5505734761414
31415,1,276,huber,509.076,450.16581226838633,3470.410218573968
31415,1,279,huber,338.163,302.8863351417551,1244.4430835209296
31415,1,107,huber,297.778,284.72257771242255,170.44405110697457
31415,1,180,huber,330.633,371.14899607106776,1641.5459376307795
31415,1,170,huber,255.102,286.0771016064448,959.456919529578
31415,1,272,huber,353.33,368.91338328789124,242.84183469732835
31415,1,102,huber,338.56,378.73468629255586,1614.0054187052758
31415,1,172,huber,385.629,423.1542785219511,1408.146528150002
31415,1,145,huber,228.932,215.81774587115297,171.98366135598118
31415,1,165,huber,559.34,527.495620801757,1014.0644865214927
31415,1,56,huber,389.856,409.4202985996653,382.7617796968648
31415,1,115,huber,296.802,275.5801561857196,450.36665487771205
31415,1,104,huber,465.463,491.14279117697265,659.4516748929212
31415,1,176,huber,409.854,416.59310337533185,45.41551430340934
31415,1,194,huber,546.888,527.5801086818271,372.79466715437616
31415,1,2,huber,244.384,271.7867877903392,750.9127786823633
31415,1,125,huber,360.028,346.3998978346741,185.72516862856085
31415,1,148,huber,311.748,314.723405968781,8.85304067905754
31415,1,298,huber,293.887,313.62299245298215,389.5093981041682
31415,1,109,cart,505.777,429.2161,5861.57140881
31415,1,27,cart,368.838,341.432111111111,751.0827457901308
31415,1,131,cart,256.493,259.38733333333334,8.37716544444454
31415,1,156,cart,317.157,236.16860000000003,6559.120934559993
31415,1,47,cart,538.021,469.65639999999996,4673.718533159999
31415,1,273,cart,277.145,283.17400000000004,36.34884100000064
31415,1,160,cart,275.173,272.5155,7.0623062500001454
31415,1,11,cart,295.011,324.7996086956522,887.3612080226834
31415,1,110,cart,372.067,420.7005,2365.217322249997
31415,1,287,cart,442.829,420.7005,489.67051225000137
31415,1,220,cart,275.048,240.27500000000003,1209.1615289999977
31415,1,175,cart,432.382,396.9185,1257.6598322500008
31415,1,247,cart,256.963,324.7996086956522,4601.80547932703
31415,1,227,cart,320.454,350.44314285714285,899.3486893061213
31415,1,95,cart,549.954,495.68292307692315,2945.34979039052
31415,1,76,cart,460.586,447.21133333333336,178.88170844444414
31415,1,88,cart,474.13,464.4302857142857,94.08445722449049
31415,1,96,cart,279.435,354.69633333333337,5664.2682951111165
31415,1,274,cart,319.388,283.17400000000004,1311.4537959999957
31415,1,215,cart,485.364,613.48475,16414.926580562496
31415,1,4,cart,540.085,495.68292307692315,1971.5444350828373
31415,1,43,cart,366.327,354.69633333333337,135.2724071111102
31415,1,3,cart,351.575,464.4302857142857,12736.315513653055
31415,1,75,cart,478.849,495.68292307692315,283.380966159766
31415,1,91,cart,358.993,324.7996086956522,1169.1880088922487
31415,1,285,cart,416.209,425.9125714285714,94.15929846938764
31415,1,233,cart,385.977,350.44314285714285,1262.6550034489787
31415,1,185,cart,268.273,343.63679999999994,5679.702350439987
31415,1,214,cart,271.25,259.38733333333334,140.72286044444417
31415,1,118,cart,437.164,495.68292307692315,3424.4643580828497
31415,1,68,cart,472.514,497.48940000000005,623.7706051600018
31415,1,127,cart,334.401,275.2361428571429,3500.480320734689
31415,1,130,cart,437.098,399.27324999999996,1430.7117125625039
31415,1,207,cart,445.128,425.9125714285714,369.23269518367306
31415,1,177,cart,251.746,283.17400000000004,987.7191840000016
31415,1,9,cart,314.569,240.27500000000003,5519.5984359999975
31415,1,255,cart,265.57,191.86899999999997,5431.837401000003
31415,1,84,cart,449.319,429.2161,404.1265884100014
31415,1,257,cart,145.765,127.39333333333333,337.5181361111107
31415,1,105,cart,478.985,535.9885999999999,3249.4104129599878
31415,1,293,cart,370.379,429.2161,3461.804336409996
31415,1,276,cart,509.076,425.9125714285714,6916.155851755107
31415,1,279,cart,338.163,341.432111111111,10.687087456789316
31415,1,107,cart,297.778,240.27500000000003,3306.5950089999983
31415,1,180,cart,330.633,420.7005,8112.15455625
31415,1,170,cart,255.102,324.7996086956522,4857.756657892251
31415,1,272,cart,353.33,350.44314285714285,8.333944163265281
31415,1,102,cart,338.56,375.046,1331.2281959999993
31415,1,172,cart,385.629,447.21133333333336,3792.3837787777784
31415,1,145,cart,228.932,191.86899999999997,1373.6659690000013
31415,1,165,cart,559.34,497.48940000000005,3825.496720359998
31415,1,56,cart,389.856,429.2161,1549.217472009999
31415,1,115,cart,296.802,282.3424166666667,209.07955017361135
31415,1,104,cart,465.463,447.21133333333336,333.12333611111103
31415,1,176,cart,409.854,464.4302857142857,2978.5709623673442
31415,1,194,cart,546.888,469.65639999999996,5964.720038560011
31415,1,2,cart,244.384,282.3424166666667,1440.8413958402798
31415,1,125,cart,360.028,354.69633333333337,28.426669444444258
31415,1,148,cart,311.748,272.5155,1539.1890562500012
31415,1,298,cart,293.887,282.3424166666667,133.27740434027749
31415,1,109,subset_min,505.777,475.51002649298675,916.089685274241
31415,1,27,subset_min,368.838,393.60637971778897,613.4726338445788
31415,1,131,subset_min,256.493,255.92034597710153,0.327932629941792
31415,1,156,subset_min,317.157,261.0781541425754,3144.8369527007876
31415,1,47,subset_min,538.021,510.40433021033647,762.6804502713121
31415,1,273,subset_min,277.145,285.69896219185057,73.1702691796093
31415,1,160,subset_min,275.173,251.46091098310035,562.2631655453732
31415,1,11,subset_min,295.011,286.19892316748997,77.65269810206051
31415,1,110,subset_min,372.067,343.8041165492856,798.7905809486666
31415,1,287,subset_min,442.829,404.95255038526136,1434.6254354178354
31415,1,220,subset_min,275.048,229.6454157380299,2061.3946576652957
31415,1,175,subset_min,432.382,427.66463956368716,22.253489486089713
31415,1,247,subset_min,256.963,278.021907405815,443.4775811266889
31415,1,227,subset_min,320.454,301.90901429117423,343.9164949405523
31415,1,95,subset_min,549.954,539.8958885235957,101.16560647177573
31415,1,76,subset_min,460.586,500.8142400217332,1618.3112952461768
31415,1,88,subset_min,474.13,419.51131109793977,2983.2011773800373
31415,1,96,subset_min,279.435,346.14929370710786,4450.796984838251
31415,1,274,subset_min,319.388,327.5015487119008,65.82967270038743
31415,1,215,subset_min,485.364,499.7352534047437,206.53292442335731
31415,1,4,subset_min,540.085,496.48328884266107,1901.1092158480176
31415,1,43,subset_min,366.327,339.9013333918009,698.3158556876887
31415,1,3,subset_min,351.575,408.01197348728067,3185.1319764040227
31415,1,75,subset_min,478.849,535.1747158476192,3172.586265746737
31415,1,91,subset_min,358.993,344.2183467469433,218.29037874805803
31415,1,285,subset_min,416.209,425.3551374655346,83.65183053845556
31415,1,233,subset_min,385.977,411.8966707766945,671.8293331722332
31415,1,185,subset_min,268.273,257.08113280074514,125.25789140575742
31415,1,214,subset_min,271.25,270.20948172436306,1.0826782819344738
31415,1,118,subset_min,437.164,477.54129655875886,1630.326077393961
31415,1,68,subset_min,472.514,463.85931590234276,74.90355683024133
31415,1,127,subset_min,334.401,254.19369612270066,6433.211595265439
31415,1,130,subset_min,437.098,417.31773061992993,391.259056748138
31415,1,207,subset_min,445.128,436.0432063097629,82.53347639417116
31415,1,177,subset_min,251.746,245.55377358786836,38.343667939100754
31415,1,9,subset_min,314.569,305.52507895473127,81.79250787305493
31415,1,255,subset_min,265.57,279.63099896198287,197.7116918088835
31415,1,84,subset_min,449.319,408.6693815462398,1652.391480436285
31415,1,257,subset_min,145.765,161.2231038167779,238.9529736102837
31415,1,105,subset_min,478.985,510.05302062118415,965.2219053183225
31415,1,293,subset_min,370.379,414.1749542068653,1918.0856048898427
31415,1,276,subset_min,509.076,451.8082985793943,3279.5896259996443
31415,1,279,subset_min,338.163,305.3461595974147,1076.945014008754
31415,1,107,subset_min,297.778,285.9804850628684,139.18135869184343
31415,1,180,subset_min,330.633,369.2060951117289,1487.8836664984876
31415,1,170,subset_min,255.102,286.19892316748997,967.0186304847739
31415,1,272,subset_min,353.33,366.5613335038754,175.06818629077617
31415,1,102,subset_min,338.56,378.7571808792736,1615.8133506410404
31415,1,172,subset_min,385.629,423.2267103454886,1413.5878232232578
31415,1,145,subset_min,228.932,215.17811047524347,189.16947705920703
31415,1,165,subset_min,559.34,528.3848251736533,958.2228485296888
31415,1,56,subset_min,389.856,408.6693815462398,353.9433252043956
31415,1,115,subset_min,296.802,273.8350669105889,527.4800155334865
31415,1,104,subset_min,465.463,491.7134136357965,689.0842160504088
31415,1,176,subset_min,409.854,417.6902295716133,61.40649389902724
31415,1,194,subset_min,546.888,529.8806762969173,289.2490595414407
31415,1,2,subset_min,244.384,270.89745373199185,702.9632287984731
31415,1,125,subset_min,360.028,344.09916968853577,253.72763509142237
31415,1,148,subset_min,311.748,308.80873362952434,8.6392867966091
31415,1,298,subset_min,293.887,315.3359459377905,460.0572818422589
31415,1,109,subset_1se,505.777,469.3974296205538,1323.473140993079
31415,1,27,subset_1se,368.838,397.5682339775712,825.4263444059852
31415,1,131,subset_1se,256.493,259.93949732485896,11.878343810260017
31415,1,156,subset_1se,317.157,269.81781010957843,2240.99889948139
31415,1,47,subset_1se,538.021,528.4454895389628,91.6904005894328
31415,1,273,subset_1se,277.145,291.14637095308564,196.03838856591068
31415,1,160,subset_1se,275.173,252.10326170244466,532.2128251176919
31415,1,11,subset_1se,295.011,286.03893348275983,80.49797758978258
31415,1,110,subset_1se,372.067,357.4106801811284,214.8077106330491
31415,1,287,subset_1se,442.829,404.00641829594406,1507.1928501680998
31415,1,220,subset_1se,275.048,210.27535655442702,4195.495338927329
31415,1,175,subset_1se,432.382,421.57504488245763,116.79027891257527
31415,1,247,subset_1se,256.963,279.95717415571863,528.7320451035176
31415,1,227,subset_1se,320.454,284.85023085368067,1267.6283774244007
31415,1,95,subset_1se,549.954,533.6978153294533,264.26354004291574
31415,1,76,subset_1se,460.586,490.4025700901669,889.0278519418332
31415,1,88,subset_1se,474.13,411.83070028115867,3881.202745458023
31415,1,96,subset_1se,279.435,354.9773445507887,5706.645820230075
31415,1,274,subset_1se,319.388,324.50431702017244,26.1766998509064
31415,1,215,subset_1se,485.364,507.6654148790448,497.35310560728266
31415,1,4,subset_1se,540.085,490.73698692266464,2435.2263946808653
31415,1,43,subset_1se,366.327,337.2372542586279,846.2133072976761
31415,1,3,subset_1se,351.575,408.9525721162964,3292.185781960793
31415,1,75,subset_1se,478.849,526.6161804507495,2281.7035282144698
31415,1,91,subset_1se,358.993,354.2317761507262,22.669252542893528
31415,1,285,subset_1se,416.209,421.2378657469475,25.289490700821577
31415,1,233,subset_1se,385.977,435.0540720370418,2408.558999728993
31415,1,185,subset_1se,268.273,260.82015077579626,55.54496155871459
31415,1,214,subset_1se,271.25,272.56102496969584,1.7187864711659684
31415,1,118,subset_1se,437.164,477.80983714477645,1652.0840771996902
31415,1,68,subset_1se,472.514,467.33094087008215,26.864101944224934
31415,1,127,subset_1se,334.401,261.6616393742595,5291.0145842415295
31415,1,130,subset_1se,437.098,408.4252054715722,822.1291460694392
31415,1,207,subset_1se,445.128,445.68023579467473,0.3049643729200453
31415,1,177,subset_1se,251.746,236.05166247460392,246.31223036105598
31415,1,9,subset_1se,314.569,323.6163377141622,81.8543197141019
31415,1,255,subset_1se,265.57,267.39979727288403,3.3481580598538567
31415,1,84,subset_1se,449.319,415.1447331815342,1167.8805125796932
31415,1,257,subset_1se,145.765,153.9113733399622,66.36339859404728
31415,1,105,subset_1se,478.985,509.1322617335833,908.8573900331738
31415,1,293,subset_1se,370.379,405.432591746692,1228.754294343754
31415,1,276,subset_1se,509.076,449.99445611323466,3490.628828043781
31415,1,279,subset_1se,338.163,300.29277196995844,1434.1541710473464
31415,1,107,subset_1se,297.778,298.5893806121524,0.6583384977767883
31415,1,180,subset_1se,330.633,379.288166848771,2367.325261081749
31415,1,170,subset_1se,255.102,286.03893348275983,957.093853316706
31415,1,272,subset_1se,353.33,364.8964508601496,133.78278550025644
31415,1,102,subset_1se,338.56,379.94803894658605,1712.9697678441237
31415,1,172,subset_1se,385.629,415.43770943848693,888.5591583881388
31415,1,145,subset_1se,228.932,213.4647341590054,239.23631259599838
31415,1,165,subset_1se,559.34,527.5550129385769,1010.285402494839
31415,1,56,subset_1se,389.856,415.1447331815342,639.5200259268295
31415,1,115,subset_1se,296.802,274.3157453574365,505.6316478502083
31415,1,104,subset_1se,465.463,497.03841453686164,997.0068031746518
31415,1,176,subset_1se,409.854,417.728479136928,62.0074216779146
31415,1,194,subset_1se,546.888,520.6528128076056,688.2850470199747
31415,1,2,subset_1se,244.384,272.6172192736288,797.114670552805
31415,1,125,subset_1se,360.028,344.3639935679033,245.36109750476675
31415,1,148,subset_1se,311.748,310.2894988903304,2.12722548690749
31415,1,298,subset_1se,293.887,315.38664201344216,462.2346067061671
31415,1,109,adaptive_linear,505.777,475.51002649298675,916.089685274241
31415,1,27,adaptive_linear,368.838,393.60637971778897,613.4726338445788
31415,1,131,adaptive_linear,256.493,255.92034597710153,0.327932629941792
31415,1,156,adaptive_linear,317.157,261.0781541425754,3144.8369527007876
31415,1,47,adaptive_linear,538.021,510.40433021033647,762.6804502713121
31415,1,273,adaptive_linear,277.145,285.69896219185057,73.1702691796093
31415,1,160,adaptive_linear,275.173,251.46091098310035,562.2631655453732
31415,1,11,adaptive_linear,295.011,286.19892316748997,77.65269810206051
31415,1,110,adaptive_linear,372.067,343.8041165492856,798.7905809486666
31415,1,287,adaptive_linear,442.829,404.95255038526136,1434.6254354178354
31415,1,220,adaptive_linear,275.048,229.6454157380299,2061.3946576652957
31415,1,175,adaptive_linear,432.382,427.66463956368716,22.253489486089713
31415,1,247,adaptive_linear,256.963,278.021907405815,443.4775811266889
31415,1,227,adaptive_linear,320.454,301.90901429117423,343.9164949405523
31415,1,95,adaptive_linear,549.954,539.8958885235957,101.16560647177573
31415,1,76,adaptive_linear,460.586,500.8142400217332,1618.3112952461768
31415,1,88,adaptive_linear,474.13,419.51131109793977,2983.2011773800373
31415,1,96,adaptive_linear,279.435,346.14929370710786,4450.796984838251
31415,1,274,adaptive_linear,319.388,327.5015487119008,65.82967270038743
31415,1,215,adaptive_linear,485.364,499.7352534047437,206.53292442335731
31415,1,4,adaptive_linear,540.085,496.48328884266107,1901.1092158480176
31415,1,43,adaptive_linear,366.327,339.9013333918009,698.3158556876887
31415,1,3,adaptive_linear,351.575,408.01197348728067,3185.1319764040227
31415,1,75,adaptive_linear,478.849,535.1747158476192,3172.586265746737
31415,1,91,adaptive_linear,358.993,344.2183467469433,218.29037874805803
31415,1,285,adaptive_linear,416.209,425.3551374655346,83.65183053845556
31415,1,233,adaptive_linear,385.977,411.8966707766945,671.8293331722332
31415,1,185,adaptive_linear,268.273,257.08113280074514,125.25789140575742
31415,1,214,adaptive_linear,271.25,270.20948172436306,1.0826782819344738
31415,1,118,adaptive_linear,437.164,477.54129655875886,1630.326077393961
31415,1,68,adaptive_linear,472.514,463.85931590234276,74.90355683024133
31415,1,127,adaptive_linear,334.401,254.19369612270066,6433.211595265439
31415,1,130,adaptive_linear,437.098,417.31773061992993,391.259056748138
31415,1,207,adaptive_linear,445.128,436.0432063097629,82.53347639417116
31415,1,177,adaptive_linear,251.746,245.55377358786836,38.343667939100754
31415,1,9,adaptive_linear,314.569,305.52507895473127,81.79250787305493
31415,1,255,adaptive_linear,265.57,279.63099896198287,197.7116918088835
31415,1,84,adaptive_linear,449.319,408.6693815462398,1652.391480436285
31415,1,257,adaptive_linear,145.765,161.2231038167779,238.9529736102837
31415,1,105,adaptive_linear,478.985,510.05302062118415,965.2219053183225
31415,1,293,adaptive_linear,370.379,414.1749542068653,1918.0856048898427
31415,1,276,adaptive_linear,509.076,451.8082985793943,3279.5896259996443
31415,1,279,adaptive_linear,338.163,305.3461595974147,1076.945014008754
31415,1,107,adaptive_linear,297.778,285.9804850628684,139.18135869184343
31415,1,180,adaptive_linear,330.633,369.2060951117289,1487.8836664984876
31415,1,170,adaptive_linear,255.102,286.19892316748997,967.0186304847739
31415,1,272,adaptive_linear,353.33,366.5613335038754,175.06818629077617
31415,1,102,adaptive_linear,338.56,378.7571808792736,1615.8133506410404
31415,1,172,adaptive_linear,385.629,423.2267103454886,1413.5878232232578
31415,1,145,adaptive_linear,228.932,215.17811047524347,189.16947705920703
31415,1,165,adaptive_linear,559.34,528.3848251736533,958.2228485296888
31415,1,56,adaptive_linear,389.856,408.6693815462398,353.9433252043956
31415,1,115,adaptive_linear,296.802,273.8350669105889,527.4800155334865
31415,1,104,adaptive_linear,465.463,491.7134136357965,689.0842160504088
31415,1,176,adaptive_linear,409.854,417.6902295716133,61.40649389902724
31415,1,194,adaptive_linear,546.888,529.8806762969173,289.2490595414407
31415,1,2,adaptive_linear,244.384,270.89745373199185,702.9632287984731
31415,1,125,adaptive_linear,360.028,344.09916968853577,253.72763509142237
31415,1,148,adaptive_linear,311.748,308.80873362952434,8.6392867966091
31415,1,298,adaptive_linear,293.887,315.3359459377905,460.0572818422589
31415,2,143,ols_all,494.933,501.8902348369486,48.403116576451225
31415,2,250,ols_all,218.9,214.58833640155422,18.5904429861625
31415,2,71,ols_all,456.1,465.74648848647234,93.05474011964306
31415,2,10,ols_all,236.674,237.74361458178896,1.14407535357556
31415,2,120,ols_all,375.484,411.31184023332,1283.6341357843066
31415,2,116,ols_all,425.382,440.62535476204016,232.3598644014123
31415,2,261,ols_all,235.459,280.88118557769303,2063.1749426543847
31415,2,114,ols_all,339.775,357.830260686864,325.9924384706173
31415,2,267,ols_all,480.301,496.2498025524999,254.3643028586273
31415,2,29,ols_all,302.033,333.9442139387154,1018.3255750424626
31415,2,19,ols_all,251.522,255.03059730319205,12.310255035966607
31415,2,63,ols_all,387.661,428.83921136551294,1695.6450912628588
31415,2,299,ols_all,255.57,259.86473807024504,18.44477509201214
31415,2,193,ols_all,271.297,278.700947688563,54.8184413749773
31415,2,217,ols_all,434.0,402.4369521463798,996.22598980992
31415,2,249,ols_all,281.294,265.4012080289897,252.58083663380935
31415,2,188,ols_all,296.717,302.0896660009755,28.86553995803837
31415,2,184,ols_all,351.269,414.34519013409295,3978.6057618322434
31415,2,213,ols_all,403.258,405.1342052730972,3.5201462267978942
31415,2,245,ols_all,535.272,490.51216295792824,2003.4430120328236
31415,2,26,ols_all,308.859,315.63727184002187,45.9449691372337
31415,2,70,ols_all,385.195,362.56387593958766,512.167776237774
31415,2,277,ols_all,388.293,412.81640756834145,601.3975187629862
31415,2,232,ols_all,444.205,410.259017824141,1152.329705883737
31415,2,108,ols_all,325.274,316.88926005173994,70.30386399994815
31415,2,216,ols_all,304.756,315.4507332514215,114.37731931906183
31415,2,201,ols_all,240.086,195.4214437004823,1994.9225894327863
31415,2,30,ols_all,192.327,189.13512565775477,10.188061816683406
31415,2,90,ols_all,288.704,263.8487735525048,617.7822817562662
31415,2,280,ols_all,321.44,318.57457899739234,8.210637522185094
31415,2,212,ols_all,252.257,293.5530748776166,1705.3658002977172
31415,2,221,ols_all,449.974,482.7467903408376,1074.0557867244993
31415,2,205,ols_all,394.063,369.36977932203104,609.7551474508734
31415,2,161,ols_all,422.585,383.0233573687485,1565.1235676828528
31415,2,224,ols_all,306.558,333.1924013515834,709.3913353572273
31415,2,146,ols_all,283.136,234.54793673805125,2360.799891547136
31415,2,294,ols_all,519.546,484.6638155661078,1216.7667908800738
31415,2,158,ols_all,353.281,374.98510247270747,471.06806414578614
31415,2,18,ols_all,319.064,290.6806374514438,805.6152695627856
31415,2,278,ols_all,321.551,337.1171560496016,242.30521416054856
31415,2,83,ols_all,433.596,488.1513088372574,2976.2817223285324
31415,2,134,ols_all,92.565,145.39676237028857,2791.1951151506396
31415,2,8,ols_all,522.37,492.2926534016344,904.6467783982135
31415,2,20,ols_all,369.841,414.6186670513732,2005.0394665636343
31415,2,15,ols_all,472.547,484.6638155661078,146.817219463072
31415,2,67,ols_all,562.014,531.8083353310351,912.3821780939553
31415,2,128,ols_all,261.766,257.1027692633145,21.74572090356871
31415,2,241,ols_all,447.454,421.97741390841543,649.0564388819208
31415,2,296,ols_all,561.485,584.4435263013518,527.0939299298602
31415,2,166,ols_all,246.311,240.03696217398715,39.36355064224015
31415,2,1,ols_all,383.079,348.050887365868,1226.9686747094388
31415,2,264,ols_all,273.541,344.6363160126182,5054.543958934044
31415,2,159,ols_all,560.46,569.1785432508393,76.01299641675507
31415,2,204,ols_all,283.113,284.6703459762841,2.4253264898483553
31415,2,55,ols_all,283.539,285.581259850125,4.1708252954325555
31415,2,149,ols_all,337.859,294.9876520394107,1837.9524759579222
31415,2,111,ols_all,397.526,396.9896740259553,0.2876455504349969
31415,2,225,ols_all,522.461,494.7652294459924,767.0557065802342
31415,2,203,ols_all,418.3,450.16211547059515,1015.1944022615384
31415,2,178,ols_all,297.521,295.95255706811326,2.4600132305855045
31415,2,143,ridge,494.933,501.89027213328905,48.4036355366404
31415,2,250,ridge,218.9,214.58842322593566,18.58969427865114
31415,2,71,ridge,456.1,465.7461315941384,93.04785473143413
31415,2,10,ridge,236.674,237.74523226173628,1.1475385585846047
31415,2,120,ridge,375.484,411.31172419729114,1283.6258211571626
31415,2,116,ridge,425.382,440.62505813388515,232.350821273002
31415,2,261,ridge,235.459,280.88112864714867,2063.1697708381234
31415,2,114,ridge,339.775,357.8306191228041,326.0053819077692
31415,2,267,ridge,480.301,496.24933333282684,254.34933609495593
31415,2,29,ridge,302.033,333.94422599501996,1018.3263445052369
31415,2,19,ridge,251.522,255.03081056158203,12.311751557069659
31415,2,63,ridge,387.661,428.8388037191212,1695.6115191304707
31415,2,299,ridge,255.57,259.8649085808633,18.446239717973267
31415,2,193,ridge,271.297,278.7004468639292,54.81102546702254
31415,2,217,ridge,434.0,402.43665417041274,996.2447999581236
31415,2,249,ridge,281.294,265.4011908658409,252.58138217481118
31415,2,188,ridge,296.717,302.09008490442,28.870041390106202
31415,2,184,ridge,351.269,414.3453176825784,3978.621852393553
31415,2,213,ridge,403.258,405.133510899078,3.517541132560347
31415,2,245,ridge,535.272,490.51165885051773,2003.4881398180398
31415,2,26,ridge,308.859,315.6376449473433,45.95002732214298
31415,2,70,ridge,385.195,362.5641554765296,512.1551238454896
31415,2,277,ridge,388.293,412.8163648919188,601.395425622195
31415,2,232,ridge,444.205,410.2590925067958,1152.3246355371753
31415,2,108,ridge,325.274,316.88926460593444,70.30378762849571
31415,2,216,ridge,304.756,315.45104899399564,114.38407298396778
31415,2,201,ridge,240.086,195.4209940050428,1994.962760529565
31415,2,30,ridge,192.327,189.13467213412343,10.190957203252017
31415,2,90,ridge,288.704,263.8495736253908,617.7425104108696
31415,2,280,ridge,321.44,318.57464793594545,8.210242450981658
31415,2,212,ridge,252.257,293.55308441480673,1705.3665879948433
31415,2,221,ridge,449.974,482.7469656646792,1074.0672784582412
31415,2,205,ridge,394.063,369.3698040881946,609.7539243388024
31415,2,161,ridge,422.585,383.0229152746356,1565.158547816911
31415,2,224,ridge,306.558,333.1921477831584,709.3778281351229
31415,2,146,ridge,283.136,234.54792196752237,2360.8013268901377
31415,2,294,ridge,519.546,484.66353773715576,1216.7861735187557
31415,2,158,ridge,353.281,374.985290042061,471.0762062299091
31415,2,18,ridge,319.064,290.6809051025638,805.6000759568685
31415,2,278,ridge,321.551,337.1176857211534,242.32170434116176
31415,2,83,ridge,433.596,488.1511714057728,2976.2667271132495
31415,2,134,ridge,92.565,145.3968878963764,2791.208378695283
31415,2,8,ridge,522.37,492.2929186013498,904.6308254610295
31415,2,20,ridge,369.841,414.61851770758364,2005.0260920529652
31415,2,15,ridge,472.547,484.66353773715576,146.8104867359191
31415,2,67,ridge,562.014,531.8082114987617,912.389658981541
31415,2,128,ridge,261.766,257.1036583018266,21.737430110526486
31415,2,241,ridge,447.454,421.97731774804356,649.0613385671526
31415,2,296,ridge,561.485,584.4431035319938,527.0745177857435
31415,2,166,ridge,246.311,240.0376457025236,39.35497414166564
31415,2,1,ridge,383.079,348.0508218659892,1226.9732633879944
31415,2,264,ridge,273.541,344.6358702981903,5054.480582716502
31415,2,159,ridge,560.46,569.178367666367,76.00993476595235
31415,2,204,ridge,283.113,284.6706111398664,2.4261524630359803
31415,2,55,ridge,283.539,285.5820145874841,4.173908604672805
31415,2,149,ridge,337.859,294.9878821030805,1837.9327497315703
31415,2,111,ridge,397.526,396.9894340203233,0.28790305054642656
31415,2,225,ridge,522.461,494.76542148145836,767.0450694767057
31415,2,203,ridge,418.3,450.1619592020274,1015.1844441916571
31415,2,178,ridge,297.521,295.9521555881154,2.4612727887016637
31415,2,143,pls,494.933,501.98704244803343,49.75951485865764
31415,2,250,pls,218.9,214.63699642578177,18.173199473797418
31415,2,71,pls,456.1,465.77227005290314,93.55280797628645
31415,2,10,pls,236.674,237.6442324281678,0.941350964668394
31415,2,120,pls,375.484,411.28672299386164,1281.8349737751907
31415,2,116,pls,425.382,440.6102482967031,231.89954618604088
31415,2,261,pls,235.459,280.9649928736116,2070.79538741319
31415,2,114,pls,339.775,357.7296935425814,322.37102020801507
31415,2,267,pls,480.301,496.2658779059382,254.8773265515149
31415,2,29,pls,302.033,333.9541947270025,1018.9626727992122
31415,2,19,pls,251.522,254.9944512373088,12.057917595487439
31415,2,63,pls,387.661,428.81521260331346,1693.6692149987239
31415,2,299,pls,255.57,259.8481513905431,18.302579320405748
31415,2,193,pls,271.297,278.7604864699694,55.703630287416026
31415,2,217,pls,434.0,402.4298104129954,996.676870559415
31415,2,249,pls,281.294,265.48120339571767,250.0445364484022
31415,2,188,pls,296.717,302.0987330268615,28.963050372412113
31415,2,184,pls,351.269,414.23111826349907,3964.2283362268427
31415,2,213,pls,403.258,405.05489397968677,3.2288279742346147
31415,2,245,pls,535.272,490.44580851886576,2009.387442703316
31415,2,26,pls,308.859,315.6687933483736,46.373285447553364
31415,2,70,pls,385.195,362.6132950540597,509.93339826550533
31415,2,277,pls,388.293,412.8198931673577,601.568488442977
31415,2,232,pls,444.205,410.2006576028547,1156.2953018622939
31415,2,108,pls,325.274,316.99543809572253,68.53458720295416
31415,2,216,pls,304.756,315.33960929764726,112.01278576524606
31415,2,201,pls,240.086,195.37568030938672,1999.0126868368425
31415,2,30,pls,192.327,189.09466544890017,10.447986650233709
31415,2,90,pls,288.704,263.79134580249604,620.6403391644121
31415,2,280,pls,321.44,318.538223224259,8.420308456229742
31415,2,212,pls,252.257,293.5333223496178,1703.7347867095555
31415,2,221,pls,449.974,482.7627878929643,1075.104611489803
31415,2,205,pls,394.063,369.270089977393,614.6883873890854
31415,2,161,pls,422.585,383.02566375410765,1564.9410842155703
31415,2,224,pls,306.558,333.2378923313612,711.8166548130263
31415,2,146,pls,283.136,234.63217233762623,2352.621297901257
31415,2,294,pls,519.546,484.62662446582294,1219.3627876968867
31415,2,158,pls,353.281,375.00686919148524,472.0133921255271
31415,2,18,pls,319.064,290.6845790203832,805.3915351383164
31415,2,278,pls,321.551,337.101917590578,241.831037908949
31415,2,83,pls,433.596,488.3263167912562,2995.4075760712603
31415,2,134,pls,92.565,145.30190057698837,2781.1806824671567
31415,2,8,pls,522.37,492.3249993420526,902.7020645360604
31415,2,20,pls,369.841,414.59380233715865,2002.813317028792
31415,2,15,pls,472.547,484.62662446582294,145.9173272353076
31415,2,67,pls,562.014,531.8513320218194,909.7865395619609
31415,2,128,pls,261.766,257.1162075951254,21.62056940842981
31415,2,241,pls,447.454,421.9359161571932,651.1726030085168
31415,2,296,pls,561.485,584.425836041989,526.2819583054203
31415,2,166,pls,246.311,239.99321129420292,39.91445413109721
31415,2,1,pls,383.079,348.16115138215736,1219.256152098576
31415,2,264,pls,273.541,344.75007079365673,5070.731763296017
31415,2,159,pls,560.46,569.3525266257102,79.07702978896414
31415,2,204,pls,283.113,284.774644011764,2.7610608218311494
31415,2,55,pls,283.539,285.5300750757035,3.964379957087779
31415,2,149,pls,337.859,294.8818095484115,1847.038899112106
31415,2,111,pls,397.526,396.98999955454445,0.28729647752855497
31415,2,225,pls,522.461,494.73030660976804,768.9913559030555
31415,2,203,pls,418.3,450.15615248708946,1014.814451280695
31415,2,178,pls,297.521,296.0101248447488,2.2827437347553348
31415,2,143,huber,494.933,503.5275161971965,73.86570866387343
31415,2,250,huber,218.9,212.38452879960738,42.451364963145714
31415,2,71,huber,456.1,464.58970993133437,72.07517471819703
31415,2,10,huber,236.674,239.7140947751382,9.2421762418225
31415,2,120,huber,375.484,409.7685641517185,1175.4313390733041
31415,2,116,huber,425.382,441.17448906930935,249.402711004255
31415,2,261,huber,235.459,281.72251704712676,2140.313009569788
31415,2,114,huber,339.775,361.1985526791614,458.96860939680556
31415,2,267,huber,480.301,497.6383195720499,300.58264994338526
31415,2,29,huber,302.033,332.9212554366226,954.084323918043
31415,2,19,huber,251.522,256.01247024170044,20.1643229915973
31415,2,63,huber,387.661,427.03415875321184,1550.245630205622
31415,2,299,huber,255.57,258.4394949137333,8.234001059941392
31415,2,193,huber,271.297,277.46828419696266,38.084748639680704
31415,2,217,huber,434.0,403.5443232795456,927.5482445008275
31415,2,249,huber,281.294,264.9824526338292,266.06657747883264
31415,2,188,huber,296.717,301.7628196123741,25.460295560619002
31415,2,184,huber,351.269,415.5861203011008,4136.691963826269
31415,2,213,huber,403.258,401.93956617922566,1.7382677397615631
31415,2,245,huber,535.272,491.0699198704016,1953.823887783444
31415,2,26,huber,308.859,318.1438267206554,86.20800723259683
31415,2,70,huber,385.195,365.99804680276867,368.52301205668994
31415,2,277,huber,388.293,412.745038873819,597.9022050867552
31415,2,232,huber,444.205,409.9613500388517,1172.6275626616496
31415,2,108,huber,325.274,319.370716137163,34.84876036523156
31415,2,216,huber,304.756,314.9505780813174,103.92942225607808
31415,2,201,huber,240.086,191.762403190895,2335.1700085689454
31415,2,30,huber,192.327,185.02483514224167,53.3216116098807
31415,2,90,huber,288.704,266.3453539628084,499.9090526164232
31415,2,280,huber,321.44,317.3813898928165,16.472316002131926
31415,2,212,huber,252.257,292.80551928682513,1644.1824163540293
31415,2,221,huber,449.974,486.7355921296157,1351.4146559042256
31415,2,205,huber,394.063,367.99490735285156,679.5454542603142
31415,2,161,huber,422.585,383.45991755177755,1530.7720765802028
31415,2,224,huber,306.558,334.51550482528665,781.622076055927
31415,2,146,huber,283.136,235.618294952727,2257.932292959635
31415,2,294,huber,519.546,484.91148994832713,1199.5492865194324
31415,2,158,huber,353.281,376.6191945277539,544.671323815282
31415,2,18,huber,319.064,292.76213636994316,691.7880304141077
31415,2,278,huber,321.551,332.04761338576293,110.17889257017777
31415,2,83,huber,433.596,494.3952855378988,3696.5531219189515
31415,2,134,huber,92.565,146.08681141865642,2864.5842975342216
31415,2,8,huber,522.37,496.3795480908734,675.503590440622
31415,2,20,huber,369.841,413.0739768938278,1869.0902911022495
31415,2,15,huber,472.547,484.91148994832713,152.880611682282
31415,2,67,huber,562.014,534.8467437708773,738.0598110188062
31415,2,128,huber,261.766,257.5698584083089,17.607604257520055
31415,2,241,huber,447.454,421.5874416623983,669.0788402325521
31415,2,296,huber,561.485,587.3677087052936,669.9146099230794
31415,2,166,huber,246.311,237.40119273355344,79.38466552522398
31415,2,1,huber,383.079,348.96078084787337,1164.0528781125413
31415,2,264,huber,273.541,344.9601919337944,5100.700976476166
31415,2,159,huber,560.46,580.6182850797416,406.3564573561295
31415,2,204,huber,283.113,282.56882950706733,0.29612152537857933
31415,2,55,huber,283.539,284.8493132211918,1.7169207376300073
31415,2,149,huber,337.859,293.3179839624095,1983.90210966089
31415,2,111,huber,397.526,395.67165674657855,3.438588901509691
31415,2,225,huber,522.461,496.3581955001001,681.3564027599939
31415,2,203,huber,418.3,447.25824502820944,838.5799551138164
31415,2,178,huber,297.521,295.64699650668206,3.511889092967907
31415,2,143,cart,494.933,436.59250000000003,3403.6139402499957
31415,2,250,cart,218.9,218.24562500000002,0.42820664062498365
31415,2,71,cart,456.1,424.14283333333333,1021.2605013611129
31415,2,10,cart,236.674,266.66880000000003,899.6880270400015
31415,2,120,cart,375.484,436.59250000000003,3734.248772250006
31415,2,116,cart,425.382,397.72400000000005,764.9649639999977
31415,2,261,cart,235.459,288.6294,2827.091436159997
31415,2,114,cart,339.775,350.13444444444445,107.31808919753155
31415,2,267,cart,480.301,436.59250000000003,1910.4329722499963
31415,2,29,cart,302.033,264.651125,1397.4045785156277
31415,2,19,cart,251.522,290.8368,1545.6534990399994
31415,2,63,cart,387.661,451.6295,4091.9689922500006
31415,2,299,cart,255.57,328.20962499999996,5276.51512014062
31415,2,193,cart,271.297,264.651125,44.167654515625614
31415,2,217,cart,434.0,376.1354,3348.3119331599996
31415,2,249,cart,281.294,264.651125,276.9852882656251
31415,2,188,cart,296.717,266.66880000000003,902.8943232399971
31415,2,184,cart,351.269,397.72400000000005,2158.067025000004
31415,2,213,cart,403.258,483.5773636363636,6451.200174950411
31415,2,245,cart,535.272,635.1868333333333,9982.973920027764
31415,2,26,cart,308.859,264.651125,1954.336212015625
31415,2,70,cart,385.195,329.8430526315789,3063.8380774764555
31415,2,277,cart,388.293,436.59250000000003,2332.8417002500023
31415,2,232,cart,444.205,397.72400000000005,2160.483360999994
31415,2,108,cart,325.274,329.8430526315789,20.87624195013832
31415,2,216,cart,304.756,288.6294,260.0672275599999
31415,2,201,cart,240.086,222.98166666666668,292.55821877777765
31415,2,30,cart,192.327,222.98166666666668,939.7085884444456
31415,2,90,cart,288.704,262.0185714285714,712.1120980408172
31415,2,280,cart,321.44,262.0185714285714,3530.9061734693887
31415,2,212,cart,252.257,262.0185714285714,95.28827675510178
31415,2,221,cart,449.974,483.5773636363636,1129.1860476776842
31415,2,205,cart,394.063,350.13444444444445,1929.7179931975288
31415,2,161,cart,422.585,393.3401111111111,855.2635261234547
31415,2,224,cart,306.558,329.8430526315789,542.193676055401
31415,2,146,cart,283.136,264.651125,341.6906037656267
31415,2,294,cart,519.546,483.5773636363636,1293.7428018595103
31415,2,158,cart,353.281,352.6761666666667,0.36582336111109204
31415,2,18,cart,319.064,304.32733333333334,217.1693444444448
31415,2,278,cart,321.551,374.53000000000003,2806.7744410000046
31415,2,83,cart,433.596,547.2228571428572,12911.062664163266
31415,2,134,cart,92.565,138.85285714285715,2142.5657188775517
31415,2,8,cart,522.37,483.5773636363636,1504.8686360413255
31415,2,20,cart,369.841,436.59250000000003,4455.762752250002
31415,2,15,cart,472.547,483.5773636363636,121.66892195041186
31415,2,67,cart,562.014,503.50020000000006,3423.8647904399936
31415,2,128,cart,261.766,264.651125,8.323946265624766
31415,2,241,cart,447.454,376.1354,5086.342705960001
31415,2,296,cart,561.485,635.1868333333333,5431.960236694439
31415,2,166,cart,246.311,218.24562500000002,787.6652738906243
31415,2,1,cart,383.079,329.8430526315789,2834.0660922132993
31415,2,264,cart,273.541,304.32733333333334,947.7983201111118
31415,2,159,cart,560.46,547.2228571428572,175.2219510204089
31415,2,204,cart,283.113,304.32733333333334,450.0479387777782
31415,2,55,cart,283.539,266.66880000000003,284.60364803999846
31415,2,149,cart,337.859,227.23960000000002,12236.65165635999
31415,2,111,cart,397.526,424.14283333333333,708.4558166944437
31415,2,225,cart,522.461,483.5773636363636,1511.9371768595079
31415,2,203,cart,418.3,451.6295,1110.8555702499998
31415,2,178,cart,297.521,304.32733333333334,46.326173444444365
31415,2,143,subset_min,494.933,502.45987530417017,56.653851844526876
31415,2,250,subset_min,218.9,213.9257703659173,24.742960452586694
31415,2,71,subset_min,456.1,466.6644136764843,111.60683632788776
31415,2,10,subset_min,236.674,237.67042988689906,0.9928725195056558
31415,2,120,subset_min,375.484,410.6120036212253,1233.97663841282
31415,2,116,subset_min,425.382,440.9315355290195,241.78805516824042
31415,2,261,subset_min,235.459,280.99192775856113,2073.2475102663466
31415,2,114,subset_min,339.775,357.55380601200994,316.0859432126817
31415,2,267,subset_min,480.301,496.7168589969167,269.48042660665135
31415,2,29,subset_min,302.033,333.36051720936894,981.4133345033059
31415,2,19,subset_min,251.522,255.75866484759763,17.949329030869514
31415,2,63,subset_min,387.661,428.5784176171228,1674.2350644540309
31415,2,299,subset_min,255.57,259.91837650589065,18.908378236981825
31415,2,193,subset_min,271.297,278.80604823234944,56.385805355749866
31415,2,217,subset_min,434.0,403.7047172883103,917.8041545812054
31415,2,249,subset_min,281.294,265.5439228240986,248.06493104684918
31415,2,188,subset_min,296.717,302.51744201986827,33.64512762585367
31415,2,184,subset_min,351.269,414.40018546636827,3985.5465783889877
31415,2,213,subset_min,403.258,404.06325228919974,0.6484312492614489
31415,2,245,subset_min,535.272,492.4918131052778,1830.1443907473652
31415,2,26,subset_min,308.859,315.36584971708083,42.33909324067519
31415,2,70,subset_min,385.195,363.0176750361546,491.8337425519988
31415,2,277,subset_min,388.293,412.57294547265064,589.5157521548882
31415,2,232,subset_min,444.205,409.8225488820482,1182.1529448783451
31415,2,108,subset_min,325.274,317.1695604690408,65.68194011097437
31415,2,216,subset_min,304.756,315.44251618783477,114.20162823285517
31415,2,201,subset_min,240.086,195.80707462732926,1960.623232158546
31415,2,30,subset_min,192.327,189.66152818034658,7.104740021366509
31415,2,90,subset_min,288.704,263.9354378798568,613.4816694993926
31415,2,280,subset_min,321.44,318.9233881388318,6.333335259772476
31415,2,212,subset_min,252.257,293.294446090938,1684.0719816666406
31415,2,221,subset_min,449.974,482.99901795940735,1090.6518112191789
31415,2,205,subset_min,394.063,369.3809501809772,609.2035832687225
31415,2,161,subset_min,422.585,383.4168238197855,1534.1460252843194
31415,2,224,subset_min,306.558,333.44689926130854,723.0129034847996
31415,2,146,subset_min,283.136,234.5799436041348,2357.6906127184443
31415,2,294,subset_min,519.546,484.6169231341632,1220.04041069954
31415,2,158,subset_min,353.281,374.42951592879905,447.2597259906668
31415,2,18,subset_min,319.064,291.76035403536406,745.4890829621817
31415,2,278,subset_min,321.551,337.2298294906202,245.82569419594222
31415,2,83,subset_min,433.596,488.7428476526598,3041.17480602567
31415,2,134,subset_min,92.565,145.18266686620132,2768.61886644254
31415,2,8,subset_min,522.37,492.81758688093737,873.3451211597453
31415,2,20,subset_min,369.841,413.9738349080294,1947.7071170193778
31415,2,15,subset_min,472.547,484.6169231341632,145.6830444646071
31415,2,67,subset_min,562.014,532.3436670284169,880.3286586446109
31415,2,128,subset_min,261.766,256.8373439819341,24.291650144417293
31415,2,241,subset_min,447.454,422.8190237861575,606.8820530565854
31415,2,296,subset_min,561.485,585.8337405428175,592.8611660214444
31415,2,166,subset_min,246.311,238.7817617838666,56.68942811528356
31415,2,1,subset_min,383.079,348.3727312077009,1204.5250934833152
31415,2,264,subset_min,273.541,344.91551316021605,5094.321128857855
31415,2,159,subset_min,560.46,571.2967316678256,117.43475324045366
31415,2,204,subset_min,283.113,284.55107354893346,2.068055532142076
31415,2,55,subset_min,283.539,285.1377231741615,2.5559157876011325
31415,2,149,subset_min,337.859,294.397545371532,1888.898038422383
31415,2,111,subset_min,397.526,397.02906989567873,0.2469395285807577
31415,2,225,subset_min,522.461,494.683025974674,771.6158409516853
31415,2,203,subset_min,418.3,449.52740959871716,975.1511102460516
31415,2,178,subset_min,297.521,296.3451695043136,1.3825773545861206
31415,2,143,subset_1se,494.933,504.79068679025977,97.1739888548621
31415,2,250,subset_1se,218.9,213.9414615281512,24.587103776804746
31415,2,71,subset_1se,456.1,469.27154100370717,173.4894924123387
31415,2,10,subset_1se,236.674,238.97722251633854,5.3048339597688186
31415,2,120,subset_1se,375.484,406.212928549302,944.2670497881073
31415,2,116,subset_1se,425.382,433.3626209760628,63.69031116357303
31415,2,261,subset_1se,235.459,284.76661233164486,2431.2406338477763
31415,2,114,subset_1se,339.775,350.17687129345154,108.1989264055317
31415,2,267,subset_1se,480.301,490.8619369303076,111.53338884593502
31415,2,29,subset_1se,302.033,332.36605234050853,920.0940642920292
31415,2,19,subset_1se,251.522,245.99094470390605,30.59257268844881
31415,2,63,subset_1se,387.661,423.2090018757183,1263.6604373560706
31415,2,299,subset_1se,255.57,260.3438190181414,22.789348017968614
31415,2,193,subset_1se,271.297,277.4156081882743,37.43736616161689
31415,2,217,subset_1se,434.0,397.20825672399565,1353.6323732874116
31415,2,249,subset_1se,281.294,274.05587039611464,52.39052016264136
31415,2,188,subset_1se,296.717,309.96900203008295,175.61555780532296
31415,2,184,subset_1se,351.269,411.8463814468987,3669.6191429630667
31415,2,213,subset_1se,403.258,395.3410407594438,62.67824361662814
31415,2,245,subset_1se,535.272,485.94449760248267,2433.2024927770826
31415,2,26,subset_1se,308.859,317.3951726819762,72.86624405651695
31415,2,70,subset_1se,385.195,371.9688968657035,174.9298041190468
31415,2,277,subset_1se,388.293,409.6893444738737,457.80355684466485
31415,2,232,subset_1se,444.205,409.03414521697005,1236.9890261689798
31415,2,108,subset_1se,325.274,321.4545691521407,14.58805200157906
31415,2,216,subset_1se,304.756,308.71548477016313,15.677519645153996
31415,2,201,subset_1se,240.086,188.1422148858228,2698.156811987819
31415,2,30,subset_1se,192.327,184.42583590961294,62.42839398322191
31415,2,90,subset_1se,288.704,258.55175767571995,909.1577171821053
31415,2,280,subset_1se,321.44,310.53673005518544,118.88129548949635
31415,2,212,subset_1se,252.257,289.63668277289594,1397.240684202333
31415,2,221,subset_1se,449.974,479.60654135521736,878.0875071686677
31415,2,205,subset_1se,394.063,366.867953910624,739.5705318032836
31415,2,161,subset_1se,422.585,384.6830845125062,1436.555197621122
31415,2,224,subset_1se,306.558,331.5529925961721,624.7496548826979
31415,2,146,subset_1se,283.136,239.18731501555408,1931.4869118620647
31415,2,294,subset_1se,519.546,482.2337016136187,1392.207610874358
31415,2,158,subset_1se,353.281,375.36785292434934,487.82907210183856
31415,2,18,subset_1se,319.064,299.03793229031703,401.04338791280776
31415,2,278,subset_1se,321.551,344.71401854485634,536.5254281093595
31415,2,83,subset_1se,433.596,497.1695475795036,4041.5959518434092
31415,2,134,subset_1se,92.565,137.60047981659022,2028.1944423105056
31415,2,8,subset_1se,522.37,495.84832526816035,703.3992305815019
31415,2,20,subset_1se,369.841,409.4715561094638,1570.5809775453572
31415,2,15,subset_1se,472.547,482.2337016136187,93.8321881512822
31415,2,67,subset_1se,562.014,528.2192595984361,1142.0844788090953
31415,2,128,subset_1se,261.766,265.86547282641686,16.805677454530098
31415,2,241,subset_1se,447.454,419.06457626543533,805.9593799806639
31415,2,296,subset_1se,561.485,584.403372441468,525.251795365841
31415,2,166,subset_1se,246.311,229.92825443889637,268.3943521198608
31415,2,1,subset_1se,383.079,356.9548536765674,682.4710211281184
31415,2,264,subset_1se,273.541,347.6315560251369,5489.410492113949
31415,2,159,subset_1se,560.46,570.5630998522361,102.07262662425164
31415,2,204,subset_1se,283.113,303.3593110138554,409.91310966976266
31415,2,55,subset_1se,283.539,291.8847628949327,69.65175829843551
31415,2,149,subset_1se,337.859,286.54485730287706,2633.1412407406933
31415,2,111,subset_1se,397.526,389.5702682221172,63.2936681216145
31415,2,225,subset_1se,522.461,494.2086864560006,798.1932205884539
31415,2,203,subset_1se,418.3,448.9976751451595,942.3472593177438
31415,2,178,subset_1se,297.521,297.2369160088126,0.08070371404896352
31415,2,143,adaptive_linear,494.933,502.45987530417017,56.653851844526876
31415,2,250,adaptive_linear,218.9,213.9257703659173,24.742960452586694
31415,2,71,adaptive_linear,456.1,466.6644136764843,111.60683632788776
31415,2,10,adaptive_linear,236.674,237.67042988689906,0.9928725195056558
31415,2,120,adaptive_linear,375.484,410.6120036212253,1233.97663841282
31415,2,116,adaptive_linear,425.382,440.9315355290195,241.78805516824042
31415,2,261,adaptive_linear,235.459,280.99192775856113,2073.2475102663466
31415,2,114,adaptive_linear,339.775,357.55380601200994,316.0859432126817
31415,2,267,adaptive_linear,480.301,496.7168589969167,269.48042660665135
31415,2,29,adaptive_linear,302.033,333.36051720936894,981.4133345033059
31415,2,19,adaptive_linear,251.522,255.75866484759763,17.949329030869514
31415,2,63,adaptive_linear,387.661,428.5784176171228,1674.2350644540309
31415,2,299,adaptive_linear,255.57,259.91837650589065,18.908378236981825
31415,2,193,adaptive_linear,271.297,278.80604823234944,56.385805355749866
31415,2,217,adaptive_linear,434.0,403.7047172883103,917.8041545812054
31415,2,249,adaptive_linear,281.294,265.5439228240986,248.06493104684918
31415,2,188,adaptive_linear,296.717,302.51744201986827,33.64512762585367
31415,2,184,adaptive_linear,351.269,414.40018546636827,3985.5465783889877
31415,2,213,adaptive_linear,403.258,404.06325228919974,0.6484312492614489
31415,2,245,adaptive_linear,535.272,492.4918131052778,1830.1443907473652
31415,2,26,adaptive_linear,308.859,315.36584971708083,42.33909324067519
31415,2,70,adaptive_linear,385.195,363.0176750361546,491.8337425519988
31415,2,277,adaptive_linear,388.293,412.57294547265064,589.5157521548882
31415,2,232,adaptive_linear,444.205,409.8225488820482,1182.1529448783451
31415,2,108,adaptive_linear,325.274,317.1695604690408,65.68194011097437
31415,2,216,adaptive_linear,304.756,315.44251618783477,114.20162823285517
31415,2,201,adaptive_linear,240.086,195.80707462732926,1960.623232158546
31415,2,30,adaptive_linear,192.327,189.66152818034658,7.104740021366509
31415,2,90,adaptive_linear,288.704,263.9354378798568,613.4816694993926
31415,2,280,adaptive_linear,321.44,318.9233881388318,6.333335259772476
31415,2,212,adaptive_linear,252.257,293.294446090938,1684.0719816666406
31415,2,221,adaptive_linear,449.974,482.99901795940735,1090.6518112191789
31415,2,205,adaptive_linear,394.063,369.3809501809772,609.2035832687225
31415,2,161,adaptive_linear,422.585,383.4168238197855,1534.1460252843194
31415,2,224,adaptive_linear,306.558,333.44689926130854,723.0129034847996
31415,2,146,adaptive_linear,283.136,234.5799436041348,2357.6906127184443
31415,2,294,adaptive_linear,519.546,484.6169231341632,1220.04041069954
31415,2,158,adaptive_linear,353.281,374.42951592879905,447.2597259906668
31415,2,18,adaptive_linear,319.064,291.76035403536406,745.4890829621817
31415,2,278,adaptive_linear,321.551,337.2298294906202,245.82569419594222
31415,2,83,adaptive_linear,433.596,488.7428476526598,3041.17480602567
31415,2,134,adaptive_linear,92.565,145.18266686620132,2768.61886644254
31415,2,8,adaptive_linear,522.37,492.81758688093737,873.3451211597453
31415,2,20,adaptive_linear,369.841,413.9738349080294,1947.7071170193778
31415,2,15,adaptive_linear,472.547,484.6169231341632,145.6830444646071
31415,2,67,adaptive_linear,562.014,532.3436670284169,880.3286586446109
31415,2,128,adaptive_linear,261.766,256.8373439819341,24.291650144417293
31415,2,241,adaptive_linear,447.454,422.8190237861575,606.8820530565854
31415,2,296,adaptive_linear,561.485,585.8337405428175,592.8611660214444
31415,2,166,adaptive_linear,246.311,238.7817617838666,56.68942811528356
31415,2,1,adaptive_linear,383.079,348.3727312077009,1204.5250934833152
31415,2,264,adaptive_linear,273.541,344.91551316021605,5094.321128857855
31415,2,159,adaptive_linear,560.46,571.2967316678256,117.43475324045366
31415,2,204,adaptive_linear,283.113,284.55107354893346,2.068055532142076
31415,2,55,adaptive_linear,283.539,285.1377231741615,2.5559157876011325
31415,2,149,adaptive_linear,337.859,294.397545371532,1888.898038422383
31415,2,111,adaptive_linear,397.526,397.02906989567873,0.2469395285807577
31415,2,225,adaptive_linear,522.461,494.683025974674,771.6158409516853
31415,2,203,adaptive_linear,418.3,449.52740959871716,975.1511102460516
31415,2,178,adaptive_linear,297.521,296.3451695043136,1.3825773545861206
31415,3,268,ols_all,410.803,366.6013485327094,1953.7859924358347
31415,3,99,ols_all,282.584,233.29938261348298,2428.9735109353765
31415,3,275,ols_all,465.361,459.13290847312646,38.789124067113825
31415,3,206,ols_all,340.646,350.5885656732794,98.85461216747336
31415,3,62,ols_all,317.619,345.44266663423423,774.1564249729976
31415,3,266,ols_all,430.138,432.53760540379244,5.758106093909992
31415,3,13,ols_all,333.614,392.2368569892301,3436.639361579726
31415,3,286,ols_all,433.013,428.32149607650626,22.0102090641569
31415,3,54,ols_all,429.049,457.4958958692605,809.2258845965509
31415,3,52,ols_all,246.515,277.507572416981,960.5395450218136
31415,3,5,ols_all,359.251,341.21019656280123,325.47058865964215
31415,3,69,ols_all,481.732,529.8468161758406,2315.0355356349255
31415,3,113,ols_all,318.141,300.4044484286287,314.585261643914
31415,3,258,ols_all,234.616,292.4053767544169,3339.612065663941
31415,3,44,ols_all,383.504,369.90789119379406,184.8541746701913
31415,3,164,ols_all,375.949,406.5389475228667,935.7448894517373
31415,3,262,ols_all,291.598,325.38255680951806,1141.3962788155525
31415,3,270,ols_all,377.08,331.8500438745027,2045.7489311144077
31415,3,112,ols_all,330.937,340.31986510334264,88.03815754752479
31415,3,187,ols_all,428.773,401.00325362726926,771.1588136057935
31415,3,239,ols_all,279.075,239.90939396959993,1533.9446957285093
31415,3,72,ols_all,354.919,350.81964662011706,16.804698133157583
31415,3,23,ols_all,237.449,256.89423417392845,378.1171320789145
31415,3,92,ols_all,423.841,448.1114136839733,589.0529803911978
31415,3,129,ols_all,342.75,316.84196634549926,671.2262078427431
31415,3,93,ols_all,297.073,247.86578402633813,2421.3501038786017
31415,3,195,ols_all,417.305,390.86909296572276,698.8571807249493
31415,3,38,ols_all,347.959,323.9255621491802,577.6061349292169
31415,3,288,ols_all,397.622,429.4864868227355,1015.3455204762844
31415,3,162,ols_all,260.859,275.74791528377546,221.67979832744294
31415,3,295,ols_all,195.235,245.51399246617575,2527.9770834137566
31415,3,100,ols_all,494.493,456.8007109554769,1420.7086534158746
31415,3,137,ols_all,496.924,473.43419591096017,551.7708961414713
31415,3,243,ols_all,260.705,253.0354129684879,58.8225652339385
31415,3,31,ols_all,354.543,329.3846988722412,632.9401156349907
31415,3,58,ols_all,268.614,277.507572416981,79.09563033608605
31415,3,209,ols_all,293.538,283.6050377692077,98.66373867834689
31415,3,265,ols_all,276.409,209.5054987798726,4476.078475511588
31415,3,98,ols_all,308.471,337.17621475515125,823.9893541393528
31415,3,190,ols_all,254.668,311.3097933305039,3208.2927516955165
31415,3,173,ols_all,435.421,435.2533281494748,0.028113849458548272
31415,3,21,ols_all,316.871,325.22804135605884,69.84014022687808
31415,3,122,ols_all,523.246,474.1092117147109,2414.4239629933213
31415,3,133,ols_all,451.365,365.49035853677924,7374.4540464367155
31415,3,117,ols_all,209.858,261.14157788461443,2630.0053606473143
31415,3,208,ols_all,286.658,388.1233591618402,10295.219109841226
31415,3,244,ols_all,389.618,408.123566097036,342.4559765717691
31415,3,167,ols_all,354.381,365.3200057665181,119.6618471599164
31415,3,210,ols_all,232.002,263.8705253735052,1015.6029094817434
31415,3,0,ols_all,494.666,502.5950335734001,62.86957340810581
31415,3,65,ols_all,443.636,429.860067218297,189.7763240060003
31415,3,139,ols_all,262.528,276.93506085875924,207.56340258799204
31415,3,39,ols_all,321.065,307.4018774516326,186.6809177717064
31415,3,132,ols_all,446.917,417.8447728552278,845.1943911572279
31415,3,237,ols_all,288.331,293.52464013404415,26.973897841953935
31415,3,196,ols_all,495.64,487.3309780903787,69.03984509456622
31415,3,37,ols_all,493.864,503.7515688073631,97.7640169203408
31415,3,236,ols_all,486.011,486.93670444370673,0.8569287170983431
31415,3,123,ols_all,485.218,480.4765814572902,22.481049797152544
31415,3,34,ols_all,160.064,203.6108360404146,1896.3269291307522
31415,3,268,ridge,410.803,365.0071717862813,2097.2578817804356
31415,3,99,ridge,282.584,233.78542219983842,2381.3011953184227
31415,3,275,ridge,465.361,456.5180606538104,78.19757628038832
31415,3,206,ridge,340.646,351.7831123840976,124.03527225601961
31415,3,62,ridge,317.619,344.90814728163366,744.6975593586923
31415,3,266,ridge,430.138,431.3307236311422,1.4225896602850365
31415,3,13,ridge,333.614,393.743993296305,3615.616093813688
31415,3,286,ridge,433.013,427.1621188574562,34.232810144174124
31415,3,54,ridge,429.049,458.3210433761471,856.8525234150379
31415,3,52,ridge,246.515,275.9038351258779,863.703630056035
31415,3,5,ridge,359.251,339.8617584263263,375.9426888022766
31415,3,69,ridge,481.732,541.3484624104645,3554.1225903383292
31415,3,113,ridge,318.141,302.27567305829996,251.70859896703382
31415,3,258,ridge,234.616,292.67733414624877,3371.1185228423515
31415,3,44,ridge,383.504,372.37370045493594,123.88356796285359
31415,3,164,ridge,375.949,406.28815447210553,920.4642940822804
31415,3,262,ridge,291.598,325.86417355992364,1174.1706504388092
31415,3,270,ridge,377.08,333.52757909008557,1896.8133671143505
31415,3,112,ridge,330.937,338.97781384169525,64.65468723679776
31415,3,187,ridge,428.773,400.8742203607905,778.3419053571718
31415,3,239,ridge,279.075,240.76273221392267,1467.8298629120975
31415,3,72,ridge,354.919,349.80053533804454,26.198680495686645
31415,3,23,ridge,237.449,259.07150839619356,467.5328693434607
31415,3,92,ridge,423.841,440.9802399799494,293.7535470902947
31415,3,129,ridge,342.75,315.9794028626136,716.6648710922411
31415,3,93,ridge,297.073,247.91252728734906,2416.7520773312954
31415,3,195,ridge,417.305,389.72007609461764,760.9280268657357
31415,3,38,ridge,347.959,327.39653303354163,422.81504774669185
31415,3,288,ridge,397.622,427.5722933265903,897.0200703487976
31415,3,162,ridge,260.859,275.04662575056545,201.28872443810852
31415,3,295,ridge,195.235,247.49857215291698,2731.4809741831577
31415,3,100,ridge,494.493,457.730352854265,1351.492225161818
31415,3,137,ridge,496.924,473.44530913070116,551.2489249360956
31415,3,243,ridge,260.705,254.08493224483996,43.82529708290946
31415,3,31,ridge,354.543,328.05733124544753,701.4906493758774
31415,3,58,ridge,268.614,275.9038351258779,53.14169616248347
31415,3,209,ridge,293.538,284.27149013663643,85.86820504781453
31415,3,265,ridge,276.409,210.27400000174723,4373.838224768893
31415,3,98,ridge,308.471,335.05380867639167,706.645717125644
31415,3,190,ridge,254.668,312.2981023075996,3321.228691984397
31415,3,173,ridge,435.421,432.61034830593985,7.89976294532314
31415,3,21,ridge,316.871,326.11906908608125,85.52678182093211
31415,3,122,ridge,523.246,474.1175524985652,2413.604353901233
31415,3,133,ridge,451.365,364.3296836612234,7575.146290190917
31415,3,117,ridge,209.858,262.6718269653188,2789.3003187226363
31415,3,208,ridge,286.658,388.7580146137929,10424.412984136723
31415,3,244,ridge,389.618,407.513949644125,320.2650136650571
31415,3,167,ridge,354.381,364.8179717488277,108.93037928582787
31415,3,210,ridge,232.002,265.3527984688342,1112.2757585087916
31415,3,0,ridge,494.666,503.17337780857304,72.37547717780102
31415,3,65,ridge,443.636,429.7845518995348,191.86261447988193
31415,3,139,ridge,262.528,278.5210208382253,255.77671553190794
31415,3,39,ridge,321.065,306.46416099086,213.1844997708236
31415,3,132,ridge,446.917,418.6733001948834,797.706578681543
31415,3,237,ridge,288.331,293.4578816835884,26.28491579751431
31415,3,196,ridge,495.64,487.0310930729589,74.11327847845558
31415,3,37,ridge,493.864,499.2112289548045,28.5928574950997
31415,3,236,ridge,486.011,485.6610419896251,0.12247060902556238
31415,3,123,ridge,485.218,480.42586622705807,22.964546097770867
31415,3,34,ridge,160.064,204.24915401088757,1952.3278349658542
31415,3,268,pls,410.803,366.6013485327077,1953.7859924359855
31415,3,99,pls,282.584,233.2993826134816,2428.973510935511
31415,3,275,pls,465.361,459.1329084731259,38.7891240671209
31415,3,206,pls,340.646,350.5885656732802,98.85461216748918
31415,3,62,pls,317.619,345.44266663423605,774.1564249730988
31415,3,266,pls,430.138,432.5376054037909,5.758106093902627
31415,3,13,pls,333.614,392.23685698923475,3436.6393615802726
31415,3,286,pls,433.013,428.32149607650695,22.010209064150498
31415,3,54,pls,429.049,457.49589586926015,809.2258845965316
31415,3,52,pls,246.515,277.5075724169799,960.5395450217432
31415,3,5,pls,359.251,341.21019656280134,325.470588659638
31415,3,69,pls,481.732,529.8468161758676,2315.0355356375294
31415,3,113,pls,318.141,300.40444842862723,314.5852616439664
31415,3,258,pls,234.616,292.4053767544166,3339.612065663902
31415,3,44,pls,383.504,369.9078911937957,184.85417467014648
31415,3,164,pls,375.949,406.5389475228677,935.7448894518
31415,3,262,pls,291.598,325.3825568095187,1141.3962788155948
31415,3,270,pls,377.08,331.8500438745016,2045.7489311145107
31415,3,112,pls,330.937,340.3198651033415,88.03815754750346
31415,3,187,pls,428.773,401.0032536272692,771.1588136057966
31415,3,239,pls,279.075,239.90939396959848,1533.9446957286227
31415,3,72,pls,354.919,350.8196466201177,16.804698133152456
31415,3,23,pls,237.449,256.8942341739314,378.11713207902943
31415,3,92,pls,423.841,448.1114136839718,589.0529803911261
31415,3,129,pls,342.75,316.84196634550005,671.2262078427018
31415,3,93,pls,297.073,247.86578402633828,2421.3501038785876
31415,3,195,pls,417.305,390.8690929657227,698.8571807249524
31415,3,38,pls,347.959,323.9255621491804,577.6061349292087
31415,3,288,pls,397.622,429.48648682273506,1015.3455204762554
31415,3,162,pls,260.859,275.74791528377517,221.67979832743447
31415,3,295,pls,195.235,245.51399246617854,2527.9770834140368
31415,3,100,pls,494.493,456.80071095547714,1420.7086534158575
31415,3,137,pls,496.924,473.43419591095966,551.7708961414953
31415,3,243,pls,260.705,253.03541296848877,58.82256523392498
31415,3,31,pls,354.543,329.38469887224164,632.9401156349678
31415,3,58,pls,268.614,277.5075724169799,79.09563033606582
31415,3,209,pls,293.538,283.6050377692085,98.66373867833107
31415,3,265,pls,276.409,209.5054987798736,4476.078475511455
31415,3,98,pls,308.471,337.17621475515125,823.9893541393528
31415,3,190,pls,254.668,311.3097933305039,3208.2927516955165
31415,3,173,pls,435.421,435.25332814947427,0.02811384945871983
31415,3,21,pls,316.871,325.22804135605764,69.84014022685813
31415,3,122,pls,523.246,474.10921171471153,2414.42396299326
31415,3,133,pls,451.365,365.4903585367778,7374.45404643696
31415,3,117,pls,209.858,261.14157788461694,2630.005360647571
31415,3,208,pls,286.658,388.1233591618405,10295.219109841284
31415,3,244,pls,389.618,408.1235660970361,342.4559765717712
31415,3,167,pls,354.381,365.32000576651774,119.66184715990894
31415,3,210,pls,232.002,263.870525373505,1015.6029094817326
31415,3,0,pls,494.666,502.59503357339986,62.869573408102205
31415,3,65,pls,443.636,429.86006721829625,189.77632400602064
31415,3,139,pls,262.528,276.93506085875964,207.56340258800353
31415,3,39,pls,321.065,307.40187745163144,186.68091777173746
31415,3,132,pls,446.917,417.84477285522905,845.1943911571551
31415,3,237,pls,288.331,293.52464013404347,26.97389784194685
31415,3,196,pls,495.64,487.3309780903795,69.03984509455299
31415,3,37,pls,493.864,503.75156880736535,97.76401692038463
31415,3,236,pls,486.011,486.9367044437071,0.8569287170989746
31415,3,123,pls,485.218,480.47658145729145,22.481049797140685
31415,3,34,pls,160.064,203.610836040416,1896.3269291308736
31415,3,268,huber,410.803,366.02543205570373,2005.0305910060686
31415,3,99,huber,282.584,234.11850128266323,2348.9045659201724
31415,3,275,huber,465.361,457.4516270280861,62.55818080884229
31415,3,206,huber,340.646,351.08909621334027,109.05825852108157
31415,3,62,huber,317.619,344.8076251400132,739.2213370041571
31415,3,266,huber,430.138,432.28069289273446,4.5911328325748855
31415,3,13,huber,333.614,392.55691228882523,3474.2669090881473
31415,3,286,huber,433.013,427.14400172397615,34.4451407639707
31415,3,54,huber,429.049,458.2706983560993,853.9076548148563
31415,3,52,huber,246.515,277.1282633308339,937.1718917629788
31415,3,5,huber,359.251,340.1921280866344,363.2405986100753
31415,3,69,huber,481.732,536.0039023137947,2945.4393807580714
31415,3,113,huber,318.141,302.17944203365494,254.7713327129942
31415,3,258,huber,234.616,292.65553584479284,3368.587721078991
31415,3,44,huber,383.504,371.75841827238963,137.95869011997496
31415,3,164,huber,375.949,406.1428081262507,911.6660491648429
31415,3,262,huber,291.598,326.18716395797276,1196.4102633115208
31415,3,270,huber,377.08,333.5614591030772,1893.863401797141
31415,3,112,huber,330.937,339.6561250444506,76.02314154076579
31415,3,187,huber,428.773,400.7680556295257,784.2769091933621
31415,3,239,huber,279.075,240.94898951301087,1453.592675654004
31415,3,72,huber,354.919,350.65299117427924,18.1988313011273
31415,3,23,huber,237.449,257.58094325459206,405.29513920611413
31415,3,92,huber,423.841,444.798501489738,439.2168686923696
31415,3,129,huber,342.75,316.1033430016711,710.0443291865917
31415,3,93,huber,297.073,248.0393027301887,2404.3034679474986
31415,3,195,huber,417.305,389.1735173548419,791.3803158148306
31415,3,38,huber,347.959,326.6789277105766,452.84147664308574
31415,3,288,huber,397.622,428.69381219560387,965.4575131188765
31415,3,162,huber,260.859,275.2285382302849,206.4836289516206
31415,3,295,huber,195.235,247.05975523319194,2685.8052549802537
31415,3,100,huber,494.493,457.2455652730433,1387.3713937388977
31415,3,137,huber,496.924,473.84260581739704,532.7507574126967
31415,3,243,huber,260.705,253.50543103558502,51.83379327336717
31415,3,31,huber,354.543,328.1671721819162,695.6842930892028
31415,3,58,huber,268.614,277.1282633308339,72.49268006678275
31415,3,209,huber,293.538,283.5183557800424,100.39327029453028
31415,3,265,huber,276.409,209.62346774005223,4460.307319244523
31415,3,98,huber,308.471,335.2771604637145,718.5702388064099
31415,3,190,huber,254.668,312.3112441138868,3322.7435919731447
31415,3,173,huber,435.421,433.2987207368294,4.504069270883872
31415,3,21,huber,316.871,326.17725567941136,86.60639477057654
31415,3,122,huber,523.246,473.6844740997525,2456.3448495609027
31415,3,133,huber,451.365,364.6972845277626,7511.292905176703
31415,3,117,huber,209.858,261.77651638957417,2695.5323440944812
31415,3,208,huber,286.658,389.35719888808944,10547.125452255348
31415,3,244,huber,389.618,407.21952498700347,309.8136818681076
31415,3,167,huber,354.381,364.63174738256555,105.07782190117504
31415,3,210,huber,232.002,265.0458580078714,1091.8965520443664
31415,3,0,huber,494.666,503.2766659330264,74.1435678101811
31415,3,65,huber,443.636,429.90998842620786,188.40339372387643
31415,3,139,huber,262.528,277.9787467103693,238.72557390798735
31415,3,39,huber,321.065,306.94937649822447,199.2508268438777
31415,3,132,huber,446.917,417.51186571660986,864.6619222242045
31415,3,237,huber,288.331,294.1142782244785,33.44630702172679
31415,3,196,huber,495.64,486.60471396703764,81.63639369744446
31415,3,37,huber,493.864,501.10894957274814,52.489294311663876
31415,3,236,huber,486.011,486.14686715419504,0.01845988358905106
31415,3,123,huber,485.218,479.76362778392274,29.75017627151572
31415,3,34,huber,160.064,203.5248412415356,1888.844721421962
31415,3,268,cart,410.803,325.41368750000004,7291.334689222649
31415,3,99,cart,282.584,267.7113529411765,221.19563053633223
31415,3,275,cart,465.361,485.38457692307696,400.94363279438073
31415,3,206,cart,340.646,349.6574782608696,81.20674044612504
31415,3,62,cart,317.619,349.6574782608696,1026.4640892722118
31415,3,266,cart,430.138,426.6903333333334,11.886405444443833
31415,3,13,cart,333.614,374.7673333333334,1693.5968444444518
31415,3,286,cart,433.013,437.14480000000003,17.071771240000455
31415,3,54,cart,429.049,482.35566666666665,2841.6007111111117
31415,3,52,cart,246.515,289.727,1867.276943999999
31415,3,5,cart,359.251,399.00233333333335,1580.1685017777813
31415,3,69,cart,481.732,437.14480000000003,1988.0184038399996
31415,3,113,cart,318.141,289.727,807.3553960000025
31415,3,258,cart,234.616,289.727,3037.2223209999956
31415,3,44,cart,383.504,437.14480000000003,2877.3354246400013
31415,3,164,cart,375.949,374.7673333333334,1.3963361111109893
31415,3,262,cart,291.598,291.3231428571429,0.07554644897957673
31415,3,270,cart,377.08,349.6574782608696,751.9946985330788
31415,3,112,cart,330.937,325.41368750000004,30.50698097265597
31415,3,187,cart,428.773,426.6903333333334,4.337500444444274
31415,3,239,cart,279.075,255.2942,565.52644864
31415,3,72,cart,354.919,426.6903333333334,5151.124288444456
31415,3,23,cart,237.449,205.23042857142858,1038.0363448979597
31415,3,92,cart,423.841,325.41368750000004,9687.93584597265
31415,3,129,cart,342.75,325.41368750000004,300.54773109765495
31415,3,93,cart,297.073,267.7113529411765,862.1063180069191
31415,3,195,cart,417.305,374.7673333333334,1809.4530854444397
31415,3,38,cart,347.959,295.36928571428564,2765.6780486530697
31415,3,288,cart,397.622,426.6903333333334,844.9680027777807
31415,3,162,cart,260.859,291.3231428571429,928.0640000204119
31415,3,295,cart,195.235,325.41368750000004,16946.49067922266
31415,3,100,cart,494.493,427.5304,4483.989798760002
31415,3,137,cart,496.924,485.38457692307696,133.1582849482234
31415,3,243,cart,260.705,205.23042857142858,3077.4280751836714
31415,3,31,cart,354.543,349.6574782608696,23.868322663515833
31415,3,58,cart,268.614,289.727,445.758769
31415,3,209,cart,293.538,291.3231428571429,4.905592163265174
31415,3,265,cart,276.409,205.23042857142858,5066.389030612243
31415,3,98,cart,308.471,295.36928571428564,171.6549172244919
31415,3,190,cart,254.668,291.3231428571429,1343.5994978775536
31415,3,173,cart,435.421,437.14480000000003,2.971486440000137
31415,3,21,cart,316.871,349.6574782608696,1074.9531567504757
31415,3,122,cart,523.246,485.38457692307696,1433.4873574097587
31415,3,133,cart,451.365,291.3231428571429,25613.396037734685
31415,3,117,cart,209.858,255.2942,2064.448270439999
31415,3,208,cart,286.658,349.6574782608696,3968.9342611417787
31415,3,244,cart,389.618,427.5304,1437.3500737599993
31415,3,167,cart,354.381,437.14480000000003,6849.84659044001
31415,3,210,cart,232.002,255.2942,542.526580839999
31415,3,0,cart,494.666,485.38457692307696,86.14481433283943
31415,3,65,cart,443.636,437.14480000000003,42.135677439999895
31415,3,139,cart,262.528,255.2942,52.327862440000445
31415,3,39,cart,321.065,289.727,982.0702440000014
31415,3,132,cart,446.917,427.5304,375.8402595599995
31415,3,237,cart,288.331,325.41368750000004,1375.1257122226577
31415,3,196,cart,495.64,485.38457692307696,105.17370248668529
31415,3,37,cart,493.864,437.14480000000003,3217.0676486399934
31415,3,236,cart,486.011,485.38457692307696,0.3924058713017549
31415,3,123,cart,485.218,427.5304,3327.8591937600036
31415,3,34,cart,160.064,255.2942,9068.79099204
31415,3,268,subset_min,410.803,372.5819764324965,1460.8466425476574
31415,3,99,subset_min,282.584,237.09656384053955,2069.1068483609906
31415,3,275,subset_min,465.361,461.5513834320885,14.513178394505507
31415,3,206,subset_min,340.646,345.79758347723345,26.53881232290448
31415,3,62,subset_min,317.619,342.8248066131341,635.3326870187141
31415,3,266,subset_min,430.138,434.1940729651422,16.451727898557607
31415,3,13,subset_min,333.614,381.27414926110936,2271.489827591225
31415,3,286,subset_min,433.013,426.6740329627754,40.182503099019556
31415,3,54,subset_min,429.049,456.11245734833983,732.4307236454104
31415,3,52,subset_min,246.515,283.92347551767716,1399.3940405566525
31415,3,5,subset_min,359.251,347.0372420745344,149.17588266187343
31415,3,69,subset_min,481.732,460.88599311065803,434.55600323049384
31415,3,113,subset_min,318.141,304.5880556366488,183.68230091609388
31415,3,258,subset_min,234.616,293.97966360818236,3524.0445569854332
31415,3,44,subset_min,383.504,365.36848317841645,328.89697038594045
31415,3,164,subset_min,375.949,406.79471384285966,951.4580624755836
31415,3,262,subset_min,291.598,326.5260549142361,1219.9690200918926
31415,3,270,subset_min,377.08,333.2044941016284,1925.0600178380373
31415,3,112,subset_min,330.937,344.1564193000153,174.75304662961597
31415,3,187,subset_min,428.773,400.61323059471727,792.972612958699
31415,3,239,subset_min,279.075,242.20843007255888,1359.1439782149048
31415,3,72,subset_min,354.919,353.1437452207351,3.151529531302711
31415,3,23,subset_min,237.449,250.3887450881787,167.43700294704433
31415,3,92,subset_min,423.841,451.95990659616194,790.6729081636792
31415,3,129,subset_min,342.75,319.9522492914081,519.7374373711015
31415,3,93,subset_min,297.073,252.07118412485644,2025.1634320603207
31415,3,195,subset_min,417.305,389.84511952383355,754.045035765348
31415,3,38,subset_min,347.959,321.46876105951554,701.7327591239592
31415,3,288,subset_min,397.622,429.0109853483923,985.2684012015853
31415,3,162,subset_min,260.859,279.7508955960475,356.90371921195907
31415,3,295,subset_min,195.235,239.43422102361038,1953.5711390939603
31415,3,100,subset_min,494.493,455.11881831214004,1550.3261835886065
31415,3,137,subset_min,496.924,472.6299791453457,590.1994492863763
31415,3,243,subset_min,260.705,253.99962316743867,44.96207846664999
31415,3,31,subset_min,354.543,330.5183243841529,577.185038446679
31415,3,58,subset_min,268.614,283.92347551767716,234.38004062635713
31415,3,209,subset_min,293.538,282.8013016787593,115.27669084133368
31415,3,265,subset_min,276.409,209.87056460833796,4427.363384370383
31415,3,98,subset_min,308.471,341.7344106265339,1106.4544865094063
31415,3,190,subset_min,254.668,306.41529457326374,2677.78249565213
31415,3,173,subset_min,435.421,436.2209555082577,0.6399288151918516
31415,3,21,subset_min,316.871,326.60318880995635,94.71549903263997
31415,3,122,subset_min,523.246,472.43903438731024,2581.3477547690372
31415,3,133,subset_min,451.365,366.0335710749023,7281.452762399004
31415,3,117,subset_min,209.858,255.3053181380795,2065.458725943811
31415,3,208,subset_min,286.658,386.71896539382124,10012.196795543488
31415,3,244,subset_min,389.618,409.2108567233289,383.88003458089474
31415,3,167,subset_min,354.381,367.30364604662725,166.99478084641163
31415,3,210,subset_min,232.002,264.80090324364244,1075.7680539858177
31415,3,0,subset_min,494.666,501.50566404042877,46.781004185934435
31415,3,65,subset_min,443.636,429.5066082208161,199.63971204967092
31415,3,139,subset_min,262.528,274.99685424913065,155.47232628606295
31415,3,39,subset_min,321.065,311.48552296476703,91.76638026855584
31415,3,132,subset_min,446.917,413.3085571783051,1129.527428899135
31415,3,237,subset_min,288.331,295.65369532873984,53.621866877548065
31415,3,196,subset_min,495.64,486.7945646774111,78.24172604610361
31415,3,37,subset_min,493.864,505.3547522244535,132.0373866837831
31415,3,236,subset_min,486.011,487.7509589030244,3.0274569842138295
31415,3,123,subset_min,485.218,475.83198263665554,88.09732194500404
31415,3,34,subset_min,160.064,205.9781030579457,2108.1048596156597
31415,3,268,subset_1se,410.803,372.5235917492488,1465.3130960276792
31415,3,99,subset_1se,282.584,238.59025995893313,1935.4491628009705
31415,3,275,subset_1se,465.361,459.6339175953591,32.79947286954735
31415,3,206,subset_1se,340.646,350.49210615230663,96.94580636249023
31415,3,62,subset_1se,317.619,336.47849910662006,355.6807065526019
31415,3,266,subset_1se,430.138,432.6211222245671,6.16589598213919
31415,3,13,subset_1se,333.614,382.7701780127278,2416.329836818986
31415,3,286,subset_1se,433.013,420.63551717601683,153.20208105799773
31415,3,54,subset_1se,429.049,460.3531127573951,979.9474755277068
31415,3,52,subset_1se,246.515,285.32296723061455,1506.058320572454
31415,3,5,subset_1se,359.251,349.10899657248115,102.8602335238037
31415,3,69,subset_1se,481.732,465.5069052465277,263.253699759155
31415,3,113,subset_1se,318.141,314.1223663918218,16.1494160767795
31415,3,258,subset_1se,234.616,295.64286907511644,3724.2787491114013
31415,3,44,subset_1se,383.504,380.71578236161645,7.774157598993259
31415,3,164,subset_1se,375.949,411.80569889702156,1285.702855791666
31415,3,262,subset_1se,291.598,332.0373684952506,1635.3425242946637
31415,3,270,subset_1se,377.08,346.313754352914,946.5618712168388
31415,3,112,subset_1se,330.937,338.3056840168949,54.29750414084178
31415,3,187,subset_1se,428.773,399.3922211340895,863.2301667675356
31415,3,239,subset_1se,279.075,246.14201181001687,1084.5817111215677
31415,3,72,subset_1se,354.919,359.1384342369167,17.803625279664793
31415,3,23,subset_1se,237.449,242.46781444089714,25.188498392157584
31415,3,92,subset_1se,423.841,442.3367897325199,342.0942378295879
31415,3,129,subset_1se,342.75,317.0115919566781,662.4656486045374
31415,3,93,subset_1se,297.073,253.56823114178655,1892.6649134065765
31415,3,195,subset_1se,417.305,377.5735691880725,1578.5865943629826
31415,3,38,subset_1se,347.959,333.23433744066074,216.81568748640757
31415,3,288,subset_1se,397.622,422.06672720938883,597.5446883414339
31415,3,162,subset_1se,260.859,282.3617676088955,462.36901484216594
31415,3,295,subset_1se,195.235,245.52121617416918,2528.703537115273
31415,3,100,subset_1se,494.493,460.6651913387378,1144.3206388229637
31415,3,137,subset_1se,496.924,476.9938719709394,397.2100032547468
31415,3,243,subset_1se,260.705,252.91005118761538,60.76122698769615
31415,3,31,subset_1se,354.543,314.3879200552024,1612.4304453730858
31415,3,58,subset_1se,268.614,285.32296723061455,279.1895859137517
31415,3,209,subset_1se,293.538,283.9592751782492,91.75196921082538
31415,3,265,subset_1se,276.409,203.4539624619195,5322.437502182734
31415,3,98,subset_1se,308.471,328.04405010375524,383.10429036411284
31415,3,190,subset_1se,254.668,303.6905409939684,2403.2095255053114
31415,3,173,subset_1se,435.421,432.68338069012196,7.494559485817049
31415,3,21,subset_1se,316.871,330.66324374271784,190.22598745853992
31415,3,122,subset_1se,523.246,474.195151393942,2405.985748974419
31415,3,133,subset_1se,451.365,356.6212826812555,8976.371971374172
31415,3,117,subset_1se,209.858,255.03093698874133,2040.5942361887944
31415,3,208,subset_1se,286.658,395.8435392619874,11921.481983930993
31415,3,244,subset_1se,389.618,407.93120238825804,335.37338171330026
31415,3,167,subset_1se,354.381,364.03235622318834,93.14867694687693
31415,3,210,subset_1se,232.002,269.6059075944646,1414.0538663730326
31415,3,0,subset_1se,494.666,515.752752911538,444.6511483522557
31415,3,65,subset_1se,443.636,428.29641089425536,235.30299393308042
31415,3,139,subset_1se,262.528,280.6776584982439,329.4101036028758
31415,3,39,subset_1se,321.065,309.89023761871573,124.87531427816603
31415,3,132,subset_1se,446.917,408.13874121342894,1503.7533545182732
31415,3,237,subset_1se,288.331,302.9377300711842,213.35656337243643
31415,3,196,subset_1se,495.64,487.6019245213764,64.6106574000495
31415,3,37,subset_1se,493.864,491.6619619756551,4.848971460660608
31415,3,236,subset_1se,486.011,491.4615705512108,29.70871933372612
31415,3,123,subset_1se,485.218,469.053954136041,261.2763786921706
31415,3,34,subset_1se,160.064,206.47501606283458,2153.9824119846903
31415,3,268,adaptive_linear,410.803,372.5819764324965,1460.8466425476574
31415,3,99,adaptive_linear,282.584,237.09656384053955,2069.1068483609906
31415,3,275,adaptive_linear,465.361,461.5513834320885,14.513178394505507
31415,3,206,adaptive_linear,340.646,345.79758347723345,26.53881232290448
31415,3,62,adaptive_linear,317.619,342.8248066131341,635.3326870187141
31415,3,266,adaptive_linear,430.138,434.1940729651422,16.451727898557607
31415,3,13,adaptive_linear,333.614,381.27414926110936,2271.489827591225
31415,3,286,adaptive_linear,433.013,426.6740329627754,40.182503099019556
31415,3,54,adaptive_linear,429.049,456.11245734833983,732.4307236454104
31415,3,52,adaptive_linear,246.515,283.92347551767716,1399.3940405566525
31415,3,5,adaptive_linear,359.251,347.0372420745344,149.17588266187343
31415,3,69,adaptive_linear,481.732,460.88599311065803,434.55600323049384
31415,3,113,adaptive_linear,318.141,304.5880556366488,183.68230091609388
31415,3,258,adaptive_linear,234.616,293.97966360818236,3524.0445569854332
31415,3,44,adaptive_linear,383.504,365.36848317841645,328.89697038594045
31415,3,164,adaptive_linear,375.949,406.79471384285966,951.4580624755836
31415,3,262,adaptive_linear,291.598,326.5260549142361,1219.9690200918926
31415,3,270,adaptive_linear,377.08,333.2044941016284,1925.0600178380373
31415,3,112,adaptive_linear,330.937,344.1564193000153,174.75304662961597
31415,3,187,adaptive_linear,428.773,400.61323059471727,792.972612958699
31415,3,239,adaptive_linear,279.075,242.20843007255888,1359.1439782149048
31415,3,72,adaptive_linear,354.919,353.1437452207351,3.151529531302711
31415,3,23,adaptive_linear,237.449,250.3887450881787,167.43700294704433
31415,3,92,adaptive_linear,423.841,451.95990659616194,790.6729081636792
31415,3,129,adaptive_linear,342.75,319.9522492914081,519.7374373711015
31415,3,93,adaptive_linear,297.073,252.07118412485644,2025.1634320603207
31415,3,195,adaptive_linear,417.305,389.84511952383355,754.045035765348
31415,3,38,adaptive_linear,347.959,321.46876105951554,701.7327591239592
31415,3,288,adaptive_linear,397.622,429.0109853483923,985.2684012015853
31415,3,162,adaptive_linear,260.859,279.7508955960475,356.90371921195907
31415,3,295,adaptive_linear,195.235,239.43422102361038,1953.5711390939603
31415,3,100,adaptive_linear,494.493,455.11881831214004,1550.3261835886065
31415,3,137,adaptive_linear,496.924,472.6299791453457,590.1994492863763
31415,3,243,adaptive_linear,260.705,253.99962316743867,44.96207846664999
31415,3,31,adaptive_linear,354.543,330.5183243841529,577.185038446679
31415,3,58,adaptive_linear,268.614,283.92347551767716,234.38004062635713
31415,3,209,adaptive_linear,293.538,282.8013016787593,115.27669084133368
31415,3,265,adaptive_linear,276.409,209.87056460833796,4427.363384370383
31415,3,98,adaptive_linear,308.471,341.7344106265339,1106.4544865094063
31415,3,190,adaptive_linear,254.668,306.41529457326374,2677.78249565213
31415,3,173,adaptive_linear,435.421,436.2209555082577,0.6399288151918516
31415,3,21,adaptive_linear,316.871,326.60318880995635,94.71549903263997
31415,3,122,adaptive_linear,523.246,472.43903438731024,2581.3477547690372
31415,3,133,adaptive_linear,451.365,366.0335710749023,7281.452762399004
31415,3,117,adaptive_linear,209.858,255.3053181380795,2065.458725943811
31415,3,208,adaptive_linear,286.658,386.71896539382124,10012.196795543488
31415,3,244,adaptive_linear,389.618,409.2108567233289,383.88003458089474
31415,3,167,adaptive_linear,354.381,367.30364604662725,166.99478084641163
31415,3,210,adaptive_linear,232.002,264.80090324364244,1075.7680539858177
31415,3,0,adaptive_linear,494.666,501.50566404042877,46.781004185934435
31415,3,65,adaptive_linear,443.636,429.5066082208161,199.63971204967092
31415,3,139,adaptive_linear,262.528,274.99685424913065,155.47232628606295
31415,3,39,adaptive_linear,321.065,311.48552296476703,91.76638026855584
31415,3,132,adaptive_linear,446.917,413.3085571783051,1129.527428899135
31415,3,237,adaptive_linear,288.331,295.65369532873984,53.621866877548065
31415,3,196,adaptive_linear,495.64,486.7945646774111,78.24172604610361
31415,3,37,adaptive_linear,493.864,505.3547522244535,132.0373866837831
31415,3,236,adaptive_linear,486.011,487.7509589030244,3.0274569842138295
31415,3,123,adaptive_linear,485.218,475.83198263665554,88.09732194500404
31415,3,34,adaptive_linear,160.064,205.9781030579457,2108.1048596156597
31415,4,73,ols_all,391.098,369.7717624325571,454.80840878301234
31415,4,199,ols_all,446.437,419.3602456617266,733.1506254952084
31415,4,253,ols_all,308.935,303.74808767721765,26.904059444231372
31415,4,124,ols_all,386.706,355.7019931375942,961.2484415241087
31415,4,230,ols_all,373.927,369.7717624325571,17.265999241888753
31415,4,200,ols_all,438.666,432.9472184606709,32.70446229457115
31415,4,226,ols_all,428.876,429.05033402089407,0.03039235084110225
31415,4,28,ols_all,330.975,342.625193809178,135.7270157914082
31415,4,24,ols_all,437.653,422.9149150803289,217.21114709943697
31415,4,271,ols_all,335.279,346.4785508680459,125.42993964594744
31415,4,297,ols_all,398.519,398.705353472875,0.03472761685257271
31415,4,144,ols_all,233.438,258.7600191468316,641.2046536725072
31415,4,89,ols_all,678.555,666.6077273416083,142.7373239739521
31415,4,174,ols_all,155.573,160.2103345092603,21.504871350776327
31415,4,42,ols_all,290.49,270.3419082928292,405.945599440565
31415,4,101,ols_all,400.082,379.38748307795845,428.2630306366638
31415,4,219,ols_all,197.665,146.12076458037632,2656.808204993588
31415,4,121,ols_all,457.643,427.96088013606754,881.028239616852
31415,4,248,ols_all,238.544,237.11398552796504,2.044941390229452
31415,4,259,ols_all,246.634,231.07449660941234,242.0981457617086
31415,4,147,ols_all,232.804,226.1840345943308,43.823941972257046
31415,4,80,ols_all,316.234,341.65698741833216,646.3282892726766
31415,4,202,ols_all,355.341,325.05815195222544,917.0508858846038
31415,4,246,ols_all,459.143,517.7330082654219,3432.789068542205
31415,4,260,ols_all,175.644,131.51448851559348,1947.413783852367
31415,4,35,ols_all,240.207,271.74824395493033,994.8500702244295
31415,4,222,ols_all,484.452,469.5699632390772,221.47501815345763
31415,4,41,ols_all,292.094,254.544285621281,1409.9810499233756
31415,4,254,ols_all,47.272,65.48170888616232,331.59349771877913
31415,4,292,ols_all,441.085,425.8636973813125,231.688053409663
31415,4,103,ols_all,377.744,416.911774631403,1534.1145695763723
31415,4,282,ols_all,385.582,346.4510993765632,1531.2273836012855
31415,4,16,ols_all,231.791,258.60713797687936,719.1052559950315
31415,4,252,ols_all,253.683,231.76527276847514,480.386766995526
31415,4,238,ols_all,655.573,588.8234441804327,4455.503202109526
31415,4,153,ols_all,572.763,529.9277306049078,1834.8603041501283
31415,4,142,ols_all,160.258,162.38211015561933,4.511843953205132
31415,4,49,ols_all,481.042,468.5627381297106,155.73197682725763
31415,4,32,ols_all,528.619,531.4852072090455,8.215143765184141
31415,4,240,ols_all,489.073,430.86566726776414,3388.0935838012138
31415,4,171,ols_all,451.066,426.7396722054407,591.7702239683479
31415,4,169,ols_all,245.48,278.25296137068085,1074.06699700414
31415,4,53,ols_all,296.761,298.22076204058453,2.1309052151314463
31415,4,192,ols_all,271.658,254.44637891349316,296.23990042548735
31415,4,229,ols_all,396.197,403.5598396536968,54.211407766050364
31415,4,45,ols_all,244.551,259.66559653191257,228.45102832250384
31415,4,151,ols_all,446.733,447.49755936120414,0.5845510168048753
31415,4,59,ols_all,234.039,249.75572307971038,247.01538436430127
31415,4,218,ols_all,296.661,281.0473887080841,243.78485757504376
31415,4,135,ols_all,557.15,527.3226745873055,889.6693412747682
31415,4,235,ols_all,435.946,414.9009239457498,442.89522612917585
31415,4,138,ols_all,154.41,180.17428763126304,663.798517146454
31415,4,291,ols_all,235.961,284.73709422977095,2379.1073683114932
31415,4,77,ols_all,275.759,312.5898306883007,1356.510089190272
31415,4,97,ols_all,422.501,392.70632787938143,887.7224867751638
31415,4,50,ols_all,693.382,594.594774130647,9758.915994962554
31415,4,269,ols_all,373.068,392.4743533666649,376.60655099186675
31415,4,33,ols_all,133.048,131.51448851559348,2.3516574728066804
31415,4,78,ols_all,375.612,369.0379793363534,43.21774768605314
31415,4,64,ols_all,684.476,666.6077273416083,319.27516779462746
31415,4,73,ridge,391.098,368.15429927359224,526.4134030229644
31415,4,199,ridge,446.437,418.79521918220945,764.0680467787743
31415,4,253,ridge,308.935,305.2140606360731,13.845389750020741
31415,4,124,ridge,386.706,354.96585890099175,1007.4365569849539
31415,4,230,ridge,373.927,368.15429927359224,33.324073676668874
31415,4,200,ridge,438.666,429.63683606457346,81.52580137280725
31415,4,226,ridge,428.876,424.5342173454424,18.85107661941691
31415,4,28,ridge,330.975,346.15389847837037,230.3989590166735
31415,4,24,ridge,437.653,420.5892055948584,291.17307950094204
31415,4,271,ridge,335.279,343.43434905071456,66.50971813899092
31415,4,297,ridge,398.519,401.24724425889247,7.443316736179666
31415,4,144,ridge,233.438,269.340793705384,1289.010595851361
31415,4,89,ridge,678.555,647.0052028255911,995.389701746334
31415,4,174,ridge,155.573,163.35534080238747,60.56482836450479
31415,4,42,ridge,290.49,276.83706818545664,186.4025471325704
31415,4,101,ridge,400.082,376.54626645308895,553.930753591194
31415,4,219,ridge,197.665,149.5298574157788,2316.991951603305
31415,4,121,ridge,457.643,426.0148412882989,1000.3404234925526
31415,4,248,ridge,238.544,233.51689791869893,25.27175533582166
31415,4,259,ridge,246.634,230.18950107177585,270.42154500036474
31415,4,147,ridge,232.804,234.75993457322787,3.825680054748068
31415,4,80,ridge,316.234,338.0752652183928,477.0408663401766
31415,4,202,ridge,355.341,326.5283446983551,830.1691055314056
31415,4,246,ridge,459.143,523.7035893783475,4168.069700879598
31415,4,260,ridge,175.644,137.1187297467929,1484.1964480826448
31415,4,35,ridge,240.207,275.88757406749363,1273.1033657858995
31415,4,222,ridge,484.452,469.097878141094,235.7490580581354
31415,4,41,ridge,292.094,260.86564782138896,975.2099797913604
31415,4,254,ridge,47.272,74.64882466643155,749.4905288165351
31415,4,292,ridge,441.085,421.3574320246741,389.17693822110334
31415,4,103,ridge,377.744,416.0548891468768,1467.7242272242806
31415,4,282,ridge,385.582,346.77745416024385,1505.792777829736
31415,4,16,ridge,231.791,261.0478087210061,855.9608565375391
31415,4,252,ridge,253.683,235.30719370411953,337.6702570237202
31415,4,238,ridge,655.573,578.1046111223251,6001.351275302663
31415,4,153,ridge,572.763,524.8029472140792,2300.1666632283172
31415,4,142,ridge,160.258,163.69652104130193,11.823426951476076
31415,4,49,ridge,481.042,469.29145320795334,138.07534991207746
31415,4,32,ridge,528.619,522.7665393564143,34.251295584719394
31415,4,240,ridge,489.073,433.0550319554844,3138.012743836366
31415,4,171,ridge,451.066,424.51887575310093,704.7498057802952
31415,4,169,ridge,245.48,287.8425457139665,1794.5852793679026
31415,4,53,ridge,296.761,299.7428492229273,8.891424788272028
31415,4,192,ridge,271.658,262.7517745980903,79.32085090962148
31415,4,229,ridge,396.197,400.2327221603774,16.287053355761373
31415,4,45,ridge,244.551,264.73598613948525,407.4336654512121
31415,4,151,ridge,446.733,447.4404753150879,0.50052132145871
31415,4,59,ridge,234.039,254.74201226238628,428.6147167365173
31415,4,218,ridge,296.661,281.5496461374297,228.35301555981823
31415,4,135,ridge,557.15,523.1255819262152,1157.661025259692
31415,4,235,ridge,435.946,411.474729672953,598.8430714194121
31415,4,138,ridge,154.41,189.2409890809674,1213.197800358471
31415,4,291,ridge,235.961,286.3479662674834,2538.846369640509
31415,4,77,ridge,275.759,318.81146802707497,1853.515003222311
31415,4,97,ridge,422.501,390.11336184767725,1048.9591050857905
31415,4,50,ridge,693.382,577.5386966417818,13419.670932944151
31415,4,269,ridge,373.068,391.1872511988253,328.3072640061335
31415,4,33,ridge,133.048,137.1187297467929,16.570840671424527
31415,4,78,ridge,375.612,371.1362469347963,20.032365500680484
31415,4,64,ridge,684.476,647.0052028255911,1404.0606408856868
31415,4,73,pls,391.098,369.4947049871103,466.7023554139451
31415,4,199,pls,446.437,419.51230009615836,724.9394649119309
31415,4,253,pls,308.935,303.54125217510017,29.09251559861168
31415,4,124,pls,386.706,355.724226864168,959.870266640164
31415,4,230,pls,373.927,369.4947049871103,19.645239081287
31415,4,200,pls,438.666,433.2285578293021,29.565777359684116
31415,4,226,pls,428.876,429.16019049529734,0.08076423761736243
31415,4,28,pls,330.975,342.6796721118146,136.9993492450905
31415,4,24,pls,437.653,423.2405611567823,207.71839340949117
31415,4,271,pls,335.279,346.51432762474144,126.23258683527823
31415,4,297,pls,398.519,399.1069195414327,0.3456493871984497
31415,4,144,pls,233.438,259.258892695131,666.7184995734706
31415,4,89,pls,678.555,666.3727195693348,148.40795649136763
31415,4,174,pls,155.573,160.38734544860012,23.17792209845657
31415,4,42,pls,290.49,269.9654439909965,421.25739936672187
31415,4,101,pls,400.082,379.24119133162003,434.33930595202145
31415,4,219,pls,197.665,145.98610468467098,2670.708221012735
31415,4,121,pls,457.643,428.29460627985435,861.3282139526831
31415,4,248,pls,238.544,236.83256011416367,2.92902648283151
31415,4,259,pls,246.634,230.94156500740235,246.2525159969029
31415,4,147,pls,232.804,226.7352978489264,36.829145798445445
31415,4,80,pls,316.234,341.2404238830835,625.3212354204503
31415,4,202,pls,355.341,325.20806859364933,907.993555139835
31415,4,246,pls,459.143,517.4358143826752,3398.052208653025
31415,4,260,pls,175.644,129.72096112532697,2108.925499484731
31415,4,35,pls,240.207,272.03748019613954,1013.1794695168319
31415,4,222,pls,484.452,469.2610267716675,230.7656676239146
31415,4,41,pls,292.094,254.3677783263106,1423.2678017723515
31415,4,254,pls,47.272,64.54626314127694,298.40016707407904
31415,4,292,pls,441.085,426.0773088049849,225.23079500493287
31415,4,103,pls,377.744,417.96244700949416,1617.523479855487
31415,4,282,pls,385.582,346.2914194015208,1543.749723765591
31415,4,16,pls,231.791,258.4870116722529,712.6770392050628
31415,4,252,pls,253.683,230.53550262220105,535.8066348552089
31415,4,238,pls,655.573,588.3440464446194,4519.732196151522
31415,4,153,pls,572.763,529.6831370947431,1855.8745879357346
31415,4,142,pls,160.258,162.54428274398106,5.227088785425507
31415,4,49,pls,481.042,468.8614740816041,148.36521164871326
31415,4,32,pls,528.619,531.6376990105089,9.112543716047048
31415,4,240,pls,489.073,430.95764343902204,3377.394668209602
31415,4,171,pls,451.066,427.05016119147973,576.760513676827
31415,4,169,pls,245.48,278.03378735992624,1059.749071475294
31415,4,53,pls,296.761,298.28319548494585,2.3170790943894573
31415,4,192,pls,271.658,255.0240642973511,276.68781695985865
31415,4,229,pls,396.197,403.16204051130353,48.511789324099304
31415,4,45,pls,244.551,259.61488764209685,226.92071089371845
31415,4,151,pls,446.733,447.09244491564056,0.12920064737984333
31415,4,59,pls,234.039,249.7791307927634,247.75171737329887
31415,4,218,pls,296.661,280.9825087620178,245.81508749948463
31415,4,135,pls,557.15,527.6309842591259,871.3722903099743
31415,4,235,pls,435.946,415.1963427238135,430.54827707920157
31415,4,138,pls,154.41,179.66045339017074,637.5853964091854
31415,4,291,pls,235.961,284.6905070193666,2374.5648543504954
31415,4,77,pls,275.759,312.1255548749501,1322.5263134727577
31415,4,97,pls,422.501,393.0336646124317,868.3238548434324
31415,4,50,pls,693.382,595.1823962478884,9643.162177071723
31415,4,269,pls,373.068,392.56727820783675,380.2218506266178
31415,4,33,pls,133.048,129.72096112532697,11.069187673585622
31415,4,78,pls,375.612,369.36469587594075,39.02880881848795
31415,4,64,pls,684.476,666.3727195693348,327.7287623513064
31415,4,73,huber,391.098,367.69963055139664,547.4836928533358
31415,4,199,huber,446.437,417.5969868908552,831.7463561356451
31415,4,253,huber,308.935,305.5328332129695,11.574738846773597
31415,4,124,huber,386.706,354.57160265215214,1032.6194929093729
31415,4,230,huber,373.927,367.69963055139664,38.78013024939881
31415,4,200,huber,438.666,428.1601036760152,110.37385757031763
31415,4,226,huber,428.876,422.97834509858484,34.78233333618599
31415,4,28,huber,330.975,346.3630132560085,236.79095196709306
31415,4,24,huber,437.653,419.7543477967114,320.36175069428907
31415,4,271,huber,335.279,343.1801845849051,62.42871784474168
31415,4,297,huber,398.519,401.84252832730857,11.045840542422471
31415,4,144,huber,233.438,273.45336716427545,1601.2296092917748
31415,4,89,huber,678.555,641.3500510590495,1384.2082256987285
31415,4,174,huber,155.573,164.33329656329389,76.74279587685852
31415,4,42,huber,290.49,279.469368301866,121.45432302591645
31415,4,101,huber,400.082,375.19686198063613,619.2700942427889
31415,4,219,huber,197.665,150.98358110442504,2179.154870104142
31415,4,121,huber,457.643,425.8459338005329,1011.0534188932902
31415,4,248,huber,238.544,233.5624781592728,24.81555984964208
31415,4,259,huber,246.634,229.77599323744846,284.192392006233
31415,4,147,huber,232.804,237.16163049794952,18.988943556659738
31415,4,80,huber,316.234,337.33386416637904,445.20426783964723
31415,4,202,huber,355.341,326.6911774248816,820.8123335857659
31415,4,246,huber,459.143,525.1935290442672,4362.672387027584
31415,4,260,huber,175.644,138.49608909821228,1379.9672843671592
31415,4,35,huber,240.207,277.259270743215,1372.8707672285054
31415,4,222,huber,484.452,467.6432299335355,282.53475114727263
31415,4,41,huber,292.094,263.75752255725655,802.955953863108
31415,4,254,huber,47.272,77.43565371418202,909.846005389087
31415,4,292,huber,441.085,418.947193430288,490.08247971798306
31415,4,103,huber,377.744,415.0620109060742,1392.6339379858703
31415,4,282,huber,385.582,347.1938458359289,1473.650380124487
31415,4,16,huber,231.791,262.26918579401854,928.9198092947138
31415,4,252,huber,253.683,235.80450552557068,319.6405646721996
31415,4,238,huber,655.573,575.6438807793005,6388.66409939679
31415,4,153,huber,572.763,523.2930897714205,2447.2720180237225
31415,4,142,huber,160.258,164.87888909479082,21.352616026356646
31415,4,49,huber,481.042,469.5097912640014,132.99183833064131
31415,4,32,huber,528.619,520.0906646596819,72.73250367691878
31415,4,240,huber,489.073,433.7162380765719,3064.3710906470938
31415,4,171,huber,451.066,423.24779928642994,773.8522909404685
31415,4,169,huber,245.48,291.70821041464444,2137.0474381406416
31415,4,53,huber,296.761,300.4131099435046,13.337907039444952
31415,4,192,huber,271.658,266.4169417851178,27.468691211784506
31415,4,229,huber,396.197,398.04430083242124,3.4125203654642067
31415,4,45,huber,244.551,266.4599295636058,480.00119462304
31415,4,151,huber,446.733,446.0968030467213,0.4047465633611348
31415,4,59,huber,234.039,255.75087677449662,471.4055930709262
31415,4,218,huber,296.661,282.4564760384046,201.76850097553745
31415,4,135,huber,557.15,521.5500975791871,1267.3530523713998
31415,4,235,huber,435.946,409.35403313082463,707.1327019713218
31415,4,138,huber,154.41,192.92909547240305,1483.7207160121013
31415,4,291,huber,235.961,287.0320588003059,2608.2530469843005
31415,4,77,huber,275.759,320.3401538917265,1987.4792823178009
31415,4,97,huber,422.501,388.5419172871711,1153.2192986967539
31415,4,50,huber,693.382,572.4579600469735,14622.623438561128
31415,4,269,huber,373.068,390.57037593378556,306.3331633275564
31415,4,33,huber,133.048,138.49608909821228,29.68167482205948
31415,4,78,huber,375.612,371.6188995043444,15.944851568404971
31415,4,64,huber,684.476,641.3500510590495,1859.8474720574677
31415,4,73,cart,391.098,409.20019999999994,327.6896448399973
31415,4,199,cart,446.437,441.7548,21.922996840000216
31415,4,253,cart,308.935,274.2106,1205.7839553600002
31415,4,124,cart,386.706,348.089,1491.2726890000015
31415,4,230,cart,373.927,409.20019999999994,1244.1986382399941
31415,4,200,cart,438.666,424.00877777777777,214.83416327160518
31415,4,226,cart,428.876,424.00877777777777,23.68985216049371
31415,4,28,cart,330.975,357.64377777777776,711.2237081604915
31415,4,24,cart,437.653,424.00877777777777,186.1648000493836
31415,4,271,cart,335.279,357.64377777777776,500.18328504938194
31415,4,297,cart,398.519,424.00877777777777,649.7287711604929
31415,4,144,cart,233.438,251.7738888888889,336.20482134568005
31415,4,89,cart,678.555,513.1188333333333,27369.125241361096
31415,4,174,cart,155.573,182.08171428571427,702.7119330816314
31415,4,42,cart,290.49,270.24657142857143,409.796400326531
31415,4,101,cart,400.082,409.20019999999994,83.141571239999
31415,4,219,cart,197.665,182.08171428571427,242.83879365306146
31415,4,121,cart,457.643,454.2315,11.638332249999928
31415,4,248,cart,238.544,251.7738888888889,175.0299600123458
31415,4,259,cart,246.634,312.87185714285715,4387.453718877554
31415,4,147,cart,232.804,182.08171428571427,2572.7502680816347
31415,4,80,cart,316.234,270.24657142857143,2114.843586612243
31415,4,202,cart,355.341,409.20019999999994,2900.8134246399923
31415,4,246,cart,459.143,513.1188333333333,2913.3905840277803
31415,4,260,cart,175.644,182.08171428571427,41.444165224489524
31415,4,35,cart,240.207,262.0906,478.89194896000004
31415,4,222,cart,484.452,462.62066666666664,476.60711511111236
31415,4,41,cart,292.094,262.0906,900.2040115599999
31415,4,254,cart,47.272,182.08171428571427,18173.659065795917
31415,4,292,cart,441.085,423.0586,324.9510969599988
31415,4,103,cart,377.744,424.00877777777777,2140.429662827157
31415,4,282,cart,385.582,312.87185714285715,5286.76487430612
31415,4,16,cart,231.791,305.108875,5375.510794515627
31415,4,252,cart,253.683,241.26999999999998,154.08256900000026
31415,4,238,cart,655.573,513.1188333333333,20293.18960069444
31415,4,153,cart,572.763,529.8923333333333,1837.8940604444467
31415,4,142,cart,160.258,182.08171428571427,476.2745052244887
31415,4,49,cart,481.042,462.62066666666664,339.3455217777779
31415,4,32,cart,528.619,513.1188333333333,240.2551666944455
31415,4,240,cart,489.073,424.00877777777777,4233.353013382715
31415,4,171,cart,451.066,441.7548,86.69844543999973
31415,4,169,cart,245.48,339.56,8851.046400000003
31415,4,53,cart,296.761,270.24657142857143,703.014922469389
31415,4,192,cart,271.658,305.108875,1118.9610382656247
31415,4,229,cart,396.197,409.20019999999994,169.08321023999832
31415,4,45,cart,244.551,305.108875,3667.2562245156278
31415,4,151,cart,446.733,454.2315,56.22750224999968
31415,4,59,cart,234.039,286.37980000000005,2739.559344640006
31415,4,218,cart,296.661,267.1886,868.6223617599996
31415,4,135,cart,557.15,493.69183333333336,4026.938916694438
31415,4,235,cart,435.946,454.2315,334.3595102499984
31415,4,138,cart,154.41,251.7738888888889,9479.726859567905
31415,4,291,cart,235.961,274.2106,1463.031900159999
31415,4,77,cart,275.759,274.2106,2.397542560000047
31415,4,97,cart,422.501,423.0586,0.31091776000004046
31415,4,50,cart,693.382,480.5402857142857,45301.59534008162
31415,4,269,cart,373.068,441.7548,4717.87649424
31415,4,33,cart,133.048,182.08171428571427,2404.3051366530594
31415,4,78,cart,375.612,381.0298,29.35255684
31415,4,64,cart,684.476,513.1188333333333,29363.27856802778
31415,4,73,subset_min,391.098,375.6282732293335,239.31244635907615
31415,4,199,subset_min,446.437,418.8778958704588,759.5042204228946
31415,4,253,subset_min,308.935,306.3353047151689,6.758415573973126
31415,4,124,subset_min,386.706,353.6206540296717,1094.6401179763204
31415,4,230,subset_min,373.927,375.6282732293335,2.89433060084677
31415,4,200,subset_min,438.666,431.1627880253638,56.298189936324086
31415,4,226,subset_min,428.876,427.7416006662518,1.286861848408245
31415,4,28,subset_min,330.975,343.61512517718285,159.77276449485112
31415,4,24,subset_min,437.653,421.0415349528105,275.9407710139998
31415,4,271,subset_min,335.279,349.8055512240476,211.02069046487824
31415,4,297,subset_min,398.519,402.24124756380223,13.855126926231618
31415,4,144,subset_min,233.438,263.25478494755316,889.0406646086335
31415,4,89,subset_min,678.555,658.6409294117328,396.5702073944857
31415,4,174,subset_min,155.573,156.35899558646287,0.6177890619390957
31415,4,42,subset_min,290.49,270.6639293349706,393.0730780147401
31415,4,101,subset_min,400.082,375.9347695936435,583.0887362976665
31415,4,219,subset_min,197.665,143.95334717290166,2884.9416494187403
31415,4,121,subset_min,457.643,423.1210070509508,1191.767997174199
31415,4,248,subset_min,238.544,237.25697306374263,1.656438334652049
31415,4,259,subset_min,246.634,223.1678092178317,550.6621098251204
31415,4,147,subset_min,232.804,226.71645053415244,37.0582584991409
31415,4,80,subset_min,316.234,338.86531973435683,512.1766329186898
31415,4,202,subset_min,355.341,329.7903212702412,652.8371835513502
31415,4,246,subset_min,459.143,528.3967082896478,4796.076111867635
31415,4,260,subset_min,175.644,114.05910104488936,3792.699779311188
31415,4,35,subset_min,240.207,271.5646968996224,983.3051548485881
31415,4,222,subset_min,484.452,472.5108036652068,142.59216990607797
31415,4,41,subset_min,292.094,254.84341715973608,1387.6059219393646
31415,4,254,subset_min,47.272,55.903729230681336,74.50674951179863
31415,4,292,subset_min,441.085,421.4374786632851,386.02509467666624
31415,4,103,subset_min,377.744,415.14048930170964,1398.4974120928812
31415,4,282,subset_min,385.582,348.9288173028053,1343.4558018339305
31415,4,16,subset_min,231.791,260.3111007953112,813.3961493747094
31415,4,252,subset_min,253.683,216.24093650300733,1401.90811891283
31415,4,238,subset_min,655.573,583.2119535406134,5236.1210446975
31415,4,153,subset_min,572.763,526.3997094685151,2149.554708906882
31415,4,142,subset_min,160.258,160.50005053946285,0.058588463654250814
31415,4,49,subset_min,481.042,470.7958950930145,104.98266576495163
31415,4,32,subset_min,528.619,527.0873277519727,2.346019875377151
31415,4,240,subset_min,489.073,433.788843276817,3056.3379845934605
31415,4,171,subset_min,451.066,425.22559814293936,667.7263681343816
31415,4,169,subset_min,245.48,287.02853664148233,1726.2808970486008
31415,4,53,subset_min,296.761,300.39241130050084,13.187148033405023
31415,4,192,subset_min,271.658,269.594571426722,4.257737477020211
31415,4,229,subset_min,396.197,399.85713859215093,13.396614513752585
31415,4,45,subset_min,244.551,259.3016618373536,217.58202463996042
31415,4,151,subset_min,446.733,448.0420095926147,1.713506113557303
31415,4,59,subset_min,234.039,242.44067755223796,70.58818569177942
31415,4,218,subset_min,296.661,281.33652197249415,234.83962681550952
31415,4,135,subset_min,557.15,528.0003516082679,849.7020013616074
31415,4,235,subset_min,435.946,410.81645330487447,631.4941171024957
31415,4,138,subset_min,154.41,185.5307807542647,968.5029947550122
31415,4,291,subset_min,235.961,284.11995192178034,2319.2846502043494
31415,4,77,subset_min,275.759,312.23562860610065,1330.544434467399
31415,4,97,subset_min,422.501,387.94040066370474,1194.435026483931
31415,4,50,subset_min,693.382,586.1037733712811,11508.617908602753
31415,4,269,subset_min,373.068,391.0373340695164,322.89696690188407
31415,4,33,subset_min,133.048,114.05910104488936,360.57828352740205
31415,4,78,subset_min,375.612,369.3683265593126,38.983458033945446
31415,4,64,subset_min,684.476,658.6409294117328,667.4508723007475
31415,4,73,subset_1se,391.098,374.75101909791096,267.2237846132644
31415,4,199,subset_1se,446.437,410.13204151497985,1318.0500105990377
31415,4,253,subset_1se,308.935,303.2617142376491,32.186171341293765
31415,4,124,subset_1se,386.706,350.08088053941526,1341.3993755021042
31415,4,230,subset_1se,373.927,374.75101909791096,0.6790074737219499
31415,4,200,subset_1se,438.666,426.04436679764507,159.30562469478832
31415,4,226,subset_1se,428.876,425.498061913351,11.410465717233592
31415,4,28,subset_1se,330.975,334.9702582633347,15.962088590744015
31415,4,24,subset_1se,437.653,422.05145602871073,243.40817428807316
31415,4,271,subset_1se,335.279,348.43449944160284,173.0671655580127
31415,4,297,subset_1se,398.519,397.31230510553223,1.4561125683345906
31415,4,144,subset_1se,233.438,268.867506989949,1255.2499655508454
31415,4,89,subset_1se,678.555,669.4423189979183,83.04095504570023
31415,4,174,subset_1se,155.573,158.75049170859052,10.09645355816143
31415,4,42,subset_1se,290.49,279.06860074217684,130.44836100660362
31415,4,101,subset_1se,400.082,375.3822383216129,610.0782269691209
31415,4,219,subset_1se,197.665,146.99580669124657,2567.3671505598227
31415,4,121,subset_1se,457.643,440.3951334592103,297.4889002088924
31415,4,248,subset_1se,238.544,239.3111362393612,0.5884980097412117
31415,4,259,subset_1se,246.634,225.5042707618879,446.46545767592835
31415,4,147,subset_1se,232.804,218.28248156371,210.8744976955102
31415,4,80,subset_1se,316.234,340.5373542103465,590.6530258735683
31415,4,202,subset_1se,355.341,337.127920534494,331.71626361683576
31415,4,246,subset_1se,459.143,526.8753707528628,4587.674047803261
31415,4,260,subset_1se,175.644,115.15328166958145,3659.127004130036
31415,4,35,subset_1se,240.207,266.2020591866475,675.7431021173063
31415,4,222,subset_1se,484.452,461.1164195218313,544.5493162530885
31415,4,41,subset_1se,292.094,258.63040889700073,1119.8119295087313
31415,4,254,subset_1se,47.272,58.30241605390711,121.67007832229172
31415,4,292,subset_1se,441.085,415.14988542302456,672.630168120843
31415,4,103,subset_1se,377.744,409.73812846046945,1023.6242559450197
31415,4,282,subset_1se,385.582,349.77151396176623,1282.3909102945352
31415,4,16,subset_1se,231.791,257.52749749170647,662.3673031406136
31415,4,252,subset_1se,253.683,211.01197344729565,1820.8165070615994
31415,4,238,subset_1se,655.573,599.0314032808034,3196.952159556264
31415,4,153,subset_1se,572.763,529.2606723750068,1892.4525087922464
31415,4,142,subset_1se,160.258,159.98266193471903,0.0758110501926714
31415,4,49,subset_1se,481.042,474.1430961104864,47.59487487674555
31415,4,32,subset_1se,528.619,529.2590125116631,0.40961601508522094
31415,4,240,subset_1se,489.073,433.93649885305825,3040.0337587267063
31415,4,171,subset_1se,451.066,419.02020428935134,1026.9330227286264
31415,4,169,subset_1se,245.48,287.234078575085,1743.4030776543725
31415,4,53,subset_1se,296.761,302.25835214162396,30.220880569017265
31415,4,192,subset_1se,271.658,262.780455959815,78.81078818542423
31415,4,229,subset_1se,396.197,393.02620777017444,10.05392336472218
31415,4,45,subset_1se,244.551,252.91700983767214,69.99012060402723
31415,4,151,subset_1se,446.733,440.0344462347422,44.870622546049816
31415,4,59,subset_1se,234.039,233.05572316743735,0.9668333294544131
31415,4,218,subset_1se,296.661,295.4087096522409,1.568231115090679
31415,4,135,subset_1se,557.15,526.7511031854754,924.092927540115
31415,4,235,subset_1se,435.946,405.3547522343029,935.824439862269
31415,4,138,subset_1se,154.41,187.6621760195739,1105.707210036726
31415,4,291,subset_1se,235.961,288.21930940628215,2730.9309020027163
31415,4,77,subset_1se,275.759,308.51082403051976,1072.6819773261304
31415,4,97,subset_1se,422.501,380.30984707451347,1780.0933851817886
31415,4,50,subset_1se,693.382,591.2818916824974,10424.43211844575
31415,4,269,subset_1se,373.068,387.1583188654837,198.53708573100613
31415,4,33,subset_1se,133.048,115.15328166958145,320.22094412501787
31415,4,78,subset_1se,375.612,367.5593254942122,64.84556669616511
31415,4,64,subset_1se,684.476,669.4423189979183,226.01156447235286
31415,4,73,adaptive_linear,391.098,375.6282732293335,239.31244635907615
31415,4,199,adaptive_linear,446.437,418.8778958704588,759.5042204228946
31415,4,253,adaptive_linear,308.935,306.3353047151689,6.758415573973126
31415,4,124,adaptive_linear,386.706,353.6206540296717,1094.6401179763204
31415,4,230,adaptive_linear,373.927,375.6282732293335,2.89433060084677
31415,4,200,adaptive_linear,438.666,431.1627880253638,56.298189936324086
31415,4,226,adaptive_linear,428.876,427.7416006662518,1.286861848408245
31415,4,28,adaptive_linear,330.975,343.61512517718285,159.77276449485112
31415,4,24,adaptive_linear,437.653,421.0415349528105,275.9407710139998
31415,4,271,adaptive_linear,335.279,349.8055512240476,211.02069046487824
31415,4,297,adaptive_linear,398.519,402.24124756380223,13.855126926231618
31415,4,144,adaptive_linear,233.438,263.25478494755316,889.0406646086335
31415,4,89,adaptive_linear,678.555,658.6409294117328,396.5702073944857
31415,4,174,adaptive_linear,155.573,156.35899558646287,0.6177890619390957
31415,4,42,adaptive_linear,290.49,270.6639293349706,393.0730780147401
31415,4,101,adaptive_linear,400.082,375.9347695936435,583.0887362976665
31415,4,219,adaptive_linear,197.665,143.95334717290166,2884.9416494187403
31415,4,121,adaptive_linear,457.643,423.1210070509508,1191.767997174199
31415,4,248,adaptive_linear,238.544,237.25697306374263,1.656438334652049
31415,4,259,adaptive_linear,246.634,223.1678092178317,550.6621098251204
31415,4,147,adaptive_linear,232.804,226.71645053415244,37.0582584991409
31415,4,80,adaptive_linear,316.234,338.86531973435683,512.1766329186898
31415,4,202,adaptive_linear,355.341,329.7903212702412,652.8371835513502
31415,4,246,adaptive_linear,459.143,528.3967082896478,4796.076111867635
31415,4,260,adaptive_linear,175.644,114.05910104488936,3792.699779311188
31415,4,35,adaptive_linear,240.207,271.5646968996224,983.3051548485881
31415,4,222,adaptive_linear,484.452,472.5108036652068,142.59216990607797
31415,4,41,adaptive_linear,292.094,254.84341715973608,1387.6059219393646
31415,4,254,adaptive_linear,47.272,55.903729230681336,74.50674951179863
31415,4,292,adaptive_linear,441.085,421.4374786632851,386.02509467666624
31415,4,103,adaptive_linear,377.744,415.14048930170964,1398.4974120928812
31415,4,282,adaptive_linear,385.582,348.9288173028053,1343.4558018339305
31415,4,16,adaptive_linear,231.791,260.3111007953112,813.3961493747094
31415,4,252,adaptive_linear,253.683,216.24093650300733,1401.90811891283
31415,4,238,adaptive_linear,655.573,583.2119535406134,5236.1210446975
31415,4,153,adaptive_linear,572.763,526.3997094685151,2149.554708906882
31415,4,142,adaptive_linear,160.258,160.50005053946285,0.058588463654250814
31415,4,49,adaptive_linear,481.042,470.7958950930145,104.98266576495163
31415,4,32,adaptive_linear,528.619,527.0873277519727,2.346019875377151
31415,4,240,adaptive_linear,489.073,433.788843276817,3056.3379845934605
31415,4,171,adaptive_linear,451.066,425.22559814293936,667.7263681343816
31415,4,169,adaptive_linear,245.48,287.02853664148233,1726.2808970486008
31415,4,53,adaptive_linear,296.761,300.39241130050084,13.187148033405023
31415,4,192,adaptive_linear,271.658,269.594571426722,4.257737477020211
31415,4,229,adaptive_linear,396.197,399.85713859215093,13.396614513752585
31415,4,45,adaptive_linear,244.551,259.3016618373536,217.58202463996042
31415,4,151,adaptive_linear,446.733,448.0420095926147,1.713506113557303
31415,4,59,adaptive_linear,234.039,242.44067755223796,70.58818569177942
31415,4,218,adaptive_linear,296.661,281.33652197249415,234.83962681550952
31415,4,135,adaptive_linear,557.15,528.0003516082679,849.7020013616074
31415,4,235,adaptive_linear,435.946,410.81645330487447,631.4941171024957
31415,4,138,adaptive_linear,154.41,185.5307807542647,968.5029947550122
31415,4,291,adaptive_linear,235.961,284.11995192178034,2319.2846502043494
31415,4,77,adaptive_linear,275.759,312.23562860610065,1330.544434467399
31415,4,97,adaptive_linear,422.501,387.94040066370474,1194.435026483931
31415,4,50,adaptive_linear,693.382,586.1037733712811,11508.617908602753
31415,4,269,adaptive_linear,373.068,391.0373340695164,322.89696690188407
31415,4,33,adaptive_linear,133.048,114.05910104488936,360.57828352740205
31415,4,78,adaptive_linear,375.612,369.3683265593126,38.983458033945446
31415,4,64,adaptive_linear,684.476,658.6409294117328,667.4508723007475
31415,5,81,ols_all,605.271,529.3284814170356,5767.266128723884
31415,5,126,ols_all,376.944,326.3458182291979,2560.175998511131
31415,5,183,ols_all,412.225,439.08970205593187,721.7122165539886
31415,5,283,ols_all,310.66,350.23552967391424,1566.2225489708649
31415,5,46,ols_all,452.189,436.24213129889813,254.30262137018312
31415,5,140,ols_all,325.388,307.48790571970676,320.41337524338593
31415,5,197,ols_all,194.136,191.6048963337339,6.406485769385648
31415,5,231,ols_all,288.633,258.62657789903005,900.3853673015766
31415,5,251,ols_all,361.326,423.07531824354965,3812.9783035431706
31415,5,85,ols_all,270.692,300.5556913674445,891.8400620899802
31415,5,94,ols_all,320.296,296.5454801247811,564.0871943431686
31415,5,17,ols_all,331.027,343.8084908259707,163.36650773437333
31415,5,87,ols_all,435.447,490.2009174533323,2997.9914764863265
31415,5,22,ols_all,368.133,332.5032557010195,1269.4786788107322
31415,5,79,ols_all,400.908,507.2991838990997,11319.08401145205
31415,5,150,ols_all,295.719,270.342624241664,643.9604466282628
31415,5,168,ols_all,260.578,254.67846250796242,34.804542619956734
31415,5,211,ols_all,295.062,353.3952007752491,3402.7623126855233
31415,5,191,ols_all,436.463,398.41440901455144,1447.6952759779592
31415,5,181,ols_all,330.392,341.45382587146923,122.36399161070618
31415,5,289,ols_all,295.143,259.25211733365313,1288.155458569476
31415,5,163,ols_all,303.742,308.8279409041538,25.866794880544788
31415,5,263,ols_all,170.128,208.01807148903845,1435.6575174444454
31415,5,86,ols_all,352.697,367.4936797653477,218.94173207824934
31415,5,154,ols_all,237.824,233.9058501429049,15.35189830265437
31415,5,6,ols_all,331.553,334.83477923901546,10.770074973632916
31415,5,82,ols_all,359.388,332.78210647080095,707.8735704870744
31415,5,36,ols_all,222.522,270.9503136535586,2345.3015633274536
31415,5,7,ols_all,237.352,220.79454033743286,274.149470477538
31415,5,242,ols_all,235.366,254.67846250796242,372.9712081214537
31415,5,57,ols_all,300.151,306.1354742762528,35.81393236313144
31415,5,66,ols_all,336.651,368.69198443874166,1026.6246838036843
31415,5,182,ols_all,176.669,210.16485533105697,1121.9723243590968
31415,5,12,ols_all,452.888,424.87030594414273,784.9911802076185
31415,5,141,ols_all,279.634,289.30660330168485,93.55925463176429
31415,5,281,ols_all,466.669,527.7695667403009,3733.2792559859654
31415,5,155,ols_all,437.721,488.28740234991983,2556.9610466139775
31415,5,198,ols_all,325.095,282.3004613358962,1831.372539473476
31415,5,106,ols_all,272.919,269.3529853513701,12.716460474243048
31415,5,136,ols_all,280.012,272.0610897503616,63.216973797805146
31415,5,179,ols_all,236.114,269.2913829398485,1100.7387387373512
31415,5,256,ols_all,211.449,193.5155375562456,321.6090752215503
31415,5,74,ols_all,227.396,239.87505446077967,155.7268002351052
31415,5,157,ols_all,326.446,313.52553719278285,166.93835915268238
31415,5,223,ols_all,328.27,346.0408793960037,315.80415450730857
31415,5,189,ols_all,282.527,306.54046639828175,576.6465684614074
31415,5,25,ols_all,365.837,381.70094348206976,251.664702802304
31415,5,40,ols_all,512.399,488.28740234991983,581.3691412393516
31415,5,152,ols_all,299.292,322.78257246876774,551.8069949104301
31415,5,284,ols_all,386.48,367.4936797653477,360.48035605276885
31415,5,61,ols_all,309.279,302.0558047487475,52.17454963771654
31415,5,119,ols_all,284.404,289.1122140279922,22.167279333382524
31415,5,186,ols_all,486.28,465.3557860458859,437.8227295975418
31415,5,228,ols_all,330.83,352.7707367397429,481.3959286827053
31415,5,234,ols_all,464.093,509.689751923509,2079.0637859740195
31415,5,51,ols_all,515.846,542.9170751864172,732.8431117486501
31415,5,60,ols_all,427.584,411.169695923149,269.4293783273277
31415,5,48,ols_all,273.504,258.87412394638795,214.03327334405174
31415,5,14,ols_all,362.784,345.4123935206003,301.7727116751217
31415,5,290,ols_all,286.009,297.17578177127825,124.69701512735195
31415,5,81,ridge,605.271,527.2757832252081,6083.253839746773
31415,5,126,ridge,376.944,325.6669640345425,2629.3344174028234
31415,5,183,ridge,412.225,438.9704839049081,715.3209093076981
31415,5,283,ridge,310.66,347.3232477230103,1344.193733598818
31415,5,46,ridge,452.189,434.91629000970147,298.3465104089594
31415,5,140,ridge,325.388,309.50651970964145,252.2214162130463
31415,5,197,ridge,194.136,192.59825142910142,2.3646706673005995
31415,5,231,ridge,288.633,259.6791780379858,838.3238062080135
31415,5,251,ridge,361.326,419.6932590186187,3406.736925346521
31415,5,85,ridge,270.692,301.23273146170555,932.7362782160111
31415,5,94,ridge,320.296,297.1523850049164,535.626915040657
31415,5,17,ridge,331.027,345.92632380560235,221.98984986418932
31415,5,87,ridge,435.447,491.1990372251404,3108.289654753439
31415,5,22,ridge,368.133,334.8750025354028,1106.0943953551516
31415,5,79,ridge,400.908,504.1388286691853,10656.603987726681
31415,5,150,ridge,295.719,272.7413582977753,527.9720181958144
31415,5,168,ridge,260.578,255.3244883820944,27.599384319468985
31415,5,211,ridge,295.062,352.97703520715385,3354.151303045868
31415,5,191,ridge,436.463,397.37213581551447,1528.0956626898953
31415,5,181,ridge,330.392,341.81132343864897,130.40094779647782
31415,5,289,ridge,295.143,259.20009481242084,1291.8924333233026
31415,5,163,ridge,303.742,308.6854910387972,24.438103650667852
31415,5,263,ridge,170.128,207.42183255933617,1390.8299469638034
31415,5,86,ridge,352.697,367.88209864932014,230.5872209895843
31415,5,154,ridge,237.824,233.89430981408032,15.442464957313579
31415,5,6,ridge,331.553,332.27483708141114,0.52104877210015
31415,5,82,ridge,359.388,334.8530317474654,601.9646671528785
31415,5,36,ridge,222.522,272.99090419469184,2547.110290612984
31415,5,7,ridge,237.352,221.80628948905905,241.6691152899799
31415,5,242,ridge,235.366,255.3244883820944,398.34125849819605
31415,5,57,ridge,300.151,304.3297924131731,17.46230603239293
31415,5,66,ridge,336.651,368.58726493712066,1019.9250181339621
31415,5,182,ridge,176.669,210.9288261923305,1173.7356907286935
31415,5,12,ridge,452.888,423.4621829343295,865.8787099823028
31415,5,141,ridge,279.634,290.4356357230787,116.67533429408938
31415,5,281,ridge,466.669,525.2366351371459,3430.1678855578452
31415,5,155,ridge,437.721,489.04822193754626,2634.4837118261294
31415,5,198,ridge,325.095,283.7758155512429,1707.275003510414
31415,5,106,ridge,272.919,270.42624938139215,6.213805646569714
31415,5,136,ridge,280.012,274.2206208350201,33.540072632563295
31415,5,179,ridge,236.114,269.67686614570596,1126.4659839145747
31415,5,256,ridge,211.449,194.50474121472763,287.1079057822803
31415,5,74,ridge,227.396,238.0728601510079,113.99534268418046
31415,5,157,ridge,326.446,315.5506339067174,118.70900230665285
31415,5,223,ridge,328.27,342.8497134739872,212.56804498356468
31415,5,189,ridge,282.527,306.22638408272303,561.6608059004263
31415,5,25,ridge,365.837,381.4461055328971,243.64417553711897
31415,5,40,ridge,512.399,489.04822193754626,545.258836121971
31415,5,152,ridge,299.292,326.0534319147063,716.1742381254636
31415,5,284,ridge,386.48,367.88209864932014,345.88193464962035
31415,5,61,ridge,309.279,303.48833455396357,33.53180630792026
31415,5,119,ridge,284.404,292.2549588340373,61.63755461374877
31415,5,186,ridge,486.28,463.28963292254656,528.5569783560538
31415,5,228,ridge,330.83,351.721714706851,436.46374339245517
31415,5,234,ridge,464.093,508.2646503681258,1951.1346962439452
31415,5,51,ridge,515.846,539.689398991983,568.5076754908963
31415,5,60,ridge,427.584,410.25433332690835,300.3173470004635
31415,5,48,ridge,273.504,259.17894456099145,205.20721333066888
31415,5,14,ridge,362.784,346.9089094480384,252.01850003298017
31415,5,290,ridge,286.009,297.89697258862293,141.32389226784983
31415,5,81,pls,605.271,529.2053624206146,5785.981220358399
31415,5,126,pls,376.944,326.6326684611221,2531.2300812148937
31415,5,183,pls,412.225,439.21521492825485,728.4717018733899
31415,5,283,pls,310.66,349.76277949415606,1529.0273641685899
31415,5,46,pls,452.189,436.25695550805824,253.83004169321245
31415,5,140,pls,325.388,307.46244721921266,321.32544249679177
31415,5,197,pls,194.136,191.8104527413324,5.408170052296379
31415,5,231,pls,288.633,259.0306584448873,876.2986255455506
31415,5,251,pls,361.326,423.0123723181762,3805.2085297766494
31415,5,85,pls,270.692,300.62716251544094,896.1139548258601
31415,5,94,pls,320.296,296.6726015033966,558.0649565293231
31415,5,17,pls,331.027,343.66534272011944,159.7277067111964
31415,5,87,pls,435.447,490.330785184258,3012.229876151777
31415,5,22,pls,368.133,332.5066984477245,1269.2333622936671
31415,5,79,pls,400.908,507.3376756084433,11327.275850118469
31415,5,150,pls,295.719,270.38218477728554,641.9542056299747
31415,5,168,pls,260.578,254.88562601853434,32.403121544866934
31415,5,211,pls,295.062,353.5982527335987,3426.4928840917414
31415,5,191,pls,436.463,398.4638167199219,1443.937929952968
31415,5,181,pls,330.392,341.39206277752857,121.00138110956954
31415,5,289,pls,295.143,259.35337636131396,1280.8971601987923
31415,5,163,pls,303.742,309.2313016370739,30.13243246278197
31415,5,263,pls,170.128,207.69784499081746,1411.4932526340526
31415,5,86,pls,352.697,367.60914779204,222.37215177164353
31415,5,154,pls,237.824,234.04215919546016,14.302319870882652
31415,5,6,pls,331.553,334.92675079234533,11.382194408850767
31415,5,82,pls,359.388,332.90274733995693,701.4686084663172
31415,5,36,pls,222.522,271.00914922961556,2351.0036404150096
31415,5,7,pls,237.352,220.73541412581403,276.1109261141968
31415,5,242,pls,235.366,254.88562601853434,381.0157999034422
31415,5,57,pls,300.151,306.78296484637815,43.98295772359541
31415,5,66,pls,336.651,368.68721579216356,1026.319122282069
31415,5,182,pls,176.669,210.26928899413957,1128.9794204896962
31415,5,12,pls,452.888,424.7956470275334,789.1802955296522
31415,5,141,pls,279.634,289.22791672761156,92.04323817634457
31415,5,281,pls,466.669,527.6501537309009,3718.701110351772
31415,5,155,pls,437.721,488.3137745178849,2559.628833417543
31415,5,198,pls,325.095,282.17842607530133,1841.832317434128
31415,5,106,pls,272.919,269.0913565074724,14.650854705888552
31415,5,136,pls,280.012,272.2145649971337,60.79999262392426
31415,5,179,pls,236.114,269.25203462378477,1098.1293387271576
31415,5,256,pls,211.449,193.58348655179032,319.1765707681615
31415,5,74,pls,227.396,239.7656417758728,153.00803766341812
31415,5,157,pls,326.446,313.5594504779804,166.06315858346375
31415,5,223,pls,328.27,346.19840480856345,321.4276989797218
31415,5,189,pls,282.527,306.6219627700983,580.5672308924248
31415,5,25,pls,365.837,381.5948071471835,248.3084860878269
31415,5,40,pls,512.399,488.3137745178849,580.0980865243268
31415,5,152,pls,299.292,322.9112629933825,557.8695843505683
31415,5,284,pls,386.48,367.60914779204,356.1090630546693
31415,5,61,pls,309.279,302.335369390015,48.21400604792076
31415,5,119,pls,284.404,289.2477841114671,23.462244518501414
31415,5,186,pls,486.28,465.2816216850816,440.9318918564352
31415,5,228,pls,330.83,352.8339304876594,484.1729569057482
31415,5,234,pls,464.093,509.60333468340986,2071.1905629959765
31415,5,51,pls,515.846,542.9169004415103,732.8336507141612
31415,5,60,pls,427.584,411.36017554227607,263.2124800350414
31415,5,48,pls,273.504,259.232542623792,203.67449564092146
31415,5,14,pls,362.784,345.33936374774305,304.31533397355713
31415,5,290,pls,286.009,297.2395993024481,126.12636069214707
31415,5,81,huber,605.271,528.3591806015131,5915.427963185457
31415,5,126,huber,376.944,323.5077261223521,2855.4353659269977
31415,5,183,huber,412.225,440.2883663598637,787.5525314479275
31415,5,283,huber,310.66,347.86294212923355,1384.0589030710983
31415,5,46,huber,452.189,436.33837811219945,251.24221423002254
31415,5,140,huber,325.388,311.29069122491495,198.73411470008926
31415,5,197,huber,194.136,191.03902374172984,9.591261944289045
31415,5,231,huber,288.633,258.06128034820927,934.6300424676866
31415,5,251,huber,361.326,420.6826880196505,3523.216412662122
31415,5,85,huber,270.692,300.9623531605751,916.2942804659389
31415,5,94,huber,320.296,298.0052921439092,496.87565672558895
31415,5,17,huber,331.027,346.1575682533883,228.93409567044287
31415,5,87,huber,435.447,491.7587266657077,3171.0105600733737
31415,5,22,huber,368.133,336.5154333617214,999.6705201259855
31415,5,79,huber,400.908,505.39594341872817,10917.730319875336
31415,5,150,huber,295.719,272.75680185605586,527.2625436017515
31415,5,168,huber,260.578,255.20553180208526,28.86341453760497
31415,5,211,huber,295.062,354.91691553648195,3582.610913879387
31415,5,191,huber,436.463,398.60806078426265,1432.9964230271714
31415,5,181,huber,330.392,341.6096154810974,125.83489708175662
31415,5,289,huber,295.143,259.77531940164533,1250.8728309072312
31415,5,163,huber,303.742,306.7635099486685,9.129522369902691
31415,5,263,huber,170.128,206.40483301216307,1316.008613392365
31415,5,86,huber,352.697,367.95588241341136,232.83349250631437
31415,5,154,huber,237.824,234.59828628363206,10.405228979964324
31415,5,6,huber,331.553,332.06168719932003,0.25876266675206216
31415,5,82,huber,359.388,336.0070848178417,546.6671947552794
31415,5,36,huber,222.522,272.7215634888023,2519.996174466294
31415,5,7,huber,237.352,219.6755700088045,312.4561772336359
31415,5,242,huber,235.366,255.20553180208526,393.6070221259519
31415,5,57,huber,300.151,301.7337505085236,2.5050991722316778
31415,5,66,huber,336.651,366.67815599032264,901.6300968671679
31415,5,182,huber,176.669,209.22372038599897,1059.8098194105764
31415,5,12,huber,452.888,422.3364017272673,933.4001570184431
31415,5,141,huber,279.634,290.3994766900619,115.89548836426525
31415,5,281,huber,466.669,525.2961078456298,3437.137774343105
31415,5,155,huber,437.721,489.4088489998495,2671.6337342312436
31415,5,198,huber,325.095,281.9874072311479,1858.26455432519
31415,5,106,huber,272.919,272.15116061085564,0.5895773275215563
31415,5,136,huber,280.012,273.82469081691124,38.28279492713447
31415,5,179,huber,236.114,270.5293416301445,1184.4157395195548
31415,5,256,huber,211.449,192.85405447934878,345.7719989159875
31415,5,74,huber,227.396,239.00526617360822,134.77506108968436
31415,5,157,huber,326.446,315.7754047642388,113.86160268545079
31415,5,223,huber,328.27,343.3871193537027,228.5272975540933
31415,5,189,huber,282.527,307.2641057082454,611.9243988209068
31415,5,25,huber,365.837,381.9636139929665,260.06767887814283
31415,5,40,huber,512.399,489.4088489998495,528.5470430097206
31415,5,152,huber,299.292,327.9514756110813,821.3655423021665
31415,5,284,huber,386.48,367.95588241341136,343.14293236176326
31415,5,61,huber,309.279,304.7528984662526,20.485595093790636
31415,5,119,huber,284.404,292.8218828866951,70.8607522941144
31415,5,186,huber,486.28,464.7722490967957,462.5833489142846
31415,5,228,huber,330.83,353.17258097560057,499.1909246512691
31415,5,234,huber,464.093,508.1408581155113,1940.213804564215
31415,5,51,huber,515.846,542.1211764899073,690.3848995757755
31415,5,60,huber,427.584,409.64990414110116,321.6317942761726
31415,5,48,huber,273.504,257.91807726065855,242.92098763672152
31415,5,14,huber,362.784,347.4051249616261,236.50979744592
31415,5,290,huber,286.009,297.88551889879017,141.05170115331964
31415,5,81,cart,605.271,431.7756428571428,30100.638950127548
31415,5,126,cart,376.944,351.321375,656.5189118906264
31415,5,183,cart,412.225,492.7392142857143,6482.538702045917
31415,5,283,cart,310.66,307.76633333333336,8.373306777777746
31415,5,46,cart,452.189,418.28900000000004,1149.2099999999984
31415,5,140,cart,325.388,301.50762499999996,570.2723101406257
31415,5,197,cart,194.136,234.69443750000002,1644.9868524414082
31415,5,231,cart,288.633,351.321375,3929.832360140626
31415,5,251,cart,361.326,362.35338461538464,1.0555191479290023
31415,5,85,cart,270.692,281.82475,123.93812256249971
31415,5,94,cart,320.296,362.35338461538464,1768.8236006863933
31415,5,17,cart,331.027,307.76633333333336,541.0586137777757
31415,5,87,cart,435.447,492.7392142857143,3282.3978177602053
31415,5,22,cart,368.133,301.50762499999996,4438.9405938906275
31415,5,79,cart,400.908,479.4722,6172.3335216399955
31415,5,150,cart,295.719,307.76633333333336,145.13824044444533
31415,5,168,cart,260.578,234.69443750000002,669.9588076914039
31415,5,211,cart,295.062,301.50762499999996,41.54608164062436
31415,5,191,cart,436.463,418.28900000000004,330.29427599999923
31415,5,181,cart,330.392,281.82475,2358.7777725625
31415,5,289,cart,295.143,234.69443750000002,3654.0287083164003
31415,5,163,cart,303.742,351.321375,2263.796925390622
31415,5,263,cart,170.128,252.24511111111113,6743.219937234573
31415,5,86,cart,352.697,362.35338461538464,93.24576384023713
31415,5,154,cart,237.824,281.82475,1936.0660005624984
31415,5,6,cart,331.553,365.07216666666665,1123.5345340277765
31415,5,82,cart,359.388,362.35338461538464,8.793505917160054
31415,5,36,cart,222.522,307.76633333333336,7266.596365444451
31415,5,7,cart,237.352,252.24511111111113,221.80475856790164
31415,5,242,cart,235.366,234.69443750000002,0.45099619140624086
31415,5,57,cart,300.151,329.5538,864.5246478400007
31415,5,66,cart,336.651,390.4853076923077,2898.132684710057
31415,5,182,cart,176.669,234.69443750000002,3366.9513970664075
31415,5,12,cart,452.888,390.4853076923077,3894.0960072485186
31415,5,141,cart,279.634,252.24511111111113,750.151234567901
31415,5,281,cart,466.669,492.7392142857143,679.6560729030627
31415,5,155,cart,437.721,492.7392142857143,3027.0039031887763
31415,5,198,cart,325.095,281.82475,1872.3145350625027
31415,5,106,cart,272.919,252.24511111111113,427.409681790122
31415,5,136,cart,280.012,252.24511111111113,771.0001185679002
31415,5,179,cart,236.114,307.76633333333336,5134.056872111115
31415,5,256,cart,211.449,133.6278333333333,6056.133981361116
31415,5,74,cart,227.396,281.82475,2962.488826562501
31415,5,157,cart,326.446,307.76633333333336,348.9299467777776
31415,5,223,cart,328.27,329.5538,1.648142440000108
31415,5,189,cart,282.527,307.76633333333336,637.0239471111133
31415,5,25,cart,365.837,418.28900000000004,2751.2123040000056
31415,5,40,cart,512.399,492.7392142857143,386.50717433163226
31415,5,152,cart,299.292,362.35338461538464,3976.7382296094743
31415,5,284,cart,386.48,362.35338461538464,582.0935699171594
31415,5,61,cart,309.279,281.82475,753.7358430625001
31415,5,119,cart,284.404,301.50762499999996,292.5339881406238
31415,5,186,cart,486.28,492.7392142857143,41.72144918877601
31415,5,228,cart,330.83,362.35338461538464,993.7237776094701
31415,5,234,cart,464.093,492.7392142857143,820.6055929030608
31415,5,51,cart,515.846,553.5962857142857,1425.0840715102047
31415,5,60,cart,427.584,419.4448333333333,66.24603402777849
31415,5,48,cart,273.504,329.5538,3141.5800800400007
31415,5,14,cart,362.784,362.35338461538464,0.18542960946742637
31415,5,290,cart,286.009,252.24511111111113,1140.0001929012344
31415,5,81,subset_min,605.271,529.5586217610721,5732.364218594474
31415,5,126,subset_min,376.944,328.2215109234565,2373.880941813903
31415,5,183,subset_min,412.225,440.3572452566579,791.4232231807499
31415,5,283,subset_min,310.66,350.84398257399107,1614.752455506816
31415,5,46,subset_min,452.189,437.23817145658927,223.5272741344656
31415,5,140,subset_min,325.388,309.43899841875043,254.37065143870055
31415,5,197,subset_min,194.136,192.08442521008593,4.208959118610963
31415,5,231,subset_min,288.633,260.0748087269812,815.5702887863267
31415,5,251,subset_min,361.326,425.1180540463614,4069.426159453892
31415,5,85,subset_min,270.692,300.5099164620589,889.1081421383242
31415,5,94,subset_min,320.296,298.4304824801702,478.10085640998307
31415,5,17,subset_min,331.027,342.17567505845955,124.29295555911827
31415,5,87,subset_min,435.447,489.00501789052,2868.461280361258
31415,5,22,subset_min,368.133,331.20380625424497,1363.7653507115112
31415,5,79,subset_min,400.908,508.9808441709421,11679.739647196726
31415,5,150,subset_min,295.719,270.3020243008286,646.0226536922703
31415,5,168,subset_min,260.578,255.8131733386196,22.703573113001188
31415,5,211,subset_min,295.062,357.37496600917393,3882.9057328604645
31415,5,191,subset_min,436.463,399.30925451754507,1380.4008033750417
31415,5,181,subset_min,330.392,340.7140367210018,106.54444206970918
31415,5,289,subset_min,295.143,259.37074398127766,1279.654300669015
31415,5,163,subset_min,303.742,309.5676143614216,33.93778268800126
31415,5,263,subset_min,170.128,208.49704936050063,1472.1839488285345
31415,5,86,subset_min,352.697,367.34738991396887,214.63392463132067
31415,5,154,subset_min,237.824,234.97609095658441,8.110585919568345
31415,5,6,subset_min,331.553,336.7209775271506,26.707991721133457
31415,5,82,subset_min,359.388,333.5230983945441,668.9931350599144
31415,5,36,subset_min,222.522,270.47245853028056,2299.246473264157
31415,5,7,subset_min,237.352,220.03551107613634,299.86078865029276
31415,5,242,subset_min,235.366,255.8131733386196,418.0868975395559
31415,5,57,subset_min,300.151,306.68230055716015,42.65788696796031
31415,5,66,subset_min,336.651,366.9214035741167,916.2973325398971
31415,5,182,subset_min,176.669,209.51022332843112,1078.545949707888
31415,5,12,subset_min,452.888,423.967740615022,836.3814028944054
31415,5,141,subset_min,279.634,291.54104671854293,141.7777615575636
31415,5,281,subset_min,466.669,528.1255665736755,3776.909575024616
31415,5,155,subset_min,437.721,487.54805194233506,2482.735105264156
31415,5,198,subset_min,325.095,279.65970622489675,2064.3659204299383
31415,5,106,subset_min,272.919,270.5325325637301,5.695226824376476
31415,5,136,subset_min,280.012,272.8701376346217,51.00619804600695
31415,5,179,subset_min,236.114,272.04719493928656,1291.1944985447685
31415,5,256,subset_min,211.449,192.67458000359136,352.4788462015491
31415,5,74,subset_min,227.396,242.8110019176125,237.62228411999706
31415,5,157,subset_min,326.446,313.4732977448069,168.29100380189212
31415,5,223,subset_min,328.27,349.548222274909,452.7627431804341
31415,5,189,subset_min,282.527,309.4449072843492,724.5737325688203
31415,5,25,subset_min,365.837,381.53840107662074,246.5339957689074
31415,5,40,subset_min,512.399,487.54805194233506,617.5696193647607
31415,5,152,subset_min,299.292,323.2406087355239,573.5358603672125
31415,5,284,subset_min,386.48,367.34738991396887,366.0567687041009
31415,5,61,subset_min,309.279,303.6172304463634,32.055634478486255
31415,5,119,subset_min,284.404,288.92414287497763,20.431691610211097
31415,5,186,subset_min,486.28,466.62214094804466,386.4314225065414
31415,5,228,subset_min,330.83,355.23422311408353,595.5661058019698
31415,5,234,subset_min,464.093,509.3155975509323,2045.083329253586
31415,5,51,subset_min,515.846,546.3386692777938,929.8028796849078
31415,5,60,subset_min,427.584,411.08373439703877,272.2587649682657
31415,5,48,subset_min,273.504,259.8063645539733,187.62521681224732
31415,5,14,subset_min,362.784,343.98909208458974,353.24856354875084
31415,5,290,subset_min,286.009,297.77966254885985,138.54849683913145
31415,5,81,subset_1se,605.271,529.0010872784383,5817.099586554638
31415,5,126,subset_1se,376.944,326.04113178753516,2591.1019922555647
31415,5,183,subset_1se,412.225,450.2974195327579,1449.5091290783225
31415,5,283,subset_1se,310.66,329.85098215227254,368.29379596884206
31415,5,46,subset_1se,452.189,435.5799033666446,275.86209097613835
31415,5,140,subset_1se,325.388,321.80026524955883,12.871840639522972
31415,5,197,subset_1se,194.136,187.3087546896528,46.61127852765776
31415,5,231,subset_1se,288.633,266.64220869499684,483.5949022202018
31415,5,251,subset_1se,361.326,408.99485805390054,2272.3200281629165
31415,5,85,subset_1se,270.692,310.379674703504,1575.1115233711514
31415,5,94,subset_1se,320.296,304.66804513016433,244.2329734136202
31415,5,17,subset_1se,331.027,354.7136554869294,561.0576481564825
31415,5,87,subset_1se,435.447,494.4382240043478,3479.9645095311366
31415,5,22,subset_1se,368.133,346.14099138556537,483.6484428973661
31415,5,79,subset_1se,400.908,510.6739531181696,12048.564463940205
31415,5,150,subset_1se,295.719,272.90094831422493,520.663482734702
31415,5,168,subset_1se,260.578,259.7284300147991,0.7217691597542594
31415,5,211,subset_1se,295.062,360.2087671826484,4244.1012743501915
31415,5,191,subset_1se,436.463,400.0168723463266,1328.32022094786
31415,5,181,subset_1se,330.392,343.890876185749,182.2196582781814
31415,5,289,subset_1se,295.143,261.7981801286937,1111.8770122498634
31415,5,163,subset_1se,303.742,315.5196300006291,138.712568431718
31415,5,263,subset_1se,170.128,199.3165060336938,851.96888447898
31415,5,86,subset_1se,352.697,367.9899042021823,233.8729189371246
31415,5,154,subset_1se,237.824,245.81509524876077,63.85760327476675
31415,5,6,subset_1se,331.553,333.6934663167018,4.581596052934989
31415,5,82,subset_1se,359.388,348.0617196094923,128.28462748439904
31415,5,36,subset_1se,222.522,276.6464998711106,2929.4614862978547
31415,5,7,subset_1se,237.352,219.0316415624471,335.63553328041564
31415,5,242,subset_1se,235.366,259.7284300147991,593.5279962259821
31415,5,57,subset_1se,300.151,306.59247538108025,41.4926050850628
31415,5,66,subset_1se,336.651,354.04057582809355,302.3973474810152
31415,5,182,subset_1se,176.669,203.50330577676857,720.0799665211144
31415,5,12,subset_1se,452.888,413.29651062105245,1567.486031243315
31415,5,141,subset_1se,279.634,286.64082234146076,49.09555932479347
31415,5,281,subset_1se,466.669,517.7798841667716,2612.3224803091434
31415,5,155,subset_1se,437.721,488.2302339716986,2551.182716407794
31415,5,198,subset_1se,325.095,272.6303117282321,2752.543515453786
31415,5,106,subset_1se,272.919,273.2974711384959,0.143240402674391
31415,5,136,subset_1se,280.012,283.7872158280909,14.252254548668006
31415,5,179,subset_1se,236.114,270.78533612393215,1202.1015486186825
31415,5,256,subset_1se,211.449,200.3047581419553,124.19412659059608
31415,5,74,subset_1se,227.396,236.4365530837939,81.73160006089583
31415,5,157,subset_1se,326.446,327.9850598221104,2.36870513603433
31415,5,223,subset_1se,328.27,347.3495470424344,364.02911534446724
31415,5,189,subset_1se,282.527,310.3340346177636,773.2311742335052
31415,5,25,subset_1se,365.837,382.8033989714714,287.85869405914553
31415,5,40,subset_1se,512.399,488.2302339716986,584.1292513307748
31415,5,152,subset_1se,299.292,348.0138678058822,2373.820402493866
31415,5,284,subset_1se,386.48,367.9899042021823,341.8836426124769
31415,5,61,subset_1se,309.279,320.31347480079154,121.75963412930356
31415,5,119,subset_1se,284.404,307.6086324660115,538.4549678826751
31415,5,186,subset_1se,486.28,461.4524941603781,616.4050462164591
31415,5,228,subset_1se,330.83,350.1244817658777,372.2770266137878
31415,5,234,subset_1se,464.093,510.7249178251242,2174.5357600491325
31415,5,51,subset_1se,515.846,539.6140432275648,564.9198788673898
31415,5,60,subset_1se,427.584,404.89924795205627,514.5979754766873
31415,5,48,subset_1se,273.504,264.96513350728395,72.9122409804292
31415,5,14,subset_1se,362.784,344.2851876362531,342.2060588691144
31415,5,290,subset_1se,286.009,298.2703392792043,150.34044091975736
31415,5,81,adaptive_linear,605.271,529.5586217610721,5732.364218594474
31415,5,126,adaptive_linear,376.944,328.2215109234565,2373.880941813903
31415,5,183,adaptive_linear,412.225,440.3572452566579,791.4232231807499
31415,5,283,adaptive_linear,310.66,350.84398257399107,1614.752455506816
31415,5,46,adaptive_linear,452.189,437.23817145658927,223.5272741344656
31415,5,140,adaptive_linear,325.388,309.43899841875043,254.37065143870055
31415,5,197,adaptive_linear,194.136,192.08442521008593,4.208959118610963
31415,5,231,adaptive_linear,288.633,260.0748087269812,815.5702887863267
31415,5,251,adaptive_linear,361.326,425.1180540463614,4069.426159453892
31415,5,85,adaptive_linear,270.692,300.5099164620589,889.1081421383242
31415,5,94,adaptive_linear,320.296,298.4304824801702,478.10085640998307
31415,5,17,adaptive_linear,331.027,342.17567505845955,124.29295555911827
31415,5,87,adaptive_linear,435.447,489.00501789052,2868.461280361258
31415,5,22,adaptive_linear,368.133,331.20380625424497,1363.7653507115112
31415,5,79,adaptive_linear,400.908,508.9808441709421,11679.739647196726
31415,5,150,adaptive_linear,295.719,270.3020243008286,646.0226536922703
31415,5,168,adaptive_linear,260.578,255.8131733386196,22.703573113001188
31415,5,211,adaptive_linear,295.062,357.37496600917393,3882.9057328604645
31415,5,191,adaptive_linear,436.463,399.30925451754507,1380.4008033750417
31415,5,181,adaptive_linear,330.392,340.7140367210018,106.54444206970918
31415,5,289,adaptive_linear,295.143,259.37074398127766,1279.654300669015
31415,5,163,adaptive_linear,303.742,309.5676143614216,33.93778268800126
31415,5,263,adaptive_linear,170.128,208.49704936050063,1472.1839488285345
31415,5,86,adaptive_linear,352.697,367.34738991396887,214.63392463132067
31415,5,154,adaptive_linear,237.824,234.97609095658441,8.110585919568345
31415,5,6,adaptive_linear,331.553,336.7209775271506,26.707991721133457
31415,5,82,adaptive_linear,359.388,333.5230983945441,668.9931350599144
31415,5,36,adaptive_linear,222.522,270.47245853028056,2299.246473264157
31415,5,7,adaptive_linear,237.352,220.03551107613634,299.86078865029276
31415,5,242,adaptive_linear,235.366,255.8131733386196,418.0868975395559
31415,5,57,adaptive_linear,300.151,306.68230055716015,42.65788696796031
31415,5,66,adaptive_linear,336.651,366.9214035741167,916.2973325398971
31415,5,182,adaptive_linear,176.669,209.51022332843112,1078.545949707888
31415,5,12,adaptive_linear,452.888,423.967740615022,836.3814028944054
31415,5,141,adaptive_linear,279.634,291.54104671854293,141.7777615575636
31415,5,281,adaptive_linear,466.669,528.1255665736755,3776.909575024616
31415,5,155,adaptive_linear,437.721,487.54805194233506,2482.735105264156
31415,5,198,adaptive_linear,325.095,279.65970622489675,2064.3659204299383
31415,5,106,adaptive_linear,272.919,270.5325325637301,5.695226824376476
31415,5,136,adaptive_linear,280.012,272.8701376346217,51.00619804600695
31415,5,179,adaptive_linear,236.114,272.04719493928656,1291.1944985447685
31415,5,256,adaptive_linear,211.449,192.67458000359136,352.4788462015491
31415,5,74,adaptive_linear,227.396,242.8110019176125,237.62228411999706
31415,5,157,adaptive_linear,326.446,313.4732977448069,168.29100380189212
31415,5,223,adaptive_linear,328.27,349.548222274909,452.7627431804341
31415,5,189,adaptive_linear,282.527,309.4449072843492,724.5737325688203
31415,5,25,adaptive_linear,365.837,381.53840107662074,246.5339957689074
31415,5,40,adaptive_linear,512.399,487.54805194233506,617.5696193647607
31415,5,152,adaptive_linear,299.292,323.2406087355239,573.5358603672125
31415,5,284,adaptive_linear,386.48,367.34738991396887,366.0567687041009
31415,5,61,adaptive_linear,309.279,303.6172304463634,32.055634478486255
31415,5,119,adaptive_linear,284.404,288.92414287497763,20.431691610211097
31415,5,186,adaptive_linear,486.28,466.62214094804466,386.4314225065414
31415,5,228,adaptive_linear,330.83,355.23422311408353,595.5661058019698
31415,5,234,adaptive_linear,464.093,509.3155975509323,2045.083329253586
31415,5,51,adaptive_linear,515.846,546.3386692777938,929.8028796849078
31415,5,60,adaptive_linear,427.584,411.08373439703877,272.2587649682657
31415,5,48,adaptive_linear,273.504,259.8063645539733,187.62521681224732
31415,5,14,adaptive_linear,362.784,343.98909208458974,353.24856354875084
31415,5,290,adaptive_linear,286.009,297.77966254885985,138.54849683913145
