model,family,fold,degree,penalty,C,log_loss,auc,accuracy,f1
glm_current_simple,statsmodels_glm,1,,none,,0.47712454169577967,0.84375,0.75,0.7368421052631579
glm_best_subset,statsmodels_glm,1,,none,,0.461064516647088,0.8694196428571429,0.7666666666666667,0.75
glm_full_degree2,statsmodels_glm,1,,none,,0.4621260359103055,0.8705357142857142,0.8,0.7857142857142857
ridge_poly1_C0.01,sklearn_regularized,1,1,l2,0.01,0.6588331493151067,0.7220982142857143,0.7,0.6666666666666666
ridge_poly1_C0.03,sklearn_regularized,1,1,l2,0.03,0.6445066394167402,0.7209821428571428,0.6666666666666666,0.6666666666666666
ridge_poly1_C0.1,sklearn_regularized,1,1,l2,0.1,0.6385013351163662,0.7232142857142857,0.65,0.6557377049180327
ridge_poly1_C0.3,sklearn_regularized,1,1,l2,0.3,0.637870897509723,0.7220982142857143,0.6166666666666667,0.6349206349206349
ridge_poly1_C1,sklearn_regularized,1,1,l2,1,0.638069697256293,0.7220982142857143,0.6166666666666667,0.6349206349206349
ridge_poly1_C3,sklearn_regularized,1,1,l2,3,0.6381837912660767,0.7220982142857143,0.6166666666666667,0.6349206349206349
ridge_poly1_C10,sklearn_regularized,1,1,l2,10,0.638231308884223,0.7209821428571429,0.6166666666666667,0.6349206349206349
ridge_poly1_C30,sklearn_regularized,1,1,l2,30,0.6382456475816417,0.7209821428571429,0.6166666666666667,0.6349206349206349
ridge_poly1_C100,sklearn_regularized,1,1,l2,100,0.6382507476340163,0.7209821428571429,0.6166666666666667,0.6349206349206349
ridge_poly2_C0.01,sklearn_regularized,1,2,l2,0.01,0.5970554935248337,0.8649553571428572,0.8,0.7777777777777778
ridge_poly2_C0.03,sklearn_regularized,1,2,l2,0.03,0.5415856201019138,0.8716517857142857,0.7833333333333333,0.7796610169491526
ridge_poly2_C0.1,sklearn_regularized,1,2,l2,0.1,0.49687331786526834,0.8705357142857143,0.7833333333333333,0.7796610169491526
ridge_poly2_C0.3,sklearn_regularized,1,2,l2,0.3,0.4757591481319503,0.8738839285714285,0.7833333333333333,0.7719298245614035
ridge_poly2_C1,sklearn_regularized,1,2,l2,1,0.4665004740485774,0.8738839285714286,0.7833333333333333,0.7719298245614035
ridge_poly2_C3,sklearn_regularized,1,2,l2,3,0.463580155114405,0.8705357142857142,0.8,0.7857142857142857
ridge_poly2_C10,sklearn_regularized,1,2,l2,10,0.4625392476591402,0.8705357142857142,0.8,0.7857142857142857
ridge_poly2_C30,sklearn_regularized,1,2,l2,30,0.4622392513668574,0.8705357142857142,0.8,0.7857142857142857
ridge_poly2_C100,sklearn_regularized,1,2,l2,100,0.46213398162166736,0.8705357142857142,0.8,0.7857142857142857
ridge_poly3_C0.01,sklearn_regularized,1,3,l2,0.01,0.6015840904519071,0.8359375,0.7833333333333333,0.7547169811320755
ridge_poly3_C0.03,sklearn_regularized,1,3,l2,0.03,0.5576981093031207,0.8426339285714286,0.75,0.7272727272727273
ridge_poly3_C0.1,sklearn_regularized,1,3,l2,0.1,0.5368323404034222,0.8381696428571428,0.75,0.7272727272727273
ridge_poly3_C0.3,sklearn_regularized,1,3,l2,0.3,0.55675962394047,0.8270089285714286,0.7166666666666667,0.6792452830188679
ridge_poly3_C1,sklearn_regularized,1,3,l2,1,0.61514566890383,0.7957589285714286,0.6666666666666666,0.6
ridge_poly3_C3,sklearn_regularized,1,3,l2,3,0.6693764614671519,0.765625,0.6333333333333333,0.5416666666666666
ridge_poly3_C10,sklearn_regularized,1,3,l2,10,0.703642709205821,0.7555803571428571,0.65,0.5714285714285714
ridge_poly3_C30,sklearn_regularized,1,3,l2,30,0.7167268637268568,0.7511160714285714,0.6333333333333333,0.56
ridge_poly3_C100,sklearn_regularized,1,3,l2,100,0.7215662826054685,0.7488839285714286,0.6333333333333333,0.56
ridge_poly4_C0.01,sklearn_regularized,1,4,l2,0.01,0.56883882422346,0.8604910714285714,0.7833333333333333,0.7547169811320755
ridge_poly4_C0.03,sklearn_regularized,1,4,l2,0.03,0.5307413307988748,0.8582589285714286,0.7833333333333333,0.7547169811320755
ridge_poly4_C0.1,sklearn_regularized,1,4,l2,0.1,0.5226109085854046,0.8616071428571428,0.7666666666666667,0.7307692307692307
ridge_poly4_C0.3,sklearn_regularized,1,4,l2,0.3,0.5543108300854495,0.84375,0.75,0.7058823529411765
ridge_poly4_C1,sklearn_regularized,1,4,l2,1,0.6350610742971219,0.8191964285714286,0.75,0.7058823529411765
ridge_poly4_C3,sklearn_regularized,1,4,l2,3,0.7483921922798374,0.7790178571428572,0.7333333333333333,0.6923076923076923
ridge_poly4_C10,sklearn_regularized,1,4,l2,10,0.8995172146700449,0.7421875,0.65,0.6037735849056604
ridge_poly4_C30,sklearn_regularized,1,4,l2,30,1.0181131011934996,0.7120535714285714,0.6666666666666666,0.6153846153846154
ridge_poly4_C100,sklearn_regularized,1,4,l2,100,1.089015533965979,0.7008928571428572,0.6666666666666666,0.6153846153846154
ridge_poly5_C0.01,sklearn_regularized,1,5,l2,0.01,0.5749764416459849,0.8537946428571429,0.7666666666666667,0.7307692307692307
ridge_poly5_C0.03,sklearn_regularized,1,5,l2,0.03,0.5427105743410111,0.8549107142857142,0.7666666666666667,0.7407407407407407
ridge_poly5_C0.1,sklearn_regularized,1,5,l2,0.1,0.5456578651027868,0.8515625,0.75,0.7169811320754716
ridge_poly5_C0.3,sklearn_regularized,1,5,l2,0.3,0.5978050990866414,0.8058035714285715,0.7,0.6538461538461539
ridge_poly5_C1,sklearn_regularized,1,5,l2,1,0.7208998714934253,0.75,0.7,0.6538461538461539
ridge_poly5_C3,sklearn_regularized,1,5,l2,3,0.8892915711483226,0.6930803571428572,0.6666666666666666,0.6296296296296297
ridge_poly5_C10,sklearn_regularized,1,5,l2,10,1.126752595565694,0.6227678571428572,0.5833333333333334,0.5454545454545454
ridge_poly5_C30,sklearn_regularized,1,5,l2,30,1.3936232419519237,0.5881696428571428,0.5666666666666667,0.5
ridge_poly5_C100,sklearn_regularized,1,5,l2,100,1.8559555423617267,0.5301339285714286,0.5166666666666667,0.43137254901960786
ridge_poly6_C0.01,sklearn_regularized,1,6,l2,0.01,0.565290942416761,0.8571428571428571,0.7666666666666667,0.7307692307692307
ridge_poly6_C0.03,sklearn_regularized,1,6,l2,0.03,0.5379530985658271,0.8593749999999999,0.7666666666666667,0.7407407407407407
ridge_poly6_C0.1,sklearn_regularized,1,6,l2,0.1,0.5443097148864552,0.8381696428571428,0.75,0.7169811320754716
ridge_poly6_C0.3,sklearn_regularized,1,6,l2,0.3,0.599161806714213,0.7979910714285714,0.7166666666666667,0.6792452830188679
ridge_poly6_C1,sklearn_regularized,1,6,l2,1,0.7218372478430511,0.7433035714285714,0.6666666666666666,0.6296296296296297
ridge_poly6_C3,sklearn_regularized,1,6,l2,3,0.8645256673049891,0.6953125,0.65,0.6181818181818182
ridge_poly6_C10,sklearn_regularized,1,6,l2,10,1.0338581390695079,0.6506696428571428,0.6,0.5555555555555556
ridge_poly6_C30,sklearn_regularized,1,6,l2,30,1.25084098711809,0.6194196428571428,0.5833333333333334,0.5283018867924528
ridge_poly6_C100,sklearn_regularized,1,6,l2,100,1.7116206133847347,0.6037946428571428,0.5666666666666667,0.48
lasso_poly2_C0.01,sklearn_regularized,1,2,l1,0.01,0.6931471805599454,0.5,0.4666666666666667,0.6363636363636364
lasso_poly2_C0.03,sklearn_regularized,1,2,l1,0.03,0.6383896520611856,0.8537946428571428,0.7833333333333333,0.7796610169491526
lasso_poly2_C0.1,sklearn_regularized,1,2,l1,0.1,0.5215799401326414,0.8515625,0.7666666666666667,0.7666666666666667
lasso_poly2_C0.3,sklearn_regularized,1,2,l1,0.3,0.4881980561079063,0.8604910714285714,0.7833333333333333,0.7796610169491526
lasso_poly2_C1,sklearn_regularized,1,2,l1,1,0.4706068489601477,0.8694196428571428,0.7833333333333333,0.7796610169491526
lasso_poly2_C3,sklearn_regularized,1,2,l1,3,0.4648191453171158,0.8727678571428571,0.7833333333333333,0.7719298245614035
lasso_poly2_C10,sklearn_regularized,1,2,l1,10,0.4629173332327769,0.8705357142857142,0.8,0.7857142857142857
lasso_poly2_C30,sklearn_regularized,1,2,l1,30,0.4623889349598498,0.8705357142857142,0.8,0.7857142857142857
lasso_poly2_C100,sklearn_regularized,1,2,l1,100,0.4622055785534406,0.8705357142857142,0.8,0.7857142857142857
lasso_poly3_C0.01,sklearn_regularized,1,3,l1,0.01,0.6931471805599454,0.5,0.4666666666666667,0.6363636363636364
lasso_poly3_C0.03,sklearn_regularized,1,3,l1,0.03,0.6383896242675304,0.8537946428571428,0.7833333333333333,0.7796610169491526
lasso_poly3_C0.1,sklearn_regularized,1,3,l1,0.1,0.5281167385876355,0.8448660714285714,0.7833333333333333,0.7796610169491526
lasso_poly3_C0.3,sklearn_regularized,1,3,l1,0.3,0.5208604295282317,0.8314732142857143,0.7833333333333333,0.7719298245614035
lasso_poly3_C1,sklearn_regularized,1,3,l1,1,0.5937067545854404,0.7991071428571429,0.7,0.6538461538461539
lasso_poly3_C3,sklearn_regularized,1,3,l1,3,0.6594679124470603,0.7734375,0.6333333333333333,0.5416666666666666
lasso_poly3_C10,sklearn_regularized,1,3,l1,10,0.7013954073358716,0.7566964285714286,0.65,0.5714285714285714
lasso_poly3_C30,sklearn_regularized,1,3,l1,30,0.715888034956551,0.7522321428571428,0.6333333333333333,0.56
lasso_poly3_C100,sklearn_regularized,1,3,l1,100,0.7212706462977256,0.75,0.6333333333333333,0.56
lasso_poly4_C0.01,sklearn_regularized,1,4,l1,0.01,0.6931471805599454,0.5,0.4666666666666667,0.6363636363636364
lasso_poly4_C0.03,sklearn_regularized,1,4,l1,0.03,0.6383896520611856,0.8537946428571428,0.7833333333333333,0.7796610169491526
lasso_poly4_C0.1,sklearn_regularized,1,4,l1,0.1,0.5280397698770459,0.8459821428571428,0.7833333333333333,0.7796610169491526
lasso_poly4_C0.3,sklearn_regularized,1,4,l1,0.3,0.5182211484998409,0.8381696428571428,0.7666666666666667,0.75
lasso_poly4_C1,sklearn_regularized,1,4,l1,1,0.5948505001849926,0.8225446428571429,0.7166666666666667,0.6666666666666666
lasso_poly4_C3,sklearn_regularized,1,4,l1,3,0.8009453631968022,0.765625,0.7166666666666667,0.6792452830188679
lasso_poly4_C10,sklearn_regularized,1,4,l1,10,0.9976423796999057,0.71875,0.6666666666666666,0.6153846153846154
lasso_poly4_C30,sklearn_regularized,1,4,l1,30,1.0818197427017568,0.703125,0.6666666666666666,0.6153846153846154
lasso_poly4_C100,sklearn_regularized,1,4,l1,100,1.1119344649110459,0.7020089285714286,0.6666666666666666,0.6153846153846154
lasso_poly5_C0.01,sklearn_regularized,1,5,l1,0.01,0.6931471805599454,0.5,0.4666666666666667,0.6363636363636364
lasso_poly5_C0.03,sklearn_regularized,1,5,l1,0.03,0.6383896520611856,0.8537946428571428,0.7833333333333333,0.7796610169491526
lasso_poly5_C0.1,sklearn_regularized,1,5,l1,0.1,0.5278264905770813,0.8459821428571428,0.7833333333333333,0.7796610169491526
lasso_poly5_C0.3,sklearn_regularized,1,5,l1,0.3,0.5170272963585865,0.8392857142857143,0.7666666666666667,0.75
lasso_poly5_C1,sklearn_regularized,1,5,l1,1,0.6515625947881545,0.7857142857142857,0.7,0.6538461538461539
lasso_poly5_C3,sklearn_regularized,1,5,l1,3,0.8809885880838226,0.6886160714285714,0.6,0.5384615384615384
lasso_poly5_C10,sklearn_regularized,1,5,l1,10,1.31637037639113,0.5859375,0.5833333333333334,0.5454545454545454
lasso_poly5_C30,sklearn_regularized,1,5,l1,30,2.0166823913929455,0.53125,0.5333333333333333,0.46153846153846156
lasso_poly5_C100,sklearn_regularized,1,5,l1,100,2.7613794241775262,0.5167410714285714,0.5333333333333333,0.46153846153846156
lasso_poly6_C0.01,sklearn_regularized,1,6,l1,0.01,0.6931471805599454,0.5,0.4666666666666667,0.6363636363636364
lasso_poly6_C0.03,sklearn_regularized,1,6,l1,0.03,0.6383896242675305,0.8537946428571428,0.7833333333333333,0.7796610169491526
lasso_poly6_C0.1,sklearn_regularized,1,6,l1,0.1,0.5278219962952081,0.8459821428571428,0.7833333333333333,0.7796610169491526
lasso_poly6_C0.3,sklearn_regularized,1,6,l1,0.3,0.5168975439548106,0.8370535714285714,0.7666666666666667,0.75
lasso_poly6_C1,sklearn_regularized,1,6,l1,1,0.6636765321474729,0.7790178571428572,0.7,0.6538461538461539
lasso_poly6_C3,sklearn_regularized,1,6,l1,3,0.8939152997563807,0.7042410714285714,0.6333333333333333,0.5769230769230769
lasso_poly6_C10,sklearn_regularized,1,6,l1,10,1.3776174233231457,0.6149553571428571,0.6166666666666667,0.5660377358490566
lasso_poly6_C30,sklearn_regularized,1,6,l1,30,2.007324638333068,0.5864955357142857,0.5333333333333333,0.44
lasso_poly6_C100,sklearn_regularized,1,6,l1,100,2.2367655785148637,0.6322544642857142,0.6166666666666667,0.5306122448979592
glm_current_simple,statsmodels_glm,2,,none,,0.5202636594156075,0.8236607142857143,0.7833333333333333,0.7868852459016393
glm_best_subset,statsmodels_glm,2,,none,,0.5251928767250224,0.8125,0.75,0.7457627118644068
glm_full_degree2,statsmodels_glm,2,,none,,0.5211078753894623,0.8158482142857143,0.75,0.7457627118644068
ridge_poly1_C0.01,sklearn_regularized,2,1,l2,0.01,0.6521651971051223,0.7433035714285714,0.6333333333333333,0.5217391304347826
ridge_poly1_C0.03,sklearn_regularized,2,1,l2,0.03,0.6296211749676455,0.7444196428571428,0.6166666666666667,0.5490196078431373
ridge_poly1_C0.1,sklearn_regularized,2,1,l2,0.1,0.6139829047346812,0.7433035714285714,0.6166666666666667,0.5660377358490566
ridge_poly1_C0.3,sklearn_regularized,2,1,l2,0.3,0.6079753038429193,0.7433035714285714,0.6166666666666667,0.5660377358490566
ridge_poly1_C1,sklearn_regularized,2,1,l2,1,0.6056656859040253,0.7444196428571428,0.6166666666666667,0.5660377358490566
ridge_poly1_C3,sklearn_regularized,2,1,l2,3,0.6049854836474219,0.7444196428571428,0.6166666666666667,0.5660377358490566
ridge_poly1_C10,sklearn_regularized,2,1,l2,10,0.6047452938314054,0.7444196428571428,0.6166666666666667,0.5660377358490566
ridge_poly1_C30,sklearn_regularized,2,1,l2,30,0.6046764673879221,0.7444196428571428,0.6166666666666667,0.5660377358490566
ridge_poly1_C100,sklearn_regularized,2,1,l2,100,0.6046523570954723,0.7444196428571428,0.6166666666666667,0.5660377358490566
ridge_poly2_C0.01,sklearn_regularized,2,2,l2,0.01,0.6159482110879376,0.8370535714285714,0.7333333333333333,0.7142857142857143
ridge_poly2_C0.03,sklearn_regularized,2,2,l2,0.03,0.5717255757303832,0.8292410714285714,0.75,0.7368421052631579
ridge_poly2_C0.1,sklearn_regularized,2,2,l2,0.1,0.5390306546566349,0.8236607142857143,0.7333333333333333,0.7142857142857143
ridge_poly2_C0.3,sklearn_regularized,2,2,l2,0.3,0.5264901839681856,0.8225446428571428,0.7666666666666667,0.7586206896551724
ridge_poly2_C1,sklearn_regularized,2,2,l2,1,0.5224678638606691,0.8191964285714286,0.75,0.7457627118644068
ridge_poly2_C3,sklearn_regularized,2,2,l2,3,0.5215263301949087,0.8180803571428572,0.75,0.7457627118644068
ridge_poly2_C10,sklearn_regularized,2,2,l2,10,0.5212579366483364,0.8169642857142857,0.75,0.7457627118644068
ridge_poly2_C30,sklearn_regularized,2,2,l2,30,0.521187276771322,0.8158482142857143,0.75,0.7457627118644068
ridge_poly2_C100,sklearn_regularized,2,2,l2,100,0.5211632330735324,0.8158482142857143,0.75,0.7457627118644068
ridge_poly3_C0.01,sklearn_regularized,2,3,l2,0.01,0.612735501349566,0.8225446428571428,0.7333333333333333,0.7142857142857143
ridge_poly3_C0.03,sklearn_regularized,2,3,l2,0.03,0.5755898057752018,0.8203125,0.7333333333333333,0.7142857142857143
ridge_poly3_C0.1,sklearn_regularized,2,3,l2,0.1,0.5485615362813561,0.8080357142857143,0.7666666666666667,0.7586206896551724
ridge_poly3_C0.3,sklearn_regularized,2,3,l2,0.3,0.5383873561046877,0.8035714285714286,0.7666666666666667,0.7586206896551724
ridge_poly3_C1,sklearn_regularized,2,3,l2,1,0.5358688860110193,0.7979910714285715,0.75,0.7368421052631579
ridge_poly3_C3,sklearn_regularized,2,3,l2,3,0.5360375034519704,0.7957589285714286,0.75,0.7368421052631579
ridge_poly3_C10,sklearn_regularized,2,3,l2,10,0.5363933176337345,0.796875,0.75,0.7368421052631579
ridge_poly3_C30,sklearn_regularized,2,3,l2,30,0.5365186578581883,0.796875,0.75,0.7368421052631579
ridge_poly3_C100,sklearn_regularized,2,3,l2,100,0.5365592708494423,0.796875,0.75,0.7368421052631579
ridge_poly4_C0.01,sklearn_regularized,2,4,l2,0.01,0.5992640492228348,0.8392857142857143,0.7333333333333333,0.7142857142857143
ridge_poly4_C0.03,sklearn_regularized,2,4,l2,0.03,0.5625994203416546,0.8214285714285714,0.7333333333333333,0.7142857142857143
ridge_poly4_C0.1,sklearn_regularized,2,4,l2,0.1,0.5390259183806332,0.8035714285714285,0.75,0.7368421052631579
ridge_poly4_C0.3,sklearn_regularized,2,4,l2,0.3,0.5339629625036935,0.7924107142857143,0.75,0.7368421052631579
ridge_poly4_C1,sklearn_regularized,2,4,l2,1,0.5443904559591991,0.7879464285714285,0.75,0.7457627118644068
ridge_poly4_C3,sklearn_regularized,2,4,l2,3,0.57434868889378,0.7823660714285714,0.7333333333333333,0.7333333333333333
ridge_poly4_C10,sklearn_regularized,2,4,l2,10,0.6305473547792116,0.7712053571428572,0.7166666666666667,0.7301587301587301
ridge_poly4_C30,sklearn_regularized,2,4,l2,30,0.6838521858504039,0.7600446428571429,0.7166666666666667,0.7301587301587301
ridge_poly4_C100,sklearn_regularized,2,4,l2,100,0.7243428065834029,0.7578125,0.7166666666666667,0.7301587301587301
ridge_poly5_C0.01,sklearn_regularized,2,5,l2,0.01,0.6019442776755943,0.8314732142857143,0.7333333333333333,0.7142857142857143
ridge_poly5_C0.03,sklearn_regularized,2,5,l2,0.03,0.5679710519756721,0.8091517857142858,0.7333333333333333,0.7142857142857143
ridge_poly5_C0.1,sklearn_regularized,2,5,l2,0.1,0.5491069510375373,0.7979910714285714,0.75,0.7368421052631579
ridge_poly5_C0.3,sklearn_regularized,2,5,l2,0.3,0.5525934414221987,0.7857142857142856,0.75,0.7368421052631579
ridge_poly5_C1,sklearn_regularized,2,5,l2,1,0.5809149968885093,0.78125,0.7333333333333333,0.7333333333333333
ridge_poly5_C3,sklearn_regularized,2,5,l2,3,0.6396484524998732,0.7589285714285714,0.7,0.7096774193548387
ridge_poly5_C10,sklearn_regularized,2,5,l2,10,0.750681929213774,0.7421875,0.6833333333333333,0.6885245901639344
ridge_poly5_C30,sklearn_regularized,2,5,l2,30,0.9134739911565174,0.7321428571428571,0.6833333333333333,0.6885245901639344
ridge_poly5_C100,sklearn_regularized,2,5,l2,100,1.1338334095309621,0.7444196428571429,0.6833333333333333,0.6779661016949152
ridge_poly6_C0.01,sklearn_regularized,2,6,l2,0.01,0.6001060024692557,0.8191964285714285,0.7333333333333333,0.7142857142857143
ridge_poly6_C0.03,sklearn_regularized,2,6,l2,0.03,0.5673219069457265,0.8058035714285714,0.7333333333333333,0.7142857142857143
ridge_poly6_C0.1,sklearn_regularized,2,6,l2,0.1,0.5514188178671637,0.7912946428571429,0.75,0.7368421052631579
ridge_poly6_C0.3,sklearn_regularized,2,6,l2,0.3,0.5610184082739255,0.7901785714285714,0.75,0.7368421052631579
ridge_poly6_C1,sklearn_regularized,2,6,l2,1,0.6008885314189724,0.7834821428571428,0.7166666666666667,0.7213114754098361
ridge_poly6_C3,sklearn_regularized,2,6,l2,3,0.6716532778621161,0.7700892857142857,0.6833333333333333,0.6984126984126984
ridge_poly6_C10,sklearn_regularized,2,6,l2,10,0.8108713782158468,0.7566964285714286,0.7,0.7096774193548387
ridge_poly6_C30,sklearn_regularized,2,6,l2,30,1.0436054131037564,0.7477678571428572,0.6833333333333333,0.6885245901639344
ridge_poly6_C100,sklearn_regularized,2,6,l2,100,1.2532919532076074,0.7399553571428571,0.6833333333333333,0.6885245901639344
lasso_poly2_C0.01,sklearn_regularized,2,2,l1,0.01,0.6931471805599454,0.5,0.4666666666666667,0.6363636363636364
lasso_poly2_C0.03,sklearn_regularized,2,2,l1,0.03,0.6503679655794949,0.8236607142857142,0.75,0.7368421052631579
lasso_poly2_C0.1,sklearn_regularized,2,2,l1,0.1,0.5474244261079325,0.8337053571428572,0.7833333333333333,0.7796610169491526
lasso_poly2_C0.3,sklearn_regularized,2,2,l1,0.3,0.5288467875649794,0.8203125,0.7666666666666667,0.7666666666666667
lasso_poly2_C1,sklearn_regularized,2,2,l1,1,0.5229209311438583,0.8203125,0.75,0.7457627118644068
lasso_poly2_C3,sklearn_regularized,2,2,l1,3,0.5223328454921001,0.8203125,0.75,0.7457627118644068
lasso_poly2_C10,sklearn_regularized,2,2,l1,10,0.5214911253828551,0.8147321428571429,0.75,0.7457627118644068
lasso_poly2_C30,sklearn_regularized,2,2,l1,30,0.5212361824510023,0.8158482142857143,0.75,0.7457627118644068
lasso_poly2_C100,sklearn_regularized,2,2,l1,100,0.5211482964433877,0.8158482142857143,0.75,0.7457627118644068
lasso_poly3_C0.01,sklearn_regularized,2,3,l1,0.01,0.6931471805599454,0.5,0.4666666666666667,0.6363636363636364
lasso_poly3_C0.03,sklearn_regularized,2,3,l1,0.03,0.6503678213481121,0.8236607142857142,0.75,0.7368421052631579
lasso_poly3_C0.1,sklearn_regularized,2,3,l1,0.1,0.5481863466631608,0.8314732142857143,0.7833333333333333,0.7796610169491526
lasso_poly3_C0.3,sklearn_regularized,2,3,l1,0.3,0.5376149242335602,0.8191964285714286,0.7833333333333333,0.7796610169491526
lasso_poly3_C1,sklearn_regularized,2,3,l1,1,0.5336979154964359,0.7991071428571428,0.7666666666666667,0.7586206896551724
lasso_poly3_C3,sklearn_regularized,2,3,l1,3,0.5335131174846276,0.8024553571428572,0.75,0.7368421052631579
lasso_poly3_C10,sklearn_regularized,2,3,l1,10,0.5353376651858691,0.8002232142857143,0.75,0.7368421052631579
lasso_poly3_C30,sklearn_regularized,2,3,l1,30,0.5361268030252422,0.7979910714285715,0.75,0.7368421052631579
lasso_poly3_C100,sklearn_regularized,2,3,l1,100,0.5364271249832123,0.796875,0.75,0.7368421052631579
lasso_poly4_C0.01,sklearn_regularized,2,4,l1,0.01,0.6931471805599454,0.5,0.4666666666666667,0.6363636363636364
lasso_poly4_C0.03,sklearn_regularized,2,4,l1,0.03,0.6503683247570187,0.8236607142857142,0.75,0.7368421052631579
lasso_poly4_C0.1,sklearn_regularized,2,4,l1,0.1,0.5481378673425379,0.8314732142857143,0.7833333333333333,0.7796610169491526
lasso_poly4_C0.3,sklearn_regularized,2,4,l1,0.3,0.5351725534703746,0.8203125,0.7666666666666667,0.7586206896551724
lasso_poly4_C1,sklearn_regularized,2,4,l1,1,0.5455582556280806,0.7935267857142856,0.7333333333333333,0.7142857142857143
lasso_poly4_C3,sklearn_regularized,2,4,l1,3,0.5950617673377943,0.7756696428571428,0.7333333333333333,0.7241379310344828
lasso_poly4_C10,sklearn_regularized,2,4,l1,10,0.6767586486768853,0.7633928571428572,0.7166666666666667,0.7301587301587301
lasso_poly4_C30,sklearn_regularized,2,4,l1,30,0.7211966283999082,0.7522321428571429,0.7166666666666667,0.7301587301587301
lasso_poly4_C100,sklearn_regularized,2,4,l1,100,0.7405515969836991,0.7555803571428571,0.7166666666666667,0.7301587301587301
lasso_poly5_C0.01,sklearn_regularized,2,5,l1,0.01,0.6931471805599454,0.5,0.4666666666666667,0.6363636363636364
lasso_poly5_C0.03,sklearn_regularized,2,5,l1,0.03,0.6503676620545676,0.8236607142857142,0.75,0.7368421052631579
lasso_poly5_C0.1,sklearn_regularized,2,5,l1,0.1,0.5481281471775014,0.8314732142857143,0.7833333333333333,0.7796610169491526
lasso_poly5_C0.3,sklearn_regularized,2,5,l1,0.3,0.5397396947121632,0.8136160714285714,0.7666666666666667,0.7586206896551724
lasso_poly5_C1,sklearn_regularized,2,5,l1,1,0.5903475183724092,0.7734374999999999,0.7166666666666667,0.7017543859649122
lasso_poly5_C3,sklearn_regularized,2,5,l1,3,0.7435697551752241,0.7287946428571428,0.7166666666666667,0.711864406779661
lasso_poly5_C10,sklearn_regularized,2,5,l1,10,1.0451463095069478,0.7232142857142856,0.65,0.6557377049180327
lasso_poly5_C30,sklearn_regularized,2,5,l1,30,1.2682150827992982,0.74609375,0.6833333333333333,0.6779661016949152
lasso_poly5_C100,sklearn_regularized,2,5,l1,100,1.4661092940243678,0.7505580357142858,0.6666666666666666,0.6666666666666666
lasso_poly6_C0.01,sklearn_regularized,2,6,l1,0.01,0.6931471805599454,0.5,0.4666666666666667,0.6363636363636364
lasso_poly6_C0.03,sklearn_regularized,2,6,l1,0.03,0.650367709710508,0.8236607142857142,0.75,0.7368421052631579
lasso_poly6_C0.1,sklearn_regularized,2,6,l1,0.1,0.548128832851137,0.8314732142857143,0.7833333333333333,0.7796610169491526
lasso_poly6_C0.3,sklearn_regularized,2,6,l1,0.3,0.539279897624718,0.8136160714285714,0.7666666666666667,0.7586206896551724
lasso_poly6_C1,sklearn_regularized,2,6,l1,1,0.5906931228786251,0.7745535714285714,0.7166666666666667,0.7017543859649122
lasso_poly6_C3,sklearn_regularized,2,6,l1,3,0.7652081824200028,0.7377232142857143,0.7166666666666667,0.711864406779661
lasso_poly6_C10,sklearn_regularized,2,6,l1,10,1.1096320659641528,0.7399553571428571,0.6666666666666666,0.6774193548387096
lasso_poly6_C30,sklearn_regularized,2,6,l1,30,1.5188018476041167,0.7410714285714286,0.6833333333333333,0.6885245901639344
lasso_poly6_C100,sklearn_regularized,2,6,l1,100,2.4611253037945335,0.7220982142857142,0.6333333333333333,0.6451612903225806
glm_current_simple,statsmodels_glm,3,,none,,0.5274134420689666,0.8102678571428572,0.7333333333333333,0.7142857142857143
glm_best_subset,statsmodels_glm,3,,none,,0.5149290019397705,0.8236607142857143,0.75,0.7368421052631579
glm_full_degree2,statsmodels_glm,3,,none,,0.5271325364553389,0.8236607142857142,0.7666666666666667,0.75
ridge_poly1_C0.01,sklearn_regularized,3,1,l2,0.01,0.6513072662711866,0.7064732142857143,0.6,0.52
ridge_poly1_C0.03,sklearn_regularized,3,1,l2,0.03,0.6348845516526097,0.7064732142857143,0.6166666666666667,0.5490196078431373
ridge_poly1_C0.1,sklearn_regularized,3,1,l2,0.1,0.6293013499845671,0.7053571428571428,0.6333333333333333,0.5769230769230769
ridge_poly1_C0.3,sklearn_regularized,3,1,l2,0.3,0.6296350688016178,0.7042410714285714,0.6333333333333333,0.5769230769230769
ridge_poly1_C1,sklearn_regularized,3,1,l2,1,0.6303940790292226,0.703125,0.6333333333333333,0.5769230769230769
ridge_poly1_C3,sklearn_regularized,3,1,l2,3,0.630705975982288,0.703125,0.6333333333333333,0.5769230769230769
ridge_poly1_C10,sklearn_regularized,3,1,l2,10,0.6308269246269618,0.703125,0.6333333333333333,0.5769230769230769
ridge_poly1_C30,sklearn_regularized,3,1,l2,30,0.6308626641674768,0.703125,0.6333333333333333,0.5769230769230769
ridge_poly1_C100,sklearn_regularized,3,1,l2,100,0.6308752994333628,0.703125,0.6333333333333333,0.5769230769230769
ridge_poly2_C0.01,sklearn_regularized,3,2,l2,0.01,0.6043530441686691,0.7991071428571429,0.7333333333333333,0.7037037037037037
ridge_poly2_C0.03,sklearn_regularized,3,2,l2,0.03,0.558661070700539,0.8024553571428571,0.7333333333333333,0.7142857142857143
ridge_poly2_C0.1,sklearn_regularized,3,2,l2,0.1,0.5280508571080877,0.8136160714285714,0.7333333333333333,0.7142857142857143
ridge_poly2_C0.3,sklearn_regularized,3,2,l2,0.3,0.5207062054839653,0.8191964285714286,0.75,0.7272727272727273
ridge_poly2_C1,sklearn_regularized,3,2,l2,1,0.5229574346890238,0.8214285714285714,0.7666666666666667,0.75
ridge_poly2_C3,sklearn_regularized,3,2,l2,3,0.5253694561756953,0.8225446428571428,0.7666666666666667,0.75
ridge_poly2_C10,sklearn_regularized,3,2,l2,10,0.5265584338584846,0.8225446428571428,0.7666666666666667,0.75
ridge_poly2_C30,sklearn_regularized,3,2,l2,30,0.5269399158246088,0.8225446428571428,0.7666666666666667,0.75
ridge_poly2_C100,sklearn_regularized,3,2,l2,100,0.5270782107474432,0.8225446428571428,0.7666666666666667,0.75
ridge_poly3_C0.01,sklearn_regularized,3,3,l2,0.01,0.5965694884371507,0.7991071428571428,0.75,0.7169811320754716
ridge_poly3_C0.03,sklearn_regularized,3,3,l2,0.03,0.5531511253839221,0.8158482142857142,0.75,0.7272727272727273
ridge_poly3_C0.1,sklearn_regularized,3,3,l2,0.1,0.5239218474410628,0.8214285714285714,0.7666666666666667,0.75
ridge_poly3_C0.3,sklearn_regularized,3,3,l2,0.3,0.5215469099482646,0.8169642857142858,0.75,0.7368421052631579
ridge_poly3_C1,sklearn_regularized,3,3,l2,1,0.532031263618818,0.8080357142857143,0.7333333333333333,0.7241379310344828
ridge_poly3_C3,sklearn_regularized,3,3,l2,3,0.5418347800899526,0.8024553571428572,0.7333333333333333,0.7241379310344828
ridge_poly3_C10,sklearn_regularized,3,3,l2,10,0.547558912945281,0.8002232142857143,0.7333333333333333,0.7241379310344828
ridge_poly3_C30,sklearn_regularized,3,3,l2,30,0.5494649289920897,0.8013392857142857,0.7333333333333333,0.7241379310344828
ridge_poly3_C100,sklearn_regularized,3,3,l2,100,0.5502014417083548,0.8013392857142857,0.7333333333333333,0.7241379310344828
ridge_poly4_C0.01,sklearn_regularized,3,4,l2,0.01,0.5747244748986177,0.8058035714285714,0.75,0.7169811320754716
ridge_poly4_C0.03,sklearn_regularized,3,4,l2,0.03,0.5420111746225866,0.8024553571428572,0.75,0.7272727272727273
ridge_poly4_C0.1,sklearn_regularized,3,4,l2,0.1,0.5399231313927418,0.796875,0.7333333333333333,0.7241379310344828
ridge_poly4_C0.3,sklearn_regularized,3,4,l2,0.3,0.5703263032978716,0.78125,0.7166666666666667,0.711864406779661
ridge_poly4_C1,sklearn_regularized,3,4,l2,1,0.6169822102506721,0.7700892857142858,0.7166666666666667,0.7213114754098361
ridge_poly4_C3,sklearn_regularized,3,4,l2,3,0.6605601918944367,0.7633928571428571,0.75,0.7540983606557377
ridge_poly4_C10,sklearn_regularized,3,4,l2,10,0.7149347605933946,0.7466517857142856,0.7166666666666667,0.7301587301587301
ridge_poly4_C30,sklearn_regularized,3,4,l2,30,0.7573171732489142,0.7477678571428572,0.6833333333333333,0.6885245901639344
ridge_poly4_C100,sklearn_regularized,3,4,l2,100,0.7830085488979727,0.7444196428571428,0.6833333333333333,0.6885245901639344
ridge_poly5_C0.01,sklearn_regularized,3,5,l2,0.01,0.5754766364891432,0.8058035714285714,0.75,0.7169811320754716
ridge_poly5_C0.03,sklearn_regularized,3,5,l2,0.03,0.5435082620329017,0.8013392857142857,0.75,0.7272727272727273
ridge_poly5_C0.1,sklearn_regularized,3,5,l2,0.1,0.5405727954872472,0.7991071428571429,0.7333333333333333,0.7241379310344828
ridge_poly5_C0.3,sklearn_regularized,3,5,l2,0.3,0.5646458685023953,0.7834821428571429,0.7166666666666667,0.711864406779661
ridge_poly5_C1,sklearn_regularized,3,5,l2,1,0.6131739700480429,0.7756696428571428,0.7166666666666667,0.7301587301587301
ridge_poly5_C3,sklearn_regularized,3,5,l2,3,0.6966236601611496,0.7700892857142857,0.7333333333333333,0.7419354838709677
ridge_poly5_C10,sklearn_regularized,3,5,l2,10,0.8099958750257935,0.7689732142857143,0.75,0.7540983606557377
ridge_poly5_C30,sklearn_regularized,3,5,l2,30,0.9272848295999495,0.7734375,0.75,0.7540983606557377
ridge_poly5_C100,sklearn_regularized,3,5,l2,100,1.1649489568212226,0.7566964285714286,0.75,0.7619047619047619
ridge_poly6_C0.01,sklearn_regularized,3,6,l2,0.01,0.5704230670051087,0.8058035714285714,0.7333333333333333,0.6923076923076923
ridge_poly6_C0.03,sklearn_regularized,3,6,l2,0.03,0.5443821290786988,0.7991071428571428,0.7333333333333333,0.7142857142857143
ridge_poly6_C0.1,sklearn_regularized,3,6,l2,0.1,0.5433820765388914,0.7968749999999999,0.7333333333333333,0.7241379310344828
ridge_poly6_C0.3,sklearn_regularized,3,6,l2,0.3,0.5629929338273899,0.7912946428571429,0.75,0.7457627118644068
ridge_poly6_C1,sklearn_regularized,3,6,l2,1,0.5942199713138697,0.7823660714285714,0.7166666666666667,0.7301587301587301
ridge_poly6_C3,sklearn_regularized,3,6,l2,3,0.6270968448879816,0.7946428571428572,0.7,0.71875
ridge_poly6_C10,sklearn_regularized,3,6,l2,10,0.6521984454198785,0.7979910714285715,0.7666666666666667,0.7666666666666667
ridge_poly6_C30,sklearn_regularized,3,6,l2,30,0.7730395672184762,0.7879464285714285,0.7666666666666667,0.7586206896551724
ridge_poly6_C100,sklearn_regularized,3,6,l2,100,1.1001319511359362,0.7767857142857142,0.7166666666666667,0.711864406779661
lasso_poly2_C0.01,sklearn_regularized,3,2,l1,0.01,0.6931471805599454,0.5,0.4666666666666667,0.6363636363636364
lasso_poly2_C0.03,sklearn_regularized,3,2,l1,0.03,0.6397458253848874,0.7845982142857143,0.6833333333333333,0.6779661016949152
lasso_poly2_C0.1,sklearn_regularized,3,2,l1,0.1,0.5597411405557652,0.7868303571428571,0.7,0.6896551724137931
lasso_poly2_C0.3,sklearn_regularized,3,2,l1,0.3,0.5348550183902596,0.8024553571428572,0.7333333333333333,0.7142857142857143
lasso_poly2_C1,sklearn_regularized,3,2,l1,1,0.5224995649955203,0.8180803571428572,0.75,0.7368421052631579
lasso_poly2_C3,sklearn_regularized,3,2,l1,3,0.524697431672884,0.8214285714285714,0.7666666666666667,0.75
lasso_poly2_C10,sklearn_regularized,3,2,l1,10,0.5262953104226188,0.8225446428571428,0.7666666666666667,0.75
lasso_poly2_C30,sklearn_regularized,3,2,l1,30,0.5268383908453026,0.8225446428571428,0.7666666666666667,0.75
lasso_poly2_C100,sklearn_regularized,3,2,l1,100,0.5270377798196763,0.8225446428571428,0.7666666666666667,0.75
lasso_poly3_C0.01,sklearn_regularized,3,3,l1,0.01,0.6931471805599454,0.5,0.4666666666666667,0.6363636363636364
lasso_poly3_C0.03,sklearn_regularized,3,3,l1,0.03,0.6397457583151862,0.7845982142857143,0.6833333333333333,0.6779661016949152
lasso_poly3_C0.1,sklearn_regularized,3,3,l1,0.1,0.5597391716345342,0.7868303571428571,0.7,0.6896551724137931
lasso_poly3_C0.3,sklearn_regularized,3,3,l1,0.3,0.5318653538598707,0.8035714285714286,0.7333333333333333,0.7142857142857143
lasso_poly3_C1,sklearn_regularized,3,3,l1,1,0.526774327259987,0.8102678571428572,0.75,0.7368421052631579
lasso_poly3_C3,sklearn_regularized,3,3,l1,3,0.5389254853998584,0.8035714285714286,0.7333333333333333,0.7241379310344828
lasso_poly3_C10,sklearn_regularized,3,3,l1,10,0.5468020788240552,0.8002232142857143,0.7333333333333333,0.7241379310344828
lasso_poly3_C30,sklearn_regularized,3,3,l1,30,0.5493393656846568,0.8002232142857143,0.7333333333333333,0.7241379310344828
lasso_poly3_C100,sklearn_regularized,3,3,l1,100,0.5502387107789044,0.8013392857142857,0.7333333333333333,0.7241379310344828
lasso_poly4_C0.01,sklearn_regularized,3,4,l1,0.01,0.6931471805599454,0.5,0.4666666666666667,0.6363636363636364
lasso_poly4_C0.03,sklearn_regularized,3,4,l1,0.03,0.6397460658145356,0.7845982142857143,0.6833333333333333,0.6779661016949152
lasso_poly4_C0.1,sklearn_regularized,3,4,l1,0.1,0.5597419061304266,0.7868303571428571,0.7,0.6896551724137931
lasso_poly4_C0.3,sklearn_regularized,3,4,l1,0.3,0.53743635372315,0.8002232142857143,0.7,0.6896551724137931
lasso_poly4_C1,sklearn_regularized,3,4,l1,1,0.5861094413019909,0.7756696428571428,0.7166666666666667,0.7213114754098361
lasso_poly4_C3,sklearn_regularized,3,4,l1,3,0.6596404113274962,0.765625,0.75,0.7540983606557377
lasso_poly4_C10,sklearn_regularized,3,4,l1,10,0.7337214429158886,0.7488839285714286,0.7,0.7096774193548387
lasso_poly4_C30,sklearn_regularized,3,4,l1,30,0.7729368944654287,0.7444196428571428,0.6833333333333333,0.6885245901639344
lasso_poly4_C100,sklearn_regularized,3,4,l1,100,0.7904654402044525,0.7433035714285714,0.6666666666666666,0.6774193548387096
lasso_poly5_C0.01,sklearn_regularized,3,5,l1,0.01,0.6931471805599454,0.5,0.4666666666666667,0.6363636363636364
lasso_poly5_C0.03,sklearn_regularized,3,5,l1,0.03,0.6397456325178557,0.7845982142857143,0.6833333333333333,0.6779661016949152
lasso_poly5_C0.1,sklearn_regularized,3,5,l1,0.1,0.5597391088367097,0.7868303571428571,0.7,0.6896551724137931
lasso_poly5_C0.3,sklearn_regularized,3,5,l1,0.3,0.5383810965456798,0.7979910714285715,0.7,0.6896551724137931
lasso_poly5_C1,sklearn_regularized,3,5,l1,1,0.6153747239351632,0.765625,0.7,0.7
lasso_poly5_C3,sklearn_regularized,3,5,l1,3,0.7352281494842942,0.7633928571428572,0.7333333333333333,0.7419354838709677
lasso_poly5_C10,sklearn_regularized,3,5,l1,10,0.8782825703588768,0.7845982142857143,0.7666666666666667,0.7741935483870968
lasso_poly5_C30,sklearn_regularized,3,5,l1,30,1.1304630480965663,0.7645089285714286,0.7333333333333333,0.7419354838709677
lasso_poly5_C100,sklearn_regularized,3,5,l1,100,1.4718294747095357,0.7332589285714286,0.7166666666666667,0.7213114754098361
lasso_poly6_C0.01,sklearn_regularized,3,6,l1,0.01,0.6931471805599454,0.5,0.4666666666666667,0.6363636363636364
lasso_poly6_C0.03,sklearn_regularized,3,6,l1,0.03,0.6397456638016755,0.7845982142857143,0.6833333333333333,0.6779661016949152
lasso_poly6_C0.1,sklearn_regularized,3,6,l1,0.1,0.5597502117491788,0.7868303571428571,0.7,0.6896551724137931
lasso_poly6_C0.3,sklearn_regularized,3,6,l1,0.3,0.538395976534653,0.7979910714285715,0.7,0.6896551724137931
lasso_poly6_C1,sklearn_regularized,3,6,l1,1,0.5942835509854132,0.7734375,0.7,0.7
lasso_poly6_C3,sklearn_regularized,3,6,l1,3,0.6545072639552915,0.7857142857142858,0.7166666666666667,0.7213114754098361
lasso_poly6_C10,sklearn_regularized,3,6,l1,10,0.7592392649137405,0.8080357142857142,0.8,0.7857142857142857
lasso_poly6_C30,sklearn_regularized,3,6,l1,30,1.5991573001990722,0.7488839285714286,0.6833333333333333,0.6666666666666666
lasso_poly6_C100,sklearn_regularized,3,6,l1,100,2.5164619975360227,0.7254464285714286,0.6666666666666666,0.6296296296296297
glm_current_simple,statsmodels_glm,4,,none,,0.5721034057011154,0.7853170189098999,0.6666666666666666,0.6551724137931034
glm_best_subset,statsmodels_glm,4,,none,,0.5850318359066767,0.7764182424916575,0.6666666666666666,0.6666666666666666
glm_full_degree2,statsmodels_glm,4,,none,,0.5904087075410505,0.7708565072302559,0.65,0.631578947368421
ridge_poly1_C0.01,sklearn_regularized,4,1,l2,0.01,0.6548431050700209,0.6885428253615128,0.6,0.52
ridge_poly1_C0.03,sklearn_regularized,4,1,l2,0.03,0.6399309368563358,0.6840934371523916,0.5833333333333334,0.5454545454545454
ridge_poly1_C0.1,sklearn_regularized,4,1,l2,0.1,0.6362339049497698,0.6818687430478308,0.6,0.5714285714285714
ridge_poly1_C0.3,sklearn_regularized,4,1,l2,0.3,0.6377840885261513,0.6807563959955506,0.6166666666666667,0.5964912280701754
ridge_poly1_C1,sklearn_regularized,4,1,l2,1,0.6391292337235955,0.681868743047831,0.6166666666666667,0.5964912280701754
ridge_poly1_C3,sklearn_regularized,4,1,l2,3,0.6395983402798646,0.681868743047831,0.6166666666666667,0.5964912280701754
ridge_poly1_C10,sklearn_regularized,4,1,l2,10,0.6397896635672546,0.681868743047831,0.6166666666666667,0.5964912280701754
ridge_poly1_C30,sklearn_regularized,4,1,l2,30,0.6398458289389659,0.681868743047831,0.6166666666666667,0.5964912280701754
ridge_poly1_C100,sklearn_regularized,4,1,l2,100,0.6398656474052242,0.681868743047831,0.6166666666666667,0.5964912280701754
ridge_poly2_C0.01,sklearn_regularized,4,2,l2,0.01,0.6181020965734282,0.760845383759733,0.6333333333333333,0.56
ridge_poly2_C0.03,sklearn_regularized,4,2,l2,0.03,0.5842566016717078,0.7664071190211347,0.6333333333333333,0.6071428571428571
ridge_poly2_C0.1,sklearn_regularized,4,2,l2,0.1,0.5709474166399154,0.7697441601779755,0.65,0.631578947368421
ridge_poly2_C0.3,sklearn_regularized,4,2,l2,0.3,0.5757177348319256,0.7730812013348165,0.65,0.631578947368421
ridge_poly2_C1,sklearn_regularized,4,2,l2,1,0.5838134464225925,0.7730812013348165,0.65,0.631578947368421
ridge_poly2_C3,sklearn_regularized,4,2,l2,3,0.5879076637757806,0.7741935483870968,0.65,0.631578947368421
ridge_poly2_C10,sklearn_regularized,4,2,l2,10,0.5896627137556528,0.7719688542825361,0.65,0.631578947368421
ridge_poly2_C30,sklearn_regularized,4,2,l2,30,0.5902017912299339,0.7708565072302559,0.65,0.631578947368421
ridge_poly2_C100,sklearn_regularized,4,2,l2,100,0.5903947272237559,0.7708565072302559,0.65,0.631578947368421
ridge_poly3_C0.01,sklearn_regularized,4,3,l2,0.01,0.6065708769366948,0.7730812013348165,0.65,0.5882352941176471
ridge_poly3_C0.03,sklearn_regularized,4,3,l2,0.03,0.5787893262230139,0.7808676307007786,0.7,0.6785714285714286
ridge_poly3_C0.1,sklearn_regularized,4,3,l2,0.1,0.5716052797419612,0.7830923248053393,0.6833333333333333,0.6666666666666666
ridge_poly3_C0.3,sklearn_regularized,4,3,l2,0.3,0.5791831877651181,0.7830923248053393,0.6833333333333333,0.6666666666666666
ridge_poly3_C1,sklearn_regularized,4,3,l2,1,0.5898376513058555,0.7797552836484983,0.6833333333333333,0.6545454545454545
ridge_poly3_C3,sklearn_regularized,4,3,l2,3,0.5975662053974918,0.7775305895439376,0.7333333333333333,0.7142857142857143
ridge_poly3_C10,sklearn_regularized,4,3,l2,10,0.6018277761829531,0.7697441601779754,0.75,0.7368421052631579
ridge_poly3_C30,sklearn_regularized,4,3,l2,30,0.6031506452842346,0.7664071190211346,0.75,0.7368421052631579
ridge_poly3_C100,sklearn_regularized,4,3,l2,100,0.6037171964588153,0.7652947719688543,0.75,0.7368421052631579
ridge_poly4_C0.01,sklearn_regularized,4,4,l2,0.01,0.5902962407486009,0.7697441601779755,0.6833333333333333,0.6274509803921569
ridge_poly4_C0.03,sklearn_regularized,4,4,l2,0.03,0.5698639269118659,0.7730812013348165,0.6666666666666666,0.6296296296296297
ridge_poly4_C0.1,sklearn_regularized,4,4,l2,0.1,0.5693906305747143,0.7830923248053393,0.65,0.6181818181818182
ridge_poly4_C0.3,sklearn_regularized,4,4,l2,0.3,0.5783415941997436,0.7975528364849834,0.7166666666666667,0.7017543859649122
ridge_poly4_C1,sklearn_regularized,4,4,l2,1,0.5905856439868092,0.8142380422691881,0.8,0.7857142857142857
ridge_poly4_C3,sklearn_regularized,4,4,l2,3,0.6039921523860347,0.8186874304783093,0.7833333333333333,0.7796610169491526
ridge_poly4_C10,sklearn_regularized,4,4,l2,10,0.6193608019926458,0.8220244716351502,0.75,0.7368421052631579
ridge_poly4_C30,sklearn_regularized,4,4,l2,30,0.6292081200670825,0.8220244716351501,0.75,0.7368421052631579
ridge_poly4_C100,sklearn_regularized,4,4,l2,100,0.6342480182531489,0.8231368186874305,0.75,0.7368421052631579
ridge_poly5_C0.01,sklearn_regularized,4,5,l2,0.01,0.5916653363311757,0.7764182424916574,0.6833333333333333,0.6274509803921569
ridge_poly5_C0.03,sklearn_regularized,4,5,l2,0.03,0.5753423955106161,0.7730812013348165,0.6666666666666666,0.6296296296296297
ridge_poly5_C0.1,sklearn_regularized,4,5,l2,0.1,0.57420901104099,0.7797552836484983,0.65,0.6181818181818182
ridge_poly5_C0.3,sklearn_regularized,4,5,l2,0.3,0.5781781037577975,0.7942157953281423,0.75,0.7272727272727273
ridge_poly5_C1,sklearn_regularized,4,5,l2,1,0.6080451108807217,0.7875417130144605,0.7666666666666667,0.75
ridge_poly5_C3,sklearn_regularized,4,5,l2,3,0.6954024711675111,0.7842046718576196,0.7333333333333333,0.7142857142857143
ridge_poly5_C10,sklearn_regularized,4,5,l2,10,0.8713982649404687,0.781979977753059,0.6833333333333333,0.6415094339622641
ridge_poly5_C30,sklearn_regularized,4,5,l2,30,1.085056326344287,0.7697441601779756,0.6833333333333333,0.6415094339622641
ridge_poly5_C100,sklearn_regularized,4,5,l2,100,1.3742236450437555,0.7530589543937709,0.6666666666666666,0.6153846153846154
ridge_poly6_C0.01,sklearn_regularized,4,6,l2,0.01,0.5867601211380324,0.7730812013348165,0.7,0.6538461538461539
ridge_poly6_C0.03,sklearn_regularized,4,6,l2,0.03,0.573183907862049,0.7741935483870968,0.6666666666666666,0.6296296296296297
ridge_poly6_C0.1,sklearn_regularized,4,6,l2,0.1,0.5735951223870942,0.7808676307007787,0.6666666666666666,0.6428571428571429
ridge_poly6_C0.3,sklearn_regularized,4,6,l2,0.3,0.5808174324638339,0.7975528364849833,0.7666666666666667,0.7407407407407407
ridge_poly6_C1,sklearn_regularized,4,6,l2,1,0.6316834781612857,0.7853170189098999,0.7666666666666667,0.75
ridge_poly6_C3,sklearn_regularized,4,6,l2,3,0.7322091597797736,0.7797552836484983,0.7166666666666667,0.7017543859649122
ridge_poly6_C10,sklearn_regularized,4,6,l2,10,0.8422562423827505,0.7764182424916575,0.7,0.6666666666666666
ridge_poly6_C30,sklearn_regularized,4,6,l2,30,0.8934553368573219,0.7652947719688543,0.6833333333333333,0.6274509803921569
ridge_poly6_C100,sklearn_regularized,4,6,l2,100,1.0664284241097222,0.7441601779755284,0.6666666666666666,0.6296296296296297
lasso_poly2_C0.01,sklearn_regularized,4,2,l1,0.01,0.6931471805599454,0.5,0.48333333333333334,0.651685393258427
lasso_poly2_C0.03,sklearn_regularized,4,2,l1,0.03,0.6351518564282895,0.7652947719688542,0.6666666666666666,0.6551724137931034
lasso_poly2_C0.1,sklearn_regularized,4,2,l1,0.1,0.5642583185911022,0.7652947719688543,0.6666666666666666,0.6551724137931034
lasso_poly2_C0.3,sklearn_regularized,4,2,l1,0.3,0.5639625304275039,0.7741935483870968,0.6666666666666666,0.6551724137931034
lasso_poly2_C1,sklearn_regularized,4,2,l1,1,0.5777537785704784,0.775305895439377,0.6666666666666666,0.6551724137931034
lasso_poly2_C3,sklearn_regularized,4,2,l1,3,0.5855213971721973,0.7753058954393771,0.65,0.631578947368421
lasso_poly2_C10,sklearn_regularized,4,2,l1,10,0.588854962088736,0.7753058954393771,0.65,0.631578947368421
lasso_poly2_C30,sklearn_regularized,4,2,l1,30,0.5898770534128508,0.7719688542825361,0.65,0.631578947368421
lasso_poly2_C100,sklearn_regularized,4,2,l1,100,0.590247928388194,0.7708565072302559,0.65,0.631578947368421
lasso_poly3_C0.01,sklearn_regularized,4,3,l1,0.01,0.6931471805599454,0.5,0.48333333333333334,0.651685393258427
lasso_poly3_C0.03,sklearn_regularized,4,3,l1,0.03,0.6351509577517336,0.7652947719688542,0.6666666666666666,0.6551724137931034
lasso_poly3_C0.1,sklearn_regularized,4,3,l1,0.1,0.5642576341530353,0.7652947719688543,0.6666666666666666,0.6551724137931034
lasso_poly3_C0.3,sklearn_regularized,4,3,l1,0.3,0.5598697167237808,0.7730812013348165,0.6666666666666666,0.6551724137931034
lasso_poly3_C1,sklearn_regularized,4,3,l1,1,0.5759933706059935,0.7753058954393771,0.6666666666666666,0.6551724137931034
lasso_poly3_C3,sklearn_regularized,4,3,l1,3,0.5904237241128677,0.7753058954393771,0.7,0.6785714285714286
lasso_poly3_C10,sklearn_regularized,4,3,l1,10,0.5987444231388311,0.7764182424916574,0.7166666666666667,0.7017543859649122
lasso_poly3_C30,sklearn_regularized,4,3,l1,30,0.6021575367040506,0.7697441601779755,0.75,0.7368421052631579
lasso_poly3_C100,sklearn_regularized,4,3,l1,100,0.6034812759197149,0.7652947719688543,0.75,0.7368421052631579
lasso_poly4_C0.01,sklearn_regularized,4,4,l1,0.01,0.6931471805599454,0.5,0.48333333333333334,0.651685393258427
lasso_poly4_C0.03,sklearn_regularized,4,4,l1,0.03,0.6351495629909035,0.7652947719688542,0.6666666666666666,0.6551724137931034
lasso_poly4_C0.1,sklearn_regularized,4,4,l1,0.1,0.5643881789210797,0.7630700778642937,0.6666666666666666,0.6551724137931034
lasso_poly4_C0.3,sklearn_regularized,4,4,l1,0.3,0.5613314936506814,0.7775305895439377,0.65,0.631578947368421
lasso_poly4_C1,sklearn_regularized,4,4,l1,1,0.575892829792497,0.7908787541713015,0.7666666666666667,0.75
lasso_poly4_C3,sklearn_regularized,4,4,l1,3,0.6160680998604844,0.8131256952169077,0.75,0.7368421052631579
lasso_poly4_C10,sklearn_regularized,4,4,l1,10,0.6358346648404609,0.8209121245828698,0.75,0.7368421052631579
lasso_poly4_C30,sklearn_regularized,4,4,l1,30,0.6356562219493122,0.8253615127919912,0.75,0.7368421052631579
lasso_poly4_C100,sklearn_regularized,4,4,l1,100,0.6355374890653811,0.8231368186874305,0.75,0.7368421052631579
lasso_poly5_C0.01,sklearn_regularized,4,5,l1,0.01,0.6931471805599454,0.5,0.48333333333333334,0.651685393258427
lasso_poly5_C0.03,sklearn_regularized,4,5,l1,0.03,0.635149722188937,0.7652947719688542,0.6666666666666666,0.6551724137931034
lasso_poly5_C0.1,sklearn_regularized,4,5,l1,0.1,0.5643320790174685,0.7630700778642937,0.6666666666666666,0.6551724137931034
lasso_poly5_C0.3,sklearn_regularized,4,5,l1,0.3,0.5646304211766043,0.7764182424916574,0.65,0.631578947368421
lasso_poly5_C1,sklearn_regularized,4,5,l1,1,0.5796620012003412,0.7908787541713015,0.7666666666666667,0.75
lasso_poly5_C3,sklearn_regularized,4,5,l1,3,0.6801652550636109,0.7908787541713015,0.7333333333333333,0.7037037037037037
lasso_poly5_C10,sklearn_regularized,4,5,l1,10,1.003151983306665,0.7708565072302559,0.6833333333333333,0.6415094339622641
lasso_poly5_C30,sklearn_regularized,4,5,l1,30,1.4321423652676755,0.7486095661846496,0.65,0.6037735849056604
lasso_poly5_C100,sklearn_regularized,4,5,l1,100,1.8417909805195753,0.7419354838709676,0.6666666666666666,0.6153846153846154
lasso_poly6_C0.01,sklearn_regularized,4,6,l1,0.01,0.6931471805599454,0.5,0.48333333333333334,0.651685393258427
lasso_poly6_C0.03,sklearn_regularized,4,6,l1,0.03,0.6351503878616781,0.7652947719688542,0.6666666666666666,0.6551724137931034
lasso_poly6_C0.1,sklearn_regularized,4,6,l1,0.1,0.5643327462239908,0.7630700778642937,0.6666666666666666,0.6551724137931034
lasso_poly6_C0.3,sklearn_regularized,4,6,l1,0.3,0.5645395445227851,0.7753058954393771,0.65,0.631578947368421
lasso_poly6_C1,sklearn_regularized,4,6,l1,1,0.6188506647947036,0.7764182424916575,0.75,0.7368421052631579
lasso_poly6_C3,sklearn_regularized,4,6,l1,3,0.6526457565395083,0.7875417130144605,0.7166666666666667,0.6909090909090909
lasso_poly6_C10,sklearn_regularized,4,6,l1,10,0.8760032546300665,0.7753058954393771,0.6833333333333333,0.6415094339622641
lasso_poly6_C30,sklearn_regularized,4,6,l1,30,1.2950773235369644,0.7541713014460512,0.7,0.6785714285714286
lasso_poly6_C100,sklearn_regularized,4,6,l1,100,2.3820780013912595,0.7163515016685207,0.6833333333333333,0.6666666666666666
glm_current_simple,statsmodels_glm,5,,none,,0.5563739410584284,0.7975528364849833,0.7,0.6896551724137931
glm_best_subset,statsmodels_glm,5,,none,,0.5621523594037939,0.7942157953281423,0.7166666666666667,0.7017543859649122
glm_full_degree2,statsmodels_glm,5,,none,,0.5539903905943018,0.8075639599555061,0.7166666666666667,0.7017543859649122
ridge_poly1_C0.01,sklearn_regularized,5,1,l2,0.01,0.6623321223340904,0.6607341490545051,0.5666666666666667,0.4090909090909091
ridge_poly1_C0.03,sklearn_regularized,5,1,l2,0.03,0.6495580220551722,0.6607341490545051,0.5833333333333334,0.5098039215686274
ridge_poly1_C0.1,sklearn_regularized,5,1,l2,0.1,0.6450413686241665,0.6662958843159066,0.5833333333333334,0.5283018867924528
ridge_poly1_C0.3,sklearn_regularized,5,1,l2,0.3,0.6451471723814335,0.6662958843159066,0.5666666666666667,0.5185185185185185
ridge_poly1_C1,sklearn_regularized,5,1,l2,1,0.6456585143090925,0.6651835372636263,0.55,0.509090909090909
ridge_poly1_C3,sklearn_regularized,5,1,l2,3,0.6458738856692157,0.6640711902113459,0.55,0.509090909090909
ridge_poly1_C10,sklearn_regularized,5,1,l2,10,0.6459577490804677,0.6640711902113459,0.55,0.509090909090909
ridge_poly1_C30,sklearn_regularized,5,1,l2,30,0.6459825577984332,0.6640711902113459,0.55,0.509090909090909
ridge_poly1_C100,sklearn_regularized,5,1,l2,100,0.6459913313347166,0.6640711902113459,0.55,0.509090909090909
ridge_poly2_C0.01,sklearn_regularized,5,2,l2,0.01,0.6135758439855067,0.78642936596218,0.75,0.6938775510204082
ridge_poly2_C0.03,sklearn_regularized,5,2,l2,0.03,0.5723983396356386,0.8020022246941046,0.7,0.6538461538461539
ridge_poly2_C0.1,sklearn_regularized,5,2,l2,0.1,0.5496704697043988,0.8031145717463849,0.7333333333333333,0.7142857142857143
ridge_poly2_C0.3,sklearn_regularized,5,2,l2,0.3,0.5472610040139241,0.8020022246941045,0.7166666666666667,0.7017543859649122
ridge_poly2_C1,sklearn_regularized,5,2,l2,1,0.5505189700607808,0.8053392658509455,0.7166666666666667,0.7017543859649122
ridge_poly2_C3,sklearn_regularized,5,2,l2,3,0.5526299862075245,0.8064516129032259,0.7166666666666667,0.7017543859649122
ridge_poly2_C10,sklearn_regularized,5,2,l2,10,0.5535831275872366,0.8075639599555061,0.7166666666666667,0.7017543859649122
ridge_poly2_C30,sklearn_regularized,5,2,l2,30,0.5538804732780737,0.8075639599555061,0.7166666666666667,0.7017543859649122
ridge_poly2_C100,sklearn_regularized,5,2,l2,100,0.5539873735906956,0.8075639599555061,0.7166666666666667,0.7017543859649122
ridge_poly3_C0.01,sklearn_regularized,5,3,l2,0.01,0.5996382392803273,0.7997775305895439,0.75,0.6938775510204082
ridge_poly3_C0.03,sklearn_regularized,5,3,l2,0.03,0.5598098292841504,0.8064516129032258,0.7166666666666667,0.6909090909090909
ridge_poly3_C0.1,sklearn_regularized,5,3,l2,0.1,0.5420905757846419,0.8064516129032259,0.7333333333333333,0.7142857142857143
ridge_poly3_C0.3,sklearn_regularized,5,3,l2,0.3,0.5470462408604012,0.7997775305895439,0.7666666666666667,0.7586206896551724
ridge_poly3_C1,sklearn_regularized,5,3,l2,1,0.5627581767954534,0.7975528364849833,0.7666666666666667,0.7586206896551724
ridge_poly3_C3,sklearn_regularized,5,3,l2,3,0.5781627028724408,0.7897664071190211,0.7333333333333333,0.7241379310344828
ridge_poly3_C10,sklearn_regularized,5,3,l2,10,0.5873120870890793,0.7875417130144605,0.7333333333333333,0.7241379310344828
ridge_poly3_C30,sklearn_regularized,5,3,l2,30,0.5904997515065502,0.7886540600667409,0.7333333333333333,0.7241379310344828
ridge_poly3_C100,sklearn_regularized,5,3,l2,100,0.5917018446273933,0.7886540600667409,0.7333333333333333,0.7241379310344828
ridge_poly4_C0.01,sklearn_regularized,5,4,l2,0.01,0.5852395012692518,0.8086763070077864,0.75,0.6938775510204082
ridge_poly4_C0.03,sklearn_regularized,5,4,l2,0.03,0.5509520331925996,0.8097886540600666,0.7166666666666667,0.6792452830188679
ridge_poly4_C0.1,sklearn_regularized,5,4,l2,0.1,0.5366322437737082,0.8086763070077865,0.7666666666666667,0.75
ridge_poly4_C0.3,sklearn_regularized,5,4,l2,0.3,0.5457614897591855,0.8064516129032258,0.75,0.7272727272727273
ridge_poly4_C1,sklearn_regularized,5,4,l2,1,0.6154521487348972,0.7775305895439378,0.7166666666666667,0.6909090909090909
ridge_poly4_C3,sklearn_regularized,5,4,l2,3,0.741889298270932,0.760845383759733,0.6833333333333333,0.6779661016949152
ridge_poly4_C10,sklearn_regularized,5,4,l2,10,0.8851928784844628,0.7519466073414904,0.65,0.6440677966101694
ridge_poly4_C30,sklearn_regularized,5,4,l2,30,0.9761629215101826,0.7530589543937709,0.6333333333333333,0.6333333333333333
ridge_poly4_C100,sklearn_regularized,5,4,l2,100,1.0330787759613498,0.7497219132369299,0.6333333333333333,0.6333333333333333
ridge_poly5_C0.01,sklearn_regularized,5,5,l2,0.01,0.5820868266670588,0.8120133481646274,0.7666666666666667,0.72
ridge_poly5_C0.03,sklearn_regularized,5,5,l2,0.03,0.5481631105060436,0.8109010011123471,0.7,0.6666666666666666
ridge_poly5_C0.1,sklearn_regularized,5,5,l2,0.1,0.5324406257260834,0.8120133481646272,0.7666666666666667,0.75
ridge_poly5_C0.3,sklearn_regularized,5,5,l2,0.3,0.5351102029121559,0.8131256952169077,0.75,0.7272727272727273
ridge_poly5_C1,sklearn_regularized,5,5,l2,1,0.5683063790882283,0.7864293659621802,0.7,0.6666666666666666
ridge_poly5_C3,sklearn_regularized,5,5,l2,3,0.6203210477640506,0.7775305895439377,0.6666666666666666,0.6551724137931034
ridge_poly5_C10,sklearn_regularized,5,5,l2,10,0.7202350738333535,0.7586206896551725,0.6666666666666666,0.6428571428571429
ridge_poly5_C30,sklearn_regularized,5,5,l2,30,0.8866252922747159,0.743047830923248,0.6666666666666666,0.6428571428571429
ridge_poly5_C100,sklearn_regularized,5,5,l2,100,1.2451382104439503,0.7341490545050056,0.6666666666666666,0.6428571428571429
ridge_poly6_C0.01,sklearn_regularized,5,6,l2,0.01,0.579767550209288,0.7919911012235817,0.7,0.625
ridge_poly6_C0.03,sklearn_regularized,5,6,l2,0.03,0.5487186081951287,0.7975528364849833,0.7,0.6666666666666666
ridge_poly6_C0.1,sklearn_regularized,5,6,l2,0.1,0.5389783081377739,0.8020022246941045,0.7666666666666667,0.75
ridge_poly6_C0.3,sklearn_regularized,5,6,l2,0.3,0.5602293174226296,0.789766407119021,0.7,0.6666666666666666
ridge_poly6_C1,sklearn_regularized,5,6,l2,1,0.6390320680875878,0.7741935483870968,0.6666666666666666,0.6428571428571429
ridge_poly6_C3,sklearn_regularized,5,6,l2,3,0.7393840083993559,0.757508342602892,0.6666666666666666,0.6428571428571429
ridge_poly6_C10,sklearn_regularized,5,6,l2,10,0.8774770414872146,0.7430478309232481,0.6833333333333333,0.6545454545454545
ridge_poly6_C30,sklearn_regularized,5,6,l2,30,1.0231262927898703,0.7430478309232481,0.6666666666666666,0.6428571428571429
ridge_poly6_C100,sklearn_regularized,5,6,l2,100,1.4694937937977057,0.7463848720800891,0.6666666666666666,0.6428571428571429
lasso_poly2_C0.01,sklearn_regularized,5,2,l1,0.01,0.6931471805599454,0.5,0.48333333333333334,0.651685393258427
lasso_poly2_C0.03,sklearn_regularized,5,2,l1,0.03,0.640996050542405,0.778642936596218,0.7166666666666667,0.7017543859649122
lasso_poly2_C0.1,sklearn_regularized,5,2,l1,0.1,0.5688909793710591,0.7797552836484983,0.7166666666666667,0.7017543859649122
lasso_poly2_C0.3,sklearn_regularized,5,2,l1,0.3,0.5562326583093813,0.7986651835372637,0.6833333333333333,0.6779661016949152
lasso_poly2_C1,sklearn_regularized,5,2,l1,1,0.5568527336530553,0.8008898776418242,0.7166666666666667,0.7017543859649122
lasso_poly2_C3,sklearn_regularized,5,2,l1,3,0.5544921002825764,0.8020022246941045,0.7166666666666667,0.7017543859649122
lasso_poly2_C10,sklearn_regularized,5,2,l1,10,0.5540891973433021,0.8064516129032258,0.7166666666666667,0.7017543859649122
lasso_poly2_C30,sklearn_regularized,5,2,l1,30,0.5540180864998544,0.8075639599555061,0.7166666666666667,0.7017543859649122
lasso_poly2_C100,sklearn_regularized,5,2,l1,100,0.5539980014504818,0.8075639599555061,0.7166666666666667,0.7017543859649122
lasso_poly3_C0.01,sklearn_regularized,5,3,l1,0.01,0.6931471805599454,0.5,0.48333333333333334,0.651685393258427
lasso_poly3_C0.03,sklearn_regularized,5,3,l1,0.03,0.6409959748076809,0.778642936596218,0.7166666666666667,0.7017543859649122
lasso_poly3_C0.1,sklearn_regularized,5,3,l1,0.1,0.5688896781448861,0.7797552836484983,0.7166666666666667,0.7017543859649122
lasso_poly3_C0.3,sklearn_regularized,5,3,l1,0.3,0.5518036788447216,0.7919911012235817,0.6833333333333333,0.6779661016949152
lasso_poly3_C1,sklearn_regularized,5,3,l1,1,0.554619758336818,0.7997775305895439,0.7666666666666667,0.7586206896551724
lasso_poly3_C3,sklearn_regularized,5,3,l1,3,0.5802473585650143,0.7886540600667409,0.75,0.7457627118644068
lasso_poly3_C10,sklearn_regularized,5,3,l1,10,0.5875699451383792,0.7864293659621802,0.7333333333333333,0.7241379310344828
lasso_poly3_C30,sklearn_regularized,5,3,l1,30,0.5904352004036327,0.7897664071190211,0.7333333333333333,0.7241379310344828
lasso_poly3_C100,sklearn_regularized,5,3,l1,100,0.5915163830295624,0.7897664071190211,0.7333333333333333,0.7241379310344828
lasso_poly4_C0.01,sklearn_regularized,5,4,l1,0.01,0.6931471805599454,0.5,0.48333333333333334,0.651685393258427
lasso_poly4_C0.03,sklearn_regularized,5,4,l1,0.03,0.6409961764738797,0.778642936596218,0.7166666666666667,0.7017543859649122
lasso_poly4_C0.1,sklearn_regularized,5,4,l1,0.1,0.5732964479186989,0.7664071190211346,0.7166666666666667,0.7017543859649122
lasso_poly4_C0.3,sklearn_regularized,5,4,l1,0.3,0.5744295348186799,0.7764182424916575,0.7333333333333333,0.7142857142857143
lasso_poly4_C1,sklearn_regularized,5,4,l1,1,0.6159153839470296,0.764182424916574,0.7,0.6785714285714286
lasso_poly4_C3,sklearn_regularized,5,4,l1,3,0.7791221911848708,0.7530589543937709,0.65,0.6440677966101694
lasso_poly4_C10,sklearn_regularized,5,4,l1,10,0.951959783965534,0.7530589543937708,0.65,0.6440677966101694
lasso_poly4_C30,sklearn_regularized,5,4,l1,30,1.021828886780685,0.7486095661846497,0.65,0.6440677966101694
lasso_poly4_C100,sklearn_regularized,5,4,l1,100,1.0516965587270009,0.7474972191323693,0.6333333333333333,0.6333333333333333
lasso_poly5_C0.01,sklearn_regularized,5,5,l1,0.01,0.6931471805599454,0.5,0.48333333333333334,0.651685393258427
lasso_poly5_C0.03,sklearn_regularized,5,5,l1,0.03,0.640995862284931,0.778642936596218,0.7166666666666667,0.7017543859649122
lasso_poly5_C0.1,sklearn_regularized,5,5,l1,0.1,0.5732709399440103,0.7664071190211346,0.7166666666666667,0.7017543859649122
lasso_poly5_C0.3,sklearn_regularized,5,5,l1,0.3,0.5741798568212483,0.7775305895439378,0.7333333333333333,0.7142857142857143
lasso_poly5_C1,sklearn_regularized,5,5,l1,1,0.597572070675249,0.7730812013348165,0.7,0.6785714285714286
lasso_poly5_C3,sklearn_regularized,5,5,l1,3,0.6203699473717708,0.7897664071190212,0.7,0.6785714285714286
lasso_poly5_C10,sklearn_regularized,5,5,l1,10,0.9176363160416705,0.7352614015572858,0.65,0.6181818181818182
lasso_poly5_C30,sklearn_regularized,5,5,l1,30,1.570289825686155,0.7341490545050056,0.6666666666666666,0.6428571428571429
lasso_poly5_C100,sklearn_regularized,5,5,l1,100,2.3121852073757467,0.7258064516129032,0.6666666666666666,0.6428571428571429
lasso_poly6_C0.01,sklearn_regularized,5,6,l1,0.01,0.6931471805599454,0.5,0.48333333333333334,0.651685393258427
lasso_poly6_C0.03,sklearn_regularized,5,6,l1,0.03,0.6409958779575292,0.778642936596218,0.7166666666666667,0.7017543859649122
lasso_poly6_C0.1,sklearn_regularized,5,6,l1,0.1,0.5732980487207746,0.7664071190211346,0.7166666666666667,0.7017543859649122
lasso_poly6_C0.3,sklearn_regularized,5,6,l1,0.3,0.5741253128023676,0.7775305895439378,0.7166666666666667,0.7017543859649122
lasso_poly6_C1,sklearn_regularized,5,6,l1,1,0.6194792674202332,0.7586206896551725,0.6666666666666666,0.6428571428571429
lasso_poly6_C3,sklearn_regularized,5,6,l1,3,0.7212337828786333,0.7452725250278086,0.6333333333333333,0.6071428571428571
lasso_poly6_C10,sklearn_regularized,5,6,l1,10,0.9759483675540428,0.7352614015572858,0.6666666666666666,0.6296296296296297
lasso_poly6_C30,sklearn_regularized,5,6,l1,30,1.6861646516878428,0.7252502780867631,0.6,0.5555555555555556
lasso_poly6_C100,sklearn_regularized,5,6,l1,100,1.7072608461966678,0.7491657397107898,0.6166666666666667,0.5660377358490566
glm_current_simple,statsmodels_glm,6,,none,,0.5751614423540687,0.7745535714285714,0.6833333333333333,0.6885245901639344
glm_best_subset,statsmodels_glm,6,,none,,0.6092594198019502,0.7767857142857143,0.6833333333333333,0.6984126984126984
glm_full_degree2,statsmodels_glm,6,,none,,0.6145051105630566,0.7756696428571428,0.7166666666666667,0.7301587301587301
ridge_poly1_C0.01,sklearn_regularized,6,1,l2,0.01,0.664847664857007,0.6640625,0.6,0.5384615384615384
ridge_poly1_C0.03,sklearn_regularized,6,1,l2,0.03,0.6519170303947414,0.6662946428571428,0.5666666666666667,0.5517241379310345
ridge_poly1_C0.1,sklearn_regularized,6,1,l2,0.1,0.6449621078478093,0.6674107142857142,0.5666666666666667,0.5517241379310345
ridge_poly1_C0.3,sklearn_regularized,6,1,l2,0.3,0.6431748741896209,0.6685267857142857,0.5666666666666667,0.5517241379310345
ridge_poly1_C1,sklearn_regularized,6,1,l2,1,0.6427198510716379,0.6685267857142857,0.5666666666666667,0.5517241379310345
ridge_poly1_C3,sklearn_regularized,6,1,l2,3,0.6426186924574677,0.6685267857142857,0.5666666666666667,0.5517241379310345
ridge_poly1_C10,sklearn_regularized,6,1,l2,10,0.642586997173996,0.6685267857142857,0.5666666666666667,0.5517241379310345
ridge_poly1_C30,sklearn_regularized,6,1,l2,30,0.6425783176110772,0.6685267857142857,0.5666666666666667,0.5517241379310345
ridge_poly1_C100,sklearn_regularized,6,1,l2,100,0.64257532011549,0.6685267857142857,0.5666666666666667,0.5517241379310345
ridge_poly2_C0.01,sklearn_regularized,6,2,l2,0.01,0.6205795824403951,0.7667410714285714,0.7166666666666667,0.711864406779661
ridge_poly2_C0.03,sklearn_regularized,6,2,l2,0.03,0.588676219198115,0.7700892857142858,0.7166666666666667,0.7213114754098361
ridge_poly2_C0.1,sklearn_regularized,6,2,l2,0.1,0.5790069193841717,0.7656249999999999,0.6833333333333333,0.6984126984126984
ridge_poly2_C0.3,sklearn_regularized,6,2,l2,0.3,0.5894337285167753,0.7712053571428571,0.6833333333333333,0.6984126984126984
ridge_poly2_C1,sklearn_regularized,6,2,l2,1,0.6032296806928711,0.7767857142857143,0.7,0.71875
ridge_poly2_C3,sklearn_regularized,6,2,l2,3,0.6101726558296755,0.7756696428571428,0.7166666666666667,0.7301587301587301
ridge_poly2_C10,sklearn_regularized,6,2,l2,10,0.6131695969592211,0.7756696428571428,0.7166666666666667,0.7301587301587301
ridge_poly2_C30,sklearn_regularized,6,2,l2,30,0.6140935106270926,0.7756696428571428,0.7166666666666667,0.7301587301587301
ridge_poly2_C100,sklearn_regularized,6,2,l2,100,0.6144245981964065,0.7756696428571428,0.7166666666666667,0.7301587301587301
ridge_poly3_C0.01,sklearn_regularized,6,3,l2,0.01,0.6152781786496823,0.7745535714285714,0.7166666666666667,0.7017543859649122
ridge_poly3_C0.03,sklearn_regularized,6,3,l2,0.03,0.582350856409112,0.7790178571428571,0.7166666666666667,0.7213114754098361
ridge_poly3_C0.1,sklearn_regularized,6,3,l2,0.1,0.5684316143274105,0.7845982142857142,0.7333333333333333,0.7419354838709677
ridge_poly3_C0.3,sklearn_regularized,6,3,l2,0.3,0.5745249747601674,0.7957589285714285,0.7333333333333333,0.7419354838709677
ridge_poly3_C1,sklearn_regularized,6,3,l2,1,0.5888562674858121,0.8046875,0.7333333333333333,0.7419354838709677
ridge_poly3_C3,sklearn_regularized,6,3,l2,3,0.5994243101034443,0.8035714285714286,0.7333333333333333,0.7419354838709677
ridge_poly3_C10,sklearn_regularized,6,3,l2,10,0.6052555509694257,0.8046875,0.7333333333333333,0.7419354838709677
ridge_poly3_C30,sklearn_regularized,6,3,l2,30,0.6070559037479385,0.8046875,0.7333333333333333,0.7419354838709677
ridge_poly3_C100,sklearn_regularized,6,3,l2,100,0.6078167392659697,0.8035714285714286,0.7333333333333333,0.7419354838709677
ridge_poly4_C0.01,sklearn_regularized,6,4,l2,0.01,0.5992665575907297,0.78125,0.7166666666666667,0.711864406779661
ridge_poly4_C0.03,sklearn_regularized,6,4,l2,0.03,0.5722713707001446,0.7834821428571428,0.7166666666666667,0.7213114754098361
ridge_poly4_C0.1,sklearn_regularized,6,4,l2,0.1,0.5618336318527638,0.7890625,0.7333333333333333,0.7419354838709677
ridge_poly4_C0.3,sklearn_regularized,6,4,l2,0.3,0.5657568442628598,0.8080357142857143,0.7333333333333333,0.7419354838709677
ridge_poly4_C1,sklearn_regularized,6,4,l2,1,0.5759789316728622,0.8191964285714285,0.7333333333333333,0.7419354838709677
ridge_poly4_C3,sklearn_regularized,6,4,l2,3,0.5911960473521741,0.8258928571428571,0.7666666666666667,0.78125
ridge_poly4_C10,sklearn_regularized,6,4,l2,10,0.6229147828411853,0.8381696428571428,0.7333333333333333,0.7575757575757576
ridge_poly4_C30,sklearn_regularized,6,4,l2,30,0.6569861608340875,0.8325892857142858,0.7166666666666667,0.746268656716418
ridge_poly4_C100,sklearn_regularized,6,4,l2,100,0.6817266499095845,0.8236607142857142,0.7166666666666667,0.746268656716418
ridge_poly5_C0.01,sklearn_regularized,6,5,l2,0.01,0.5981886677879665,0.7779017857142857,0.7166666666666667,0.711864406779661
ridge_poly5_C0.03,sklearn_regularized,6,5,l2,0.03,0.5706522438592775,0.7779017857142857,0.7166666666666667,0.7213114754098361
ridge_poly5_C0.1,sklearn_regularized,6,5,l2,0.1,0.5589265557902671,0.7946428571428571,0.7333333333333333,0.7419354838709677
ridge_poly5_C0.3,sklearn_regularized,6,5,l2,0.3,0.5622880031259098,0.8024553571428572,0.7166666666666667,0.7301587301587301
ridge_poly5_C1,sklearn_regularized,6,5,l2,1,0.5839752956503005,0.8024553571428572,0.7166666666666667,0.7301587301587301
ridge_poly5_C3,sklearn_regularized,6,5,l2,3,0.6292176680508647,0.7979910714285714,0.7166666666666667,0.7301587301587301
ridge_poly5_C10,sklearn_regularized,6,5,l2,10,0.6971507149928639,0.8069196428571429,0.75,0.7540983606557377
ridge_poly5_C30,sklearn_regularized,6,5,l2,30,0.7830777073523125,0.8058035714285714,0.7666666666666667,0.78125
ridge_poly5_C100,sklearn_regularized,6,5,l2,100,0.9553773427295866,0.8035714285714286,0.75,0.7619047619047619
ridge_poly6_C0.01,sklearn_regularized,6,6,l2,0.01,0.5941382554920731,0.7823660714285714,0.7166666666666667,0.711864406779661
ridge_poly6_C0.03,sklearn_regularized,6,6,l2,0.03,0.5706224295575517,0.7834821428571429,0.7166666666666667,0.7213114754098361
ridge_poly6_C0.1,sklearn_regularized,6,6,l2,0.1,0.565513092496797,0.7935267857142857,0.7166666666666667,0.7301587301587301
ridge_poly6_C0.3,sklearn_regularized,6,6,l2,0.3,0.5829160765407396,0.7935267857142857,0.7166666666666667,0.7301587301587301
ridge_poly6_C1,sklearn_regularized,6,6,l2,1,0.628502658132557,0.7991071428571429,0.7166666666666667,0.7301587301587301
ridge_poly6_C3,sklearn_regularized,6,6,l2,3,0.691605413793082,0.8058035714285715,0.7166666666666667,0.7301587301587301
ridge_poly6_C10,sklearn_regularized,6,6,l2,10,0.7739931535976743,0.8069196428571428,0.7166666666666667,0.7301587301587301
ridge_poly6_C30,sklearn_regularized,6,6,l2,30,0.8720464486035943,0.7991071428571428,0.7,0.71875
ridge_poly6_C100,sklearn_regularized,6,6,l2,100,0.9809553626107833,0.8191964285714285,0.7333333333333333,0.7333333333333333
lasso_poly2_C0.01,sklearn_regularized,6,2,l1,0.01,0.6931471805599454,0.5,0.4666666666666667,0.6363636363636364
lasso_poly2_C0.03,sklearn_regularized,6,2,l1,0.03,0.6402538651725129,0.7734375,0.6666666666666666,0.6774193548387096
lasso_poly2_C0.1,sklearn_regularized,6,2,l1,0.1,0.5769710169514594,0.7845982142857143,0.7,0.7096774193548387
lasso_poly2_C0.3,sklearn_regularized,6,2,l1,0.3,0.5863575918178174,0.7745535714285714,0.6833333333333333,0.6984126984126984
lasso_poly2_C1,sklearn_regularized,6,2,l1,1,0.6015148463290613,0.7767857142857143,0.7,0.71875
lasso_poly2_C3,sklearn_regularized,6,2,l1,3,0.6098197417390439,0.7745535714285714,0.7,0.71875
lasso_poly2_C10,sklearn_regularized,6,2,l1,10,0.6133865348849156,0.7767857142857143,0.7166666666666667,0.7301587301587301
lasso_poly2_C30,sklearn_regularized,6,2,l1,30,0.6141208428307084,0.7756696428571428,0.7166666666666667,0.7301587301587301
lasso_poly2_C100,sklearn_regularized,6,2,l1,100,0.6143795295176132,0.7756696428571428,0.7166666666666667,0.7301587301587301
lasso_poly3_C0.01,sklearn_regularized,6,3,l1,0.01,0.6931471805599454,0.5,0.4666666666666667,0.6363636363636364
lasso_poly3_C0.03,sklearn_regularized,6,3,l1,0.03,0.6402535880998522,0.7734375,0.6666666666666666,0.6774193548387096
lasso_poly3_C0.1,sklearn_regularized,6,3,l1,0.1,0.5771278188507175,0.7868303571428571,0.7,0.7096774193548387
lasso_poly3_C0.3,sklearn_regularized,6,3,l1,0.3,0.5844526059649174,0.7857142857142857,0.6833333333333333,0.6984126984126984
lasso_poly3_C1,sklearn_regularized,6,3,l1,1,0.588782280399987,0.7946428571428571,0.7333333333333333,0.7419354838709677
lasso_poly3_C3,sklearn_regularized,6,3,l1,3,0.599239938799235,0.8091517857142857,0.7333333333333333,0.7419354838709677
lasso_poly3_C10,sklearn_regularized,6,3,l1,10,0.6052944390985978,0.8024553571428572,0.7333333333333333,0.7419354838709677
lasso_poly3_C30,sklearn_regularized,6,3,l1,30,0.6073619761111612,0.8046875,0.7333333333333333,0.7419354838709677
lasso_poly3_C100,sklearn_regularized,6,3,l1,100,0.6081299080651666,0.8046875,0.7333333333333333,0.7419354838709677
lasso_poly4_C0.01,sklearn_regularized,6,4,l1,0.01,0.6931471805599454,0.5,0.4666666666666667,0.6363636363636364
lasso_poly4_C0.03,sklearn_regularized,6,4,l1,0.03,0.6402553771353353,0.7734375,0.6666666666666666,0.6774193548387096
lasso_poly4_C0.1,sklearn_regularized,6,4,l1,0.1,0.576932590072422,0.7868303571428572,0.7,0.7096774193548387
lasso_poly4_C0.3,sklearn_regularized,6,4,l1,0.3,0.5801841891741206,0.7834821428571429,0.6833333333333333,0.6984126984126984
lasso_poly4_C1,sklearn_regularized,6,4,l1,1,0.5837097987378825,0.7912946428571429,0.7166666666666667,0.7301587301587301
lasso_poly4_C3,sklearn_regularized,6,4,l1,3,0.6156556200602173,0.8225446428571428,0.75,0.7692307692307693
lasso_poly4_C10,sklearn_regularized,6,4,l1,10,0.6540838433354916,0.8314732142857143,0.7166666666666667,0.746268656716418
lasso_poly4_C30,sklearn_regularized,6,4,l1,30,0.6798537883098011,0.8247767857142857,0.7166666666666667,0.746268656716418
lasso_poly4_C100,sklearn_regularized,6,4,l1,100,0.6918993311682904,0.8225446428571428,0.7,0.7352941176470589
lasso_poly5_C0.01,sklearn_regularized,6,5,l1,0.01,0.6931471805599454,0.5,0.4666666666666667,0.6363636363636364
lasso_poly5_C0.03,sklearn_regularized,6,5,l1,0.03,0.6402533024454881,0.7734375,0.6666666666666666,0.6774193548387096
lasso_poly5_C0.1,sklearn_regularized,6,5,l1,0.1,0.5767502070776551,0.7857142857142857,0.7,0.7096774193548387
lasso_poly5_C0.3,sklearn_regularized,6,5,l1,0.3,0.5793742073576061,0.7834821428571427,0.6833333333333333,0.6984126984126984
lasso_poly5_C1,sklearn_regularized,6,5,l1,1,0.6006654793840057,0.7834821428571429,0.7166666666666667,0.7301587301587301
lasso_poly5_C3,sklearn_regularized,6,5,l1,3,0.7054036426680386,0.7935267857142857,0.75,0.7692307692307693
lasso_poly5_C10,sklearn_regularized,6,5,l1,10,0.7998653769378594,0.8035714285714286,0.75,0.7619047619047619
lasso_poly5_C30,sklearn_regularized,6,5,l1,30,1.0770893856500563,0.8058035714285714,0.7333333333333333,0.7419354838709677
lasso_poly5_C100,sklearn_regularized,6,5,l1,100,1.3982603813633387,0.8013392857142858,0.7,0.7
lasso_poly6_C0.01,sklearn_regularized,6,6,l1,0.01,0.6931471805599454,0.5,0.4666666666666667,0.6363636363636364
lasso_poly6_C0.03,sklearn_regularized,6,6,l1,0.03,0.6402533698872417,0.7734375,0.6666666666666666,0.6774193548387096
lasso_poly6_C0.1,sklearn_regularized,6,6,l1,0.1,0.5767548481446062,0.7857142857142857,0.7,0.7096774193548387
lasso_poly6_C0.3,sklearn_regularized,6,6,l1,0.3,0.5793622097212862,0.7834821428571427,0.6833333333333333,0.6984126984126984
lasso_poly6_C1,sklearn_regularized,6,6,l1,1,0.6111688750477747,0.7790178571428572,0.7,0.71875
lasso_poly6_C3,sklearn_regularized,6,6,l1,3,0.7798778247004571,0.7901785714285714,0.75,0.7692307692307693
lasso_poly6_C10,sklearn_regularized,6,6,l1,10,0.9061749087332721,0.7912946428571429,0.7166666666666667,0.7301587301587301
lasso_poly6_C30,sklearn_regularized,6,6,l1,30,1.1671596003892735,0.8046875,0.7333333333333333,0.7241379310344828
lasso_poly6_C100,sklearn_regularized,6,6,l1,100,2.023284704592351,0.7935267857142857,0.7166666666666667,0.711864406779661
glm_current_simple,statsmodels_glm,7,,none,,0.5842566915908366,0.7823660714285714,0.75,0.7169811320754716
glm_best_subset,statsmodels_glm,7,,none,,0.5785335150246163,0.7756696428571428,0.7333333333333333,0.6923076923076923
glm_full_degree2,statsmodels_glm,7,,none,,0.5774054360807865,0.7779017857142857,0.75,0.6938775510204082
ridge_poly1_C0.01,sklearn_regularized,7,1,l2,0.01,0.6629910980929592,0.6729910714285714,0.6166666666666667,0.5106382978723404
ridge_poly1_C0.03,sklearn_regularized,7,1,l2,0.03,0.6586390984559715,0.6707589285714286,0.6333333333333333,0.56
ridge_poly1_C0.1,sklearn_regularized,7,1,l2,0.1,0.6666257209126538,0.6707589285714286,0.6166666666666667,0.5490196078431373
ridge_poly1_C0.3,sklearn_regularized,7,1,l2,0.3,0.6745818872464292,0.6707589285714286,0.6166666666666667,0.5490196078431373
ridge_poly1_C1,sklearn_regularized,7,1,l2,1,0.6789322240201128,0.671875,0.6166666666666667,0.5490196078431373
ridge_poly1_C3,sklearn_regularized,7,1,l2,3,0.6804017702438974,0.671875,0.6166666666666667,0.5490196078431373
ridge_poly1_C10,sklearn_regularized,7,1,l2,10,0.6809392902014845,0.671875,0.6166666666666667,0.5490196078431373
ridge_poly1_C30,sklearn_regularized,7,1,l2,30,0.6810955556444227,0.671875,0.6166666666666667,0.5490196078431373
ridge_poly1_C100,sklearn_regularized,7,1,l2,100,0.6811505358625288,0.671875,0.6166666666666667,0.5490196078431373
ridge_poly2_C0.01,sklearn_regularized,7,2,l2,0.01,0.6219294652393643,0.7756696428571428,0.7333333333333333,0.68
ridge_poly2_C0.03,sklearn_regularized,7,2,l2,0.03,0.5894601816136174,0.7767857142857143,0.7166666666666667,0.6666666666666666
ridge_poly2_C0.1,sklearn_regularized,7,2,l2,0.1,0.5711085056831734,0.7868303571428572,0.7333333333333333,0.68
ridge_poly2_C0.3,sklearn_regularized,7,2,l2,0.3,0.5687565361401445,0.7801339285714286,0.75,0.7058823529411765
ridge_poly2_C1,sklearn_regularized,7,2,l2,1,0.5725822022210956,0.7779017857142857,0.7666666666666667,0.72
ridge_poly2_C3,sklearn_regularized,7,2,l2,3,0.5753805078728774,0.775669642857143,0.75,0.6938775510204082
ridge_poly2_C10,sklearn_regularized,7,2,l2,10,0.5767050344939146,0.7767857142857143,0.75,0.6938775510204082
ridge_poly2_C30,sklearn_regularized,7,2,l2,30,0.5771254468227286,0.7767857142857143,0.75,0.6938775510204082
ridge_poly2_C100,sklearn_regularized,7,2,l2,100,0.577277409424786,0.7767857142857143,0.75,0.6938775510204082
ridge_poly3_C0.01,sklearn_regularized,7,3,l2,0.01,0.6227469368499138,0.7578124999999999,0.7333333333333333,0.68
ridge_poly3_C0.03,sklearn_regularized,7,3,l2,0.03,0.5924738418677347,0.7645089285714286,0.7166666666666667,0.6666666666666666
ridge_poly3_C0.1,sklearn_regularized,7,3,l2,0.1,0.568371829019488,0.7812499999999999,0.75,0.7058823529411765
ridge_poly3_C0.3,sklearn_regularized,7,3,l2,0.3,0.5638433774353401,0.7890625,0.75,0.7058823529411765
ridge_poly3_C1,sklearn_regularized,7,3,l2,1,0.5675413371070797,0.7868303571428571,0.75,0.7058823529411765
ridge_poly3_C3,sklearn_regularized,7,3,l2,3,0.5706576263140667,0.7868303571428571,0.75,0.7058823529411765
ridge_poly3_C10,sklearn_regularized,7,3,l2,10,0.5722536930366593,0.7845982142857143,0.75,0.7058823529411765
ridge_poly3_C30,sklearn_regularized,7,3,l2,30,0.5727163044525648,0.7857142857142857,0.75,0.7058823529411765
ridge_poly3_C100,sklearn_regularized,7,3,l2,100,0.5729455740794375,0.7845982142857142,0.75,0.7058823529411765
ridge_poly4_C0.01,sklearn_regularized,7,4,l2,0.01,0.5963454459208325,0.7935267857142857,0.75,0.6938775510204082
ridge_poly4_C0.03,sklearn_regularized,7,4,l2,0.03,0.5710680312520537,0.7946428571428572,0.7333333333333333,0.68
ridge_poly4_C0.1,sklearn_regularized,7,4,l2,0.1,0.5666543341638864,0.7924107142857142,0.75,0.6938775510204082
ridge_poly4_C0.3,sklearn_regularized,7,4,l2,0.3,0.5769798205115567,0.7845982142857142,0.7833333333333333,0.7450980392156863
ridge_poly4_C1,sklearn_regularized,7,4,l2,1,0.6006795832744681,0.7756696428571427,0.7333333333333333,0.7037037037037037
ridge_poly4_C3,sklearn_regularized,7,4,l2,3,0.6385661415262377,0.7734375,0.7166666666666667,0.7017543859649122
ridge_poly4_C10,sklearn_regularized,7,4,l2,10,0.6900166250652958,0.7689732142857143,0.7166666666666667,0.7017543859649122
ridge_poly4_C30,sklearn_regularized,7,4,l2,30,0.7262872918049996,0.7622767857142858,0.7166666666666667,0.7017543859649122
ridge_poly4_C100,sklearn_regularized,7,4,l2,100,0.7456462078688375,0.7589285714285714,0.7166666666666667,0.7017543859649122
ridge_poly5_C0.01,sklearn_regularized,7,5,l2,0.01,0.5990845495824045,0.7834821428571428,0.75,0.6938775510204082
ridge_poly5_C0.03,sklearn_regularized,7,5,l2,0.03,0.571315952170522,0.7968750000000001,0.7333333333333333,0.68
ridge_poly5_C0.1,sklearn_regularized,7,5,l2,0.1,0.5642376651505424,0.7946428571428572,0.75,0.6938775510204082
ridge_poly5_C0.3,sklearn_regularized,7,5,l2,0.3,0.5669969674100236,0.7890625,0.7833333333333333,0.7450980392156863
ridge_poly5_C1,sklearn_regularized,7,5,l2,1,0.5751063190026262,0.7834821428571428,0.7,0.6666666666666666
ridge_poly5_C3,sklearn_regularized,7,5,l2,3,0.5931230551794969,0.796875,0.7166666666666667,0.6909090909090909
ridge_poly5_C10,sklearn_regularized,7,5,l2,10,0.6342419888719568,0.7946428571428572,0.7333333333333333,0.7037037037037037
ridge_poly5_C30,sklearn_regularized,7,5,l2,30,0.6917755838783519,0.7845982142857142,0.7333333333333333,0.7037037037037037
ridge_poly5_C100,sklearn_regularized,7,5,l2,100,0.8212973457223149,0.7544642857142858,0.6833333333333333,0.6545454545454545
ridge_poly6_C0.01,sklearn_regularized,7,6,l2,0.01,0.5889700422774046,0.7868303571428571,0.75,0.6938775510204082
ridge_poly6_C0.03,sklearn_regularized,7,6,l2,0.03,0.5705464416565487,0.7890625,0.7333333333333333,0.68
ridge_poly6_C0.1,sklearn_regularized,7,6,l2,0.1,0.5655110590428623,0.7924107142857142,0.7666666666666667,0.72
ridge_poly6_C0.3,sklearn_regularized,7,6,l2,0.3,0.5689935308072045,0.7912946428571428,0.7666666666666667,0.7307692307692307
ridge_poly6_C1,sklearn_regularized,7,6,l2,1,0.5803413501361967,0.7890625000000001,0.7166666666666667,0.6909090909090909
ridge_poly6_C3,sklearn_regularized,7,6,l2,3,0.6002548469128666,0.796875,0.7333333333333333,0.7142857142857143
ridge_poly6_C10,sklearn_regularized,7,6,l2,10,0.6398421451319342,0.7868303571428572,0.7166666666666667,0.6909090909090909
ridge_poly6_C30,sklearn_regularized,7,6,l2,30,0.7101620294514389,0.7779017857142858,0.7166666666666667,0.6792452830188679
ridge_poly6_C100,sklearn_regularized,7,6,l2,100,1.2011311013358137,0.734375,0.6666666666666666,0.6
lasso_poly2_C0.01,sklearn_regularized,7,2,l1,0.01,0.6931471805599454,0.5,0.4666666666666667,0.6363636363636364
lasso_poly2_C0.03,sklearn_regularized,7,2,l1,0.03,0.6454036580394023,0.7566964285714285,0.75,0.7272727272727273
lasso_poly2_C0.1,sklearn_regularized,7,2,l1,0.1,0.5960928826466734,0.7533482142857142,0.7333333333333333,0.7142857142857143
lasso_poly2_C0.3,sklearn_regularized,7,2,l1,0.3,0.5887954688288075,0.7645089285714286,0.7166666666666667,0.7017543859649122
lasso_poly2_C1,sklearn_regularized,7,2,l1,1,0.5739219735966132,0.7790178571428572,0.7333333333333333,0.6923076923076923
lasso_poly2_C3,sklearn_regularized,7,2,l1,3,0.575215738941724,0.7801339285714286,0.75,0.7058823529411765
lasso_poly2_C10,sklearn_regularized,7,2,l1,10,0.576628850254209,0.7779017857142857,0.75,0.6938775510204082
lasso_poly2_C30,sklearn_regularized,7,2,l1,30,0.5771289790675544,0.7767857142857143,0.75,0.6938775510204082
lasso_poly2_C100,sklearn_regularized,7,2,l1,100,0.5773158631354318,0.7767857142857143,0.75,0.6938775510204082
lasso_poly3_C0.01,sklearn_regularized,7,3,l1,0.01,0.6931471805599454,0.5,0.4666666666666667,0.6363636363636364
lasso_poly3_C0.03,sklearn_regularized,7,3,l1,0.03,0.6454036580394023,0.7566964285714285,0.75,0.7272727272727273
lasso_poly3_C0.1,sklearn_regularized,7,3,l1,0.1,0.5960975203277495,0.7533482142857142,0.7333333333333333,0.7142857142857143
lasso_poly3_C0.3,sklearn_regularized,7,3,l1,0.3,0.5820045512473181,0.7689732142857143,0.7666666666666667,0.7407407407407407
lasso_poly3_C1,sklearn_regularized,7,3,l1,1,0.567218811647296,0.7879464285714285,0.7333333333333333,0.6923076923076923
lasso_poly3_C3,sklearn_regularized,7,3,l1,3,0.5714552615365885,0.7868303571428571,0.75,0.7058823529411765
lasso_poly3_C10,sklearn_regularized,7,3,l1,10,0.5723462968099802,0.7868303571428571,0.75,0.7058823529411765
lasso_poly3_C30,sklearn_regularized,7,3,l1,30,0.5728293495765129,0.7857142857142857,0.75,0.7058823529411765
lasso_poly3_C100,sklearn_regularized,7,3,l1,100,0.5730197254289533,0.7845982142857142,0.75,0.7058823529411765
lasso_poly4_C0.01,sklearn_regularized,7,4,l1,0.01,0.6931471805599454,0.5,0.4666666666666667,0.6363636363636364
lasso_poly4_C0.03,sklearn_regularized,7,4,l1,0.03,0.6454036991786797,0.7566964285714285,0.75,0.7272727272727273
lasso_poly4_C0.1,sklearn_regularized,7,4,l1,0.1,0.596093225108083,0.7533482142857142,0.7333333333333333,0.7142857142857143
lasso_poly4_C0.3,sklearn_regularized,7,4,l1,0.3,0.5671087263359809,0.7801339285714285,0.7333333333333333,0.7037037037037037
lasso_poly4_C1,sklearn_regularized,7,4,l1,1,0.5906397888570455,0.7879464285714286,0.8,0.7692307692307693
lasso_poly4_C3,sklearn_regularized,7,4,l1,3,0.661237402957619,0.7734375,0.7166666666666667,0.7017543859649122
lasso_poly4_C10,sklearn_regularized,7,4,l1,10,0.7132305299275944,0.7656249999999999,0.7166666666666667,0.7017543859649122
lasso_poly4_C30,sklearn_regularized,7,4,l1,30,0.7370920959019328,0.7645089285714285,0.7166666666666667,0.7017543859649122
lasso_poly4_C100,sklearn_regularized,7,4,l1,100,0.7485442127735066,0.7600446428571429,0.7166666666666667,0.7017543859649122
lasso_poly5_C0.01,sklearn_regularized,7,5,l1,0.01,0.6931471805599454,0.5,0.4666666666666667,0.6363636363636364
lasso_poly5_C0.03,sklearn_regularized,7,5,l1,0.03,0.6454030360895767,0.7566964285714285,0.75,0.7272727272727273
lasso_poly5_C0.1,sklearn_regularized,7,5,l1,0.1,0.59609187327689,0.7533482142857142,0.7333333333333333,0.7142857142857143
lasso_poly5_C0.3,sklearn_regularized,7,5,l1,0.3,0.5673008694962837,0.78125,0.75,0.7169811320754716
lasso_poly5_C1,sklearn_regularized,7,5,l1,1,0.5837686420319549,0.7845982142857143,0.7833333333333333,0.7547169811320755
lasso_poly5_C3,sklearn_regularized,7,5,l1,3,0.6168065019212772,0.78125,0.7,0.6785714285714286
lasso_poly5_C10,sklearn_regularized,7,5,l1,10,0.6708874394027207,0.7979910714285714,0.7166666666666667,0.6792452830188679
lasso_poly5_C30,sklearn_regularized,7,5,l1,30,0.8351474325317739,0.7578125,0.6833333333333333,0.6545454545454545
lasso_poly5_C100,sklearn_regularized,7,5,l1,100,1.05640817058578,0.7332589285714286,0.6833333333333333,0.6545454545454545
lasso_poly6_C0.01,sklearn_regularized,7,6,l1,0.01,0.6931471805599454,0.5,0.4666666666666667,0.6363636363636364
lasso_poly6_C0.03,sklearn_regularized,7,6,l1,0.03,0.6454036580394023,0.7566964285714285,0.75,0.7272727272727273
lasso_poly6_C0.1,sklearn_regularized,7,6,l1,0.1,0.5960920784220123,0.7533482142857142,0.7333333333333333,0.7142857142857143
lasso_poly6_C0.3,sklearn_regularized,7,6,l1,0.3,0.5669127655861563,0.78125,0.7333333333333333,0.7037037037037037
lasso_poly6_C1,sklearn_regularized,7,6,l1,1,0.5855079352774258,0.7823660714285714,0.75,0.7272727272727273
lasso_poly6_C3,sklearn_regularized,7,6,l1,3,0.5875012720906284,0.7912946428571429,0.7,0.6666666666666666
lasso_poly6_C10,sklearn_regularized,7,6,l1,10,0.7528202259412121,0.7645089285714286,0.7,0.6538461538461539
lasso_poly6_C30,sklearn_regularized,7,6,l1,30,1.6596865046055322,0.7131696428571429,0.6333333333333333,0.5769230769230769
lasso_poly6_C100,sklearn_regularized,7,6,l1,100,2.6966072526184406,0.6941964285714286,0.6166666666666667,0.5660377358490566
glm_current_simple,statsmodels_glm,8,,none,,0.5030752727456449,0.828125,0.6833333333333333,0.6666666666666666
glm_best_subset,statsmodels_glm,8,,none,,0.48454992045884054,0.8515625,0.7333333333333333,0.7142857142857143
glm_full_degree2,statsmodels_glm,8,,none,,0.4802688758963223,0.8504464285714286,0.7333333333333333,0.7142857142857143
ridge_poly1_C0.01,sklearn_regularized,8,1,l2,0.01,0.6542408338104623,0.6741071428571428,0.6666666666666666,0.6
ridge_poly1_C0.03,sklearn_regularized,8,1,l2,0.03,0.6376853148475998,0.6707589285714286,0.6333333333333333,0.5769230769230769
ridge_poly1_C0.1,sklearn_regularized,8,1,l2,0.1,0.630471978708078,0.6707589285714286,0.6166666666666667,0.5818181818181818
ridge_poly1_C0.3,sklearn_regularized,8,1,l2,0.3,0.6294918613533161,0.6674107142857143,0.6166666666666667,0.5818181818181818
ridge_poly1_C1,sklearn_regularized,8,1,l2,1,0.6295617019770792,0.6685267857142858,0.6166666666666667,0.5818181818181818
ridge_poly1_C3,sklearn_regularized,8,1,l2,3,0.6296439852454615,0.6685267857142858,0.6166666666666667,0.5818181818181818
ridge_poly1_C10,sklearn_regularized,8,1,l2,10,0.6296805541165822,0.6685267857142858,0.6166666666666667,0.5818181818181818
ridge_poly1_C30,sklearn_regularized,8,1,l2,30,0.6296917837202273,0.6685267857142858,0.6166666666666667,0.5818181818181818
ridge_poly1_C100,sklearn_regularized,8,1,l2,100,0.6296957976618553,0.6685267857142858,0.6166666666666667,0.5818181818181818
ridge_poly2_C0.01,sklearn_regularized,8,2,l2,0.01,0.6028060117011453,0.8270089285714286,0.7333333333333333,0.68
ridge_poly2_C0.03,sklearn_regularized,8,2,l2,0.03,0.5504842313192048,0.8359375,0.75,0.7272727272727273
ridge_poly2_C0.1,sklearn_regularized,8,2,l2,0.1,0.5097304811415385,0.84375,0.75,0.7272727272727273
ridge_poly2_C0.3,sklearn_regularized,8,2,l2,0.3,0.4915163480521018,0.8470982142857142,0.75,0.7272727272727273
ridge_poly2_C1,sklearn_regularized,8,2,l2,1,0.48379356047978495,0.8493303571428571,0.75,0.7272727272727273
ridge_poly2_C3,sklearn_regularized,8,2,l2,3,0.4814692584062742,0.8515625,0.7333333333333333,0.7142857142857143
ridge_poly2_C10,sklearn_regularized,8,2,l2,10,0.48062012215892574,0.8515625,0.7333333333333333,0.7142857142857143
ridge_poly2_C30,sklearn_regularized,8,2,l2,30,0.4803757634465411,0.8515625,0.7333333333333333,0.7142857142857143
ridge_poly2_C100,sklearn_regularized,8,2,l2,100,0.4802900548950365,0.8515625,0.7333333333333333,0.7142857142857143
ridge_poly3_C0.01,sklearn_regularized,8,3,l2,0.01,0.5850842387066397,0.8203124999999999,0.7333333333333333,0.68
ridge_poly3_C0.03,sklearn_regularized,8,3,l2,0.03,0.5394086646179388,0.8370535714285714,0.7166666666666667,0.6792452830188679
ridge_poly3_C0.1,sklearn_regularized,8,3,l2,0.1,0.5057324610383588,0.8370535714285714,0.7,0.6666666666666666
ridge_poly3_C0.3,sklearn_regularized,8,3,l2,0.3,0.49353413520225403,0.8348214285714286,0.6833333333333333,0.6415094339622641
ridge_poly3_C1,sklearn_regularized,8,3,l2,1,0.49597862273117305,0.8270089285714285,0.6833333333333333,0.6415094339622641
ridge_poly3_C3,sklearn_regularized,8,3,l2,3,0.5023406630007234,0.8158482142857142,0.6833333333333333,0.6415094339622641
ridge_poly3_C10,sklearn_regularized,8,3,l2,10,0.5066247237609164,0.8147321428571428,0.6666666666666666,0.6296296296296297
ridge_poly3_C30,sklearn_regularized,8,3,l2,30,0.5081664636704594,0.8125,0.6666666666666666,0.6296296296296297
ridge_poly3_C100,sklearn_regularized,8,3,l2,100,0.5087490217177542,0.8125,0.6666666666666666,0.6296296296296297
ridge_poly4_C0.01,sklearn_regularized,8,4,l2,0.01,0.5607505277241182,0.8448660714285714,0.75,0.7058823529411765
ridge_poly4_C0.03,sklearn_regularized,8,4,l2,0.03,0.5152434050512025,0.8616071428571428,0.7,0.6666666666666666
ridge_poly4_C0.1,sklearn_regularized,8,4,l2,0.1,0.4817970700775613,0.8694196428571428,0.7166666666666667,0.6792452830188679
ridge_poly4_C0.3,sklearn_regularized,8,4,l2,0.3,0.4635238272028437,0.8694196428571429,0.75,0.7272727272727273
ridge_poly4_C1,sklearn_regularized,8,4,l2,1,0.44865992999762655,0.8772321428571429,0.75,0.7368421052631579
ridge_poly4_C3,sklearn_regularized,8,4,l2,3,0.43893401912489816,0.8816964285714285,0.8,0.7931034482758621
ridge_poly4_C10,sklearn_regularized,8,4,l2,10,0.43343917501994605,0.8861607142857143,0.8,0.7931034482758621
ridge_poly4_C30,sklearn_regularized,8,4,l2,30,0.43176952279602704,0.8839285714285714,0.8,0.7931034482758621
ridge_poly4_C100,sklearn_regularized,8,4,l2,100,0.4312868267577593,0.8839285714285714,0.8,0.7931034482758621
ridge_poly5_C0.01,sklearn_regularized,8,5,l2,0.01,0.557454770158,0.8459821428571428,0.75,0.7058823529411765
ridge_poly5_C0.03,sklearn_regularized,8,5,l2,0.03,0.5162839062378546,0.8582589285714287,0.7166666666666667,0.6792452830188679
ridge_poly5_C0.1,sklearn_regularized,8,5,l2,0.1,0.48840044617920425,0.8616071428571429,0.7,0.6666666666666666
ridge_poly5_C0.3,sklearn_regularized,8,5,l2,0.3,0.47679931160672145,0.8549107142857143,0.7166666666666667,0.6909090909090909
ridge_poly5_C1,sklearn_regularized,8,5,l2,1,0.4696432891917231,0.8459821428571428,0.7166666666666667,0.711864406779661
ridge_poly5_C3,sklearn_regularized,8,5,l2,3,0.478713719802763,0.8537946428571428,0.75,0.7368421052631579
ridge_poly5_C10,sklearn_regularized,8,5,l2,10,0.5205453336618195,0.8571428571428571,0.8,0.7857142857142857
ridge_poly5_C30,sklearn_regularized,8,5,l2,30,0.6232368705434277,0.8247767857142857,0.7333333333333333,0.7241379310344828
ridge_poly5_C100,sklearn_regularized,8,5,l2,100,0.7977808919306898,0.7823660714285714,0.7,0.6896551724137931
ridge_poly6_C0.01,sklearn_regularized,8,6,l2,0.01,0.5507180343261325,0.8515625,0.75,0.7058823529411765
ridge_poly6_C0.03,sklearn_regularized,8,6,l2,0.03,0.5116733916475446,0.8604910714285715,0.7,0.6666666666666666
ridge_poly6_C0.1,sklearn_regularized,8,6,l2,0.1,0.48686342377899305,0.8582589285714286,0.7333333333333333,0.7142857142857143
ridge_poly6_C0.3,sklearn_regularized,8,6,l2,0.3,0.48254222805175023,0.8381696428571429,0.7166666666666667,0.711864406779661
ridge_poly6_C1,sklearn_regularized,8,6,l2,1,0.49952614331154466,0.8426339285714286,0.7166666666666667,0.711864406779661
ridge_poly6_C3,sklearn_regularized,8,6,l2,3,0.5406473998712197,0.8292410714285714,0.75,0.7540983606557377
ridge_poly6_C10,sklearn_regularized,8,6,l2,10,0.6711122879989417,0.8292410714285714,0.7666666666666667,0.7666666666666667
ridge_poly6_C30,sklearn_regularized,8,6,l2,30,0.9324242085568577,0.7935267857142858,0.7166666666666667,0.711864406779661
ridge_poly6_C100,sklearn_regularized,8,6,l2,100,1.4798847952257974,0.7427455357142857,0.6833333333333333,0.6666666666666666
lasso_poly2_C0.01,sklearn_regularized,8,2,l1,0.01,0.6931471805599454,0.5,0.4666666666666667,0.6363636363636364
lasso_poly2_C0.03,sklearn_regularized,8,2,l1,0.03,0.6389307030570719,0.8404017857142857,0.7333333333333333,0.7142857142857143
lasso_poly2_C0.1,sklearn_regularized,8,2,l1,0.1,0.524449215911444,0.8415178571428571,0.7166666666666667,0.711864406779661
lasso_poly2_C0.3,sklearn_regularized,8,2,l1,0.3,0.5042250519831446,0.8370535714285714,0.6833333333333333,0.6779661016949152
lasso_poly2_C1,sklearn_regularized,8,2,l1,1,0.48804858626485,0.8415178571428571,0.7166666666666667,0.7017543859649122
lasso_poly2_C3,sklearn_regularized,8,2,l1,3,0.4831885886148293,0.8470982142857142,0.75,0.7272727272727273
lasso_poly2_C10,sklearn_regularized,8,2,l1,10,0.4811254548137317,0.8504464285714285,0.7333333333333333,0.7142857142857143
lasso_poly2_C30,sklearn_regularized,8,2,l1,30,0.48055368941785287,0.8515625,0.7333333333333333,0.7142857142857143
lasso_poly2_C100,sklearn_regularized,8,2,l1,100,0.4803553666835303,0.8515625,0.7333333333333333,0.7142857142857143
lasso_poly3_C0.01,sklearn_regularized,8,3,l1,0.01,0.6931471805599454,0.5,0.4666666666666667,0.6363636363636364
lasso_poly3_C0.03,sklearn_regularized,8,3,l1,0.03,0.6389302087064906,0.8404017857142857,0.7333333333333333,0.7142857142857143
lasso_poly3_C0.1,sklearn_regularized,8,3,l1,0.1,0.5240077778599275,0.8415178571428571,0.7166666666666667,0.711864406779661
lasso_poly3_C0.3,sklearn_regularized,8,3,l1,0.3,0.49695084773823445,0.8459821428571428,0.7,0.6896551724137931
lasso_poly3_C1,sklearn_regularized,8,3,l1,1,0.49777244863281633,0.8314732142857143,0.6666666666666666,0.6296296296296297
lasso_poly3_C3,sklearn_regularized,8,3,l1,3,0.5014243797731639,0.8247767857142856,0.7,0.6666666666666666
lasso_poly3_C10,sklearn_regularized,8,3,l1,10,0.5062379425972047,0.8158482142857143,0.6833333333333333,0.6415094339622641
lasso_poly3_C30,sklearn_regularized,8,3,l1,30,0.5080693313388054,0.8125,0.6833333333333333,0.6415094339622641
lasso_poly3_C100,sklearn_regularized,8,3,l1,100,0.5087604364048726,0.8113839285714285,0.6666666666666666,0.6296296296296297
lasso_poly4_C0.01,sklearn_regularized,8,4,l1,0.01,0.6931471805599454,0.5,0.4666666666666667,0.6363636363636364
lasso_poly4_C0.03,sklearn_regularized,8,4,l1,0.03,0.638930703047058,0.8404017857142857,0.7333333333333333,0.7142857142857143
lasso_poly4_C0.1,sklearn_regularized,8,4,l1,0.1,0.5261783229868482,0.8404017857142858,0.7,0.7
lasso_poly4_C0.3,sklearn_regularized,8,4,l1,0.3,0.4996676984763846,0.8482142857142857,0.7166666666666667,0.711864406779661
lasso_poly4_C1,sklearn_regularized,8,4,l1,1,0.4654802984074323,0.8649553571428571,0.7666666666666667,0.75
lasso_poly4_C3,sklearn_regularized,8,4,l1,3,0.44672668323967607,0.8772321428571428,0.75,0.7457627118644068
lasso_poly4_C10,sklearn_regularized,8,4,l1,10,0.4343802874446205,0.8861607142857143,0.8,0.7931034482758621
lasso_poly4_C30,sklearn_regularized,8,4,l1,30,0.4317663745747922,0.8861607142857143,0.8,0.7931034482758621
lasso_poly4_C100,sklearn_regularized,8,4,l1,100,0.43097108068303824,0.8850446428571428,0.8,0.7931034482758621
lasso_poly5_C0.01,sklearn_regularized,8,5,l1,0.01,0.6931471805599454,0.5,0.4666666666666667,0.6363636363636364
lasso_poly5_C0.03,sklearn_regularized,8,5,l1,0.03,0.6389307030570719,0.8404017857142857,0.7333333333333333,0.7142857142857143
lasso_poly5_C0.1,sklearn_regularized,8,5,l1,0.1,0.5257149500627507,0.8404017857142858,0.7,0.7
lasso_poly5_C0.3,sklearn_regularized,8,5,l1,0.3,0.49824662336521747,0.8459821428571429,0.7,0.6896551724137931
lasso_poly5_C1,sklearn_regularized,8,5,l1,1,0.4986085809191792,0.8292410714285714,0.6833333333333333,0.6779661016949152
lasso_poly5_C3,sklearn_regularized,8,5,l1,3,0.5154488017971831,0.8337053571428571,0.7666666666666667,0.75
lasso_poly5_C10,sklearn_regularized,8,5,l1,10,0.6401547212918135,0.8147321428571428,0.7333333333333333,0.7142857142857143
lasso_poly5_C30,sklearn_regularized,8,5,l1,30,0.927121506835914,0.7767857142857142,0.7,0.6896551724137931
lasso_poly5_C100,sklearn_regularized,8,5,l1,100,1.1258066085888028,0.7589285714285715,0.7,0.6896551724137931
lasso_poly6_C0.01,sklearn_regularized,8,6,l1,0.01,0.6931471805599454,0.5,0.4666666666666667,0.6363636363636364
lasso_poly6_C0.03,sklearn_regularized,8,6,l1,0.03,0.638930208769479,0.8404017857142857,0.7333333333333333,0.7142857142857143
lasso_poly6_C0.1,sklearn_regularized,8,6,l1,0.1,0.5260688569232396,0.8404017857142858,0.7,0.7
lasso_poly6_C0.3,sklearn_regularized,8,6,l1,0.3,0.5004335077720905,0.8504464285714286,0.7166666666666667,0.711864406779661
lasso_poly6_C1,sklearn_regularized,8,6,l1,1,0.49384077925542963,0.8381696428571429,0.7333333333333333,0.7241379310344828
lasso_poly6_C3,sklearn_regularized,8,6,l1,3,0.5459679702063404,0.8247767857142857,0.7333333333333333,0.7241379310344828
lasso_poly6_C10,sklearn_regularized,8,6,l1,10,1.3004088434980179,0.7511160714285714,0.7,0.6896551724137931
lasso_poly6_C30,sklearn_regularized,8,6,l1,30,2.9331768017782753,0.6958705357142856,0.6333333333333333,0.6071428571428571
lasso_poly6_C100,sklearn_regularized,8,6,l1,100,3.7475732864992595,0.6841517857142857,0.6166666666666667,0.5818181818181818
glm_current_simple,statsmodels_glm,9,,none,,0.5520652200468096,0.7686318131256952,0.6666666666666666,0.6666666666666666
glm_best_subset,statsmodels_glm,9,,none,,0.5422359302114622,0.7830923248053393,0.6666666666666666,0.6666666666666666
glm_full_degree2,statsmodels_glm,9,,none,,0.5465927455306309,0.7775305895439377,0.6666666666666666,0.6666666666666666
ridge_poly1_C0.01,sklearn_regularized,9,1,l2,0.01,0.6502173059394004,0.7586206896551724,0.6833333333333333,0.6122448979591837
ridge_poly1_C0.03,sklearn_regularized,9,1,l2,0.03,0.6262057992298465,0.7652947719688543,0.6833333333333333,0.6415094339622641
ridge_poly1_C0.1,sklearn_regularized,9,1,l2,0.1,0.6100937547455805,0.764182424916574,0.6833333333333333,0.6545454545454545
ridge_poly1_C0.3,sklearn_regularized,9,1,l2,0.3,0.6041445417765006,0.7630700778642936,0.6833333333333333,0.6545454545454545
ridge_poly1_C1,sklearn_regularized,9,1,l2,1,0.6019232109257439,0.7641824249165741,0.6833333333333333,0.6545454545454545
ridge_poly1_C3,sklearn_regularized,9,1,l2,3,0.6012779849070727,0.7641824249165741,0.6833333333333333,0.6545454545454545
ridge_poly1_C10,sklearn_regularized,9,1,l2,10,0.6010511921276449,0.7641824249165741,0.6833333333333333,0.6545454545454545
ridge_poly1_C30,sklearn_regularized,9,1,l2,30,0.6009863068292525,0.7641824249165741,0.6833333333333333,0.6545454545454545
ridge_poly1_C100,sklearn_regularized,9,1,l2,100,0.6009635879577162,0.7641824249165741,0.6833333333333333,0.6545454545454545
ridge_poly2_C0.01,sklearn_regularized,9,2,l2,0.01,0.6117320870727395,0.8120133481646274,0.7,0.6666666666666666
ridge_poly2_C0.03,sklearn_regularized,9,2,l2,0.03,0.5679457277972646,0.8120133481646273,0.7333333333333333,0.7241379310344828
ridge_poly2_C0.1,sklearn_regularized,9,2,l2,0.1,0.5410978967049151,0.8042269187986653,0.75,0.7457627118644068
ridge_poly2_C0.3,sklearn_regularized,9,2,l2,0.3,0.5372373234154779,0.7908787541713014,0.7166666666666667,0.711864406779661
ridge_poly2_C1,sklearn_regularized,9,2,l2,1,0.541541254242765,0.7830923248053392,0.6666666666666666,0.6666666666666666
ridge_poly2_C3,sklearn_regularized,9,2,l2,3,0.5445075141458375,0.7797552836484983,0.6666666666666666,0.6666666666666666
ridge_poly2_C10,sklearn_regularized,9,2,l2,10,0.5458781242849693,0.7786429365962181,0.6666666666666666,0.6666666666666666
ridge_poly2_C30,sklearn_regularized,9,2,l2,30,0.5463090456750987,0.7775305895439377,0.6666666666666666,0.6666666666666666
ridge_poly2_C100,sklearn_regularized,9,2,l2,100,0.5464643299962505,0.7775305895439377,0.6666666666666666,0.6666666666666666
ridge_poly3_C0.01,sklearn_regularized,9,3,l2,0.01,0.6054453853447336,0.846496106785317,0.75,0.7169811320754716
ridge_poly3_C0.03,sklearn_regularized,9,3,l2,0.03,0.5700087887647207,0.8253615127919911,0.7333333333333333,0.7142857142857143
ridge_poly3_C0.1,sklearn_regularized,9,3,l2,0.1,0.5542674912919338,0.8042269187986651,0.7166666666666667,0.7017543859649122
ridge_poly3_C0.3,sklearn_regularized,9,3,l2,0.3,0.5644713343116614,0.7830923248053393,0.6666666666666666,0.6551724137931034
ridge_poly3_C1,sklearn_regularized,9,3,l2,1,0.5892686241194252,0.7719688542825361,0.6333333333333333,0.6071428571428571
ridge_poly3_C3,sklearn_regularized,9,3,l2,3,0.607923426437301,0.7708565072302558,0.6333333333333333,0.6071428571428571
ridge_poly3_C10,sklearn_regularized,9,3,l2,10,0.6178670227759702,0.7708565072302558,0.6333333333333333,0.6071428571428571
ridge_poly3_C30,sklearn_regularized,9,3,l2,30,0.6212213161943906,0.7708565072302558,0.6333333333333333,0.6071428571428571
ridge_poly3_C100,sklearn_regularized,9,3,l2,100,0.6224626340017424,0.7708565072302558,0.6333333333333333,0.6071428571428571
ridge_poly4_C0.01,sklearn_regularized,9,4,l2,0.01,0.595645409845249,0.8109010011123471,0.7333333333333333,0.6923076923076923
ridge_poly4_C0.03,sklearn_regularized,9,4,l2,0.03,0.5698420824550561,0.7853170189098998,0.7166666666666667,0.6792452830188679
ridge_poly4_C0.1,sklearn_regularized,9,4,l2,0.1,0.5763611084149254,0.7563959955506118,0.7,0.6666666666666666
ridge_poly4_C0.3,sklearn_regularized,9,4,l2,0.3,0.6221889177588432,0.731924360400445,0.7,0.6666666666666666
ridge_poly4_C1,sklearn_regularized,9,4,l2,1,0.7149103245585328,0.7130144605116796,0.6333333333333333,0.5925925925925926
ridge_poly4_C3,sklearn_regularized,9,4,l2,3,0.8247522337254962,0.6941045606229144,0.5666666666666667,0.5185185185185185
ridge_poly4_C10,sklearn_regularized,9,4,l2,10,0.9476145226585253,0.6763070077864293,0.5666666666666667,0.5185185185185185
ridge_poly4_C30,sklearn_regularized,9,4,l2,30,1.0349016558055408,0.6696329254727474,0.55,0.49056603773584906
ridge_poly4_C100,sklearn_regularized,9,4,l2,100,1.0896412809698213,0.6674082313681869,0.55,0.49056603773584906
ridge_poly5_C0.01,sklearn_regularized,9,5,l2,0.01,0.5972357839204196,0.8253615127919911,0.7333333333333333,0.6923076923076923
ridge_poly5_C0.03,sklearn_regularized,9,5,l2,0.03,0.5721412788698589,0.7997775305895439,0.75,0.7272727272727273
ridge_poly5_C0.1,sklearn_regularized,9,5,l2,0.1,0.5788465065329262,0.7630700778642936,0.7,0.6666666666666666
ridge_poly5_C0.3,sklearn_regularized,9,5,l2,0.3,0.6249152786460427,0.7441601779755284,0.7,0.6666666666666666
ridge_poly5_C1,sklearn_regularized,9,5,l2,1,0.705589584339757,0.7185761957730812,0.65,0.6037735849056604
ridge_poly5_C3,sklearn_regularized,9,5,l2,3,0.7879609552137303,0.699666295884316,0.6333333333333333,0.5925925925925926
ridge_poly5_C10,sklearn_regularized,9,5,l2,10,0.9391318217552989,0.692992213570634,0.6333333333333333,0.5925925925925926
ridge_poly5_C30,sklearn_regularized,9,5,l2,30,1.3453975908721971,0.6896551724137931,0.6166666666666667,0.5818181818181818
ridge_poly5_C100,sklearn_regularized,9,5,l2,100,1.6862336840968917,0.6890989988876529,0.6333333333333333,0.6071428571428571
ridge_poly6_C0.01,sklearn_regularized,9,6,l2,0.01,0.5987219766096508,0.7897664071190212,0.6833333333333333,0.6274509803921569
ridge_poly6_C0.03,sklearn_regularized,9,6,l2,0.03,0.5800612448585001,0.7708565072302559,0.7166666666666667,0.6792452830188679
ridge_poly6_C0.1,sklearn_regularized,9,6,l2,0.1,0.5988164682500867,0.7474972191323693,0.7,0.6666666666666666
ridge_poly6_C0.3,sklearn_regularized,9,6,l2,0.3,0.6616956579097042,0.7208008898776418,0.6833333333333333,0.6545454545454545
ridge_poly6_C1,sklearn_regularized,9,6,l2,1,0.76273888905063,0.6941045606229144,0.6166666666666667,0.5660377358490566
ridge_poly6_C3,sklearn_regularized,9,6,l2,3,0.8763331991071176,0.6874304783092324,0.6166666666666667,0.5660377358490566
ridge_poly6_C10,sklearn_regularized,9,6,l2,10,1.122793525706439,0.6996662958843158,0.65,0.6181818181818182
ridge_poly6_C30,sklearn_regularized,9,6,l2,30,1.4569683701435987,0.7068965517241379,0.65,0.6181818181818182
ridge_poly6_C100,sklearn_regularized,9,6,l2,100,1.9439773752388971,0.7130144605116797,0.6666666666666666,0.6428571428571429
lasso_poly2_C0.01,sklearn_regularized,9,2,l1,0.01,0.6931471805599454,0.5,0.48333333333333334,0.651685393258427
lasso_poly2_C0.03,sklearn_regularized,9,2,l1,0.03,0.6493659635398437,0.778642936596218,0.7,0.7096774193548387
lasso_poly2_C0.1,sklearn_regularized,9,2,l1,0.1,0.5465176215189835,0.8153503893214683,0.7166666666666667,0.7301587301587301
lasso_poly2_C0.3,sklearn_regularized,9,2,l1,0.3,0.5288779839120509,0.8053392658509455,0.7,0.7096774193548387
lasso_poly2_C1,sklearn_regularized,9,2,l1,1,0.5345298551969445,0.7964404894327031,0.6833333333333333,0.6779661016949152
lasso_poly2_C3,sklearn_regularized,9,2,l1,3,0.5418850031566314,0.7797552836484983,0.6666666666666666,0.6666666666666666
lasso_poly2_C10,sklearn_regularized,9,2,l1,10,0.5450952859349327,0.7797552836484983,0.6666666666666666,0.6666666666666666
lasso_poly2_C30,sklearn_regularized,9,2,l1,30,0.5460813694731145,0.7786429365962181,0.6666666666666666,0.6666666666666666
lasso_poly2_C100,sklearn_regularized,9,2,l1,100,0.5464340599211528,0.7775305895439377,0.6666666666666666,0.6666666666666666
lasso_poly3_C0.01,sklearn_regularized,9,3,l1,0.01,0.6931471805599454,0.5,0.48333333333333334,0.651685393258427
lasso_poly3_C0.03,sklearn_regularized,9,3,l1,0.03,0.6493659097531466,0.778642936596218,0.7,0.7096774193548387
lasso_poly3_C0.1,sklearn_regularized,9,3,l1,0.1,0.5465176078800135,0.8153503893214683,0.7166666666666667,0.7301587301587301
lasso_poly3_C0.3,sklearn_regularized,9,3,l1,0.3,0.5358253354908195,0.7942157953281423,0.7,0.6896551724137931
lasso_poly3_C1,sklearn_regularized,9,3,l1,1,0.5694928467146312,0.7686318131256952,0.6666666666666666,0.6551724137931034
lasso_poly3_C3,sklearn_regularized,9,3,l1,3,0.5990786162981416,0.7730812013348164,0.6333333333333333,0.6071428571428571
lasso_poly3_C10,sklearn_regularized,9,3,l1,10,0.6143779550245967,0.7708565072302558,0.6333333333333333,0.6071428571428571
lasso_poly3_C30,sklearn_regularized,9,3,l1,30,0.6198906543849619,0.7708565072302558,0.6333333333333333,0.6071428571428571
lasso_poly3_C100,sklearn_regularized,9,3,l1,100,0.6221798086646441,0.7708565072302558,0.6333333333333333,0.6071428571428571
lasso_poly4_C0.01,sklearn_regularized,9,4,l1,0.01,0.6931471805599454,0.5,0.48333333333333334,0.651685393258427
lasso_poly4_C0.03,sklearn_regularized,9,4,l1,0.03,0.6493693044869585,0.778642936596218,0.7,0.7096774193548387
lasso_poly4_C0.1,sklearn_regularized,9,4,l1,0.1,0.5492640706487968,0.8075639599555061,0.7333333333333333,0.7419354838709677
lasso_poly4_C0.3,sklearn_regularized,9,4,l1,0.3,0.5517961955583944,0.7797552836484983,0.65,0.6440677966101694
lasso_poly4_C1,sklearn_regularized,9,4,l1,1,0.6828316843350688,0.7096774193548386,0.65,0.6037735849056604
lasso_poly4_C3,sklearn_regularized,9,4,l1,3,0.870087114279494,0.681868743047831,0.5833333333333334,0.5454545454545454
lasso_poly4_C10,sklearn_regularized,9,4,l1,10,0.9950431519596091,0.6718576195773082,0.55,0.49056603773584906
lasso_poly4_C30,sklearn_regularized,9,4,l1,30,1.0663624830103748,0.6718576195773082,0.55,0.49056603773584906
lasso_poly4_C100,sklearn_regularized,9,4,l1,100,1.1023202687707108,0.6651835372636262,0.55,0.49056603773584906
lasso_poly5_C0.01,sklearn_regularized,9,5,l1,0.01,0.6931471805599454,0.5,0.48333333333333334,0.651685393258427
lasso_poly5_C0.03,sklearn_regularized,9,5,l1,0.03,0.6493658236641581,0.778642936596218,0.7,0.7096774193548387
lasso_poly5_C0.1,sklearn_regularized,9,5,l1,0.1,0.5492419397151529,0.8075639599555061,0.7333333333333333,0.7419354838709677
lasso_poly5_C0.3,sklearn_regularized,9,5,l1,0.3,0.5517742442001947,0.7797552836484983,0.65,0.6440677966101694
lasso_poly5_C1,sklearn_regularized,9,5,l1,1,0.6882766555462896,0.71412680756396,0.65,0.5882352941176471
lasso_poly5_C3,sklearn_regularized,9,5,l1,3,0.755841987004976,0.7230255839822023,0.6666666666666666,0.6428571428571429
lasso_poly5_C10,sklearn_regularized,9,5,l1,10,1.093078259256073,0.7041156840934372,0.65,0.631578947368421
lasso_poly5_C30,sklearn_regularized,9,5,l1,30,2.072785478961011,0.6941045606229144,0.6666666666666666,0.6428571428571429
lasso_poly5_C100,sklearn_regularized,9,5,l1,100,2.696482120118555,0.685761957730812,0.6,0.5714285714285714
lasso_poly6_C0.01,sklearn_regularized,9,6,l1,0.01,0.6931471805599454,0.5,0.48333333333333334,0.651685393258427
lasso_poly6_C0.03,sklearn_regularized,9,6,l1,0.03,0.6493658608026361,0.778642936596218,0.7,0.7096774193548387
lasso_poly6_C0.1,sklearn_regularized,9,6,l1,0.1,0.549235652480668,0.8075639599555061,0.7333333333333333,0.7419354838709677
lasso_poly6_C0.3,sklearn_regularized,9,6,l1,0.3,0.5517655330623447,0.7797552836484983,0.65,0.6440677966101694
lasso_poly6_C1,sklearn_regularized,9,6,l1,1,0.7143788559105135,0.7085650723025583,0.6666666666666666,0.6296296296296297
lasso_poly6_C3,sklearn_regularized,9,6,l1,3,0.7593880014118944,0.7141268075639599,0.65,0.6181818181818182
lasso_poly6_C10,sklearn_regularized,9,6,l1,10,1.180386325183698,0.7230255839822025,0.6833333333333333,0.6545454545454545
lasso_poly6_C30,sklearn_regularized,9,6,l1,30,2.4383200894885704,0.695773081201335,0.65,0.6181818181818182
lasso_poly6_C100,sklearn_regularized,9,6,l1,100,2.508994112185907,0.7068965517241379,0.6666666666666666,0.6551724137931034
glm_current_simple,statsmodels_glm,10,,none,,0.5057413851393535,0.8375973303670745,0.75,0.7368421052631579
glm_best_subset,statsmodels_glm,10,,none,,0.5022926170750196,0.8286985539488321,0.75,0.7368421052631579
glm_full_degree2,statsmodels_glm,10,,none,,0.5409382171534047,0.8020022246941046,0.7166666666666667,0.7017543859649122
ridge_poly1_C0.01,sklearn_regularized,10,1,l2,0.01,0.6584398492652661,0.6751946607341491,0.55,0.4489795918367347
ridge_poly1_C0.03,sklearn_regularized,10,1,l2,0.03,0.6453421026674758,0.6751946607341491,0.5333333333333333,0.46153846153846156
ridge_poly1_C0.1,sklearn_regularized,10,1,l2,0.1,0.6423261103550596,0.6740823136818687,0.5333333333333333,0.46153846153846156
ridge_poly1_C0.3,sklearn_regularized,10,1,l2,0.3,0.6437465090063591,0.6729699666295884,0.5333333333333333,0.46153846153846156
ridge_poly1_C1,sklearn_regularized,10,1,l2,1,0.644941411110387,0.6729699666295884,0.5333333333333333,0.46153846153846156
ridge_poly1_C3,sklearn_regularized,10,1,l2,3,0.6453826161639333,0.6729699666295884,0.5166666666666667,0.4528301886792453
ridge_poly1_C10,sklearn_regularized,10,1,l2,10,0.64554915975726,0.6729699666295884,0.5166666666666667,0.4528301886792453
ridge_poly1_C30,sklearn_regularized,10,1,l2,30,0.6455979499763758,0.6729699666295884,0.5166666666666667,0.4528301886792453
ridge_poly1_C100,sklearn_regularized,10,1,l2,100,0.6456151550961989,0.6729699666295884,0.5166666666666667,0.4528301886792453
ridge_poly2_C0.01,sklearn_regularized,10,2,l2,0.01,0.6089250274813051,0.7986651835372637,0.65,0.5882352941176471
ridge_poly2_C0.03,sklearn_regularized,10,2,l2,0.03,0.5644791256948302,0.8020022246941046,0.7,0.6666666666666666
ridge_poly2_C0.1,sklearn_regularized,10,2,l2,0.1,0.5386290331961615,0.8042269187986651,0.7,0.6785714285714286
ridge_poly2_C0.3,sklearn_regularized,10,2,l2,0.3,0.5350524588994825,0.8008898776418243,0.7166666666666667,0.7017543859649122
ridge_poly2_C1,sklearn_regularized,10,2,l2,1,0.5378121954794975,0.8020022246941046,0.7166666666666667,0.7017543859649122
ridge_poly2_C3,sklearn_regularized,10,2,l2,3,0.5397055624200525,0.8008898776418243,0.7166666666666667,0.7017543859649122
ridge_poly2_C10,sklearn_regularized,10,2,l2,10,0.5405594876282225,0.8008898776418243,0.7166666666666667,0.7017543859649122
ridge_poly2_C30,sklearn_regularized,10,2,l2,30,0.5408252969777434,0.8020022246941046,0.7166666666666667,0.7017543859649122
ridge_poly2_C100,sklearn_regularized,10,2,l2,100,0.5409207761426645,0.8020022246941046,0.7166666666666667,0.7017543859649122
ridge_poly3_C0.01,sklearn_regularized,10,3,l2,0.01,0.6020826243514231,0.7875417130144605,0.6333333333333333,0.5769230769230769
ridge_poly3_C0.03,sklearn_regularized,10,3,l2,0.03,0.5614981233309381,0.8008898776418243,0.7,0.6666666666666666
ridge_poly3_C0.1,sklearn_regularized,10,3,l2,0.1,0.5414257156726343,0.8008898776418243,0.7333333333333333,0.7241379310344828
ridge_poly3_C0.3,sklearn_regularized,10,3,l2,0.3,0.5398887193193226,0.7997775305895439,0.75,0.7368421052631579
ridge_poly3_C1,sklearn_regularized,10,3,l2,1,0.53648763114418,0.8008898776418243,0.75,0.7368421052631579
ridge_poly3_C3,sklearn_regularized,10,3,l2,3,0.5326218096469507,0.8031145717463848,0.7333333333333333,0.7142857142857143
ridge_poly3_C10,sklearn_regularized,10,3,l2,10,0.5313404174796569,0.8020022246941045,0.7333333333333333,0.7142857142857143
ridge_poly3_C30,sklearn_regularized,10,3,l2,30,0.5310724267095667,0.8020022246941046,0.7333333333333333,0.7142857142857143
ridge_poly3_C100,sklearn_regularized,10,3,l2,100,0.5309948749652229,0.8020022246941046,0.7333333333333333,0.7142857142857143
ridge_poly4_C0.01,sklearn_regularized,10,4,l2,0.01,0.5834048538054708,0.8042269187986651,0.6666666666666666,0.6
ridge_poly4_C0.03,sklearn_regularized,10,4,l2,0.03,0.550976987293598,0.7997775305895439,0.7,0.6666666666666666
ridge_poly4_C0.1,sklearn_regularized,10,4,l2,0.1,0.543575255326474,0.796440489432703,0.7166666666666667,0.6909090909090909
ridge_poly4_C0.3,sklearn_regularized,10,4,l2,0.3,0.5437519477632482,0.799777530589544,0.7166666666666667,0.7017543859649122
ridge_poly4_C1,sklearn_regularized,10,4,l2,1,0.551904816557702,0.8075639599555061,0.75,0.7540983606557377
ridge_poly4_C3,sklearn_regularized,10,4,l2,3,0.6440721364615276,0.7664071190211347,0.6833333333333333,0.6885245901639344
ridge_poly4_C10,sklearn_regularized,10,4,l2,10,0.8067193816263233,0.7374860956618465,0.7,0.7096774193548387
ridge_poly4_C30,sklearn_regularized,10,4,l2,30,0.9390010701478783,0.728587319243604,0.6833333333333333,0.6984126984126984
ridge_poly4_C100,sklearn_regularized,10,4,l2,100,1.0174762705391722,0.7252502780867631,0.6833333333333333,0.6984126984126984
ridge_poly5_C0.01,sklearn_regularized,10,5,l2,0.01,0.5824734165386448,0.8064516129032259,0.6666666666666666,0.6
ridge_poly5_C0.03,sklearn_regularized,10,5,l2,0.03,0.5516446825595847,0.8008898776418243,0.7,0.6666666666666666
ridge_poly5_C0.1,sklearn_regularized,10,5,l2,0.1,0.5436693054193271,0.796440489432703,0.7166666666666667,0.6909090909090909
ridge_poly5_C0.3,sklearn_regularized,10,5,l2,0.3,0.5308549185446321,0.8142380422691881,0.7166666666666667,0.7017543859649122
ridge_poly5_C1,sklearn_regularized,10,5,l2,1,0.5388950169494672,0.8209121245828699,0.7666666666666667,0.7666666666666667
ridge_poly5_C3,sklearn_regularized,10,5,l2,3,0.7158131880815816,0.7630700778642937,0.7,0.7096774193548387
ridge_poly5_C10,sklearn_regularized,10,5,l2,10,1.0071756391108215,0.7497219132369299,0.7,0.7096774193548387
ridge_poly5_C30,sklearn_regularized,10,5,l2,30,1.2903378128594674,0.7419354838709677,0.7166666666666667,0.7301587301587301
ridge_poly5_C100,sklearn_regularized,10,5,l2,100,1.5908074086294508,0.731924360400445,0.7166666666666667,0.7213114754098361
ridge_poly6_C0.01,sklearn_regularized,10,6,l2,0.01,0.5790134324528353,0.8042269187986653,0.65,0.5882352941176471
ridge_poly6_C0.03,sklearn_regularized,10,6,l2,0.03,0.5513754736211024,0.796440489432703,0.7,0.6666666666666666
ridge_poly6_C0.1,sklearn_regularized,10,6,l2,0.1,0.544939605402213,0.7919911012235817,0.7166666666666667,0.6909090909090909
ridge_poly6_C0.3,sklearn_regularized,10,6,l2,0.3,0.5313525503273973,0.8131256952169076,0.7333333333333333,0.7241379310344828
ridge_poly6_C1,sklearn_regularized,10,6,l2,1,0.5490479548505013,0.8053392658509455,0.7166666666666667,0.7213114754098361
ridge_poly6_C3,sklearn_regularized,10,6,l2,3,0.685474016209478,0.7486095661846496,0.6666666666666666,0.6774193548387096
ridge_poly6_C10,sklearn_regularized,10,6,l2,10,0.8900029953750457,0.7274749721913237,0.7,0.7096774193548387
ridge_poly6_C30,sklearn_regularized,10,6,l2,30,1.0152726132643823,0.7385984427141268,0.7,0.7096774193548387
ridge_poly6_C100,sklearn_regularized,10,6,l2,100,1.2289047022733728,0.728587319243604,0.7,0.7096774193548387
lasso_poly2_C0.01,sklearn_regularized,10,2,l1,0.01,0.6931471805599454,0.5,0.48333333333333334,0.651685393258427
lasso_poly2_C0.03,sklearn_regularized,10,2,l1,0.03,0.6390988997006859,0.8264738598442715,0.75,0.7368421052631579
lasso_poly2_C0.1,sklearn_regularized,10,2,l1,0.1,0.5330203756400026,0.8220244716351502,0.75,0.7368421052631579
lasso_poly2_C0.3,sklearn_regularized,10,2,l1,0.3,0.531242545380039,0.8031145717463849,0.7333333333333333,0.7241379310344828
lasso_poly2_C1,sklearn_regularized,10,2,l1,1,0.5352712422656888,0.8031145717463849,0.7166666666666667,0.7017543859649122
lasso_poly2_C3,sklearn_regularized,10,2,l1,3,0.5386800159968591,0.8020022246941045,0.7166666666666667,0.7017543859649122
lasso_poly2_C10,sklearn_regularized,10,2,l1,10,0.5402182402101746,0.8020022246941046,0.7166666666666667,0.7017543859649122
lasso_poly2_C30,sklearn_regularized,10,2,l1,30,0.5406933164065476,0.8020022246941046,0.7166666666666667,0.7017543859649122
lasso_poly2_C100,sklearn_regularized,10,2,l1,100,0.5408634237720283,0.8020022246941046,0.7166666666666667,0.7017543859649122
lasso_poly3_C0.01,sklearn_regularized,10,3,l1,0.01,0.6931471805599454,0.5,0.48333333333333334,0.651685393258427
lasso_poly3_C0.03,sklearn_regularized,10,3,l1,0.03,0.6390985590551791,0.8264738598442715,0.75,0.7368421052631579
lasso_poly3_C0.1,sklearn_regularized,10,3,l1,0.1,0.5331053147705492,0.8231368186874305,0.75,0.7368421052631579
lasso_poly3_C0.3,sklearn_regularized,10,3,l1,0.3,0.5334524923588777,0.8031145717463849,0.7166666666666667,0.7017543859649122
lasso_poly3_C1,sklearn_regularized,10,3,l1,1,0.5390101023329072,0.8020022246941046,0.7333333333333333,0.7241379310344828
lasso_poly3_C3,sklearn_regularized,10,3,l1,3,0.5327611373973723,0.8008898776418243,0.75,0.7368421052631579
lasso_poly3_C10,sklearn_regularized,10,3,l1,10,0.5314238119625557,0.8020022246941045,0.7333333333333333,0.7142857142857143
lasso_poly3_C30,sklearn_regularized,10,3,l1,30,0.5310751310630045,0.8020022246941045,0.7333333333333333,0.7142857142857143
lasso_poly3_C100,sklearn_regularized,10,3,l1,100,0.5310479132971896,0.8020022246941046,0.7333333333333333,0.7142857142857143
lasso_poly4_C0.01,sklearn_regularized,10,4,l1,0.01,0.6931471805599454,0.5,0.48333333333333334,0.651685393258427
lasso_poly4_C0.03,sklearn_regularized,10,4,l1,0.03,0.6390988997001031,0.8264738598442715,0.75,0.7368421052631579
lasso_poly4_C0.1,sklearn_regularized,10,4,l1,0.1,0.5331492083767277,0.8242491657397109,0.75,0.7368421052631579
lasso_poly4_C0.3,sklearn_regularized,10,4,l1,0.3,0.5355370259889886,0.8020022246941046,0.7166666666666667,0.7017543859649122
lasso_poly4_C1,sklearn_regularized,10,4,l1,1,0.573744017573734,0.7997775305895439,0.75,0.7368421052631579
lasso_poly4_C3,sklearn_regularized,10,4,l1,3,0.6719009773918293,0.7641824249165741,0.7166666666666667,0.711864406779661
lasso_poly4_C10,sklearn_regularized,10,4,l1,10,0.8569354026367088,0.7330367074527253,0.6833333333333333,0.6984126984126984
lasso_poly4_C30,sklearn_regularized,10,4,l1,30,0.9914289498389142,0.725250278086763,0.6833333333333333,0.6984126984126984
lasso_poly4_C100,sklearn_regularized,10,4,l1,100,1.0425729484670818,0.7241379310344828,0.6833333333333333,0.6984126984126984
lasso_poly5_C0.01,sklearn_regularized,10,5,l1,0.01,0.6931471805599454,0.5,0.48333333333333334,0.651685393258427
lasso_poly5_C0.03,sklearn_regularized,10,5,l1,0.03,0.6390988997006859,0.8264738598442715,0.75,0.7368421052631579
lasso_poly5_C0.1,sklearn_regularized,10,5,l1,0.1,0.5331679239206858,0.8242491657397109,0.75,0.7368421052631579
lasso_poly5_C0.3,sklearn_regularized,10,5,l1,0.3,0.5355640529281264,0.8020022246941046,0.7166666666666667,0.7017543859649122
lasso_poly5_C1,sklearn_regularized,10,5,l1,1,0.5338738169713745,0.8164627363737487,0.75,0.7272727272727273
lasso_poly5_C3,sklearn_regularized,10,5,l1,3,0.8339300312036566,0.7919911012235817,0.7333333333333333,0.7333333333333333
lasso_poly5_C10,sklearn_regularized,10,5,l1,10,1.4213683500184113,0.746384872080089,0.7333333333333333,0.7419354838709677
lasso_poly5_C30,sklearn_regularized,10,5,l1,30,1.7098845572139894,0.7313681868743048,0.7166666666666667,0.7213114754098361
lasso_poly5_C100,sklearn_regularized,10,5,l1,100,1.9432671362360294,0.7219132369299222,0.7166666666666667,0.7213114754098361
lasso_poly6_C0.01,sklearn_regularized,10,6,l1,0.01,0.6931471805599454,0.5,0.48333333333333334,0.651685393258427
lasso_poly6_C0.03,sklearn_regularized,10,6,l1,0.03,0.6390985590837589,0.8264738598442715,0.75,0.7368421052631579
lasso_poly6_C0.1,sklearn_regularized,10,6,l1,0.1,0.5331800078503114,0.8242491657397109,0.75,0.7368421052631579
lasso_poly6_C0.3,sklearn_regularized,10,6,l1,0.3,0.5355535639193535,0.8020022246941046,0.7166666666666667,0.7017543859649122
lasso_poly6_C1,sklearn_regularized,10,6,l1,1,0.6083819986882665,0.7875417130144605,0.75,0.7368421052631579
lasso_poly6_C3,sklearn_regularized,10,6,l1,3,0.9110185904425505,0.7652947719688543,0.7166666666666667,0.711864406779661
lasso_poly6_C10,sklearn_regularized,10,6,l1,10,1.240452027444623,0.7330367074527253,0.7,0.7096774193548387
lasso_poly6_C30,sklearn_regularized,10,6,l1,30,1.407054591029578,0.7541713014460512,0.7166666666666667,0.7301587301587301
lasso_poly6_C100,sklearn_regularized,10,6,l1,100,2.7874341053700755,0.7157953281423804,0.7,0.71875
glm_current_simple,statsmodels_glm,11,,none,,0.5260765386794636,0.8147321428571428,0.75,0.7540983606557377
glm_best_subset,statsmodels_glm,11,,none,,0.5168853591495788,0.8348214285714285,0.8,0.8
glm_full_degree2,statsmodels_glm,11,,none,,0.5113193945773411,0.8415178571428572,0.8,0.8
ridge_poly1_C0.01,sklearn_regularized,11,1,l2,0.01,0.6462919786073168,0.7287946428571428,0.6333333333333333,0.56
ridge_poly1_C0.03,sklearn_regularized,11,1,l2,0.03,0.6242574861458983,0.7254464285714286,0.6,0.5555555555555556
ridge_poly1_C0.1,sklearn_regularized,11,1,l2,0.1,0.6124055444428673,0.7232142857142857,0.6166666666666667,0.5818181818181818
ridge_poly1_C0.3,sklearn_regularized,11,1,l2,0.3,0.6091821187933028,0.7232142857142857,0.6166666666666667,0.5818181818181818
ridge_poly1_C1,sklearn_regularized,11,1,l2,1,0.6082619563087692,0.7243303571428571,0.6166666666666667,0.5818181818181818
ridge_poly1_C3,sklearn_regularized,11,1,l2,3,0.608033868151802,0.7243303571428571,0.6166666666666667,0.5818181818181818
ridge_poly1_C10,sklearn_regularized,11,1,l2,10,0.6079584880093585,0.7243303571428571,0.6166666666666667,0.5818181818181818
ridge_poly1_C30,sklearn_regularized,11,1,l2,30,0.6079374012243712,0.7243303571428571,0.6166666666666667,0.5818181818181818
ridge_poly1_C100,sklearn_regularized,11,1,l2,100,0.6079300691207656,0.7243303571428571,0.6166666666666667,0.5818181818181818
ridge_poly2_C0.01,sklearn_regularized,11,2,l2,0.01,0.6057696284199228,0.8560267857142858,0.7833333333333333,0.7719298245614035
ridge_poly2_C0.03,sklearn_regularized,11,2,l2,0.03,0.5593530661740921,0.8515625,0.7833333333333333,0.7796610169491526
ridge_poly2_C0.1,sklearn_regularized,11,2,l2,0.1,0.5269090695370628,0.8459821428571428,0.8,0.8
ridge_poly2_C0.3,sklearn_regularized,11,2,l2,0.3,0.515195968200586,0.84375,0.8,0.8
ridge_poly2_C1,sklearn_regularized,11,2,l2,1,0.5119321377547269,0.8426339285714286,0.8,0.8
ridge_poly2_C3,sklearn_regularized,11,2,l2,3,0.5113930339180747,0.8426339285714286,0.8,0.8
ridge_poly2_C10,sklearn_regularized,11,2,l2,10,0.5112852745810194,0.8426339285714286,0.8,0.8
ridge_poly2_C30,sklearn_regularized,11,2,l2,30,0.5112642327111758,0.8415178571428572,0.8,0.8
ridge_poly2_C100,sklearn_regularized,11,2,l2,100,0.511257981002698,0.8415178571428572,0.8,0.8
ridge_poly3_C0.01,sklearn_regularized,11,3,l2,0.01,0.5835811819622296,0.8526785714285714,0.7833333333333333,0.7796610169491526
ridge_poly3_C0.03,sklearn_regularized,11,3,l2,0.03,0.5407696784047129,0.8515625,0.8,0.8064516129032258
ridge_poly3_C0.1,sklearn_regularized,11,3,l2,0.1,0.509698936804728,0.8515625,0.8,0.8064516129032258
ridge_poly3_C0.3,sklearn_regularized,11,3,l2,0.3,0.49613986356335665,0.8537946428571428,0.8166666666666667,0.819672131147541
ridge_poly3_C1,sklearn_regularized,11,3,l2,1,0.49275446035894244,0.8482142857142858,0.8,0.8
ridge_poly3_C3,sklearn_regularized,11,3,l2,3,0.4935130944650766,0.8448660714285714,0.7833333333333333,0.7868852459016393
ridge_poly3_C10,sklearn_regularized,11,3,l2,10,0.4944378767656561,0.8482142857142858,0.7833333333333333,0.7868852459016393
ridge_poly3_C30,sklearn_regularized,11,3,l2,30,0.49481450784763104,0.8482142857142858,0.7833333333333333,0.7868852459016393
ridge_poly3_C100,sklearn_regularized,11,3,l2,100,0.4949613153684384,0.8482142857142858,0.7833333333333333,0.7868852459016393
ridge_poly4_C0.01,sklearn_regularized,11,4,l2,0.01,0.5696949307917042,0.8537946428571428,0.8,0.7931034482758621
ridge_poly4_C0.03,sklearn_regularized,11,4,l2,0.03,0.5350221140667141,0.8448660714285715,0.7833333333333333,0.7868852459016393
ridge_poly4_C0.1,sklearn_regularized,11,4,l2,0.1,0.5189310541822895,0.8404017857142857,0.7666666666666667,0.7741935483870968
ridge_poly4_C0.3,sklearn_regularized,11,4,l2,0.3,0.532651206104005,0.8225446428571428,0.75,0.7540983606557377
ridge_poly4_C1,sklearn_regularized,11,4,l2,1,0.5873005773579721,0.796875,0.7666666666666667,0.7666666666666667
ridge_poly4_C3,sklearn_regularized,11,4,l2,3,0.6678885299560514,0.7633928571428572,0.7166666666666667,0.7017543859649122
ridge_poly4_C10,sklearn_regularized,11,4,l2,10,0.7686397957906957,0.7388392857142857,0.7,0.6896551724137931
ridge_poly4_C30,sklearn_regularized,11,4,l2,30,0.8616405373145632,0.7299107142857143,0.7,0.6896551724137931
ridge_poly4_C100,sklearn_regularized,11,4,l2,100,0.9192058373403638,0.7209821428571429,0.7,0.6896551724137931
ridge_poly5_C0.01,sklearn_regularized,11,5,l2,0.01,0.5643908848568588,0.8616071428571429,0.8,0.8
ridge_poly5_C0.03,sklearn_regularized,11,5,l2,0.03,0.5286851508914531,0.8604910714285714,0.8,0.8064516129032258
ridge_poly5_C0.1,sklearn_regularized,11,5,l2,0.1,0.5048996391100308,0.8549107142857143,0.8,0.8064516129032258
ridge_poly5_C0.3,sklearn_regularized,11,5,l2,0.3,0.498749197991037,0.8426339285714286,0.7833333333333333,0.7868852459016393
ridge_poly5_C1,sklearn_regularized,11,5,l2,1,0.5962304842385585,0.8013392857142857,0.7666666666666667,0.7741935483870968
ridge_poly5_C3,sklearn_regularized,11,5,l2,3,0.8202748173051323,0.78125,0.7166666666666667,0.7213114754098361
ridge_poly5_C10,sklearn_regularized,11,5,l2,10,1.1636995830728774,0.7287946428571428,0.7,0.7
ridge_poly5_C30,sklearn_regularized,11,5,l2,30,1.3436406991142285,0.7282366071428571,0.6833333333333333,0.6779661016949152
ridge_poly5_C100,sklearn_regularized,11,5,l2,100,1.5288386411039907,0.7393973214285713,0.6833333333333333,0.6666666666666666
ridge_poly6_C0.01,sklearn_regularized,11,6,l2,0.01,0.5677290207850628,0.8359375,0.8,0.7931034482758621
ridge_poly6_C0.03,sklearn_regularized,11,6,l2,0.03,0.5396102248659389,0.8325892857142857,0.7666666666666667,0.7741935483870968
ridge_poly6_C0.1,sklearn_regularized,11,6,l2,0.1,0.5313297837196286,0.8236607142857143,0.7833333333333333,0.7868852459016393
ridge_poly6_C0.3,sklearn_regularized,11,6,l2,0.3,0.552849948042329,0.8091517857142856,0.7666666666666667,0.7666666666666667
ridge_poly6_C1,sklearn_regularized,11,6,l2,1,0.6276272274251656,0.78125,0.7166666666666667,0.7213114754098361
ridge_poly6_C3,sklearn_regularized,11,6,l2,3,0.7555553411862223,0.7488839285714285,0.7,0.7
ridge_poly6_C10,sklearn_regularized,11,6,l2,10,0.9650502603146554,0.7533482142857141,0.7333333333333333,0.7241379310344828
ridge_poly6_C30,sklearn_regularized,11,6,l2,30,1.1815263582591833,0.7555803571428571,0.75,0.7368421052631579
ridge_poly6_C100,sklearn_regularized,11,6,l2,100,1.2795154647598725,0.7533482142857143,0.7166666666666667,0.6909090909090909
lasso_poly2_C0.01,sklearn_regularized,11,2,l1,0.01,0.6931471805599454,0.5,0.4666666666666667,0.6363636363636364
lasso_poly2_C0.03,sklearn_regularized,11,2,l1,0.03,0.6414363958851775,0.8459821428571429,0.7833333333333333,0.7796610169491526
lasso_poly2_C0.1,sklearn_regularized,11,2,l1,0.1,0.5301894906481821,0.8482142857142857,0.75,0.7619047619047619
lasso_poly2_C0.3,sklearn_regularized,11,2,l1,0.3,0.5171059172281961,0.84375,0.75,0.7619047619047619
lasso_poly2_C1,sklearn_regularized,11,2,l1,1,0.5101791501721272,0.8426339285714286,0.7666666666666667,0.7741935483870968
lasso_poly2_C3,sklearn_regularized,11,2,l1,3,0.5098649158273036,0.8459821428571428,0.7833333333333333,0.7868852459016393
lasso_poly2_C10,sklearn_regularized,11,2,l1,10,0.5106992231603749,0.8426339285714286,0.8,0.8
lasso_poly2_C30,sklearn_regularized,11,2,l1,30,0.511105496078332,0.8426339285714286,0.8,0.8
lasso_poly2_C100,sklearn_regularized,11,2,l1,100,0.5112537381750856,0.8415178571428572,0.8,0.8
lasso_poly3_C0.01,sklearn_regularized,11,3,l1,0.01,0.6931471805599454,0.5,0.4666666666666667,0.6363636363636364
lasso_poly3_C0.03,sklearn_regularized,11,3,l1,0.03,0.64143536818446,0.8459821428571429,0.7833333333333333,0.7796610169491526
lasso_poly3_C0.1,sklearn_regularized,11,3,l1,0.1,0.5301936937721755,0.8482142857142857,0.75,0.7619047619047619
lasso_poly3_C0.3,sklearn_regularized,11,3,l1,0.3,0.5085030860454977,0.8549107142857142,0.75,0.7619047619047619
lasso_poly3_C1,sklearn_regularized,11,3,l1,1,0.49550537951910884,0.8526785714285714,0.8,0.8064516129032258
lasso_poly3_C3,sklearn_regularized,11,3,l1,3,0.49437594081750924,0.8415178571428572,0.8,0.8
lasso_poly3_C10,sklearn_regularized,11,3,l1,10,0.49463552080722584,0.8448660714285714,0.7833333333333333,0.7868852459016393
lasso_poly3_C30,sklearn_regularized,11,3,l1,30,0.49484735516514916,0.8482142857142858,0.7833333333333333,0.7868852459016393
lasso_poly3_C100,sklearn_regularized,11,3,l1,100,0.4949372494206274,0.8482142857142858,0.7833333333333333,0.7868852459016393
lasso_poly4_C0.01,sklearn_regularized,11,4,l1,0.01,0.6931471805599454,0.5,0.4666666666666667,0.6363636363636364
lasso_poly4_C0.03,sklearn_regularized,11,4,l1,0.03,0.6414352590320053,0.8459821428571429,0.7833333333333333,0.7796610169491526
lasso_poly4_C0.1,sklearn_regularized,11,4,l1,0.1,0.5411647252578763,0.8359374999999999,0.75,0.7619047619047619
lasso_poly4_C0.3,sklearn_regularized,11,4,l1,0.3,0.5351450933187727,0.8236607142857143,0.75,0.7540983606557377
lasso_poly4_C1,sklearn_regularized,11,4,l1,1,0.568360227230002,0.8191964285714286,0.8,0.8
lasso_poly4_C3,sklearn_regularized,11,4,l1,3,0.6882555766864764,0.7544642857142857,0.7166666666666667,0.7017543859649122
lasso_poly4_C10,sklearn_regularized,11,4,l1,10,0.7922755985007826,0.7287946428571428,0.7,0.6896551724137931
lasso_poly4_C30,sklearn_regularized,11,4,l1,30,0.8844206833895248,0.7220982142857143,0.7,0.6896551724137931
lasso_poly4_C100,sklearn_regularized,11,4,l1,100,0.9236532431239871,0.7198660714285714,0.7,0.6896551724137931
lasso_poly5_C0.01,sklearn_regularized,11,5,l1,0.01,0.6931471805599454,0.5,0.4666666666666667,0.6363636363636364
lasso_poly5_C0.03,sklearn_regularized,11,5,l1,0.03,0.641434835553568,0.8459821428571429,0.7833333333333333,0.7796610169491526
lasso_poly5_C0.1,sklearn_regularized,11,5,l1,0.1,0.5410879015841222,0.8359374999999999,0.75,0.7619047619047619
lasso_poly5_C0.3,sklearn_regularized,11,5,l1,0.3,0.5350728692607691,0.8236607142857143,0.75,0.7540983606557377
lasso_poly5_C1,sklearn_regularized,11,5,l1,1,0.6289319908762957,0.7723214285714286,0.7333333333333333,0.7419354838709677
lasso_poly5_C3,sklearn_regularized,11,5,l1,3,0.9193094253410335,0.7410714285714285,0.7166666666666667,0.7213114754098361
lasso_poly5_C10,sklearn_regularized,11,5,l1,10,1.3073277966219174,0.7154017857142857,0.7,0.6896551724137931
lasso_poly5_C30,sklearn_regularized,11,5,l1,30,1.445306277807321,0.7327008928571428,0.7,0.6785714285714286
lasso_poly5_C100,sklearn_regularized,11,5,l1,100,1.9168955442997555,0.7433035714285714,0.7333333333333333,0.7241379310344828
lasso_poly6_C0.01,sklearn_regularized,11,6,l1,0.01,0.6931471805599454,0.5,0.4666666666666667,0.6363636363636364
lasso_poly6_C0.03,sklearn_regularized,11,6,l1,0.03,0.6414355376922143,0.8459821428571429,0.7833333333333333,0.7796610169491526
lasso_poly6_C0.1,sklearn_regularized,11,6,l1,0.1,0.5411035890519061,0.8359374999999999,0.75,0.7619047619047619
lasso_poly6_C0.3,sklearn_regularized,11,6,l1,0.3,0.5336095485530236,0.8236607142857143,0.7666666666666667,0.7741935483870968
lasso_poly6_C1,sklearn_regularized,11,6,l1,1,0.540490130080352,0.8058035714285715,0.7333333333333333,0.7419354838709677
lasso_poly6_C3,sklearn_regularized,11,6,l1,3,0.7856706535281633,0.7700892857142858,0.7333333333333333,0.7241379310344828
lasso_poly6_C10,sklearn_regularized,11,6,l1,10,1.0427435282386468,0.7600446428571429,0.7333333333333333,0.7241379310344828
lasso_poly6_C30,sklearn_regularized,11,6,l1,30,1.4126768008872241,0.7321428571428571,0.7166666666666667,0.6909090909090909
lasso_poly6_C100,sklearn_regularized,11,6,l1,100,2.302657158437895,0.7460937500000001,0.7166666666666667,0.6909090909090909
glm_current_simple,statsmodels_glm,12,,none,,0.558887497138609,0.7566964285714286,0.6666666666666666,0.6774193548387096
glm_best_subset,statsmodels_glm,12,,none,,0.6144463108231071,0.7455357142857143,0.6666666666666666,0.6774193548387096
glm_full_degree2,statsmodels_glm,12,,none,,0.6101323280831853,0.7377232142857143,0.6333333333333333,0.6451612903225806
ridge_poly1_C0.01,sklearn_regularized,12,1,l2,0.01,0.6730601095806769,0.5959821428571428,0.5333333333333333,0.44
ridge_poly1_C0.03,sklearn_regularized,12,1,l2,0.03,0.6727524151660841,0.5948660714285714,0.5166666666666667,0.4727272727272727
ridge_poly1_C0.1,sklearn_regularized,12,1,l2,0.1,0.682463506178518,0.59375,0.5333333333333333,0.5
ridge_poly1_C0.3,sklearn_regularized,12,1,l2,0.3,0.6908518133572823,0.5915178571428571,0.55,0.5263157894736842
ridge_poly1_C1,sklearn_regularized,12,1,l2,1,0.695361469814029,0.5915178571428571,0.55,0.5263157894736842
ridge_poly1_C3,sklearn_regularized,12,1,l2,3,0.6968694682107056,0.5915178571428571,0.55,0.5263157894736842
ridge_poly1_C10,sklearn_regularized,12,1,l2,10,0.6974248725622052,0.5904017857142857,0.55,0.5263157894736842
ridge_poly1_C30,sklearn_regularized,12,1,l2,30,0.6975863396405425,0.5904017857142857,0.55,0.5263157894736842
ridge_poly1_C100,sklearn_regularized,12,1,l2,100,0.6976431509269817,0.5904017857142857,0.55,0.5263157894736842
ridge_poly2_C0.01,sklearn_regularized,12,2,l2,0.01,0.6209365832044998,0.734375,0.6833333333333333,0.6779661016949152
ridge_poly2_C0.03,sklearn_regularized,12,2,l2,0.03,0.5918729579835333,0.7421875,0.6666666666666666,0.6774193548387096
ridge_poly2_C0.1,sklearn_regularized,12,2,l2,0.1,0.5834654162076579,0.7421875,0.65,0.6666666666666666
ridge_poly2_C0.3,sklearn_regularized,12,2,l2,0.3,0.5915856334208687,0.7354910714285714,0.6333333333333333,0.6451612903225806
ridge_poly2_C1,sklearn_regularized,12,2,l2,1,0.6019093668057528,0.7366071428571429,0.6333333333333333,0.6451612903225806
ridge_poly2_C3,sklearn_regularized,12,2,l2,3,0.6069377980536619,0.7366071428571429,0.6333333333333333,0.6451612903225806
ridge_poly2_C10,sklearn_regularized,12,2,l2,10,0.6090673753785861,0.7377232142857143,0.6333333333333333,0.6451612903225806
ridge_poly2_C30,sklearn_regularized,12,2,l2,30,0.6097187737395718,0.7377232142857143,0.6333333333333333,0.6451612903225806
ridge_poly2_C100,sklearn_regularized,12,2,l2,100,0.6099516113937182,0.7377232142857143,0.6333333333333333,0.6451612903225806
ridge_poly3_C0.01,sklearn_regularized,12,3,l2,0.01,0.6326673955024728,0.7165178571428572,0.6666666666666666,0.6428571428571429
ridge_poly3_C0.03,sklearn_regularized,12,3,l2,0.03,0.6212593299123057,0.7220982142857143,0.7,0.7
ridge_poly3_C0.1,sklearn_regularized,12,3,l2,0.1,0.6459208200912152,0.7243303571428572,0.7,0.7
ridge_poly3_C0.3,sklearn_regularized,12,3,l2,0.3,0.6956805798667131,0.7232142857142857,0.6666666666666666,0.6666666666666666
ridge_poly3_C1,sklearn_regularized,12,3,l2,1,0.7588228013987871,0.7209821428571429,0.6666666666666666,0.6551724137931034
ridge_poly3_C3,sklearn_regularized,12,3,l2,3,0.8090912526282185,0.7154017857142857,0.6833333333333333,0.6666666666666666
ridge_poly3_C10,sklearn_regularized,12,3,l2,10,0.843369834158129,0.7064732142857143,0.6666666666666666,0.6666666666666666
ridge_poly3_C30,sklearn_regularized,12,3,l2,30,0.8554374825779928,0.7075892857142858,0.6833333333333333,0.6885245901639344
ridge_poly3_C100,sklearn_regularized,12,3,l2,100,0.8606897987274866,0.7075892857142858,0.6833333333333333,0.6885245901639344
ridge_poly4_C0.01,sklearn_regularized,12,4,l2,0.01,0.6108425747563878,0.7377232142857143,0.7166666666666667,0.6909090909090909
ridge_poly4_C0.03,sklearn_regularized,12,4,l2,0.03,0.6074625202019797,0.7321428571428572,0.6666666666666666,0.6551724137931034
ridge_poly4_C0.1,sklearn_regularized,12,4,l2,0.1,0.6393183205804344,0.7455357142857143,0.6666666666666666,0.6551724137931034
ridge_poly4_C0.3,sklearn_regularized,12,4,l2,0.3,0.6986146890563992,0.7511160714285714,0.6833333333333333,0.6666666666666666
ridge_poly4_C1,sklearn_regularized,12,4,l2,1,0.801018644771034,0.7488839285714285,0.7333333333333333,0.7241379310344828
ridge_poly4_C3,sklearn_regularized,12,4,l2,3,0.9261630553967113,0.7421874999999999,0.7,0.7
ridge_poly4_C10,sklearn_regularized,12,4,l2,10,1.0832384680723115,0.7220982142857143,0.6333333333333333,0.6333333333333333
ridge_poly4_C30,sklearn_regularized,12,4,l2,30,1.2215430783987125,0.7098214285714285,0.6333333333333333,0.6333333333333333
ridge_poly4_C100,sklearn_regularized,12,4,l2,100,1.3180512526657255,0.7042410714285713,0.6333333333333333,0.6333333333333333
ridge_poly5_C0.01,sklearn_regularized,12,5,l2,0.01,0.616801236095399,0.7366071428571429,0.7,0.6666666666666666
ridge_poly5_C0.03,sklearn_regularized,12,5,l2,0.03,0.6155518151371253,0.7377232142857143,0.7,0.7
ridge_poly5_C0.1,sklearn_regularized,12,5,l2,0.1,0.6474935545377196,0.7477678571428572,0.6833333333333333,0.6666666666666666
ridge_poly5_C0.3,sklearn_regularized,12,5,l2,0.3,0.7082605180209458,0.7477678571428572,0.6833333333333333,0.6666666666666666
ridge_poly5_C1,sklearn_regularized,12,5,l2,1,0.84130143998926,0.7276785714285714,0.7166666666666667,0.7017543859649122
ridge_poly5_C3,sklearn_regularized,12,5,l2,3,1.0335737947584591,0.7109375,0.6833333333333333,0.6779661016949152
ridge_poly5_C10,sklearn_regularized,12,5,l2,10,1.3839103061524378,0.6919642857142857,0.65,0.6181818181818182
ridge_poly5_C30,sklearn_regularized,12,5,l2,30,1.6820240304129894,0.6657366071428571,0.6333333333333333,0.6071428571428571
ridge_poly5_C100,sklearn_regularized,12,5,l2,100,2.027635512510168,0.6283482142857144,0.5833333333333334,0.576271186440678
ridge_poly6_C0.01,sklearn_regularized,12,6,l2,0.01,0.6082665961321354,0.7410714285714286,0.7,0.6666666666666666
ridge_poly6_C0.03,sklearn_regularized,12,6,l2,0.03,0.6099627566454432,0.7477678571428572,0.6666666666666666,0.6428571428571429
ridge_poly6_C0.1,sklearn_regularized,12,6,l2,0.1,0.6428476569219835,0.7566964285714286,0.6833333333333333,0.6666666666666666
ridge_poly6_C0.3,sklearn_regularized,12,6,l2,0.3,0.7039305510590588,0.7555803571428572,0.6833333333333333,0.6666666666666666
ridge_poly6_C1,sklearn_regularized,12,6,l2,1,0.811384069257091,0.7332589285714286,0.7,0.6896551724137931
ridge_poly6_C3,sklearn_regularized,12,6,l2,3,0.9301972353126959,0.7142857142857142,0.6833333333333333,0.6885245901639344
ridge_poly6_C10,sklearn_regularized,12,6,l2,10,1.124218255778294,0.7131696428571429,0.6666666666666666,0.6296296296296297
ridge_poly6_C30,sklearn_regularized,12,6,l2,30,1.368498329754672,0.6824776785714286,0.65,0.6037735849056604
ridge_poly6_C100,sklearn_regularized,12,6,l2,100,1.8015854888960081,0.6383928571428572,0.6,0.5714285714285714
lasso_poly2_C0.01,sklearn_regularized,12,2,l1,0.01,0.6931471805599454,0.5,0.4666666666666667,0.6363636363636364
lasso_poly2_C0.03,sklearn_regularized,12,2,l1,0.03,0.6432328450356696,0.7455357142857143,0.6833333333333333,0.6984126984126984
lasso_poly2_C0.1,sklearn_regularized,12,2,l1,0.1,0.5890398064473137,0.7533482142857143,0.6833333333333333,0.6984126984126984
lasso_poly2_C0.3,sklearn_regularized,12,2,l1,0.3,0.6006787927636438,0.7455357142857143,0.6666666666666666,0.6774193548387096
lasso_poly2_C1,sklearn_regularized,12,2,l1,1,0.6041591602136761,0.7410714285714286,0.65,0.6666666666666666
lasso_poly2_C3,sklearn_regularized,12,2,l1,3,0.607663117192212,0.7354910714285714,0.6333333333333333,0.6451612903225806
lasso_poly2_C10,sklearn_regularized,12,2,l1,10,0.6093362402767334,0.7377232142857143,0.6333333333333333,0.6451612903225806
lasso_poly2_C30,sklearn_regularized,12,2,l1,30,0.6098521411008828,0.7377232142857143,0.6333333333333333,0.6451612903225806
lasso_poly2_C100,sklearn_regularized,12,2,l1,100,0.6100399287031968,0.7377232142857143,0.6333333333333333,0.6451612903225806
lasso_poly3_C0.01,sklearn_regularized,12,3,l1,0.01,0.6931471805599454,0.5,0.4666666666666667,0.6363636363636364
lasso_poly3_C0.03,sklearn_regularized,12,3,l1,0.03,0.6432329550009539,0.7455357142857143,0.6833333333333333,0.6984126984126984
lasso_poly3_C0.1,sklearn_regularized,12,3,l1,0.1,0.5936062800443594,0.7433035714285714,0.6833333333333333,0.6984126984126984
lasso_poly3_C0.3,sklearn_regularized,12,3,l1,0.3,0.6572181257818677,0.7310267857142858,0.6666666666666666,0.6774193548387096
lasso_poly3_C1,sklearn_regularized,12,3,l1,1,0.7278230780171863,0.7254464285714286,0.65,0.6440677966101694
lasso_poly3_C3,sklearn_regularized,12,3,l1,3,0.79138367373941,0.7154017857142857,0.6833333333333333,0.6666666666666666
lasso_poly3_C10,sklearn_regularized,12,3,l1,10,0.8386968464257615,0.7075892857142858,0.6833333333333333,0.6779661016949152
lasso_poly3_C30,sklearn_regularized,12,3,l1,30,0.8546579934471852,0.7075892857142858,0.6666666666666666,0.6666666666666666
lasso_poly3_C100,sklearn_regularized,12,3,l1,100,0.8604072945881616,0.7053571428571429,0.6833333333333333,0.6885245901639344
lasso_poly4_C0.01,sklearn_regularized,12,4,l1,0.01,0.6931471805599454,0.5,0.4666666666666667,0.6363636363636364
lasso_poly4_C0.03,sklearn_regularized,12,4,l1,0.03,0.6432328647650394,0.7455357142857143,0.6833333333333333,0.6984126984126984
lasso_poly4_C0.1,sklearn_regularized,12,4,l1,0.1,0.5929650353165208,0.7433035714285714,0.6833333333333333,0.6984126984126984
lasso_poly4_C0.3,sklearn_regularized,12,4,l1,0.3,0.6556786354811787,0.7265625,0.6666666666666666,0.6774193548387096
lasso_poly4_C1,sklearn_regularized,12,4,l1,1,0.7660442979295852,0.734375,0.7,0.6896551724137931
lasso_poly4_C3,sklearn_regularized,12,4,l1,3,0.9588988976103979,0.7332589285714285,0.7166666666666667,0.711864406779661
lasso_poly4_C10,sklearn_regularized,12,4,l1,10,1.137843631975275,0.7232142857142856,0.6333333333333333,0.6333333333333333
lasso_poly4_C30,sklearn_regularized,12,4,l1,30,1.2797948888705395,0.7042410714285714,0.6333333333333333,0.6333333333333333
lasso_poly4_C100,sklearn_regularized,12,4,l1,100,1.3423425754388445,0.7042410714285713,0.6333333333333333,0.6333333333333333
lasso_poly5_C0.01,sklearn_regularized,12,5,l1,0.01,0.6931471805599454,0.5,0.4666666666666667,0.6363636363636364
lasso_poly5_C0.03,sklearn_regularized,12,5,l1,0.03,0.643232856321485,0.7455357142857143,0.6833333333333333,0.6984126984126984
lasso_poly5_C0.1,sklearn_regularized,12,5,l1,0.1,0.5918420741907647,0.7433035714285714,0.6833333333333333,0.6984126984126984
lasso_poly5_C0.3,sklearn_regularized,12,5,l1,0.3,0.6556370196481073,0.7265625,0.6666666666666666,0.6774193548387096
lasso_poly5_C1,sklearn_regularized,12,5,l1,1,0.7638681293454419,0.75,0.7333333333333333,0.7333333333333333
lasso_poly5_C3,sklearn_regularized,12,5,l1,3,1.0717726302125559,0.7120535714285714,0.6666666666666666,0.6551724137931034
lasso_poly5_C10,sklearn_regularized,12,5,l1,10,1.603238211832011,0.6724330357142857,0.6333333333333333,0.6071428571428571
lasso_poly5_C30,sklearn_regularized,12,5,l1,30,2.184597825812489,0.6233258928571429,0.5833333333333334,0.576271186440678
lasso_poly5_C100,sklearn_regularized,12,5,l1,100,2.6402928727918673,0.5993303571428572,0.5166666666666667,0.5245901639344263
lasso_poly6_C0.01,sklearn_regularized,12,6,l1,0.01,0.6931471805599454,0.5,0.4666666666666667,0.6363636363636364
lasso_poly6_C0.03,sklearn_regularized,12,6,l1,0.03,0.6432328450356696,0.7455357142857143,0.6833333333333333,0.6984126984126984
lasso_poly6_C0.1,sklearn_regularized,12,6,l1,0.1,0.5918234280952954,0.7433035714285714,0.6833333333333333,0.6984126984126984
lasso_poly6_C0.3,sklearn_regularized,12,6,l1,0.3,0.6557120004304738,0.7265625,0.6666666666666666,0.6774193548387096
lasso_poly6_C1,sklearn_regularized,12,6,l1,1,0.7644588509473047,0.7488839285714286,0.7333333333333333,0.7333333333333333
lasso_poly6_C3,sklearn_regularized,12,6,l1,3,0.9438886614865544,0.7165178571428571,0.6833333333333333,0.6779661016949152
lasso_poly6_C10,sklearn_regularized,12,6,l1,10,1.3194000005943747,0.6830357142857143,0.6,0.5714285714285714
lasso_poly6_C30,sklearn_regularized,12,6,l1,30,2.5586927496587903,0.6227678571428571,0.5666666666666667,0.5666666666666667
lasso_poly6_C100,sklearn_regularized,12,6,l1,100,4.710780594378733,0.5602678571428571,0.48333333333333334,0.5079365079365079
glm_current_simple,statsmodels_glm,13,,none,,0.5171679104738829,0.8247767857142858,0.7666666666666667,0.7407407407407407
glm_best_subset,statsmodels_glm,13,,none,,0.5538252457562051,0.8046875,0.7166666666666667,0.7017543859649122
glm_full_degree2,statsmodels_glm,13,,none,,0.5510854311316568,0.8125,0.75,0.7272727272727273
ridge_poly1_C0.01,sklearn_regularized,13,1,l2,0.01,0.6515345571250467,0.7522321428571428,0.65,0.5531914893617021
ridge_poly1_C0.03,sklearn_regularized,13,1,l2,0.03,0.6286139637079361,0.7578125,0.7,0.6538461538461539
ridge_poly1_C0.1,sklearn_regularized,13,1,l2,0.1,0.612553415717957,0.7589285714285714,0.6833333333333333,0.6545454545454545
ridge_poly1_C0.3,sklearn_regularized,13,1,l2,0.3,0.6062927136224355,0.7566964285714286,0.7,0.6785714285714286
ridge_poly1_C1,sklearn_regularized,13,1,l2,1,0.603844546283056,0.7578125,0.7,0.6785714285714286
ridge_poly1_C3,sklearn_regularized,13,1,l2,3,0.6031186028556069,0.7578125,0.7,0.6785714285714286
ridge_poly1_C10,sklearn_regularized,13,1,l2,10,0.6028616553873778,0.7578125,0.7,0.6785714285714286
ridge_poly1_C30,sklearn_regularized,13,1,l2,30,0.6027879663498878,0.7578125,0.7,0.6785714285714286
ridge_poly1_C100,sklearn_regularized,13,1,l2,100,0.6027621461793916,0.7578125,0.7,0.6785714285714286
ridge_poly2_C0.01,sklearn_regularized,13,2,l2,0.01,0.6077298504871479,0.8247767857142858,0.7333333333333333,0.68
ridge_poly2_C0.03,sklearn_regularized,13,2,l2,0.03,0.5665985803460798,0.8247767857142857,0.7166666666666667,0.6792452830188679
ridge_poly2_C0.1,sklearn_regularized,13,2,l2,0.1,0.544605869935449,0.8158482142857143,0.7333333333333333,0.7037037037037037
ridge_poly2_C0.3,sklearn_regularized,13,2,l2,0.3,0.5429538052043292,0.8125,0.7333333333333333,0.7037037037037037
ridge_poly2_C1,sklearn_regularized,13,2,l2,1,0.546987441685339,0.8113839285714285,0.75,0.7272727272727273
ridge_poly2_C3,sklearn_regularized,13,2,l2,3,0.5495049936774324,0.8125,0.75,0.7272727272727273
ridge_poly2_C10,sklearn_regularized,13,2,l2,10,0.5506337146922409,0.8125,0.75,0.7272727272727273
ridge_poly2_C30,sklearn_regularized,13,2,l2,30,0.5509852366949911,0.8125,0.75,0.7272727272727273
ridge_poly2_C100,sklearn_regularized,13,2,l2,100,0.5511115630249549,0.8125,0.75,0.7272727272727273
ridge_poly3_C0.01,sklearn_regularized,13,3,l2,0.01,0.6022572479736854,0.8214285714285714,0.7666666666666667,0.72
ridge_poly3_C0.03,sklearn_regularized,13,3,l2,0.03,0.5669192829956645,0.8191964285714285,0.7666666666666667,0.7307692307692307
ridge_poly3_C0.1,sklearn_regularized,13,3,l2,0.1,0.5509109102095346,0.8069196428571429,0.7833333333333333,0.7636363636363637
ridge_poly3_C0.3,sklearn_regularized,13,3,l2,0.3,0.5561104523214921,0.7979910714285715,0.7333333333333333,0.7142857142857143
ridge_poly3_C1,sklearn_regularized,13,3,l2,1,0.5697146557722366,0.7946428571428571,0.7,0.6785714285714286
ridge_poly3_C3,sklearn_regularized,13,3,l2,3,0.5795857907317121,0.7901785714285714,0.7,0.6785714285714286
ridge_poly3_C10,sklearn_regularized,13,3,l2,10,0.5847636315502853,0.7868303571428571,0.7,0.6785714285714286
ridge_poly3_C30,sklearn_regularized,13,3,l2,30,0.5865256755776712,0.7868303571428571,0.7,0.6785714285714286
ridge_poly3_C100,sklearn_regularized,13,3,l2,100,0.5871824547086232,0.7868303571428571,0.7,0.6785714285714286
ridge_poly4_C0.01,sklearn_regularized,13,4,l2,0.01,0.5852193404530247,0.8247767857142857,0.75,0.6938775510204082
ridge_poly4_C0.03,sklearn_regularized,13,4,l2,0.03,0.5566028170066212,0.8091517857142857,0.7333333333333333,0.68
ridge_poly4_C0.1,sklearn_regularized,13,4,l2,0.1,0.5452384357262753,0.794642857142857,0.7333333333333333,0.6923076923076923
ridge_poly4_C0.3,sklearn_regularized,13,4,l2,0.3,0.5490602313644111,0.7901785714285714,0.7333333333333333,0.6923076923076923
ridge_poly4_C1,sklearn_regularized,13,4,l2,1,0.562612575068479,0.7823660714285714,0.75,0.7169811320754716
ridge_poly4_C3,sklearn_regularized,13,4,l2,3,0.5820642990865547,0.7834821428571428,0.7333333333333333,0.6923076923076923
ridge_poly4_C10,sklearn_regularized,13,4,l2,10,0.6052553306223999,0.7801339285714286,0.7166666666666667,0.6792452830188679
ridge_poly4_C30,sklearn_regularized,13,4,l2,30,0.6208554869277784,0.7801339285714285,0.7166666666666667,0.6792452830188679
ridge_poly4_C100,sklearn_regularized,13,4,l2,100,0.6303884511732462,0.7801339285714285,0.7166666666666667,0.6792452830188679
ridge_poly5_C0.01,sklearn_regularized,13,5,l2,0.01,0.5853505877111476,0.8236607142857142,0.75,0.6938775510204082
ridge_poly5_C0.03,sklearn_regularized,13,5,l2,0.03,0.558041766871454,0.8080357142857143,0.7333333333333333,0.68
ridge_poly5_C0.1,sklearn_regularized,13,5,l2,0.1,0.5488565762950236,0.7879464285714286,0.7333333333333333,0.6923076923076923
ridge_poly5_C0.3,sklearn_regularized,13,5,l2,0.3,0.5579138439475514,0.7779017857142856,0.7333333333333333,0.6923076923076923
ridge_poly5_C1,sklearn_regularized,13,5,l2,1,0.584870762809769,0.7667410714285715,0.7333333333333333,0.7037037037037037
ridge_poly5_C3,sklearn_regularized,13,5,l2,3,0.6293522301765564,0.7622767857142857,0.7333333333333333,0.6923076923076923
ridge_poly5_C10,sklearn_regularized,13,5,l2,10,0.6985572955488314,0.7477678571428571,0.7,0.64
ridge_poly5_C30,sklearn_regularized,13,5,l2,30,0.7802874004627125,0.7377232142857143,0.6833333333333333,0.6274509803921569
ridge_poly5_C100,sklearn_regularized,13,5,l2,100,0.9187184272963288,0.7332589285714286,0.6666666666666666,0.6153846153846154
ridge_poly6_C0.01,sklearn_regularized,13,6,l2,0.01,0.5817965203698017,0.8169642857142857,0.75,0.6938775510204082
ridge_poly6_C0.03,sklearn_regularized,13,6,l2,0.03,0.5582704168524333,0.796875,0.75,0.7058823529411765
ridge_poly6_C0.1,sklearn_regularized,13,6,l2,0.1,0.5549012521561029,0.7946428571428572,0.75,0.7058823529411765
ridge_poly6_C0.3,sklearn_regularized,13,6,l2,0.3,0.5782112364494155,0.7823660714285714,0.75,0.7169811320754716
ridge_poly6_C1,sklearn_regularized,13,6,l2,1,0.6367538685188444,0.7678571428571429,0.7333333333333333,0.6923076923076923
ridge_poly6_C3,sklearn_regularized,13,6,l2,3,0.7239727459088628,0.7578125,0.7333333333333333,0.6923076923076923
ridge_poly6_C10,sklearn_regularized,13,6,l2,10,0.8723046608270008,0.747767857142857,0.7166666666666667,0.6666666666666666
ridge_poly6_C30,sklearn_regularized,13,6,l2,30,1.1535880559001754,0.7377232142857144,0.7166666666666667,0.6666666666666666
ridge_poly6_C100,sklearn_regularized,13,6,l2,100,1.6467743586893546,0.7327008928571429,0.7,0.64
lasso_poly2_C0.01,sklearn_regularized,13,2,l1,0.01,0.6931471805599454,0.5,0.4666666666666667,0.6363636363636364
lasso_poly2_C0.03,sklearn_regularized,13,2,l1,0.03,0.6438450496622455,0.7946428571428571,0.7333333333333333,0.7037037037037037
lasso_poly2_C0.1,sklearn_regularized,13,2,l1,0.1,0.552105558117594,0.8225446428571429,0.7833333333333333,0.7636363636363637
lasso_poly2_C0.3,sklearn_regularized,13,2,l1,0.3,0.5482307641391354,0.8035714285714285,0.7166666666666667,0.7017543859649122
lasso_poly2_C1,sklearn_regularized,13,2,l1,1,0.5475269917021314,0.8091517857142857,0.7333333333333333,0.7142857142857143
lasso_poly2_C3,sklearn_regularized,13,2,l1,3,0.5495285978682044,0.8102678571428571,0.75,0.7272727272727273
lasso_poly2_C10,sklearn_regularized,13,2,l1,10,0.5505723815800289,0.8125,0.75,0.7272727272727273
lasso_poly2_C30,sklearn_regularized,13,2,l1,30,0.5509089871262383,0.8125,0.75,0.7272727272727273
lasso_poly2_C100,sklearn_regularized,13,2,l1,100,0.5510310320726348,0.8125,0.75,0.7272727272727273
lasso_poly3_C0.01,sklearn_regularized,13,3,l1,0.01,0.6931471805599454,0.5,0.4666666666666667,0.6363636363636364
lasso_poly3_C0.03,sklearn_regularized,13,3,l1,0.03,0.6438448593612642,0.7946428571428571,0.7333333333333333,0.7037037037037037
lasso_poly3_C0.1,sklearn_regularized,13,3,l1,0.1,0.5521052535308777,0.8225446428571429,0.7833333333333333,0.7636363636363637
lasso_poly3_C0.3,sklearn_regularized,13,3,l1,0.3,0.5484511036006267,0.8035714285714286,0.7333333333333333,0.7037037037037037
lasso_poly3_C1,sklearn_regularized,13,3,l1,1,0.5654127339940277,0.7912946428571429,0.7166666666666667,0.6909090909090909
lasso_poly3_C3,sklearn_regularized,13,3,l1,3,0.5772944505997376,0.7890624999999999,0.7,0.6785714285714286
lasso_poly3_C10,sklearn_regularized,13,3,l1,10,0.582687467511051,0.7868303571428571,0.7,0.6785714285714286
lasso_poly3_C30,sklearn_regularized,13,3,l1,30,0.5860004513784463,0.7857142857142857,0.7,0.6785714285714286
lasso_poly3_C100,sklearn_regularized,13,3,l1,100,0.5871098696710345,0.7868303571428571,0.7,0.6785714285714286
lasso_poly4_C0.01,sklearn_regularized,13,4,l1,0.01,0.6931471805599454,0.5,0.4666666666666667,0.6363636363636364
lasso_poly4_C0.03,sklearn_regularized,13,4,l1,0.03,0.6438453873860304,0.7946428571428571,0.7333333333333333,0.7037037037037037
lasso_poly4_C0.1,sklearn_regularized,13,4,l1,0.1,0.552056973730412,0.8225446428571429,0.7833333333333333,0.7636363636363637
lasso_poly4_C0.3,sklearn_regularized,13,4,l1,0.3,0.5458276394308902,0.8058035714285715,0.7166666666666667,0.6792452830188679
lasso_poly4_C1,sklearn_regularized,13,4,l1,1,0.5497298866839225,0.7845982142857142,0.75,0.7169811320754716
lasso_poly4_C3,sklearn_regularized,13,4,l1,3,0.5894977846912735,0.78125,0.7166666666666667,0.6792452830188679
lasso_poly4_C10,sklearn_regularized,13,4,l1,10,0.6196627345706832,0.7790178571428571,0.7166666666666667,0.6792452830188679
lasso_poly4_C30,sklearn_regularized,13,4,l1,30,0.6292024879419474,0.7812499999999999,0.7166666666666667,0.6792452830188679
lasso_poly4_C100,sklearn_regularized,13,4,l1,100,0.6334072461492997,0.7801339285714285,0.7166666666666667,0.6792452830188679
lasso_poly5_C0.01,sklearn_regularized,13,5,l1,0.01,0.6931471805599454,0.5,0.4666666666666667,0.6363636363636364
lasso_poly5_C0.03,sklearn_regularized,13,5,l1,0.03,0.6438446881306253,0.7946428571428571,0.7333333333333333,0.7037037037037037
lasso_poly5_C0.1,sklearn_regularized,13,5,l1,0.1,0.5520024846494109,0.8225446428571429,0.7833333333333333,0.7636363636363637
lasso_poly5_C0.3,sklearn_regularized,13,5,l1,0.3,0.5447932790264803,0.8080357142857143,0.7166666666666667,0.6792452830188679
lasso_poly5_C1,sklearn_regularized,13,5,l1,1,0.5732360540817212,0.7779017857142858,0.75,0.7169811320754716
lasso_poly5_C3,sklearn_regularized,13,5,l1,3,0.6600852373390285,0.7600446428571428,0.7333333333333333,0.6923076923076923
lasso_poly5_C10,sklearn_regularized,13,5,l1,10,0.7744228850091496,0.7377232142857143,0.7,0.6538461538461539
lasso_poly5_C30,sklearn_regularized,13,5,l1,30,1.017965804333752,0.7131696428571428,0.65,0.6037735849056604
lasso_poly5_C100,sklearn_regularized,13,5,l1,100,1.248993939766178,0.7087053571428572,0.65,0.6037735849056604
lasso_poly6_C0.01,sklearn_regularized,13,6,l1,0.01,0.6931471805599454,0.5,0.4666666666666667,0.6363636363636364
lasso_poly6_C0.03,sklearn_regularized,13,6,l1,0.03,0.6438447471709206,0.7946428571428571,0.7333333333333333,0.7037037037037037
lasso_poly6_C0.1,sklearn_regularized,13,6,l1,0.1,0.5520401887025709,0.8225446428571429,0.7833333333333333,0.7636363636363637
lasso_poly6_C0.3,sklearn_regularized,13,6,l1,0.3,0.5447860848197416,0.8080357142857143,0.7166666666666667,0.6792452830188679
lasso_poly6_C1,sklearn_regularized,13,6,l1,1,0.5944482388341491,0.7712053571428571,0.75,0.7169811320754716
lasso_poly6_C3,sklearn_regularized,13,6,l1,3,0.7883328506704912,0.7544642857142857,0.7333333333333333,0.6923076923076923
lasso_poly6_C10,sklearn_regularized,13,6,l1,10,1.2798473818792366,0.7310267857142858,0.6833333333333333,0.6274509803921569
lasso_poly6_C30,sklearn_regularized,13,6,l1,30,2.131184442329051,0.7338169642857144,0.7333333333333333,0.6923076923076923
lasso_poly6_C100,sklearn_regularized,13,6,l1,100,3.6217278325484257,0.6456473214285714,0.6666666666666666,0.5833333333333334
glm_current_simple,statsmodels_glm,14,,none,,0.43537241867586923,0.9110122358175751,0.8666666666666667,0.8571428571428571
glm_best_subset,statsmodels_glm,14,,none,,0.4153307379325908,0.9221357063403782,0.85,0.8421052631578947
glm_full_degree2,statsmodels_glm,14,,none,,0.439449865133983,0.9021134593993327,0.8333333333333334,0.8148148148148148
ridge_poly1_C0.01,sklearn_regularized,14,1,l2,0.01,0.6304457153988962,0.8587319243604005,0.7166666666666667,0.6382978723404256
ridge_poly1_C0.03,sklearn_regularized,14,1,l2,0.03,0.5915870270191915,0.8576195773081201,0.7666666666666667,0.7307692307692307
ridge_poly1_C0.1,sklearn_regularized,14,1,l2,0.1,0.5624429510646962,0.8587319243604004,0.7833333333333333,0.7636363636363637
ridge_poly1_C0.3,sklearn_regularized,14,1,l2,0.3,0.5504199807034463,0.8609566184649611,0.7833333333333333,0.7636363636363637
ridge_poly1_C1,sklearn_regularized,14,1,l2,1,0.545568101226223,0.8609566184649611,0.7833333333333333,0.7636363636363637
ridge_poly1_C3,sklearn_regularized,14,1,l2,3,0.544109856601757,0.8609566184649611,0.7833333333333333,0.7636363636363637
ridge_poly1_C10,sklearn_regularized,14,1,l2,10,0.5435913990716433,0.8609566184649611,0.7833333333333333,0.7636363636363637
ridge_poly1_C30,sklearn_regularized,14,1,l2,30,0.5434424839087024,0.8609566184649611,0.7833333333333333,0.7636363636363637
ridge_poly1_C100,sklearn_regularized,14,1,l2,100,0.5433902806722858,0.8609566184649611,0.7833333333333333,0.7636363636363637
ridge_poly2_C0.01,sklearn_regularized,14,2,l2,0.01,0.5946253971812179,0.8832035595105673,0.7833333333333333,0.723404255319149
ridge_poly2_C0.03,sklearn_regularized,14,2,l2,0.03,0.5320936535757969,0.8887652947719689,0.85,0.8301886792452831
ridge_poly2_C0.1,sklearn_regularized,14,2,l2,0.1,0.4790369691976678,0.8954393770856508,0.8333333333333334,0.8148148148148148
ridge_poly2_C0.3,sklearn_regularized,14,2,l2,0.3,0.4540941764373551,0.896551724137931,0.8333333333333334,0.8214285714285714
ridge_poly2_C1,sklearn_regularized,14,2,l2,1,0.44384674363696347,0.9032258064516129,0.85,0.8363636363636363
ridge_poly2_C3,sklearn_regularized,14,2,l2,3,0.4408880925242387,0.903225806451613,0.8333333333333334,0.8148148148148148
ridge_poly2_C10,sklearn_regularized,14,2,l2,10,0.43988377259063705,0.903225806451613,0.8333333333333334,0.8148148148148148
ridge_poly2_C30,sklearn_regularized,14,2,l2,30,0.4396005842207687,0.903225806451613,0.8333333333333334,0.8148148148148148
ridge_poly2_C100,sklearn_regularized,14,2,l2,100,0.43950192813987604,0.9021134593993327,0.8333333333333334,0.8148148148148148
ridge_poly3_C0.01,sklearn_regularized,14,3,l2,0.01,0.578506804681694,0.8998887652947719,0.8,0.75
ridge_poly3_C0.03,sklearn_regularized,14,3,l2,0.03,0.5206487436535165,0.9054505005561735,0.8333333333333334,0.8076923076923077
ridge_poly3_C0.1,sklearn_regularized,14,3,l2,0.1,0.476276993260423,0.9032258064516129,0.8333333333333334,0.8214285714285714
ridge_poly3_C0.3,sklearn_regularized,14,3,l2,0.3,0.45860207128267766,0.896551724137931,0.8166666666666667,0.8
ridge_poly3_C1,sklearn_regularized,14,3,l2,1,0.45637330024876466,0.8887652947719689,0.8166666666666667,0.8070175438596491
ridge_poly3_C3,sklearn_regularized,14,3,l2,3,0.45953950520229636,0.8798665183537264,0.8166666666666667,0.8070175438596491
ridge_poly3_C10,sklearn_regularized,14,3,l2,10,0.46202871429731524,0.8731924360400445,0.8166666666666667,0.8070175438596491
ridge_poly3_C30,sklearn_regularized,14,3,l2,30,0.4629540252360104,0.8720800889877641,0.8166666666666667,0.8070175438596491
ridge_poly3_C100,sklearn_regularized,14,3,l2,100,0.46330481707589405,0.8720800889877641,0.8166666666666667,0.8070175438596491
ridge_poly4_C0.01,sklearn_regularized,14,4,l2,0.01,0.5685229621697664,0.8898776418242492,0.7666666666666667,0.6956521739130435
ridge_poly4_C0.03,sklearn_regularized,14,4,l2,0.03,0.5156170548285042,0.8898776418242491,0.8666666666666667,0.8461538461538461
ridge_poly4_C0.1,sklearn_regularized,14,4,l2,0.1,0.48142471675529175,0.8832035595105673,0.8333333333333334,0.8148148148148148
ridge_poly4_C0.3,sklearn_regularized,14,4,l2,0.3,0.4746426626309462,0.8776418242491658,0.8333333333333334,0.8148148148148148
ridge_poly4_C1,sklearn_regularized,14,4,l2,1,0.48123725379336624,0.8654060066740823,0.8333333333333334,0.8214285714285714
ridge_poly4_C3,sklearn_regularized,14,4,l2,3,0.48857605755070654,0.8698553948832036,0.7833333333333333,0.7719298245614035
ridge_poly4_C10,sklearn_regularized,14,4,l2,10,0.49568034848024073,0.8743047830923248,0.8166666666666667,0.8
ridge_poly4_C30,sklearn_regularized,14,4,l2,30,0.5078926225469601,0.8743047830923247,0.8166666666666667,0.8
ridge_poly4_C100,sklearn_regularized,14,4,l2,100,0.5187139737310126,0.8709677419354839,0.8166666666666667,0.8
ridge_poly5_C0.01,sklearn_regularized,14,5,l2,0.01,0.5660155490811737,0.8976640711902113,0.7833333333333333,0.723404255319149
ridge_poly5_C0.03,sklearn_regularized,14,5,l2,0.03,0.5131220503339042,0.8976640711902113,0.8666666666666667,0.8461538461538461
ridge_poly5_C0.1,sklearn_regularized,14,5,l2,0.1,0.4753258808742616,0.8909899888765295,0.85,0.8301886792452831
ridge_poly5_C0.3,sklearn_regularized,14,5,l2,0.3,0.45762961001075636,0.8943270300333703,0.85,0.8301886792452831
ridge_poly5_C1,sklearn_regularized,14,5,l2,1,0.44297287609813724,0.8954393770856507,0.8666666666666667,0.8518518518518519
ridge_poly5_C3,sklearn_regularized,14,5,l2,3,0.44749497630285023,0.8943270300333704,0.8333333333333334,0.8214285714285714
ridge_poly5_C10,sklearn_regularized,14,5,l2,10,0.48861678284630966,0.8843159065628476,0.8,0.7857142857142857
ridge_poly5_C30,sklearn_regularized,14,5,l2,30,0.5476703315606825,0.864293659621802,0.7833333333333333,0.7719298245614035
ridge_poly5_C100,sklearn_regularized,14,5,l2,100,0.6211136406580854,0.8553948832035595,0.7833333333333333,0.7719298245614035
ridge_poly6_C0.01,sklearn_regularized,14,6,l2,0.01,0.5639313416859623,0.8943270300333704,0.7666666666666667,0.6956521739130435
ridge_poly6_C0.03,sklearn_regularized,14,6,l2,0.03,0.5118834975413672,0.8987764182424915,0.8666666666666667,0.8461538461538461
ridge_poly6_C0.1,sklearn_regularized,14,6,l2,0.1,0.47225594167806323,0.8921023359288098,0.8666666666666667,0.8461538461538461
ridge_poly6_C0.3,sklearn_regularized,14,6,l2,0.3,0.4501561896660931,0.8976640711902113,0.9,0.8846153846153846
ridge_poly6_C1,sklearn_regularized,14,6,l2,1,0.4434120873293216,0.8954393770856507,0.85,0.8363636363636363
ridge_poly6_C3,sklearn_regularized,14,6,l2,3,0.4686437570818756,0.8865406006674083,0.8166666666666667,0.8
ridge_poly6_C10,sklearn_regularized,14,6,l2,10,0.5678148271749103,0.8520578420467186,0.7833333333333333,0.7719298245614035
ridge_poly6_C30,sklearn_regularized,14,6,l2,30,0.8574248249192277,0.8186874304783092,0.7666666666666667,0.7586206896551724
ridge_poly6_C100,sklearn_regularized,14,6,l2,100,1.3298579024962733,0.774749721913237,0.6833333333333333,0.6666666666666666
lasso_poly2_C0.01,sklearn_regularized,14,2,l1,0.01,0.6931471805599454,0.5,0.48333333333333334,0.651685393258427
lasso_poly2_C0.03,sklearn_regularized,14,2,l1,0.03,0.6665532175066426,0.6918798665183538,0.6333333333333333,0.6071428571428571
lasso_poly2_C0.1,sklearn_regularized,14,2,l1,0.1,0.5021591599785312,0.888765294771969,0.8,0.8
lasso_poly2_C0.3,sklearn_regularized,14,2,l1,0.3,0.46594360547587976,0.8943270300333703,0.8166666666666667,0.8135593220338984
lasso_poly2_C1,sklearn_regularized,14,2,l1,1,0.4456450193759368,0.8954393770856506,0.8166666666666667,0.8070175438596491
lasso_poly2_C3,sklearn_regularized,14,2,l1,3,0.441029022987098,0.9010011123470523,0.85,0.8363636363636363
lasso_poly2_C10,sklearn_regularized,14,2,l1,10,0.43986878085178,0.9021134593993326,0.85,0.8363636363636363
lasso_poly2_C30,sklearn_regularized,14,2,l1,30,0.4395854690134841,0.903225806451613,0.8333333333333334,0.8148148148148148
lasso_poly2_C100,sklearn_regularized,14,2,l1,100,0.43949146245512016,0.903225806451613,0.8333333333333334,0.8148148148148148
lasso_poly3_C0.01,sklearn_regularized,14,3,l1,0.01,0.6931471805599454,0.5,0.48333333333333334,0.651685393258427
lasso_poly3_C0.03,sklearn_regularized,14,3,l1,0.03,0.6665532175066426,0.6918798665183538,0.6333333333333333,0.6071428571428571
lasso_poly3_C0.1,sklearn_regularized,14,3,l1,0.1,0.5021578463329424,0.888765294771969,0.8,0.8
lasso_poly3_C0.3,sklearn_regularized,14,3,l1,0.3,0.4605768215190365,0.8976640711902114,0.8333333333333334,0.8275862068965517
lasso_poly3_C1,sklearn_regularized,14,3,l1,1,0.4474600938720053,0.896551724137931,0.8333333333333334,0.8214285714285714
lasso_poly3_C3,sklearn_regularized,14,3,l1,3,0.45544335485624976,0.8832035595105674,0.8333333333333334,0.8214285714285714
lasso_poly3_C10,sklearn_regularized,14,3,l1,10,0.4604911436655323,0.8765294771968855,0.8166666666666667,0.8070175438596491
lasso_poly3_C30,sklearn_regularized,14,3,l1,30,0.4624319457926633,0.8720800889877641,0.8166666666666667,0.8070175438596491
lasso_poly3_C100,sklearn_regularized,14,3,l1,100,0.46316699913958975,0.8720800889877641,0.8166666666666667,0.8070175438596491
lasso_poly4_C0.01,sklearn_regularized,14,4,l1,0.01,0.6931471805599454,0.5,0.48333333333333334,0.651685393258427
lasso_poly4_C0.03,sklearn_regularized,14,4,l1,0.03,0.6665527901949447,0.6918798665183538,0.6333333333333333,0.6071428571428571
lasso_poly4_C0.1,sklearn_regularized,14,4,l1,0.1,0.502171526292808,0.888765294771969,0.8,0.8
lasso_poly4_C0.3,sklearn_regularized,14,4,l1,0.3,0.4647392602167953,0.8932146829810901,0.8,0.7931034482758621
lasso_poly4_C1,sklearn_regularized,14,4,l1,1,0.4974724624233851,0.8509454949944384,0.8166666666666667,0.8
lasso_poly4_C3,sklearn_regularized,14,4,l1,3,0.49880662366374295,0.8587319243604005,0.7833333333333333,0.7719298245614035
lasso_poly4_C10,sklearn_regularized,14,4,l1,10,0.5030403151222899,0.8698553948832035,0.8166666666666667,0.8
lasso_poly4_C30,sklearn_regularized,14,4,l1,30,0.513474469707863,0.8743047830923247,0.8166666666666667,0.8
lasso_poly4_C100,sklearn_regularized,14,4,l1,100,0.5212266437777754,0.8687430478309232,0.8166666666666667,0.8
lasso_poly5_C0.01,sklearn_regularized,14,5,l1,0.01,0.6931471805599454,0.5,0.48333333333333334,0.651685393258427
lasso_poly5_C0.03,sklearn_regularized,14,5,l1,0.03,0.6665532175066426,0.6918798665183538,0.6333333333333333,0.6071428571428571
lasso_poly5_C0.1,sklearn_regularized,14,5,l1,0.1,0.5021969942891622,0.888765294771969,0.8,0.8
lasso_poly5_C0.3,sklearn_regularized,14,5,l1,0.3,0.46561311929660826,0.8943270300333704,0.8,0.7931034482758621
lasso_poly5_C1,sklearn_regularized,14,5,l1,1,0.5022942005296361,0.8642936596218019,0.8166666666666667,0.8
lasso_poly5_C3,sklearn_regularized,14,5,l1,3,0.46931554704170886,0.8865406006674083,0.85,0.8363636363636363
lasso_poly5_C10,sklearn_regularized,14,5,l1,10,0.5327322060969323,0.8720800889877641,0.7833333333333333,0.7719298245614035
lasso_poly5_C30,sklearn_regularized,14,5,l1,30,0.6228887050617983,0.8665183537263627,0.7666666666666667,0.7586206896551724
lasso_poly5_C100,sklearn_regularized,14,5,l1,100,0.7066019857299796,0.8553948832035596,0.7666666666666667,0.75
lasso_poly6_C0.01,sklearn_regularized,14,6,l1,0.01,0.6931471805599454,0.5,0.48333333333333334,0.651685393258427
lasso_poly6_C0.03,sklearn_regularized,14,6,l1,0.03,0.6665532175066426,0.6918798665183538,0.6333333333333333,0.6071428571428571
lasso_poly6_C0.1,sklearn_regularized,14,6,l1,0.1,0.5022008669092122,0.888765294771969,0.8,0.8
lasso_poly6_C0.3,sklearn_regularized,14,6,l1,0.3,0.46564463967892705,0.8943270300333704,0.8,0.7931034482758621
lasso_poly6_C1,sklearn_regularized,14,6,l1,1,0.49660633755852895,0.8598442714126807,0.8166666666666667,0.8
lasso_poly6_C3,sklearn_regularized,14,6,l1,3,0.49884587292931487,0.8832035595105673,0.8333333333333334,0.8214285714285714
lasso_poly6_C10,sklearn_regularized,14,6,l1,10,0.8579389531402829,0.8209121245828699,0.7666666666666667,0.7586206896551724
lasso_poly6_C30,sklearn_regularized,14,6,l1,30,1.7993177200349424,0.7830923248053393,0.6833333333333333,0.6545454545454545
lasso_poly6_C100,sklearn_regularized,14,6,l1,100,2.7560369564506497,0.7352614015572858,0.7,0.6785714285714286
glm_current_simple,statsmodels_glm,15,,none,,0.6762420609239818,0.6829810901001112,0.5833333333333334,0.5283018867924528
glm_best_subset,statsmodels_glm,15,,none,,0.6792929827021493,0.6941045606229144,0.5666666666666667,0.5185185185185185
glm_full_degree2,statsmodels_glm,15,,none,,0.6743410079202937,0.6918798665183538,0.55,0.49056603773584906
ridge_poly1_C0.01,sklearn_regularized,15,1,l2,0.01,0.7055822197956306,0.5172413793103448,0.5,0.4
ridge_poly1_C0.03,sklearn_regularized,15,1,l2,0.03,0.7304038863010794,0.5172413793103448,0.5333333333333333,0.46153846153846156
ridge_poly1_C0.1,sklearn_regularized,15,1,l2,0.1,0.7655188707222405,0.5161290322580645,0.5,0.4444444444444444
ridge_poly1_C0.3,sklearn_regularized,15,1,l2,0.3,0.7879929225456374,0.5172413793103449,0.5,0.4642857142857143
ridge_poly1_C1,sklearn_regularized,15,1,l2,1,0.7992417680317468,0.5183537263626251,0.5,0.4642857142857143
ridge_poly1_C3,sklearn_regularized,15,1,l2,3,0.8029701345109288,0.5194660734149055,0.5,0.4642857142857143
ridge_poly1_C10,sklearn_regularized,15,1,l2,10,0.8043362166926967,0.5194660734149055,0.5166666666666667,0.49122807017543857
ridge_poly1_C30,sklearn_regularized,15,1,l2,30,0.8047326723563427,0.5194660734149055,0.5166666666666667,0.49122807017543857
ridge_poly1_C100,sklearn_regularized,15,1,l2,100,0.8048720854154275,0.5194660734149055,0.5166666666666667,0.49122807017543857
ridge_poly2_C0.01,sklearn_regularized,15,2,l2,0.01,0.6517074030733851,0.6384872080088988,0.55,0.4489795918367347
ridge_poly2_C0.03,sklearn_regularized,15,2,l2,0.03,0.6365193247711642,0.6529477196885428,0.5166666666666667,0.43137254901960786
ridge_poly2_C0.1,sklearn_regularized,15,2,l2,0.1,0.6377100601179777,0.6651835372636262,0.5333333333333333,0.46153846153846156
ridge_poly2_C0.3,sklearn_regularized,15,2,l2,0.3,0.6507592861777358,0.6774193548387096,0.55,0.47058823529411764
ridge_poly2_C1,sklearn_regularized,15,2,l2,1,0.6640817911618309,0.6896551724137931,0.55,0.47058823529411764
ridge_poly2_C3,sklearn_regularized,15,2,l2,3,0.6704552462260661,0.6918798665183538,0.55,0.47058823529411764
ridge_poly2_C10,sklearn_regularized,15,2,l2,10,0.6730829738459226,0.6907675194660734,0.55,0.49056603773584906
ridge_poly2_C30,sklearn_regularized,15,2,l2,30,0.6738996242687075,0.6907675194660734,0.55,0.49056603773584906
ridge_poly2_C100,sklearn_regularized,15,2,l2,100,0.674191398624805,0.6918798665183538,0.55,0.49056603773584906
ridge_poly3_C0.01,sklearn_regularized,15,3,l2,0.01,0.6596159601184645,0.6295884315906563,0.5333333333333333,0.44
ridge_poly3_C0.03,sklearn_regularized,15,3,l2,0.03,0.6422854923902427,0.6540600667408232,0.5166666666666667,0.43137254901960786
ridge_poly3_C0.1,sklearn_regularized,15,3,l2,0.1,0.6335818180819196,0.6874304783092324,0.5833333333333334,0.5283018867924528
ridge_poly3_C0.3,sklearn_regularized,15,3,l2,0.3,0.6432842637452126,0.6963292547274751,0.6,0.5384615384615384
ridge_poly3_C1,sklearn_regularized,15,3,l2,1,0.6588262681622286,0.7085650723025584,0.6,0.5384615384615384
ridge_poly3_C3,sklearn_regularized,15,3,l2,3,0.667055618901712,0.7119021134593994,0.6166666666666667,0.5490196078431373
ridge_poly3_C10,sklearn_regularized,15,3,l2,10,0.67115573590058,0.7130144605116796,0.6166666666666667,0.5490196078431373
ridge_poly3_C30,sklearn_regularized,15,3,l2,30,0.672359415689705,0.7130144605116796,0.6166666666666667,0.5490196078431373
ridge_poly3_C100,sklearn_regularized,15,3,l2,100,0.6728241557201925,0.7130144605116796,0.6166666666666667,0.5490196078431373
ridge_poly4_C0.01,sklearn_regularized,15,4,l2,0.01,0.6275083274727453,0.6796440489432704,0.5833333333333334,0.4444444444444444
ridge_poly4_C0.03,sklearn_regularized,15,4,l2,0.03,0.6120922068802748,0.6885428253615128,0.55,0.4489795918367347
ridge_poly4_C0.1,sklearn_regularized,15,4,l2,0.1,0.6219139268712642,0.6863181312569522,0.5333333333333333,0.44
ridge_poly4_C0.3,sklearn_regularized,15,4,l2,0.3,0.6556056184432236,0.6907675194660733,0.5833333333333334,0.5098039215686274
ridge_poly4_C1,sklearn_regularized,15,4,l2,1,0.7283546676083794,0.7052280311457174,0.6333333333333333,0.56
ridge_poly4_C3,sklearn_regularized,15,4,l2,3,0.8358756033186444,0.6907675194660734,0.65,0.6037735849056604
ridge_poly4_C10,sklearn_regularized,15,4,l2,10,0.9823469142844933,0.6651835372636262,0.65,0.6181818181818182
ridge_poly4_C30,sklearn_regularized,15,4,l2,30,1.1044625540194586,0.6740823136818688,0.6666666666666666,0.6428571428571429
ridge_poly4_C100,sklearn_regularized,15,4,l2,100,1.1808927058385101,0.6729699666295884,0.65,0.6181818181818182
ridge_poly5_C0.01,sklearn_regularized,15,5,l2,0.01,0.6333124537676531,0.6729699666295885,0.5833333333333334,0.4444444444444444
ridge_poly5_C0.03,sklearn_regularized,15,5,l2,0.03,0.6158841659253017,0.6907675194660734,0.55,0.4489795918367347
ridge_poly5_C0.1,sklearn_regularized,15,5,l2,0.1,0.6246475421423979,0.6907675194660734,0.5333333333333333,0.44
ridge_poly5_C0.3,sklearn_regularized,15,5,l2,0.3,0.6540706129962042,0.7041156840934373,0.5833333333333334,0.5098039215686274
ridge_poly5_C1,sklearn_regularized,15,5,l2,1,0.7136087371517194,0.7174638487208009,0.6333333333333333,0.56
ridge_poly5_C3,sklearn_regularized,15,5,l2,3,0.8238341161589261,0.6907675194660734,0.6666666666666666,0.6428571428571429
ridge_poly5_C10,sklearn_regularized,15,5,l2,10,1.0190279768716701,0.6796440489432702,0.6833333333333333,0.6666666666666666
ridge_poly5_C30,sklearn_regularized,15,5,l2,30,1.255175606611698,0.6774193548387096,0.6833333333333333,0.6666666666666666
ridge_poly5_C100,sklearn_regularized,15,5,l2,100,1.4664174331319872,0.6724137931034484,0.6833333333333333,0.6666666666666666
ridge_poly6_C0.01,sklearn_regularized,15,6,l2,0.01,0.6197177587832546,0.6885428253615128,0.5833333333333334,0.4444444444444444
ridge_poly6_C0.03,sklearn_regularized,15,6,l2,0.03,0.6085435274586942,0.6941045606229143,0.55,0.4489795918367347
ridge_poly6_C0.1,sklearn_regularized,15,6,l2,0.1,0.6241001827338033,0.6907675194660734,0.55,0.47058823529411764
ridge_poly6_C0.3,sklearn_regularized,15,6,l2,0.3,0.662447862625429,0.6974416017797553,0.6,0.5384615384615384
ridge_poly6_C1,sklearn_regularized,15,6,l2,1,0.747890275849251,0.6941045606229144,0.6166666666666667,0.5490196078431373
ridge_poly6_C3,sklearn_regularized,15,6,l2,3,0.9032706783920895,0.6896551724137931,0.65,0.6181818181818182
ridge_poly6_C10,sklearn_regularized,15,6,l2,10,1.157800843270475,0.6707452725250278,0.6166666666666667,0.5818181818181818
ridge_poly6_C30,sklearn_regularized,15,6,l2,30,1.4076271392688888,0.6423804226918799,0.5666666666666667,0.5185185185185185
ridge_poly6_C100,sklearn_regularized,15,6,l2,100,1.6353873472013012,0.6546162402669633,0.5666666666666667,0.5
lasso_poly2_C0.01,sklearn_regularized,15,2,l1,0.01,0.6931471805599454,0.5,0.48333333333333334,0.651685393258427
lasso_poly2_C0.03,sklearn_regularized,15,2,l1,0.03,0.6688620708378987,0.628476084538376,0.5666666666666667,0.5517241379310345
lasso_poly2_C0.1,sklearn_regularized,15,2,l1,0.1,0.658848468914841,0.6307007786429366,0.5833333333333334,0.5614035087719298
lasso_poly2_C0.3,sklearn_regularized,15,2,l1,0.3,0.6572079328556727,0.657397107897664,0.5833333333333334,0.5454545454545454
lasso_poly2_C1,sklearn_regularized,15,2,l1,1,0.667795072072852,0.6774193548387096,0.5666666666666667,0.5
lasso_poly2_C3,sklearn_regularized,15,2,l1,3,0.6733494791002562,0.6874304783092324,0.5666666666666667,0.5
lasso_poly2_C10,sklearn_regularized,15,2,l1,10,0.6746992220996045,0.6918798665183538,0.55,0.49056603773584906
lasso_poly2_C30,sklearn_regularized,15,2,l1,30,0.6744507364599138,0.6907675194660734,0.55,0.49056603773584906
lasso_poly2_C100,sklearn_regularized,15,2,l1,100,0.6743729908912778,0.6907675194660734,0.55,0.49056603773584906
lasso_poly3_C0.01,sklearn_regularized,15,3,l1,0.01,0.6931471805599454,0.5,0.48333333333333334,0.651685393258427
lasso_poly3_C0.03,sklearn_regularized,15,3,l1,0.03,0.6688620202741621,0.628476084538376,0.5666666666666667,0.5517241379310345
lasso_poly3_C0.1,sklearn_regularized,15,3,l1,0.1,0.6588526164730643,0.6307007786429366,0.5833333333333334,0.5614035087719298
lasso_poly3_C0.3,sklearn_regularized,15,3,l1,0.3,0.65730652916518,0.657397107897664,0.6,0.5555555555555556
lasso_poly3_C1,sklearn_regularized,15,3,l1,1,0.6522225881758708,0.6963292547274749,0.5833333333333334,0.5283018867924528
lasso_poly3_C3,sklearn_regularized,15,3,l1,3,0.6615961826259268,0.7074527252502781,0.6,0.5384615384615384
lasso_poly3_C10,sklearn_regularized,15,3,l1,10,0.6691315893358551,0.71412680756396,0.6166666666666667,0.5490196078431373
lasso_poly3_C30,sklearn_regularized,15,3,l1,30,0.6717443014541739,0.7130144605116796,0.6166666666666667,0.5490196078431373
lasso_poly3_C100,sklearn_regularized,15,3,l1,100,0.672713819207668,0.7130144605116796,0.6166666666666667,0.5490196078431373
lasso_poly4_C0.01,sklearn_regularized,15,4,l1,0.01,0.6931471805599454,0.5,0.48333333333333334,0.651685393258427
lasso_poly4_C0.03,sklearn_regularized,15,4,l1,0.03,0.6688621453131851,0.628476084538376,0.5666666666666667,0.5517241379310345
lasso_poly4_C0.1,sklearn_regularized,15,4,l1,0.1,0.6588517641012391,0.6307007786429366,0.5833333333333334,0.5614035087719298
lasso_poly4_C0.3,sklearn_regularized,15,4,l1,0.3,0.6464249387791735,0.6740823136818688,0.6,0.5555555555555556
lasso_poly4_C1,sklearn_regularized,15,4,l1,1,0.7195884384456528,0.6562847608453838,0.55,0.49056603773584906
lasso_poly4_C3,sklearn_regularized,15,4,l1,3,0.8945731107255634,0.6685205784204672,0.65,0.6181818181818182
lasso_poly4_C10,sklearn_regularized,15,4,l1,10,1.0563945769404688,0.6662958843159066,0.65,0.6181818181818182
lasso_poly4_C30,sklearn_regularized,15,4,l1,30,1.1601924804147246,0.6696329254727476,0.65,0.6181818181818182
lasso_poly4_C100,sklearn_regularized,15,4,l1,100,1.2127010629101591,0.6707452725250278,0.6666666666666666,0.6428571428571429
lasso_poly5_C0.01,sklearn_regularized,15,5,l1,0.01,0.6931471805599454,0.5,0.48333333333333334,0.651685393258427
lasso_poly5_C0.03,sklearn_regularized,15,5,l1,0.03,0.6688620490349346,0.628476084538376,0.5666666666666667,0.5517241379310345
lasso_poly5_C0.1,sklearn_regularized,15,5,l1,0.1,0.6588525132469966,0.6307007786429366,0.5833333333333334,0.5614035087719298
lasso_poly5_C0.3,sklearn_regularized,15,5,l1,0.3,0.6458047956614025,0.6751946607341491,0.6,0.5555555555555556
lasso_poly5_C1,sklearn_regularized,15,5,l1,1,0.7035376776896584,0.6796440489432704,0.5666666666666667,0.48
lasso_poly5_C3,sklearn_regularized,15,5,l1,3,0.840930458044211,0.707452725250278,0.6666666666666666,0.6296296296296297
lasso_poly5_C10,sklearn_regularized,15,5,l1,10,1.2708465013290733,0.664071190211346,0.6666666666666666,0.6666666666666666
lasso_poly5_C30,sklearn_regularized,15,5,l1,30,1.53822568516204,0.6668520578420467,0.6666666666666666,0.6666666666666666
lasso_poly5_C100,sklearn_regularized,15,5,l1,100,1.7877037154825952,0.656840934371524,0.6166666666666667,0.5964912280701754
lasso_poly6_C0.01,sklearn_regularized,15,6,l1,0.01,0.6931471805599454,0.5,0.48333333333333334,0.651685393258427
lasso_poly6_C0.03,sklearn_regularized,15,6,l1,0.03,0.6688617803309822,0.628476084538376,0.5666666666666667,0.5517241379310345
lasso_poly6_C0.1,sklearn_regularized,15,6,l1,0.1,0.6588605004482712,0.6307007786429366,0.5833333333333334,0.5614035087719298
lasso_poly6_C0.3,sklearn_regularized,15,6,l1,0.3,0.6456121242032066,0.6751946607341491,0.6,0.5555555555555556
lasso_poly6_C1,sklearn_regularized,15,6,l1,1,0.7197439142696854,0.6863181312569522,0.5833333333333334,0.5098039215686274
lasso_poly6_C3,sklearn_regularized,15,6,l1,3,0.9371438465533913,0.6585094549499444,0.5833333333333334,0.5283018867924528
lasso_poly6_C10,sklearn_regularized,15,6,l1,10,1.54544915543286,0.6601779755283649,0.5833333333333334,0.5454545454545454
lasso_poly6_C30,sklearn_regularized,15,6,l1,30,1.9269621384010722,0.6657397107897663,0.5666666666666667,0.5
lasso_poly6_C100,sklearn_regularized,15,6,l1,100,2.73742756024568,0.6890989988876529,0.5666666666666667,0.48
glm_current_simple,statsmodels_glm,16,,none,,0.5057776151866372,0.828125,0.7166666666666667,0.7213114754098361
glm_best_subset,statsmodels_glm,16,,none,,0.48833480711039384,0.84375,0.7166666666666667,0.7213114754098361
glm_full_degree2,statsmodels_glm,16,,none,,0.4923201685470489,0.8426339285714286,0.7166666666666667,0.7213114754098361
ridge_poly1_C0.01,sklearn_regularized,16,1,l2,0.01,0.6726772668938378,0.6026785714285714,0.55,0.509090909090909
ridge_poly1_C0.03,sklearn_regularized,16,1,l2,0.03,0.6702050553061432,0.6015625,0.5333333333333333,0.5483870967741935
ridge_poly1_C0.1,sklearn_regularized,16,1,l2,0.1,0.6763097055627335,0.6004464285714286,0.5333333333333333,0.5483870967741935
ridge_poly1_C0.3,sklearn_regularized,16,1,l2,0.3,0.6822912953951293,0.6015625,0.5333333333333333,0.5483870967741935
ridge_poly1_C1,sklearn_regularized,16,1,l2,1,0.685585968877395,0.6026785714285714,0.5333333333333333,0.5483870967741935
ridge_poly1_C3,sklearn_regularized,16,1,l2,3,0.6867022311899035,0.6026785714285714,0.5333333333333333,0.5483870967741935
ridge_poly1_C10,sklearn_regularized,16,1,l2,10,0.6871144497318055,0.6026785714285714,0.5333333333333333,0.5483870967741935
ridge_poly1_C30,sklearn_regularized,16,1,l2,30,0.6872343760819963,0.6026785714285714,0.5333333333333333,0.5483870967741935
ridge_poly1_C100,sklearn_regularized,16,1,l2,100,0.6872765795849024,0.6026785714285714,0.5333333333333333,0.5483870967741935
ridge_poly2_C0.01,sklearn_regularized,16,2,l2,0.01,0.6055429398011,0.8337053571428572,0.7333333333333333,0.7142857142857143
ridge_poly2_C0.03,sklearn_regularized,16,2,l2,0.03,0.5562421390070169,0.8337053571428572,0.7166666666666667,0.711864406779661
ridge_poly2_C0.1,sklearn_regularized,16,2,l2,0.1,0.5185793649577974,0.8392857142857143,0.7166666666666667,0.711864406779661
ridge_poly2_C0.3,sklearn_regularized,16,2,l2,0.3,0.5021869825854858,0.8404017857142857,0.7166666666666667,0.711864406779661
ridge_poly2_C1,sklearn_regularized,16,2,l2,1,0.4954235192496514,0.8415178571428572,0.7166666666666667,0.7213114754098361
ridge_poly2_C3,sklearn_regularized,16,2,l2,3,0.4933858150606266,0.8426339285714286,0.7166666666666667,0.7213114754098361
ridge_poly2_C10,sklearn_regularized,16,2,l2,10,0.49266303602202743,0.8415178571428572,0.7166666666666667,0.7213114754098361
ridge_poly2_C30,sklearn_regularized,16,2,l2,30,0.4924557179290409,0.8415178571428572,0.7166666666666667,0.7213114754098361
ridge_poly2_C100,sklearn_regularized,16,2,l2,100,0.4923830763378377,0.8415178571428572,0.7166666666666667,0.7213114754098361
ridge_poly3_C0.01,sklearn_regularized,16,3,l2,0.01,0.6110100183384065,0.796875,0.6833333333333333,0.6779661016949152
ridge_poly3_C0.03,sklearn_regularized,16,3,l2,0.03,0.5640893791323189,0.8180803571428571,0.6833333333333333,0.6779661016949152
ridge_poly3_C0.1,sklearn_regularized,16,3,l2,0.1,0.5315011080876783,0.8191964285714286,0.6833333333333333,0.6885245901639344
ridge_poly3_C0.3,sklearn_regularized,16,3,l2,0.3,0.5277623695406878,0.8113839285714286,0.6833333333333333,0.6885245901639344
ridge_poly3_C1,sklearn_regularized,16,3,l2,1,0.5428971564707848,0.7901785714285714,0.7,0.7
ridge_poly3_C3,sklearn_regularized,16,3,l2,3,0.5572251676284197,0.7756696428571428,0.6666666666666666,0.6666666666666666
ridge_poly3_C10,sklearn_regularized,16,3,l2,10,0.5649702970539052,0.7745535714285714,0.6666666666666666,0.6666666666666666
ridge_poly3_C30,sklearn_regularized,16,3,l2,30,0.5675931076994178,0.7745535714285714,0.6666666666666666,0.6666666666666666
ridge_poly3_C100,sklearn_regularized,16,3,l2,100,0.5685621657873999,0.7745535714285714,0.6666666666666666,0.6666666666666666
ridge_poly4_C0.01,sklearn_regularized,16,4,l2,0.01,0.585872597530946,0.8337053571428571,0.7333333333333333,0.7241379310344828
ridge_poly4_C0.03,sklearn_regularized,16,4,l2,0.03,0.5487396505522926,0.8292410714285714,0.7166666666666667,0.711864406779661
ridge_poly4_C0.1,sklearn_regularized,16,4,l2,0.1,0.5298579454879954,0.8180803571428571,0.7,0.7
ridge_poly4_C0.3,sklearn_regularized,16,4,l2,0.3,0.5352445937837587,0.8013392857142857,0.6833333333333333,0.6779661016949152
ridge_poly4_C1,sklearn_regularized,16,4,l2,1,0.5845545650245701,0.7421875,0.65,0.6557377049180327
ridge_poly4_C3,sklearn_regularized,16,4,l2,3,0.6753258819254204,0.7176339285714286,0.6333333333333333,0.6333333333333333
ridge_poly4_C10,sklearn_regularized,16,4,l2,10,0.7801202189308916,0.7008928571428572,0.6166666666666667,0.6101694915254238
ridge_poly4_C30,sklearn_regularized,16,4,l2,30,0.845937647867665,0.6953125,0.6333333333333333,0.6206896551724138
ridge_poly4_C100,sklearn_regularized,16,4,l2,100,0.8823030130307594,0.6941964285714286,0.6333333333333333,0.6206896551724138
ridge_poly5_C0.01,sklearn_regularized,16,5,l2,0.01,0.5915476053651296,0.8180803571428572,0.7166666666666667,0.711864406779661
ridge_poly5_C0.03,sklearn_regularized,16,5,l2,0.03,0.5533060440291846,0.8203125,0.7,0.7
ridge_poly5_C0.1,sklearn_regularized,16,5,l2,0.1,0.5320921805909075,0.8147321428571429,0.6833333333333333,0.6885245901639344
ridge_poly5_C0.3,sklearn_regularized,16,5,l2,0.3,0.5338267567590999,0.8035714285714286,0.6833333333333333,0.6779661016949152
ridge_poly5_C1,sklearn_regularized,16,5,l2,1,0.5716236276879287,0.7756696428571428,0.7,0.7
ridge_poly5_C3,sklearn_regularized,16,5,l2,3,0.6337613438366692,0.7667410714285714,0.6833333333333333,0.6545454545454545
ridge_poly5_C10,sklearn_regularized,16,5,l2,10,0.7218766199270015,0.7712053571428571,0.6666666666666666,0.6428571428571429
ridge_poly5_C30,sklearn_regularized,16,5,l2,30,0.8267253895441387,0.7633928571428572,0.65,0.6181818181818182
ridge_poly5_C100,sklearn_regularized,16,5,l2,100,0.9197422969650163,0.7611607142857143,0.6333333333333333,0.5925925925925926
ridge_poly6_C0.01,sklearn_regularized,16,6,l2,0.01,0.5870305289642609,0.8147321428571429,0.7166666666666667,0.7017543859649122
ridge_poly6_C0.03,sklearn_regularized,16,6,l2,0.03,0.5557045183101873,0.8069196428571428,0.7,0.7
ridge_poly6_C0.1,sklearn_regularized,16,6,l2,0.1,0.5425211643177325,0.7935267857142858,0.6833333333333333,0.6885245901639344
ridge_poly6_C0.3,sklearn_regularized,16,6,l2,0.3,0.5644538785161344,0.7734375,0.6666666666666666,0.6666666666666666
ridge_poly6_C1,sklearn_regularized,16,6,l2,1,0.6497437268847139,0.7388392857142858,0.6666666666666666,0.6666666666666666
ridge_poly6_C3,sklearn_regularized,16,6,l2,3,0.7528624702130353,0.7321428571428571,0.6333333333333333,0.6206896551724138
ridge_poly6_C10,sklearn_regularized,16,6,l2,10,0.8159973641920926,0.7332589285714286,0.6166666666666667,0.5964912280701754
ridge_poly6_C30,sklearn_regularized,16,6,l2,30,0.7768168448776939,0.7544642857142857,0.6333333333333333,0.6071428571428571
ridge_poly6_C100,sklearn_regularized,16,6,l2,100,0.7054460485418497,0.8136160714285714,0.7,0.6666666666666666
lasso_poly2_C0.01,sklearn_regularized,16,2,l1,0.01,0.6931471805599454,0.5,0.4666666666666667,0.6363636363636364
lasso_poly2_C0.03,sklearn_regularized,16,2,l1,0.03,0.6484170907442143,0.78125,0.65,0.6557377049180327
lasso_poly2_C0.1,sklearn_regularized,16,2,l1,0.1,0.5510498067900762,0.8169642857142858,0.7,0.7
lasso_poly2_C0.3,sklearn_regularized,16,2,l1,0.3,0.5176257688508675,0.8303571428571428,0.7,0.7
lasso_poly2_C1,sklearn_regularized,16,2,l1,1,0.5007828343682849,0.8415178571428572,0.7166666666666667,0.7213114754098361
lasso_poly2_C3,sklearn_regularized,16,2,l1,3,0.49514271311555624,0.8415178571428572,0.7166666666666667,0.7213114754098361
lasso_poly2_C10,sklearn_regularized,16,2,l1,10,0.4931649280253581,0.8415178571428572,0.7166666666666667,0.7213114754098361
lasso_poly2_C30,sklearn_regularized,16,2,l1,30,0.4926017221055353,0.8415178571428572,0.7166666666666667,0.7213114754098361
lasso_poly2_C100,sklearn_regularized,16,2,l1,100,0.49240466246589865,0.8426339285714286,0.7166666666666667,0.7213114754098361
lasso_poly3_C0.01,sklearn_regularized,16,3,l1,0.01,0.6931471805599454,0.5,0.4666666666666667,0.6363636363636364
lasso_poly3_C0.03,sklearn_regularized,16,3,l1,0.03,0.6484170907442143,0.78125,0.65,0.6557377049180327
lasso_poly3_C0.1,sklearn_regularized,16,3,l1,0.1,0.5517189694983567,0.8180803571428572,0.7,0.7
lasso_poly3_C0.3,sklearn_regularized,16,3,l1,0.3,0.5260455317924025,0.8247767857142857,0.7,0.7
lasso_poly3_C1,sklearn_regularized,16,3,l1,1,0.5307960611262043,0.8102678571428572,0.6833333333333333,0.6885245901639344
lasso_poly3_C3,sklearn_regularized,16,3,l1,3,0.5536442195478448,0.7801339285714286,0.6833333333333333,0.6885245901639344
lasso_poly3_C10,sklearn_regularized,16,3,l1,10,0.5639585337769136,0.7745535714285714,0.6666666666666666,0.6666666666666666
lasso_poly3_C30,sklearn_regularized,16,3,l1,30,0.567205659329047,0.7734375,0.6666666666666666,0.6666666666666666
lasso_poly3_C100,sklearn_regularized,16,3,l1,100,0.5683691576306816,0.7745535714285714,0.6666666666666666,0.6666666666666666
lasso_poly4_C0.01,sklearn_regularized,16,4,l1,0.01,0.6931471805599454,0.5,0.4666666666666667,0.6363636363636364
lasso_poly4_C0.03,sklearn_regularized,16,4,l1,0.03,0.6484169456465209,0.78125,0.65,0.6557377049180327
lasso_poly4_C0.1,sklearn_regularized,16,4,l1,0.1,0.5534124541967196,0.8113839285714286,0.6833333333333333,0.6885245901639344
lasso_poly4_C0.3,sklearn_regularized,16,4,l1,0.3,0.542056012546397,0.8046875,0.6833333333333333,0.6885245901639344
lasso_poly4_C1,sklearn_regularized,16,4,l1,1,0.5723974517030382,0.7466517857142857,0.6,0.6129032258064516
lasso_poly4_C3,sklearn_regularized,16,4,l1,3,0.6981817126671055,0.7142857142857143,0.6166666666666667,0.6101694915254238
lasso_poly4_C10,sklearn_regularized,16,4,l1,10,0.8229526365701793,0.6953125,0.6333333333333333,0.6206896551724138
lasso_poly4_C30,sklearn_regularized,16,4,l1,30,0.8738163579863087,0.6941964285714286,0.6333333333333333,0.6206896551724138
lasso_poly4_C100,sklearn_regularized,16,4,l1,100,0.8936172976397573,0.6930803571428572,0.6333333333333333,0.6206896551724138
lasso_poly5_C0.01,sklearn_regularized,16,5,l1,0.01,0.6931471805599454,0.5,0.4666666666666667,0.6363636363636364
lasso_poly5_C0.03,sklearn_regularized,16,5,l1,0.03,0.6484193462027235,0.78125,0.65,0.6557377049180327
lasso_poly5_C0.1,sklearn_regularized,16,5,l1,0.1,0.5539372060747989,0.8113839285714286,0.6833333333333333,0.6885245901639344
lasso_poly5_C0.3,sklearn_regularized,16,5,l1,0.3,0.5407966596313646,0.8046875,0.6833333333333333,0.6885245901639344
lasso_poly5_C1,sklearn_regularized,16,5,l1,1,0.570276141847684,0.7633928571428572,0.6666666666666666,0.6774193548387096
lasso_poly5_C3,sklearn_regularized,16,5,l1,3,0.6659380999209865,0.7845982142857142,0.7,0.6785714285714286
lasso_poly5_C10,sklearn_regularized,16,5,l1,10,0.806449304754067,0.7712053571428572,0.6666666666666666,0.6428571428571429
lasso_poly5_C30,sklearn_regularized,16,5,l1,30,0.9125345332131531,0.7700892857142857,0.6333333333333333,0.5925925925925926
lasso_poly5_C100,sklearn_regularized,16,5,l1,100,1.0759567860548067,0.7466517857142857,0.6333333333333333,0.5925925925925926
lasso_poly6_C0.01,sklearn_regularized,16,6,l1,0.01,0.6931471805599454,0.5,0.4666666666666667,0.6363636363636364
lasso_poly6_C0.03,sklearn_regularized,16,6,l1,0.03,0.6484170907442143,0.78125,0.65,0.6557377049180327
lasso_poly6_C0.1,sklearn_regularized,16,6,l1,0.1,0.5538981594328314,0.8113839285714286,0.6833333333333333,0.6885245901639344
lasso_poly6_C0.3,sklearn_regularized,16,6,l1,0.3,0.5483111273231945,0.7935267857142856,0.6666666666666666,0.6774193548387096
lasso_poly6_C1,sklearn_regularized,16,6,l1,1,0.5962221077879181,0.7421875,0.65,0.6666666666666666
lasso_poly6_C3,sklearn_regularized,16,6,l1,3,0.7599811251828087,0.7388392857142857,0.6333333333333333,0.6206896551724138
lasso_poly6_C10,sklearn_regularized,16,6,l1,10,1.027242491996113,0.7131696428571428,0.6166666666666667,0.6101694915254238
lasso_poly6_C30,sklearn_regularized,16,6,l1,30,1.1871340015064562,0.7455357142857143,0.6666666666666666,0.6428571428571429
lasso_poly6_C100,sklearn_regularized,16,6,l1,100,1.5919122309780913,0.7455357142857142,0.6166666666666667,0.5818181818181818
glm_current_simple,statsmodels_glm,17,,none,,0.534061902868528,0.7845982142857143,0.6833333333333333,0.6666666666666666
glm_best_subset,statsmodels_glm,17,,none,,0.5243034806492445,0.8169642857142857,0.75,0.7272727272727273
glm_full_degree2,statsmodels_glm,17,,none,,0.5161961376761492,0.8191964285714286,0.7333333333333333,0.7037037037037037
ridge_poly1_C0.01,sklearn_regularized,17,1,l2,0.01,0.6444506054536357,0.75,0.6666666666666666,0.5454545454545454
ridge_poly1_C0.03,sklearn_regularized,17,1,l2,0.03,0.6208011250719252,0.7466517857142858,0.7,0.6086956521739131
ridge_poly1_C0.1,sklearn_regularized,17,1,l2,0.1,0.6071089518425682,0.7488839285714286,0.65,0.5714285714285714
ridge_poly1_C0.3,sklearn_regularized,17,1,l2,0.3,0.6028443674730999,0.7488839285714286,0.65,0.5714285714285714
ridge_poly1_C1,sklearn_regularized,17,1,l2,1,0.6014408873587581,0.7488839285714286,0.65,0.5714285714285714
ridge_poly1_C3,sklearn_regularized,17,1,l2,3,0.6010582682988364,0.7477678571428572,0.65,0.5714285714285714
ridge_poly1_C10,sklearn_regularized,17,1,l2,10,0.6009268360598709,0.7477678571428572,0.65,0.5714285714285714
ridge_poly1_C30,sklearn_regularized,17,1,l2,30,0.6008895391915983,0.7477678571428572,0.65,0.5714285714285714
ridge_poly1_C100,sklearn_regularized,17,1,l2,100,0.6008765127709346,0.7477678571428572,0.65,0.5714285714285714
ridge_poly2_C0.01,sklearn_regularized,17,2,l2,0.01,0.6063231745683811,0.8046875,0.7166666666666667,0.6666666666666666
ridge_poly2_C0.03,sklearn_regularized,17,2,l2,0.03,0.5623554146991098,0.8024553571428572,0.75,0.7169811320754716
ridge_poly2_C0.1,sklearn_regularized,17,2,l2,0.1,0.5321482155411347,0.8069196428571429,0.75,0.7272727272727273
ridge_poly2_C0.3,sklearn_regularized,17,2,l2,0.3,0.520968576802211,0.8125,0.7333333333333333,0.7037037037037037
ridge_poly2_C1,sklearn_regularized,17,2,l2,1,0.5173659757171267,0.8147321428571429,0.7333333333333333,0.7037037037037037
ridge_poly2_C3,sklearn_regularized,17,2,l2,3,0.5165524455597599,0.8169642857142857,0.7333333333333333,0.7037037037037037
ridge_poly2_C10,sklearn_regularized,17,2,l2,10,0.5163127036937828,0.8180803571428572,0.7333333333333333,0.7037037037037037
ridge_poly2_C30,sklearn_regularized,17,2,l2,30,0.516249640192495,0.8191964285714286,0.7333333333333333,0.7037037037037037
ridge_poly2_C100,sklearn_regularized,17,2,l2,100,0.5162281886651785,0.8191964285714286,0.7333333333333333,0.7037037037037037
ridge_poly3_C0.01,sklearn_regularized,17,3,l2,0.01,0.5984835787615702,0.7957589285714285,0.7333333333333333,0.6923076923076923
ridge_poly3_C0.03,sklearn_regularized,17,3,l2,0.03,0.5715884430989885,0.7912946428571428,0.75,0.7272727272727273
ridge_poly3_C0.1,sklearn_regularized,17,3,l2,0.1,0.5641480990988684,0.7979910714285714,0.7333333333333333,0.7142857142857143
ridge_poly3_C0.3,sklearn_regularized,17,3,l2,0.3,0.5767152209949643,0.8080357142857142,0.7166666666666667,0.7017543859649122
ridge_poly3_C1,sklearn_regularized,17,3,l2,1,0.6014304713253478,0.8136160714285713,0.7333333333333333,0.7142857142857143
ridge_poly3_C3,sklearn_regularized,17,3,l2,3,0.6207228853468388,0.8091517857142857,0.7333333333333333,0.7142857142857143
ridge_poly3_C10,sklearn_regularized,17,3,l2,10,0.6316384273244242,0.8069196428571428,0.7333333333333333,0.7142857142857143
ridge_poly3_C30,sklearn_regularized,17,3,l2,30,0.6353978029813607,0.8058035714285714,0.7166666666666667,0.7017543859649122
ridge_poly3_C100,sklearn_regularized,17,3,l2,100,0.6367994515797682,0.8035714285714286,0.7166666666666667,0.7017543859649122
ridge_poly4_C0.01,sklearn_regularized,17,4,l2,0.01,0.5823301206125377,0.7991071428571428,0.7333333333333333,0.6923076923076923
ridge_poly4_C0.03,sklearn_regularized,17,4,l2,0.03,0.5574531111406288,0.8058035714285714,0.7666666666666667,0.7407407407407407
ridge_poly4_C0.1,sklearn_regularized,17,4,l2,0.1,0.5520446086929923,0.8024553571428571,0.7666666666666667,0.7407407407407407
ridge_poly4_C0.3,sklearn_regularized,17,4,l2,0.3,0.5658276172431665,0.8136160714285714,0.7166666666666667,0.711864406779661
ridge_poly4_C1,sklearn_regularized,17,4,l2,1,0.6060400126295349,0.8125,0.6833333333333333,0.6984126984126984
ridge_poly4_C3,sklearn_regularized,17,4,l2,3,0.6659248374019366,0.7823660714285714,0.7166666666666667,0.7213114754098361
ridge_poly4_C10,sklearn_regularized,17,4,l2,10,0.7382113398465254,0.7745535714285714,0.7,0.7096774193548387
ridge_poly4_C30,sklearn_regularized,17,4,l2,30,0.7901131636322979,0.7678571428571428,0.7166666666666667,0.7213114754098361
ridge_poly4_C100,sklearn_regularized,17,4,l2,100,0.8222226731747878,0.763392857142857,0.7,0.7
ridge_poly5_C0.01,sklearn_regularized,17,5,l2,0.01,0.585631015046318,0.7901785714285714,0.7333333333333333,0.6923076923076923
ridge_poly5_C0.03,sklearn_regularized,17,5,l2,0.03,0.5670023671349201,0.7957589285714285,0.7666666666666667,0.7407407407407407
ridge_poly5_C0.1,sklearn_regularized,17,5,l2,0.1,0.5626252277047284,0.8069196428571428,0.7666666666666667,0.7407407407407407
ridge_poly5_C0.3,sklearn_regularized,17,5,l2,0.3,0.5718396516222426,0.8180803571428572,0.7333333333333333,0.7241379310344828
ridge_poly5_C1,sklearn_regularized,17,5,l2,1,0.5942398163064084,0.828125,0.7,0.7096774193548387
ridge_poly5_C3,sklearn_regularized,17,5,l2,3,0.6276778358948408,0.8169642857142858,0.7166666666666667,0.7213114754098361
ridge_poly5_C10,sklearn_regularized,17,5,l2,10,0.6838367448213863,0.8091517857142857,0.7,0.71875
ridge_poly5_C30,sklearn_regularized,17,5,l2,30,0.7607014069922399,0.8158482142857143,0.7166666666666667,0.7384615384615385
ridge_poly5_C100,sklearn_regularized,17,5,l2,100,0.8867784896024042,0.8069196428571428,0.7166666666666667,0.7301587301587301
ridge_poly6_C0.01,sklearn_regularized,17,6,l2,0.01,0.5821388294361156,0.7879464285714286,0.7333333333333333,0.6923076923076923
ridge_poly6_C0.03,sklearn_regularized,17,6,l2,0.03,0.5651659907208495,0.796875,0.7666666666666667,0.7407407407407407
ridge_poly6_C0.1,sklearn_regularized,17,6,l2,0.1,0.5660298326426295,0.8046874999999999,0.7666666666666667,0.7407407407407407
ridge_poly6_C0.3,sklearn_regularized,17,6,l2,0.3,0.5891238266632454,0.8102678571428571,0.6833333333333333,0.6885245901639344
ridge_poly6_C1,sklearn_regularized,17,6,l2,1,0.6414382324543229,0.796875,0.6666666666666666,0.6875
ridge_poly6_C3,sklearn_regularized,17,6,l2,3,0.7080742103509365,0.7689732142857142,0.6333333333333333,0.6666666666666666
ridge_poly6_C10,sklearn_regularized,17,6,l2,10,0.8086573639671525,0.7466517857142856,0.65,0.676923076923077
ridge_poly6_C30,sklearn_regularized,17,6,l2,30,0.9443853895208864,0.7321428571428571,0.6166666666666667,0.6461538461538462
ridge_poly6_C100,sklearn_regularized,17,6,l2,100,1.6919219293732353,0.6852678571428571,0.6333333333333333,0.6451612903225806
lasso_poly2_C0.01,sklearn_regularized,17,2,l1,0.01,0.6931471805599454,0.5,0.4666666666666667,0.6363636363636364
lasso_poly2_C0.03,sklearn_regularized,17,2,l1,0.03,0.6420706588073679,0.7745535714285714,0.6833333333333333,0.6666666666666666
lasso_poly2_C0.1,sklearn_regularized,17,2,l1,0.1,0.5504540081861212,0.7845982142857143,0.7,0.6785714285714286
lasso_poly2_C0.3,sklearn_regularized,17,2,l1,0.3,0.5291541648092323,0.8013392857142857,0.6833333333333333,0.6666666666666666
lasso_poly2_C1,sklearn_regularized,17,2,l1,1,0.519549994689789,0.8069196428571429,0.75,0.7272727272727273
lasso_poly2_C3,sklearn_regularized,17,2,l1,3,0.5170515248064195,0.8147321428571429,0.7333333333333333,0.7037037037037037
lasso_poly2_C10,sklearn_regularized,17,2,l1,10,0.5164065531489415,0.8169642857142857,0.7333333333333333,0.7037037037037037
lasso_poly2_C30,sklearn_regularized,17,2,l1,30,0.5162627133351942,0.8180803571428572,0.7333333333333333,0.7037037037037037
lasso_poly2_C100,sklearn_regularized,17,2,l1,100,0.5162169140218856,0.8191964285714286,0.7333333333333333,0.7037037037037037
lasso_poly3_C0.01,sklearn_regularized,17,3,l1,0.01,0.6931471805599454,0.5,0.4666666666666667,0.6363636363636364
lasso_poly3_C0.03,sklearn_regularized,17,3,l1,0.03,0.6420715163457117,0.7745535714285714,0.6833333333333333,0.6666666666666666
lasso_poly3_C0.1,sklearn_regularized,17,3,l1,0.1,0.5511892224935675,0.7857142857142857,0.7,0.6785714285714286
lasso_poly3_C0.3,sklearn_regularized,17,3,l1,0.3,0.5444885329976101,0.7868303571428571,0.6833333333333333,0.6666666666666666
lasso_poly3_C1,sklearn_regularized,17,3,l1,1,0.5656266474218824,0.8024553571428571,0.7333333333333333,0.7142857142857143
lasso_poly3_C3,sklearn_regularized,17,3,l1,3,0.5978390789265143,0.8124999999999999,0.7333333333333333,0.7142857142857143
lasso_poly3_C10,sklearn_regularized,17,3,l1,10,0.6241983734795603,0.8080357142857143,0.7333333333333333,0.7142857142857143
lasso_poly3_C30,sklearn_regularized,17,3,l1,30,0.6330787982712227,0.8058035714285714,0.7333333333333333,0.7142857142857143
lasso_poly3_C100,sklearn_regularized,17,3,l1,100,0.6363526243177442,0.8035714285714286,0.7166666666666667,0.7017543859649122
lasso_poly4_C0.01,sklearn_regularized,17,4,l1,0.01,0.6931471805599454,0.5,0.4666666666666667,0.6363636363636364
lasso_poly4_C0.03,sklearn_regularized,17,4,l1,0.03,0.6420726015630369,0.7745535714285714,0.6833333333333333,0.6666666666666666
lasso_poly4_C0.1,sklearn_regularized,17,4,l1,0.1,0.5511630440405012,0.7857142857142857,0.7,0.6785714285714286
lasso_poly4_C0.3,sklearn_regularized,17,4,l1,0.3,0.5422042522317123,0.7912946428571428,0.7166666666666667,0.6909090909090909
lasso_poly4_C1,sklearn_regularized,17,4,l1,1,0.5593883688859058,0.8102678571428572,0.7333333333333333,0.7333333333333333
lasso_poly4_C3,sklearn_regularized,17,4,l1,3,0.6697121213547048,0.7812499999999999,0.7166666666666667,0.7213114754098361
lasso_poly4_C10,sklearn_regularized,17,4,l1,10,0.7624796107305066,0.771205357142857,0.7,0.7096774193548387
lasso_poly4_C30,sklearn_regularized,17,4,l1,30,0.812686663343904,0.7645089285714286,0.7,0.7
lasso_poly4_C100,sklearn_regularized,17,4,l1,100,0.8336120262256845,0.7611607142857143,0.7,0.7
lasso_poly5_C0.01,sklearn_regularized,17,5,l1,0.01,0.6931471805599454,0.5,0.4666666666666667,0.6363636363636364
lasso_poly5_C0.03,sklearn_regularized,17,5,l1,0.03,0.6420704960665381,0.7745535714285714,0.6833333333333333,0.6666666666666666
lasso_poly5_C0.1,sklearn_regularized,17,5,l1,0.1,0.5511597472968971,0.7857142857142857,0.7,0.6785714285714286
lasso_poly5_C0.3,sklearn_regularized,17,5,l1,0.3,0.5415986310463341,0.7890625,0.7,0.6785714285714286
lasso_poly5_C1,sklearn_regularized,17,5,l1,1,0.5825265051369276,0.828125,0.75,0.7457627118644068
lasso_poly5_C3,sklearn_regularized,17,5,l1,3,0.6720022640725352,0.8225446428571429,0.7,0.7096774193548387
lasso_poly5_C10,sklearn_regularized,17,5,l1,10,0.8223166294904857,0.8247767857142857,0.7333333333333333,0.75
lasso_poly5_C30,sklearn_regularized,17,5,l1,30,1.0780367746129178,0.8102678571428572,0.7333333333333333,0.7419354838709677
lasso_poly5_C100,sklearn_regularized,17,5,l1,100,1.1632003101177566,0.8130580357142857,0.75,0.7540983606557377
lasso_poly6_C0.01,sklearn_regularized,17,6,l1,0.01,0.6931471805599454,0.5,0.4666666666666667,0.6363636363636364
lasso_poly6_C0.03,sklearn_regularized,17,6,l1,0.03,0.6420715720445426,0.7745535714285714,0.6833333333333333,0.6666666666666666
lasso_poly6_C0.1,sklearn_regularized,17,6,l1,0.1,0.5511650084402092,0.7857142857142857,0.7,0.6785714285714286
lasso_poly6_C0.3,sklearn_regularized,17,6,l1,0.3,0.5416058264754198,0.7890625,0.7,0.6785714285714286
lasso_poly6_C1,sklearn_regularized,17,6,l1,1,0.5762492388049345,0.8236607142857143,0.7333333333333333,0.7333333333333333
lasso_poly6_C3,sklearn_regularized,17,6,l1,3,0.7065072849630581,0.7834821428571428,0.65,0.6666666666666666
lasso_poly6_C10,sklearn_regularized,17,6,l1,10,0.8725561467247286,0.7589285714285714,0.6666666666666666,0.6875
lasso_poly6_C30,sklearn_regularized,17,6,l1,30,1.8020344909610637,0.7254464285714286,0.65,0.6666666666666666
lasso_poly6_C100,sklearn_regularized,17,6,l1,100,3.898103483700197,0.6863839285714286,0.6333333333333333,0.6451612903225806
glm_current_simple,statsmodels_glm,18,,none,,0.504416596683345,0.8448660714285715,0.8,0.7857142857142857
glm_best_subset,statsmodels_glm,18,,none,,0.5110638602921657,0.84375,0.7666666666666667,0.7586206896551724
glm_full_degree2,statsmodels_glm,18,,none,,0.5278911718541754,0.8381696428571429,0.8,0.7857142857142857
ridge_poly1_C0.01,sklearn_regularized,18,1,l2,0.01,0.6543680721458391,0.7109375,0.6166666666666667,0.5306122448979592
ridge_poly1_C0.03,sklearn_regularized,18,1,l2,0.03,0.6360697197311943,0.7087053571428572,0.6333333333333333,0.6071428571428571
ridge_poly1_C0.1,sklearn_regularized,18,1,l2,0.1,0.6265805279010899,0.7053571428571428,0.6333333333333333,0.6206896551724138
ridge_poly1_C0.3,sklearn_regularized,18,1,l2,0.3,0.6243964948749247,0.703125,0.6333333333333333,0.6206896551724138
ridge_poly1_C1,sklearn_regularized,18,1,l2,1,0.6239450409357076,0.7008928571428571,0.6333333333333333,0.6206896551724138
ridge_poly1_C3,sklearn_regularized,18,1,l2,3,0.6238669556934412,0.7008928571428571,0.6333333333333333,0.6206896551724138
ridge_poly1_C10,sklearn_regularized,18,1,l2,10,0.6238460706400487,0.7008928571428571,0.6333333333333333,0.6206896551724138
ridge_poly1_C30,sklearn_regularized,18,1,l2,30,0.6238407523956233,0.7008928571428571,0.6333333333333333,0.6206896551724138
ridge_poly1_C100,sklearn_regularized,18,1,l2,100,0.6238389604126654,0.7008928571428571,0.6333333333333333,0.6206896551724138
ridge_poly2_C0.01,sklearn_regularized,18,2,l2,0.01,0.5971670917805335,0.8537946428571429,0.8,0.7692307692307693
ridge_poly2_C0.03,sklearn_regularized,18,2,l2,0.03,0.5495035774047381,0.8482142857142857,0.8166666666666667,0.8
ridge_poly2_C0.1,sklearn_regularized,18,2,l2,0.1,0.5228292992332677,0.8493303571428572,0.8,0.7777777777777778
ridge_poly2_C0.3,sklearn_regularized,18,2,l2,0.3,0.5197033617433927,0.8426339285714286,0.7833333333333333,0.7636363636363637
ridge_poly2_C1,sklearn_regularized,18,2,l2,1,0.5235510412615016,0.8392857142857143,0.8,0.7857142857142857
ridge_poly2_C3,sklearn_regularized,18,2,l2,3,0.5261590628366293,0.8392857142857143,0.8,0.7857142857142857
ridge_poly2_C10,sklearn_regularized,18,2,l2,10,0.5273503666438236,0.8381696428571429,0.8,0.7857142857142857
ridge_poly2_C30,sklearn_regularized,18,2,l2,30,0.5277234780221475,0.8381696428571429,0.8,0.7857142857142857
ridge_poly2_C100,sklearn_regularized,18,2,l2,100,0.5278577774108683,0.8381696428571429,0.8,0.7857142857142857
ridge_poly3_C0.01,sklearn_regularized,18,3,l2,0.01,0.5862920035038499,0.8649553571428572,0.7666666666666667,0.7083333333333334
ridge_poly3_C0.03,sklearn_regularized,18,3,l2,0.03,0.544091354108088,0.8493303571428572,0.7833333333333333,0.7547169811320755
ridge_poly3_C0.1,sklearn_regularized,18,3,l2,0.1,0.5319557055020819,0.8258928571428572,0.7666666666666667,0.7407407407407407
ridge_poly3_C0.3,sklearn_regularized,18,3,l2,0.3,0.5462343647833047,0.8136160714285714,0.7166666666666667,0.6792452830188679
ridge_poly3_C1,sklearn_regularized,18,3,l2,1,0.5676869510617739,0.8058035714285714,0.7,0.6666666666666666
ridge_poly3_C3,sklearn_regularized,18,3,l2,3,0.580782378807916,0.8024553571428571,0.7,0.6666666666666666
ridge_poly3_C10,sklearn_regularized,18,3,l2,10,0.5875123596292963,0.8024553571428571,0.7,0.6666666666666666
ridge_poly3_C30,sklearn_regularized,18,3,l2,30,0.589765815953921,0.7991071428571429,0.7,0.6666666666666666
ridge_poly3_C100,sklearn_regularized,18,3,l2,100,0.5905952237189953,0.7991071428571429,0.7,0.6666666666666666
ridge_poly4_C0.01,sklearn_regularized,18,4,l2,0.01,0.5690564112492328,0.8482142857142858,0.7833333333333333,0.7346938775510204
ridge_poly4_C0.03,sklearn_regularized,18,4,l2,0.03,0.5409177716081931,0.8381696428571428,0.7833333333333333,0.7547169811320755
ridge_poly4_C0.1,sklearn_regularized,18,4,l2,0.1,0.5442715570796525,0.8113839285714285,0.75,0.7169811320754716
ridge_poly4_C0.3,sklearn_regularized,18,4,l2,0.3,0.5749172030036314,0.7957589285714286,0.7333333333333333,0.7142857142857143
ridge_poly4_C1,sklearn_regularized,18,4,l2,1,0.6330597954721051,0.7790178571428571,0.7333333333333333,0.7142857142857143
ridge_poly4_C3,sklearn_regularized,18,4,l2,3,0.7083437281779175,0.7600446428571428,0.6833333333333333,0.6545454545454545
ridge_poly4_C10,sklearn_regularized,18,4,l2,10,0.7998194068059432,0.7455357142857144,0.6833333333333333,0.6545454545454545
ridge_poly4_C30,sklearn_regularized,18,4,l2,30,0.8646573896916812,0.7455357142857143,0.6666666666666666,0.6296296296296297
ridge_poly4_C100,sklearn_regularized,18,4,l2,100,0.9132134387399868,0.7410714285714286,0.6666666666666666,0.6296296296296297
ridge_poly5_C0.01,sklearn_regularized,18,5,l2,0.01,0.5690608675301495,0.8493303571428571,0.7833333333333333,0.7346938775510204
ridge_poly5_C0.03,sklearn_regularized,18,5,l2,0.03,0.5389839238512937,0.8325892857142857,0.7666666666666667,0.7307692307692307
ridge_poly5_C0.1,sklearn_regularized,18,5,l2,0.1,0.5392026311316799,0.8136160714285713,0.7333333333333333,0.7037037037037037
ridge_poly5_C0.3,sklearn_regularized,18,5,l2,0.3,0.5629780256358249,0.8013392857142857,0.7333333333333333,0.7142857142857143
ridge_poly5_C1,sklearn_regularized,18,5,l2,1,0.6046789862723572,0.7779017857142858,0.7166666666666667,0.7017543859649122
ridge_poly5_C3,sklearn_regularized,18,5,l2,3,0.6778410346876196,0.75,0.6833333333333333,0.6666666666666666
ridge_poly5_C10,sklearn_regularized,18,5,l2,10,0.8850916765470772,0.7120535714285714,0.6333333333333333,0.5925925925925926
ridge_poly5_C30,sklearn_regularized,18,5,l2,30,1.3654958074542562,0.6685267857142858,0.6333333333333333,0.6071428571428571
ridge_poly5_C100,sklearn_regularized,18,5,l2,100,2.5006171667943846,0.5915178571428572,0.5833333333333334,0.576271186440678
ridge_poly6_C0.01,sklearn_regularized,18,6,l2,0.01,0.5643510102283024,0.8392857142857143,0.7833333333333333,0.7346938775510204
ridge_poly6_C0.03,sklearn_regularized,18,6,l2,0.03,0.544833701733776,0.8314732142857142,0.7666666666666667,0.7307692307692307
ridge_poly6_C0.1,sklearn_regularized,18,6,l2,0.1,0.5575314244813228,0.8147321428571429,0.7666666666666667,0.7407407407407407
ridge_poly6_C0.3,sklearn_regularized,18,6,l2,0.3,0.6003159243800362,0.7979910714285714,0.75,0.7272727272727273
ridge_poly6_C1,sklearn_regularized,18,6,l2,1,0.6885857506882131,0.7689732142857143,0.7,0.6785714285714286
ridge_poly6_C3,sklearn_regularized,18,6,l2,3,0.8249616763123264,0.7310267857142858,0.65,0.6181818181818182
ridge_poly6_C10,sklearn_regularized,18,6,l2,10,1.076901735866889,0.6975446428571429,0.6333333333333333,0.5925925925925926
ridge_poly6_C30,sklearn_regularized,18,6,l2,30,1.4745332756323597,0.6584821428571428,0.6333333333333333,0.5925925925925926
ridge_poly6_C100,sklearn_regularized,18,6,l2,100,2.3997564443095385,0.6556919642857143,0.6166666666666667,0.5660377358490566
lasso_poly2_C0.01,sklearn_regularized,18,2,l1,0.01,0.6931471805599454,0.5,0.4666666666666667,0.6363636363636364
lasso_poly2_C0.03,sklearn_regularized,18,2,l1,0.03,0.6331605952765763,0.7946428571428571,0.7166666666666667,0.7017543859649122
lasso_poly2_C0.1,sklearn_regularized,18,2,l1,0.1,0.5330237537233999,0.8359375000000001,0.7833333333333333,0.7719298245614035
lasso_poly2_C0.3,sklearn_regularized,18,2,l1,0.3,0.5154774654663032,0.84375,0.8,0.7931034482758621
lasso_poly2_C1,sklearn_regularized,18,2,l1,1,0.5199206309186476,0.8415178571428572,0.8,0.7857142857142857
lasso_poly2_C3,sklearn_regularized,18,2,l1,3,0.5246579225587398,0.8370535714285714,0.8,0.7857142857142857
lasso_poly2_C10,sklearn_regularized,18,2,l1,10,0.5268519189979366,0.8381696428571429,0.8,0.7857142857142857
lasso_poly2_C30,sklearn_regularized,18,2,l1,30,0.5275347724408802,0.8381696428571429,0.8,0.7857142857142857
lasso_poly2_C100,sklearn_regularized,18,2,l1,100,0.5277801018264159,0.8381696428571429,0.8,0.7857142857142857
lasso_poly3_C0.01,sklearn_regularized,18,3,l1,0.01,0.6931471805599454,0.5,0.4666666666666667,0.6363636363636364
lasso_poly3_C0.03,sklearn_regularized,18,3,l1,0.03,0.6331606273984646,0.7946428571428571,0.7166666666666667,0.7017543859649122
lasso_poly3_C0.1,sklearn_regularized,18,3,l1,0.1,0.5330236607487466,0.8359375000000001,0.7833333333333333,0.7719298245614035
lasso_poly3_C0.3,sklearn_regularized,18,3,l1,0.3,0.515117558757679,0.8470982142857143,0.7666666666666667,0.7586206896551724
lasso_poly3_C1,sklearn_regularized,18,3,l1,1,0.5495538658255653,0.8102678571428571,0.7333333333333333,0.7037037037037037
lasso_poly3_C3,sklearn_regularized,18,3,l1,3,0.5706129606694742,0.8035714285714285,0.7,0.6666666666666666
lasso_poly3_C10,sklearn_regularized,18,3,l1,10,0.5836185328821775,0.8013392857142857,0.7,0.6666666666666666
lasso_poly3_C30,sklearn_regularized,18,3,l1,30,0.5883056280220937,0.8013392857142857,0.7,0.6666666666666666
lasso_poly3_C100,sklearn_regularized,18,3,l1,100,0.5899908518288616,0.7991071428571429,0.7,0.6666666666666666
lasso_poly4_C0.01,sklearn_regularized,18,4,l1,0.01,0.6931471805599454,0.5,0.4666666666666667,0.6363636363636364
lasso_poly4_C0.03,sklearn_regularized,18,4,l1,0.03,0.6331601539519941,0.7946428571428571,0.7166666666666667,0.7017543859649122
lasso_poly4_C0.1,sklearn_regularized,18,4,l1,0.1,0.5330237315948284,0.8359375000000001,0.7833333333333333,0.7719298245614035
lasso_poly4_C0.3,sklearn_regularized,18,4,l1,0.3,0.5197126250125701,0.8325892857142857,0.7833333333333333,0.7719298245614035
lasso_poly4_C1,sklearn_regularized,18,4,l1,1,0.6204831102302314,0.7845982142857142,0.7,0.6785714285714286
lasso_poly4_C3,sklearn_regularized,18,4,l1,3,0.7499589910196058,0.7611607142857143,0.6666666666666666,0.6428571428571429
lasso_poly4_C10,sklearn_regularized,18,4,l1,10,0.8438310928955634,0.7455357142857143,0.6666666666666666,0.6296296296296297
lasso_poly4_C30,sklearn_regularized,18,4,l1,30,0.9041833394387749,0.7410714285714286,0.6666666666666666,0.6296296296296297
lasso_poly4_C100,sklearn_regularized,18,4,l1,100,0.9301062790664658,0.7377232142857142,0.6666666666666666,0.6296296296296297
lasso_poly5_C0.01,sklearn_regularized,18,5,l1,0.01,0.6931471805599454,0.5,0.4666666666666667,0.6363636363636364
lasso_poly5_C0.03,sklearn_regularized,18,5,l1,0.03,0.6331597916903031,0.7946428571428571,0.7166666666666667,0.7017543859649122
lasso_poly5_C0.1,sklearn_regularized,18,5,l1,0.1,0.5330312509872385,0.8359375000000001,0.7833333333333333,0.7719298245614035
lasso_poly5_C0.3,sklearn_regularized,18,5,l1,0.3,0.5190174037355687,0.8337053571428571,0.7833333333333333,0.7719298245614035
lasso_poly5_C1,sklearn_regularized,18,5,l1,1,0.6186855826515717,0.8002232142857143,0.75,0.7368421052631579
lasso_poly5_C3,sklearn_regularized,18,5,l1,3,0.8206965331604604,0.7399553571428571,0.7166666666666667,0.7017543859649122
lasso_poly5_C10,sklearn_regularized,18,5,l1,10,1.3924744254958283,0.6662946428571428,0.6166666666666667,0.5964912280701754
lasso_poly5_C30,sklearn_regularized,18,5,l1,30,2.79345921985427,0.5876116071428572,0.5833333333333334,0.576271186440678
lasso_poly5_C100,sklearn_regularized,18,5,l1,100,2.994712583539417,0.5786830357142857,0.5833333333333334,0.576271186440678
lasso_poly6_C0.01,sklearn_regularized,18,6,l1,0.01,0.6931471805599454,0.5,0.4666666666666667,0.6363636363636364
lasso_poly6_C0.03,sklearn_regularized,18,6,l1,0.03,0.6331605952765763,0.7946428571428571,0.7166666666666667,0.7017543859649122
lasso_poly6_C0.1,sklearn_regularized,18,6,l1,0.1,0.5330241471638676,0.8359375000000001,0.7833333333333333,0.7719298245614035
lasso_poly6_C0.3,sklearn_regularized,18,6,l1,0.3,0.5213775840247928,0.8359375,0.7833333333333333,0.7719298245614035
lasso_poly6_C1,sklearn_regularized,18,6,l1,1,0.6399426359571175,0.7879464285714286,0.75,0.7368421052631579
lasso_poly6_C3,sklearn_regularized,18,6,l1,3,0.8542116931690134,0.7254464285714286,0.65,0.6181818181818182
lasso_poly6_C10,sklearn_regularized,18,6,l1,10,1.491436430988214,0.6875,0.6333333333333333,0.5769230769230769
lasso_poly6_C30,sklearn_regularized,18,6,l1,30,3.055029952144817,0.6177455357142857,0.5833333333333334,0.5283018867924528
lasso_poly6_C100,sklearn_regularized,18,6,l1,100,3.340006833201465,0.6595982142857143,0.6,0.5384615384615384
glm_current_simple,statsmodels_glm,19,,none,,0.4664614133462435,0.8565072302558399,0.75,0.7540983606557377
glm_best_subset,statsmodels_glm,19,,none,,0.4659059654315039,0.8665183537263627,0.7666666666666667,0.7586206896551724
glm_full_degree2,statsmodels_glm,19,,none,,0.4606566705330106,0.870967741935484,0.7666666666666667,0.7586206896551724
ridge_poly1_C0.01,sklearn_regularized,19,1,l2,0.01,0.6400451428243006,0.7719688542825361,0.6666666666666666,0.6
ridge_poly1_C0.03,sklearn_regularized,19,1,l2,0.03,0.6108787950392098,0.7719688542825361,0.6833333333333333,0.6545454545454545
ridge_poly1_C0.1,sklearn_regularized,19,1,l2,0.1,0.5916720034997369,0.7730812013348165,0.6833333333333333,0.6666666666666666
ridge_poly1_C0.3,sklearn_regularized,19,1,l2,0.3,0.5846706184483151,0.7741935483870968,0.6833333333333333,0.6666666666666666
ridge_poly1_C1,sklearn_regularized,19,1,l2,1,0.5820290908216414,0.7753058954393771,0.6833333333333333,0.6666666666666666
ridge_poly1_C3,sklearn_regularized,19,1,l2,3,0.5812589195619499,0.7753058954393771,0.6833333333333333,0.6666666666666666
ridge_poly1_C10,sklearn_regularized,19,1,l2,10,0.5809878697164064,0.7753058954393771,0.6833333333333333,0.6666666666666666
ridge_poly1_C30,sklearn_regularized,19,1,l2,30,0.5809102898650618,0.7753058954393771,0.6833333333333333,0.6666666666666666
ridge_poly1_C100,sklearn_regularized,19,1,l2,100,0.5808831227117445,0.7753058954393771,0.6833333333333333,0.6666666666666666
ridge_poly2_C0.01,sklearn_regularized,19,2,l2,0.01,0.6009003531109024,0.8565072302558399,0.7166666666666667,0.6792452830188679
ridge_poly2_C0.03,sklearn_regularized,19,2,l2,0.03,0.5437582677237688,0.8587319243604005,0.7666666666666667,0.75
ridge_poly2_C0.1,sklearn_regularized,19,2,l2,0.1,0.4964199250922919,0.8654060066740823,0.7666666666666667,0.7586206896551724
ridge_poly2_C0.3,sklearn_regularized,19,2,l2,0.3,0.47425003399248616,0.8709677419354839,0.7666666666666667,0.7586206896551724
ridge_poly2_C1,sklearn_regularized,19,2,l2,1,0.4648814641617531,0.8720800889877642,0.7666666666666667,0.7586206896551724
ridge_poly2_C3,sklearn_regularized,19,2,l2,3,0.46207129059490415,0.870967741935484,0.7666666666666667,0.7586206896551724
ridge_poly2_C10,sklearn_regularized,19,2,l2,10,0.46107848494712017,0.870967741935484,0.7666666666666667,0.7586206896551724
ridge_poly2_C30,sklearn_regularized,19,2,l2,30,0.460794659550496,0.870967741935484,0.7666666666666667,0.7586206896551724
ridge_poly2_C100,sklearn_regularized,19,2,l2,100,0.46069532639493366,0.870967741935484,0.7666666666666667,0.7586206896551724
ridge_poly3_C0.01,sklearn_regularized,19,3,l2,0.01,0.5956591916818436,0.832035595105673,0.7166666666666667,0.6792452830188679
ridge_poly3_C0.03,sklearn_regularized,19,3,l2,0.03,0.5432591603258394,0.8565072302558399,0.75,0.7272727272727273
ridge_poly3_C0.1,sklearn_regularized,19,3,l2,0.1,0.5011365864924849,0.8520578420467186,0.8,0.7857142857142857
ridge_poly3_C0.3,sklearn_regularized,19,3,l2,0.3,0.48796792564664115,0.8442714126807565,0.7833333333333333,0.7636363636363637
ridge_poly3_C1,sklearn_regularized,19,3,l2,1,0.4900218314355616,0.842046718576196,0.7833333333333333,0.7719298245614035
ridge_poly3_C3,sklearn_regularized,19,3,l2,3,0.4941179677103831,0.8387096774193549,0.7833333333333333,0.7719298245614035
ridge_poly3_C10,sklearn_regularized,19,3,l2,10,0.4966933980286219,0.8375973303670745,0.7833333333333333,0.7719298245614035
ridge_poly3_C30,sklearn_regularized,19,3,l2,30,0.4975967425033598,0.8364849833147943,0.7833333333333333,0.7719298245614035
ridge_poly3_C100,sklearn_regularized,19,3,l2,100,0.4979316313060771,0.8375973303670745,0.7833333333333333,0.7719298245614035
ridge_poly4_C0.01,sklearn_regularized,19,4,l2,0.01,0.5779780047567428,0.8609566184649611,0.7,0.625
ridge_poly4_C0.03,sklearn_regularized,19,4,l2,0.03,0.5261730440213025,0.8709677419354839,0.7666666666666667,0.7407407407407407
ridge_poly4_C0.1,sklearn_regularized,19,4,l2,0.1,0.49075531463183203,0.8609566184649611,0.7666666666666667,0.7407407407407407
ridge_poly4_C0.3,sklearn_regularized,19,4,l2,0.3,0.4841792185638383,0.8587319243604005,0.7666666666666667,0.7407407407407407
ridge_poly4_C1,sklearn_regularized,19,4,l2,1,0.49858415520545996,0.8442714126807565,0.7666666666666667,0.75
ridge_poly4_C3,sklearn_regularized,19,4,l2,3,0.5243113386481355,0.8331479421579533,0.75,0.7368421052631579
ridge_poly4_C10,sklearn_regularized,19,4,l2,10,0.5642921934061552,0.8320355951056729,0.7666666666666667,0.75
ridge_poly4_C30,sklearn_regularized,19,4,l2,30,0.6001463385761234,0.8242491657397107,0.7666666666666667,0.75
ridge_poly4_C100,sklearn_regularized,19,4,l2,100,0.6242621914007973,0.82202447163515,0.75,0.7368421052631579
ridge_poly5_C0.01,sklearn_regularized,19,5,l2,0.01,0.5769038391566584,0.8576195773081201,0.7,0.625
ridge_poly5_C0.03,sklearn_regularized,19,5,l2,0.03,0.5252684002807168,0.8654060066740823,0.7666666666666667,0.7407407407407407
ridge_poly5_C0.1,sklearn_regularized,19,5,l2,0.1,0.4914788718500516,0.8620689655172413,0.7666666666666667,0.7407407407407407
ridge_poly5_C0.3,sklearn_regularized,19,5,l2,0.3,0.48738369912974167,0.8531701890989989,0.7666666666666667,0.7407407407407407
ridge_poly5_C1,sklearn_regularized,19,5,l2,1,0.5100959511667453,0.8331479421579532,0.7666666666666667,0.7407407407407407
ridge_poly5_C3,sklearn_regularized,19,5,l2,3,0.562571875806893,0.8153503893214683,0.75,0.7272727272727273
ridge_poly5_C10,sklearn_regularized,19,5,l2,10,0.677942647449891,0.7953281423804227,0.7,0.6666666666666666
ridge_poly5_C30,sklearn_regularized,19,5,l2,30,0.8708026689844988,0.7697441601779755,0.7166666666666667,0.6909090909090909
ridge_poly5_C100,sklearn_regularized,19,5,l2,100,1.2061439624800179,0.7474972191323693,0.7,0.6896551724137931
ridge_poly6_C0.01,sklearn_regularized,19,6,l2,0.01,0.5713138125446362,0.8587319243604005,0.7333333333333333,0.6521739130434783
ridge_poly6_C0.03,sklearn_regularized,19,6,l2,0.03,0.5219268736420609,0.8709677419354839,0.7666666666666667,0.7407407407407407
ridge_poly6_C0.1,sklearn_regularized,19,6,l2,0.1,0.48726128201062185,0.8665183537263625,0.7666666666666667,0.7407407407407407
ridge_poly6_C0.3,sklearn_regularized,19,6,l2,0.3,0.4802972874913639,0.8620689655172413,0.7666666666666667,0.7407407407407407
ridge_poly6_C1,sklearn_regularized,19,6,l2,1,0.50152089911367,0.8398220244716351,0.7666666666666667,0.7407407407407407
ridge_poly6_C3,sklearn_regularized,19,6,l2,3,0.5636470066958527,0.8231368186874304,0.75,0.7272727272727273
ridge_poly6_C10,sklearn_regularized,19,6,l2,10,0.7104181991144951,0.8031145717463848,0.7333333333333333,0.6923076923076923
ridge_poly6_C30,sklearn_regularized,19,6,l2,30,0.9335784848175871,0.778642936596218,0.7,0.6666666666666666
ridge_poly6_C100,sklearn_regularized,19,6,l2,100,1.263197150660877,0.7497219132369298,0.7166666666666667,0.6909090909090909
lasso_poly2_C0.01,sklearn_regularized,19,2,l1,0.01,0.6931471805599454,0.5,0.48333333333333334,0.651685393258427
lasso_poly2_C0.03,sklearn_regularized,19,2,l1,0.03,0.6521182441331982,0.8120133481646274,0.75,0.7368421052631579
lasso_poly2_C0.1,sklearn_regularized,19,2,l1,0.1,0.5301458698583407,0.8420467185761958,0.7833333333333333,0.7868852459016393
lasso_poly2_C0.3,sklearn_regularized,19,2,l1,0.3,0.487706937585762,0.8609566184649611,0.7833333333333333,0.7868852459016393
lasso_poly2_C1,sklearn_regularized,19,2,l1,1,0.46937728011565594,0.864293659621802,0.7666666666666667,0.7666666666666667
lasso_poly2_C3,sklearn_regularized,19,2,l1,3,0.46334791881873333,0.8709677419354839,0.7666666666666667,0.7586206896551724
lasso_poly2_C10,sklearn_regularized,19,2,l1,10,0.46144355177361124,0.870967741935484,0.7666666666666667,0.7586206896551724
lasso_poly2_C30,sklearn_regularized,19,2,l1,30,0.4609206160139357,0.870967741935484,0.7666666666666667,0.7586206896551724
lasso_poly2_C100,sklearn_regularized,19,2,l1,100,0.4607398762199007,0.870967741935484,0.7666666666666667,0.7586206896551724
lasso_poly3_C0.01,sklearn_regularized,19,3,l1,0.01,0.6931471805599454,0.5,0.48333333333333334,0.651685393258427
lasso_poly3_C0.03,sklearn_regularized,19,3,l1,0.03,0.6521195288032542,0.8109010011123471,0.75,0.7368421052631579
lasso_poly3_C0.1,sklearn_regularized,19,3,l1,0.1,0.5322856365694638,0.8398220244716352,0.7833333333333333,0.7868852459016393
lasso_poly3_C0.3,sklearn_regularized,19,3,l1,0.3,0.4963123946877626,0.8509454949944383,0.7666666666666667,0.7586206896551724
lasso_poly3_C1,sklearn_regularized,19,3,l1,1,0.4815375624951355,0.8464961067853171,0.7833333333333333,0.7719298245614035
lasso_poly3_C3,sklearn_regularized,19,3,l1,3,0.4901607502565766,0.8387096774193549,0.7833333333333333,0.7719298245614035
lasso_poly3_C10,sklearn_regularized,19,3,l1,10,0.49569633427379844,0.8375973303670745,0.7833333333333333,0.7719298245614035
lasso_poly3_C30,sklearn_regularized,19,3,l1,30,0.49732561682229764,0.8364849833147943,0.7833333333333333,0.7719298245614035
lasso_poly3_C100,sklearn_regularized,19,3,l1,100,0.49779994940917577,0.8364849833147943,0.7833333333333333,0.7719298245614035
lasso_poly4_C0.01,sklearn_regularized,19,4,l1,0.01,0.6931471805599454,0.5,0.48333333333333334,0.651685393258427
lasso_poly4_C0.03,sklearn_regularized,19,4,l1,0.03,0.65211851699852,0.8120133481646274,0.75,0.7368421052631579
lasso_poly4_C0.1,sklearn_regularized,19,4,l1,0.1,0.5322628739275033,0.8398220244716352,0.7833333333333333,0.7868852459016393
lasso_poly4_C0.3,sklearn_regularized,19,4,l1,0.3,0.48208152802926807,0.8698553948832035,0.7833333333333333,0.7796610169491526
lasso_poly4_C1,sklearn_regularized,19,4,l1,1,0.48525148861857226,0.8553948832035596,0.75,0.7169811320754716
lasso_poly4_C3,sklearn_regularized,19,4,l1,3,0.5311233038569416,0.8364849833147942,0.7666666666666667,0.7407407407407407
lasso_poly4_C10,sklearn_regularized,19,4,l1,10,0.5788822516977203,0.8309232480533926,0.7666666666666667,0.75
lasso_poly4_C30,sklearn_regularized,19,4,l1,30,0.6093227857401036,0.8253615127919911,0.7666666666666667,0.75
lasso_poly4_C100,sklearn_regularized,19,4,l1,100,0.6290795198549702,0.8209121245828699,0.75,0.7368421052631579
lasso_poly5_C0.01,sklearn_regularized,19,5,l1,0.01,0.6931471805599454,0.5,0.48333333333333334,0.651685393258427
lasso_poly5_C0.03,sklearn_regularized,19,5,l1,0.03,0.6521196960948856,0.8109010011123471,0.75,0.7368421052631579
lasso_poly5_C0.1,sklearn_regularized,19,5,l1,0.1,0.5322766222153558,0.8398220244716352,0.7833333333333333,0.7868852459016393
lasso_poly5_C0.3,sklearn_regularized,19,5,l1,0.3,0.48340477481855965,0.8698553948832035,0.7833333333333333,0.7796610169491526
lasso_poly5_C1,sklearn_regularized,19,5,l1,1,0.47500169533724373,0.8665183537263627,0.7666666666666667,0.7307692307692307
lasso_poly5_C3,sklearn_regularized,19,5,l1,3,0.5609492424274627,0.8231368186874305,0.75,0.7169811320754716
lasso_poly5_C10,sklearn_regularized,19,5,l1,10,0.8924500190604024,0.7697441601779755,0.75,0.7368421052631579
lasso_poly5_C30,sklearn_regularized,19,5,l1,30,1.4295234575135156,0.728587319243604,0.7,0.7
lasso_poly5_C100,sklearn_regularized,19,5,l1,100,1.85208144235599,0.71412680756396,0.7,0.6896551724137931
lasso_poly6_C0.01,sklearn_regularized,19,6,l1,0.01,0.6931471805599454,0.5,0.48333333333333334,0.651685393258427
lasso_poly6_C0.03,sklearn_regularized,19,6,l1,0.03,0.652118193670712,0.8120133481646274,0.75,0.7368421052631579
lasso_poly6_C0.1,sklearn_regularized,19,6,l1,0.1,0.532301983253788,0.8398220244716352,0.7833333333333333,0.7868852459016393
lasso_poly6_C0.3,sklearn_regularized,19,6,l1,0.3,0.4832001435068481,0.8698553948832035,0.7833333333333333,0.7796610169491526
lasso_poly6_C1,sklearn_regularized,19,6,l1,1,0.46989923008393114,0.8698553948832036,0.7666666666666667,0.7307692307692307
lasso_poly6_C3,sklearn_regularized,19,6,l1,3,0.5373808434287736,0.8309232480533927,0.75,0.7169811320754716
lasso_poly6_C10,sklearn_regularized,19,6,l1,10,0.9159334110409745,0.7686318131256953,0.75,0.7368421052631579
lasso_poly6_C30,sklearn_regularized,19,6,l1,30,1.4827828239147285,0.746384872080089,0.7166666666666667,0.7017543859649122
lasso_poly6_C100,sklearn_regularized,19,6,l1,100,2.4524940092915344,0.7030033370411569,0.6833333333333333,0.6545454545454545
glm_current_simple,statsmodels_glm,20,,none,,0.6905794397390929,0.71412680756396,0.65,0.6181818181818182
glm_best_subset,statsmodels_glm,20,,none,,0.7057162934112758,0.7063403781979979,0.6333333333333333,0.6206896551724138
glm_full_degree2,statsmodels_glm,20,,none,,0.7165627349211234,0.710789766407119,0.6166666666666667,0.6101694915254238
ridge_poly1_C0.01,sklearn_regularized,20,1,l2,0.01,0.6786593869399538,0.6062291434927697,0.6166666666666667,0.4888888888888889
ridge_poly1_C0.03,sklearn_regularized,20,1,l2,0.03,0.6800980390456253,0.6062291434927697,0.5666666666666667,0.48
ridge_poly1_C0.1,sklearn_regularized,20,1,l2,0.1,0.6904493456428625,0.6062291434927697,0.5333333333333333,0.46153846153846156
ridge_poly1_C0.3,sklearn_regularized,20,1,l2,0.3,0.6988090295095248,0.60734149054505,0.5333333333333333,0.46153846153846156
ridge_poly1_C1,sklearn_regularized,20,1,l2,1,0.7032254620749333,0.60734149054505,0.5333333333333333,0.46153846153846156
ridge_poly1_C3,sklearn_regularized,20,1,l2,3,0.7047036620689227,0.60734149054505,0.5333333333333333,0.46153846153846156
ridge_poly1_C10,sklearn_regularized,20,1,l2,10,0.7052480951049983,0.60734149054505,0.5333333333333333,0.46153846153846156
ridge_poly1_C30,sklearn_regularized,20,1,l2,30,0.7054063769188655,0.60734149054505,0.5333333333333333,0.46153846153846156
ridge_poly1_C100,sklearn_regularized,20,1,l2,100,0.7054620677462233,0.60734149054505,0.5333333333333333,0.46153846153846156
ridge_poly2_C0.01,sklearn_regularized,20,2,l2,0.01,0.6385446434370867,0.6963292547274751,0.65,0.6181818181818182
ridge_poly2_C0.03,sklearn_regularized,20,2,l2,0.03,0.6238057933507368,0.6985539488320355,0.6166666666666667,0.5964912280701754
ridge_poly2_C0.1,sklearn_regularized,20,2,l2,0.1,0.6373290165452408,0.707452725250278,0.6166666666666667,0.6101694915254238
ridge_poly2_C0.3,sklearn_regularized,20,2,l2,0.3,0.6670183708818818,0.7130144605116796,0.6166666666666667,0.6101694915254238
ridge_poly2_C1,sklearn_regularized,20,2,l2,1,0.6951562029318359,0.7096774193548387,0.6166666666666667,0.6101694915254238
ridge_poly2_C3,sklearn_regularized,20,2,l2,3,0.7083002532214426,0.7119021134593994,0.6166666666666667,0.6101694915254238
ridge_poly2_C10,sklearn_regularized,20,2,l2,10,0.7139563176909205,0.710789766407119,0.6166666666666667,0.6101694915254238
ridge_poly2_C30,sklearn_regularized,20,2,l2,30,0.7156951789338327,0.710789766407119,0.6166666666666667,0.6101694915254238
ridge_poly2_C100,sklearn_regularized,20,2,l2,100,0.7163178953836111,0.710789766407119,0.6166666666666667,0.6101694915254238
ridge_poly3_C0.01,sklearn_regularized,20,3,l2,0.01,0.6398398254228801,0.6829810901001112,0.6833333333333333,0.6415094339622641
ridge_poly3_C0.03,sklearn_regularized,20,3,l2,0.03,0.6411330859654815,0.6818687430478308,0.6166666666666667,0.5964912280701754
ridge_poly3_C0.1,sklearn_regularized,20,3,l2,0.1,0.6924413636912604,0.6674082313681869,0.6,0.5862068965517241
ridge_poly3_C0.3,sklearn_regularized,20,3,l2,0.3,0.7784506790269409,0.6529477196885428,0.6,0.5862068965517241
ridge_poly3_C1,sklearn_regularized,20,3,l2,1,0.8723855567234741,0.646273637374861,0.6,0.5862068965517241
ridge_poly3_C3,sklearn_regularized,20,3,l2,3,0.926181273599715,0.6418242491657398,0.6166666666666667,0.5964912280701754
ridge_poly3_C10,sklearn_regularized,20,3,l2,10,0.9567368903816568,0.6362625139043381,0.6166666666666667,0.5964912280701754
ridge_poly3_C30,sklearn_regularized,20,3,l2,30,0.9676241258056897,0.6373748609566184,0.6166666666666667,0.5964912280701754
ridge_poly3_C100,sklearn_regularized,20,3,l2,100,0.9717761753588442,0.6384872080088988,0.6166666666666667,0.5964912280701754
ridge_poly4_C0.01,sklearn_regularized,20,4,l2,0.01,0.6184104080507198,0.7063403781979978,0.6666666666666666,0.6296296296296297
ridge_poly4_C0.03,sklearn_regularized,20,4,l2,0.03,0.6275416650112356,0.6929922135706341,0.6166666666666667,0.5964912280701754
ridge_poly4_C0.1,sklearn_regularized,20,4,l2,0.1,0.6940629661197169,0.6707452725250278,0.5833333333333334,0.5614035087719298
ridge_poly4_C0.3,sklearn_regularized,20,4,l2,0.3,0.7994985328559515,0.6651835372636263,0.6,0.5714285714285714
ridge_poly4_C1,sklearn_regularized,20,4,l2,1,0.9291857522688404,0.6696329254727476,0.6166666666666667,0.5964912280701754
ridge_poly4_C3,sklearn_regularized,20,4,l2,3,1.0786930286506027,0.6941045606229144,0.6333333333333333,0.6206896551724138
ridge_poly4_C10,sklearn_regularized,20,4,l2,10,1.329052777317732,0.7041156840934373,0.65,0.6557377049180327
ridge_poly4_C30,sklearn_regularized,20,4,l2,30,1.3917040360247321,0.6985539488320355,0.6666666666666666,0.6666666666666666
ridge_poly4_C100,sklearn_regularized,20,4,l2,100,1.4300506484964435,0.6902113459399333,0.6666666666666666,0.6666666666666666
ridge_poly5_C0.01,sklearn_regularized,20,5,l2,0.01,0.6243998752938644,0.6963292547274749,0.6666666666666666,0.6296296296296297
ridge_poly5_C0.03,sklearn_regularized,20,5,l2,0.03,0.6458197978017691,0.6874304783092324,0.6,0.5862068965517241
ridge_poly5_C0.1,sklearn_regularized,20,5,l2,0.1,0.7194296244881434,0.6629588431590656,0.5833333333333334,0.5614035087719298
ridge_poly5_C0.3,sklearn_regularized,20,5,l2,0.3,0.7782769490196675,0.6618464961067854,0.6,0.5714285714285714
ridge_poly5_C1,sklearn_regularized,20,5,l2,1,0.7647643573702356,0.6863181312569522,0.65,0.631578947368421
ridge_poly5_C3,sklearn_regularized,20,5,l2,3,0.7936037650126686,0.6996662958843158,0.6666666666666666,0.6551724137931034
ridge_poly5_C10,sklearn_regularized,20,5,l2,10,0.9168580890645265,0.6751946607341491,0.6666666666666666,0.6551724137931034
ridge_poly5_C30,sklearn_regularized,20,5,l2,30,1.142063595065756,0.6362625139043382,0.6333333333333333,0.6206896551724138
ridge_poly5_C100,sklearn_regularized,20,5,l2,100,1.724425163070333,0.6173526140155728,0.6333333333333333,0.6206896551724138
ridge_poly6_C0.01,sklearn_regularized,20,6,l2,0.01,0.6198015584986114,0.6985539488320356,0.65,0.6181818181818182
ridge_poly6_C0.03,sklearn_regularized,20,6,l2,0.03,0.6479270388280335,0.675194660734149,0.5833333333333334,0.5614035087719298
ridge_poly6_C0.1,sklearn_regularized,20,6,l2,0.1,0.7430975035150778,0.649610678531702,0.5833333333333334,0.5614035087719298
ridge_poly6_C0.3,sklearn_regularized,20,6,l2,0.3,0.8401935954956692,0.6529477196885428,0.6166666666666667,0.5818181818181818
ridge_poly6_C1,sklearn_regularized,20,6,l2,1,0.8854429601771162,0.6674082313681868,0.65,0.631578947368421
ridge_poly6_C3,sklearn_regularized,20,6,l2,3,0.9601268782498031,0.6662958843159066,0.6333333333333333,0.6333333333333333
ridge_poly6_C10,sklearn_regularized,20,6,l2,10,1.1434673018608452,0.6507230255839822,0.6333333333333333,0.6451612903225806
ridge_poly6_C30,sklearn_regularized,20,6,l2,30,1.5060031212027576,0.6551724137931034,0.6333333333333333,0.6333333333333333
ridge_poly6_C100,sklearn_regularized,20,6,l2,100,2.00180231830647,0.6501668520578421,0.6,0.6129032258064516
lasso_poly2_C0.01,sklearn_regularized,20,2,l1,0.01,0.6931471805599454,0.5,0.48333333333333334,0.651685393258427
lasso_poly2_C0.03,sklearn_regularized,20,2,l1,0.03,0.6528576112197703,0.6885428253615128,0.65,0.631578947368421
lasso_poly2_C0.1,sklearn_regularized,20,2,l1,0.1,0.6285047414164813,0.6941045606229144,0.6333333333333333,0.6071428571428571
lasso_poly2_C0.3,sklearn_regularized,20,2,l1,0.3,0.6600937673999959,0.7063403781979978,0.6333333333333333,0.6333333333333333
lasso_poly2_C1,sklearn_regularized,20,2,l1,1,0.6901571558026522,0.7085650723025583,0.6166666666666667,0.6101694915254238
lasso_poly2_C3,sklearn_regularized,20,2,l1,3,0.706394159542118,0.710789766407119,0.6166666666666667,0.6101694915254238
lasso_poly2_C10,sklearn_regularized,20,2,l1,10,0.7133394718643483,0.710789766407119,0.6166666666666667,0.6101694915254238
lasso_poly2_C30,sklearn_regularized,20,2,l1,30,0.7154691115743558,0.710789766407119,0.6166666666666667,0.6101694915254238
lasso_poly2_C100,sklearn_regularized,20,2,l1,100,0.7162292217548489,0.710789766407119,0.6166666666666667,0.6101694915254238
lasso_poly3_C0.01,sklearn_regularized,20,3,l1,0.01,0.6931471805599454,0.5,0.48333333333333334,0.651685393258427
lasso_poly3_C0.03,sklearn_regularized,20,3,l1,0.03,0.6528562040338944,0.6885428253615128,0.65,0.631578947368421
lasso_poly3_C0.1,sklearn_regularized,20,3,l1,0.1,0.6283867064570519,0.6941045606229144,0.6333333333333333,0.6071428571428571
lasso_poly3_C0.3,sklearn_regularized,20,3,l1,0.3,0.6695236686660943,0.6963292547274751,0.6333333333333333,0.6206896551724138
lasso_poly3_C1,sklearn_regularized,20,3,l1,1,0.8172839739743457,0.6551724137931035,0.6,0.5862068965517241
lasso_poly3_C3,sklearn_regularized,20,3,l1,3,0.9048767664880618,0.6418242491657398,0.6166666666666667,0.5964912280701754
lasso_poly3_C10,sklearn_regularized,20,3,l1,10,0.9515832315436185,0.6373748609566183,0.6166666666666667,0.5964912280701754
lasso_poly3_C30,sklearn_regularized,20,3,l1,30,0.9661311986236865,0.6384872080088988,0.6166666666666667,0.5964912280701754
lasso_poly3_C100,sklearn_regularized,20,3,l1,100,0.9713575186005298,0.6384872080088988,0.6166666666666667,0.5964912280701754
lasso_poly4_C0.01,sklearn_regularized,20,4,l1,0.01,0.6931471805599454,0.5,0.48333333333333334,0.651685393258427
lasso_poly4_C0.03,sklearn_regularized,20,4,l1,0.03,0.652856632755994,0.6885428253615128,0.65,0.631578947368421
lasso_poly4_C0.1,sklearn_regularized,20,4,l1,0.1,0.6289398828520151,0.6852057842046718,0.6333333333333333,0.6071428571428571
lasso_poly4_C0.3,sklearn_regularized,20,4,l1,0.3,0.660412604752997,0.6929922135706341,0.6,0.5714285714285714
lasso_poly4_C1,sklearn_regularized,20,4,l1,1,0.8219637056906173,0.6629588431590656,0.6333333333333333,0.6071428571428571
lasso_poly4_C3,sklearn_regularized,20,4,l1,3,1.0793899825549034,0.6774193548387097,0.6666666666666666,0.6551724137931034
lasso_poly4_C10,sklearn_regularized,20,4,l1,10,1.3721756723746925,0.699666295884316,0.65,0.6557377049180327
lasso_poly4_C30,sklearn_regularized,20,4,l1,30,1.4193070090552478,0.6991101223581757,0.6666666666666666,0.6666666666666666
lasso_poly4_C100,sklearn_regularized,20,4,l1,100,1.4402146724857077,0.6913236929922135,0.6666666666666666,0.6666666666666666
lasso_poly5_C0.01,sklearn_regularized,20,5,l1,0.01,0.6931471805599454,0.5,0.48333333333333334,0.651685393258427
lasso_poly5_C0.03,sklearn_regularized,20,5,l1,0.03,0.6528556789396788,0.6885428253615128,0.65,0.631578947368421
lasso_poly5_C0.1,sklearn_regularized,20,5,l1,0.1,0.6289501027370026,0.6852057842046718,0.6333333333333333,0.6071428571428571
lasso_poly5_C0.3,sklearn_regularized,20,5,l1,0.3,0.6604617742639148,0.6929922135706341,0.6,0.5714285714285714
lasso_poly5_C1,sklearn_regularized,20,5,l1,1,0.811289656065734,0.6707452725250279,0.6166666666666667,0.5818181818181818
lasso_poly5_C3,sklearn_regularized,20,5,l1,3,1.0527505021654333,0.6273637374860956,0.6166666666666667,0.5964912280701754
lasso_poly5_C10,sklearn_regularized,20,5,l1,10,1.1017021037100378,0.6707452725250277,0.65,0.6440677966101694
lasso_poly5_C30,sklearn_regularized,20,5,l1,30,1.837607973944854,0.6134593993325919,0.6166666666666667,0.5964912280701754
lasso_poly5_C100,sklearn_regularized,20,5,l1,100,2.1150732291072094,0.6090100111234706,0.6,0.5862068965517241
lasso_poly6_C0.01,sklearn_regularized,20,6,l1,0.01,0.6931471805599454,0.5,0.48333333333333334,0.651685393258427
lasso_poly6_C0.03,sklearn_regularized,20,6,l1,0.03,0.6528556591808512,0.6885428253615128,0.65,0.631578947368421
lasso_poly6_C0.1,sklearn_regularized,20,6,l1,0.1,0.6289298709208723,0.6852057842046718,0.6333333333333333,0.6071428571428571
lasso_poly6_C0.3,sklearn_regularized,20,6,l1,0.3,0.6606527183677838,0.6918798665183536,0.5833333333333334,0.5614035087719298
lasso_poly6_C1,sklearn_regularized,20,6,l1,1,0.8372550148464515,0.6607341490545051,0.6166666666666667,0.5818181818181818
lasso_poly6_C3,sklearn_regularized,20,6,l1,3,1.2794185516652614,0.6440489432703004,0.6333333333333333,0.6333333333333333
lasso_poly6_C10,sklearn_regularized,20,6,l1,10,1.7008839390037025,0.6329254727474973,0.6166666666666667,0.6101694915254238
lasso_poly6_C30,sklearn_regularized,20,6,l1,30,2.322309798652202,0.6507230255839822,0.5666666666666667,0.5806451612903226
lasso_poly6_C100,sklearn_regularized,20,6,l1,100,3.6612719039183057,0.6535038932146829,0.6,0.6129032258064516
glm_current_simple,statsmodels_glm,21,,none,,0.5077387342252229,0.828125,0.7333333333333333,0.6923076923076923
glm_best_subset,statsmodels_glm,21,,none,,0.4980110427537558,0.8270089285714286,0.7166666666666667,0.6666666666666666
glm_full_degree2,statsmodels_glm,21,,none,,0.49207616502338075,0.8359375,0.7166666666666667,0.6666666666666666
ridge_poly1_C0.01,sklearn_regularized,21,1,l2,0.01,0.6392250595370018,0.7901785714285714,0.6666666666666666,0.5
ridge_poly1_C0.03,sklearn_regularized,21,1,l2,0.03,0.6093401761167941,0.7901785714285714,0.6666666666666666,0.5454545454545454
ridge_poly1_C0.1,sklearn_regularized,21,1,l2,0.1,0.5885879439342704,0.7901785714285714,0.6666666666666666,0.5652173913043478
ridge_poly1_C0.3,sklearn_regularized,21,1,l2,0.3,0.5805224550627773,0.7901785714285714,0.6666666666666666,0.5652173913043478
ridge_poly1_C1,sklearn_regularized,21,1,l2,1,0.5773798468977496,0.7912946428571428,0.6666666666666666,0.5652173913043478
ridge_poly1_C3,sklearn_regularized,21,1,l2,3,0.5764465000718162,0.7890625,0.6666666666666666,0.5652173913043478
ridge_poly1_C10,sklearn_regularized,21,1,l2,10,0.5761158486100275,0.7890625,0.6666666666666666,0.5652173913043478
ridge_poly1_C30,sklearn_regularized,21,1,l2,30,0.5760209891938979,0.7890625,0.6666666666666666,0.5652173913043478
ridge_poly1_C100,sklearn_regularized,21,1,l2,100,0.575987747390329,0.7890625,0.6666666666666666,0.5652173913043478
ridge_poly2_C0.01,sklearn_regularized,21,2,l2,0.01,0.5956502102634965,0.8448660714285714,0.7333333333333333,0.6666666666666666
ridge_poly2_C0.03,sklearn_regularized,21,2,l2,0.03,0.544186104508596,0.8426339285714286,0.7166666666666667,0.6666666666666666
ridge_poly2_C0.1,sklearn_regularized,21,2,l2,0.1,0.508546981130886,0.8404017857142857,0.7166666666666667,0.6666666666666666
ridge_poly2_C0.3,sklearn_regularized,21,2,l2,0.3,0.49572774116715124,0.8359375,0.7166666666666667,0.6666666666666666
ridge_poly2_C1,sklearn_regularized,21,2,l2,1,0.49246714593223756,0.8392857142857143,0.7166666666666667,0.6666666666666666
ridge_poly2_C3,sklearn_regularized,21,2,l2,3,0.49209011787254553,0.8359375,0.7166666666666667,0.6666666666666666
ridge_poly2_C10,sklearn_regularized,21,2,l2,10,0.4920756130520732,0.8359375,0.7166666666666667,0.6666666666666666
ridge_poly2_C30,sklearn_regularized,21,2,l2,30,0.492085702227242,0.8359375,0.7166666666666667,0.6666666666666666
ridge_poly2_C100,sklearn_regularized,21,2,l2,100,0.4920908617748971,0.8359375,0.7166666666666667,0.6666666666666666
ridge_poly3_C0.01,sklearn_regularized,21,3,l2,0.01,0.5831216190670135,0.8604910714285714,0.7666666666666667,0.7083333333333334
ridge_poly3_C0.03,sklearn_regularized,21,3,l2,0.03,0.5358158004798982,0.859375,0.7666666666666667,0.72
ridge_poly3_C0.1,sklearn_regularized,21,3,l2,0.1,0.5025832674721881,0.8560267857142858,0.7333333333333333,0.6923076923076923
ridge_poly3_C0.3,sklearn_regularized,21,3,l2,0.3,0.4919624412056601,0.8504464285714285,0.7166666666666667,0.6792452830188679
ridge_poly3_C1,sklearn_regularized,21,3,l2,1,0.49609860061474176,0.8392857142857143,0.7166666666666667,0.6792452830188679
ridge_poly3_C3,sklearn_regularized,21,3,l2,3,0.502929293867113,0.8337053571428572,0.7,0.6666666666666666
ridge_poly3_C10,sklearn_regularized,21,3,l2,10,0.5070027827749136,0.8314732142857142,0.7,0.6666666666666666
ridge_poly3_C30,sklearn_regularized,21,3,l2,30,0.508412000009607,0.8314732142857142,0.7,0.6666666666666666
ridge_poly3_C100,sklearn_regularized,21,3,l2,100,0.5089356470205849,0.8314732142857142,0.7,0.6666666666666666
ridge_poly4_C0.01,sklearn_regularized,21,4,l2,0.01,0.5686185383470228,0.8627232142857143,0.75,0.6808510638297872
ridge_poly4_C0.03,sklearn_regularized,21,4,l2,0.03,0.5261176444474591,0.8571428571428572,0.75,0.7058823529411765
ridge_poly4_C0.1,sklearn_regularized,21,4,l2,0.1,0.4996143863574995,0.8482142857142857,0.7333333333333333,0.68
ridge_poly4_C0.3,sklearn_regularized,21,4,l2,0.3,0.4978367257377289,0.8314732142857143,0.75,0.7058823529411765
ridge_poly4_C1,sklearn_regularized,21,4,l2,1,0.5285875094495066,0.8203125000000001,0.7666666666666667,0.75
ridge_poly4_C3,sklearn_regularized,21,4,l2,3,0.5862969989734537,0.8113839285714286,0.7666666666666667,0.7586206896551724
ridge_poly4_C10,sklearn_regularized,21,4,l2,10,0.6645311048236413,0.7991071428571428,0.75,0.7368421052631579
ridge_poly4_C30,sklearn_regularized,21,4,l2,30,0.7375797258442666,0.7935267857142857,0.7333333333333333,0.7241379310344828
ridge_poly4_C100,sklearn_regularized,21,4,l2,100,0.7993056863973614,0.7879464285714285,0.7333333333333333,0.7241379310344828
ridge_poly5_C0.01,sklearn_regularized,21,5,l2,0.01,0.5653222603602165,0.8660714285714286,0.75,0.6808510638297872
ridge_poly5_C0.03,sklearn_regularized,21,5,l2,0.03,0.5218684595751283,0.8604910714285714,0.75,0.7058823529411765
ridge_poly5_C0.1,sklearn_regularized,21,5,l2,0.1,0.4923007546272753,0.8616071428571428,0.75,0.7058823529411765
ridge_poly5_C0.3,sklearn_regularized,21,5,l2,0.3,0.48275464689331854,0.8549107142857143,0.7666666666666667,0.7307692307692307
ridge_poly5_C1,sklearn_regularized,21,5,l2,1,0.48764434332495277,0.8381696428571429,0.7833333333333333,0.7636363636363637
ridge_poly5_C3,sklearn_regularized,21,5,l2,3,0.5495537838677022,0.8024553571428572,0.75,0.7368421052631579
ridge_poly5_C10,sklearn_regularized,21,5,l2,10,0.7987280525553603,0.7957589285714286,0.75,0.7272727272727273
ridge_poly5_C30,sklearn_regularized,21,5,l2,30,1.099829871780244,0.7979910714285714,0.75,0.7272727272727273
ridge_poly5_C100,sklearn_regularized,21,5,l2,100,1.2869092293749336,0.7890625,0.7,0.6785714285714286
ridge_poly6_C0.01,sklearn_regularized,21,6,l2,0.01,0.5653676009522186,0.8616071428571429,0.7333333333333333,0.6521739130434783
ridge_poly6_C0.03,sklearn_regularized,21,6,l2,0.03,0.5245481919408973,0.8571428571428572,0.75,0.7058823529411765
ridge_poly6_C0.1,sklearn_regularized,21,6,l2,0.1,0.49696803736409834,0.8515625,0.75,0.7058823529411765
ridge_poly6_C0.3,sklearn_regularized,21,6,l2,0.3,0.49157688970873475,0.8404017857142857,0.75,0.7169811320754716
ridge_poly6_C1,sklearn_regularized,21,6,l2,1,0.5190368540349423,0.8258928571428572,0.8,0.7857142857142857
ridge_poly6_C3,sklearn_regularized,21,6,l2,3,0.5559562563339057,0.8169642857142857,0.7666666666666667,0.75
ridge_poly6_C10,sklearn_regularized,21,6,l2,10,0.5808315222693654,0.8091517857142857,0.7666666666666667,0.75
ridge_poly6_C30,sklearn_regularized,21,6,l2,30,0.6580909695092269,0.8270089285714285,0.7666666666666667,0.7407407407407407
ridge_poly6_C100,sklearn_regularized,21,6,l2,100,0.8570345257236555,0.8180803571428571,0.75,0.7272727272727273
lasso_poly2_C0.01,sklearn_regularized,21,2,l1,0.01,0.6931471805599454,0.5,0.4666666666666667,0.6363636363636364
lasso_poly2_C0.03,sklearn_regularized,21,2,l1,0.03,0.6497903944014901,0.7767857142857143,0.7,0.6666666666666666
lasso_poly2_C0.1,sklearn_regularized,21,2,l1,0.1,0.5338361819031061,0.8214285714285714,0.7166666666666667,0.6792452830188679
lasso_poly2_C0.3,sklearn_regularized,21,2,l1,0.3,0.50521723280804,0.8292410714285714,0.7333333333333333,0.6923076923076923
lasso_poly2_C1,sklearn_regularized,21,2,l1,1,0.4952432856999204,0.8314732142857143,0.7166666666666667,0.6666666666666666
lasso_poly2_C3,sklearn_regularized,21,2,l1,3,0.4925371801341331,0.8314732142857142,0.7166666666666667,0.6666666666666666
lasso_poly2_C10,sklearn_regularized,21,2,l1,10,0.4918855783294524,0.8348214285714286,0.7166666666666667,0.6666666666666666
lasso_poly2_C30,sklearn_regularized,21,2,l1,30,0.4920076780305717,0.8359375,0.7166666666666667,0.6666666666666666
lasso_poly2_C100,sklearn_regularized,21,2,l1,100,0.49205516679638855,0.8359375,0.7166666666666667,0.6666666666666666
lasso_poly3_C0.01,sklearn_regularized,21,3,l1,0.01,0.6931471805599454,0.5,0.4666666666666667,0.6363636363636364
lasso_poly3_C0.03,sklearn_regularized,21,3,l1,0.03,0.6497908409601753,0.7767857142857143,0.7,0.6666666666666666
lasso_poly3_C0.1,sklearn_regularized,21,3,l1,0.1,0.53378703293342,0.8203125,0.7166666666666667,0.6792452830188679
lasso_poly3_C0.3,sklearn_regularized,21,3,l1,0.3,0.5067630537711101,0.8270089285714286,0.7333333333333333,0.6923076923076923
lasso_poly3_C1,sklearn_regularized,21,3,l1,1,0.4936752604108405,0.8482142857142857,0.7166666666666667,0.6792452830188679
lasso_poly3_C3,sklearn_regularized,21,3,l1,3,0.4998680925673245,0.8359375,0.7,0.6666666666666666
lasso_poly3_C10,sklearn_regularized,21,3,l1,10,0.5058271368605525,0.8303571428571429,0.7,0.6666666666666666
lasso_poly3_C30,sklearn_regularized,21,3,l1,30,0.5081781625549202,0.8292410714285714,0.7,0.6666666666666666
lasso_poly3_C100,sklearn_regularized,21,3,l1,100,0.5090512663865883,0.8292410714285714,0.7,0.6666666666666666
lasso_poly4_C0.01,sklearn_regularized,21,4,l1,0.01,0.6931471805599454,0.5,0.4666666666666667,0.6363636363636364
lasso_poly4_C0.03,sklearn_regularized,21,4,l1,0.03,0.6497910696539607,0.7767857142857143,0.7,0.6666666666666666
lasso_poly4_C0.1,sklearn_regularized,21,4,l1,0.1,0.5398948226743143,0.8180803571428571,0.7166666666666667,0.6792452830188679
lasso_poly4_C0.3,sklearn_regularized,21,4,l1,0.3,0.5153685740216809,0.8158482142857143,0.7333333333333333,0.6923076923076923
lasso_poly4_C1,sklearn_regularized,21,4,l1,1,0.5364632112631368,0.8136160714285714,0.75,0.7272727272727273
lasso_poly4_C3,sklearn_regularized,21,4,l1,3,0.5957316262707465,0.796875,0.7666666666666667,0.75
lasso_poly4_C10,sklearn_regularized,21,4,l1,10,0.7060387516209629,0.7912946428571428,0.7333333333333333,0.7241379310344828
lasso_poly4_C30,sklearn_regularized,21,4,l1,30,0.7854957917988974,0.7868303571428571,0.7333333333333333,0.7241379310344828
lasso_poly4_C100,sklearn_regularized,21,4,l1,100,0.8250044523741455,0.78125,0.7333333333333333,0.7241379310344828
lasso_poly5_C0.01,sklearn_regularized,21,5,l1,0.01,0.6931471805599454,0.5,0.4666666666666667,0.6363636363636364
lasso_poly5_C0.03,sklearn_regularized,21,5,l1,0.03,0.6497901918994662,0.7767857142857143,0.7,0.6666666666666666
lasso_poly5_C0.1,sklearn_regularized,21,5,l1,0.1,0.5399099711120924,0.8180803571428571,0.7166666666666667,0.6792452830188679
lasso_poly5_C0.3,sklearn_regularized,21,5,l1,0.3,0.5153217231804603,0.8158482142857143,0.7333333333333333,0.6923076923076923
lasso_poly5_C1,sklearn_regularized,21,5,l1,1,0.5030687149639131,0.8292410714285714,0.75,0.7058823529411765
lasso_poly5_C3,sklearn_regularized,21,5,l1,3,0.9561978674007896,0.8069196428571428,0.7833333333333333,0.7719298245614035
lasso_poly5_C10,sklearn_regularized,21,5,l1,10,1.1745523624923948,0.7963169642857143,0.7333333333333333,0.7241379310344828
lasso_poly5_C30,sklearn_regularized,21,5,l1,30,1.3274574457060198,0.7868303571428572,0.7,0.6785714285714286
lasso_poly5_C100,sklearn_regularized,21,5,l1,100,1.3821284926847985,0.7935267857142857,0.6833333333333333,0.6666666666666666
lasso_poly6_C0.01,sklearn_regularized,21,6,l1,0.01,0.6931471805599454,0.5,0.4666666666666667,0.6363636363636364
lasso_poly6_C0.03,sklearn_regularized,21,6,l1,0.03,0.6497909291305067,0.7767857142857143,0.7,0.6666666666666666
lasso_poly6_C0.1,sklearn_regularized,21,6,l1,0.1,0.5398501626785771,0.8180803571428571,0.7166666666666667,0.6792452830188679
lasso_poly6_C0.3,sklearn_regularized,21,6,l1,0.3,0.5152715221700414,0.8158482142857143,0.7333333333333333,0.6923076923076923
lasso_poly6_C1,sklearn_regularized,21,6,l1,1,0.5022482077925062,0.8337053571428571,0.7666666666666667,0.7307692307692307
lasso_poly6_C3,sklearn_regularized,21,6,l1,3,0.9259887244703665,0.7712053571428572,0.75,0.7368421052631579
lasso_poly6_C10,sklearn_regularized,21,6,l1,10,1.2062556853695952,0.7717633928571428,0.75,0.7457627118644068
lasso_poly6_C30,sklearn_regularized,21,6,l1,30,1.0664067933862158,0.8136160714285714,0.7666666666666667,0.75
lasso_poly6_C100,sklearn_regularized,21,6,l1,100,1.4914791647363175,0.8035714285714286,0.7,0.6666666666666666
glm_current_simple,statsmodels_glm,22,,none,,0.5809841793885842,0.8024553571428571,0.7333333333333333,0.7333333333333333
glm_best_subset,statsmodels_glm,22,,none,,0.6058369485815501,0.7734375,0.75,0.7457627118644068
glm_full_degree2,statsmodels_glm,22,,none,,0.5987363440636525,0.7779017857142858,0.75,0.7457627118644068
ridge_poly1_C0.01,sklearn_regularized,22,1,l2,0.01,0.6857623693974859,0.5859375,0.5666666666666667,0.5
ridge_poly1_C0.03,sklearn_regularized,22,1,l2,0.03,0.6947590876500469,0.5881696428571428,0.55,0.5423728813559322
ridge_poly1_C0.1,sklearn_regularized,22,1,l2,0.1,0.7128469207218215,0.5904017857142857,0.55,0.5423728813559322
ridge_poly1_C0.3,sklearn_regularized,22,1,l2,0.3,0.725523285194537,0.59375,0.5333333333333333,0.5333333333333333
ridge_poly1_C1,sklearn_regularized,22,1,l2,1,0.7319893844928421,0.5926339285714286,0.5333333333333333,0.5333333333333333
ridge_poly1_C3,sklearn_regularized,22,1,l2,3,0.7341355900826806,0.5926339285714286,0.5333333333333333,0.5333333333333333
ridge_poly1_C10,sklearn_regularized,22,1,l2,10,0.73492407627988,0.5926339285714286,0.5333333333333333,0.5333333333333333
ridge_poly1_C30,sklearn_regularized,22,1,l2,30,0.7351530764381627,0.5926339285714286,0.5333333333333333,0.5333333333333333
ridge_poly1_C100,sklearn_regularized,22,1,l2,100,0.7352336204903207,0.5926339285714286,0.5333333333333333,0.5333333333333333
ridge_poly2_C0.01,sklearn_regularized,22,2,l2,0.01,0.6427275096205285,0.7488839285714285,0.7166666666666667,0.6909090909090909
ridge_poly2_C0.03,sklearn_regularized,22,2,l2,0.03,0.6162672336271835,0.7578124999999999,0.7,0.6896551724137931
ridge_poly2_C0.1,sklearn_regularized,22,2,l2,0.1,0.5980911402408027,0.7645089285714286,0.7166666666666667,0.7017543859649122
ridge_poly2_C0.3,sklearn_regularized,22,2,l2,0.3,0.5935704249943825,0.7712053571428571,0.7333333333333333,0.7241379310344828
ridge_poly2_C1,sklearn_regularized,22,2,l2,1,0.5953647090958015,0.7745535714285714,0.75,0.7457627118644068
ridge_poly2_C3,sklearn_regularized,22,2,l2,3,0.5972812560921674,0.7767857142857142,0.75,0.7457627118644068
ridge_poly2_C10,sklearn_regularized,22,2,l2,10,0.5982602380054357,0.7779017857142858,0.75,0.7457627118644068
ridge_poly2_C30,sklearn_regularized,22,2,l2,30,0.5985767591327396,0.7779017857142858,0.75,0.7457627118644068
ridge_poly2_C100,sklearn_regularized,22,2,l2,100,0.598691784505721,0.7779017857142858,0.75,0.7457627118644068
ridge_poly3_C0.01,sklearn_regularized,22,3,l2,0.01,0.656445662574691,0.7064732142857142,0.65,0.6181818181818182
ridge_poly3_C0.03,sklearn_regularized,22,3,l2,0.03,0.636731415421565,0.7243303571428572,0.7,0.7
ridge_poly3_C0.1,sklearn_regularized,22,3,l2,0.1,0.6193094574476217,0.7700892857142856,0.7333333333333333,0.7419354838709677
ridge_poly3_C0.3,sklearn_regularized,22,3,l2,0.3,0.6246030314428254,0.7656249999999999,0.75,0.7540983606557377
ridge_poly3_C1,sklearn_regularized,22,3,l2,1,0.6437662952287498,0.7578125,0.7166666666666667,0.7213114754098361
ridge_poly3_C3,sklearn_regularized,22,3,l2,3,0.6579495382406736,0.7499999999999998,0.7,0.7
ridge_poly3_C10,sklearn_regularized,22,3,l2,10,0.6658519605208343,0.7421874999999999,0.6666666666666666,0.6666666666666666
ridge_poly3_C30,sklearn_regularized,22,3,l2,30,0.6685889165452289,0.7388392857142857,0.6666666666666666,0.6666666666666666
ridge_poly3_C100,sklearn_regularized,22,3,l2,100,0.6696145869677238,0.7399553571428571,0.6666666666666666,0.6666666666666666
ridge_poly4_C0.01,sklearn_regularized,22,4,l2,0.01,0.6353842344416211,0.7600446428571429,0.6833333333333333,0.6415094339622641
ridge_poly4_C0.03,sklearn_regularized,22,4,l2,0.03,0.6194864849566658,0.7578125,0.7,0.6896551724137931
ridge_poly4_C0.1,sklearn_regularized,22,4,l2,0.1,0.62663125850897,0.7544642857142857,0.7166666666666667,0.7213114754098361
ridge_poly4_C0.3,sklearn_regularized,22,4,l2,0.3,0.6551319262753471,0.7444196428571428,0.7,0.7
ridge_poly4_C1,sklearn_regularized,22,4,l2,1,0.7039818859393622,0.7299107142857142,0.7,0.6896551724137931
ridge_poly4_C3,sklearn_regularized,22,4,l2,3,0.7672739201393168,0.7276785714285714,0.6833333333333333,0.6666666666666666
ridge_poly4_C10,sklearn_regularized,22,4,l2,10,0.8616604897808504,0.7310267857142858,0.6833333333333333,0.6666666666666666
ridge_poly4_C30,sklearn_regularized,22,4,l2,30,0.9520884434904414,0.7254464285714285,0.7,0.6785714285714286
ridge_poly4_C100,sklearn_regularized,22,4,l2,100,1.0189015038233071,0.7254464285714285,0.7,0.6785714285714286
ridge_poly5_C0.01,sklearn_regularized,22,5,l2,0.01,0.6443518472826885,0.7332589285714286,0.65,0.6037735849056604
ridge_poly5_C0.03,sklearn_regularized,22,5,l2,0.03,0.6277451201478035,0.7444196428571429,0.7,0.6896551724137931
ridge_poly5_C0.1,sklearn_regularized,22,5,l2,0.1,0.6381891950862754,0.7410714285714286,0.7166666666666667,0.711864406779661
ridge_poly5_C0.3,sklearn_regularized,22,5,l2,0.3,0.669526798154031,0.7299107142857143,0.6833333333333333,0.6779661016949152
ridge_poly5_C1,sklearn_regularized,22,5,l2,1,0.7296826412607444,0.7031249999999999,0.6833333333333333,0.6666666666666666
ridge_poly5_C3,sklearn_regularized,22,5,l2,3,0.8437083689986296,0.6796875,0.6833333333333333,0.6545454545454545
ridge_poly5_C10,sklearn_regularized,22,5,l2,10,1.0793107340466837,0.6395089285714286,0.6333333333333333,0.6071428571428571
ridge_poly5_C30,sklearn_regularized,22,5,l2,30,1.4261737249780007,0.6227678571428572,0.6,0.5555555555555556
ridge_poly5_C100,sklearn_regularized,22,5,l2,100,2.0718361738372204,0.6104910714285714,0.6,0.5555555555555556
ridge_poly6_C0.01,sklearn_regularized,22,6,l2,0.01,0.6355082825123012,0.7421874999999999,0.6666666666666666,0.6296296296296297
ridge_poly6_C0.03,sklearn_regularized,22,6,l2,0.03,0.630710609446599,0.7377232142857143,0.7,0.6896551724137931
ridge_poly6_C0.1,sklearn_regularized,22,6,l2,0.1,0.6545438805167006,0.7276785714285715,0.7,0.6896551724137931
ridge_poly6_C0.3,sklearn_regularized,22,6,l2,0.3,0.7071042103517227,0.7120535714285714,0.6833333333333333,0.6779661016949152
ridge_poly6_C1,sklearn_regularized,22,6,l2,1,0.8130817443735098,0.6964285714285715,0.7,0.6785714285714286
ridge_poly6_C3,sklearn_regularized,22,6,l2,3,0.9757102657895407,0.6752232142857143,0.6833333333333333,0.6545454545454545
ridge_poly6_C10,sklearn_regularized,22,6,l2,10,1.2185738819751533,0.6595982142857143,0.6666666666666666,0.6428571428571429
ridge_poly6_C30,sklearn_regularized,22,6,l2,30,1.4307726878831104,0.6450892857142857,0.6666666666666666,0.6551724137931034
ridge_poly6_C100,sklearn_regularized,22,6,l2,100,1.710741005531663,0.65625,0.6666666666666666,0.6428571428571429
lasso_poly2_C0.01,sklearn_regularized,22,2,l1,0.01,0.6931471805599454,0.5,0.4666666666666667,0.6363636363636364
lasso_poly2_C0.03,sklearn_regularized,22,2,l1,0.03,0.657496091310363,0.7220982142857143,0.6833333333333333,0.6984126984126984
lasso_poly2_C0.1,sklearn_regularized,22,2,l1,0.1,0.6136739185317206,0.7388392857142857,0.7,0.7096774193548387
lasso_poly2_C0.3,sklearn_regularized,22,2,l1,0.3,0.599960031509946,0.7645089285714285,0.7166666666666667,0.7213114754098361
lasso_poly2_C1,sklearn_regularized,22,2,l1,1,0.5970096149649703,0.7734375,0.75,0.7457627118644068
lasso_poly2_C3,sklearn_regularized,22,2,l1,3,0.5973263470867327,0.7779017857142857,0.75,0.7457627118644068
lasso_poly2_C10,sklearn_regularized,22,2,l1,10,0.5982146986843258,0.7779017857142857,0.75,0.7457627118644068
lasso_poly2_C30,sklearn_regularized,22,2,l1,30,0.5985507190876729,0.7779017857142858,0.75,0.7457627118644068
lasso_poly2_C100,sklearn_regularized,22,2,l1,100,0.5986776815043144,0.7779017857142858,0.75,0.7457627118644068
lasso_poly3_C0.01,sklearn_regularized,22,3,l1,0.01,0.6931471805599454,0.5,0.4666666666666667,0.6363636363636364
lasso_poly3_C0.03,sklearn_regularized,22,3,l1,0.03,0.6574960103620014,0.7220982142857143,0.6833333333333333,0.6984126984126984
lasso_poly3_C0.1,sklearn_regularized,22,3,l1,0.1,0.6136674546530924,0.7388392857142857,0.7,0.7096774193548387
lasso_poly3_C0.3,sklearn_regularized,22,3,l1,0.3,0.5977516259306526,0.7723214285714286,0.7166666666666667,0.7213114754098361
lasso_poly3_C1,sklearn_regularized,22,3,l1,1,0.6175851080504687,0.7633928571428572,0.75,0.7368421052631579
lasso_poly3_C3,sklearn_regularized,22,3,l1,3,0.6422081034190535,0.7611607142857144,0.7166666666666667,0.7213114754098361
lasso_poly3_C10,sklearn_regularized,22,3,l1,10,0.6603386865630102,0.7466517857142857,0.6833333333333333,0.6885245901639344
lasso_poly3_C30,sklearn_regularized,22,3,l1,30,0.666698651636327,0.7410714285714284,0.6666666666666666,0.6666666666666666
lasso_poly3_C100,sklearn_regularized,22,3,l1,100,0.6689989648598874,0.7410714285714285,0.6666666666666666,0.6666666666666666
lasso_poly4_C0.01,sklearn_regularized,22,4,l1,0.01,0.6931471805599454,0.5,0.4666666666666667,0.6363636363636364
lasso_poly4_C0.03,sklearn_regularized,22,4,l1,0.03,0.6574960556515642,0.7220982142857143,0.6833333333333333,0.6984126984126984
lasso_poly4_C0.1,sklearn_regularized,22,4,l1,0.1,0.6144630180970344,0.7410714285714286,0.7,0.7096774193548387
lasso_poly4_C0.3,sklearn_regularized,22,4,l1,0.3,0.6069368882637932,0.7678571428571428,0.7333333333333333,0.7333333333333333
lasso_poly4_C1,sklearn_regularized,22,4,l1,1,0.6923217807027041,0.7109375,0.7333333333333333,0.7142857142857143
lasso_poly4_C3,sklearn_regularized,22,4,l1,3,0.8044904670193315,0.7131696428571428,0.6833333333333333,0.6666666666666666
lasso_poly4_C10,sklearn_regularized,22,4,l1,10,0.9313740684253407,0.7276785714285714,0.6833333333333333,0.6666666666666666
lasso_poly4_C30,sklearn_regularized,22,4,l1,30,1.005272842966695,0.7265624999999999,0.7,0.6785714285714286
lasso_poly4_C100,sklearn_regularized,22,4,l1,100,1.0437030227254298,0.7265624999999999,0.7,0.6785714285714286
lasso_poly5_C0.01,sklearn_regularized,22,5,l1,0.01,0.6931471805599454,0.5,0.4666666666666667,0.6363636363636364
lasso_poly5_C0.03,sklearn_regularized,22,5,l1,0.03,0.6574960812435371,0.7220982142857143,0.6833333333333333,0.6984126984126984
lasso_poly5_C0.1,sklearn_regularized,22,5,l1,0.1,0.6144543596376971,0.7410714285714286,0.7,0.7096774193548387
lasso_poly5_C0.3,sklearn_regularized,22,5,l1,0.3,0.6077992127231385,0.7667410714285714,0.7166666666666667,0.7213114754098361
lasso_poly5_C1,sklearn_regularized,22,5,l1,1,0.723654133561707,0.6986607142857143,0.65,0.6440677966101694
lasso_poly5_C3,sklearn_regularized,22,5,l1,3,0.927666363061899,0.6763392857142858,0.6833333333333333,0.6415094339622641
lasso_poly5_C10,sklearn_regularized,22,5,l1,10,1.409311174679698,0.6283482142857143,0.6166666666666667,0.5660377358490566
lasso_poly5_C30,sklearn_regularized,22,5,l1,30,2.405764192047565,0.6127232142857143,0.65,0.631578947368421
lasso_poly5_C100,sklearn_regularized,22,5,l1,100,2.917490361017583,0.6116071428571428,0.6333333333333333,0.6071428571428571
lasso_poly6_C0.01,sklearn_regularized,22,6,l1,0.01,0.6931471805599454,0.5,0.4666666666666667,0.6363636363636364
lasso_poly6_C0.03,sklearn_regularized,22,6,l1,0.03,0.6574959257240016,0.7220982142857143,0.6833333333333333,0.6984126984126984
lasso_poly6_C0.1,sklearn_regularized,22,6,l1,0.1,0.6144991788121703,0.7410714285714286,0.7,0.7096774193548387
lasso_poly6_C0.3,sklearn_regularized,22,6,l1,0.3,0.6143913487135623,0.7578125,0.7166666666666667,0.7301587301587301
lasso_poly6_C1,sklearn_regularized,22,6,l1,1,0.7485521640116464,0.6830357142857142,0.6333333333333333,0.6333333333333333
lasso_poly6_C3,sklearn_regularized,22,6,l1,3,0.999409154994322,0.6662946428571428,0.6666666666666666,0.6296296296296297
lasso_poly6_C10,sklearn_regularized,22,6,l1,10,1.5159369820752544,0.6450892857142858,0.6666666666666666,0.6551724137931034
lasso_poly6_C30,sklearn_regularized,22,6,l1,30,2.368929524267638,0.6545758928571429,0.6166666666666667,0.5660377358490566
lasso_poly6_C100,sklearn_regularized,22,6,l1,100,3.397368687291957,0.6551339285714286,0.6166666666666667,0.5660377358490566
glm_current_simple,statsmodels_glm,23,,none,,0.5446660841776183,0.7756696428571429,0.65,0.631578947368421
glm_best_subset,statsmodels_glm,23,,none,,0.5245681802784544,0.8035714285714286,0.6833333333333333,0.6666666666666666
glm_full_degree2,statsmodels_glm,23,,none,,0.562959597913989,0.7723214285714286,0.6833333333333333,0.6415094339622641
ridge_poly1_C0.01,sklearn_regularized,23,1,l2,0.01,0.6534741009505548,0.7064732142857143,0.6,0.52
ridge_poly1_C0.03,sklearn_regularized,23,1,l2,0.03,0.633789038553515,0.7064732142857143,0.65,0.6037735849056604
ridge_poly1_C0.1,sklearn_regularized,23,1,l2,0.1,0.6220574744249507,0.7053571428571429,0.6833333333333333,0.6545454545454545
ridge_poly1_C0.3,sklearn_regularized,23,1,l2,0.3,0.6182877401139046,0.7064732142857143,0.6833333333333333,0.6545454545454545
ridge_poly1_C1,sklearn_regularized,23,1,l2,1,0.6170508943919373,0.7064732142857143,0.6833333333333333,0.6545454545454545
ridge_poly1_C3,sklearn_regularized,23,1,l2,3,0.6167144951473099,0.7064732142857143,0.6833333333333333,0.6545454545454545
ridge_poly1_C10,sklearn_regularized,23,1,l2,10,0.6165990887267541,0.7064732142857143,0.6833333333333333,0.6545454545454545
ridge_poly1_C30,sklearn_regularized,23,1,l2,30,0.6165663559733753,0.7064732142857143,0.6833333333333333,0.6545454545454545
ridge_poly1_C100,sklearn_regularized,23,1,l2,100,0.6165549254398691,0.7064732142857143,0.6833333333333333,0.6545454545454545
ridge_poly2_C0.01,sklearn_regularized,23,2,l2,0.01,0.6257616491848084,0.7700892857142857,0.7,0.625
ridge_poly2_C0.03,sklearn_regularized,23,2,l2,0.03,0.5907024327088434,0.7745535714285714,0.6833333333333333,0.6415094339622641
ridge_poly2_C0.1,sklearn_regularized,23,2,l2,0.1,0.5676443484397348,0.7767857142857143,0.6833333333333333,0.6415094339622641
ridge_poly2_C0.3,sklearn_regularized,23,2,l2,0.3,0.5614196383892425,0.7700892857142858,0.7,0.6666666666666666
ridge_poly2_C1,sklearn_regularized,23,2,l2,1,0.5615107949940978,0.7712053571428572,0.7,0.6666666666666666
ridge_poly2_C3,sklearn_regularized,23,2,l2,3,0.5623476023886869,0.7712053571428572,0.6833333333333333,0.6415094339622641
ridge_poly2_C10,sklearn_regularized,23,2,l2,10,0.5627989080582069,0.7712053571428572,0.6833333333333333,0.6415094339622641
ridge_poly2_C30,sklearn_regularized,23,2,l2,30,0.562946833724482,0.7712053571428572,0.6833333333333333,0.6415094339622641
ridge_poly2_C100,sklearn_regularized,23,2,l2,100,0.5630007740006217,0.7712053571428572,0.6833333333333333,0.6415094339622641
ridge_poly3_C0.01,sklearn_regularized,23,3,l2,0.01,0.6114745476110456,0.7924107142857144,0.7166666666666667,0.6530612244897959
ridge_poly3_C0.03,sklearn_regularized,23,3,l2,0.03,0.576750833221081,0.7901785714285715,0.6833333333333333,0.6415094339622641
ridge_poly3_C0.1,sklearn_regularized,23,3,l2,0.1,0.5546474982576183,0.7890625,0.6833333333333333,0.6545454545454545
ridge_poly3_C0.3,sklearn_regularized,23,3,l2,0.3,0.5474327092068401,0.7857142857142858,0.7,0.6666666666666666
ridge_poly3_C1,sklearn_regularized,23,3,l2,1,0.5462323151017953,0.7845982142857144,0.7,0.6666666666666666
ridge_poly3_C3,sklearn_regularized,23,3,l2,3,0.5470043435813695,0.7857142857142858,0.7,0.6666666666666666
ridge_poly3_C10,sklearn_regularized,23,3,l2,10,0.5476299801049326,0.7857142857142858,0.7,0.6666666666666666
ridge_poly3_C30,sklearn_regularized,23,3,l2,30,0.5478603630379365,0.7868303571428572,0.7,0.6666666666666666
ridge_poly3_C100,sklearn_regularized,23,3,l2,100,0.5479475617354606,0.7868303571428572,0.7,0.6666666666666666
ridge_poly4_C0.01,sklearn_regularized,23,4,l2,0.01,0.600382231423834,0.7801339285714286,0.7,0.625
ridge_poly4_C0.03,sklearn_regularized,23,4,l2,0.03,0.5708935690322693,0.7801339285714286,0.6833333333333333,0.6274509803921569
ridge_poly4_C0.1,sklearn_regularized,23,4,l2,0.1,0.5564756351001823,0.7801339285714285,0.7,0.6538461538461539
ridge_poly4_C0.3,sklearn_regularized,23,4,l2,0.3,0.5556352750361628,0.7857142857142858,0.7166666666666667,0.6792452830188679
ridge_poly4_C1,sklearn_regularized,23,4,l2,1,0.5665848200824595,0.78125,0.75,0.7272727272727273
ridge_poly4_C3,sklearn_regularized,23,4,l2,3,0.593176745714297,0.7678571428571429,0.7166666666666667,0.7017543859649122
ridge_poly4_C10,sklearn_regularized,23,4,l2,10,0.6348556164112441,0.7600446428571428,0.7166666666666667,0.7017543859649122
ridge_poly4_C30,sklearn_regularized,23,4,l2,30,0.6656430945714197,0.7466517857142857,0.7166666666666667,0.711864406779661
ridge_poly4_C100,sklearn_regularized,23,4,l2,100,0.683804318029665,0.7410714285714285,0.7166666666666667,0.711864406779661
ridge_poly5_C0.01,sklearn_regularized,23,5,l2,0.01,0.5982683218153003,0.7823660714285714,0.7166666666666667,0.6530612244897959
ridge_poly5_C0.03,sklearn_regularized,23,5,l2,0.03,0.5704912342422961,0.7767857142857143,0.6833333333333333,0.6274509803921569
ridge_poly5_C0.1,sklearn_regularized,23,5,l2,0.1,0.5569375768221502,0.7767857142857144,0.7,0.6538461538461539
ridge_poly5_C0.3,sklearn_regularized,23,5,l2,0.3,0.5547216007117385,0.7823660714285714,0.7,0.6666666666666666
ridge_poly5_C1,sklearn_regularized,23,5,l2,1,0.5615141501880287,0.7756696428571428,0.7,0.6896551724137931
ridge_poly5_C3,sklearn_regularized,23,5,l2,3,0.5806713501825528,0.7779017857142857,0.7,0.6896551724137931
ridge_poly5_C10,sklearn_regularized,23,5,l2,10,0.6240867459397257,0.7600446428571429,0.6833333333333333,0.6779661016949152
ridge_poly5_C30,sklearn_regularized,23,5,l2,30,0.6819679582555865,0.7488839285714286,0.65,0.631578947368421
ridge_poly5_C100,sklearn_regularized,23,5,l2,100,0.7392163498987582,0.7399553571428572,0.6833333333333333,0.6666666666666666
ridge_poly6_C0.01,sklearn_regularized,23,6,l2,0.01,0.5959323264410402,0.7845982142857143,0.7166666666666667,0.6530612244897959
ridge_poly6_C0.03,sklearn_regularized,23,6,l2,0.03,0.5700129973786962,0.7812499999999999,0.7,0.6538461538461539
ridge_poly6_C0.1,sklearn_regularized,23,6,l2,0.1,0.5572429150120919,0.7845982142857143,0.6833333333333333,0.6415094339622641
ridge_poly6_C0.3,sklearn_regularized,23,6,l2,0.3,0.5573076109633442,0.7779017857142857,0.7333333333333333,0.7142857142857143
ridge_poly6_C1,sklearn_regularized,23,6,l2,1,0.568457120590178,0.7700892857142857,0.7166666666666667,0.7017543859649122
ridge_poly6_C3,sklearn_regularized,23,6,l2,3,0.5861934423154099,0.7712053571428572,0.7166666666666667,0.6909090909090909
ridge_poly6_C10,sklearn_regularized,23,6,l2,10,0.622813936597606,0.7633928571428572,0.7,0.6896551724137931
ridge_poly6_C30,sklearn_regularized,23,6,l2,30,0.6812819515723791,0.7511160714285714,0.6333333333333333,0.6071428571428571
ridge_poly6_C100,sklearn_regularized,23,6,l2,100,0.7711941201631372,0.7555803571428572,0.65,0.6181818181818182
lasso_poly2_C0.01,sklearn_regularized,23,2,l1,0.01,0.6931471805599454,0.5,0.4666666666666667,0.6363636363636364
lasso_poly2_C0.03,sklearn_regularized,23,2,l1,0.03,0.6466443108915969,0.7466517857142858,0.65,0.631578947368421
lasso_poly2_C0.1,sklearn_regularized,23,2,l1,0.1,0.5587602020517247,0.7879464285714286,0.6833333333333333,0.6779661016949152
lasso_poly2_C0.3,sklearn_regularized,23,2,l1,0.3,0.5628471257859847,0.7645089285714286,0.6666666666666666,0.6428571428571429
lasso_poly2_C1,sklearn_regularized,23,2,l1,1,0.5625496086779374,0.7700892857142857,0.7,0.6666666666666666
lasso_poly2_C3,sklearn_regularized,23,2,l1,3,0.5628293451700332,0.7700892857142858,0.7166666666666667,0.6909090909090909
lasso_poly2_C10,sklearn_regularized,23,2,l1,10,0.5628510569501667,0.7712053571428572,0.6833333333333333,0.6415094339622641
lasso_poly2_C30,sklearn_regularized,23,2,l1,30,0.5629158660105766,0.7712053571428572,0.6833333333333333,0.6415094339622641
lasso_poly2_C100,sklearn_regularized,23,2,l1,100,0.5629443008728293,0.7712053571428572,0.6833333333333333,0.6415094339622641
lasso_poly3_C0.01,sklearn_regularized,23,3,l1,0.01,0.6931471805599454,0.5,0.4666666666666667,0.6363636363636364
lasso_poly3_C0.03,sklearn_regularized,23,3,l1,0.03,0.6466440193241481,0.7466517857142858,0.65,0.631578947368421
lasso_poly3_C0.1,sklearn_regularized,23,3,l1,0.1,0.5587607739022109,0.7879464285714286,0.6833333333333333,0.6779661016949152
lasso_poly3_C0.3,sklearn_regularized,23,3,l1,0.3,0.5557060240356447,0.7723214285714286,0.6666666666666666,0.6551724137931034
lasso_poly3_C1,sklearn_regularized,23,3,l1,1,0.5488391862720317,0.7823660714285714,0.7,0.6666666666666666
lasso_poly3_C3,sklearn_regularized,23,3,l1,3,0.5478760120403542,0.7834821428571428,0.7,0.6666666666666666
lasso_poly3_C10,sklearn_regularized,23,3,l1,10,0.5480280761351108,0.7845982142857143,0.7,0.6666666666666666
lasso_poly3_C30,sklearn_regularized,23,3,l1,30,0.548000903851604,0.7857142857142858,0.7,0.6666666666666666
lasso_poly3_C100,sklearn_regularized,23,3,l1,100,0.5480094575306972,0.7868303571428572,0.7,0.6666666666666666
lasso_poly4_C0.01,sklearn_regularized,23,4,l1,0.01,0.6931471805599454,0.5,0.4666666666666667,0.6363636363636364
lasso_poly4_C0.03,sklearn_regularized,23,4,l1,0.03,0.6466443862116603,0.7466517857142858,0.65,0.631578947368421
lasso_poly4_C0.1,sklearn_regularized,23,4,l1,0.1,0.5596367797220387,0.7868303571428572,0.7,0.6896551724137931
lasso_poly4_C0.3,sklearn_regularized,23,4,l1,0.3,0.5521591519953117,0.7756696428571429,0.6666666666666666,0.6666666666666666
lasso_poly4_C1,sklearn_regularized,23,4,l1,1,0.5613524117750982,0.7823660714285713,0.7,0.6896551724137931
lasso_poly4_C3,sklearn_regularized,23,4,l1,3,0.6086065463182053,0.765625,0.7166666666666667,0.7017543859649122
lasso_poly4_C10,sklearn_regularized,23,4,l1,10,0.6614173525241223,0.7488839285714286,0.7166666666666667,0.711864406779661
lasso_poly4_C30,sklearn_regularized,23,4,l1,30,0.6830810773358834,0.7421875,0.7166666666666667,0.711864406779661
lasso_poly4_C100,sklearn_regularized,23,4,l1,100,0.6911104876656807,0.7388392857142857,0.7333333333333333,0.7241379310344828
lasso_poly5_C0.01,sklearn_regularized,23,5,l1,0.01,0.6931471805599454,0.5,0.4666666666666667,0.6363636363636364
lasso_poly5_C0.03,sklearn_regularized,23,5,l1,0.03,0.6466436645595881,0.7466517857142858,0.65,0.631578947368421
lasso_poly5_C0.1,sklearn_regularized,23,5,l1,0.1,0.5595147646502558,0.7868303571428572,0.7,0.6896551724137931
lasso_poly5_C0.3,sklearn_regularized,23,5,l1,0.3,0.5524406011568015,0.7756696428571429,0.6666666666666666,0.6666666666666666
lasso_poly5_C1,sklearn_regularized,23,5,l1,1,0.563458882129085,0.7756696428571428,0.7,0.6896551724137931
lasso_poly5_C3,sklearn_regularized,23,5,l1,3,0.5984150800193986,0.7678571428571429,0.6833333333333333,0.6779661016949152
lasso_poly5_C10,sklearn_regularized,23,5,l1,10,0.673472576585646,0.7555803571428571,0.6666666666666666,0.6551724137931034
lasso_poly5_C30,sklearn_regularized,23,5,l1,30,0.7630597045507955,0.7377232142857143,0.7,0.6785714285714286
lasso_poly5_C100,sklearn_regularized,23,5,l1,100,0.9430182997061061,0.7020089285714286,0.6166666666666667,0.6101694915254238
lasso_poly6_C0.01,sklearn_regularized,23,6,l1,0.01,0.6931471805599454,0.5,0.4666666666666667,0.6363636363636364
lasso_poly6_C0.03,sklearn_regularized,23,6,l1,0.03,0.64664383338703,0.7466517857142858,0.65,0.631578947368421
lasso_poly6_C0.1,sklearn_regularized,23,6,l1,0.1,0.559517662417716,0.7868303571428572,0.7,0.6896551724137931
lasso_poly6_C0.3,sklearn_regularized,23,6,l1,0.3,0.5523984873963138,0.7745535714285715,0.6666666666666666,0.6666666666666666
lasso_poly6_C1,sklearn_regularized,23,6,l1,1,0.5591146839588386,0.7745535714285714,0.7,0.6896551724137931
lasso_poly6_C3,sklearn_regularized,23,6,l1,3,0.5907040294547626,0.7812500000000001,0.6833333333333333,0.6666666666666666
lasso_poly6_C10,sklearn_regularized,23,6,l1,10,0.6480127118042311,0.7611607142857143,0.6833333333333333,0.6666666666666666
lasso_poly6_C30,sklearn_regularized,23,6,l1,30,1.0414840467057596,0.7176339285714286,0.6,0.5714285714285714
lasso_poly6_C100,sklearn_regularized,23,6,l1,100,1.5440668564226447,0.7310267857142857,0.6333333333333333,0.6071428571428571
glm_current_simple,statsmodels_glm,24,,none,,0.5816721601212953,0.7641824249165741,0.7,0.6896551724137931
glm_best_subset,statsmodels_glm,24,,none,,0.5913903182088904,0.7619577308120133,0.6833333333333333,0.6666666666666666
glm_full_degree2,statsmodels_glm,24,,none,,0.5811257170741135,0.7575083426028921,0.7,0.6896551724137931
ridge_poly1_C0.01,sklearn_regularized,24,1,l2,0.01,0.6451664969085174,0.7063403781979978,0.6666666666666666,0.5652173913043478
ridge_poly1_C0.03,sklearn_regularized,24,1,l2,0.03,0.6214258564809413,0.7063403781979978,0.6,0.5555555555555556
ridge_poly1_C0.1,sklearn_regularized,24,1,l2,0.1,0.6080125670495973,0.7052280311457174,0.6166666666666667,0.5818181818181818
ridge_poly1_C0.3,sklearn_regularized,24,1,l2,0.3,0.6039798837747342,0.7052280311457174,0.6,0.5714285714285714
ridge_poly1_C1,sklearn_regularized,24,1,l2,1,0.6026619205087587,0.7052280311457174,0.6,0.5714285714285714
ridge_poly1_C3,sklearn_regularized,24,1,l2,3,0.6023086130478511,0.7052280311457174,0.6,0.5714285714285714
ridge_poly1_C10,sklearn_regularized,24,1,l2,10,0.6021877475881802,0.7052280311457174,0.6,0.5714285714285714
ridge_poly1_C30,sklearn_regularized,24,1,l2,30,0.6021534997603496,0.7052280311457174,0.6,0.5714285714285714
ridge_poly1_C100,sklearn_regularized,24,1,l2,100,0.6021415436703653,0.7052280311457174,0.6,0.5714285714285714
ridge_poly2_C0.01,sklearn_regularized,24,2,l2,0.01,0.6132752546051855,0.7608453837597331,0.65,0.6181818181818182
ridge_poly2_C0.03,sklearn_regularized,24,2,l2,0.03,0.5756483539341329,0.7675194660734149,0.7166666666666667,0.711864406779661
ridge_poly2_C0.1,sklearn_regularized,24,2,l2,0.1,0.5593488138063234,0.7730812013348165,0.7166666666666667,0.711864406779661
ridge_poly2_C0.3,sklearn_regularized,24,2,l2,0.3,0.5642607481570131,0.7675194660734149,0.7,0.6896551724137931
ridge_poly2_C1,sklearn_regularized,24,2,l2,1,0.5735283411602089,0.7630700778642936,0.7,0.6896551724137931
ridge_poly2_C3,sklearn_regularized,24,2,l2,3,0.5781419382887133,0.760845383759733,0.7,0.6896551724137931
ridge_poly2_C10,sklearn_regularized,24,2,l2,10,0.5801071408853672,0.7597330367074526,0.7,0.6896551724137931
ridge_poly2_C30,sklearn_regularized,24,2,l2,30,0.5807087222424717,0.7586206896551724,0.7,0.6896551724137931
ridge_poly2_C100,sklearn_regularized,24,2,l2,100,0.5809237731181847,0.7586206896551724,0.7,0.6896551724137931
ridge_poly3_C0.01,sklearn_regularized,24,3,l2,0.01,0.5956020754098731,0.7797552836484983,0.7166666666666667,0.6909090909090909
ridge_poly3_C0.03,sklearn_regularized,24,3,l2,0.03,0.5703476495997256,0.781979977753059,0.7333333333333333,0.7333333333333333
ridge_poly3_C0.1,sklearn_regularized,24,3,l2,0.1,0.5783836255024322,0.7764182424916574,0.7,0.7
ridge_poly3_C0.3,sklearn_regularized,24,3,l2,0.3,0.6132283527848047,0.7686318131256952,0.7166666666666667,0.711864406779661
ridge_poly3_C1,sklearn_regularized,24,3,l2,1,0.6567095928054411,0.7586206896551724,0.7,0.7
ridge_poly3_C3,sklearn_regularized,24,3,l2,3,0.6836824885517706,0.7563959955506117,0.7,0.7
ridge_poly3_C10,sklearn_regularized,24,3,l2,10,0.6983861942815489,0.7563959955506118,0.7166666666666667,0.711864406779661
ridge_poly3_C30,sklearn_regularized,24,3,l2,30,0.7031942625292978,0.7552836484983315,0.7,0.6896551724137931
ridge_poly3_C100,sklearn_regularized,24,3,l2,100,0.7047712701113681,0.7552836484983315,0.7,0.6896551724137931
ridge_poly4_C0.01,sklearn_regularized,24,4,l2,0.01,0.5800168951506802,0.7853170189098998,0.7333333333333333,0.7241379310344828
ridge_poly4_C0.03,sklearn_regularized,24,4,l2,0.03,0.5569648034545385,0.7897664071190211,0.75,0.7457627118644068
ridge_poly4_C0.1,sklearn_regularized,24,4,l2,0.1,0.5647588019143761,0.7875417130144605,0.7166666666666667,0.711864406779661
ridge_poly4_C0.3,sklearn_regularized,24,4,l2,0.3,0.5967375494667638,0.7775305895439378,0.7166666666666667,0.711864406779661
ridge_poly4_C1,sklearn_regularized,24,4,l2,1,0.644782724158224,0.7764182424916574,0.7,0.7
ridge_poly4_C3,sklearn_regularized,24,4,l2,3,0.6948106876779384,0.7819799777530589,0.6833333333333333,0.6885245901639344
ridge_poly4_C10,sklearn_regularized,24,4,l2,10,0.754572107671673,0.7753058954393771,0.6833333333333333,0.6885245901639344
ridge_poly4_C30,sklearn_regularized,24,4,l2,30,0.8051211661158079,0.7741935483870968,0.6666666666666666,0.6774193548387096
ridge_poly4_C100,sklearn_regularized,24,4,l2,100,0.8360891203494536,0.7741935483870968,0.6666666666666666,0.6774193548387096
ridge_poly5_C0.01,sklearn_regularized,24,5,l2,0.01,0.5763053006248718,0.7897664071190211,0.7333333333333333,0.7241379310344828
ridge_poly5_C0.03,sklearn_regularized,24,5,l2,0.03,0.5617516381085426,0.7897664071190211,0.75,0.7457627118644068
ridge_poly5_C0.1,sklearn_regularized,24,5,l2,0.1,0.5772092443840092,0.7808676307007787,0.7166666666666667,0.711864406779661
ridge_poly5_C0.3,sklearn_regularized,24,5,l2,0.3,0.607825133228395,0.7775305895439377,0.7166666666666667,0.7213114754098361
ridge_poly5_C1,sklearn_regularized,24,5,l2,1,0.6630252089065497,0.7652947719688543,0.65,0.6666666666666666
ridge_poly5_C3,sklearn_regularized,24,5,l2,3,0.719056296472551,0.7664071190211346,0.6333333333333333,0.65625
ridge_poly5_C10,sklearn_regularized,24,5,l2,10,0.8034995611706435,0.7586206896551725,0.6833333333333333,0.7076923076923077
ridge_poly5_C30,sklearn_regularized,24,5,l2,30,0.9035347988647353,0.7619577308120133,0.7,0.7272727272727273
ridge_poly5_C100,sklearn_regularized,24,5,l2,100,1.11021223574473,0.7474972191323693,0.7,0.71875
ridge_poly6_C0.01,sklearn_regularized,24,6,l2,0.01,0.5742360855027964,0.7886540600667409,0.7333333333333333,0.7241379310344828
ridge_poly6_C0.03,sklearn_regularized,24,6,l2,0.03,0.5612978166974312,0.7931034482758621,0.75,0.7457627118644068
ridge_poly6_C0.1,sklearn_regularized,24,6,l2,0.1,0.5789461579121945,0.7830923248053392,0.7333333333333333,0.7333333333333333
ridge_poly6_C0.3,sklearn_regularized,24,6,l2,0.3,0.6259803294840751,0.7519466073414905,0.6666666666666666,0.6774193548387096
ridge_poly6_C1,sklearn_regularized,24,6,l2,1,0.7105210255798847,0.7508342602892103,0.6333333333333333,0.6451612903225806
ridge_poly6_C3,sklearn_regularized,24,6,l2,3,0.7695587491018638,0.7463848720800891,0.6166666666666667,0.6349206349206349
ridge_poly6_C10,sklearn_regularized,24,6,l2,10,0.8832347699245428,0.7308120133481646,0.65,0.676923076923077
ridge_poly6_C30,sklearn_regularized,24,6,l2,30,1.0709184851838627,0.7274749721913237,0.6333333333333333,0.6666666666666666
ridge_poly6_C100,sklearn_regularized,24,6,l2,100,1.8892751453263585,0.7091212458286986,0.6333333333333333,0.65625
lasso_poly2_C0.01,sklearn_regularized,24,2,l1,0.01,0.6931471805599454,0.5,0.48333333333333334,0.651685393258427
lasso_poly2_C0.03,sklearn_regularized,24,2,l1,0.03,0.6341042830443262,0.7942157953281425,0.7166666666666667,0.711864406779661
lasso_poly2_C0.1,sklearn_regularized,24,2,l1,0.1,0.5467726841003494,0.7908787541713014,0.7166666666666667,0.7213114754098361
lasso_poly2_C0.3,sklearn_regularized,24,2,l1,0.3,0.5550582997717445,0.7753058954393771,0.7333333333333333,0.7333333333333333
lasso_poly2_C1,sklearn_regularized,24,2,l1,1,0.5727223992658583,0.7686318131256952,0.7,0.6896551724137931
lasso_poly2_C3,sklearn_regularized,24,2,l1,3,0.5782310321600251,0.7675194660734148,0.7,0.6896551724137931
lasso_poly2_C10,sklearn_regularized,24,2,l1,10,0.5801828971699553,0.760845383759733,0.7,0.6896551724137931
lasso_poly2_C30,sklearn_regularized,24,2,l1,30,0.5808042489123932,0.7586206896551724,0.7,0.6896551724137931
lasso_poly2_C100,sklearn_regularized,24,2,l1,100,0.5810288570694598,0.7586206896551724,0.7,0.6896551724137931
lasso_poly3_C0.01,sklearn_regularized,24,3,l1,0.01,0.6931471805599454,0.5,0.48333333333333334,0.651685393258427
lasso_poly3_C0.03,sklearn_regularized,24,3,l1,0.03,0.6341035247304477,0.7942157953281425,0.7166666666666667,0.711864406779661
lasso_poly3_C0.1,sklearn_regularized,24,3,l1,0.1,0.5473150733108173,0.7864293659621802,0.7166666666666667,0.7213114754098361
lasso_poly3_C0.3,sklearn_regularized,24,3,l1,0.3,0.5717597719833758,0.7675194660734149,0.7333333333333333,0.7333333333333333
lasso_poly3_C1,sklearn_regularized,24,3,l1,1,0.6297465142899709,0.7586206896551725,0.7166666666666667,0.711864406779661
lasso_poly3_C3,sklearn_regularized,24,3,l1,3,0.6688913869269333,0.7563959955506118,0.7,0.7
lasso_poly3_C10,sklearn_regularized,24,3,l1,10,0.6924366973576475,0.7563959955506119,0.7,0.7
lasso_poly3_C30,sklearn_regularized,24,3,l1,30,0.7002636722721137,0.7552836484983315,0.7,0.6896551724137931
lasso_poly3_C100,sklearn_regularized,24,3,l1,100,0.7033480088813001,0.7552836484983315,0.7,0.6896551724137931
lasso_poly4_C0.01,sklearn_regularized,24,4,l1,0.01,0.6931471805599454,0.5,0.48333333333333334,0.651685393258427
lasso_poly4_C0.03,sklearn_regularized,24,4,l1,0.03,0.6341041346102748,0.7942157953281425,0.7166666666666667,0.711864406779661
lasso_poly4_C0.1,sklearn_regularized,24,4,l1,0.1,0.5473073043734533,0.7864293659621802,0.7166666666666667,0.7213114754098361
lasso_poly4_C0.3,sklearn_regularized,24,4,l1,0.3,0.5598504143212938,0.7741935483870969,0.7333333333333333,0.7333333333333333
lasso_poly4_C1,sklearn_regularized,24,4,l1,1,0.5931252825246227,0.7797552836484982,0.7333333333333333,0.7241379310344828
lasso_poly4_C3,sklearn_regularized,24,4,l1,3,0.6615009659691622,0.7708565072302557,0.6666666666666666,0.6774193548387096
lasso_poly4_C10,sklearn_regularized,24,4,l1,10,0.7775002625818671,0.7741935483870968,0.7,0.7096774193548387
lasso_poly4_C30,sklearn_regularized,24,4,l1,30,0.8231490475324873,0.7719688542825361,0.6666666666666666,0.6774193548387096
lasso_poly4_C100,sklearn_regularized,24,4,l1,100,0.8472068534531306,0.7741935483870968,0.6666666666666666,0.6774193548387096
lasso_poly5_C0.01,sklearn_regularized,24,5,l1,0.01,0.6931471805599454,0.5,0.48333333333333334,0.651685393258427
lasso_poly5_C0.03,sklearn_regularized,24,5,l1,0.03,0.6341029317071546,0.7942157953281425,0.7166666666666667,0.711864406779661
lasso_poly5_C0.1,sklearn_regularized,24,5,l1,0.1,0.547346427391218,0.7864293659621802,0.7166666666666667,0.7213114754098361
lasso_poly5_C0.3,sklearn_regularized,24,5,l1,0.3,0.5639012060713751,0.7697441601779755,0.7333333333333333,0.7333333333333333
lasso_poly5_C1,sklearn_regularized,24,5,l1,1,0.6095634534064324,0.775305895439377,0.7333333333333333,0.7333333333333333
lasso_poly5_C3,sklearn_regularized,24,5,l1,3,0.7090414980513603,0.7753058954393771,0.65,0.676923076923077
lasso_poly5_C10,sklearn_regularized,24,5,l1,10,0.8734696908819423,0.7652947719688542,0.6833333333333333,0.7076923076923077
lasso_poly5_C30,sklearn_regularized,24,5,l1,30,1.1565703309898858,0.7563959955506118,0.6833333333333333,0.6984126984126984
lasso_poly5_C100,sklearn_regularized,24,5,l1,100,1.415488462977543,0.7463848720800891,0.6833333333333333,0.6984126984126984
lasso_poly6_C0.01,sklearn_regularized,24,6,l1,0.01,0.6931471805599454,0.5,0.48333333333333334,0.651685393258427
lasso_poly6_C0.03,sklearn_regularized,24,6,l1,0.03,0.634103293333453,0.7942157953281425,0.7166666666666667,0.711864406779661
lasso_poly6_C0.1,sklearn_regularized,24,6,l1,0.1,0.5470836533735183,0.7864293659621802,0.7166666666666667,0.7213114754098361
lasso_poly6_C0.3,sklearn_regularized,24,6,l1,0.3,0.5632834256166237,0.7730812013348165,0.7333333333333333,0.7333333333333333
lasso_poly6_C1,sklearn_regularized,24,6,l1,1,0.6603464365085342,0.7374860956618465,0.6666666666666666,0.6666666666666666
lasso_poly6_C3,sklearn_regularized,24,6,l1,3,0.7853993491891103,0.7575083426028921,0.6333333333333333,0.65625
lasso_poly6_C10,sklearn_regularized,24,6,l1,10,1.1869469816123797,0.7152391546162402,0.65,0.676923076923077
lasso_poly6_C30,sklearn_regularized,24,6,l1,30,2.2809252692814943,0.7202447163515017,0.6666666666666666,0.6875
lasso_poly6_C100,sklearn_regularized,24,6,l1,100,2.7998788621469712,0.7124582869855395,0.65,0.6666666666666666
glm_current_simple,statsmodels_glm,25,,none,,0.4926395706782833,0.8164627363737487,0.7,0.7
glm_best_subset,statsmodels_glm,25,,none,,0.5180318247976329,0.8042269187986653,0.7166666666666667,0.7213114754098361
glm_full_degree2,statsmodels_glm,25,,none,,0.5273712786489727,0.7975528364849833,0.7,0.7
ridge_poly1_C0.01,sklearn_regularized,25,1,l2,0.01,0.6739657018128059,0.6240266963292547,0.5666666666666667,0.5185185185185185
ridge_poly1_C0.03,sklearn_regularized,25,1,l2,0.03,0.6694704665244796,0.6229143492769744,0.5833333333333334,0.5614035087719298
ridge_poly1_C0.1,sklearn_regularized,25,1,l2,0.1,0.6725022119117735,0.6218020022246942,0.6166666666666667,0.6229508196721312
ridge_poly1_C0.3,sklearn_regularized,25,1,l2,0.3,0.676627132009735,0.6229143492769744,0.6166666666666667,0.6229508196721312
ridge_poly1_C1,sklearn_regularized,25,1,l2,1,0.6790158751475125,0.6229143492769744,0.6333333333333333,0.6451612903225806
ridge_poly1_C3,sklearn_regularized,25,1,l2,3,0.67982906414654,0.6229143492769744,0.6333333333333333,0.6451612903225806
ridge_poly1_C10,sklearn_regularized,25,1,l2,10,0.6801297420738844,0.6229143492769744,0.6333333333333333,0.6451612903225806
ridge_poly1_C30,sklearn_regularized,25,1,l2,30,0.6802172726587832,0.6229143492769744,0.6333333333333333,0.6451612903225806
ridge_poly1_C100,sklearn_regularized,25,1,l2,100,0.6802480824003222,0.6229143492769744,0.6333333333333333,0.6451612903225806
ridge_poly2_C0.01,sklearn_regularized,25,2,l2,0.01,0.6037681177110225,0.7897664071190211,0.7166666666666667,0.7017543859649122
ridge_poly2_C0.03,sklearn_regularized,25,2,l2,0.03,0.5566505983558337,0.7919911012235817,0.7,0.7
ridge_poly2_C0.1,sklearn_regularized,25,2,l2,0.1,0.5285775779908707,0.7953281423804227,0.7,0.7
ridge_poly2_C0.3,sklearn_regularized,25,2,l2,0.3,0.5232329256083699,0.7986651835372636,0.7,0.7
ridge_poly2_C1,sklearn_regularized,25,2,l2,1,0.5248533727377418,0.7975528364849833,0.7,0.7
ridge_poly2_C3,sklearn_regularized,25,2,l2,3,0.5263491782888443,0.7975528364849833,0.7,0.7
ridge_poly2_C10,sklearn_regularized,25,2,l2,10,0.5270562135778626,0.7975528364849833,0.7,0.7
ridge_poly2_C30,sklearn_regularized,25,2,l2,30,0.527279420033011,0.7975528364849833,0.7,0.7
ridge_poly2_C100,sklearn_regularized,25,2,l2,100,0.5273599278928194,0.7975528364849833,0.7,0.7
ridge_poly3_C0.01,sklearn_regularized,25,3,l2,0.01,0.6106874765962973,0.7608453837597331,0.6833333333333333,0.6415094339622641
ridge_poly3_C0.03,sklearn_regularized,25,3,l2,0.03,0.5689224509026979,0.7830923248053393,0.65,0.631578947368421
ridge_poly3_C0.1,sklearn_regularized,25,3,l2,0.1,0.5536929129015404,0.7775305895439377,0.6666666666666666,0.6551724137931034
ridge_poly3_C0.3,sklearn_regularized,25,3,l2,0.3,0.5704551010471449,0.7664071190211347,0.6666666666666666,0.6551724137931034
ridge_poly3_C1,sklearn_regularized,25,3,l2,1,0.5903403628158377,0.7597330367074527,0.6666666666666666,0.6551724137931034
ridge_poly3_C3,sklearn_regularized,25,3,l2,3,0.5981975929487472,0.7563959955506119,0.6666666666666666,0.6551724137931034
ridge_poly3_C10,sklearn_regularized,25,3,l2,10,0.6019607455457471,0.7563959955506118,0.6333333333333333,0.6333333333333333
ridge_poly3_C30,sklearn_regularized,25,3,l2,30,0.6031955999960132,0.7575083426028921,0.6333333333333333,0.6333333333333333
ridge_poly3_C100,sklearn_regularized,25,3,l2,100,0.6036082844793024,0.7575083426028921,0.6333333333333333,0.6333333333333333
ridge_poly4_C0.01,sklearn_regularized,25,4,l2,0.01,0.5753650746702287,0.7975528364849833,0.7,0.6785714285714286
ridge_poly4_C0.03,sklearn_regularized,25,4,l2,0.03,0.543295036241475,0.7842046718576197,0.6666666666666666,0.6551724137931034
ridge_poly4_C0.1,sklearn_regularized,25,4,l2,0.1,0.5451772272580739,0.7664071190211346,0.6666666666666666,0.6551724137931034
ridge_poly4_C0.3,sklearn_regularized,25,4,l2,0.3,0.5627579278049492,0.7764182424916574,0.6833333333333333,0.6779661016949152
ridge_poly4_C1,sklearn_regularized,25,4,l2,1,0.5918409448701366,0.7908787541713015,0.7333333333333333,0.7241379310344828
ridge_poly4_C3,sklearn_regularized,25,4,l2,3,0.6570887932529551,0.7686318131256953,0.7,0.7
ridge_poly4_C10,sklearn_regularized,25,4,l2,10,0.7740928427549625,0.7341490545050056,0.6666666666666666,0.6774193548387096
ridge_poly4_C30,sklearn_regularized,25,4,l2,30,0.8786350983472981,0.7241379310344828,0.6666666666666666,0.6774193548387096
ridge_poly4_C100,sklearn_regularized,25,4,l2,100,0.9594434158636045,0.7208008898776419,0.6666666666666666,0.6774193548387096
ridge_poly5_C0.01,sklearn_regularized,25,5,l2,0.01,0.5795608827097116,0.8064516129032258,0.7166666666666667,0.6909090909090909
ridge_poly5_C0.03,sklearn_regularized,25,5,l2,0.03,0.5444254187958505,0.7953281423804227,0.6666666666666666,0.6551724137931034
ridge_poly5_C0.1,sklearn_regularized,25,5,l2,0.1,0.5405401265866819,0.7853170189098999,0.6833333333333333,0.6666666666666666
ridge_poly5_C0.3,sklearn_regularized,25,5,l2,0.3,0.5527547483946588,0.7919911012235816,0.6833333333333333,0.6666666666666666
ridge_poly5_C1,sklearn_regularized,25,5,l2,1,0.6122180081758779,0.7741935483870968,0.7166666666666667,0.7213114754098361
ridge_poly5_C3,sklearn_regularized,25,5,l2,3,0.7349593022148672,0.7497219132369299,0.7166666666666667,0.7213114754098361
ridge_poly5_C10,sklearn_regularized,25,5,l2,10,0.9137779682543048,0.7363737486095662,0.6833333333333333,0.6885245901639344
ridge_poly5_C30,sklearn_regularized,25,5,l2,30,1.0701868129840792,0.7341490545050056,0.6833333333333333,0.6885245901639344
ridge_poly5_C100,sklearn_regularized,25,5,l2,100,1.2197864161077099,0.7374860956618465,0.7,0.7096774193548387
ridge_poly6_C0.01,sklearn_regularized,25,6,l2,0.01,0.5683132537814966,0.8008898776418243,0.6833333333333333,0.6545454545454545
ridge_poly6_C0.03,sklearn_regularized,25,6,l2,0.03,0.5408374049633143,0.7875417130144605,0.6833333333333333,0.6666666666666666
ridge_poly6_C0.1,sklearn_regularized,25,6,l2,0.1,0.5425415426118256,0.7797552836484982,0.6833333333333333,0.6666666666666666
ridge_poly6_C0.3,sklearn_regularized,25,6,l2,0.3,0.5678002817713647,0.7919911012235817,0.7166666666666667,0.711864406779661
ridge_poly6_C1,sklearn_regularized,25,6,l2,1,0.6688102905244341,0.7575083426028921,0.7333333333333333,0.7333333333333333
ridge_poly6_C3,sklearn_regularized,25,6,l2,3,0.8718196882987821,0.7374860956618465,0.7,0.7
ridge_poly6_C10,sklearn_regularized,25,6,l2,10,1.195137870391953,0.7208008898776419,0.6666666666666666,0.6551724137931034
ridge_poly6_C30,sklearn_regularized,25,6,l2,30,1.6161849262431303,0.7130144605116797,0.6666666666666666,0.6551724137931034
ridge_poly6_C100,sklearn_regularized,25,6,l2,100,2.697563401719359,0.6790878754171301,0.6333333333333333,0.6206896551724138
lasso_poly2_C0.01,sklearn_regularized,25,2,l1,0.01,0.6931471805599454,0.5,0.48333333333333334,0.651685393258427
lasso_poly2_C0.03,sklearn_regularized,25,2,l1,0.03,0.6417275590286557,0.7919911012235817,0.7166666666666667,0.7213114754098361
lasso_poly2_C0.1,sklearn_regularized,25,2,l1,0.1,0.541074172901469,0.8031145717463849,0.7333333333333333,0.7419354838709677
lasso_poly2_C0.3,sklearn_regularized,25,2,l1,0.3,0.5241582876843002,0.7931034482758621,0.7166666666666667,0.7301587301587301
lasso_poly2_C1,sklearn_regularized,25,2,l1,1,0.5228610860913248,0.7986651835372636,0.7,0.7
lasso_poly2_C3,sklearn_regularized,25,2,l1,3,0.525439836347045,0.7975528364849833,0.7,0.7
lasso_poly2_C10,sklearn_regularized,25,2,l1,10,0.5267389746517828,0.7975528364849833,0.7,0.7
lasso_poly2_C30,sklearn_regularized,25,2,l1,30,0.5271518656560332,0.7975528364849833,0.7,0.7
lasso_poly2_C100,sklearn_regularized,25,2,l1,100,0.5273009092343746,0.7975528364849833,0.7,0.7
lasso_poly3_C0.01,sklearn_regularized,25,3,l1,0.01,0.6931471805599454,0.5,0.48333333333333334,0.651685393258427
lasso_poly3_C0.03,sklearn_regularized,25,3,l1,0.03,0.6417275590286557,0.7919911012235817,0.7166666666666667,0.7213114754098361
lasso_poly3_C0.1,sklearn_regularized,25,3,l1,0.1,0.541076825898789,0.8031145717463849,0.7333333333333333,0.7419354838709677
lasso_poly3_C0.3,sklearn_regularized,25,3,l1,0.3,0.5475048059162909,0.7797552836484983,0.7,0.7096774193548387
lasso_poly3_C1,sklearn_regularized,25,3,l1,1,0.5928332952415815,0.7630700778642936,0.6666666666666666,0.6666666666666666
lasso_poly3_C3,sklearn_regularized,25,3,l1,3,0.6026427435631363,0.7586206896551725,0.6833333333333333,0.6779661016949152
lasso_poly3_C10,sklearn_regularized,25,3,l1,10,0.6037002439119298,0.760845383759733,0.65,0.6440677966101694
lasso_poly3_C30,sklearn_regularized,25,3,l1,30,0.6034620784542775,0.7575083426028921,0.6333333333333333,0.6333333333333333
lasso_poly3_C100,sklearn_regularized,25,3,l1,100,0.6035012425970626,0.7586206896551724,0.6333333333333333,0.6333333333333333
lasso_poly4_C0.01,sklearn_regularized,25,4,l1,0.01,0.6931471805599454,0.5,0.48333333333333334,0.651685393258427
lasso_poly4_C0.03,sklearn_regularized,25,4,l1,0.03,0.6417275590286557,0.7919911012235817,0.7166666666666667,0.7213114754098361
lasso_poly4_C0.1,sklearn_regularized,25,4,l1,0.1,0.5411376503634705,0.8020022246941045,0.7333333333333333,0.7419354838709677
lasso_poly4_C0.3,sklearn_regularized,25,4,l1,0.3,0.5493317620962064,0.7919911012235817,0.6833333333333333,0.6885245901639344
lasso_poly4_C1,sklearn_regularized,25,4,l1,1,0.590518312656295,0.7797552836484983,0.7,0.7
lasso_poly4_C3,sklearn_regularized,25,4,l1,3,0.6617932995100665,0.7697441601779755,0.7,0.7096774193548387
lasso_poly4_C10,sklearn_regularized,25,4,l1,10,0.8201481590204968,0.725250278086763,0.6666666666666666,0.6774193548387096
lasso_poly4_C30,sklearn_regularized,25,4,l1,30,0.9267211147820352,0.7230255839822024,0.6666666666666666,0.6774193548387096
lasso_poly4_C100,sklearn_regularized,25,4,l1,100,0.9841015797652904,0.7208008898776418,0.65,0.6557377049180327
lasso_poly5_C0.01,sklearn_regularized,25,5,l1,0.01,0.6931471805599454,0.5,0.48333333333333334,0.651685393258427
lasso_poly5_C0.03,sklearn_regularized,25,5,l1,0.03,0.6417298586357597,0.7919911012235817,0.7166666666666667,0.7213114754098361
lasso_poly5_C0.1,sklearn_regularized,25,5,l1,0.1,0.5409984530229386,0.8020022246941045,0.7333333333333333,0.7419354838709677
lasso_poly5_C0.3,sklearn_regularized,25,5,l1,0.3,0.5492848105222864,0.7919911012235817,0.6833333333333333,0.6885245901639344
lasso_poly5_C1,sklearn_regularized,25,5,l1,1,0.6238038075020517,0.7741935483870968,0.7,0.6896551724137931
lasso_poly5_C3,sklearn_regularized,25,5,l1,3,0.7453865374165364,0.7530589543937708,0.7166666666666667,0.7213114754098361
lasso_poly5_C10,sklearn_regularized,25,5,l1,10,0.9593850787057578,0.7486095661846497,0.7166666666666667,0.7213114754098361
lasso_poly5_C30,sklearn_regularized,25,5,l1,30,1.2348900364947422,0.746384872080089,0.6833333333333333,0.6779661016949152
lasso_poly5_C100,sklearn_regularized,25,5,l1,100,1.3936858919474076,0.7419354838709677,0.65,0.6440677966101694
lasso_poly6_C0.01,sklearn_regularized,25,6,l1,0.01,0.6931471805599454,0.5,0.48333333333333334,0.651685393258427
lasso_poly6_C0.03,sklearn_regularized,25,6,l1,0.03,0.6417275590286557,0.7919911012235817,0.7166666666666667,0.7213114754098361
lasso_poly6_C0.1,sklearn_regularized,25,6,l1,0.1,0.5416087720450933,0.8020022246941045,0.7333333333333333,0.7419354838709677
lasso_poly6_C0.3,sklearn_regularized,25,6,l1,0.3,0.5502514851236177,0.7908787541713015,0.6833333333333333,0.6885245901639344
lasso_poly6_C1,sklearn_regularized,25,6,l1,1,0.64082440184794,0.7619577308120133,0.6666666666666666,0.6774193548387096
lasso_poly6_C3,sklearn_regularized,25,6,l1,3,0.8539656453320376,0.7319243604004448,0.7,0.7096774193548387
lasso_poly6_C10,sklearn_regularized,25,6,l1,10,1.7724473629911985,0.7007786429365962,0.65,0.6440677966101694
lasso_poly6_C30,sklearn_regularized,25,6,l1,30,2.5485021050763828,0.6635150166852058,0.6166666666666667,0.5964912280701754
lasso_poly6_C100,sklearn_regularized,25,6,l1,100,3.645429852345973,0.6390433815350389,0.5833333333333334,0.5614035087719298
glm_current_simple,statsmodels_glm,26,,none,,0.4946862106216498,0.8482142857142858,0.7833333333333333,0.7547169811320755
glm_best_subset,statsmodels_glm,26,,none,,0.4889520283049258,0.8582589285714286,0.8333333333333334,0.8214285714285714
glm_full_degree2,statsmodels_glm,26,,none,,0.5084620474237084,0.8470982142857143,0.8166666666666667,0.8070175438596491
ridge_poly1_C0.01,sklearn_regularized,26,1,l2,0.01,0.6549402076293366,0.7120535714285714,0.65,0.5116279069767442
ridge_poly1_C0.03,sklearn_regularized,26,1,l2,0.03,0.6389899376038581,0.7120535714285714,0.6333333333333333,0.56
ridge_poly1_C0.1,sklearn_regularized,26,1,l2,0.1,0.6320801902143017,0.7154017857142857,0.6333333333333333,0.56
ridge_poly1_C0.3,sklearn_regularized,26,1,l2,0.3,0.631116850779162,0.7165178571428571,0.6333333333333333,0.56
ridge_poly1_C1,sklearn_regularized,26,1,l2,1,0.631137953640678,0.7165178571428571,0.65,0.5882352941176471
ridge_poly1_C3,sklearn_regularized,26,1,l2,3,0.631198657581786,0.7165178571428571,0.65,0.5882352941176471
ridge_poly1_C10,sklearn_regularized,26,1,l2,10,0.6312266888816489,0.7165178571428571,0.65,0.5882352941176471
ridge_poly1_C30,sklearn_regularized,26,1,l2,30,0.6312353786854332,0.7165178571428571,0.65,0.5882352941176471
ridge_poly1_C100,sklearn_regularized,26,1,l2,100,0.6312384928862836,0.7165178571428571,0.65,0.5882352941176471
ridge_poly2_C0.01,sklearn_regularized,26,2,l2,0.01,0.6037432131126111,0.8437499999999999,0.7666666666666667,0.7307692307692307
ridge_poly2_C0.03,sklearn_regularized,26,2,l2,0.03,0.554979708360528,0.8470982142857144,0.7833333333333333,0.7547169811320755
ridge_poly2_C0.1,sklearn_regularized,26,2,l2,0.1,0.5201245477053351,0.8482142857142857,0.7833333333333333,0.7636363636363637
ridge_poly2_C0.3,sklearn_regularized,26,2,l2,0.3,0.5087351894796355,0.8459821428571428,0.7833333333333333,0.7636363636363637
ridge_poly2_C1,sklearn_regularized,26,2,l2,1,0.507294735712271,0.8482142857142857,0.7833333333333333,0.7636363636363637
ridge_poly2_C3,sklearn_regularized,26,2,l2,3,0.507886679175354,0.8470982142857143,0.8,0.7857142857142857
ridge_poly2_C10,sklearn_regularized,26,2,l2,10,0.5082891793122396,0.8482142857142857,0.8166666666666667,0.8070175438596491
ridge_poly2_C30,sklearn_regularized,26,2,l2,30,0.5084274773395698,0.8470982142857143,0.8166666666666667,0.8070175438596491
ridge_poly2_C100,sklearn_regularized,26,2,l2,100,0.508478534341456,0.8470982142857143,0.8166666666666667,0.8070175438596491
ridge_poly3_C0.01,sklearn_regularized,26,3,l2,0.01,0.5979759718413376,0.8381696428571428,0.7666666666666667,0.7083333333333334
ridge_poly3_C0.03,sklearn_regularized,26,3,l2,0.03,0.5491184399562964,0.8582589285714286,0.7833333333333333,0.7450980392156863
ridge_poly3_C0.1,sklearn_regularized,26,3,l2,0.1,0.5151549745888351,0.8537946428571428,0.8166666666666667,0.7924528301886793
ridge_poly3_C0.3,sklearn_regularized,26,3,l2,0.3,0.5088710252337553,0.8415178571428571,0.8,0.7777777777777778
ridge_poly3_C1,sklearn_regularized,26,3,l2,1,0.5159591493254571,0.8236607142857142,0.7833333333333333,0.7547169811320755
ridge_poly3_C3,sklearn_regularized,26,3,l2,3,0.5233019948742196,0.8203125000000001,0.7666666666666667,0.7307692307692307
ridge_poly3_C10,sklearn_regularized,26,3,l2,10,0.527496155513268,0.8169642857142857,0.7666666666666667,0.7307692307692307
ridge_poly3_C30,sklearn_regularized,26,3,l2,30,0.5289587909309761,0.8169642857142857,0.7666666666666667,0.7307692307692307
ridge_poly3_C100,sklearn_regularized,26,3,l2,100,0.5295007314546727,0.8169642857142857,0.7666666666666667,0.7307692307692307
ridge_poly4_C0.01,sklearn_regularized,26,4,l2,0.01,0.57335091614504,0.8604910714285714,0.7666666666666667,0.7083333333333334
ridge_poly4_C0.03,sklearn_regularized,26,4,l2,0.03,0.5351893356149071,0.8504464285714286,0.7666666666666667,0.7307692307692307
ridge_poly4_C0.1,sklearn_regularized,26,4,l2,0.1,0.5197438660612596,0.8404017857142857,0.8,0.7777777777777778
ridge_poly4_C0.3,sklearn_regularized,26,4,l2,0.3,0.5368115920827482,0.8191964285714286,0.8166666666666667,0.8
ridge_poly4_C1,sklearn_regularized,26,4,l2,1,0.6553343574086494,0.7700892857142857,0.7166666666666667,0.7213114754098361
ridge_poly4_C3,sklearn_regularized,26,4,l2,3,0.8088533472621252,0.75,0.7,0.7096774193548387
ridge_poly4_C10,sklearn_regularized,26,4,l2,10,0.9653885089427517,0.7299107142857143,0.6833333333333333,0.6885245901639344
ridge_poly4_C30,sklearn_regularized,26,4,l2,30,1.0732530047129765,0.7142857142857143,0.6833333333333333,0.6885245901639344
ridge_poly4_C100,sklearn_regularized,26,4,l2,100,1.1397869891097878,0.7020089285714285,0.6833333333333333,0.6779661016949152
ridge_poly5_C0.01,sklearn_regularized,26,5,l2,0.01,0.5719816162947685,0.8604910714285714,0.7833333333333333,0.723404255319149
ridge_poly5_C0.03,sklearn_regularized,26,5,l2,0.03,0.5339363262180131,0.8470982142857143,0.7666666666666667,0.7307692307692307
ridge_poly5_C0.1,sklearn_regularized,26,5,l2,0.1,0.5197706025694114,0.8381696428571429,0.8,0.7777777777777778
ridge_poly5_C0.3,sklearn_regularized,26,5,l2,0.3,0.5414474853983889,0.8113839285714286,0.75,0.7368421052631579
ridge_poly5_C1,sklearn_regularized,26,5,l2,1,0.7092125839549431,0.7522321428571429,0.7,0.7096774193548387
ridge_poly5_C3,sklearn_regularized,26,5,l2,3,0.9698722221439857,0.7332589285714285,0.7,0.7096774193548387
ridge_poly5_C10,sklearn_regularized,26,5,l2,10,1.2516989303683421,0.7265625,0.7,0.7096774193548387
ridge_poly5_C30,sklearn_regularized,26,5,l2,30,1.395324653314133,0.7092633928571428,0.65,0.631578947368421
ridge_poly5_C100,sklearn_regularized,26,5,l2,100,1.4792696888789802,0.6908482142857142,0.65,0.631578947368421
ridge_poly6_C0.01,sklearn_regularized,26,6,l2,0.01,0.5641776232646569,0.8526785714285714,0.75,0.6808510638297872
ridge_poly6_C0.03,sklearn_regularized,26,6,l2,0.03,0.5320327566892228,0.8470982142857143,0.7666666666666667,0.7307692307692307
ridge_poly6_C0.1,sklearn_regularized,26,6,l2,0.1,0.5179608286986535,0.8392857142857143,0.8,0.7777777777777778
ridge_poly6_C0.3,sklearn_regularized,26,6,l2,0.3,0.5446237267368187,0.8046875,0.75,0.7457627118644068
ridge_poly6_C1,sklearn_regularized,26,6,l2,1,0.6867779464028293,0.7745535714285714,0.7333333333333333,0.7333333333333333
ridge_poly6_C3,sklearn_regularized,26,6,l2,3,0.8327581895172756,0.7466517857142858,0.7,0.7096774193548387
ridge_poly6_C10,sklearn_regularized,26,6,l2,10,0.9359799191899546,0.7466517857142857,0.7166666666666667,0.711864406779661
ridge_poly6_C30,sklearn_regularized,26,6,l2,30,0.9575271421611051,0.7220982142857143,0.65,0.6181818181818182
ridge_poly6_C100,sklearn_regularized,26,6,l2,100,0.8655947186033927,0.7499999999999999,0.6666666666666666,0.6428571428571429
lasso_poly2_C0.01,sklearn_regularized,26,2,l1,0.01,0.6931471805599454,0.5,0.4666666666666667,0.6363636363636364
lasso_poly2_C0.03,sklearn_regularized,26,2,l1,0.03,0.6382724780772366,0.8426339285714286,0.75,0.7169811320754716
lasso_poly2_C0.1,sklearn_regularized,26,2,l1,0.1,0.5305142440110331,0.8415178571428571,0.75,0.7272727272727273
lasso_poly2_C0.3,sklearn_regularized,26,2,l1,0.3,0.4986954815650844,0.8504464285714286,0.7833333333333333,0.7636363636363637
lasso_poly2_C1,sklearn_regularized,26,2,l1,1,0.5009249524764122,0.8504464285714284,0.7833333333333333,0.7636363636363637
lasso_poly2_C3,sklearn_regularized,26,2,l1,3,0.5053492209332059,0.8493303571428571,0.8,0.7857142857142857
lasso_poly2_C10,sklearn_regularized,26,2,l1,10,0.5074589142268432,0.8470982142857143,0.8166666666666667,0.8070175438596491
lasso_poly2_C30,sklearn_regularized,26,2,l1,30,0.5081190010442814,0.8470982142857143,0.8166666666666667,0.8070175438596491
lasso_poly2_C100,sklearn_regularized,26,2,l1,100,0.5083564361669416,0.8470982142857143,0.8166666666666667,0.8070175438596491
lasso_poly3_C0.01,sklearn_regularized,26,3,l1,0.01,0.6931471805599454,0.5,0.4666666666666667,0.6363636363636364
lasso_poly3_C0.03,sklearn_regularized,26,3,l1,0.03,0.6382723998330349,0.8426339285714286,0.75,0.7169811320754716
lasso_poly3_C0.1,sklearn_regularized,26,3,l1,0.1,0.5305201717394911,0.8415178571428571,0.75,0.7272727272727273
lasso_poly3_C0.3,sklearn_regularized,26,3,l1,0.3,0.4908133558787858,0.8571428571428572,0.7833333333333333,0.7636363636363637
lasso_poly3_C1,sklearn_regularized,26,3,l1,1,0.4987589904745563,0.8426339285714285,0.7833333333333333,0.7547169811320755
lasso_poly3_C3,sklearn_regularized,26,3,l1,3,0.5151097857160759,0.8270089285714286,0.7833333333333333,0.7547169811320755
lasso_poly3_C10,sklearn_regularized,26,3,l1,10,0.524314659504247,0.8191964285714286,0.7666666666666667,0.7307692307692307
lasso_poly3_C30,sklearn_regularized,26,3,l1,30,0.5277370160772777,0.8180803571428571,0.7666666666666667,0.7307692307692307
lasso_poly3_C100,sklearn_regularized,26,3,l1,100,0.5289992994140821,0.8169642857142857,0.7666666666666667,0.7307692307692307
lasso_poly4_C0.01,sklearn_regularized,26,4,l1,0.01,0.6931471805599454,0.5,0.4666666666666667,0.6363636363636364
lasso_poly4_C0.03,sklearn_regularized,26,4,l1,0.03,0.6382729058757124,0.8426339285714286,0.75,0.7169811320754716
lasso_poly4_C0.1,sklearn_regularized,26,4,l1,0.1,0.530168444326825,0.8426339285714286,0.75,0.7272727272727273
lasso_poly4_C0.3,sklearn_regularized,26,4,l1,0.3,0.4911123991341946,0.8616071428571429,0.7833333333333333,0.7636363636363637
lasso_poly4_C1,sklearn_regularized,26,4,l1,1,0.5660131385099817,0.7935267857142857,0.75,0.7457627118644068
lasso_poly4_C3,sklearn_regularized,26,4,l1,3,0.8230753707513183,0.7511160714285714,0.6666666666666666,0.6666666666666666
lasso_poly4_C10,sklearn_regularized,26,4,l1,10,1.0369313110858862,0.7198660714285714,0.6833333333333333,0.6885245901639344
lasso_poly4_C30,sklearn_regularized,26,4,l1,30,1.127241409958931,0.7008928571428571,0.7,0.7
lasso_poly4_C100,sklearn_regularized,26,4,l1,100,1.162699955056791,0.6941964285714286,0.6833333333333333,0.6779661016949152
lasso_poly5_C0.01,sklearn_regularized,26,5,l1,0.01,0.6931471805599454,0.5,0.4666666666666667,0.6363636363636364
lasso_poly5_C0.03,sklearn_regularized,26,5,l1,0.03,0.6382722905003069,0.8426339285714286,0.75,0.7169811320754716
lasso_poly5_C0.1,sklearn_regularized,26,5,l1,0.1,0.5301654379379799,0.8426339285714286,0.75,0.7272727272727273
lasso_poly5_C0.3,sklearn_regularized,26,5,l1,0.3,0.4910086290604465,0.8616071428571429,0.7833333333333333,0.7636363636363637
lasso_poly5_C1,sklearn_regularized,26,5,l1,1,0.5710605128510033,0.7957589285714286,0.7666666666666667,0.7586206896551724
lasso_poly5_C3,sklearn_regularized,26,5,l1,3,0.9433417087154105,0.7276785714285715,0.7,0.7
lasso_poly5_C10,sklearn_regularized,26,5,l1,10,1.3512756107583495,0.7098214285714285,0.6666666666666666,0.6551724137931034
lasso_poly5_C30,sklearn_regularized,26,5,l1,30,1.470910694858327,0.6796875,0.6333333333333333,0.6071428571428571
lasso_poly5_C100,sklearn_regularized,26,5,l1,100,1.488349676584327,0.6785714285714285,0.6333333333333333,0.5925925925925926
lasso_poly6_C0.01,sklearn_regularized,26,6,l1,0.01,0.6931471805599454,0.5,0.4666666666666667,0.6363636363636364
lasso_poly6_C0.03,sklearn_regularized,26,6,l1,0.03,0.6382723022858047,0.8426339285714286,0.75,0.7169811320754716
lasso_poly6_C0.1,sklearn_regularized,26,6,l1,0.1,0.5301892117583024,0.8426339285714286,0.75,0.7272727272727273
lasso_poly6_C0.3,sklearn_regularized,26,6,l1,0.3,0.4910826195431476,0.8604910714285714,0.7833333333333333,0.7636363636363637
lasso_poly6_C1,sklearn_regularized,26,6,l1,1,0.5874290532456944,0.7689732142857143,0.75,0.7457627118644068
lasso_poly6_C3,sklearn_regularized,26,6,l1,3,0.8441936242592539,0.7388392857142857,0.7166666666666667,0.711864406779661
lasso_poly6_C10,sklearn_regularized,26,6,l1,10,1.1228700257206259,0.7187499999999999,0.6666666666666666,0.6428571428571429
lasso_poly6_C30,sklearn_regularized,26,6,l1,30,0.909141644490078,0.7399553571428572,0.6833333333333333,0.6545454545454545
lasso_poly6_C100,sklearn_regularized,26,6,l1,100,2.0942412297486444,0.6640625,0.5833333333333334,0.5614035087719298
glm_current_simple,statsmodels_glm,27,,none,,0.5364243190952623,0.7957589285714286,0.7166666666666667,0.7017543859649122
glm_best_subset,statsmodels_glm,27,,none,,0.5179001132450282,0.8191964285714286,0.75,0.7272727272727273
glm_full_degree2,statsmodels_glm,27,,none,,0.5188290927397581,0.8136160714285714,0.75,0.7272727272727273
ridge_poly1_C0.01,sklearn_regularized,27,1,l2,0.01,0.6578023805512968,0.6997767857142857,0.6,0.5
ridge_poly1_C0.03,sklearn_regularized,27,1,l2,0.03,0.6401666839877785,0.6986607142857143,0.6166666666666667,0.5660377358490566
ridge_poly1_C0.1,sklearn_regularized,27,1,l2,0.1,0.6294096145332075,0.7008928571428572,0.6333333333333333,0.6071428571428571
ridge_poly1_C0.3,sklearn_regularized,27,1,l2,0.3,0.6259179174019607,0.7008928571428572,0.65,0.631578947368421
ridge_poly1_C1,sklearn_regularized,27,1,l2,1,0.624740632214171,0.7008928571428572,0.6666666666666666,0.6551724137931034
ridge_poly1_C3,sklearn_regularized,27,1,l2,3,0.6244170594331262,0.7008928571428572,0.6666666666666666,0.6551724137931034
ridge_poly1_C10,sklearn_regularized,27,1,l2,10,0.6243056355740416,0.7008928571428572,0.6666666666666666,0.6551724137931034
ridge_poly1_C30,sklearn_regularized,27,1,l2,30,0.624273990674499,0.7008928571428572,0.6666666666666666,0.6551724137931034
ridge_poly1_C100,sklearn_regularized,27,1,l2,100,0.6242629355760002,0.7008928571428572,0.6666666666666666,0.6551724137931034
ridge_poly2_C0.01,sklearn_regularized,27,2,l2,0.01,0.6167936697755562,0.7957589285714286,0.7,0.6538461538461539
ridge_poly2_C0.03,sklearn_regularized,27,2,l2,0.03,0.5741910410913076,0.8024553571428571,0.7166666666666667,0.6909090909090909
ridge_poly2_C0.1,sklearn_regularized,27,2,l2,0.1,0.5414932055018254,0.8125,0.75,0.7272727272727273
ridge_poly2_C0.3,sklearn_regularized,27,2,l2,0.3,0.5272528299454972,0.8136160714285714,0.75,0.7272727272727273
ridge_poly2_C1,sklearn_regularized,27,2,l2,1,0.5214648205938581,0.8113839285714286,0.75,0.7272727272727273
ridge_poly2_C3,sklearn_regularized,27,2,l2,3,0.5197434032455273,0.8136160714285714,0.75,0.7272727272727273
ridge_poly2_C10,sklearn_regularized,27,2,l2,10,0.5191398548860078,0.8136160714285714,0.75,0.7272727272727273
ridge_poly2_C30,sklearn_regularized,27,2,l2,30,0.5189674150978482,0.8136160714285714,0.75,0.7272727272727273
ridge_poly2_C100,sklearn_regularized,27,2,l2,100,0.5189070721834624,0.8136160714285714,0.75,0.7272727272727273
ridge_poly3_C0.01,sklearn_regularized,27,3,l2,0.01,0.6137741699804684,0.7901785714285714,0.7166666666666667,0.6666666666666666
ridge_poly3_C0.03,sklearn_regularized,27,3,l2,0.03,0.5763433735643673,0.7935267857142857,0.75,0.7169811320754716
ridge_poly3_C0.1,sklearn_regularized,27,3,l2,0.1,0.5483395974399217,0.7946428571428571,0.7333333333333333,0.7142857142857143
ridge_poly3_C0.3,sklearn_regularized,27,3,l2,0.3,0.5359883344158547,0.7957589285714286,0.7166666666666667,0.7017543859649122
ridge_poly3_C1,sklearn_regularized,27,3,l2,1,0.5313593633322754,0.7991071428571429,0.7166666666666667,0.7017543859649122
ridge_poly3_C3,sklearn_regularized,27,3,l2,3,0.530427216269962,0.8035714285714286,0.7166666666666667,0.7017543859649122
ridge_poly3_C10,sklearn_regularized,27,3,l2,10,0.5302970220102615,0.8035714285714286,0.7166666666666667,0.7017543859649122
ridge_poly3_C30,sklearn_regularized,27,3,l2,30,0.5302879405981472,0.8035714285714286,0.7166666666666667,0.7017543859649122
ridge_poly3_C100,sklearn_regularized,27,3,l2,100,0.5302889251492481,0.8035714285714286,0.7166666666666667,0.7017543859649122
ridge_poly4_C0.01,sklearn_regularized,27,4,l2,0.01,0.5938962233773694,0.7935267857142857,0.7166666666666667,0.6666666666666666
ridge_poly4_C0.03,sklearn_regularized,27,4,l2,0.03,0.5560768661869726,0.8046875,0.7666666666666667,0.7407407407407407
ridge_poly4_C0.1,sklearn_regularized,27,4,l2,0.1,0.5270064641757518,0.8091517857142857,0.7666666666666667,0.7407407407407407
ridge_poly4_C0.3,sklearn_regularized,27,4,l2,0.3,0.5108916924748219,0.8080357142857142,0.75,0.7272727272727273
ridge_poly4_C1,sklearn_regularized,27,4,l2,1,0.5035600803217578,0.8136160714285714,0.7166666666666667,0.6909090909090909
ridge_poly4_C3,sklearn_regularized,27,4,l2,3,0.5110863978709635,0.8058035714285714,0.7166666666666667,0.711864406779661
ridge_poly4_C10,sklearn_regularized,27,4,l2,10,0.5399581980533942,0.7991071428571428,0.7166666666666667,0.711864406779661
ridge_poly4_C30,sklearn_regularized,27,4,l2,30,0.5655278316447719,0.7924107142857143,0.7166666666666667,0.711864406779661
ridge_poly4_C100,sklearn_regularized,27,4,l2,100,0.5791036222526136,0.7879464285714286,0.7166666666666667,0.711864406779661
ridge_poly5_C0.01,sklearn_regularized,27,5,l2,0.01,0.595704468698057,0.7991071428571429,0.7333333333333333,0.68
ridge_poly5_C0.03,sklearn_regularized,27,5,l2,0.03,0.5584415502943738,0.8035714285714286,0.7666666666666667,0.7407407407407407
ridge_poly5_C0.1,sklearn_regularized,27,5,l2,0.1,0.5290545761264634,0.8091517857142857,0.7666666666666667,0.7407407407407407
ridge_poly5_C0.3,sklearn_regularized,27,5,l2,0.3,0.5126891050963516,0.8113839285714286,0.7666666666666667,0.7407407407407407
ridge_poly5_C1,sklearn_regularized,27,5,l2,1,0.5082683771512511,0.8091517857142857,0.7333333333333333,0.7142857142857143
ridge_poly5_C3,sklearn_regularized,27,5,l2,3,0.523374060714925,0.7991071428571428,0.7166666666666667,0.7017543859649122
ridge_poly5_C10,sklearn_regularized,27,5,l2,10,0.564252165498623,0.8069196428571428,0.7166666666666667,0.711864406779661
ridge_poly5_C30,sklearn_regularized,27,5,l2,30,0.6202314343217683,0.7946428571428572,0.7166666666666667,0.711864406779661
ridge_poly5_C100,sklearn_regularized,27,5,l2,100,0.7021976127633547,0.7868303571428571,0.7166666666666667,0.7017543859649122
ridge_poly6_C0.01,sklearn_regularized,27,6,l2,0.01,0.588578176852993,0.8024553571428571,0.7333333333333333,0.68
ridge_poly6_C0.03,sklearn_regularized,27,6,l2,0.03,0.5520402099519494,0.8080357142857143,0.7666666666666667,0.7407407407407407
ridge_poly6_C0.1,sklearn_regularized,27,6,l2,0.1,0.5233637987719716,0.8080357142857142,0.7666666666666667,0.7407407407407407
ridge_poly6_C0.3,sklearn_regularized,27,6,l2,0.3,0.5092570935646648,0.8102678571428572,0.75,0.7272727272727273
ridge_poly6_C1,sklearn_regularized,27,6,l2,1,0.5138748088275512,0.8035714285714286,0.7166666666666667,0.7017543859649122
ridge_poly6_C3,sklearn_regularized,27,6,l2,3,0.5432605132588828,0.796875,0.75,0.7457627118644068
ridge_poly6_C10,sklearn_regularized,27,6,l2,10,0.602292349528771,0.7991071428571428,0.7166666666666667,0.7017543859649122
ridge_poly6_C30,sklearn_regularized,27,6,l2,30,0.7694483267553357,0.7678571428571428,0.6833333333333333,0.6666666666666666
ridge_poly6_C100,sklearn_regularized,27,6,l2,100,1.1888666951094262,0.7466517857142858,0.6833333333333333,0.6779661016949152
lasso_poly2_C0.01,sklearn_regularized,27,2,l1,0.01,0.6931471805599454,0.5,0.4666666666666667,0.6363636363636364
lasso_poly2_C0.03,sklearn_regularized,27,2,l1,0.03,0.6447441867944149,0.7745535714285715,0.6833333333333333,0.6545454545454545
lasso_poly2_C0.1,sklearn_regularized,27,2,l1,0.1,0.5649992615218089,0.7868303571428571,0.75,0.7368421052631579
lasso_poly2_C0.3,sklearn_regularized,27,2,l1,0.3,0.5447604921452398,0.7924107142857143,0.7333333333333333,0.7142857142857143
lasso_poly2_C1,sklearn_regularized,27,2,l1,1,0.5281596306823787,0.8136160714285714,0.7333333333333333,0.7142857142857143
lasso_poly2_C3,sklearn_regularized,27,2,l1,3,0.5220471408005944,0.8113839285714286,0.75,0.7272727272727273
lasso_poly2_C10,sklearn_regularized,27,2,l1,10,0.519787792772145,0.8136160714285714,0.75,0.7272727272727273
lasso_poly2_C30,sklearn_regularized,27,2,l1,30,0.5191491401672201,0.8136160714285714,0.75,0.7272727272727273
lasso_poly2_C100,sklearn_regularized,27,2,l1,100,0.5189263871949664,0.8136160714285714,0.75,0.7272727272727273
lasso_poly3_C0.01,sklearn_regularized,27,3,l1,0.01,0.6931471805599454,0.5,0.4666666666666667,0.6363636363636364
lasso_poly3_C0.03,sklearn_regularized,27,3,l1,0.03,0.6447438467098751,0.7745535714285715,0.6833333333333333,0.6545454545454545
lasso_poly3_C0.1,sklearn_regularized,27,3,l1,0.1,0.5649380795285064,0.7868303571428571,0.75,0.7368421052631579
lasso_poly3_C0.3,sklearn_regularized,27,3,l1,0.3,0.5423603153303388,0.8002232142857143,0.7333333333333333,0.7241379310344828
lasso_poly3_C1,sklearn_regularized,27,3,l1,1,0.5316761937477433,0.8013392857142857,0.7333333333333333,0.7142857142857143
lasso_poly3_C3,sklearn_regularized,27,3,l1,3,0.5271753155179809,0.8002232142857143,0.7166666666666667,0.7017543859649122
lasso_poly3_C10,sklearn_regularized,27,3,l1,10,0.5290454890099442,0.8035714285714286,0.7166666666666667,0.7017543859649122
lasso_poly3_C30,sklearn_regularized,27,3,l1,30,0.5298830222489318,0.8035714285714286,0.7166666666666667,0.7017543859649122
lasso_poly3_C100,sklearn_regularized,27,3,l1,100,0.5301921961200983,0.8035714285714286,0.7166666666666667,0.7017543859649122
lasso_poly4_C0.01,sklearn_regularized,27,4,l1,0.01,0.6931471805599454,0.5,0.4666666666666667,0.6363636363636364
lasso_poly4_C0.03,sklearn_regularized,27,4,l1,0.03,0.6447440276878157,0.7745535714285715,0.6833333333333333,0.6545454545454545
lasso_poly4_C0.1,sklearn_regularized,27,4,l1,0.1,0.5649389940539369,0.7868303571428571,0.75,0.7368421052631579
lasso_poly4_C0.3,sklearn_regularized,27,4,l1,0.3,0.5391948561155816,0.8024553571428572,0.75,0.7368421052631579
lasso_poly4_C1,sklearn_regularized,27,4,l1,1,0.5119664074196025,0.8091517857142857,0.7,0.6785714285714286
lasso_poly4_C3,sklearn_regularized,27,4,l1,3,0.5079664083154747,0.8102678571428572,0.7,0.6896551724137931
lasso_poly4_C10,sklearn_regularized,27,4,l1,10,0.5460617075607616,0.7979910714285714,0.7333333333333333,0.7333333333333333
lasso_poly4_C30,sklearn_regularized,27,4,l1,30,0.5719411366133024,0.7924107142857143,0.7166666666666667,0.711864406779661
lasso_poly4_C100,sklearn_regularized,27,4,l1,100,0.5830755372590132,0.7857142857142857,0.7,0.7
lasso_poly5_C0.01,sklearn_regularized,27,5,l1,0.01,0.6931471805599454,0.5,0.4666666666666667,0.6363636363636364
lasso_poly5_C0.03,sklearn_regularized,27,5,l1,0.03,0.6447435004812162,0.7745535714285715,0.6833333333333333,0.6545454545454545
lasso_poly5_C0.1,sklearn_regularized,27,5,l1,0.1,0.5651248286485123,0.7857142857142857,0.75,0.7368421052631579
lasso_poly5_C0.3,sklearn_regularized,27,5,l1,0.3,0.5382521578544104,0.8069196428571429,0.75,0.7368421052631579
lasso_poly5_C1,sklearn_regularized,27,5,l1,1,0.5199225390202241,0.8013392857142857,0.7333333333333333,0.7142857142857143
lasso_poly5_C3,sklearn_regularized,27,5,l1,3,0.5412939506334181,0.8024553571428572,0.7166666666666667,0.7017543859649122
lasso_poly5_C10,sklearn_regularized,27,5,l1,10,0.6281361177720659,0.7912946428571428,0.6833333333333333,0.6666666666666666
lasso_poly5_C30,sklearn_regularized,27,5,l1,30,0.7684829827937131,0.7779017857142857,0.7333333333333333,0.7241379310344828
lasso_poly5_C100,sklearn_regularized,27,5,l1,100,0.8296448256607913,0.7689732142857143,0.7,0.6896551724137931
lasso_poly6_C0.01,sklearn_regularized,27,6,l1,0.01,0.6931471805599454,0.5,0.4666666666666667,0.6363636363636364
lasso_poly6_C0.03,sklearn_regularized,27,6,l1,0.03,0.6447436039569957,0.7745535714285715,0.6833333333333333,0.6545454545454545
lasso_poly6_C0.1,sklearn_regularized,27,6,l1,0.1,0.5651306570416991,0.7857142857142857,0.75,0.7368421052631579
lasso_poly6_C0.3,sklearn_regularized,27,6,l1,0.3,0.5381473926788815,0.8046875,0.75,0.7368421052631579
lasso_poly6_C1,sklearn_regularized,27,6,l1,1,0.5191398544336134,0.8035714285714286,0.7166666666666667,0.6909090909090909
lasso_poly6_C3,sklearn_regularized,27,6,l1,3,0.5500161081970437,0.7946428571428571,0.7333333333333333,0.7241379310344828
lasso_poly6_C10,sklearn_regularized,27,6,l1,10,0.7888002147129253,0.7667410714285714,0.7,0.6896551724137931
lasso_poly6_C30,sklearn_regularized,27,6,l1,30,1.5685896806176773,0.7533482142857143,0.7333333333333333,0.7333333333333333
lasso_poly6_C100,sklearn_regularized,27,6,l1,100,2.4304479237898535,0.7232142857142858,0.7,0.7
glm_current_simple,statsmodels_glm,28,,none,,0.5747952701438692,0.8102678571428572,0.7333333333333333,0.7419354838709677
glm_best_subset,statsmodels_glm,28,,none,,0.5689562977017868,0.8113839285714286,0.7666666666666667,0.7741935483870968
glm_full_degree2,statsmodels_glm,28,,none,,0.5631626185029488,0.8136160714285714,0.7666666666666667,0.78125
ridge_poly1_C0.01,sklearn_regularized,28,1,l2,0.01,0.677359380910108,0.5982142857142858,0.55,0.47058823529411764
ridge_poly1_C0.03,sklearn_regularized,28,1,l2,0.03,0.6828000899921836,0.5982142857142857,0.55,0.49056603773584906
ridge_poly1_C0.1,sklearn_regularized,28,1,l2,0.1,0.6996820418864113,0.5948660714285714,0.55,0.49056603773584906
ridge_poly1_C0.3,sklearn_regularized,28,1,l2,0.3,0.7124713439221152,0.5959821428571429,0.55,0.49056603773584906
ridge_poly1_C1,sklearn_regularized,28,1,l2,1,0.7191335103242138,0.59375,0.55,0.49056603773584906
ridge_poly1_C3,sklearn_regularized,28,1,l2,3,0.7213565350081509,0.59375,0.55,0.49056603773584906
ridge_poly1_C10,sklearn_regularized,28,1,l2,10,0.722173457885811,0.59375,0.55,0.49056603773584906
ridge_poly1_C30,sklearn_regularized,28,1,l2,30,0.7224107393967344,0.59375,0.55,0.49056603773584906
ridge_poly1_C100,sklearn_regularized,28,1,l2,100,0.7224942017344281,0.59375,0.55,0.49056603773584906
ridge_poly2_C0.01,sklearn_regularized,28,2,l2,0.01,0.6051284891227175,0.8080357142857143,0.75,0.7272727272727273
ridge_poly2_C0.03,sklearn_regularized,28,2,l2,0.03,0.5660788501743058,0.8113839285714286,0.7833333333333333,0.7796610169491526
ridge_poly2_C0.1,sklearn_regularized,28,2,l2,0.1,0.5489352694531902,0.8147321428571428,0.75,0.7540983606557377
ridge_poly2_C0.3,sklearn_regularized,28,2,l2,0.3,0.5514029501234099,0.8147321428571428,0.7666666666666667,0.7741935483870968
ridge_poly2_C1,sklearn_regularized,28,2,l2,1,0.5578840587251074,0.8147321428571429,0.7666666666666667,0.7741935483870968
ridge_poly2_C3,sklearn_regularized,28,2,l2,3,0.5611348804235343,0.8169642857142857,0.75,0.7619047619047619
ridge_poly2_C10,sklearn_regularized,28,2,l2,10,0.5625743785695455,0.8147321428571429,0.75,0.7619047619047619
ridge_poly2_C30,sklearn_regularized,28,2,l2,30,0.5630163518700787,0.8136160714285714,0.7666666666666667,0.78125
ridge_poly2_C100,sklearn_regularized,28,2,l2,100,0.563174497274871,0.8136160714285714,0.7666666666666667,0.78125
ridge_poly3_C0.01,sklearn_regularized,28,3,l2,0.01,0.6138820991115179,0.7678571428571429,0.7,0.6785714285714286
ridge_poly3_C0.03,sklearn_regularized,28,3,l2,0.03,0.5906506390612579,0.7957589285714286,0.7333333333333333,0.7241379310344828
ridge_poly3_C0.1,sklearn_regularized,28,3,l2,0.1,0.5929186837533084,0.8046875,0.75,0.7457627118644068
ridge_poly3_C0.3,sklearn_regularized,28,3,l2,0.3,0.6146880334839655,0.8046875,0.7666666666666667,0.7666666666666667
ridge_poly3_C1,sklearn_regularized,28,3,l2,1,0.6411974803875166,0.8080357142857142,0.75,0.7540983606557377
ridge_poly3_C3,sklearn_regularized,28,3,l2,3,0.6601876439062975,0.8102678571428572,0.7666666666666667,0.7666666666666667
ridge_poly3_C10,sklearn_regularized,28,3,l2,10,0.6716709233248651,0.8058035714285714,0.7666666666666667,0.7666666666666667
ridge_poly3_C30,sklearn_regularized,28,3,l2,30,0.6753343552603028,0.806919642857143,0.7833333333333333,0.7796610169491526
ridge_poly3_C100,sklearn_regularized,28,3,l2,100,0.6768881726683161,0.8058035714285714,0.7833333333333333,0.7796610169491526
ridge_poly4_C0.01,sklearn_regularized,28,4,l2,0.01,0.58671106672014,0.8058035714285714,0.7666666666666667,0.75
ridge_poly4_C0.03,sklearn_regularized,28,4,l2,0.03,0.5705000098386458,0.8046875,0.75,0.7457627118644068
ridge_poly4_C0.1,sklearn_regularized,28,4,l2,0.1,0.5843667147310863,0.8158482142857143,0.7666666666666667,0.7741935483870968
ridge_poly4_C0.3,sklearn_regularized,28,4,l2,0.3,0.6189240235409524,0.8270089285714286,0.7833333333333333,0.7868852459016393
ridge_poly4_C1,sklearn_regularized,28,4,l2,1,0.6691597268154534,0.8258928571428573,0.8333333333333334,0.8275862068965517
ridge_poly4_C3,sklearn_regularized,28,4,l2,3,0.7144862625929743,0.8214285714285715,0.8,0.7931034482758621
ridge_poly4_C10,sklearn_regularized,28,4,l2,10,0.7528059614909944,0.822544642857143,0.7833333333333333,0.7796610169491526
ridge_poly4_C30,sklearn_regularized,28,4,l2,30,0.778217680688595,0.8225446428571429,0.7833333333333333,0.7796610169491526
ridge_poly4_C100,sklearn_regularized,28,4,l2,100,0.7929284163971868,0.8258928571428572,0.7833333333333333,0.7796610169491526
ridge_poly5_C0.01,sklearn_regularized,28,5,l2,0.01,0.5928142212622522,0.8013392857142856,0.7666666666666667,0.75
ridge_poly5_C0.03,sklearn_regularized,28,5,l2,0.03,0.5812749263017931,0.8024553571428572,0.75,0.7457627118644068
ridge_poly5_C0.1,sklearn_regularized,28,5,l2,0.1,0.5994207056332753,0.8158482142857142,0.75,0.7619047619047619
ridge_poly5_C0.3,sklearn_regularized,28,5,l2,0.3,0.6348991072336004,0.8236607142857143,0.7833333333333333,0.7868852459016393
ridge_poly5_C1,sklearn_regularized,28,5,l2,1,0.6775467709682188,0.8270089285714286,0.8333333333333334,0.8275862068965517
ridge_poly5_C3,sklearn_regularized,28,5,l2,3,0.7080509149813244,0.8348214285714286,0.8166666666666667,0.8070175438596491
ridge_poly5_C10,sklearn_regularized,28,5,l2,10,0.7618056498694722,0.8448660714285714,0.8166666666666667,0.8070175438596491
ridge_poly5_C30,sklearn_regularized,28,5,l2,30,0.8778050999778311,0.8526785714285715,0.8666666666666667,0.8571428571428571
ridge_poly5_C100,sklearn_regularized,28,5,l2,100,1.137033909754596,0.8415178571428571,0.8166666666666667,0.8070175438596491
ridge_poly6_C0.01,sklearn_regularized,28,6,l2,0.01,0.5869604218847624,0.8024553571428572,0.75,0.7368421052631579
ridge_poly6_C0.03,sklearn_regularized,28,6,l2,0.03,0.5789326498595643,0.8046875,0.7666666666666667,0.7666666666666667
ridge_poly6_C0.1,sklearn_regularized,28,6,l2,0.1,0.6003233515435646,0.8102678571428572,0.7666666666666667,0.7741935483870968
ridge_poly6_C0.3,sklearn_regularized,28,6,l2,0.3,0.6381162865895151,0.8169642857142857,0.7833333333333333,0.7868852459016393
ridge_poly6_C1,sklearn_regularized,28,6,l2,1,0.6764604376751548,0.8258928571428572,0.8333333333333334,0.8275862068965517
ridge_poly6_C3,sklearn_regularized,28,6,l2,3,0.6947753351328628,0.8325892857142858,0.8166666666666667,0.8070175438596491
ridge_poly6_C10,sklearn_regularized,28,6,l2,10,0.7186815852884897,0.8459821428571428,0.8166666666666667,0.8070175438596491
ridge_poly6_C30,sklearn_regularized,28,6,l2,30,0.7535034192107306,0.8571428571428572,0.85,0.8363636363636363
ridge_poly6_C100,sklearn_regularized,28,6,l2,100,0.8180428718040287,0.8426339285714285,0.8,0.7857142857142857
lasso_poly2_C0.01,sklearn_regularized,28,2,l1,0.01,0.6931471805599454,0.5,0.4666666666666667,0.6363636363636364
lasso_poly2_C0.03,sklearn_regularized,28,2,l1,0.03,0.6499820050528737,0.7399553571428572,0.7,0.7096774193548387
lasso_poly2_C0.1,sklearn_regularized,28,2,l1,0.1,0.5682950863414665,0.7957589285714286,0.75,0.7540983606557377
lasso_poly2_C0.3,sklearn_regularized,28,2,l1,0.3,0.5586275111059839,0.8080357142857143,0.75,0.7619047619047619
lasso_poly2_C1,sklearn_regularized,28,2,l1,1,0.5591999701288763,0.8169642857142857,0.7666666666666667,0.7741935483870968
lasso_poly2_C3,sklearn_regularized,28,2,l1,3,0.5613748125911476,0.8147321428571429,0.7666666666666667,0.7741935483870968
lasso_poly2_C10,sklearn_regularized,28,2,l1,10,0.5625680127942974,0.8169642857142857,0.75,0.7619047619047619
lasso_poly2_C30,sklearn_regularized,28,2,l1,30,0.5629555086138918,0.8147321428571429,0.75,0.7619047619047619
lasso_poly2_C100,sklearn_regularized,28,2,l1,100,0.5630962383971547,0.8136160714285714,0.7666666666666667,0.78125
lasso_poly3_C0.01,sklearn_regularized,28,3,l1,0.01,0.6931471805599454,0.5,0.4666666666666667,0.6363636363636364
lasso_poly3_C0.03,sklearn_regularized,28,3,l1,0.03,0.6499817569239312,0.7399553571428572,0.7,0.7096774193548387
lasso_poly3_C0.1,sklearn_regularized,28,3,l1,0.1,0.5682883587044641,0.7957589285714286,0.75,0.7540983606557377
lasso_poly3_C0.3,sklearn_regularized,28,3,l1,0.3,0.5613026459436413,0.8102678571428572,0.75,0.7540983606557377
lasso_poly3_C1,sklearn_regularized,28,3,l1,1,0.5936143248096294,0.8058035714285715,0.7333333333333333,0.7419354838709677
lasso_poly3_C3,sklearn_regularized,28,3,l1,3,0.6413804818029583,0.8080357142857142,0.7666666666666667,0.7666666666666667
lasso_poly3_C10,sklearn_regularized,28,3,l1,10,0.66445389496412,0.8080357142857142,0.7833333333333333,0.7868852459016393
lasso_poly3_C30,sklearn_regularized,28,3,l1,30,0.672382409809721,0.8058035714285714,0.7833333333333333,0.7796610169491526
lasso_poly3_C100,sklearn_regularized,28,3,l1,100,0.6753546449033335,0.8058035714285714,0.7833333333333333,0.7796610169491526
lasso_poly4_C0.01,sklearn_regularized,28,4,l1,0.01,0.6931471805599454,0.5,0.4666666666666667,0.6363636363636364
lasso_poly4_C0.03,sklearn_regularized,28,4,l1,0.03,0.6499820050528559,0.7399553571428572,0.7,0.7096774193548387
lasso_poly4_C0.1,sklearn_regularized,28,4,l1,0.1,0.5751103100650063,0.7924107142857143,0.7333333333333333,0.7419354838709677
lasso_poly4_C0.3,sklearn_regularized,28,4,l1,0.3,0.5766682336774571,0.8069196428571429,0.7666666666666667,0.7741935483870968
lasso_poly4_C1,sklearn_regularized,28,4,l1,1,0.6140363751675579,0.8325892857142858,0.8,0.8
lasso_poly4_C3,sklearn_regularized,28,4,l1,3,0.705805042831119,0.8314732142857143,0.8166666666666667,0.8070175438596491
lasso_poly4_C10,sklearn_regularized,28,4,l1,10,0.7623927165631812,0.8270089285714285,0.7833333333333333,0.7796610169491526
lasso_poly4_C30,sklearn_regularized,28,4,l1,30,0.7814313718096476,0.8270089285714286,0.7833333333333333,0.7796610169491526
lasso_poly4_C100,sklearn_regularized,28,4,l1,100,0.7928615562614828,0.8258928571428572,0.7833333333333333,0.7796610169491526
lasso_poly5_C0.01,sklearn_regularized,28,5,l1,0.01,0.6931471805599454,0.5,0.4666666666666667,0.6363636363636364
lasso_poly5_C0.03,sklearn_regularized,28,5,l1,0.03,0.6499820050528737,0.7399553571428572,0.7,0.7096774193548387
lasso_poly5_C0.1,sklearn_regularized,28,5,l1,0.1,0.5743598455223591,0.7912946428571428,0.7333333333333333,0.7419354838709677
lasso_poly5_C0.3,sklearn_regularized,28,5,l1,0.3,0.5737377902390705,0.8069196428571428,0.7666666666666667,0.7741935483870968
lasso_poly5_C1,sklearn_regularized,28,5,l1,1,0.6214028473622533,0.8303571428571429,0.7833333333333333,0.7868852459016393
lasso_poly5_C3,sklearn_regularized,28,5,l1,3,0.7235492132682442,0.8448660714285714,0.8166666666666667,0.8070175438596491
lasso_poly5_C10,sklearn_regularized,28,5,l1,10,1.039821804023947,0.8470982142857144,0.85,0.8421052631578947
lasso_poly5_C30,sklearn_regularized,28,5,l1,30,1.2395849705616617,0.8314732142857144,0.8166666666666667,0.8070175438596491
lasso_poly5_C100,sklearn_regularized,28,5,l1,100,1.3740483065794493,0.8292410714285713,0.8,0.7931034482758621
lasso_poly6_C0.01,sklearn_regularized,28,6,l1,0.01,0.6931471805599454,0.5,0.4666666666666667,0.6363636363636364
lasso_poly6_C0.03,sklearn_regularized,28,6,l1,0.03,0.6499817569240387,0.7399553571428572,0.7,0.7096774193548387
lasso_poly6_C0.1,sklearn_regularized,28,6,l1,0.1,0.574345654856738,0.7912946428571428,0.7333333333333333,0.7419354838709677
lasso_poly6_C0.3,sklearn_regularized,28,6,l1,0.3,0.5737209182983612,0.8069196428571428,0.7666666666666667,0.7741935483870968
lasso_poly6_C1,sklearn_regularized,28,6,l1,1,0.6220999324597585,0.8270089285714285,0.7666666666666667,0.7741935483870968
lasso_poly6_C3,sklearn_regularized,28,6,l1,3,0.7216932469040203,0.8470982142857144,0.8166666666666667,0.8070175438596491
lasso_poly6_C10,sklearn_regularized,28,6,l1,10,0.8878280961754359,0.8415178571428571,0.8166666666666667,0.8135593220338984
lasso_poly6_C30,sklearn_regularized,28,6,l1,30,0.9744272999779078,0.8381696428571428,0.7666666666666667,0.7407407407407407
lasso_poly6_C100,sklearn_regularized,28,6,l1,100,1.2612164383698177,0.80078125,0.7166666666666667,0.711864406779661
glm_current_simple,statsmodels_glm,29,,none,,0.5748023746748105,0.7886540600667408,0.7,0.6538461538461539
glm_best_subset,statsmodels_glm,29,,none,,0.5915871047425174,0.7819799777530589,0.6666666666666666,0.6
glm_full_degree2,statsmodels_glm,29,,none,,0.5851034041159662,0.7853170189098999,0.6666666666666666,0.6
ridge_poly1_C0.01,sklearn_regularized,29,1,l2,0.01,0.6459235059486486,0.760845383759733,0.6333333333333333,0.5
ridge_poly1_C0.03,sklearn_regularized,29,1,l2,0.03,0.6187194951174946,0.7597330367074526,0.6333333333333333,0.5416666666666666
ridge_poly1_C0.1,sklearn_regularized,29,1,l2,0.1,0.5997700124473204,0.7586206896551724,0.6,0.52
ridge_poly1_C0.3,sklearn_regularized,29,1,l2,0.3,0.5924076457054909,0.7586206896551724,0.6333333333333333,0.5769230769230769
ridge_poly1_C1,sklearn_regularized,29,1,l2,1,0.5895507207460897,0.7586206896551724,0.65,0.6037735849056604
ridge_poly1_C3,sklearn_regularized,29,1,l2,3,0.5887053023398842,0.7586206896551724,0.65,0.6037735849056604
ridge_poly1_C10,sklearn_regularized,29,1,l2,10,0.5884062640991149,0.757508342602892,0.65,0.6037735849056604
ridge_poly1_C30,sklearn_regularized,29,1,l2,30,0.5883205233014351,0.757508342602892,0.6333333333333333,0.5925925925925926
ridge_poly1_C100,sklearn_regularized,29,1,l2,100,0.5882904823159254,0.757508342602892,0.6333333333333333,0.5925925925925926
ridge_poly2_C0.01,sklearn_regularized,29,2,l2,0.01,0.6204901824288601,0.8086763070077865,0.6833333333333333,0.5581395348837209
ridge_poly2_C0.03,sklearn_regularized,29,2,l2,0.03,0.5825072832697136,0.8031145717463849,0.7,0.64
ridge_poly2_C0.1,sklearn_regularized,29,2,l2,0.1,0.5635774028513416,0.7931034482758621,0.6666666666666666,0.6
ridge_poly2_C0.3,sklearn_regularized,29,2,l2,0.3,0.5671952270577169,0.7908787541713015,0.6666666666666666,0.6
ridge_poly2_C1,sklearn_regularized,29,2,l2,1,0.5766826989485714,0.7875417130144605,0.6666666666666666,0.6
ridge_poly2_C3,sklearn_regularized,29,2,l2,3,0.5818675013513956,0.7842046718576197,0.6666666666666666,0.6
ridge_poly2_C10,sklearn_regularized,29,2,l2,10,0.5841201838362431,0.7853170189098999,0.6666666666666666,0.6
ridge_poly2_C30,sklearn_regularized,29,2,l2,30,0.5848266621872027,0.7853170189098999,0.6666666666666666,0.6
ridge_poly2_C100,sklearn_regularized,29,2,l2,100,0.5850802235517512,0.7853170189098999,0.6666666666666666,0.6
ridge_poly3_C0.01,sklearn_regularized,29,3,l2,0.01,0.6126741993143183,0.8053392658509455,0.6833333333333333,0.5581395348837209
ridge_poly3_C0.03,sklearn_regularized,29,3,l2,0.03,0.5789072803037624,0.793103448275862,0.6833333333333333,0.6122448979591837
ridge_poly3_C0.1,sklearn_regularized,29,3,l2,0.1,0.5660773504038434,0.7853170189099,0.6833333333333333,0.6122448979591837
ridge_poly3_C0.3,sklearn_regularized,29,3,l2,0.3,0.5765354710280971,0.7875417130144604,0.7,0.64
ridge_poly3_C1,sklearn_regularized,29,3,l2,1,0.5957420527949044,0.7842046718576196,0.7,0.64
ridge_poly3_C3,sklearn_regularized,29,3,l2,3,0.6085254470639416,0.7808676307007786,0.7,0.64
ridge_poly3_C10,sklearn_regularized,29,3,l2,10,0.6151423909746166,0.7853170189098999,0.7,0.64
ridge_poly3_C30,sklearn_regularized,29,3,l2,30,0.6173812041741958,0.7853170189098999,0.7,0.64
ridge_poly3_C100,sklearn_regularized,29,3,l2,100,0.6182128069574213,0.7853170189098999,0.7,0.64
ridge_poly4_C0.01,sklearn_regularized,29,4,l2,0.01,0.6035619128651101,0.8186874304783093,0.6666666666666666,0.5238095238095238
ridge_poly4_C0.03,sklearn_regularized,29,4,l2,0.03,0.5717628239071758,0.8131256952169077,0.65,0.5531914893617021
ridge_poly4_C0.1,sklearn_regularized,29,4,l2,0.1,0.559903484226434,0.8075639599555061,0.6666666666666666,0.5833333333333334
ridge_poly4_C0.3,sklearn_regularized,29,4,l2,0.3,0.5660705199561925,0.8075639599555061,0.6666666666666666,0.5833333333333334
ridge_poly4_C1,sklearn_regularized,29,4,l2,1,0.5791752403132937,0.7986651835372637,0.6833333333333333,0.6122448979591837
ridge_poly4_C3,sklearn_regularized,29,4,l2,3,0.5977422063838912,0.8008898776418241,0.7,0.64
ridge_poly4_C10,sklearn_regularized,29,4,l2,10,0.6302153441712934,0.789766407119021,0.7333333333333333,0.6923076923076923
ridge_poly4_C30,sklearn_regularized,29,4,l2,30,0.6596790063188449,0.7908787541713015,0.7333333333333333,0.6923076923076923
ridge_poly4_C100,sklearn_regularized,29,4,l2,100,0.6828264827905309,0.7919911012235819,0.7166666666666667,0.6666666666666666
ridge_poly5_C0.01,sklearn_regularized,29,5,l2,0.01,0.6038958589737621,0.8197997775305895,0.6666666666666666,0.5238095238095238
ridge_poly5_C0.03,sklearn_regularized,29,5,l2,0.03,0.5731549592028637,0.8086763070077864,0.6666666666666666,0.5833333333333334
ridge_poly5_C0.1,sklearn_regularized,29,5,l2,0.1,0.5613743579866465,0.8042269187986651,0.6666666666666666,0.5833333333333334
ridge_poly5_C0.3,sklearn_regularized,29,5,l2,0.3,0.5647787332396702,0.7986651835372636,0.6833333333333333,0.6122448979591837
ridge_poly5_C1,sklearn_regularized,29,5,l2,1,0.5645964979595345,0.8120133481646273,0.7,0.625
ridge_poly5_C3,sklearn_regularized,29,5,l2,3,0.566808054054141,0.8253615127919911,0.7166666666666667,0.6530612244897959
ridge_poly5_C10,sklearn_regularized,29,5,l2,10,0.6089761112688039,0.8175750834260289,0.7166666666666667,0.6666666666666666
ridge_poly5_C30,sklearn_regularized,29,5,l2,30,0.7139508668804255,0.7986651835372636,0.7,0.6538461538461539
ridge_poly5_C100,sklearn_regularized,29,5,l2,100,0.9201508880001,0.7753058954393771,0.6833333333333333,0.6415094339622641
ridge_poly6_C0.01,sklearn_regularized,29,6,l2,0.01,0.601991884483737,0.8220244716351501,0.65,0.4878048780487805
ridge_poly6_C0.03,sklearn_regularized,29,6,l2,0.03,0.573002977309499,0.8120133481646273,0.6666666666666666,0.5833333333333334
ridge_poly6_C0.1,sklearn_regularized,29,6,l2,0.1,0.5638240018586411,0.8042269187986651,0.6666666666666666,0.5833333333333334
ridge_poly6_C0.3,sklearn_regularized,29,6,l2,0.3,0.5722317859356724,0.8042269187986653,0.6833333333333333,0.6122448979591837
ridge_poly6_C1,sklearn_regularized,29,6,l2,1,0.5904211440925418,0.8131256952169077,0.7,0.625
ridge_poly6_C3,sklearn_regularized,29,6,l2,3,0.6327584843180709,0.8220244716351501,0.7333333333333333,0.68
ridge_poly6_C10,sklearn_regularized,29,6,l2,10,0.7607420045772071,0.8031145717463849,0.7333333333333333,0.6923076923076923
ridge_poly6_C30,sklearn_regularized,29,6,l2,30,0.9974316688184737,0.7775305895439376,0.7,0.6538461538461539
ridge_poly6_C100,sklearn_regularized,29,6,l2,100,1.4139233561393925,0.7419354838709677,0.6666666666666666,0.6153846153846154
lasso_poly2_C0.01,sklearn_regularized,29,2,l1,0.01,0.6931471805599454,0.5,0.48333333333333334,0.651685393258427
lasso_poly2_C0.03,sklearn_regularized,29,2,l1,0.03,0.6590984066973901,0.7119021134593994,0.6666666666666666,0.6296296296296297
lasso_poly2_C0.1,sklearn_regularized,29,2,l1,0.1,0.5747032657291229,0.7741935483870968,0.7166666666666667,0.6666666666666666
lasso_poly2_C0.3,sklearn_regularized,29,2,l1,0.3,0.569757559710779,0.7819799777530589,0.6833333333333333,0.6274509803921569
lasso_poly2_C1,sklearn_regularized,29,2,l1,1,0.5785382003321833,0.7830923248053393,0.6666666666666666,0.6
lasso_poly2_C3,sklearn_regularized,29,2,l1,3,0.5826521281160656,0.7808676307007787,0.6666666666666666,0.6
lasso_poly2_C10,sklearn_regularized,29,2,l1,10,0.5842944990507039,0.7842046718576197,0.6666666666666666,0.6
lasso_poly2_C30,sklearn_regularized,29,2,l1,30,0.5848234680200043,0.7842046718576197,0.6666666666666666,0.6
lasso_poly2_C100,sklearn_regularized,29,2,l1,100,0.5850158769266868,0.7853170189098999,0.6666666666666666,0.6
lasso_poly3_C0.01,sklearn_regularized,29,3,l1,0.01,0.6931471805599454,0.5,0.48333333333333334,0.651685393258427
lasso_poly3_C0.03,sklearn_regularized,29,3,l1,0.03,0.6590984439630287,0.7119021134593994,0.6666666666666666,0.6296296296296297
lasso_poly3_C0.1,sklearn_regularized,29,3,l1,0.1,0.5747087781644084,0.7741935483870968,0.7166666666666667,0.6666666666666666
lasso_poly3_C0.3,sklearn_regularized,29,3,l1,0.3,0.5775575052467566,0.7764182424916575,0.6833333333333333,0.6274509803921569
lasso_poly3_C1,sklearn_regularized,29,3,l1,1,0.5912777241056815,0.7730812013348165,0.6833333333333333,0.6122448979591837
lasso_poly3_C3,sklearn_regularized,29,3,l1,3,0.6056970500590506,0.7786429365962181,0.7,0.64
lasso_poly3_C10,sklearn_regularized,29,3,l1,10,0.614119263440898,0.7808676307007786,0.7,0.64
lasso_poly3_C30,sklearn_regularized,29,3,l1,30,0.6171840144258359,0.7853170189098999,0.7,0.64
lasso_poly3_C100,sklearn_regularized,29,3,l1,100,0.6183291758826032,0.7853170189098999,0.7,0.64
lasso_poly4_C0.01,sklearn_regularized,29,4,l1,0.01,0.6931471805599454,0.5,0.48333333333333334,0.651685393258427
lasso_poly4_C0.03,sklearn_regularized,29,4,l1,0.03,0.6591000922622006,0.7119021134593994,0.6666666666666666,0.6296296296296297
lasso_poly4_C0.1,sklearn_regularized,29,4,l1,0.1,0.5747150205222884,0.7741935483870968,0.7166666666666667,0.6666666666666666
lasso_poly4_C0.3,sklearn_regularized,29,4,l1,0.3,0.5734412356402294,0.7853170189098999,0.6833333333333333,0.6274509803921569
lasso_poly4_C1,sklearn_regularized,29,4,l1,1,0.5722658303106339,0.7986651835372636,0.65,0.5531914893617021
lasso_poly4_C3,sklearn_regularized,29,4,l1,3,0.6092392586277228,0.7919911012235817,0.7166666666666667,0.6666666666666666
lasso_poly4_C10,sklearn_regularized,29,4,l1,10,0.6503656670619118,0.7897664071190211,0.7166666666666667,0.6666666666666666
lasso_poly4_C30,sklearn_regularized,29,4,l1,30,0.6773135962205744,0.7919911012235817,0.7166666666666667,0.6666666666666666
lasso_poly4_C100,sklearn_regularized,29,4,l1,100,0.6903492255529388,0.7919911012235817,0.7166666666666667,0.6666666666666666
lasso_poly5_C0.01,sklearn_regularized,29,5,l1,0.01,0.6931471805599454,0.5,0.48333333333333334,0.651685393258427
lasso_poly5_C0.03,sklearn_regularized,29,5,l1,0.03,0.659098381697838,0.7119021134593994,0.6666666666666666,0.6296296296296297
lasso_poly5_C0.1,sklearn_regularized,29,5,l1,0.1,0.5747507670785015,0.7741935483870968,0.7166666666666667,0.6666666666666666
lasso_poly5_C0.3,sklearn_regularized,29,5,l1,0.3,0.5761003063801121,0.7819799777530589,0.6833333333333333,0.6274509803921569
lasso_poly5_C1,sklearn_regularized,29,5,l1,1,0.5634994297990713,0.8053392658509455,0.6666666666666666,0.5833333333333334
lasso_poly5_C3,sklearn_regularized,29,5,l1,3,0.576593262829213,0.8220244716351502,0.7333333333333333,0.68
lasso_poly5_C10,sklearn_regularized,29,5,l1,10,0.7505567393179183,0.7953281423804227,0.7,0.6538461538461539
lasso_poly5_C30,sklearn_regularized,29,5,l1,30,1.1530894740776465,0.7630700778642937,0.6833333333333333,0.6415094339622641
lasso_poly5_C100,sklearn_regularized,29,5,l1,100,1.4865624662468842,0.7530589543937708,0.6666666666666666,0.6153846153846154
lasso_poly6_C0.01,sklearn_regularized,29,6,l1,0.01,0.6931471805599454,0.5,0.48333333333333334,0.651685393258427
lasso_poly6_C0.03,sklearn_regularized,29,6,l1,0.03,0.6590984362444466,0.7119021134593994,0.6666666666666666,0.6296296296296297
lasso_poly6_C0.1,sklearn_regularized,29,6,l1,0.1,0.5747604079746271,0.7741935483870968,0.7166666666666667,0.6666666666666666
lasso_poly6_C0.3,sklearn_regularized,29,6,l1,0.3,0.576001314695896,0.7819799777530589,0.6833333333333333,0.6274509803921569
lasso_poly6_C1,sklearn_regularized,29,6,l1,1,0.5679733667803736,0.8008898776418243,0.6666666666666666,0.5833333333333334
lasso_poly6_C3,sklearn_regularized,29,6,l1,3,0.6576612391799753,0.7919911012235819,0.7333333333333333,0.68
lasso_poly6_C10,sklearn_regularized,29,6,l1,10,1.0757460858259358,0.775305895439377,0.7166666666666667,0.6666666666666666
lasso_poly6_C30,sklearn_regularized,29,6,l1,30,2.0074499901811778,0.6546162402669633,0.6166666666666667,0.5818181818181818
lasso_poly6_C100,sklearn_regularized,29,6,l1,100,2.86494489404993,0.6863181312569522,0.6,0.52
glm_current_simple,statsmodels_glm,30,,none,,0.5252665983407256,0.8231368186874305,0.7166666666666667,0.7384615384615385
glm_best_subset,statsmodels_glm,30,,none,,0.5605586745207917,0.7942157953281423,0.6833333333333333,0.6984126984126984
glm_full_degree2,statsmodels_glm,30,,none,,0.553720184943183,0.8008898776418243,0.6833333333333333,0.7076923076923077
ridge_poly1_C0.01,sklearn_regularized,30,1,l2,0.01,0.6507277619919961,0.7196885428253615,0.6666666666666666,0.6153846153846154
ridge_poly1_C0.03,sklearn_regularized,30,1,l2,0.03,0.6319823877022396,0.7208008898776419,0.6666666666666666,0.6666666666666666
ridge_poly1_C0.1,sklearn_regularized,30,1,l2,0.1,0.6236831028297932,0.7208008898776419,0.6333333333333333,0.6451612903225806
ridge_poly1_C0.3,sklearn_regularized,30,1,l2,0.3,0.6224420200942047,0.7208008898776418,0.6166666666666667,0.6349206349206349
ridge_poly1_C1,sklearn_regularized,30,1,l2,1,0.6224063578791276,0.7196885428253615,0.6166666666666667,0.6349206349206349
ridge_poly1_C3,sklearn_regularized,30,1,l2,3,0.6224668354492877,0.7196885428253615,0.6166666666666667,0.6349206349206349
ridge_poly1_C10,sklearn_regularized,30,1,l2,10,0.6224960415036627,0.7196885428253615,0.6166666666666667,0.6349206349206349
ridge_poly1_C30,sklearn_regularized,30,1,l2,30,0.622505192155239,0.7196885428253615,0.6166666666666667,0.6349206349206349
ridge_poly1_C100,sklearn_regularized,30,1,l2,100,0.6225084809997808,0.7196885428253615,0.6166666666666667,0.6349206349206349
ridge_poly2_C0.01,sklearn_regularized,30,2,l2,0.01,0.611872987881649,0.7986651835372636,0.6666666666666666,0.6774193548387096
ridge_poly2_C0.03,sklearn_regularized,30,2,l2,0.03,0.5715639500905391,0.8064516129032258,0.6833333333333333,0.6984126984126984
ridge_poly2_C0.1,sklearn_regularized,30,2,l2,0.1,0.5498167452362972,0.8075639599555061,0.6833333333333333,0.6984126984126984
ridge_poly2_C0.3,sklearn_regularized,30,2,l2,0.3,0.547744268843561,0.8020022246941045,0.6833333333333333,0.6984126984126984
ridge_poly2_C1,sklearn_regularized,30,2,l2,1,0.5507450363964319,0.8020022246941046,0.7,0.71875
ridge_poly2_C3,sklearn_regularized,30,2,l2,3,0.5525474358692122,0.8042269187986651,0.6833333333333333,0.7076923076923077
ridge_poly2_C10,sklearn_regularized,30,2,l2,10,0.5533427539978479,0.8020022246941046,0.6833333333333333,0.7076923076923077
ridge_poly2_C30,sklearn_regularized,30,2,l2,30,0.5535886013640737,0.8008898776418243,0.6833333333333333,0.7076923076923077
ridge_poly2_C100,sklearn_regularized,30,2,l2,100,0.553676727573696,0.8008898776418243,0.6833333333333333,0.7076923076923077
ridge_poly3_C0.01,sklearn_regularized,30,3,l2,0.01,0.5959252273930666,0.7997775305895439,0.6666666666666666,0.6666666666666666
ridge_poly3_C0.03,sklearn_regularized,30,3,l2,0.03,0.5641914983518986,0.8064516129032258,0.6666666666666666,0.6774193548387096
ridge_poly3_C0.1,sklearn_regularized,30,3,l2,0.1,0.5593359714772647,0.7908787541713015,0.6666666666666666,0.6774193548387096
ridge_poly3_C0.3,sklearn_regularized,30,3,l2,0.3,0.5766173658933964,0.7764182424916574,0.6833333333333333,0.6984126984126984
ridge_poly3_C1,sklearn_regularized,30,3,l2,1,0.60603510380847,0.757508342602892,0.6833333333333333,0.6984126984126984
ridge_poly3_C3,sklearn_regularized,30,3,l2,3,0.6299696225912074,0.7408231368186874,0.6833333333333333,0.6984126984126984
ridge_poly3_C10,sklearn_regularized,30,3,l2,10,0.6438463758880854,0.7330367074527252,0.7,0.71875
ridge_poly3_C30,sklearn_regularized,30,3,l2,30,0.6482897503590528,0.7330367074527252,0.6833333333333333,0.6984126984126984
ridge_poly3_C100,sklearn_regularized,30,3,l2,100,0.650027677732441,0.731924360400445,0.6833333333333333,0.6984126984126984
ridge_poly4_C0.01,sklearn_regularized,30,4,l2,0.01,0.5747725147272641,0.8120133481646274,0.6666666666666666,0.6774193548387096
ridge_poly4_C0.03,sklearn_regularized,30,4,l2,0.03,0.548889911792606,0.8020022246941045,0.6666666666666666,0.6774193548387096
ridge_poly4_C0.1,sklearn_regularized,30,4,l2,0.1,0.5503272491695733,0.7830923248053393,0.6833333333333333,0.6984126984126984
ridge_poly4_C0.3,sklearn_regularized,30,4,l2,0.3,0.5792428745780015,0.7775305895439377,0.7333333333333333,0.7419354838709677
ridge_poly4_C1,sklearn_regularized,30,4,l2,1,0.6411834083422148,0.7686318131256952,0.6666666666666666,0.6875
ridge_poly4_C3,sklearn_regularized,30,4,l2,3,0.725579987764813,0.7452725250278087,0.6666666666666666,0.6875
ridge_poly4_C10,sklearn_regularized,30,4,l2,10,0.8752592735374038,0.7330367074527252,0.6833333333333333,0.6984126984126984
ridge_poly4_C30,sklearn_regularized,30,4,l2,30,0.9858945449232132,0.7374860956618464,0.6833333333333333,0.6984126984126984
ridge_poly4_C100,sklearn_regularized,30,4,l2,100,1.0513073219248377,0.7363737486095662,0.6833333333333333,0.6984126984126984
ridge_poly5_C0.01,sklearn_regularized,30,5,l2,0.01,0.5734122485318812,0.8086763070077865,0.6666666666666666,0.6774193548387096
ridge_poly5_C0.03,sklearn_regularized,30,5,l2,0.03,0.5509640666554826,0.7997775305895439,0.6666666666666666,0.6774193548387096
ridge_poly5_C0.1,sklearn_regularized,30,5,l2,0.1,0.5492638479459023,0.7919911012235817,0.6833333333333333,0.6984126984126984
ridge_poly5_C0.3,sklearn_regularized,30,5,l2,0.3,0.5697689921455917,0.7775305895439377,0.7,0.7096774193548387
ridge_poly5_C1,sklearn_regularized,30,5,l2,1,0.626842271839675,0.7630700778642937,0.6666666666666666,0.6774193548387096
ridge_poly5_C3,sklearn_regularized,30,5,l2,3,0.7601671655128462,0.7230255839822024,0.6833333333333333,0.6885245901639344
ridge_poly5_C10,sklearn_regularized,30,5,l2,10,1.2541068168452203,0.6907675194660734,0.65,0.6557377049180327
ridge_poly5_C30,sklearn_regularized,30,5,l2,30,1.9110019118265844,0.6735261401557286,0.6166666666666667,0.6229508196721312
ridge_poly5_C100,sklearn_regularized,30,5,l2,100,2.160204050843421,0.6662958843159066,0.6166666666666667,0.6229508196721312
ridge_poly6_C0.01,sklearn_regularized,30,6,l2,0.01,0.5668679847533898,0.8053392658509455,0.6833333333333333,0.6885245901639344
ridge_poly6_C0.03,sklearn_regularized,30,6,l2,0.03,0.5467984104516859,0.7942157953281423,0.6833333333333333,0.6885245901639344
ridge_poly6_C0.1,sklearn_regularized,30,6,l2,0.1,0.5504630254140096,0.7808676307007787,0.7166666666666667,0.7301587301587301
ridge_poly6_C0.3,sklearn_regularized,30,6,l2,0.3,0.5907195376867206,0.760845383759733,0.7,0.7096774193548387
ridge_poly6_C1,sklearn_regularized,30,6,l2,1,0.6912639398026333,0.7497219132369298,0.65,0.6666666666666666
ridge_poly6_C3,sklearn_regularized,30,6,l2,3,0.8478160964650248,0.7263626251390434,0.65,0.6666666666666666
ridge_poly6_C10,sklearn_regularized,30,6,l2,10,1.1720507146975434,0.710789766407119,0.6666666666666666,0.6774193548387096
ridge_poly6_C30,sklearn_regularized,30,6,l2,30,1.523118779796792,0.7052280311457174,0.6666666666666666,0.6774193548387096
ridge_poly6_C100,sklearn_regularized,30,6,l2,100,1.6375293965748317,0.6974416017797553,0.65,0.6557377049180327
lasso_poly2_C0.01,sklearn_regularized,30,2,l1,0.01,0.6931471805599454,0.5,0.48333333333333334,0.651685393258427
lasso_poly2_C0.03,sklearn_regularized,30,2,l1,0.03,0.6381510542048935,0.8075639599555061,0.6833333333333333,0.7164179104477612
lasso_poly2_C0.1,sklearn_regularized,30,2,l1,0.1,0.5598354518819029,0.8120133481646273,0.6666666666666666,0.7058823529411765
lasso_poly2_C0.3,sklearn_regularized,30,2,l1,0.3,0.5532945079304228,0.8053392658509454,0.6833333333333333,0.7076923076923077
lasso_poly2_C1,sklearn_regularized,30,2,l1,1,0.5520680398221652,0.8042269187986653,0.6833333333333333,0.7076923076923077
lasso_poly2_C3,sklearn_regularized,30,2,l1,3,0.5527474141435083,0.8031145717463849,0.6833333333333333,0.7076923076923077
lasso_poly2_C10,sklearn_regularized,30,2,l1,10,0.5533794986733519,0.8031145717463849,0.6833333333333333,0.7076923076923077
lasso_poly2_C30,sklearn_regularized,30,2,l1,30,0.5536012491001411,0.8008898776418243,0.6833333333333333,0.7076923076923077
lasso_poly2_C100,sklearn_regularized,30,2,l1,100,0.5536833254049631,0.8008898776418243,0.6833333333333333,0.7076923076923077
lasso_poly3_C0.01,sklearn_regularized,30,3,l1,0.01,0.6931471805599454,0.5,0.48333333333333334,0.651685393258427
lasso_poly3_C0.03,sklearn_regularized,30,3,l1,0.03,0.6381504751842139,0.8075639599555061,0.6833333333333333,0.7164179104477612
lasso_poly3_C0.1,sklearn_regularized,30,3,l1,0.1,0.5611708194163033,0.8109010011123471,0.6833333333333333,0.7246376811594203
lasso_poly3_C0.3,sklearn_regularized,30,3,l1,0.3,0.5633472448213068,0.7986651835372637,0.7,0.7272727272727273
lasso_poly3_C1,sklearn_regularized,30,3,l1,1,0.5880926605688508,0.7775305895439377,0.7,0.7096774193548387
lasso_poly3_C3,sklearn_regularized,30,3,l1,3,0.6134201552301305,0.7575083426028921,0.6833333333333333,0.6984126984126984
lasso_poly3_C10,sklearn_regularized,30,3,l1,10,0.6383419564607232,0.7385984427141268,0.6833333333333333,0.6984126984126984
lasso_poly3_C30,sklearn_regularized,30,3,l1,30,0.6464584414018689,0.731924360400445,0.7,0.71875
lasso_poly3_C100,sklearn_regularized,30,3,l1,100,0.6495581356959629,0.7330367074527252,0.6833333333333333,0.6984126984126984
lasso_poly4_C0.01,sklearn_regularized,30,4,l1,0.01,0.6931471805599454,0.5,0.48333333333333334,0.651685393258427
lasso_poly4_C0.03,sklearn_regularized,30,4,l1,0.03,0.6381497959654171,0.8075639599555061,0.6833333333333333,0.7164179104477612
lasso_poly4_C0.1,sklearn_regularized,30,4,l1,0.1,0.5623326761796599,0.8075639599555061,0.6833333333333333,0.7164179104477612
lasso_poly4_C0.3,sklearn_regularized,30,4,l1,0.3,0.5679693091971854,0.7764182424916574,0.6666666666666666,0.6875
lasso_poly4_C1,sklearn_regularized,30,4,l1,1,0.6487567509474861,0.7519466073414905,0.6833333333333333,0.7076923076923077
lasso_poly4_C3,sklearn_regularized,30,4,l1,3,0.736687335203195,0.7530589543937708,0.6833333333333333,0.7076923076923077
lasso_poly4_C10,sklearn_regularized,30,4,l1,10,0.9551490918071478,0.7263626251390434,0.6833333333333333,0.6984126984126984
lasso_poly4_C30,sklearn_regularized,30,4,l1,30,1.0307023166185012,0.7363737486095662,0.6833333333333333,0.6984126984126984
lasso_poly4_C100,sklearn_regularized,30,4,l1,100,1.0674312233550134,0.7385984427141268,0.6833333333333333,0.6984126984126984
lasso_poly5_C0.01,sklearn_regularized,30,5,l1,0.01,0.6931471805599454,0.5,0.48333333333333334,0.651685393258427
lasso_poly5_C0.03,sklearn_regularized,30,5,l1,0.03,0.6381498424554762,0.8075639599555061,0.6833333333333333,0.7164179104477612
lasso_poly5_C0.1,sklearn_regularized,30,5,l1,0.1,0.5623290164701465,0.8075639599555061,0.6833333333333333,0.7164179104477612
lasso_poly5_C0.3,sklearn_regularized,30,5,l1,0.3,0.567933030469283,0.7764182424916574,0.6666666666666666,0.6875
lasso_poly5_C1,sklearn_regularized,30,5,l1,1,0.8284409493209316,0.7141268075639599,0.6666666666666666,0.6875
lasso_poly5_C3,sklearn_regularized,30,5,l1,3,0.9317788588894816,0.7052280311457174,0.6833333333333333,0.6779661016949152
lasso_poly5_C10,sklearn_regularized,30,5,l1,10,1.8369477389193067,0.6807563959955506,0.6166666666666667,0.6229508196721312
lasso_poly5_C30,sklearn_regularized,30,5,l1,30,2.20319207960541,0.6674082313681868,0.6166666666666667,0.6229508196721312
lasso_poly5_C100,sklearn_regularized,30,5,l1,100,2.406650801201648,0.6596218020022246,0.6333333333333333,0.6333333333333333
lasso_poly6_C0.01,sklearn_regularized,30,6,l1,0.01,0.6931471805599454,0.5,0.48333333333333334,0.651685393258427
lasso_poly6_C0.03,sklearn_regularized,30,6,l1,0.03,0.6381501238530133,0.8075639599555061,0.6833333333333333,0.7164179104477612
lasso_poly6_C0.1,sklearn_regularized,30,6,l1,0.1,0.5623348229705601,0.8075639599555061,0.6833333333333333,0.7164179104477612
lasso_poly6_C0.3,sklearn_regularized,30,6,l1,0.3,0.5679263752513528,0.7775305895439377,0.6666666666666666,0.6875
lasso_poly6_C1,sklearn_regularized,30,6,l1,1,0.7133567214140409,0.7263626251390434,0.6666666666666666,0.6875
lasso_poly6_C3,sklearn_regularized,30,6,l1,3,0.8536107630929499,0.7208008898776418,0.6666666666666666,0.6774193548387096
lasso_poly6_C10,sklearn_regularized,30,6,l1,10,1.7283177900101834,0.6829810901001112,0.6333333333333333,0.6333333333333333
lasso_poly6_C30,sklearn_regularized,30,6,l1,30,2.9646058863282887,0.6540600667408232,0.5833333333333334,0.5901639344262295
lasso_poly6_C100,sklearn_regularized,30,6,l1,100,3.7993658958703778,0.6802002224694104,0.6,0.6
glm_current_simple,statsmodels_glm,31,,none,,0.6247821601368634,0.7645089285714285,0.7,0.7
glm_best_subset,statsmodels_glm,31,,none,,0.6107670941482096,0.7767857142857142,0.6833333333333333,0.6885245901639344
glm_full_degree2,statsmodels_glm,31,,none,,0.615004855635814,0.7767857142857142,0.7,0.7
ridge_poly1_C0.01,sklearn_regularized,31,1,l2,0.01,0.6636824334994834,0.6595982142857142,0.6,0.5555555555555556
ridge_poly1_C0.03,sklearn_regularized,31,1,l2,0.03,0.6565335912422338,0.6551339285714285,0.5833333333333334,0.5614035087719298
ridge_poly1_C0.1,sklearn_regularized,31,1,l2,0.1,0.6598956299286564,0.6495535714285714,0.5666666666666667,0.5517241379310345
ridge_poly1_C0.3,sklearn_regularized,31,1,l2,0.3,0.6649607052232253,0.6484374999999999,0.5666666666666667,0.5517241379310345
ridge_poly1_C1,sklearn_regularized,31,1,l2,1,0.6678968532723385,0.6484374999999999,0.5666666666666667,0.5517241379310345
ridge_poly1_C3,sklearn_regularized,31,1,l2,3,0.6689014167110852,0.6484374999999999,0.5666666666666667,0.5517241379310345
ridge_poly1_C10,sklearn_regularized,31,1,l2,10,0.6692733554724415,0.6484374999999999,0.5666666666666667,0.5517241379310345
ridge_poly1_C30,sklearn_regularized,31,1,l2,30,0.6693816679597211,0.6484374999999999,0.5666666666666667,0.5517241379310345
ridge_poly1_C100,sklearn_regularized,31,1,l2,100,0.6694197961889182,0.6484374999999999,0.5666666666666667,0.5517241379310345
ridge_poly2_C0.01,sklearn_regularized,31,2,l2,0.01,0.6169928204127281,0.7946428571428572,0.7333333333333333,0.7142857142857143
ridge_poly2_C0.03,sklearn_regularized,31,2,l2,0.03,0.5851200946220931,0.7912946428571428,0.6833333333333333,0.6779661016949152
ridge_poly2_C0.1,sklearn_regularized,31,2,l2,0.1,0.5765822648025755,0.7845982142857142,0.6833333333333333,0.6779661016949152
ridge_poly2_C0.3,sklearn_regularized,31,2,l2,0.3,0.5879986911759861,0.7801339285714286,0.7166666666666667,0.7213114754098361
ridge_poly2_C1,sklearn_regularized,31,2,l2,1,0.6027491586934061,0.7790178571428571,0.7,0.7
ridge_poly2_C3,sklearn_regularized,31,2,l2,3,0.610272735284194,0.7767857142857142,0.7,0.7
ridge_poly2_C10,sklearn_regularized,31,2,l2,10,0.6135507022197765,0.7767857142857142,0.7,0.7
ridge_poly2_C30,sklearn_regularized,31,2,l2,30,0.6145171385897438,0.7767857142857142,0.7,0.7
ridge_poly2_C100,sklearn_regularized,31,2,l2,100,0.6148810472245372,0.7767857142857142,0.7,0.7
ridge_poly3_C0.01,sklearn_regularized,31,3,l2,0.01,0.6246700076594407,0.7779017857142857,0.7333333333333333,0.7142857142857143
ridge_poly3_C0.03,sklearn_regularized,31,3,l2,0.03,0.6079927037291009,0.7734375,0.7333333333333333,0.7241379310344828
ridge_poly3_C0.1,sklearn_regularized,31,3,l2,0.1,0.6183452313821269,0.7678571428571428,0.6666666666666666,0.6774193548387096
ridge_poly3_C0.3,sklearn_regularized,31,3,l2,0.3,0.6585747363746627,0.7566964285714285,0.6666666666666666,0.6774193548387096
ridge_poly3_C1,sklearn_regularized,31,3,l2,1,0.7256894564857189,0.7421875,0.6833333333333333,0.6885245901639344
ridge_poly3_C3,sklearn_regularized,31,3,l2,3,0.7898894250206492,0.7321428571428571,0.6833333333333333,0.6885245901639344
ridge_poly3_C10,sklearn_regularized,31,3,l2,10,0.8341617448746239,0.7287946428571429,0.6666666666666666,0.6666666666666666
ridge_poly3_C30,sklearn_regularized,31,3,l2,30,0.8517841064490119,0.7310267857142857,0.6666666666666666,0.6666666666666666
ridge_poly3_C100,sklearn_regularized,31,3,l2,100,0.858771350783985,0.7310267857142857,0.6666666666666666,0.6666666666666666
ridge_poly4_C0.01,sklearn_regularized,31,4,l2,0.01,0.6060218671966118,0.7901785714285714,0.7333333333333333,0.7142857142857143
ridge_poly4_C0.03,sklearn_regularized,31,4,l2,0.03,0.5941967148704562,0.7779017857142856,0.7,0.6896551724137931
ridge_poly4_C0.1,sklearn_regularized,31,4,l2,0.1,0.6199100126373176,0.7544642857142858,0.65,0.6666666666666666
ridge_poly4_C0.3,sklearn_regularized,31,4,l2,0.3,0.6807788394563319,0.7433035714285714,0.6333333333333333,0.6451612903225806
ridge_poly4_C1,sklearn_regularized,31,4,l2,1,0.773294734228766,0.7410714285714286,0.6833333333333333,0.6779661016949152
ridge_poly4_C3,sklearn_regularized,31,4,l2,3,0.8642935149817083,0.7377232142857143,0.6833333333333333,0.6779661016949152
ridge_poly4_C10,sklearn_regularized,31,4,l2,10,0.9983427111465036,0.7187500000000001,0.65,0.6557377049180327
ridge_poly4_C30,sklearn_regularized,31,4,l2,30,1.0958973290119844,0.7142857142857143,0.6333333333333333,0.6451612903225806
ridge_poly4_C100,sklearn_regularized,31,4,l2,100,1.1476220700156812,0.7142857142857144,0.6333333333333333,0.6451612903225806
ridge_poly5_C0.01,sklearn_regularized,31,5,l2,0.01,0.6131017648767362,0.7857142857142858,0.7166666666666667,0.6909090909090909
ridge_poly5_C0.03,sklearn_regularized,31,5,l2,0.03,0.6070773942114619,0.7712053571428571,0.6833333333333333,0.6779661016949152
ridge_poly5_C0.1,sklearn_regularized,31,5,l2,0.1,0.641132816990948,0.7488839285714286,0.65,0.6666666666666666
ridge_poly5_C0.3,sklearn_regularized,31,5,l2,0.3,0.7100610901103724,0.7332589285714286,0.6333333333333333,0.6451612903225806
ridge_poly5_C1,sklearn_regularized,31,5,l2,1,0.8049741515880612,0.7332589285714285,0.65,0.6557377049180327
ridge_poly5_C3,sklearn_regularized,31,5,l2,3,0.8794314466224479,0.7198660714285714,0.6666666666666666,0.6666666666666666
ridge_poly5_C10,sklearn_regularized,31,5,l2,10,1.0464307899242606,0.6841517857142858,0.6166666666666667,0.6349206349206349
ridge_poly5_C30,sklearn_regularized,31,5,l2,30,1.2372384329348702,0.6696428571428572,0.65,0.6557377049180327
ridge_poly5_C100,sklearn_regularized,31,5,l2,100,1.6536620658932928,0.6640624999999999,0.6333333333333333,0.6333333333333333
ridge_poly6_C0.01,sklearn_regularized,31,6,l2,0.01,0.6094011627128226,0.7801339285714286,0.7,0.6785714285714286
ridge_poly6_C0.03,sklearn_regularized,31,6,l2,0.03,0.6056541127818674,0.7678571428571428,0.6833333333333333,0.6779661016949152
ridge_poly6_C0.1,sklearn_regularized,31,6,l2,0.1,0.6421848693124927,0.7377232142857142,0.65,0.6666666666666666
ridge_poly6_C0.3,sklearn_regularized,31,6,l2,0.3,0.7125163957907243,0.7366071428571428,0.6333333333333333,0.6451612903225806
ridge_poly6_C1,sklearn_regularized,31,6,l2,1,0.8091679349932905,0.7321428571428572,0.65,0.6557377049180327
ridge_poly6_C3,sklearn_regularized,31,6,l2,3,0.9855338533010749,0.6986607142857143,0.6166666666666667,0.6349206349206349
ridge_poly6_C10,sklearn_regularized,31,6,l2,10,1.2299646641727284,0.6729910714285715,0.6166666666666667,0.6349206349206349
ridge_poly6_C30,sklearn_regularized,31,6,l2,30,1.4810360816007162,0.6517857142857143,0.6333333333333333,0.6451612903225806
ridge_poly6_C100,sklearn_regularized,31,6,l2,100,1.904106630553431,0.6434151785714285,0.6166666666666667,0.6349206349206349
lasso_poly2_C0.01,sklearn_regularized,31,2,l1,0.01,0.6931471805599454,0.5,0.4666666666666667,0.6363636363636364
lasso_poly2_C0.03,sklearn_regularized,31,2,l1,0.03,0.639902065157693,0.8058035714285714,0.6833333333333333,0.6885245901639344
lasso_poly2_C0.1,sklearn_regularized,31,2,l1,0.1,0.5636302153309319,0.8069196428571429,0.7,0.7096774193548387
lasso_poly2_C0.3,sklearn_regularized,31,2,l1,0.3,0.5773862879988667,0.7845982142857143,0.7166666666666667,0.7213114754098361
lasso_poly2_C1,sklearn_regularized,31,2,l1,1,0.5963610978178987,0.7834821428571428,0.7166666666666667,0.7213114754098361
lasso_poly2_C3,sklearn_regularized,31,2,l1,3,0.6077813897005572,0.7801339285714286,0.7,0.7
lasso_poly2_C10,sklearn_regularized,31,2,l1,10,0.6127137169288106,0.7767857142857142,0.7,0.7
lasso_poly2_C30,sklearn_regularized,31,2,l1,30,0.614225032985967,0.7767857142857142,0.7,0.7
lasso_poly2_C100,sklearn_regularized,31,2,l1,100,0.6147653366882991,0.7767857142857142,0.7,0.7
lasso_poly3_C0.01,sklearn_regularized,31,3,l1,0.01,0.6931471805599454,0.5,0.4666666666666667,0.6363636363636364
lasso_poly3_C0.03,sklearn_regularized,31,3,l1,0.03,0.6399017217486037,0.8058035714285714,0.6833333333333333,0.6885245901639344
lasso_poly3_C0.1,sklearn_regularized,31,3,l1,0.1,0.5635300432645001,0.8035714285714285,0.7,0.7096774193548387
lasso_poly3_C0.3,sklearn_regularized,31,3,l1,0.3,0.5838767716181946,0.7745535714285714,0.7,0.7096774193548387
lasso_poly3_C1,sklearn_regularized,31,3,l1,1,0.6716661149434545,0.7533482142857142,0.6666666666666666,0.6774193548387096
lasso_poly3_C3,sklearn_regularized,31,3,l1,3,0.7737511766743215,0.7410714285714286,0.6666666666666666,0.6666666666666666
lasso_poly3_C10,sklearn_regularized,31,3,l1,10,0.8320802430559638,0.7310267857142857,0.6666666666666666,0.6666666666666666
lasso_poly3_C30,sklearn_regularized,31,3,l1,30,0.8514130566913019,0.7310267857142857,0.6666666666666666,0.6666666666666666
lasso_poly3_C100,sklearn_regularized,31,3,l1,100,0.8584315002964648,0.7310267857142857,0.6666666666666666,0.6666666666666666
lasso_poly4_C0.01,sklearn_regularized,31,4,l1,0.01,0.6931471805599454,0.5,0.4666666666666667,0.6363636363636364
lasso_poly4_C0.03,sklearn_regularized,31,4,l1,0.03,0.639901443544384,0.8058035714285714,0.6833333333333333,0.6885245901639344
lasso_poly4_C0.1,sklearn_regularized,31,4,l1,0.1,0.56352661300001,0.8035714285714285,0.7,0.7096774193548387
lasso_poly4_C0.3,sklearn_regularized,31,4,l1,0.3,0.5944069375166117,0.7689732142857144,0.7,0.7096774193548387
lasso_poly4_C1,sklearn_regularized,31,4,l1,1,0.7533038290003984,0.7276785714285714,0.65,0.6557377049180327
lasso_poly4_C3,sklearn_regularized,31,4,l1,3,0.8707917856620534,0.7343749999999999,0.6666666666666666,0.6666666666666666
lasso_poly4_C10,sklearn_regularized,31,4,l1,10,0.9978099192315601,0.7198660714285714,0.6333333333333333,0.6451612903225806
lasso_poly4_C30,sklearn_regularized,31,4,l1,30,1.11159395186636,0.7176339285714286,0.6333333333333333,0.6451612903225806
lasso_poly4_C100,sklearn_regularized,31,4,l1,100,1.1582104355988043,0.7154017857142858,0.6333333333333333,0.6451612903225806
lasso_poly5_C0.01,sklearn_regularized,31,5,l1,0.01,0.6931471805599454,0.5,0.4666666666666667,0.6363636363636364
lasso_poly5_C0.03,sklearn_regularized,31,5,l1,0.03,0.6399013284018523,0.8058035714285714,0.6833333333333333,0.6885245901639344
lasso_poly5_C0.1,sklearn_regularized,31,5,l1,0.1,0.5635265807466312,0.8035714285714285,0.7,0.7096774193548387
lasso_poly5_C0.3,sklearn_regularized,31,5,l1,0.3,0.5944305227110449,0.7712053571428571,0.7,0.7096774193548387
lasso_poly5_C1,sklearn_regularized,31,5,l1,1,0.7750510277534003,0.7220982142857143,0.65,0.6557377049180327
lasso_poly5_C3,sklearn_regularized,31,5,l1,3,0.8823500734835227,0.7176339285714285,0.6666666666666666,0.6666666666666666
lasso_poly5_C10,sklearn_regularized,31,5,l1,10,1.188455894927332,0.6830357142857142,0.6,0.6129032258064516
lasso_poly5_C30,sklearn_regularized,31,5,l1,30,1.9177218076980158,0.6623883928571429,0.6166666666666667,0.6229508196721312
lasso_poly5_C100,sklearn_regularized,31,5,l1,100,2.6540479285021683,0.6529017857142857,0.65,0.6440677966101694
lasso_poly6_C0.01,sklearn_regularized,31,6,l1,0.01,0.6931471805599454,0.5,0.4666666666666667,0.6363636363636364
lasso_poly6_C0.03,sklearn_regularized,31,6,l1,0.03,0.6399013998545595,0.8058035714285714,0.6833333333333333,0.6885245901639344
lasso_poly6_C0.1,sklearn_regularized,31,6,l1,0.1,0.5635258587974098,0.8035714285714285,0.7,0.7096774193548387
lasso_poly6_C0.3,sklearn_regularized,31,6,l1,0.3,0.5944247147310369,0.7712053571428571,0.7,0.7096774193548387
lasso_poly6_C1,sklearn_regularized,31,6,l1,1,0.7826991349363407,0.7243303571428571,0.65,0.6557377049180327
lasso_poly6_C3,sklearn_regularized,31,6,l1,3,1.0311476254433614,0.703125,0.6666666666666666,0.6666666666666666
lasso_poly6_C10,sklearn_regularized,31,6,l1,10,1.8062147322689965,0.6707589285714286,0.6666666666666666,0.6666666666666666
lasso_poly6_C30,sklearn_regularized,31,6,l1,30,2.430186017843971,0.6813616071428572,0.6333333333333333,0.6206896551724138
lasso_poly6_C100,sklearn_regularized,31,6,l1,100,3.8186534930933567,0.6936383928571429,0.6,0.6129032258064516
glm_current_simple,statsmodels_glm,32,,none,,0.5876102000358859,0.7455357142857143,0.7333333333333333,0.7142857142857143
glm_best_subset,statsmodels_glm,32,,none,,0.5870771363427301,0.7589285714285714,0.7166666666666667,0.6909090909090909
glm_full_degree2,statsmodels_glm,32,,none,,0.5810344972906768,0.7633928571428572,0.75,0.7169811320754716
ridge_poly1_C0.01,sklearn_regularized,32,1,l2,0.01,0.6720917994834572,0.6540178571428572,0.5833333333333334,0.4444444444444444
ridge_poly1_C0.03,sklearn_regularized,32,1,l2,0.03,0.6699639794923526,0.65625,0.6,0.52
ridge_poly1_C0.1,sklearn_regularized,32,1,l2,0.1,0.6769754156255627,0.6551339285714286,0.5833333333333334,0.5098039215686274
ridge_poly1_C0.3,sklearn_regularized,32,1,l2,0.3,0.6835426032548564,0.65625,0.5833333333333334,0.5098039215686274
ridge_poly1_C1,sklearn_regularized,32,1,l2,1,0.6871308569175643,0.65625,0.6,0.5384615384615384
ridge_poly1_C3,sklearn_regularized,32,1,l2,3,0.6883291425816633,0.65625,0.6,0.5384615384615384
ridge_poly1_C10,sklearn_regularized,32,1,l2,10,0.6887703301183492,0.65625,0.6,0.5384615384615384
ridge_poly1_C30,sklearn_regularized,32,1,l2,30,0.6888985642050751,0.65625,0.6,0.5384615384615384
ridge_poly1_C100,sklearn_regularized,32,1,l2,100,0.6889436791213485,0.65625,0.6,0.5384615384615384
ridge_poly2_C0.01,sklearn_regularized,32,2,l2,0.01,0.6263824636622137,0.7600446428571429,0.7333333333333333,0.6923076923076923
ridge_poly2_C0.03,sklearn_regularized,32,2,l2,0.03,0.5953153535300914,0.7622767857142857,0.7333333333333333,0.7037037037037037
ridge_poly2_C0.1,sklearn_regularized,32,2,l2,0.1,0.5775996837937437,0.765625,0.7166666666666667,0.6792452830188679
ridge_poly2_C0.3,sklearn_regularized,32,2,l2,0.3,0.5750162717929003,0.7689732142857143,0.7333333333333333,0.7037037037037037
ridge_poly2_C1,sklearn_regularized,32,2,l2,1,0.5776974872579987,0.7678571428571428,0.75,0.7169811320754716
ridge_poly2_C3,sklearn_regularized,32,2,l2,3,0.5796746164169686,0.765625,0.75,0.7169811320754716
ridge_poly2_C10,sklearn_regularized,32,2,l2,10,0.5806065708811583,0.7633928571428572,0.75,0.7169811320754716
ridge_poly2_C30,sklearn_regularized,32,2,l2,30,0.5809014227583476,0.7633928571428572,0.75,0.7169811320754716
ridge_poly2_C100,sklearn_regularized,32,2,l2,100,0.5810078839103487,0.7633928571428572,0.75,0.7169811320754716
ridge_poly3_C0.01,sklearn_regularized,32,3,l2,0.01,0.6278436712587893,0.7410714285714286,0.7,0.6538461538461539
ridge_poly3_C0.03,sklearn_regularized,32,3,l2,0.03,0.5989487907456486,0.7555803571428572,0.7,0.6666666666666666
ridge_poly3_C0.1,sklearn_regularized,32,3,l2,0.1,0.57948076146481,0.7734375,0.7333333333333333,0.7142857142857143
ridge_poly3_C0.3,sklearn_regularized,32,3,l2,0.3,0.5772250501308228,0.7712053571428572,0.75,0.7272727272727273
ridge_poly3_C1,sklearn_regularized,32,3,l2,1,0.581845091662892,0.7734375,0.75,0.7272727272727273
ridge_poly3_C3,sklearn_regularized,32,3,l2,3,0.5850250792474692,0.7700892857142857,0.7333333333333333,0.7142857142857143
ridge_poly3_C10,sklearn_regularized,32,3,l2,10,0.5865447857220419,0.7723214285714286,0.7333333333333333,0.7142857142857143
ridge_poly3_C30,sklearn_regularized,32,3,l2,30,0.5870898971653625,0.7734375,0.7333333333333333,0.7142857142857143
ridge_poly3_C100,sklearn_regularized,32,3,l2,100,0.5872936495711215,0.7745535714285714,0.7333333333333333,0.7142857142857143
ridge_poly4_C0.01,sklearn_regularized,32,4,l2,0.01,0.6004369688183832,0.7890625,0.7,0.64
ridge_poly4_C0.03,sklearn_regularized,32,4,l2,0.03,0.5741479733416968,0.7801339285714286,0.7166666666666667,0.6792452830188679
ridge_poly4_C0.1,sklearn_regularized,32,4,l2,0.1,0.567052410650783,0.7845982142857143,0.75,0.7169811320754716
ridge_poly4_C0.3,sklearn_regularized,32,4,l2,0.3,0.5694009320491963,0.7790178571428572,0.7166666666666667,0.6792452830188679
ridge_poly4_C1,sklearn_regularized,32,4,l2,1,0.5693785779540975,0.7823660714285714,0.75,0.7272727272727273
ridge_poly4_C3,sklearn_regularized,32,4,l2,3,0.5674193655781516,0.7924107142857143,0.7333333333333333,0.7142857142857143
ridge_poly4_C10,sklearn_regularized,32,4,l2,10,0.5716863694750741,0.7834821428571428,0.7333333333333333,0.7241379310344828
ridge_poly4_C30,sklearn_regularized,32,4,l2,30,0.5774801134050486,0.7823660714285714,0.7166666666666667,0.711864406779661
ridge_poly4_C100,sklearn_regularized,32,4,l2,100,0.5819248444109928,0.7823660714285714,0.7166666666666667,0.711864406779661
ridge_poly5_C0.01,sklearn_regularized,32,5,l2,0.01,0.6028486071511817,0.7879464285714286,0.7166666666666667,0.6666666666666666
ridge_poly5_C0.03,sklearn_regularized,32,5,l2,0.03,0.575919388875294,0.7845982142857143,0.7166666666666667,0.6792452830188679
ridge_poly5_C0.1,sklearn_regularized,32,5,l2,0.1,0.5676327612089547,0.7790178571428571,0.75,0.7169811320754716
ridge_poly5_C0.3,sklearn_regularized,32,5,l2,0.3,0.5712923513089045,0.7734375,0.7166666666666667,0.6792452830188679
ridge_poly5_C1,sklearn_regularized,32,5,l2,1,0.5994847439036853,0.7767857142857144,0.7166666666666667,0.6792452830188679
ridge_poly5_C3,sklearn_regularized,32,5,l2,3,0.6702895750549066,0.7667410714285714,0.7166666666666667,0.6666666666666666
ridge_poly5_C10,sklearn_regularized,32,5,l2,10,0.7866188541192385,0.7433035714285714,0.7166666666666667,0.6666666666666666
ridge_poly5_C30,sklearn_regularized,32,5,l2,30,0.9103122064842996,0.7343749999999999,0.7,0.64
ridge_poly5_C100,sklearn_regularized,32,5,l2,100,1.120875135126919,0.7377232142857143,0.6833333333333333,0.6122448979591837
ridge_poly6_C0.01,sklearn_regularized,32,6,l2,0.01,0.5922762939633546,0.7834821428571429,0.7,0.625
ridge_poly6_C0.03,sklearn_regularized,32,6,l2,0.03,0.5716086027317397,0.7823660714285714,0.7166666666666667,0.6792452830188679
ridge_poly6_C0.1,sklearn_regularized,32,6,l2,0.1,0.5664850916064734,0.7745535714285714,0.7166666666666667,0.6792452830188679
ridge_poly6_C0.3,sklearn_regularized,32,6,l2,0.3,0.5757441061471457,0.7667410714285714,0.7166666666666667,0.6792452830188679
ridge_poly6_C1,sklearn_regularized,32,6,l2,1,0.6214825532026698,0.7734375,0.7166666666666667,0.6792452830188679
ridge_poly6_C3,sklearn_regularized,32,6,l2,3,0.7126027111916439,0.7611607142857143,0.7,0.6538461538461539
ridge_poly6_C10,sklearn_regularized,32,6,l2,10,0.86874402150623,0.7421875,0.7166666666666667,0.6530612244897959
ridge_poly6_C30,sklearn_regularized,32,6,l2,30,1.0617660149640331,0.7310267857142858,0.6833333333333333,0.5957446808510638
ridge_poly6_C100,sklearn_regularized,32,6,l2,100,1.41367911824149,0.7254464285714285,0.6833333333333333,0.5957446808510638
lasso_poly2_C0.01,sklearn_regularized,32,2,l1,0.01,0.6931471805599454,0.5,0.4666666666666667,0.6363636363636364
lasso_poly2_C0.03,sklearn_regularized,32,2,l1,0.03,0.6486132091698013,0.7232142857142858,0.7,0.6896551724137931
lasso_poly2_C0.1,sklearn_regularized,32,2,l1,0.1,0.6065858348556895,0.7243303571428572,0.7,0.6896551724137931
lasso_poly2_C0.3,sklearn_regularized,32,2,l1,0.3,0.6006578907108834,0.7299107142857143,0.7166666666666667,0.7017543859649122
lasso_poly2_C1,sklearn_regularized,32,2,l1,1,0.5829220013456631,0.7633928571428571,0.7166666666666667,0.6909090909090909
lasso_poly2_C3,sklearn_regularized,32,2,l1,3,0.5809168242940974,0.7667410714285714,0.75,0.7169811320754716
lasso_poly2_C10,sklearn_regularized,32,2,l1,10,0.5809098102570478,0.7622767857142857,0.75,0.7169811320754716
lasso_poly2_C30,sklearn_regularized,32,2,l1,30,0.5809795968129632,0.7633928571428572,0.75,0.7169811320754716
lasso_poly2_C100,sklearn_regularized,32,2,l1,100,0.5810115333096704,0.7633928571428572,0.75,0.7169811320754716
lasso_poly3_C0.01,sklearn_regularized,32,3,l1,0.01,0.6931471805599454,0.5,0.4666666666666667,0.6363636363636364
lasso_poly3_C0.03,sklearn_regularized,32,3,l1,0.03,0.6486132654524042,0.7232142857142858,0.7,0.6896551724137931
lasso_poly3_C0.1,sklearn_regularized,32,3,l1,0.1,0.6065850646104672,0.7243303571428572,0.7,0.6896551724137931
lasso_poly3_C0.3,sklearn_regularized,32,3,l1,0.3,0.6015589258044144,0.7421875,0.7,0.6896551724137931
lasso_poly3_C1,sklearn_regularized,32,3,l1,1,0.5773375812746856,0.7734375,0.7333333333333333,0.7142857142857143
lasso_poly3_C3,sklearn_regularized,32,3,l1,3,0.5814400437520948,0.7745535714285714,0.7333333333333333,0.7142857142857143
lasso_poly3_C10,sklearn_regularized,32,3,l1,10,0.5853541597088563,0.7723214285714286,0.7333333333333333,0.7142857142857143
lasso_poly3_C30,sklearn_regularized,32,3,l1,30,0.586705737918707,0.7734375,0.7333333333333333,0.7142857142857143
lasso_poly3_C100,sklearn_regularized,32,3,l1,100,0.5872006254588112,0.7745535714285714,0.7333333333333333,0.7142857142857143
lasso_poly4_C0.01,sklearn_regularized,32,4,l1,0.01,0.6931471805599454,0.5,0.4666666666666667,0.6363636363636364
lasso_poly4_C0.03,sklearn_regularized,32,4,l1,0.03,0.6486133844755525,0.7232142857142858,0.7,0.6896551724137931
lasso_poly4_C0.1,sklearn_regularized,32,4,l1,0.1,0.6065814501822272,0.7243303571428572,0.7,0.6896551724137931
lasso_poly4_C0.3,sklearn_regularized,32,4,l1,0.3,0.5923148758489144,0.7410714285714286,0.6833333333333333,0.6545454545454545
lasso_poly4_C1,sklearn_regularized,32,4,l1,1,0.5784818569465557,0.7790178571428571,0.7333333333333333,0.7037037037037037
lasso_poly4_C3,sklearn_regularized,32,4,l1,3,0.5796114561915328,0.7723214285714286,0.7666666666666667,0.7407407407407407
lasso_poly4_C10,sklearn_regularized,32,4,l1,10,0.5723138128515138,0.7901785714285714,0.7166666666666667,0.711864406779661
lasso_poly4_C30,sklearn_regularized,32,4,l1,30,0.5785097993997722,0.7834821428571428,0.7166666666666667,0.711864406779661
lasso_poly4_C100,sklearn_regularized,32,4,l1,100,0.5828128205884643,0.78125,0.7166666666666667,0.711864406779661
lasso_poly5_C0.01,sklearn_regularized,32,5,l1,0.01,0.6931471805599454,0.5,0.4666666666666667,0.6363636363636364
lasso_poly5_C0.03,sklearn_regularized,32,5,l1,0.03,0.6486132107997996,0.7232142857142858,0.7,0.6896551724137931
lasso_poly5_C0.1,sklearn_regularized,32,5,l1,0.1,0.6065833438639816,0.7243303571428572,0.7,0.6896551724137931
lasso_poly5_C0.3,sklearn_regularized,32,5,l1,0.3,0.591566786263638,0.7399553571428572,0.6833333333333333,0.6545454545454545
lasso_poly5_C1,sklearn_regularized,32,5,l1,1,0.5709098994182397,0.7823660714285714,0.7333333333333333,0.6923076923076923
lasso_poly5_C3,sklearn_regularized,32,5,l1,3,0.6766930685379288,0.7611607142857143,0.7166666666666667,0.6666666666666666
lasso_poly5_C10,sklearn_regularized,32,5,l1,10,0.8883472347044459,0.7388392857142857,0.6666666666666666,0.6
lasso_poly5_C30,sklearn_regularized,32,5,l1,30,1.2091530826939265,0.7321428571428571,0.6666666666666666,0.6
lasso_poly5_C100,sklearn_regularized,32,5,l1,100,1.472324165670083,0.7198660714285714,0.6666666666666666,0.6
lasso_poly6_C0.01,sklearn_regularized,32,6,l1,0.01,0.6931471805599454,0.5,0.4666666666666667,0.6363636363636364
lasso_poly6_C0.03,sklearn_regularized,32,6,l1,0.03,0.6486132091698013,0.7232142857142858,0.7,0.6896551724137931
lasso_poly6_C0.1,sklearn_regularized,32,6,l1,0.1,0.6065841200139386,0.7243303571428572,0.7,0.6896551724137931
lasso_poly6_C0.3,sklearn_regularized,32,6,l1,0.3,0.5910281230998929,0.7421875,0.6833333333333333,0.6545454545454545
lasso_poly6_C1,sklearn_regularized,32,6,l1,1,0.5856509251905024,0.7622767857142857,0.7333333333333333,0.7037037037037037
lasso_poly6_C3,sklearn_regularized,32,6,l1,3,0.7085793142630562,0.7723214285714285,0.75,0.7058823529411765
lasso_poly6_C10,sklearn_regularized,32,6,l1,10,1.1838123349362752,0.7299107142857143,0.6833333333333333,0.6122448979591837
lasso_poly6_C30,sklearn_regularized,32,6,l1,30,1.928705553023632,0.6975446428571428,0.65,0.5714285714285714
lasso_poly6_C100,sklearn_regularized,32,6,l1,100,2.7067478065873454,0.6674107142857143,0.65,0.5714285714285714
glm_current_simple,statsmodels_glm,33,,none,,0.43857514962711297,0.8783482142857143,0.7333333333333333,0.6923076923076923
glm_best_subset,statsmodels_glm,33,,none,,0.4595834714130108,0.8616071428571429,0.75,0.7058823529411765
glm_full_degree2,statsmodels_glm,33,,none,,0.4520938219259664,0.8716517857142857,0.75,0.7058823529411765
ridge_poly1_C0.01,sklearn_regularized,33,1,l2,0.01,0.6450769704817569,0.7354910714285714,0.6333333333333333,0.5217391304347826
ridge_poly1_C0.03,sklearn_regularized,33,1,l2,0.03,0.6193294037835193,0.7421875,0.6333333333333333,0.5769230769230769
ridge_poly1_C0.1,sklearn_regularized,33,1,l2,0.1,0.6019711677011569,0.7433035714285714,0.65,0.6181818181818182
ridge_poly1_C0.3,sklearn_regularized,33,1,l2,0.3,0.5955406212733853,0.7444196428571428,0.6666666666666666,0.6428571428571429
ridge_poly1_C1,sklearn_regularized,33,1,l2,1,0.5930692300999005,0.7444196428571428,0.6666666666666666,0.6428571428571429
ridge_poly1_C3,sklearn_regularized,33,1,l2,3,0.5923440279168533,0.7444196428571428,0.6666666666666666,0.6428571428571429
ridge_poly1_C10,sklearn_regularized,33,1,l2,10,0.592088247442696,0.7444196428571428,0.6666666666666666,0.6428571428571429
ridge_poly1_C30,sklearn_regularized,33,1,l2,30,0.5920149826757203,0.7444196428571428,0.6666666666666666,0.6428571428571429
ridge_poly1_C100,sklearn_regularized,33,1,l2,100,0.5919893207004595,0.7444196428571428,0.6666666666666666,0.6428571428571429
ridge_poly2_C0.01,sklearn_regularized,33,2,l2,0.01,0.5915698208579119,0.8660714285714286,0.7333333333333333,0.6521739130434783
ridge_poly2_C0.03,sklearn_regularized,33,2,l2,0.03,0.5319018744180939,0.8716517857142857,0.7666666666666667,0.72
ridge_poly2_C0.1,sklearn_regularized,33,2,l2,0.1,0.48486173322525533,0.8727678571428571,0.7666666666666667,0.72
ridge_poly2_C0.3,sklearn_regularized,33,2,l2,0.3,0.4641611521061233,0.8738839285714285,0.75,0.7058823529411765
ridge_poly2_C1,sklearn_regularized,33,2,l2,1,0.45583244789570354,0.8727678571428571,0.75,0.7058823529411765
ridge_poly2_C3,sklearn_regularized,33,2,l2,3,0.45341828357126224,0.8716517857142857,0.75,0.7058823529411765
ridge_poly2_C10,sklearn_regularized,33,2,l2,10,0.45258084930579295,0.8716517857142857,0.75,0.7058823529411765
ridge_poly2_C30,sklearn_regularized,33,2,l2,30,0.45234289847606807,0.8716517857142857,0.75,0.7058823529411765
ridge_poly2_C100,sklearn_regularized,33,2,l2,100,0.45225978019610025,0.8716517857142857,0.75,0.7058823529411765
ridge_poly3_C0.01,sklearn_regularized,33,3,l2,0.01,0.5802485023534264,0.859375,0.7,0.5909090909090909
ridge_poly3_C0.03,sklearn_regularized,33,3,l2,0.03,0.5251982402173357,0.875,0.75,0.6808510638297872
ridge_poly3_C0.1,sklearn_regularized,33,3,l2,0.1,0.48054620096882145,0.8794642857142857,0.7666666666666667,0.7083333333333334
ridge_poly3_C0.3,sklearn_regularized,33,3,l2,0.3,0.4578956163975226,0.8805803571428572,0.7666666666666667,0.7083333333333334
ridge_poly3_C1,sklearn_regularized,33,3,l2,1,0.4470069961815376,0.8895089285714286,0.7666666666666667,0.7083333333333334
ridge_poly3_C3,sklearn_regularized,33,3,l2,3,0.4446139176742721,0.890625,0.7666666666666667,0.7083333333333334
ridge_poly3_C10,sklearn_regularized,33,3,l2,10,0.44445756507872336,0.890625,0.7666666666666667,0.7083333333333334
ridge_poly3_C30,sklearn_regularized,33,3,l2,30,0.44446431598286174,0.8895089285714286,0.7666666666666667,0.7083333333333334
ridge_poly3_C100,sklearn_regularized,33,3,l2,100,0.44451088874395095,0.8895089285714286,0.7666666666666667,0.7083333333333334
ridge_poly4_C0.01,sklearn_regularized,33,4,l2,0.01,0.5483414388316862,0.8738839285714286,0.75,0.6808510638297872
ridge_poly4_C0.03,sklearn_regularized,33,4,l2,0.03,0.49605283350401536,0.8738839285714286,0.7666666666666667,0.7083333333333334
ridge_poly4_C0.1,sklearn_regularized,33,4,l2,0.1,0.46054681282453547,0.8738839285714286,0.7666666666666667,0.7083333333333334
ridge_poly4_C0.3,sklearn_regularized,33,4,l2,0.3,0.44858070683262186,0.8761160714285714,0.75,0.6938775510204082
ridge_poly4_C1,sklearn_regularized,33,4,l2,1,0.47443166614324245,0.8448660714285714,0.75,0.7169811320754716
ridge_poly4_C3,sklearn_regularized,33,4,l2,3,0.5377920278271777,0.8236607142857143,0.75,0.7169811320754716
ridge_poly4_C10,sklearn_regularized,33,4,l2,10,0.6168611611322282,0.7912946428571428,0.7,0.6538461538461539
ridge_poly4_C30,sklearn_regularized,33,4,l2,30,0.68047623007491,0.7745535714285715,0.7166666666666667,0.6792452830188679
ridge_poly4_C100,sklearn_regularized,33,4,l2,100,0.7227829781742638,0.7689732142857143,0.7166666666666667,0.6792452830188679
ridge_poly5_C0.01,sklearn_regularized,33,5,l2,0.01,0.5492866911413857,0.8738839285714286,0.75,0.6808510638297872
ridge_poly5_C0.03,sklearn_regularized,33,5,l2,0.03,0.49743655257674735,0.8727678571428571,0.7666666666666667,0.7083333333333334
ridge_poly5_C0.1,sklearn_regularized,33,5,l2,0.1,0.4597589149957472,0.8761160714285714,0.7666666666666667,0.7083333333333334
ridge_poly5_C0.3,sklearn_regularized,33,5,l2,0.3,0.44059705034104846,0.8794642857142857,0.7666666666666667,0.7083333333333334
ridge_poly5_C1,sklearn_regularized,33,5,l2,1,0.4383000623357268,0.8761160714285714,0.7833333333333333,0.7346938775510204
ridge_poly5_C3,sklearn_regularized,33,5,l2,3,0.4593560710532927,0.859375,0.7666666666666667,0.7307692307692307
ridge_poly5_C10,sklearn_regularized,33,5,l2,10,0.5148101117399645,0.8392857142857142,0.7666666666666667,0.7307692307692307
ridge_poly5_C30,sklearn_regularized,33,5,l2,30,0.6204195990579234,0.8035714285714286,0.7333333333333333,0.7037037037037037
ridge_poly5_C100,sklearn_regularized,33,5,l2,100,0.8482443404999898,0.7645089285714286,0.7,0.6538461538461539
ridge_poly6_C0.01,sklearn_regularized,33,6,l2,0.01,0.5365556496853645,0.875,0.75,0.6808510638297872
ridge_poly6_C0.03,sklearn_regularized,33,6,l2,0.03,0.48934996330861374,0.8761160714285714,0.7666666666666667,0.7083333333333334
ridge_poly6_C0.1,sklearn_regularized,33,6,l2,0.1,0.45415338336586664,0.8783482142857142,0.7666666666666667,0.7083333333333334
ridge_poly6_C0.3,sklearn_regularized,33,6,l2,0.3,0.4377331936680999,0.8816964285714286,0.7833333333333333,0.7346938775510204
ridge_poly6_C1,sklearn_regularized,33,6,l2,1,0.4442165552268308,0.8671875,0.75,0.7058823529411765
ridge_poly6_C3,sklearn_regularized,33,6,l2,3,0.48190873513975213,0.8381696428571428,0.75,0.7058823529411765
ridge_poly6_C10,sklearn_regularized,33,6,l2,10,0.5508683146693536,0.8191964285714285,0.75,0.7058823529411765
ridge_poly6_C30,sklearn_regularized,33,6,l2,30,0.6470981245519901,0.8013392857142857,0.7166666666666667,0.6792452830188679
ridge_poly6_C100,sklearn_regularized,33,6,l2,100,0.8192579973317698,0.7611607142857142,0.6666666666666666,0.6551724137931034
lasso_poly2_C0.01,sklearn_regularized,33,2,l1,0.01,0.6931471805599454,0.5,0.4666666666666667,0.6363636363636364
lasso_poly2_C0.03,sklearn_regularized,33,2,l1,0.03,0.6400946920465753,0.8225446428571428,0.7166666666666667,0.6530612244897959
lasso_poly2_C0.1,sklearn_regularized,33,2,l1,0.1,0.5015219054125587,0.8727678571428572,0.7666666666666667,0.7407407407407407
lasso_poly2_C0.3,sklearn_regularized,33,2,l1,0.3,0.4700338625241444,0.8616071428571428,0.7833333333333333,0.7450980392156863
lasso_poly2_C1,sklearn_regularized,33,2,l1,1,0.45867352906932624,0.8649553571428571,0.75,0.7058823529411765
lasso_poly2_C3,sklearn_regularized,33,2,l1,3,0.4541265496509583,0.8705357142857143,0.75,0.7058823529411765
lasso_poly2_C10,sklearn_regularized,33,2,l1,10,0.45268845945549924,0.8716517857142857,0.75,0.7058823529411765
lasso_poly2_C30,sklearn_regularized,33,2,l1,30,0.4522927825449231,0.8716517857142857,0.75,0.7058823529411765
lasso_poly2_C100,sklearn_regularized,33,2,l1,100,0.45215642601663014,0.8716517857142857,0.75,0.7058823529411765
lasso_poly3_C0.01,sklearn_regularized,33,3,l1,0.01,0.6931471805599454,0.5,0.4666666666666667,0.6363636363636364
lasso_poly3_C0.03,sklearn_regularized,33,3,l1,0.03,0.6400966758407456,0.8225446428571428,0.7166666666666667,0.6530612244897959
lasso_poly3_C0.1,sklearn_regularized,33,3,l1,0.1,0.5014883624763031,0.8727678571428572,0.7666666666666667,0.7407407407407407
lasso_poly3_C0.3,sklearn_regularized,33,3,l1,0.3,0.46108868073889675,0.8671875,0.7666666666666667,0.72
lasso_poly3_C1,sklearn_regularized,33,3,l1,1,0.44469993899960597,0.8861607142857143,0.7666666666666667,0.7083333333333334
lasso_poly3_C3,sklearn_regularized,33,3,l1,3,0.44167566895695054,0.8883928571428572,0.7666666666666667,0.7083333333333334
lasso_poly3_C10,sklearn_regularized,33,3,l1,10,0.4432347990177889,0.8917410714285714,0.7666666666666667,0.7083333333333334
lasso_poly3_C30,sklearn_regularized,33,3,l1,30,0.4440604983165413,0.890625,0.7666666666666667,0.7083333333333334
lasso_poly3_C100,sklearn_regularized,33,3,l1,100,0.44439947466015434,0.8895089285714286,0.7666666666666667,0.7083333333333334
lasso_poly4_C0.01,sklearn_regularized,33,4,l1,0.01,0.6931471805599454,0.5,0.4666666666666667,0.6363636363636364
lasso_poly4_C0.03,sklearn_regularized,33,4,l1,0.03,0.6400946920465749,0.8225446428571428,0.7166666666666667,0.6530612244897959
lasso_poly4_C0.1,sklearn_regularized,33,4,l1,0.1,0.5011924235533514,0.8727678571428572,0.7666666666666667,0.7407407407407407
lasso_poly4_C0.3,sklearn_regularized,33,4,l1,0.3,0.45991919802267245,0.8694196428571428,0.7333333333333333,0.68
lasso_poly4_C1,sklearn_regularized,33,4,l1,1,0.45081606049301154,0.8660714285714286,0.7666666666666667,0.7307692307692307
lasso_poly4_C3,sklearn_regularized,33,4,l1,3,0.5511924701431817,0.8203125,0.75,0.7272727272727273
lasso_poly4_C10,sklearn_regularized,33,4,l1,10,0.6611375262487792,0.7823660714285714,0.7166666666666667,0.6792452830188679
lasso_poly4_C30,sklearn_regularized,33,4,l1,30,0.7149891713103947,0.7700892857142858,0.7166666666666667,0.6792452830188679
lasso_poly4_C100,sklearn_regularized,33,4,l1,100,0.7390783749409446,0.7667410714285714,0.7166666666666667,0.6792452830188679
lasso_poly5_C0.01,sklearn_regularized,33,5,l1,0.01,0.6931471805599454,0.5,0.4666666666666667,0.6363636363636364
lasso_poly5_C0.03,sklearn_regularized,33,5,l1,0.03,0.6400946920465753,0.8225446428571428,0.7166666666666667,0.6530612244897959
lasso_poly5_C0.1,sklearn_regularized,33,5,l1,0.1,0.5018625713460089,0.8727678571428572,0.7666666666666667,0.7307692307692307
lasso_poly5_C0.3,sklearn_regularized,33,5,l1,0.3,0.4628828089467097,0.8671875,0.75,0.6938775510204082
lasso_poly5_C1,sklearn_regularized,33,5,l1,1,0.5588712003783705,0.853794642857143,0.7833333333333333,0.7346938775510204
lasso_poly5_C3,sklearn_regularized,33,5,l1,3,0.46923079235603443,0.8549107142857142,0.7833333333333333,0.7450980392156863
lasso_poly5_C10,sklearn_regularized,33,5,l1,10,0.6358299029583313,0.7890625000000001,0.6833333333333333,0.6415094339622641
lasso_poly5_C30,sklearn_regularized,33,5,l1,30,0.9090842054107746,0.7645089285714286,0.6833333333333333,0.6415094339622641
lasso_poly5_C100,sklearn_regularized,33,5,l1,100,1.141570627884049,0.7611607142857143,0.6666666666666666,0.6153846153846154
lasso_poly6_C0.01,sklearn_regularized,33,6,l1,0.01,0.6931471805599454,0.5,0.4666666666666667,0.6363636363636364
lasso_poly6_C0.03,sklearn_regularized,33,6,l1,0.03,0.6400966758787269,0.8225446428571428,0.7166666666666667,0.6530612244897959
lasso_poly6_C0.1,sklearn_regularized,33,6,l1,0.1,0.5018953084022574,0.8727678571428572,0.7666666666666667,0.7307692307692307
lasso_poly6_C0.3,sklearn_regularized,33,6,l1,0.3,0.4615450551432433,0.8727678571428572,0.75,0.6938775510204082
lasso_poly6_C1,sklearn_regularized,33,6,l1,1,0.4326387041538623,0.8805803571428572,0.7666666666666667,0.72
lasso_poly6_C3,sklearn_regularized,33,6,l1,3,0.5051375062650837,0.8236607142857142,0.75,0.7169811320754716
lasso_poly6_C10,sklearn_regularized,33,6,l1,10,0.6798416386408058,0.7801339285714285,0.7,0.6785714285714286
lasso_poly6_C30,sklearn_regularized,33,6,l1,30,0.9823012513750985,0.7544642857142858,0.7,0.6896551724137931
lasso_poly6_C100,sklearn_regularized,33,6,l1,100,1.8614132319468197,0.7444196428571428,0.65,0.631578947368421
glm_current_simple,statsmodels_glm,34,,none,,0.5206749857649141,0.8153503893214683,0.7166666666666667,0.7213114754098361
glm_best_subset,statsmodels_glm,34,,none,,0.5035418761029953,0.8387096774193549,0.7166666666666667,0.7213114754098361
glm_full_degree2,statsmodels_glm,34,,none,,0.5055063565716597,0.8431590656284761,0.75,0.7540983606557377
ridge_poly1_C0.01,sklearn_regularized,34,1,l2,0.01,0.6629398820911027,0.6674082313681868,0.6,0.5
ridge_poly1_C0.03,sklearn_regularized,34,1,l2,0.03,0.6501092869401647,0.6662958843159066,0.6,0.52
ridge_poly1_C0.1,sklearn_regularized,34,1,l2,0.1,0.6457865892786415,0.6662958843159066,0.55,0.49056603773584906
ridge_poly1_C0.3,sklearn_regularized,34,1,l2,0.3,0.6463135806743606,0.664071190211346,0.55,0.49056603773584906
ridge_poly1_C1,sklearn_regularized,34,1,l2,1,0.6471006527466441,0.6651835372636262,0.55,0.49056603773584906
ridge_poly1_C3,sklearn_regularized,34,1,l2,3,0.6474161260265782,0.6662958843159066,0.55,0.49056603773584906
ridge_poly1_C10,sklearn_regularized,34,1,l2,10,0.6475377830418682,0.6662958843159066,0.55,0.49056603773584906
ridge_poly1_C30,sklearn_regularized,34,1,l2,30,0.6475736667808358,0.6651835372636262,0.55,0.49056603773584906
ridge_poly1_C100,sklearn_regularized,34,1,l2,100,0.6475863460954041,0.6651835372636262,0.55,0.49056603773584906
ridge_poly2_C0.01,sklearn_regularized,34,2,l2,0.01,0.6127505306347927,0.8353726362625138,0.7,0.6666666666666666
ridge_poly2_C0.03,sklearn_regularized,34,2,l2,0.03,0.5663498269974274,0.8375973303670745,0.75,0.7457627118644068
ridge_poly2_C0.1,sklearn_regularized,34,2,l2,0.1,0.5304727881096202,0.843159065628476,0.75,0.7540983606557377
ridge_poly2_C0.3,sklearn_regularized,34,2,l2,0.3,0.5146602444762738,0.8387096774193549,0.75,0.7540983606557377
ridge_poly2_C1,sklearn_regularized,34,2,l2,1,0.5082699689701645,0.8442714126807563,0.75,0.7540983606557377
ridge_poly2_C3,sklearn_regularized,34,2,l2,3,0.5064146529383752,0.8431590656284761,0.75,0.7540983606557377
ridge_poly2_C10,sklearn_regularized,34,2,l2,10,0.5057619918602145,0.8431590656284761,0.75,0.7540983606557377
ridge_poly2_C30,sklearn_regularized,34,2,l2,30,0.505578396749839,0.8431590656284761,0.75,0.7540983606557377
ridge_poly2_C100,sklearn_regularized,34,2,l2,100,0.5055142681934682,0.8431590656284761,0.75,0.7540983606557377
ridge_poly3_C0.01,sklearn_regularized,34,3,l2,0.01,0.6089580951785948,0.8097886540600667,0.7166666666666667,0.6909090909090909
ridge_poly3_C0.03,sklearn_regularized,34,3,l2,0.03,0.5661679049828913,0.8231368186874305,0.75,0.7457627118644068
ridge_poly3_C0.1,sklearn_regularized,34,3,l2,0.1,0.5350085857737176,0.8298109010011123,0.75,0.7457627118644068
ridge_poly3_C0.3,sklearn_regularized,34,3,l2,0.3,0.5255866219324514,0.8286985539488321,0.75,0.7457627118644068
ridge_poly3_C1,sklearn_regularized,34,3,l2,1,0.5283837013827306,0.8231368186874305,0.75,0.7457627118644068
ridge_poly3_C3,sklearn_regularized,34,3,l2,3,0.5328698005024588,0.8197997775305895,0.7333333333333333,0.7241379310344828
ridge_poly3_C10,sklearn_regularized,34,3,l2,10,0.5354466541454799,0.8186874304783093,0.7333333333333333,0.7241379310344828
ridge_poly3_C30,sklearn_regularized,34,3,l2,30,0.5363862038378658,0.8175750834260289,0.7333333333333333,0.7241379310344828
ridge_poly3_C100,sklearn_regularized,34,3,l2,100,0.5367370772176873,0.8175750834260289,0.7333333333333333,0.7241379310344828
ridge_poly4_C0.01,sklearn_regularized,34,4,l2,0.01,0.592709214603713,0.8309232480533927,0.7333333333333333,0.7037037037037037
ridge_poly4_C0.03,sklearn_regularized,34,4,l2,0.03,0.5531725734354224,0.8353726362625139,0.7333333333333333,0.7241379310344828
ridge_poly4_C0.1,sklearn_regularized,34,4,l2,0.1,0.5257972561479837,0.8342602892102335,0.75,0.7457627118644068
ridge_poly4_C0.3,sklearn_regularized,34,4,l2,0.3,0.5179965652356343,0.8298109010011123,0.7666666666666667,0.7666666666666667
ridge_poly4_C1,sklearn_regularized,34,4,l2,1,0.5294959431200578,0.82202447163515,0.75,0.7540983606557377
ridge_poly4_C3,sklearn_regularized,34,4,l2,3,0.5624684446014306,0.8086763070077865,0.7666666666666667,0.7666666666666667
ridge_poly4_C10,sklearn_regularized,34,4,l2,10,0.6176072077789686,0.803114571746385,0.7833333333333333,0.7796610169491526
ridge_poly4_C30,sklearn_regularized,34,4,l2,30,0.6580816483502182,0.7975528364849833,0.7333333333333333,0.7333333333333333
ridge_poly4_C100,sklearn_regularized,34,4,l2,100,0.6806744176808049,0.7908787541713014,0.7333333333333333,0.7333333333333333
ridge_poly5_C0.01,sklearn_regularized,34,5,l2,0.01,0.5936104056809399,0.8275862068965517,0.7333333333333333,0.7037037037037037
ridge_poly5_C0.03,sklearn_regularized,34,5,l2,0.03,0.5544706562850102,0.8309232480533927,0.75,0.7457627118644068
ridge_poly5_C0.1,sklearn_regularized,34,5,l2,0.1,0.5276562137404851,0.8342602892102335,0.75,0.7457627118644068
ridge_poly5_C0.3,sklearn_regularized,34,5,l2,0.3,0.5182474990827551,0.8309232480533927,0.7666666666666667,0.7666666666666667
ridge_poly5_C1,sklearn_regularized,34,5,l2,1,0.5198618976942149,0.8209121245828699,0.7166666666666667,0.711864406779661
ridge_poly5_C3,sklearn_regularized,34,5,l2,3,0.5624338146995735,0.8042269187986651,0.75,0.7540983606557377
ridge_poly5_C10,sklearn_regularized,34,5,l2,10,0.7442803501272692,0.7797552836484983,0.7166666666666667,0.7301587301587301
ridge_poly5_C30,sklearn_regularized,34,5,l2,30,1.0509711459609397,0.7530589543937709,0.7,0.71875
ridge_poly5_C100,sklearn_regularized,34,5,l2,100,1.3969554893169613,0.7285873192436041,0.6833333333333333,0.7076923076923077
ridge_poly6_C0.01,sklearn_regularized,34,6,l2,0.01,0.5890013781897673,0.8298109010011123,0.7333333333333333,0.7037037037037037
ridge_poly6_C0.03,sklearn_regularized,34,6,l2,0.03,0.5510572289944408,0.8309232480533927,0.7333333333333333,0.7241379310344828
ridge_poly6_C0.1,sklearn_regularized,34,6,l2,0.1,0.5248379874288094,0.8309232480533927,0.75,0.7457627118644068
ridge_poly6_C0.3,sklearn_regularized,34,6,l2,0.3,0.5142751755461459,0.8309232480533927,0.7666666666666667,0.7666666666666667
ridge_poly6_C1,sklearn_regularized,34,6,l2,1,0.5103384501825674,0.8253615127919911,0.7666666666666667,0.7666666666666667
ridge_poly6_C3,sklearn_regularized,34,6,l2,3,0.5329146042188057,0.8109010011123471,0.7333333333333333,0.7333333333333333
ridge_poly6_C10,sklearn_regularized,34,6,l2,10,0.6336012569504504,0.7842046718576197,0.7,0.71875
ridge_poly6_C30,sklearn_regularized,34,6,l2,30,0.765372721441618,0.7597330367074527,0.6666666666666666,0.6875
ridge_poly6_C100,sklearn_regularized,34,6,l2,100,0.9326959138084534,0.7474972191323693,0.65,0.6666666666666666
lasso_poly2_C0.01,sklearn_regularized,34,2,l1,0.01,0.6931471805599454,0.5,0.48333333333333334,0.651685393258427
lasso_poly2_C0.03,sklearn_regularized,34,2,l1,0.03,0.6440431021019674,0.8220244716351501,0.75,0.7540983606557377
lasso_poly2_C0.1,sklearn_regularized,34,2,l1,0.1,0.5510729035107016,0.8220244716351501,0.7333333333333333,0.7419354838709677
lasso_poly2_C0.3,sklearn_regularized,34,2,l1,0.3,0.5250198589709795,0.8309232480533927,0.7333333333333333,0.7419354838709677
lasso_poly2_C1,sklearn_regularized,34,2,l1,1,0.5122535504466796,0.8375973303670745,0.75,0.7540983606557377
lasso_poly2_C3,sklearn_regularized,34,2,l1,3,0.50803678278981,0.8420467185761957,0.75,0.7540983606557377
lasso_poly2_C10,sklearn_regularized,34,2,l1,10,0.5062564687822565,0.8431590656284761,0.75,0.7540983606557377
lasso_poly2_C30,sklearn_regularized,34,2,l1,30,0.5057602882318968,0.8431590656284761,0.75,0.7540983606557377
lasso_poly2_C100,sklearn_regularized,34,2,l1,100,0.5055819709376747,0.8431590656284761,0.75,0.7540983606557377
lasso_poly3_C0.01,sklearn_regularized,34,3,l1,0.01,0.6931471805599454,0.5,0.48333333333333334,0.651685393258427
lasso_poly3_C0.03,sklearn_regularized,34,3,l1,0.03,0.6440428319292345,0.8220244716351501,0.75,0.7540983606557377
lasso_poly3_C0.1,sklearn_regularized,34,3,l1,0.1,0.5513750723161711,0.8220244716351501,0.7333333333333333,0.7419354838709677
lasso_poly3_C0.3,sklearn_regularized,34,3,l1,0.3,0.5320317659858967,0.8186874304783092,0.7333333333333333,0.7333333333333333
lasso_poly3_C1,sklearn_regularized,34,3,l1,1,0.5263515932089394,0.8231368186874304,0.75,0.7457627118644068
lasso_poly3_C3,sklearn_regularized,34,3,l1,3,0.5320129926481092,0.8231368186874305,0.7333333333333333,0.7241379310344828
lasso_poly3_C10,sklearn_regularized,34,3,l1,10,0.5352196336670405,0.8186874304783093,0.7333333333333333,0.7241379310344828
lasso_poly3_C30,sklearn_regularized,34,3,l1,30,0.5362179987406541,0.8186874304783093,0.7333333333333333,0.7241379310344828
lasso_poly3_C100,sklearn_regularized,34,3,l1,100,0.5365210396911536,0.8175750834260289,0.7333333333333333,0.7241379310344828
lasso_poly4_C0.01,sklearn_regularized,34,4,l1,0.01,0.6931471805599454,0.5,0.48333333333333334,0.651685393258427
lasso_poly4_C0.03,sklearn_regularized,34,4,l1,0.03,0.6440429219401117,0.8220244716351501,0.75,0.7540983606557377
lasso_poly4_C0.1,sklearn_regularized,34,4,l1,0.1,0.5514324729209601,0.8209121245828699,0.7333333333333333,0.7419354838709677
lasso_poly4_C0.3,sklearn_regularized,34,4,l1,0.3,0.5388828118907126,0.8175750834260289,0.75,0.7457627118644068
lasso_poly4_C1,sklearn_regularized,34,4,l1,1,0.5369433652658232,0.8220244716351502,0.7333333333333333,0.7333333333333333
lasso_poly4_C3,sklearn_regularized,34,4,l1,3,0.584632290328648,0.8031145717463848,0.7666666666666667,0.7666666666666667
lasso_poly4_C10,sklearn_regularized,34,4,l1,10,0.6475398542559047,0.7975528364849834,0.7666666666666667,0.7586206896551724
lasso_poly4_C30,sklearn_regularized,34,4,l1,30,0.6734878984581528,0.7942157953281423,0.7333333333333333,0.7333333333333333
lasso_poly4_C100,sklearn_regularized,34,4,l1,100,0.6864982129312652,0.7897664071190211,0.7333333333333333,0.7333333333333333
lasso_poly5_C0.01,sklearn_regularized,34,5,l1,0.01,0.6931471805599454,0.5,0.48333333333333334,0.651685393258427
lasso_poly5_C0.03,sklearn_regularized,34,5,l1,0.03,0.644042562080774,0.8220244716351501,0.75,0.7540983606557377
lasso_poly5_C0.1,sklearn_regularized,34,5,l1,0.1,0.55165447621772,0.8197997775305896,0.7333333333333333,0.7419354838709677
lasso_poly5_C0.3,sklearn_regularized,34,5,l1,0.3,0.539090581362482,0.8175750834260289,0.75,0.7457627118644068
lasso_poly5_C1,sklearn_regularized,34,5,l1,1,0.5247832340794883,0.8209121245828699,0.7333333333333333,0.7333333333333333
lasso_poly5_C3,sklearn_regularized,34,5,l1,3,0.5480975040775973,0.810901001112347,0.7333333333333333,0.7419354838709677
lasso_poly5_C10,sklearn_regularized,34,5,l1,10,1.0902183257239562,0.7530589543937709,0.6833333333333333,0.7076923076923077
lasso_poly5_C30,sklearn_regularized,34,5,l1,30,1.496675811925829,0.7330367074527253,0.6833333333333333,0.7076923076923077
lasso_poly5_C100,sklearn_regularized,34,5,l1,100,1.6946708666121189,0.7224694104560623,0.6833333333333333,0.7076923076923077
lasso_poly6_C0.01,sklearn_regularized,34,6,l1,0.01,0.6931471805599454,0.5,0.48333333333333334,0.651685393258427
lasso_poly6_C0.03,sklearn_regularized,34,6,l1,0.03,0.6440426219636544,0.8220244716351501,0.75,0.7540983606557377
lasso_poly6_C0.1,sklearn_regularized,34,6,l1,0.1,0.5519150308384044,0.8197997775305896,0.7333333333333333,0.7419354838709677
lasso_poly6_C0.3,sklearn_regularized,34,6,l1,0.3,0.5394088425982239,0.8164627363737487,0.75,0.7457627118644068
lasso_poly6_C1,sklearn_regularized,34,6,l1,1,0.5233166549263081,0.8231368186874305,0.7333333333333333,0.7333333333333333
lasso_poly6_C3,sklearn_regularized,34,6,l1,3,0.5388991673408845,0.8109010011123471,0.7333333333333333,0.7333333333333333
lasso_poly6_C10,sklearn_regularized,34,6,l1,10,0.7723816382242855,0.7664071190211346,0.7,0.71875
lasso_poly6_C30,sklearn_regularized,34,6,l1,30,1.230894408638572,0.7519466073414905,0.6833333333333333,0.6984126984126984
lasso_poly6_C100,sklearn_regularized,34,6,l1,100,1.477095913703287,0.7408231368186874,0.6833333333333333,0.6984126984126984
glm_current_simple,statsmodels_glm,35,,none,,0.5541753085123221,0.8042269187986653,0.7,0.6896551724137931
glm_best_subset,statsmodels_glm,35,,none,,0.5615245260650997,0.8086763070077864,0.7166666666666667,0.711864406779661
glm_full_degree2,statsmodels_glm,35,,none,,0.6000515157814399,0.7697441601779755,0.7,0.7
ridge_poly1_C0.01,sklearn_regularized,35,1,l2,0.01,0.6573297839199433,0.6863181312569522,0.6333333333333333,0.56
ridge_poly1_C0.03,sklearn_regularized,35,1,l2,0.03,0.6408808224821757,0.6941045606229144,0.6666666666666666,0.6428571428571429
ridge_poly1_C0.1,sklearn_regularized,35,1,l2,0.1,0.6328607322354075,0.6952169076751946,0.6666666666666666,0.6428571428571429
ridge_poly1_C0.3,sklearn_regularized,35,1,l2,0.3,0.6312502462587807,0.696329254727475,0.6666666666666666,0.6428571428571429
ridge_poly1_C1,sklearn_regularized,35,1,l2,1,0.6310156965647166,0.696329254727475,0.6666666666666666,0.6428571428571429
ridge_poly1_C3,sklearn_regularized,35,1,l2,3,0.6310000811512723,0.6952169076751946,0.6666666666666666,0.6428571428571429
ridge_poly1_C10,sklearn_regularized,35,1,l2,10,0.6310009439487997,0.696329254727475,0.6666666666666666,0.6428571428571429
ridge_poly1_C30,sklearn_regularized,35,1,l2,30,0.6310018210822256,0.696329254727475,0.6666666666666666,0.6428571428571429
ridge_poly1_C100,sklearn_regularized,35,1,l2,100,0.6310021952844111,0.696329254727475,0.6666666666666666,0.6428571428571429
ridge_poly2_C0.01,sklearn_regularized,35,2,l2,0.01,0.6178928127245876,0.757508342602892,0.7166666666666667,0.6909090909090909
ridge_poly2_C0.03,sklearn_regularized,35,2,l2,0.03,0.5838329934170082,0.764182424916574,0.7,0.7
ridge_poly2_C0.1,sklearn_regularized,35,2,l2,0.1,0.5718081899385061,0.7664071190211346,0.7,0.7
ridge_poly2_C0.3,sklearn_regularized,35,2,l2,0.3,0.5799165547611345,0.7719688542825361,0.7,0.7
ridge_poly2_C1,sklearn_regularized,35,2,l2,1,0.5911295427261282,0.7730812013348164,0.7,0.7
ridge_poly2_C3,sklearn_regularized,35,2,l2,3,0.5966467354100587,0.7708565072302558,0.7,0.7
ridge_poly2_C10,sklearn_regularized,35,2,l2,10,0.5989815866908395,0.7708565072302558,0.7,0.7
ridge_poly2_C30,sklearn_regularized,35,2,l2,30,0.5996955450775495,0.7708565072302558,0.7,0.7
ridge_poly2_C100,sklearn_regularized,35,2,l2,100,0.5999507173474742,0.7697441601779755,0.7,0.7
ridge_poly3_C0.01,sklearn_regularized,35,3,l2,0.01,0.6087213082722633,0.7619577308120133,0.6833333333333333,0.6274509803921569
ridge_poly3_C0.03,sklearn_regularized,35,3,l2,0.03,0.580106362249053,0.764182424916574,0.7,0.6896551724137931
ridge_poly3_C0.1,sklearn_regularized,35,3,l2,0.1,0.5795008288737675,0.7708565072302558,0.7166666666666667,0.711864406779661
ridge_poly3_C0.3,sklearn_regularized,35,3,l2,0.3,0.6024750351596394,0.7708565072302559,0.7166666666666667,0.711864406779661
ridge_poly3_C1,sklearn_regularized,35,3,l2,1,0.6304248652143938,0.7775305895439377,0.7,0.7
ridge_poly3_C3,sklearn_regularized,35,3,l2,3,0.6452728925327137,0.7808676307007785,0.7,0.7
ridge_poly3_C10,sklearn_regularized,35,3,l2,10,0.6517677542175889,0.7764182424916574,0.7,0.7
ridge_poly3_C30,sklearn_regularized,35,3,l2,30,0.6538220169674929,0.7764182424916574,0.7,0.7
ridge_poly3_C100,sklearn_regularized,35,3,l2,100,0.6545652483585429,0.7764182424916574,0.7,0.7
ridge_poly4_C0.01,sklearn_regularized,35,4,l2,0.01,0.5931014162006958,0.7741935483870968,0.7166666666666667,0.6909090909090909
ridge_poly4_C0.03,sklearn_regularized,35,4,l2,0.03,0.5719590984589088,0.7730812013348164,0.7,0.7
ridge_poly4_C0.1,sklearn_regularized,35,4,l2,0.1,0.577072315692694,0.7708565072302559,0.7,0.7
ridge_poly4_C0.3,sklearn_regularized,35,4,l2,0.3,0.594069724728863,0.7686318131256952,0.7,0.7
ridge_poly4_C1,sklearn_regularized,35,4,l2,1,0.605490618003053,0.7830923248053392,0.7166666666666667,0.711864406779661
ridge_poly4_C3,sklearn_regularized,35,4,l2,3,0.6446022080476015,0.7875417130144605,0.7166666666666667,0.7017543859649122
ridge_poly4_C10,sklearn_regularized,35,4,l2,10,0.7292938714902664,0.7753058954393771,0.7333333333333333,0.7142857142857143
ridge_poly4_C30,sklearn_regularized,35,4,l2,30,0.7955080086744907,0.7641824249165741,0.7333333333333333,0.7142857142857143
ridge_poly4_C100,sklearn_regularized,35,4,l2,100,0.8359591057718018,0.760845383759733,0.75,0.7272727272727273
ridge_poly5_C0.01,sklearn_regularized,35,5,l2,0.01,0.5953897514388189,0.7675194660734149,0.7,0.6666666666666666
ridge_poly5_C0.03,sklearn_regularized,35,5,l2,0.03,0.5783164049535813,0.764182424916574,0.7,0.7
ridge_poly5_C0.1,sklearn_regularized,35,5,l2,0.1,0.5920862501303435,0.764182424916574,0.7,0.7
ridge_poly5_C0.3,sklearn_regularized,35,5,l2,0.3,0.6099371846388544,0.7630700778642937,0.7,0.7
ridge_poly5_C1,sklearn_regularized,35,5,l2,1,0.6281773930881954,0.7630700778642936,0.7166666666666667,0.7017543859649122
ridge_poly5_C3,sklearn_regularized,35,5,l2,3,0.8149836639966674,0.7630700778642936,0.7333333333333333,0.7142857142857143
ridge_poly5_C10,sklearn_regularized,35,5,l2,10,1.1108447139017725,0.7541713014460513,0.7333333333333333,0.7037037037037037
ridge_poly5_C30,sklearn_regularized,35,5,l2,30,1.2144912052088306,0.7463848720800891,0.7166666666666667,0.6909090909090909
ridge_poly5_C100,sklearn_regularized,35,5,l2,100,1.5561480234452347,0.706896551724138,0.7,0.6785714285714286
ridge_poly6_C0.01,sklearn_regularized,35,6,l2,0.01,0.5922707931497192,0.7697441601779755,0.6833333333333333,0.6545454545454545
ridge_poly6_C0.03,sklearn_regularized,35,6,l2,0.03,0.5786789631437056,0.760845383759733,0.7,0.7
ridge_poly6_C0.1,sklearn_regularized,35,6,l2,0.1,0.5957556042956146,0.7597330367074527,0.7,0.7
ridge_poly6_C0.3,sklearn_regularized,35,6,l2,0.3,0.6217539141953835,0.7552836484983314,0.6833333333333333,0.6779661016949152
ridge_poly6_C1,sklearn_regularized,35,6,l2,1,0.6997262635596218,0.764182424916574,0.75,0.7272727272727273
ridge_poly6_C3,sklearn_regularized,35,6,l2,3,0.9635629578953856,0.7541713014460513,0.7166666666666667,0.6909090909090909
ridge_poly6_C10,sklearn_regularized,35,6,l2,10,1.2814606988819637,0.7380422691879867,0.7,0.6666666666666666
ridge_poly6_C30,sklearn_regularized,35,6,l2,30,1.5225017018004618,0.7219132369299222,0.7166666666666667,0.6909090909090909
ridge_poly6_C100,sklearn_regularized,35,6,l2,100,1.9188209650822519,0.7085650723025584,0.7,0.6666666666666666
lasso_poly2_C0.01,sklearn_regularized,35,2,l1,0.01,0.6931471805599454,0.5,0.48333333333333334,0.651685393258427
lasso_poly2_C0.03,sklearn_regularized,35,2,l1,0.03,0.6403941855625025,0.7853170189098998,0.7166666666666667,0.7017543859649122
lasso_poly2_C0.1,sklearn_regularized,35,2,l1,0.1,0.5582979442246028,0.7864293659621802,0.7,0.6896551724137931
lasso_poly2_C0.3,sklearn_regularized,35,2,l1,0.3,0.5712528932719725,0.7842046718576196,0.6833333333333333,0.6885245901639344
lasso_poly2_C1,sklearn_regularized,35,2,l1,1,0.5885937910610504,0.7730812013348164,0.7,0.7
lasso_poly2_C3,sklearn_regularized,35,2,l1,3,0.59564508597566,0.7697441601779754,0.7,0.7
lasso_poly2_C10,sklearn_regularized,35,2,l1,10,0.5986586244741322,0.7708565072302558,0.7,0.7
lasso_poly2_C30,sklearn_regularized,35,2,l1,30,0.5995774807939244,0.7708565072302558,0.7,0.7
lasso_poly2_C100,sklearn_regularized,35,2,l1,100,0.5999053821702816,0.7697441601779755,0.7,0.7
lasso_poly3_C0.01,sklearn_regularized,35,3,l1,0.01,0.6931471805599454,0.5,0.48333333333333334,0.651685393258427
lasso_poly3_C0.03,sklearn_regularized,35,3,l1,0.03,0.6403939189328113,0.7853170189098998,0.7166666666666667,0.7017543859649122
lasso_poly3_C0.1,sklearn_regularized,35,3,l1,0.1,0.5582972168324982,0.7864293659621802,0.7,0.6896551724137931
lasso_poly3_C0.3,sklearn_regularized,35,3,l1,0.3,0.5703765989855409,0.7819799777530589,0.6833333333333333,0.6885245901639344
lasso_poly3_C1,sklearn_regularized,35,3,l1,1,0.6052742095204092,0.771968854282536,0.7,0.7
lasso_poly3_C3,sklearn_regularized,35,3,l1,3,0.6299496555640322,0.7741935483870968,0.7,0.7
lasso_poly3_C10,sklearn_regularized,35,3,l1,10,0.6466600988862528,0.775305895439377,0.7,0.7
lasso_poly3_C30,sklearn_regularized,35,3,l1,30,0.6519700850755753,0.7764182424916574,0.7,0.7
lasso_poly3_C100,sklearn_regularized,35,3,l1,100,0.6539084607407125,0.7764182424916574,0.7,0.7
lasso_poly4_C0.01,sklearn_regularized,35,4,l1,0.01,0.6931471805599454,0.5,0.48333333333333334,0.651685393258427
lasso_poly4_C0.03,sklearn_regularized,35,4,l1,0.03,0.6403935374230123,0.7853170189098998,0.7166666666666667,0.7017543859649122
lasso_poly4_C0.1,sklearn_regularized,35,4,l1,0.1,0.5755073632828329,0.7697441601779755,0.7,0.6896551724137931
lasso_poly4_C0.3,sklearn_regularized,35,4,l1,0.3,0.6090262552032341,0.7586206896551724,0.7,0.6896551724137931
lasso_poly4_C1,sklearn_regularized,35,4,l1,1,0.6636849603746152,0.7552836484983315,0.7,0.6896551724137931
lasso_poly4_C3,sklearn_regularized,35,4,l1,3,0.7276365206498336,0.7563959955506118,0.7,0.6896551724137931
lasso_poly4_C10,sklearn_regularized,35,4,l1,10,0.7418649767570441,0.7741935483870969,0.7333333333333333,0.7142857142857143
lasso_poly4_C30,sklearn_regularized,35,4,l1,30,0.8146926033246089,0.7641824249165738,0.75,0.7272727272727273
lasso_poly4_C100,sklearn_regularized,35,4,l1,100,0.8423162037052717,0.7597330367074527,0.75,0.7272727272727273
lasso_poly5_C0.01,sklearn_regularized,35,5,l1,0.01,0.6931471805599454,0.5,0.48333333333333334,0.651685393258427
lasso_poly5_C0.03,sklearn_regularized,35,5,l1,0.03,0.6403933128897411,0.7853170189098998,0.7166666666666667,0.7017543859649122
lasso_poly5_C0.1,sklearn_regularized,35,5,l1,0.1,0.5754571470631369,0.7697441601779755,0.7,0.6896551724137931
lasso_poly5_C0.3,sklearn_regularized,35,5,l1,0.3,0.6089502693206869,0.7586206896551724,0.7,0.6896551724137931
lasso_poly5_C1,sklearn_regularized,35,5,l1,1,0.6498510206739901,0.7575083426028921,0.7333333333333333,0.7142857142857143
lasso_poly5_C3,sklearn_regularized,35,5,l1,3,0.6864554425352382,0.7586206896551724,0.7333333333333333,0.7142857142857143
lasso_poly5_C10,sklearn_regularized,35,5,l1,10,1.2136491394010243,0.7619577308120133,0.7166666666666667,0.6792452830188679
lasso_poly5_C30,sklearn_regularized,35,5,l1,30,1.8262577752780147,0.7030033370411568,0.6833333333333333,0.6545454545454545
lasso_poly5_C100,sklearn_regularized,35,5,l1,100,2.174157869961556,0.6952169076751946,0.7,0.6785714285714286
lasso_poly6_C0.01,sklearn_regularized,35,6,l1,0.01,0.6931471805599454,0.5,0.48333333333333334,0.651685393258427
lasso_poly6_C0.03,sklearn_regularized,35,6,l1,0.03,0.6403934954138961,0.7853170189098998,0.7166666666666667,0.7017543859649122
lasso_poly6_C0.1,sklearn_regularized,35,6,l1,0.1,0.5754417501943785,0.7697441601779755,0.7,0.6896551724137931
lasso_poly6_C0.3,sklearn_regularized,35,6,l1,0.3,0.6072676439207928,0.7619577308120133,0.7,0.6896551724137931
lasso_poly6_C1,sklearn_regularized,35,6,l1,1,0.673137858226216,0.7497219132369299,0.7166666666666667,0.711864406779661
lasso_poly6_C3,sklearn_regularized,35,6,l1,3,0.7895131319274371,0.7652947719688543,0.7333333333333333,0.7142857142857143
lasso_poly6_C10,sklearn_regularized,35,6,l1,10,1.7607684652344318,0.6941045606229143,0.65,0.6037735849056604
lasso_poly6_C30,sklearn_regularized,35,6,l1,30,2.174147840322621,0.7041156840934372,0.6833333333333333,0.6415094339622641
lasso_poly6_C100,sklearn_regularized,35,6,l1,100,3.0056107157516814,0.6607341490545049,0.65,0.6037735849056604
glm_current_simple,statsmodels_glm,36,,none,,0.5029051261637536,0.828125,0.7833333333333333,0.7936507936507936
glm_best_subset,statsmodels_glm,36,,none,,0.50291270794181,0.8325892857142857,0.75,0.7457627118644068
glm_full_degree2,statsmodels_glm,36,,none,,0.496075237181341,0.8415178571428572,0.7666666666666667,0.7586206896551724
ridge_poly1_C0.01,sklearn_regularized,36,1,l2,0.01,0.6645624064142029,0.6852678571428571,0.6,0.5
ridge_poly1_C0.03,sklearn_regularized,36,1,l2,0.03,0.6546161929510507,0.6852678571428571,0.6166666666666667,0.5660377358490566
ridge_poly1_C0.1,sklearn_regularized,36,1,l2,0.1,0.6528092668745373,0.6841517857142857,0.6166666666666667,0.5818181818181818
ridge_poly1_C0.3,sklearn_regularized,36,1,l2,0.3,0.6544569121981855,0.6841517857142857,0.6166666666666667,0.5818181818181818
ridge_poly1_C1,sklearn_regularized,36,1,l2,1,0.6557185185893751,0.6841517857142857,0.6166666666666667,0.5818181818181818
ridge_poly1_C3,sklearn_regularized,36,1,l2,3,0.6561803567766699,0.6841517857142857,0.6166666666666667,0.5818181818181818
ridge_poly1_C10,sklearn_regularized,36,1,l2,10,0.6563546098920171,0.6841517857142857,0.6166666666666667,0.5818181818181818
ridge_poly1_C30,sklearn_regularized,36,1,l2,30,0.6564056640638624,0.6841517857142857,0.6166666666666667,0.5818181818181818
ridge_poly1_C100,sklearn_regularized,36,1,l2,100,0.6564236685988872,0.6841517857142857,0.6166666666666667,0.5818181818181818
ridge_poly2_C0.01,sklearn_regularized,36,2,l2,0.01,0.6046131039765775,0.8459821428571428,0.8,0.7931034482758621
ridge_poly2_C0.03,sklearn_regularized,36,2,l2,0.03,0.5557729146154831,0.84375,0.8166666666666667,0.8135593220338984
ridge_poly2_C0.1,sklearn_regularized,36,2,l2,0.1,0.5196036818380572,0.8426339285714286,0.7833333333333333,0.7796610169491526
ridge_poly2_C0.3,sklearn_regularized,36,2,l2,0.3,0.5043849147918226,0.8426339285714286,0.7833333333333333,0.7796610169491526
ridge_poly2_C1,sklearn_regularized,36,2,l2,1,0.49842539224367355,0.84375,0.7666666666666667,0.7586206896551724
ridge_poly2_C3,sklearn_regularized,36,2,l2,3,0.49679623522650634,0.84375,0.7666666666666667,0.7586206896551724
ridge_poly2_C10,sklearn_regularized,36,2,l2,10,0.49622603325817405,0.8415178571428572,0.7666666666666667,0.7586206896551724
ridge_poly2_C30,sklearn_regularized,36,2,l2,30,0.4960651473073225,0.8415178571428572,0.7666666666666667,0.7586206896551724
ridge_poly2_C100,sklearn_regularized,36,2,l2,100,0.4960090791330564,0.8415178571428572,0.7666666666666667,0.7586206896551724
ridge_poly3_C0.01,sklearn_regularized,36,3,l2,0.01,0.6016623851869917,0.8493303571428572,0.7833333333333333,0.7719298245614035
ridge_poly3_C0.03,sklearn_regularized,36,3,l2,0.03,0.5559747493506454,0.8582589285714286,0.8,0.7931034482758621
ridge_poly3_C0.1,sklearn_regularized,36,3,l2,0.1,0.5232048589276314,0.8582589285714286,0.7666666666666667,0.7666666666666667
ridge_poly3_C0.3,sklearn_regularized,36,3,l2,0.3,0.5114560122609627,0.8638392857142858,0.7666666666666667,0.7741935483870968
ridge_poly3_C1,sklearn_regularized,36,3,l2,1,0.516620489601265,0.8504464285714286,0.7166666666666667,0.7301587301587301
ridge_poly3_C3,sklearn_regularized,36,3,l2,3,0.5306491762214758,0.8359375,0.7166666666666667,0.7301587301587301
ridge_poly3_C10,sklearn_regularized,36,3,l2,10,0.5397286690995936,0.8303571428571429,0.7333333333333333,0.75
ridge_poly3_C30,sklearn_regularized,36,3,l2,30,0.5428998453429793,0.8303571428571429,0.7333333333333333,0.75
ridge_poly3_C100,sklearn_regularized,36,3,l2,100,0.544077269704954,0.8303571428571429,0.7333333333333333,0.75
ridge_poly4_C0.01,sklearn_regularized,36,4,l2,0.01,0.5778895342130689,0.8493303571428571,0.8,0.7931034482758621
ridge_poly4_C0.03,sklearn_regularized,36,4,l2,0.03,0.5417458309782893,0.8415178571428572,0.75,0.7457627118644068
ridge_poly4_C0.1,sklearn_regularized,36,4,l2,0.1,0.529844093207936,0.8337053571428571,0.7166666666666667,0.7213114754098361
ridge_poly4_C0.3,sklearn_regularized,36,4,l2,0.3,0.550346957243592,0.8158482142857143,0.7333333333333333,0.7419354838709677
ridge_poly4_C1,sklearn_regularized,36,4,l2,1,0.6022975641696995,0.7823660714285714,0.7166666666666667,0.7301587301587301
ridge_poly4_C3,sklearn_regularized,36,4,l2,3,0.6798632520618632,0.7522321428571429,0.6833333333333333,0.6984126984126984
ridge_poly4_C10,sklearn_regularized,36,4,l2,10,0.8106519647143119,0.7310267857142857,0.6666666666666666,0.6774193548387096
ridge_poly4_C30,sklearn_regularized,36,4,l2,30,0.9287335423246484,0.7020089285714286,0.6333333333333333,0.6451612903225806
ridge_poly4_C100,sklearn_regularized,36,4,l2,100,1.0070283125994046,0.6986607142857143,0.6333333333333333,0.6451612903225806
ridge_poly5_C0.01,sklearn_regularized,36,5,l2,0.01,0.5796239122466315,0.8482142857142858,0.8,0.7931034482758621
ridge_poly5_C0.03,sklearn_regularized,36,5,l2,0.03,0.5429419680028065,0.8470982142857143,0.7666666666666667,0.7666666666666667
ridge_poly5_C0.1,sklearn_regularized,36,5,l2,0.1,0.5276596947996798,0.8426339285714286,0.7166666666666667,0.7213114754098361
ridge_poly5_C0.3,sklearn_regularized,36,5,l2,0.3,0.5534614479224385,0.8058035714285714,0.75,0.7619047619047619
ridge_poly5_C1,sklearn_regularized,36,5,l2,1,0.6506650646327351,0.75,0.7,0.71875
ridge_poly5_C3,sklearn_regularized,36,5,l2,3,0.8509234513903515,0.6785714285714285,0.6333333333333333,0.65625
ridge_poly5_C10,sklearn_regularized,36,5,l2,10,1.18023587220994,0.6462053571428572,0.6,0.6129032258064516
ridge_poly5_C30,sklearn_regularized,36,5,l2,30,1.5717786845890795,0.64453125,0.6333333333333333,0.6333333333333333
ridge_poly5_C100,sklearn_regularized,36,5,l2,100,1.7901908055971048,0.68359375,0.6333333333333333,0.65625
ridge_poly6_C0.01,sklearn_regularized,36,6,l2,0.01,0.5756550681432632,0.8359375,0.7833333333333333,0.7719298245614035
ridge_poly6_C0.03,sklearn_regularized,36,6,l2,0.03,0.547572085929372,0.8214285714285714,0.7666666666666667,0.7586206896551724
ridge_poly6_C0.1,sklearn_regularized,36,6,l2,0.1,0.5534224707882994,0.8113839285714286,0.7,0.7096774193548387
ridge_poly6_C0.3,sklearn_regularized,36,6,l2,0.3,0.6123974157614931,0.7868303571428572,0.7166666666666667,0.7301587301587301
ridge_poly6_C1,sklearn_regularized,36,6,l2,1,0.7713495788618556,0.7399553571428572,0.6833333333333333,0.6984126984126984
ridge_poly6_C3,sklearn_regularized,36,6,l2,3,1.0364052769489585,0.6796875,0.6666666666666666,0.6774193548387096
ridge_poly6_C10,sklearn_regularized,36,6,l2,10,1.3530186605018832,0.6584821428571428,0.6333333333333333,0.6333333333333333
ridge_poly6_C30,sklearn_regularized,36,6,l2,30,1.4840858887561776,0.6540178571428571,0.5666666666666667,0.5806451612903226
ridge_poly6_C100,sklearn_regularized,36,6,l2,100,2.182386006580249,0.64453125,0.5833333333333334,0.6031746031746031
lasso_poly2_C0.01,sklearn_regularized,36,2,l1,0.01,0.6931471805599454,0.5,0.4666666666666667,0.6363636363636364
lasso_poly2_C0.03,sklearn_regularized,36,2,l1,0.03,0.6420954177142737,0.8225446428571428,0.8166666666666667,0.8253968253968254
lasso_poly2_C0.1,sklearn_regularized,36,2,l1,0.1,0.548264368320244,0.8236607142857143,0.8,0.8064516129032258
lasso_poly2_C0.3,sklearn_regularized,36,2,l1,0.3,0.5194722512190546,0.8359375,0.8,0.8064516129032258
lasso_poly2_C1,sklearn_regularized,36,2,l1,1,0.5061181120408541,0.8325892857142857,0.75,0.7457627118644068
lasso_poly2_C3,sklearn_regularized,36,2,l1,3,0.49950287597445453,0.8359375,0.7666666666666667,0.7586206896551724
lasso_poly2_C10,sklearn_regularized,36,2,l1,10,0.4970846555410626,0.8404017857142857,0.7666666666666667,0.7586206896551724
lasso_poly2_C30,sklearn_regularized,36,2,l1,30,0.4964097565826221,0.8415178571428572,0.7666666666666667,0.7586206896551724
lasso_poly2_C100,sklearn_regularized,36,2,l1,100,0.4961752691273562,0.8415178571428572,0.7666666666666667,0.7586206896551724
lasso_poly3_C0.01,sklearn_regularized,36,3,l1,0.01,0.6931471805599454,0.5,0.4666666666666667,0.6363636363636364
lasso_poly3_C0.03,sklearn_regularized,36,3,l1,0.03,0.6420953471060596,0.8225446428571428,0.8166666666666667,0.8253968253968254
lasso_poly3_C0.1,sklearn_regularized,36,3,l1,0.1,0.5484634463011474,0.8247767857142858,0.8166666666666667,0.8253968253968254
lasso_poly3_C0.3,sklearn_regularized,36,3,l1,0.3,0.5234466591686482,0.8448660714285714,0.8166666666666667,0.8253968253968254
lasso_poly3_C1,sklearn_regularized,36,3,l1,1,0.5096601497960072,0.859375,0.7666666666666667,0.7741935483870968
lasso_poly3_C3,sklearn_regularized,36,3,l1,3,0.5229007739477616,0.8392857142857143,0.7333333333333333,0.75
lasso_poly3_C10,sklearn_regularized,36,3,l1,10,0.5368737180512544,0.8325892857142858,0.7333333333333333,0.75
lasso_poly3_C30,sklearn_regularized,36,3,l1,30,0.5412799255665045,0.8303571428571429,0.7333333333333333,0.75
lasso_poly3_C100,sklearn_regularized,36,3,l1,100,0.5429663588554495,0.8303571428571429,0.7333333333333333,0.75
lasso_poly4_C0.01,sklearn_regularized,36,4,l1,0.01,0.6931471805599454,0.5,0.4666666666666667,0.6363636363636364
lasso_poly4_C0.03,sklearn_regularized,36,4,l1,0.03,0.6420954100059689,0.8225446428571428,0.8166666666666667,0.8253968253968254
lasso_poly4_C0.1,sklearn_regularized,36,4,l1,0.1,0.5528363866796947,0.8113839285714286,0.8,0.8064516129032258
lasso_poly4_C0.3,sklearn_regularized,36,4,l1,0.3,0.5318052298479122,0.8214285714285714,0.7833333333333333,0.7868852459016393
lasso_poly4_C1,sklearn_regularized,36,4,l1,1,0.5851581001614953,0.7935267857142857,0.75,0.7619047619047619
lasso_poly4_C3,sklearn_regularized,36,4,l1,3,0.6947202204118842,0.7522321428571429,0.7,0.71875
lasso_poly4_C10,sklearn_regularized,36,4,l1,10,0.9087430631893022,0.7109375,0.6333333333333333,0.6451612903225806
lasso_poly4_C30,sklearn_regularized,36,4,l1,30,1.0002441896977745,0.6997767857142857,0.6333333333333333,0.6451612903225806
lasso_poly4_C100,sklearn_regularized,36,4,l1,100,1.0375516151698743,0.6941964285714286,0.6333333333333333,0.6451612903225806
lasso_poly5_C0.01,sklearn_regularized,36,5,l1,0.01,0.6931471805599454,0.5,0.4666666666666667,0.6363636363636364
lasso_poly5_C0.03,sklearn_regularized,36,5,l1,0.03,0.6420952825546206,0.8225446428571428,0.8166666666666667,0.8253968253968254
lasso_poly5_C0.1,sklearn_regularized,36,5,l1,0.1,0.5525930168985873,0.8113839285714286,0.8,0.8064516129032258
lasso_poly5_C0.3,sklearn_regularized,36,5,l1,0.3,0.53175076565771,0.8214285714285714,0.7833333333333333,0.7868852459016393
lasso_poly5_C1,sklearn_regularized,36,5,l1,1,0.5882810663649813,0.7823660714285714,0.7333333333333333,0.7419354838709677
lasso_poly5_C3,sklearn_regularized,36,5,l1,3,0.9210310345369245,0.7098214285714286,0.6833333333333333,0.6885245901639344
lasso_poly5_C10,sklearn_regularized,36,5,l1,10,1.433414705953003,0.6707589285714286,0.65,0.6557377049180327
lasso_poly5_C30,sklearn_regularized,36,5,l1,30,1.9001368381275132,0.6925223214285714,0.65,0.6666666666666666
lasso_poly5_C100,sklearn_regularized,36,5,l1,100,2.8381723836959822,0.6852678571428572,0.6333333333333333,0.6451612903225806
lasso_poly6_C0.01,sklearn_regularized,36,6,l1,0.01,0.6931471805599454,0.5,0.4666666666666667,0.6363636363636364
lasso_poly6_C0.03,sklearn_regularized,36,6,l1,0.03,0.6420952826861589,0.8225446428571428,0.8166666666666667,0.8253968253968254
lasso_poly6_C0.1,sklearn_regularized,36,6,l1,0.1,0.5526086155147228,0.8113839285714286,0.8,0.8064516129032258
lasso_poly6_C0.3,sklearn_regularized,36,6,l1,0.3,0.5317341590949346,0.8214285714285714,0.7833333333333333,0.7868852459016393
lasso_poly6_C1,sklearn_regularized,36,6,l1,1,0.6102613880644256,0.7756696428571428,0.7166666666666667,0.7384615384615385
lasso_poly6_C3,sklearn_regularized,36,6,l1,3,0.8534560764730283,0.6930803571428572,0.6666666666666666,0.6774193548387096
lasso_poly6_C10,sklearn_regularized,36,6,l1,10,1.3173255676934812,0.6283482142857143,0.5666666666666667,0.5666666666666667
lasso_poly6_C30,sklearn_regularized,36,6,l1,30,2.786030125475972,0.62890625,0.6,0.6129032258064516
lasso_poly6_C100,sklearn_regularized,36,6,l1,100,3.012872355150982,0.6121651785714286,0.5666666666666667,0.59375
glm_current_simple,statsmodels_glm,37,,none,,0.49107962011617,0.8493303571428572,0.75,0.7457627118644068
glm_best_subset,statsmodels_glm,37,,none,,0.47408039316368017,0.8549107142857143,0.75,0.7457627118644068
glm_full_degree2,statsmodels_glm,37,,none,,0.46531811093631636,0.8560267857142857,0.75,0.7457627118644068
ridge_poly1_C0.01,sklearn_regularized,37,1,l2,0.01,0.6513621598124185,0.7332589285714286,0.6166666666666667,0.5964912280701754
ridge_poly1_C0.03,sklearn_regularized,37,1,l2,0.03,0.6333278381647423,0.7332589285714286,0.65,0.6440677966101694
ridge_poly1_C0.1,sklearn_regularized,37,1,l2,0.1,0.6252899330705756,0.7332589285714286,0.6333333333333333,0.6451612903225806
ridge_poly1_C0.3,sklearn_regularized,37,1,l2,0.3,0.6241646909755042,0.7332589285714286,0.6166666666666667,0.6349206349206349
ridge_poly1_C1,sklearn_regularized,37,1,l2,1,0.6242272847868626,0.7332589285714286,0.6166666666666667,0.6349206349206349
ridge_poly1_C3,sklearn_regularized,37,1,l2,3,0.6243159171734703,0.7332589285714286,0.6166666666666667,0.6349206349206349
ridge_poly1_C10,sklearn_regularized,37,1,l2,10,0.6243558057182265,0.7332589285714286,0.6166666666666667,0.6349206349206349
ridge_poly1_C30,sklearn_regularized,37,1,l2,30,0.6243680949329505,0.7332589285714286,0.6166666666666667,0.6349206349206349
ridge_poly1_C100,sklearn_regularized,37,1,l2,100,0.624372491640287,0.7332589285714286,0.6166666666666667,0.6349206349206349
ridge_poly2_C0.01,sklearn_regularized,37,2,l2,0.01,0.5998636363635633,0.8560267857142857,0.7833333333333333,0.7719298245614035
ridge_poly2_C0.03,sklearn_regularized,37,2,l2,0.03,0.5456703142447161,0.8549107142857143,0.7833333333333333,0.7719298245614035
ridge_poly2_C0.1,sklearn_regularized,37,2,l2,0.1,0.5014066583359887,0.8549107142857143,0.7833333333333333,0.7719298245614035
ridge_poly2_C0.3,sklearn_regularized,37,2,l2,0.3,0.479747832248901,0.8537946428571429,0.75,0.7457627118644068
ridge_poly2_C1,sklearn_regularized,37,2,l2,1,0.4699361839589625,0.8537946428571428,0.7333333333333333,0.7333333333333333
ridge_poly2_C3,sklearn_regularized,37,2,l2,3,0.4668986012121835,0.8549107142857143,0.7333333333333333,0.7333333333333333
ridge_poly2_C10,sklearn_regularized,37,2,l2,10,0.46581689692885,0.8549107142857143,0.75,0.7457627118644068
ridge_poly2_C30,sklearn_regularized,37,2,l2,30,0.4655066374370887,0.8549107142857143,0.75,0.7457627118644068
ridge_poly2_C100,sklearn_regularized,37,2,l2,100,0.46539794849758037,0.8560267857142857,0.75,0.7457627118644068
ridge_poly3_C0.01,sklearn_regularized,37,3,l2,0.01,0.5960017987080629,0.8314732142857143,0.7666666666666667,0.75
ridge_poly3_C0.03,sklearn_regularized,37,3,l2,0.03,0.542244227488135,0.8482142857142857,0.7666666666666667,0.7586206896551724
ridge_poly3_C0.1,sklearn_regularized,37,3,l2,0.1,0.4938261511918251,0.8549107142857143,0.7666666666666667,0.7586206896551724
ridge_poly3_C0.3,sklearn_regularized,37,3,l2,0.3,0.47151100222624637,0.8571428571428571,0.75,0.7368421052631579
ridge_poly3_C1,sklearn_regularized,37,3,l2,1,0.4617205353391427,0.8549107142857143,0.7666666666666667,0.75
ridge_poly3_C3,sklearn_regularized,37,3,l2,3,0.4586892143488972,0.8560267857142857,0.7666666666666667,0.75
ridge_poly3_C10,sklearn_regularized,37,3,l2,10,0.45765570865379407,0.8560267857142857,0.7666666666666667,0.75
ridge_poly3_C30,sklearn_regularized,37,3,l2,30,0.457367227547134,0.8560267857142857,0.7666666666666667,0.75
ridge_poly3_C100,sklearn_regularized,37,3,l2,100,0.45726767391503814,0.8560267857142857,0.7666666666666667,0.75
ridge_poly4_C0.01,sklearn_regularized,37,4,l2,0.01,0.5690614971928275,0.8627232142857143,0.7833333333333333,0.7547169811320755
ridge_poly4_C0.03,sklearn_regularized,37,4,l2,0.03,0.5180330442672758,0.859375,0.7833333333333333,0.7719298245614035
ridge_poly4_C0.1,sklearn_regularized,37,4,l2,0.1,0.4808677083257079,0.8616071428571428,0.7833333333333333,0.7636363636363637
ridge_poly4_C0.3,sklearn_regularized,37,4,l2,0.3,0.46505538936788954,0.8627232142857143,0.8,0.7777777777777778
ridge_poly4_C1,sklearn_regularized,37,4,l2,1,0.4870080687625214,0.8370535714285714,0.7666666666666667,0.75
ridge_poly4_C3,sklearn_regularized,37,4,l2,3,0.560525349128716,0.8069196428571429,0.7166666666666667,0.7017543859649122
ridge_poly4_C10,sklearn_regularized,37,4,l2,10,0.6647143400746979,0.7845982142857143,0.6333333333333333,0.6071428571428571
ridge_poly4_C30,sklearn_regularized,37,4,l2,30,0.7405663526728158,0.7745535714285714,0.6333333333333333,0.6071428571428571
ridge_poly4_C100,sklearn_regularized,37,4,l2,100,0.7862149298587104,0.7689732142857143,0.6166666666666667,0.5964912280701754
ridge_poly5_C0.01,sklearn_regularized,37,5,l2,0.01,0.5699968270221006,0.859375,0.7666666666666667,0.7407407407407407
ridge_poly5_C0.03,sklearn_regularized,37,5,l2,0.03,0.5172941732421807,0.8537946428571429,0.7833333333333333,0.7719298245614035
ridge_poly5_C0.1,sklearn_regularized,37,5,l2,0.1,0.47808696399948647,0.8638392857142857,0.7666666666666667,0.7407407407407407
ridge_poly5_C0.3,sklearn_regularized,37,5,l2,0.3,0.4554438843490033,0.8683035714285714,0.8,0.7777777777777778
ridge_poly5_C1,sklearn_regularized,37,5,l2,1,0.45120816057745927,0.8660714285714286,0.7666666666666667,0.7407407407407407
ridge_poly5_C3,sklearn_regularized,37,5,l2,3,0.4842254252031596,0.8459821428571428,0.7666666666666667,0.7407407407407407
ridge_poly5_C10,sklearn_regularized,37,5,l2,10,0.5866491139604599,0.7946428571428572,0.7,0.64
ridge_poly5_C30,sklearn_regularized,37,5,l2,30,0.7433728014165765,0.7477678571428572,0.6666666666666666,0.6153846153846154
ridge_poly5_C100,sklearn_regularized,37,5,l2,100,0.9236963128966268,0.7142857142857143,0.6166666666666667,0.5660377358490566
ridge_poly6_C0.01,sklearn_regularized,37,6,l2,0.01,0.5596766802625079,0.8616071428571428,0.7833333333333333,0.7636363636363637
ridge_poly6_C0.03,sklearn_regularized,37,6,l2,0.03,0.5128956123340521,0.8571428571428572,0.7666666666666667,0.75
ridge_poly6_C0.1,sklearn_regularized,37,6,l2,0.1,0.4748263541727359,0.8638392857142857,0.8,0.7777777777777778
ridge_poly6_C0.3,sklearn_regularized,37,6,l2,0.3,0.45468133186156323,0.8694196428571428,0.7833333333333333,0.7636363636363637
ridge_poly6_C1,sklearn_regularized,37,6,l2,1,0.4660304233732126,0.8549107142857143,0.75,0.7272727272727273
ridge_poly6_C3,sklearn_regularized,37,6,l2,3,0.5392925282254423,0.8292410714285715,0.7333333333333333,0.6923076923076923
ridge_poly6_C10,sklearn_regularized,37,6,l2,10,0.729153285806295,0.7834821428571428,0.6666666666666666,0.6153846153846154
ridge_poly6_C30,sklearn_regularized,37,6,l2,30,1.0681082537935014,0.6785714285714286,0.6,0.5
ridge_poly6_C100,sklearn_regularized,37,6,l2,100,1.6596611969678237,0.6194196428571428,0.5833333333333334,0.4897959183673469
lasso_poly2_C0.01,sklearn_regularized,37,2,l1,0.01,0.6931471805599454,0.5,0.4666666666666667,0.6363636363636364
lasso_poly2_C0.03,sklearn_regularized,37,2,l1,0.03,0.6421012641701578,0.8303571428571428,0.75,0.7540983606557377
lasso_poly2_C0.1,sklearn_regularized,37,2,l1,0.1,0.5439654998290069,0.8325892857142858,0.75,0.7540983606557377
lasso_poly2_C0.3,sklearn_regularized,37,2,l1,0.3,0.5068268290597403,0.8404017857142857,0.7166666666666667,0.7213114754098361
lasso_poly2_C1,sklearn_regularized,37,2,l1,1,0.47999199820311333,0.8493303571428572,0.75,0.7457627118644068
lasso_poly2_C3,sklearn_regularized,37,2,l1,3,0.4698668414598976,0.8537946428571429,0.7333333333333333,0.7333333333333333
lasso_poly2_C10,sklearn_regularized,37,2,l1,10,0.46663993137900334,0.8537946428571428,0.7333333333333333,0.7333333333333333
lasso_poly2_C30,sklearn_regularized,37,2,l1,30,0.465755772550346,0.8549107142857143,0.75,0.7457627118644068
lasso_poly2_C100,sklearn_regularized,37,2,l1,100,0.46545033302549904,0.8549107142857143,0.75,0.7457627118644068
lasso_poly3_C0.01,sklearn_regularized,37,3,l1,0.01,0.6931471805599454,0.5,0.4666666666666667,0.6363636363636364
lasso_poly3_C0.03,sklearn_regularized,37,3,l1,0.03,0.6421012449866323,0.8303571428571428,0.75,0.7540983606557377
lasso_poly3_C0.1,sklearn_regularized,37,3,l1,0.1,0.5439679540871737,0.8325892857142858,0.75,0.7540983606557377
lasso_poly3_C0.3,sklearn_regularized,37,3,l1,0.3,0.5006006577199001,0.8482142857142858,0.7666666666666667,0.7666666666666667
lasso_poly3_C1,sklearn_regularized,37,3,l1,1,0.46739189604678677,0.8549107142857143,0.7666666666666667,0.7586206896551724
lasso_poly3_C3,sklearn_regularized,37,3,l1,3,0.4597850481439019,0.8560267857142857,0.7666666666666667,0.75
lasso_poly3_C10,sklearn_regularized,37,3,l1,10,0.45788410852703526,0.8571428571428572,0.7666666666666667,0.75
lasso_poly3_C30,sklearn_regularized,37,3,l1,30,0.45743600728295153,0.8560267857142857,0.7666666666666667,0.75
lasso_poly3_C100,sklearn_regularized,37,3,l1,100,0.45728345012196175,0.8560267857142857,0.7666666666666667,0.75
lasso_poly4_C0.01,sklearn_regularized,37,4,l1,0.01,0.6931471805599454,0.5,0.4666666666666667,0.6363636363636364
lasso_poly4_C0.03,sklearn_regularized,37,4,l1,0.03,0.6421013555007279,0.8303571428571428,0.75,0.7540983606557377
lasso_poly4_C0.1,sklearn_regularized,37,4,l1,0.1,0.5439687169721397,0.8325892857142858,0.75,0.7540983606557377
lasso_poly4_C0.3,sklearn_regularized,37,4,l1,0.3,0.48952378978962385,0.8526785714285714,0.7666666666666667,0.7666666666666667
lasso_poly4_C1,sklearn_regularized,37,4,l1,1,0.4677940788925431,0.8515625,0.7833333333333333,0.7636363636363637
lasso_poly4_C3,sklearn_regularized,37,4,l1,3,0.5836015506277908,0.796875,0.6666666666666666,0.6551724137931034
lasso_poly4_C10,sklearn_regularized,37,4,l1,10,0.7160031988247042,0.7756696428571428,0.6333333333333333,0.6071428571428571
lasso_poly4_C30,sklearn_regularized,37,4,l1,30,0.7742816282221132,0.7700892857142857,0.6166666666666667,0.5964912280701754
lasso_poly4_C100,sklearn_regularized,37,4,l1,100,0.7981448162138143,0.7689732142857143,0.6166666666666667,0.5964912280701754
lasso_poly5_C0.01,sklearn_regularized,37,5,l1,0.01,0.6931471805599454,0.5,0.4666666666666667,0.6363636363636364
lasso_poly5_C0.03,sklearn_regularized,37,5,l1,0.03,0.642101213408868,0.8303571428571428,0.75,0.7540983606557377
lasso_poly5_C0.1,sklearn_regularized,37,5,l1,0.1,0.5439669728370738,0.8325892857142858,0.75,0.7540983606557377
lasso_poly5_C0.3,sklearn_regularized,37,5,l1,0.3,0.4894044528552952,0.8526785714285714,0.7666666666666667,0.7666666666666667
lasso_poly5_C1,sklearn_regularized,37,5,l1,1,0.4527244316635321,0.8638392857142857,0.8,0.7777777777777778
lasso_poly5_C3,sklearn_regularized,37,5,l1,3,0.4913161465974267,0.8325892857142857,0.7166666666666667,0.6666666666666666
lasso_poly5_C10,sklearn_regularized,37,5,l1,10,0.7164513345453194,0.7555803571428572,0.65,0.6037735849056604
lasso_poly5_C30,sklearn_regularized,37,5,l1,30,0.9453768663324938,0.7064732142857143,0.6166666666666667,0.5660377358490566
lasso_poly5_C100,sklearn_regularized,37,5,l1,100,1.1975449301991707,0.6852678571428571,0.6166666666666667,0.5660377358490566
lasso_poly6_C0.01,sklearn_regularized,37,6,l1,0.01,0.6931471805599454,0.5,0.4666666666666667,0.6363636363636364
lasso_poly6_C0.03,sklearn_regularized,37,6,l1,0.03,0.6421012167322223,0.8303571428571428,0.75,0.7540983606557377
lasso_poly6_C0.1,sklearn_regularized,37,6,l1,0.1,0.5439717874685771,0.8325892857142858,0.75,0.7540983606557377
lasso_poly6_C0.3,sklearn_regularized,37,6,l1,0.3,0.48918830939009905,0.8526785714285714,0.7666666666666667,0.7666666666666667
lasso_poly6_C1,sklearn_regularized,37,6,l1,1,0.4552082639445993,0.8582589285714286,0.8,0.7777777777777778
lasso_poly6_C3,sklearn_regularized,37,6,l1,3,0.5424031015926931,0.8136160714285714,0.7333333333333333,0.6923076923076923
lasso_poly6_C10,sklearn_regularized,37,6,l1,10,1.3126842905029172,0.6540178571428572,0.5833333333333334,0.5098039215686274
lasso_poly6_C30,sklearn_regularized,37,6,l1,30,2.122725735940003,0.609375,0.6,0.5
lasso_poly6_C100,sklearn_regularized,37,6,l1,100,3.2418514531429183,0.5943080357142857,0.5833333333333334,0.4897959183673469
glm_current_simple,statsmodels_glm,38,,none,,0.5660168551597108,0.7823660714285714,0.6666666666666666,0.5833333333333334
glm_best_subset,statsmodels_glm,38,,none,,0.561775295393655,0.7935267857142857,0.6833333333333333,0.6122448979591837
glm_full_degree2,statsmodels_glm,38,,none,,0.5633959608398695,0.7890625,0.7,0.64
ridge_poly1_C0.01,sklearn_regularized,38,1,l2,0.01,0.6422421541385972,0.7633928571428572,0.65,0.5333333333333333
ridge_poly1_C0.03,sklearn_regularized,38,1,l2,0.03,0.6160872532284529,0.7633928571428572,0.65,0.5714285714285714
ridge_poly1_C0.1,sklearn_regularized,38,1,l2,0.1,0.5997651556868481,0.7633928571428572,0.65,0.5714285714285714
ridge_poly1_C0.3,sklearn_regularized,38,1,l2,0.3,0.5941837286387301,0.7600446428571428,0.65,0.5714285714285714
ridge_poly1_C1,sklearn_regularized,38,1,l2,1,0.5921950199944327,0.7589285714285714,0.65,0.5714285714285714
ridge_poly1_C3,sklearn_regularized,38,1,l2,3,0.591630013864387,0.7589285714285714,0.65,0.5714285714285714
ridge_poly1_C10,sklearn_regularized,38,1,l2,10,0.5914329695306223,0.7578125,0.65,0.5714285714285714
ridge_poly1_C30,sklearn_regularized,38,1,l2,30,0.5913767512176631,0.7578125,0.65,0.5714285714285714
ridge_poly1_C100,sklearn_regularized,38,1,l2,100,0.5913570836851879,0.7578125,0.65,0.5714285714285714
ridge_poly2_C0.01,sklearn_regularized,38,2,l2,0.01,0.6072543067399435,0.7946428571428571,0.6833333333333333,0.5777777777777777
ridge_poly2_C0.03,sklearn_regularized,38,2,l2,0.03,0.567485240918234,0.7979910714285714,0.6666666666666666,0.5454545454545454
ridge_poly2_C0.1,sklearn_regularized,38,2,l2,0.1,0.5486370203034454,0.796875,0.65,0.5531914893617021
ridge_poly2_C0.3,sklearn_regularized,38,2,l2,0.3,0.5505499238750499,0.7957589285714286,0.6666666666666666,0.5833333333333334
ridge_poly2_C1,sklearn_regularized,38,2,l2,1,0.5573974523975748,0.7879464285714285,0.6833333333333333,0.6122448979591837
ridge_poly2_C3,sklearn_regularized,38,2,l2,3,0.5611362179018694,0.7879464285714285,0.6833333333333333,0.6122448979591837
ridge_poly2_C10,sklearn_regularized,38,2,l2,10,0.5627668150535874,0.7890625,0.7,0.64
ridge_poly2_C30,sklearn_regularized,38,2,l2,30,0.5632701825685473,0.7890625,0.7,0.64
ridge_poly2_C100,sklearn_regularized,38,2,l2,100,0.563450592736446,0.7890625,0.7,0.64
ridge_poly3_C0.01,sklearn_regularized,38,3,l2,0.01,0.5947704673091128,0.8147321428571429,0.6833333333333333,0.5581395348837209
ridge_poly3_C0.03,sklearn_regularized,38,3,l2,0.03,0.5602274411720582,0.8080357142857143,0.6833333333333333,0.5777777777777777
ridge_poly3_C0.1,sklearn_regularized,38,3,l2,0.1,0.5488240280660046,0.8002232142857142,0.7166666666666667,0.6382978723404256
ridge_poly3_C0.3,sklearn_regularized,38,3,l2,0.3,0.5585781626218348,0.7901785714285714,0.7,0.6086956521739131
ridge_poly3_C1,sklearn_regularized,38,3,l2,1,0.574999364568323,0.7890624999999999,0.7166666666666667,0.6382978723404256
ridge_poly3_C3,sklearn_regularized,38,3,l2,3,0.5850615063765826,0.7845982142857143,0.7166666666666667,0.6382978723404256
ridge_poly3_C10,sklearn_regularized,38,3,l2,10,0.5900376117187931,0.78125,0.7166666666666667,0.6382978723404256
ridge_poly3_C30,sklearn_regularized,38,3,l2,30,0.5915693612579046,0.7801339285714286,0.7166666666666667,0.6382978723404256
ridge_poly3_C100,sklearn_regularized,38,3,l2,100,0.5921581523785555,0.7790178571428572,0.7166666666666667,0.6382978723404256
ridge_poly4_C0.01,sklearn_regularized,38,4,l2,0.01,0.5849219911760706,0.8113839285714286,0.6833333333333333,0.5581395348837209
ridge_poly4_C0.03,sklearn_regularized,38,4,l2,0.03,0.5559841004100249,0.8058035714285714,0.6833333333333333,0.5777777777777777
ridge_poly4_C0.1,sklearn_regularized,38,4,l2,0.1,0.5496690191101284,0.8058035714285714,0.7,0.6086956521739131
ridge_poly4_C0.3,sklearn_regularized,38,4,l2,0.3,0.5604155676753793,0.8058035714285715,0.7166666666666667,0.6382978723404256
ridge_poly4_C1,sklearn_regularized,38,4,l2,1,0.574240649895545,0.8091517857142857,0.7666666666666667,0.7083333333333334
ridge_poly4_C3,sklearn_regularized,38,4,l2,3,0.598367847019906,0.7957589285714286,0.75,0.6938775510204082
ridge_poly4_C10,sklearn_regularized,38,4,l2,10,0.6566866179596366,0.78125,0.7333333333333333,0.68
ridge_poly4_C30,sklearn_regularized,38,4,l2,30,0.6964540482185604,0.7834821428571429,0.7166666666666667,0.6666666666666666
ridge_poly4_C100,sklearn_regularized,38,4,l2,100,0.7200998923483759,0.7790178571428571,0.7166666666666667,0.6666666666666666
ridge_poly5_C0.01,sklearn_regularized,38,5,l2,0.01,0.5831793548862851,0.8080357142857142,0.6833333333333333,0.5581395348837209
ridge_poly5_C0.03,sklearn_regularized,38,5,l2,0.03,0.5554402212486127,0.8024553571428572,0.6833333333333333,0.5777777777777777
ridge_poly5_C0.1,sklearn_regularized,38,5,l2,0.1,0.5482320272783701,0.8046875,0.7,0.6086956521739131
ridge_poly5_C0.3,sklearn_regularized,38,5,l2,0.3,0.5520194518191002,0.8203125,0.7333333333333333,0.6521739130434783
ridge_poly5_C1,sklearn_regularized,38,5,l2,1,0.5433897068992912,0.8392857142857143,0.7666666666666667,0.7083333333333334
ridge_poly5_C3,sklearn_regularized,38,5,l2,3,0.5363871896402205,0.8504464285714286,0.7666666666666667,0.7083333333333334
ridge_poly5_C10,sklearn_regularized,38,5,l2,10,0.5674271321345424,0.8671875,0.8,0.76
ridge_poly5_C30,sklearn_regularized,38,5,l2,30,0.6589892468646751,0.8627232142857144,0.8,0.76
ridge_poly5_C100,sklearn_regularized,38,5,l2,100,0.8230953600557628,0.8638392857142858,0.8,0.76
ridge_poly6_C0.01,sklearn_regularized,38,6,l2,0.01,0.5810503840470598,0.8058035714285714,0.6666666666666666,0.5238095238095238
ridge_poly6_C0.03,sklearn_regularized,38,6,l2,0.03,0.5548685066608673,0.8013392857142856,0.6833333333333333,0.5777777777777777
ridge_poly6_C0.1,sklearn_regularized,38,6,l2,0.1,0.5486956513842486,0.8102678571428572,0.7166666666666667,0.6382978723404256
ridge_poly6_C0.3,sklearn_regularized,38,6,l2,0.3,0.5525684449083687,0.8303571428571428,0.75,0.6808510638297872
ridge_poly6_C1,sklearn_regularized,38,6,l2,1,0.5518390296713652,0.8348214285714286,0.7666666666666667,0.7083333333333334
ridge_poly6_C3,sklearn_regularized,38,6,l2,3,0.5630657881976814,0.8515625,0.75,0.6808510638297872
ridge_poly6_C10,sklearn_regularized,38,6,l2,10,0.6416818749925864,0.8537946428571428,0.7666666666666667,0.7083333333333334
ridge_poly6_C30,sklearn_regularized,38,6,l2,30,0.8130481634242501,0.8448660714285714,0.7666666666666667,0.7083333333333334
ridge_poly6_C100,sklearn_regularized,38,6,l2,100,1.13487021815837,0.8387276785714286,0.75,0.6808510638297872
lasso_poly2_C0.01,sklearn_regularized,38,2,l1,0.01,0.6931471805599454,0.5,0.4666666666666667,0.6363636363636364
lasso_poly2_C0.03,sklearn_regularized,38,2,l1,0.03,0.6491055202081467,0.7254464285714286,0.6666666666666666,0.5833333333333334
lasso_poly2_C0.1,sklearn_regularized,38,2,l1,0.1,0.5566641860947432,0.7912946428571428,0.6833333333333333,0.5957446808510638
lasso_poly2_C0.3,sklearn_regularized,38,2,l1,0.3,0.5494050650217488,0.7879464285714286,0.65,0.5531914893617021
lasso_poly2_C1,sklearn_regularized,38,2,l1,1,0.5579839485419383,0.7845982142857143,0.65,0.5531914893617021
lasso_poly2_C3,sklearn_regularized,38,2,l1,3,0.5611041262254395,0.7879464285714286,0.7,0.64
lasso_poly2_C10,sklearn_regularized,38,2,l1,10,0.562649089047169,0.7879464285714285,0.7,0.64
lasso_poly2_C30,sklearn_regularized,38,2,l1,30,0.5631401196146409,0.7890625,0.7,0.64
lasso_poly2_C100,sklearn_regularized,38,2,l1,100,0.5633174417257465,0.7890625,0.7,0.64
lasso_poly3_C0.01,sklearn_regularized,38,3,l1,0.01,0.6931471805599454,0.5,0.4666666666666667,0.6363636363636364
lasso_poly3_C0.03,sklearn_regularized,38,3,l1,0.03,0.6491053455060135,0.7254464285714286,0.6666666666666666,0.5833333333333334
lasso_poly3_C0.1,sklearn_regularized,38,3,l1,0.1,0.5568977605076725,0.7912946428571428,0.6833333333333333,0.5957446808510638
lasso_poly3_C0.3,sklearn_regularized,38,3,l1,0.3,0.5527043674855328,0.7890625,0.6666666666666666,0.5833333333333334
lasso_poly3_C1,sklearn_regularized,38,3,l1,1,0.5692949333079744,0.7868303571428572,0.7166666666666667,0.6382978723404256
lasso_poly3_C3,sklearn_regularized,38,3,l1,3,0.5831966897927123,0.7834821428571429,0.7166666666666667,0.6382978723404256
lasso_poly3_C10,sklearn_regularized,38,3,l1,10,0.5888563477754658,0.7834821428571429,0.7166666666666667,0.6382978723404256
lasso_poly3_C30,sklearn_regularized,38,3,l1,30,0.591292325732988,0.7801339285714286,0.7166666666666667,0.6382978723404256
lasso_poly3_C100,sklearn_regularized,38,3,l1,100,0.5921037937711444,0.7790178571428572,0.7166666666666667,0.6382978723404256
lasso_poly4_C0.01,sklearn_regularized,38,4,l1,0.01,0.6931471805599454,0.5,0.4666666666666667,0.6363636363636364
lasso_poly4_C0.03,sklearn_regularized,38,4,l1,0.03,0.649106366229761,0.7254464285714286,0.6666666666666666,0.5833333333333334
lasso_poly4_C0.1,sklearn_regularized,38,4,l1,0.1,0.556898124883437,0.7912946428571428,0.6833333333333333,0.5957446808510638
lasso_poly4_C0.3,sklearn_regularized,38,4,l1,0.3,0.550589210121795,0.7946428571428572,0.6666666666666666,0.5833333333333334
lasso_poly4_C1,sklearn_regularized,38,4,l1,1,0.5782683983089104,0.8013392857142857,0.7333333333333333,0.6521739130434783
lasso_poly4_C3,sklearn_regularized,38,4,l1,3,0.5977447748240109,0.8091517857142858,0.7666666666666667,0.7083333333333334
lasso_poly4_C10,sklearn_regularized,38,4,l1,10,0.654394182702677,0.7857142857142857,0.7333333333333333,0.68
lasso_poly4_C30,sklearn_regularized,38,4,l1,30,0.7027953491330406,0.7801339285714286,0.7166666666666667,0.6666666666666666
lasso_poly4_C100,sklearn_regularized,38,4,l1,100,0.7231752460663422,0.7779017857142857,0.7166666666666667,0.6666666666666666
lasso_poly5_C0.01,sklearn_regularized,38,5,l1,0.01,0.6931471805599454,0.5,0.4666666666666667,0.6363636363636364
lasso_poly5_C0.03,sklearn_regularized,38,5,l1,0.03,0.6491050087370407,0.7254464285714286,0.6666666666666666,0.5833333333333334
lasso_poly5_C0.1,sklearn_regularized,38,5,l1,0.1,0.5568981692951419,0.7912946428571428,0.6833333333333333,0.5957446808510638
lasso_poly5_C0.3,sklearn_regularized,38,5,l1,0.3,0.5540887027244602,0.7901785714285714,0.6666666666666666,0.5833333333333334
lasso_poly5_C1,sklearn_regularized,38,5,l1,1,0.5584128059349478,0.8158482142857144,0.75,0.6666666666666666
lasso_poly5_C3,sklearn_regularized,38,5,l1,3,0.5690405259020449,0.8470982142857142,0.7666666666666667,0.72
lasso_poly5_C10,sklearn_regularized,38,5,l1,10,0.7252834550353467,0.8549107142857142,0.8166666666666667,0.7843137254901961
lasso_poly5_C30,sklearn_regularized,38,5,l1,30,0.9907202875156659,0.8537946428571428,0.8,0.76
lasso_poly5_C100,sklearn_regularized,38,5,l1,100,1.2616078921518323,0.841517857142857,0.7666666666666667,0.7083333333333334
lasso_poly6_C0.01,sklearn_regularized,38,6,l1,0.01,0.6931471805599454,0.5,0.4666666666666667,0.6363636363636364
lasso_poly6_C0.03,sklearn_regularized,38,6,l1,0.03,0.6491052253546924,0.7254464285714286,0.6666666666666666,0.5833333333333334
lasso_poly6_C0.1,sklearn_regularized,38,6,l1,0.1,0.556901201676168,0.7912946428571428,0.6833333333333333,0.5957446808510638
lasso_poly6_C0.3,sklearn_regularized,38,6,l1,0.3,0.5538623875440973,0.7912946428571428,0.6666666666666666,0.5833333333333334
lasso_poly6_C1,sklearn_regularized,38,6,l1,1,0.5600151364839887,0.8158482142857143,0.75,0.6666666666666666
lasso_poly6_C3,sklearn_regularized,38,6,l1,3,0.6437090059815517,0.8258928571428571,0.7833333333333333,0.7450980392156863
lasso_poly6_C10,sklearn_regularized,38,6,l1,10,0.8230550250376555,0.8370535714285714,0.7666666666666667,0.7083333333333334
lasso_poly6_C30,sklearn_regularized,38,6,l1,30,1.3103846167347777,0.8002232142857142,0.7333333333333333,0.6666666666666666
lasso_poly6_C100,sklearn_regularized,38,6,l1,100,1.8947897845594381,0.7734375,0.7166666666666667,0.6530612244897959
glm_current_simple,statsmodels_glm,39,,none,,0.5714777356674177,0.7764182424916575,0.6333333333333333,0.6451612903225806
glm_best_subset,statsmodels_glm,39,,none,,0.6352644023533709,0.7196885428253615,0.6833333333333333,0.6666666666666666
glm_full_degree2,statsmodels_glm,39,,none,,0.6248542912275522,0.7119021134593994,0.6833333333333333,0.6779661016949152
ridge_poly1_C0.01,sklearn_regularized,39,1,l2,0.01,0.6670248021986277,0.6117908787541713,0.5666666666666667,0.48
ridge_poly1_C0.03,sklearn_regularized,39,1,l2,0.03,0.6610260104488287,0.6095661846496108,0.5166666666666667,0.4528301886792453
ridge_poly1_C0.1,sklearn_regularized,39,1,l2,0.1,0.6649413837615316,0.6084538375973303,0.5,0.4642857142857143
ridge_poly1_C0.3,sklearn_regularized,39,1,l2,0.3,0.6699557615507199,0.6084538375973303,0.48333333333333334,0.45614035087719296
ridge_poly1_C1,sklearn_regularized,39,1,l2,1,0.6727933655744518,0.6084538375973303,0.48333333333333334,0.45614035087719296
ridge_poly1_C3,sklearn_regularized,39,1,l2,3,0.6737542947638602,0.6084538375973303,0.48333333333333334,0.45614035087719296
ridge_poly1_C10,sklearn_regularized,39,1,l2,10,0.6741094510251767,0.6084538375973303,0.48333333333333334,0.45614035087719296
ridge_poly1_C30,sklearn_regularized,39,1,l2,30,0.6742128124057699,0.6084538375973303,0.48333333333333334,0.45614035087719296
ridge_poly1_C100,sklearn_regularized,39,1,l2,100,0.6742491906717014,0.6084538375973303,0.48333333333333334,0.45614035087719296
ridge_poly2_C0.01,sklearn_regularized,39,2,l2,0.01,0.6277455098502008,0.7308120133481646,0.6333333333333333,0.5769230769230769
ridge_poly2_C0.03,sklearn_regularized,39,2,l2,0.03,0.6001285779716614,0.7341490545050056,0.65,0.631578947368421
ridge_poly2_C0.1,sklearn_regularized,39,2,l2,0.1,0.5935778911766446,0.7308120133481646,0.65,0.631578947368421
ridge_poly2_C0.3,sklearn_regularized,39,2,l2,0.3,0.6037895366753373,0.7174638487208008,0.6666666666666666,0.6551724137931034
ridge_poly2_C1,sklearn_regularized,39,2,l2,1,0.6158112037900838,0.7119021134593994,0.6666666666666666,0.6551724137931034
ridge_poly2_C3,sklearn_regularized,39,2,l2,3,0.6215031640594462,0.7119021134593994,0.6666666666666666,0.6551724137931034
ridge_poly2_C10,sklearn_regularized,39,2,l2,10,0.6238131792329938,0.7119021134593994,0.6833333333333333,0.6779661016949152
ridge_poly2_C30,sklearn_regularized,39,2,l2,30,0.6245379365485368,0.7119021134593994,0.6833333333333333,0.6779661016949152
ridge_poly2_C100,sklearn_regularized,39,2,l2,100,0.6247967841085365,0.7119021134593994,0.6833333333333333,0.6779661016949152
ridge_poly3_C0.01,sklearn_regularized,39,3,l2,0.01,0.6126541644166893,0.7374860956618464,0.6666666666666666,0.6
ridge_poly3_C0.03,sklearn_regularized,39,3,l2,0.03,0.5925335036372255,0.7486095661846496,0.7,0.6785714285714286
ridge_poly3_C0.1,sklearn_regularized,39,3,l2,0.1,0.5969190075157135,0.7486095661846496,0.7,0.6896551724137931
ridge_poly3_C0.3,sklearn_regularized,39,3,l2,0.3,0.6233267323355544,0.7441601779755284,0.7166666666666667,0.711864406779661
ridge_poly3_C1,sklearn_regularized,39,3,l2,1,0.6612907521750103,0.7363737486095662,0.7,0.6896551724137931
ridge_poly3_C3,sklearn_regularized,39,3,l2,3,0.6882175881401916,0.7308120133481647,0.6833333333333333,0.6666666666666666
ridge_poly3_C10,sklearn_regularized,39,3,l2,10,0.703307951327678,0.7241379310344828,0.6833333333333333,0.6779661016949152
ridge_poly3_C30,sklearn_regularized,39,3,l2,30,0.7085039781669696,0.7241379310344828,0.6833333333333333,0.6779661016949152
ridge_poly3_C100,sklearn_regularized,39,3,l2,100,0.7104310386346729,0.7241379310344828,0.6833333333333333,0.6779661016949152
ridge_poly4_C0.01,sklearn_regularized,39,4,l2,0.01,0.5973254369172251,0.7541713014460512,0.6833333333333333,0.6415094339622641
ridge_poly4_C0.03,sklearn_regularized,39,4,l2,0.03,0.584276989684135,0.7519466073414905,0.6666666666666666,0.6428571428571429
ridge_poly4_C0.1,sklearn_regularized,39,4,l2,0.1,0.6061450900241528,0.7430478309232481,0.6666666666666666,0.6551724137931034
ridge_poly4_C0.3,sklearn_regularized,39,4,l2,0.3,0.6783947286045799,0.7152391546162403,0.6333333333333333,0.6451612903225806
ridge_poly4_C1,sklearn_regularized,39,4,l2,1,0.900879185575701,0.6473859844271412,0.65,0.6557377049180327
ridge_poly4_C3,sklearn_regularized,39,4,l2,3,1.2474314882304516,0.6195773081201335,0.6166666666666667,0.6229508196721312
ridge_poly4_C10,sklearn_regularized,39,4,l2,10,1.6260455738233344,0.6062291434927698,0.5666666666666667,0.5666666666666667
ridge_poly4_C30,sklearn_regularized,39,4,l2,30,1.821320240365443,0.6006674082313681,0.5666666666666667,0.5666666666666667
ridge_poly4_C100,sklearn_regularized,39,4,l2,100,1.8817080298872617,0.5962180200222469,0.55,0.5573770491803278
ridge_poly5_C0.01,sklearn_regularized,39,5,l2,0.01,0.5953268209369504,0.7552836484983315,0.6833333333333333,0.6415094339622641
ridge_poly5_C0.03,sklearn_regularized,39,5,l2,0.03,0.588346760962414,0.7486095661846497,0.6666666666666666,0.6428571428571429
ridge_poly5_C0.1,sklearn_regularized,39,5,l2,0.1,0.6152334593896682,0.7374860956618465,0.6666666666666666,0.6551724137931034
ridge_poly5_C0.3,sklearn_regularized,39,5,l2,0.3,0.6842680457341753,0.7074527252502781,0.65,0.6557377049180327
ridge_poly5_C1,sklearn_regularized,39,5,l2,1,0.8425589288061234,0.6618464961067854,0.6666666666666666,0.6774193548387096
ridge_poly5_C3,sklearn_regularized,39,5,l2,3,1.0269962155572834,0.6562847608453838,0.65,0.6666666666666666
ridge_poly5_C10,sklearn_regularized,39,5,l2,10,1.2706087681260327,0.6407119021134593,0.6,0.625
ridge_poly5_C30,sklearn_regularized,39,5,l2,30,1.5860184360056693,0.6307007786429366,0.6166666666666667,0.6349206349206349
ridge_poly5_C100,sklearn_regularized,39,5,l2,100,1.9273104318638883,0.6290322580645161,0.5833333333333334,0.5901639344262295
ridge_poly6_C0.01,sklearn_regularized,39,6,l2,0.01,0.5936007560603215,0.7541713014460512,0.6833333333333333,0.6415094339622641
ridge_poly6_C0.03,sklearn_regularized,39,6,l2,0.03,0.5901713930900739,0.7452725250278086,0.6666666666666666,0.6428571428571429
ridge_poly6_C0.1,sklearn_regularized,39,6,l2,0.1,0.6267292448183805,0.7263626251390434,0.6833333333333333,0.6779661016949152
ridge_poly6_C0.3,sklearn_regularized,39,6,l2,0.3,0.7291727233014933,0.675194660734149,0.65,0.6557377049180327
ridge_poly6_C1,sklearn_regularized,39,6,l2,1,0.9650979102696251,0.6195773081201335,0.6166666666666667,0.6461538461538462
ridge_poly6_C3,sklearn_regularized,39,6,l2,3,1.3031189428422687,0.5617352614015573,0.55,0.5714285714285714
ridge_poly6_C10,sklearn_regularized,39,6,l2,10,2.0759842630793495,0.5183537263626251,0.5166666666666667,0.5396825396825397
ridge_poly6_C30,sklearn_regularized,39,6,l2,30,2.9578635851722543,0.514460511679644,0.5166666666666667,0.5245901639344263
ridge_poly6_C100,sklearn_regularized,39,6,l2,100,3.9500995902697733,0.5216907675194661,0.5333333333333333,0.5483870967741935
lasso_poly2_C0.01,sklearn_regularized,39,2,l1,0.01,0.6931471805599454,0.5,0.48333333333333334,0.651685393258427
lasso_poly2_C0.03,sklearn_regularized,39,2,l1,0.03,0.6384877040560931,0.764182424916574,0.6166666666666667,0.6349206349206349
lasso_poly2_C0.1,sklearn_regularized,39,2,l1,0.1,0.5541601318519347,0.7853170189098999,0.6333333333333333,0.65625
lasso_poly2_C0.3,sklearn_regularized,39,2,l1,0.3,0.5801175397492625,0.7441601779755282,0.65,0.6440677966101694
lasso_poly2_C1,sklearn_regularized,39,2,l1,1,0.605330589146907,0.7263626251390433,0.6666666666666666,0.6551724137931034
lasso_poly2_C3,sklearn_regularized,39,2,l1,3,0.6175083052350949,0.7141268075639601,0.6666666666666666,0.6551724137931034
lasso_poly2_C10,sklearn_regularized,39,2,l1,10,0.6225512132450838,0.7119021134593994,0.6833333333333333,0.6779661016949152
lasso_poly2_C30,sklearn_regularized,39,2,l1,30,0.6240738245238712,0.7119021134593994,0.6833333333333333,0.6779661016949152
lasso_poly2_C100,sklearn_regularized,39,2,l1,100,0.6246159699329611,0.7119021134593994,0.6833333333333333,0.6779661016949152
lasso_poly3_C0.01,sklearn_regularized,39,3,l1,0.01,0.6931471805599454,0.5,0.48333333333333334,0.651685393258427
lasso_poly3_C0.03,sklearn_regularized,39,3,l1,0.03,0.63848723687492,0.764182424916574,0.6166666666666667,0.6349206349206349
lasso_poly3_C0.1,sklearn_regularized,39,3,l1,0.1,0.5553541618203989,0.7830923248053392,0.6333333333333333,0.65625
lasso_poly3_C0.3,sklearn_regularized,39,3,l1,0.3,0.5738836648108346,0.760845383759733,0.6666666666666666,0.6666666666666666
lasso_poly3_C1,sklearn_regularized,39,3,l1,1,0.6353819343928753,0.7452725250278087,0.6833333333333333,0.6885245901639344
lasso_poly3_C3,sklearn_regularized,39,3,l1,3,0.6765164045739732,0.7341490545050056,0.6833333333333333,0.6779661016949152
lasso_poly3_C10,sklearn_regularized,39,3,l1,10,0.6988201662514598,0.7241379310344828,0.6666666666666666,0.6666666666666666
lasso_poly3_C30,sklearn_regularized,39,3,l1,30,0.7061599977786449,0.7230255839822025,0.6666666666666666,0.6666666666666666
lasso_poly3_C100,sklearn_regularized,39,3,l1,100,0.7090729572338769,0.7230255839822025,0.6666666666666666,0.6666666666666666
lasso_poly4_C0.01,sklearn_regularized,39,4,l1,0.01,0.6931471805599454,0.5,0.48333333333333334,0.651685393258427
lasso_poly4_C0.03,sklearn_regularized,39,4,l1,0.03,0.638487144367411,0.764182424916574,0.6166666666666667,0.6349206349206349
lasso_poly4_C0.1,sklearn_regularized,39,4,l1,0.1,0.5582585715962957,0.7786429365962181,0.6333333333333333,0.65625
lasso_poly4_C0.3,sklearn_regularized,39,4,l1,0.3,0.5829553561952727,0.7452725250278086,0.65,0.6440677966101694
lasso_poly4_C1,sklearn_regularized,39,4,l1,1,0.7746812619550287,0.6974416017797553,0.6666666666666666,0.6774193548387096
lasso_poly4_C3,sklearn_regularized,39,4,l1,3,1.2549565429183491,0.6229143492769744,0.6333333333333333,0.6451612903225806
lasso_poly4_C10,sklearn_regularized,39,4,l1,10,1.734873028667715,0.6017797552836485,0.5666666666666667,0.5666666666666667
lasso_poly4_C30,sklearn_regularized,39,4,l1,30,1.8538462076209945,0.5962180200222469,0.5333333333333333,0.5483870967741935
lasso_poly4_C100,sklearn_regularized,39,4,l1,100,1.8957771355599478,0.5951056729699666,0.55,0.5573770491803278
lasso_poly5_C0.01,sklearn_regularized,39,5,l1,0.01,0.6931471805599454,0.5,0.48333333333333334,0.651685393258427
lasso_poly5_C0.03,sklearn_regularized,39,5,l1,0.03,0.6384868726200847,0.764182424916574,0.6166666666666667,0.6349206349206349
lasso_poly5_C0.1,sklearn_regularized,39,5,l1,0.1,0.5582535469451445,0.7786429365962181,0.6333333333333333,0.65625
lasso_poly5_C0.3,sklearn_regularized,39,5,l1,0.3,0.5871517852731765,0.7474972191323693,0.6333333333333333,0.6333333333333333
lasso_poly5_C1,sklearn_regularized,39,5,l1,1,0.8099236431295711,0.6807563959955506,0.6666666666666666,0.6774193548387096
lasso_poly5_C3,sklearn_regularized,39,5,l1,3,1.2008743274895681,0.6295884315906563,0.6,0.6129032258064516
lasso_poly5_C10,sklearn_regularized,39,5,l1,10,1.5737665368512417,0.6384872080088987,0.6,0.625
lasso_poly5_C30,sklearn_regularized,39,5,l1,30,2.383791535396681,0.6268075639599555,0.6,0.6
lasso_poly5_C100,sklearn_regularized,39,5,l1,100,2.929383133235185,0.6279199110122358,0.5833333333333334,0.576271186440678
lasso_poly6_C0.01,sklearn_regularized,39,6,l1,0.01,0.6931471805599454,0.5,0.48333333333333334,0.651685393258427
lasso_poly6_C0.03,sklearn_regularized,39,6,l1,0.03,0.6384868855372576,0.764182424916574,0.6166666666666667,0.6349206349206349
lasso_poly6_C0.1,sklearn_regularized,39,6,l1,0.1,0.5582566616815228,0.7786429365962181,0.6333333333333333,0.65625
lasso_poly6_C0.3,sklearn_regularized,39,6,l1,0.3,0.5888631545526919,0.7430478309232481,0.6333333333333333,0.6333333333333333
lasso_poly6_C1,sklearn_regularized,39,6,l1,1,0.9795857798107976,0.60734149054505,0.6166666666666667,0.6229508196721312
lasso_poly6_C3,sklearn_regularized,39,6,l1,3,1.6238568408278753,0.5539488320355951,0.5666666666666667,0.5806451612903226
lasso_poly6_C10,sklearn_regularized,39,6,l1,10,2.9304709238778246,0.514460511679644,0.5,0.5161290322580645
lasso_poly6_C30,sklearn_regularized,39,6,l1,30,4.2099789114919215,0.5406006674082314,0.5166666666666667,0.5084745762711864
lasso_poly6_C100,sklearn_regularized,39,6,l1,100,5.2946476448710875,0.5100111234705228,0.5166666666666667,0.5245901639344263
glm_current_simple,statsmodels_glm,40,,none,,0.5934084486723895,0.7908787541713015,0.7,0.6896551724137931
glm_best_subset,statsmodels_glm,40,,none,,0.5785166207723105,0.8120133481646272,0.7166666666666667,0.711864406779661
glm_full_degree2,statsmodels_glm,40,,none,,0.5992675232512057,0.8031145717463848,0.7333333333333333,0.7142857142857143
ridge_poly1_C0.01,sklearn_regularized,40,1,l2,0.01,0.6602475491736238,0.7230255839822024,0.6166666666666667,0.46511627906976744
ridge_poly1_C0.03,sklearn_regularized,40,1,l2,0.03,0.6439760738997578,0.7230255839822024,0.6166666666666667,0.5106382978723404
ridge_poly1_C0.1,sklearn_regularized,40,1,l2,0.1,0.634655311325917,0.7241379310344828,0.65,0.5714285714285714
ridge_poly1_C0.3,sklearn_regularized,40,1,l2,0.3,0.6318022710875815,0.7230255839822025,0.6833333333333333,0.6274509803921569
ridge_poly1_C1,sklearn_regularized,40,1,l2,1,0.6308794895163743,0.721913236929922,0.6833333333333333,0.6274509803921569
ridge_poly1_C3,sklearn_regularized,40,1,l2,3,0.6306320643256128,0.721913236929922,0.7,0.6538461538461539
ridge_poly1_C10,sklearn_regularized,40,1,l2,10,0.6305476915945696,0.721913236929922,0.7,0.6538461538461539
ridge_poly1_C30,sklearn_regularized,40,1,l2,30,0.630523815003096,0.721913236929922,0.7,0.6538461538461539
ridge_poly1_C100,sklearn_regularized,40,1,l2,100,0.6305154829998593,0.721913236929922,0.7,0.6538461538461539
ridge_poly2_C0.01,sklearn_regularized,40,2,l2,0.01,0.6226794871845166,0.7775305895439376,0.7166666666666667,0.6909090909090909
ridge_poly2_C0.03,sklearn_regularized,40,2,l2,0.03,0.589884137482037,0.7808676307007787,0.7,0.6785714285714286
ridge_poly2_C0.1,sklearn_regularized,40,2,l2,0.1,0.5762805593714354,0.7953281423804227,0.7166666666666667,0.7017543859649122
ridge_poly2_C0.3,sklearn_regularized,40,2,l2,0.3,0.5813938142490065,0.8008898776418242,0.7166666666666667,0.7017543859649122
ridge_poly2_C1,sklearn_regularized,40,2,l2,1,0.5909153668021446,0.8020022246941045,0.7166666666666667,0.7017543859649122
ridge_poly2_C3,sklearn_regularized,40,2,l2,3,0.5960737844317369,0.8031145717463849,0.7166666666666667,0.7017543859649122
ridge_poly2_C10,sklearn_regularized,40,2,l2,10,0.5983489557050624,0.8031145717463849,0.7333333333333333,0.7142857142857143
ridge_poly2_C30,sklearn_regularized,40,2,l2,30,0.5990558008936332,0.8020022246941045,0.7333333333333333,0.7142857142857143
ridge_poly2_C100,sklearn_regularized,40,2,l2,100,0.5993097089590349,0.8020022246941045,0.7333333333333333,0.7142857142857143
ridge_poly3_C0.01,sklearn_regularized,40,3,l2,0.01,0.6198671763701428,0.7764182424916574,0.7,0.6666666666666666
ridge_poly3_C0.03,sklearn_regularized,40,3,l2,0.03,0.5910151402232372,0.7953281423804227,0.7,0.6785714285714286
ridge_poly3_C0.1,sklearn_regularized,40,3,l2,0.1,0.5803306765821009,0.7986651835372636,0.6833333333333333,0.6666666666666666
ridge_poly3_C0.3,sklearn_regularized,40,3,l2,0.3,0.5881622425642908,0.7997775305895439,0.7166666666666667,0.7017543859649122
ridge_poly3_C1,sklearn_regularized,40,3,l2,1,0.6010302054199347,0.7997775305895439,0.7166666666666667,0.7017543859649122
ridge_poly3_C3,sklearn_regularized,40,3,l2,3,0.6083370300795583,0.7986651835372637,0.7166666666666667,0.711864406779661
ridge_poly3_C10,sklearn_regularized,40,3,l2,10,0.6117343167308142,0.7997775305895439,0.7,0.7
ridge_poly3_C30,sklearn_regularized,40,3,l2,30,0.6127554102390476,0.7997775305895439,0.7,0.7
ridge_poly3_C100,sklearn_regularized,40,3,l2,100,0.6131843632049432,0.7997775305895439,0.7,0.7
ridge_poly4_C0.01,sklearn_regularized,40,4,l2,0.01,0.6070807578646483,0.7931034482758621,0.7333333333333333,0.7037037037037037
ridge_poly4_C0.03,sklearn_regularized,40,4,l2,0.03,0.58440804044717,0.8064516129032258,0.7,0.6785714285714286
ridge_poly4_C0.1,sklearn_regularized,40,4,l2,0.1,0.5825231157210876,0.8153503893214683,0.7333333333333333,0.7142857142857143
ridge_poly4_C0.3,sklearn_regularized,40,4,l2,0.3,0.59778829136012,0.8131256952169076,0.75,0.7457627118644068
ridge_poly4_C1,sklearn_regularized,40,4,l2,1,0.6253943979409802,0.8164627363737487,0.7833333333333333,0.7796610169491526
ridge_poly4_C3,sklearn_regularized,40,4,l2,3,0.6685836123280332,0.8131256952169077,0.75,0.7457627118644068
ridge_poly4_C10,sklearn_regularized,40,4,l2,10,0.7283342562445269,0.8142380422691881,0.7666666666666667,0.7586206896551724
ridge_poly4_C30,sklearn_regularized,40,4,l2,30,0.7753086720869238,0.8042269187986651,0.7833333333333333,0.7796610169491526
ridge_poly4_C100,sklearn_regularized,40,4,l2,100,0.8095367205687691,0.7975528364849834,0.7833333333333333,0.7796610169491526
ridge_poly5_C0.01,sklearn_regularized,40,5,l2,0.01,0.6073152384233836,0.796440489432703,0.7333333333333333,0.7037037037037037
ridge_poly5_C0.03,sklearn_regularized,40,5,l2,0.03,0.585049052501629,0.810901001112347,0.7166666666666667,0.6909090909090909
ridge_poly5_C0.1,sklearn_regularized,40,5,l2,0.1,0.581720893568652,0.810901001112347,0.7166666666666667,0.6909090909090909
ridge_poly5_C0.3,sklearn_regularized,40,5,l2,0.3,0.5910286078243498,0.8197997775305894,0.7666666666666667,0.7586206896551724
ridge_poly5_C1,sklearn_regularized,40,5,l2,1,0.5998379331365696,0.8186874304783092,0.7666666666666667,0.7666666666666667
ridge_poly5_C3,sklearn_regularized,40,5,l2,3,0.6179222990621465,0.8164627363737486,0.7166666666666667,0.7301587301587301
ridge_poly5_C10,sklearn_regularized,40,5,l2,10,0.6674594079930664,0.7953281423804227,0.7333333333333333,0.75
ridge_poly5_C30,sklearn_regularized,40,5,l2,30,0.7734191196323557,0.8008898776418243,0.7333333333333333,0.75
ridge_poly5_C100,sklearn_regularized,40,5,l2,100,1.0070818627921398,0.8008898776418242,0.7333333333333333,0.75
ridge_poly6_C0.01,sklearn_regularized,40,6,l2,0.01,0.6041779141192042,0.7997775305895439,0.7333333333333333,0.7037037037037037
ridge_poly6_C0.03,sklearn_regularized,40,6,l2,0.03,0.5841724503943878,0.8142380422691881,0.7166666666666667,0.6909090909090909
ridge_poly6_C0.1,sklearn_regularized,40,6,l2,0.1,0.5841897446219897,0.8197997775305895,0.75,0.7272727272727273
ridge_poly6_C0.3,sklearn_regularized,40,6,l2,0.3,0.598851264184045,0.8209121245828699,0.8,0.8
ridge_poly6_C1,sklearn_regularized,40,6,l2,1,0.6245281628692123,0.8175750834260289,0.7333333333333333,0.75
ridge_poly6_C3,sklearn_regularized,40,6,l2,3,0.6613512597462913,0.7986651835372637,0.7,0.71875
ridge_poly6_C10,sklearn_regularized,40,6,l2,10,0.7452024449264794,0.7797552836484983,0.7,0.71875
ridge_poly6_C30,sklearn_regularized,40,6,l2,30,0.9092141872440108,0.7664071190211345,0.7,0.71875
ridge_poly6_C100,sklearn_regularized,40,6,l2,100,1.1948040872183532,0.7586206896551725,0.6666666666666666,0.6774193548387096
lasso_poly2_C0.01,sklearn_regularized,40,2,l1,0.01,0.6931471805599454,0.5,0.48333333333333334,0.651685393258427
lasso_poly2_C0.03,sklearn_regularized,40,2,l1,0.03,0.6446493231152037,0.7608453837597331,0.6833333333333333,0.6666666666666666
lasso_poly2_C0.1,sklearn_regularized,40,2,l1,0.1,0.5764292937185309,0.7819799777530588,0.7,0.6896551724137931
lasso_poly2_C0.3,sklearn_regularized,40,2,l1,0.3,0.5829430621658143,0.789766407119021,0.7166666666666667,0.7017543859649122
lasso_poly2_C1,sklearn_regularized,40,2,l1,1,0.5903905908563386,0.7997775305895439,0.7166666666666667,0.7017543859649122
lasso_poly2_C3,sklearn_regularized,40,2,l1,3,0.595566587392726,0.8042269187986651,0.7166666666666667,0.7017543859649122
lasso_poly2_C10,sklearn_regularized,40,2,l1,10,0.5980662196598131,0.8031145717463849,0.7333333333333333,0.7142857142857143
lasso_poly2_C30,sklearn_regularized,40,2,l1,30,0.5988499900176464,0.8020022246941045,0.7333333333333333,0.7142857142857143
lasso_poly2_C100,sklearn_regularized,40,2,l1,100,0.5991428703734738,0.8031145717463848,0.7333333333333333,0.7142857142857143
lasso_poly3_C0.01,sklearn_regularized,40,3,l1,0.01,0.6931471805599454,0.5,0.48333333333333334,0.651685393258427
lasso_poly3_C0.03,sklearn_regularized,40,3,l1,0.03,0.6446489992541664,0.7608453837597331,0.6833333333333333,0.6666666666666666
lasso_poly3_C0.1,sklearn_regularized,40,3,l1,0.1,0.5764293802451016,0.7819799777530588,0.7,0.6896551724137931
lasso_poly3_C0.3,sklearn_regularized,40,3,l1,0.3,0.5799220997255481,0.7886540600667408,0.7333333333333333,0.7241379310344828
lasso_poly3_C1,sklearn_regularized,40,3,l1,1,0.5926960864542824,0.8020022246941045,0.6833333333333333,0.6779661016949152
lasso_poly3_C3,sklearn_regularized,40,3,l1,3,0.6028749906825599,0.7975528364849833,0.6833333333333333,0.6779661016949152
lasso_poly3_C10,sklearn_regularized,40,3,l1,10,0.6093272398847487,0.7986651835372637,0.7166666666666667,0.711864406779661
lasso_poly3_C30,sklearn_regularized,40,3,l1,30,0.6123876190585135,0.7997775305895439,0.7,0.7
lasso_poly3_C100,sklearn_regularized,40,3,l1,100,0.6129794065550848,0.7997775305895439,0.7,0.7
lasso_poly4_C0.01,sklearn_regularized,40,4,l1,0.01,0.6931471805599454,0.5,0.48333333333333334,0.651685393258427
lasso_poly4_C0.03,sklearn_regularized,40,4,l1,0.03,0.6446503063301907,0.7608453837597331,0.6833333333333333,0.6666666666666666
lasso_poly4_C0.1,sklearn_regularized,40,4,l1,0.1,0.5764337655945393,0.7819799777530588,0.7,0.6896551724137931
lasso_poly4_C0.3,sklearn_regularized,40,4,l1,0.3,0.5778002076282401,0.7997775305895439,0.7166666666666667,0.7017543859649122
lasso_poly4_C1,sklearn_regularized,40,4,l1,1,0.624519089473649,0.8097886540600666,0.7666666666666667,0.7666666666666667
lasso_poly4_C3,sklearn_regularized,40,4,l1,3,0.6983596720682299,0.8097886540600667,0.7666666666666667,0.7666666666666667
lasso_poly4_C10,sklearn_regularized,40,4,l1,10,0.7619234080579455,0.814238042269188,0.7666666666666667,0.7666666666666667
lasso_poly4_C30,sklearn_regularized,40,4,l1,30,0.8038327473768191,0.8020022246941046,0.7833333333333333,0.7796610169491526
lasso_poly4_C100,sklearn_regularized,40,4,l1,100,0.8211775179467372,0.7964404894327031,0.7833333333333333,0.7796610169491526
lasso_poly5_C0.01,sklearn_regularized,40,5,l1,0.01,0.6931471805599454,0.5,0.48333333333333334,0.651685393258427
lasso_poly5_C0.03,sklearn_regularized,40,5,l1,0.03,0.6446485095556636,0.7608453837597331,0.6833333333333333,0.6666666666666666
lasso_poly5_C0.1,sklearn_regularized,40,5,l1,0.1,0.5764365797741029,0.7819799777530588,0.7,0.6896551724137931
lasso_poly5_C0.3,sklearn_regularized,40,5,l1,0.3,0.5788751887850735,0.7931034482758621,0.7,0.6896551724137931
lasso_poly5_C1,sklearn_regularized,40,5,l1,1,0.6236634560316392,0.810901001112347,0.7833333333333333,0.7796610169491526
lasso_poly5_C3,sklearn_regularized,40,5,l1,3,0.6669290845772397,0.8031145717463849,0.7333333333333333,0.75
lasso_poly5_C10,sklearn_regularized,40,5,l1,10,0.797741023456833,0.8031145717463849,0.7333333333333333,0.75
lasso_poly5_C30,sklearn_regularized,40,5,l1,30,1.1182499808015343,0.8008898776418243,0.7333333333333333,0.75
lasso_poly5_C100,sklearn_regularized,40,5,l1,100,1.2498852141404642,0.7969966629588432,0.75,0.7692307692307693
lasso_poly6_C0.01,sklearn_regularized,40,6,l1,0.01,0.6931471805599454,0.5,0.48333333333333334,0.651685393258427
lasso_poly6_C0.03,sklearn_regularized,40,6,l1,0.03,0.6446486883581277,0.7608453837597331,0.6833333333333333,0.6666666666666666
lasso_poly6_C0.1,sklearn_regularized,40,6,l1,0.1,0.5764375696061949,0.7819799777530588,0.7,0.6896551724137931
lasso_poly6_C0.3,sklearn_regularized,40,6,l1,0.3,0.5785254155313899,0.7931034482758621,0.7,0.6896551724137931
lasso_poly6_C1,sklearn_regularized,40,6,l1,1,0.6211175631213911,0.8097886540600667,0.7833333333333333,0.7796610169491526
lasso_poly6_C3,sklearn_regularized,40,6,l1,3,0.646386149791972,0.8053392658509455,0.7166666666666667,0.7384615384615385
lasso_poly6_C10,sklearn_regularized,40,6,l1,10,0.9376932676333561,0.7619577308120133,0.7,0.71875
lasso_poly6_C30,sklearn_regularized,40,6,l1,30,1.91300875514426,0.7185761957730812,0.65,0.6440677966101694
lasso_poly6_C100,sklearn_regularized,40,6,l1,100,2.076754184603433,0.7602892102335929,0.6666666666666666,0.6666666666666666
glm_current_simple,statsmodels_glm,41,,none,,0.5403394887929044,0.8147321428571428,0.7,0.6896551724137931
glm_best_subset,statsmodels_glm,41,,none,,0.5496002632446287,0.8013392857142857,0.6833333333333333,0.6666666666666666
glm_full_degree2,statsmodels_glm,41,,none,,0.5477093501718644,0.8024553571428572,0.7,0.6785714285714286
ridge_poly1_C0.01,sklearn_regularized,41,1,l2,0.01,0.665743297084746,0.6462053571428571,0.6333333333333333,0.5
ridge_poly1_C0.03,sklearn_regularized,41,1,l2,0.03,0.6592853729240216,0.6450892857142857,0.5833333333333334,0.5283018867924528
ridge_poly1_C0.1,sklearn_regularized,41,1,l2,0.1,0.662570389876234,0.6428571428571429,0.5833333333333334,0.5283018867924528
ridge_poly1_C0.3,sklearn_regularized,41,1,l2,0.3,0.6673883336666611,0.6428571428571429,0.5833333333333334,0.5283018867924528
ridge_poly1_C1,sklearn_regularized,41,1,l2,1,0.6701722664004492,0.6439732142857143,0.5833333333333334,0.5283018867924528
ridge_poly1_C3,sklearn_regularized,41,1,l2,3,0.6711329571005563,0.6439732142857143,0.5833333333333334,0.5283018867924528
ridge_poly1_C10,sklearn_regularized,41,1,l2,10,0.6714890950180614,0.6439732142857143,0.5833333333333334,0.5283018867924528
ridge_poly1_C30,sklearn_regularized,41,1,l2,30,0.6715928474169425,0.6439732142857143,0.5833333333333334,0.5283018867924528
ridge_poly1_C100,sklearn_regularized,41,1,l2,100,0.6716293744991572,0.6439732142857143,0.5833333333333334,0.5283018867924528
ridge_poly2_C0.01,sklearn_regularized,41,2,l2,0.01,0.6172225302804615,0.8013392857142857,0.6833333333333333,0.6274509803921569
ridge_poly2_C0.03,sklearn_regularized,41,2,l2,0.03,0.5779367443381305,0.8058035714285714,0.7166666666666667,0.6909090909090909
ridge_poly2_C0.1,sklearn_regularized,41,2,l2,0.1,0.5524807259825416,0.8080357142857143,0.6833333333333333,0.6666666666666666
ridge_poly2_C0.3,sklearn_regularized,41,2,l2,0.3,0.5456741069594919,0.8069196428571428,0.6833333333333333,0.6666666666666666
ridge_poly2_C1,sklearn_regularized,41,2,l2,1,0.545911294531777,0.8024553571428571,0.7,0.6785714285714286
ridge_poly2_C3,sklearn_regularized,41,2,l2,3,0.5469010985493875,0.8013392857142857,0.7,0.6785714285714286
ridge_poly2_C10,sklearn_regularized,41,2,l2,10,0.5474271365863012,0.8035714285714285,0.7,0.6785714285714286
ridge_poly2_C30,sklearn_regularized,41,2,l2,30,0.5475989412849686,0.8035714285714285,0.7,0.6785714285714286
ridge_poly2_C100,sklearn_regularized,41,2,l2,100,0.5476615271643138,0.8024553571428572,0.7,0.6785714285714286
ridge_poly3_C0.01,sklearn_regularized,41,3,l2,0.01,0.6171141449467815,0.7488839285714286,0.65,0.5882352941176471
ridge_poly3_C0.03,sklearn_regularized,41,3,l2,0.03,0.5784555661620862,0.7823660714285715,0.7,0.6666666666666666
ridge_poly3_C0.1,sklearn_regularized,41,3,l2,0.1,0.5474092672077808,0.7991071428571429,0.7,0.6785714285714286
ridge_poly3_C0.3,sklearn_regularized,41,3,l2,0.3,0.5373294366234469,0.8113839285714286,0.7333333333333333,0.7142857142857143
ridge_poly3_C1,sklearn_regularized,41,3,l2,1,0.5357887358218676,0.8203125,0.75,0.7272727272727273
ridge_poly3_C3,sklearn_regularized,41,3,l2,3,0.5365590042564302,0.8258928571428571,0.75,0.7272727272727273
ridge_poly3_C10,sklearn_regularized,41,3,l2,10,0.5370426322586026,0.8270089285714286,0.75,0.7272727272727273
ridge_poly3_C30,sklearn_regularized,41,3,l2,30,0.5371750225339889,0.8270089285714286,0.75,0.7272727272727273
ridge_poly3_C100,sklearn_regularized,41,3,l2,100,0.5371165548880149,0.8270089285714286,0.75,0.7272727272727273
ridge_poly4_C0.01,sklearn_regularized,41,4,l2,0.01,0.592962203792443,0.8125,0.6833333333333333,0.6274509803921569
ridge_poly4_C0.03,sklearn_regularized,41,4,l2,0.03,0.5551217819900176,0.8147321428571429,0.7166666666666667,0.6909090909090909
ridge_poly4_C0.1,sklearn_regularized,41,4,l2,0.1,0.5306955930242965,0.8191964285714286,0.7,0.6785714285714286
ridge_poly4_C0.3,sklearn_regularized,41,4,l2,0.3,0.5206455352289416,0.828125,0.7666666666666667,0.7666666666666667
ridge_poly4_C1,sklearn_regularized,41,4,l2,1,0.5166018705346992,0.8270089285714285,0.8,0.8064516129032258
ridge_poly4_C3,sklearn_regularized,41,4,l2,3,0.5177274458443981,0.8191964285714286,0.7166666666666667,0.7384615384615385
ridge_poly4_C10,sklearn_regularized,41,4,l2,10,0.5252864654548747,0.8214285714285715,0.6833333333333333,0.6984126984126984
ridge_poly4_C30,sklearn_regularized,41,4,l2,30,0.5337916412127484,0.8203124999999999,0.6833333333333333,0.6984126984126984
ridge_poly4_C100,sklearn_regularized,41,4,l2,100,0.5400022072166218,0.8203125,0.6833333333333333,0.6984126984126984
ridge_poly5_C0.01,sklearn_regularized,41,5,l2,0.01,0.5928361289275418,0.8080357142857143,0.6833333333333333,0.6274509803921569
ridge_poly5_C0.03,sklearn_regularized,41,5,l2,0.03,0.5538380997881007,0.8136160714285714,0.7,0.6666666666666666
ridge_poly5_C0.1,sklearn_regularized,41,5,l2,0.1,0.529650552563702,0.8214285714285714,0.7,0.6666666666666666
ridge_poly5_C0.3,sklearn_regularized,41,5,l2,0.3,0.5171191659050517,0.8303571428571428,0.7666666666666667,0.7666666666666667
ridge_poly5_C1,sklearn_regularized,41,5,l2,1,0.5083692290912794,0.8325892857142857,0.7833333333333333,0.7868852459016393
ridge_poly5_C3,sklearn_regularized,41,5,l2,3,0.5107311978224074,0.8348214285714286,0.7333333333333333,0.7419354838709677
ridge_poly5_C10,sklearn_regularized,41,5,l2,10,0.5473318687277359,0.8236607142857143,0.7333333333333333,0.7419354838709677
ridge_poly5_C30,sklearn_regularized,41,5,l2,30,0.6239577454904048,0.8225446428571428,0.75,0.7540983606557377
ridge_poly5_C100,sklearn_regularized,41,5,l2,100,0.7262727361296525,0.8191964285714286,0.75,0.7457627118644068
ridge_poly6_C0.01,sklearn_regularized,41,6,l2,0.01,0.585035803202068,0.8091517857142858,0.6666666666666666,0.6
ridge_poly6_C0.03,sklearn_regularized,41,6,l2,0.03,0.5505489949119833,0.8147321428571429,0.7,0.6666666666666666
ridge_poly6_C0.1,sklearn_regularized,41,6,l2,0.1,0.527088368279067,0.8247767857142858,0.7333333333333333,0.7142857142857143
ridge_poly6_C0.3,sklearn_regularized,41,6,l2,0.3,0.5167189759668948,0.8214285714285714,0.7833333333333333,0.7868852459016393
ridge_poly6_C1,sklearn_regularized,41,6,l2,1,0.511759364519552,0.8191964285714286,0.75,0.7619047619047619
ridge_poly6_C3,sklearn_regularized,41,6,l2,3,0.520837698489063,0.8203125,0.7,0.7096774193548387
ridge_poly6_C10,sklearn_regularized,41,6,l2,10,0.566846826244555,0.8214285714285714,0.7166666666666667,0.7213114754098361
ridge_poly6_C30,sklearn_regularized,41,6,l2,30,0.662155317939795,0.7935267857142857,0.6666666666666666,0.6774193548387096
ridge_poly6_C100,sklearn_regularized,41,6,l2,100,0.8434566929628233,0.765625,0.65,0.6557377049180327
lasso_poly2_C0.01,sklearn_regularized,41,2,l1,0.01,0.6931471805599454,0.5,0.4666666666666667,0.6363636363636364
lasso_poly2_C0.03,sklearn_regularized,41,2,l1,0.03,0.6479514378357732,0.7823660714285714,0.7166666666666667,0.7017543859649122
lasso_poly2_C0.1,sklearn_regularized,41,2,l1,0.1,0.5738992906214158,0.7845982142857143,0.7166666666666667,0.7017543859649122
lasso_poly2_C0.3,sklearn_regularized,41,2,l1,0.3,0.5502306357580745,0.8002232142857143,0.7166666666666667,0.711864406779661
lasso_poly2_C1,sklearn_regularized,41,2,l1,1,0.5448335639957276,0.8069196428571429,0.6833333333333333,0.6666666666666666
lasso_poly2_C3,sklearn_regularized,41,2,l1,3,0.546283593814212,0.8035714285714286,0.7,0.6785714285714286
lasso_poly2_C10,sklearn_regularized,41,2,l1,10,0.5472277857733496,0.8013392857142857,0.7,0.6785714285714286
lasso_poly2_C30,sklearn_regularized,41,2,l1,30,0.5475391167399972,0.8035714285714285,0.7,0.6785714285714286
lasso_poly2_C100,sklearn_regularized,41,2,l1,100,0.5476540009646025,0.8024553571428572,0.7,0.6785714285714286
lasso_poly3_C0.01,sklearn_regularized,41,3,l1,0.01,0.6931471805599454,0.5,0.4666666666666667,0.6363636363636364
lasso_poly3_C0.03,sklearn_regularized,41,3,l1,0.03,0.6479513060709243,0.7823660714285714,0.7166666666666667,0.7017543859649122
lasso_poly3_C0.1,sklearn_regularized,41,3,l1,0.1,0.5738993063868184,0.7845982142857143,0.7166666666666667,0.7017543859649122
lasso_poly3_C0.3,sklearn_regularized,41,3,l1,0.3,0.5501050826961846,0.8002232142857143,0.7,0.6896551724137931
lasso_poly3_C1,sklearn_regularized,41,3,l1,1,0.5397781325302715,0.8113839285714286,0.7333333333333333,0.7241379310344828
lasso_poly3_C3,sklearn_regularized,41,3,l1,3,0.5371450431217666,0.8214285714285714,0.7666666666666667,0.75
lasso_poly3_C10,sklearn_regularized,41,3,l1,10,0.5370508425353877,0.8258928571428571,0.7666666666666667,0.75
lasso_poly3_C30,sklearn_regularized,41,3,l1,30,0.5371391607004057,0.828125,0.75,0.7272727272727273
lasso_poly3_C100,sklearn_regularized,41,3,l1,100,0.5371850224974336,0.8270089285714286,0.75,0.7272727272727273
lasso_poly4_C0.01,sklearn_regularized,41,4,l1,0.01,0.6931471805599454,0.5,0.4666666666666667,0.6363636363636364
lasso_poly4_C0.03,sklearn_regularized,41,4,l1,0.03,0.6479512499812844,0.7823660714285714,0.7166666666666667,0.7017543859649122
lasso_poly4_C0.1,sklearn_regularized,41,4,l1,0.1,0.5739174938187043,0.7845982142857143,0.7166666666666667,0.7017543859649122
lasso_poly4_C0.3,sklearn_regularized,41,4,l1,0.3,0.5450200811819411,0.8013392857142857,0.7,0.6896551724137931
lasso_poly4_C1,sklearn_regularized,41,4,l1,1,0.5286404222334355,0.8214285714285714,0.7666666666666667,0.7666666666666667
lasso_poly4_C3,sklearn_regularized,41,4,l1,3,0.5241980486679964,0.8191964285714286,0.7333333333333333,0.75
lasso_poly4_C10,sklearn_regularized,41,4,l1,10,0.5288957572956328,0.8191964285714286,0.6833333333333333,0.6984126984126984
lasso_poly4_C30,sklearn_regularized,41,4,l1,30,0.5361628714410263,0.8203124999999999,0.6833333333333333,0.6984126984126984
lasso_poly4_C100,sklearn_regularized,41,4,l1,100,0.5404037096516189,0.8225446428571428,0.6833333333333333,0.6984126984126984
lasso_poly5_C0.01,sklearn_regularized,41,5,l1,0.01,0.6931471805599454,0.5,0.4666666666666667,0.6363636363636364
lasso_poly5_C0.03,sklearn_regularized,41,5,l1,0.03,0.6479511303819115,0.7823660714285714,0.7166666666666667,0.7017543859649122
lasso_poly5_C0.1,sklearn_regularized,41,5,l1,0.1,0.5739009390721032,0.7845982142857143,0.7166666666666667,0.7017543859649122
lasso_poly5_C0.3,sklearn_regularized,41,5,l1,0.3,0.5442670370838559,0.8024553571428572,0.7,0.6896551724137931
lasso_poly5_C1,sklearn_regularized,41,5,l1,1,0.5262250006597158,0.8258928571428572,0.7666666666666667,0.7666666666666667
lasso_poly5_C3,sklearn_regularized,41,5,l1,3,0.525477384205145,0.828125,0.75,0.7540983606557377
lasso_poly5_C10,sklearn_regularized,41,5,l1,10,0.6161337541128187,0.8270089285714286,0.7333333333333333,0.7419354838709677
lasso_poly5_C30,sklearn_regularized,41,5,l1,30,0.7717585905634284,0.8236607142857143,0.7333333333333333,0.7333333333333333
lasso_poly5_C100,sklearn_regularized,41,5,l1,100,0.9111560471630132,0.8158482142857143,0.7333333333333333,0.7333333333333333
lasso_poly6_C0.01,sklearn_regularized,41,6,l1,0.01,0.6931471805599454,0.5,0.4666666666666667,0.6363636363636364
lasso_poly6_C0.03,sklearn_regularized,41,6,l1,0.03,0.6479511290489507,0.7823660714285714,0.7166666666666667,0.7017543859649122
lasso_poly6_C0.1,sklearn_regularized,41,6,l1,0.1,0.5739141334190496,0.7845982142857143,0.7166666666666667,0.7017543859649122
lasso_poly6_C0.3,sklearn_regularized,41,6,l1,0.3,0.5428920714559222,0.8046875,0.7,0.6896551724137931
lasso_poly6_C1,sklearn_regularized,41,6,l1,1,0.5344299837284977,0.8147321428571429,0.7666666666666667,0.7666666666666667
lasso_poly6_C3,sklearn_regularized,41,6,l1,3,0.5342347900394624,0.8203124999999999,0.7333333333333333,0.7333333333333333
lasso_poly6_C10,sklearn_regularized,41,6,l1,10,0.7134163746063867,0.7767857142857143,0.6666666666666666,0.6774193548387096
lasso_poly6_C30,sklearn_regularized,41,6,l1,30,1.2384930273387338,0.7377232142857142,0.6333333333333333,0.6333333333333333
lasso_poly6_C100,sklearn_regularized,41,6,l1,100,2.7128572921253986,0.7321428571428572,0.6833333333333333,0.6779661016949152
glm_current_simple,statsmodels_glm,42,,none,,0.5886382421063119,0.7767857142857142,0.6166666666666667,0.5818181818181818
glm_best_subset,statsmodels_glm,42,,none,,0.5714194123756283,0.7901785714285714,0.6666666666666666,0.6296296296296297
glm_full_degree2,statsmodels_glm,42,,none,,0.5850630119598321,0.78125,0.6833333333333333,0.6415094339622641
ridge_poly1_C0.01,sklearn_regularized,42,1,l2,0.01,0.6757346998052888,0.6082589285714286,0.5333333333333333,0.44
ridge_poly1_C0.03,sklearn_regularized,42,1,l2,0.03,0.674611572975604,0.6071428571428572,0.5,0.4230769230769231
ridge_poly1_C0.1,sklearn_regularized,42,1,l2,0.1,0.6813066984634593,0.6116071428571429,0.5,0.4230769230769231
ridge_poly1_C0.3,sklearn_regularized,42,1,l2,0.3,0.68741834089559,0.6127232142857143,0.5166666666666667,0.4528301886792453
ridge_poly1_C1,sklearn_regularized,42,1,l2,1,0.6907429130531367,0.6138392857142857,0.5166666666666667,0.4528301886792453
ridge_poly1_C3,sklearn_regularized,42,1,l2,3,0.6918679358777151,0.6138392857142857,0.5166666666666667,0.4528301886792453
ridge_poly1_C10,sklearn_regularized,42,1,l2,10,0.6922821387602486,0.6138392857142857,0.5166666666666667,0.4528301886792453
ridge_poly1_C30,sklearn_regularized,42,1,l2,30,0.6924025402647143,0.6138392857142857,0.5166666666666667,0.4528301886792453
ridge_poly1_C100,sklearn_regularized,42,1,l2,100,0.6924449013521204,0.6138392857142857,0.5166666666666667,0.4528301886792453
ridge_poly2_C0.01,sklearn_regularized,42,2,l2,0.01,0.6192248417452538,0.7611607142857143,0.65,0.6037735849056604
ridge_poly2_C0.03,sklearn_regularized,42,2,l2,0.03,0.5833807477927977,0.7678571428571428,0.6666666666666666,0.6428571428571429
ridge_poly2_C0.1,sklearn_regularized,42,2,l2,0.1,0.5664650088800699,0.7790178571428572,0.6833333333333333,0.6545454545454545
ridge_poly2_C0.3,sklearn_regularized,42,2,l2,0.3,0.5697336769441976,0.7845982142857143,0.6833333333333333,0.6545454545454545
ridge_poly2_C1,sklearn_regularized,42,2,l2,1,0.5779064419738325,0.7834821428571429,0.7,0.6666666666666666
ridge_poly2_C3,sklearn_regularized,42,2,l2,3,0.5822577376760195,0.78125,0.6833333333333333,0.6415094339622641
ridge_poly2_C10,sklearn_regularized,42,2,l2,10,0.5842063635211601,0.78125,0.6833333333333333,0.6415094339622641
ridge_poly2_C30,sklearn_regularized,42,2,l2,30,0.5848104693774829,0.78125,0.6833333333333333,0.6415094339622641
ridge_poly2_C100,sklearn_regularized,42,2,l2,100,0.5850273043400431,0.78125,0.6833333333333333,0.6415094339622641
ridge_poly3_C0.01,sklearn_regularized,42,3,l2,0.01,0.6213731949865859,0.7600446428571428,0.6666666666666666,0.6
ridge_poly3_C0.03,sklearn_regularized,42,3,l2,0.03,0.5891824468972388,0.7756696428571428,0.65,0.6037735849056604
ridge_poly3_C0.1,sklearn_regularized,42,3,l2,0.1,0.5725020793817861,0.7712053571428571,0.6666666666666666,0.6153846153846154
ridge_poly3_C0.3,sklearn_regularized,42,3,l2,0.3,0.5725547537539347,0.7745535714285714,0.6666666666666666,0.6153846153846154
ridge_poly3_C1,sklearn_regularized,42,3,l2,1,0.5768210467968836,0.7745535714285715,0.65,0.5882352941176471
ridge_poly3_C3,sklearn_regularized,42,3,l2,3,0.579595219300042,0.7734375,0.65,0.5882352941176471
ridge_poly3_C10,sklearn_regularized,42,3,l2,10,0.5811367415114616,0.7734375,0.65,0.5882352941176471
ridge_poly3_C30,sklearn_regularized,42,3,l2,30,0.5817276600505947,0.7723214285714285,0.65,0.5882352941176471
ridge_poly3_C100,sklearn_regularized,42,3,l2,100,0.5818960614296824,0.7723214285714285,0.65,0.5882352941176471
ridge_poly4_C0.01,sklearn_regularized,42,4,l2,0.01,0.6035177363077272,0.7645089285714286,0.6666666666666666,0.6
ridge_poly4_C0.03,sklearn_regularized,42,4,l2,0.03,0.5795677714833881,0.7745535714285714,0.65,0.6037735849056604
ridge_poly4_C0.1,sklearn_regularized,42,4,l2,0.1,0.5732810831428305,0.7756696428571429,0.6666666666666666,0.6153846153846154
ridge_poly4_C0.3,sklearn_regularized,42,4,l2,0.3,0.5820848332143032,0.7712053571428572,0.6666666666666666,0.6153846153846154
ridge_poly4_C1,sklearn_regularized,42,4,l2,1,0.6082825692270812,0.765625,0.6833333333333333,0.6415094339622641
ridge_poly4_C3,sklearn_regularized,42,4,l2,3,0.6540641933915897,0.7433035714285714,0.6833333333333333,0.6274509803921569
ridge_poly4_C10,sklearn_regularized,42,4,l2,10,0.7178671586419065,0.7287946428571429,0.6333333333333333,0.5769230769230769
ridge_poly4_C30,sklearn_regularized,42,4,l2,30,0.7647243549911523,0.7087053571428571,0.6333333333333333,0.5769230769230769
ridge_poly4_C100,sklearn_regularized,42,4,l2,100,0.7923003750809813,0.7042410714285715,0.6333333333333333,0.5769230769230769
ridge_poly5_C0.01,sklearn_regularized,42,5,l2,0.01,0.6064983289094191,0.7611607142857142,0.6666666666666666,0.6
ridge_poly5_C0.03,sklearn_regularized,42,5,l2,0.03,0.5836161835753433,0.7678571428571428,0.65,0.6037735849056604
ridge_poly5_C0.1,sklearn_regularized,42,5,l2,0.1,0.5780898389669801,0.7723214285714285,0.6666666666666666,0.6153846153846154
ridge_poly5_C0.3,sklearn_regularized,42,5,l2,0.3,0.5885646000879394,0.7656249999999999,0.6833333333333333,0.6415094339622641
ridge_poly5_C1,sklearn_regularized,42,5,l2,1,0.6153720670556685,0.7466517857142857,0.65,0.6181818181818182
ridge_poly5_C3,sklearn_regularized,42,5,l2,3,0.6679597390658173,0.7332589285714286,0.65,0.6037735849056604
ridge_poly5_C10,sklearn_regularized,42,5,l2,10,0.7943475497546566,0.7120535714285715,0.65,0.631578947368421
ridge_poly5_C30,sklearn_regularized,42,5,l2,30,1.0205758765140114,0.7053571428571429,0.65,0.631578947368421
ridge_poly5_C100,sklearn_regularized,42,5,l2,100,1.4227337207160615,0.6919642857142858,0.6833333333333333,0.6415094339622641
ridge_poly6_C0.01,sklearn_regularized,42,6,l2,0.01,0.601730740577899,0.7566964285714286,0.6666666666666666,0.6
ridge_poly6_C0.03,sklearn_regularized,42,6,l2,0.03,0.5812790578398215,0.7667410714285714,0.65,0.6037735849056604
ridge_poly6_C0.1,sklearn_regularized,42,6,l2,0.1,0.5787844249675325,0.7667410714285715,0.6666666666666666,0.6153846153846154
ridge_poly6_C0.3,sklearn_regularized,42,6,l2,0.3,0.5920075853498805,0.7633928571428571,0.6666666666666666,0.6296296296296297
ridge_poly6_C1,sklearn_regularized,42,6,l2,1,0.6227500038833834,0.7444196428571429,0.65,0.6181818181818182
ridge_poly6_C3,sklearn_regularized,42,6,l2,3,0.6880393907952155,0.7243303571428572,0.6833333333333333,0.6545454545454545
ridge_poly6_C10,sklearn_regularized,42,6,l2,10,0.8609629207054227,0.7087053571428572,0.6666666666666666,0.6428571428571429
ridge_poly6_C30,sklearn_regularized,42,6,l2,30,1.1649984176630557,0.6986607142857143,0.6666666666666666,0.6296296296296297
ridge_poly6_C100,sklearn_regularized,42,6,l2,100,1.7801242826874963,0.6919642857142858,0.6333333333333333,0.5925925925925926
lasso_poly2_C0.01,sklearn_regularized,42,2,l1,0.01,0.6931471805599454,0.5,0.4666666666666667,0.6363636363636364
lasso_poly2_C0.03,sklearn_regularized,42,2,l1,0.03,0.6452216825497111,0.7578125,0.6333333333333333,0.6206896551724138
lasso_poly2_C0.1,sklearn_regularized,42,2,l1,0.1,0.5741453156566146,0.7734375,0.65,0.631578947368421
lasso_poly2_C0.3,sklearn_regularized,42,2,l1,0.3,0.5724527100835693,0.7689732142857143,0.6666666666666666,0.6428571428571429
lasso_poly2_C1,sklearn_regularized,42,2,l1,1,0.5763781181836374,0.7857142857142857,0.6833333333333333,0.6545454545454545
lasso_poly2_C3,sklearn_regularized,42,2,l1,3,0.5813862737680858,0.7823660714285715,0.6833333333333333,0.6545454545454545
lasso_poly2_C10,sklearn_regularized,42,2,l1,10,0.5838608955076582,0.78125,0.6833333333333333,0.6415094339622641
lasso_poly2_C30,sklearn_regularized,42,2,l1,30,0.584650858100252,0.78125,0.6833333333333333,0.6415094339622641
lasso_poly2_C100,sklearn_regularized,42,2,l1,100,0.5849349077759869,0.78125,0.6833333333333333,0.6415094339622641
lasso_poly3_C0.01,sklearn_regularized,42,3,l1,0.01,0.6931471805599454,0.5,0.4666666666666667,0.6363636363636364
lasso_poly3_C0.03,sklearn_regularized,42,3,l1,0.03,0.6452216825497111,0.7578125,0.6333333333333333,0.6206896551724138
lasso_poly3_C0.1,sklearn_regularized,42,3,l1,0.1,0.5741512927387143,0.7734375,0.65,0.631578947368421
lasso_poly3_C0.3,sklearn_regularized,42,3,l1,0.3,0.5682045546085864,0.7734375,0.6333333333333333,0.5925925925925926
lasso_poly3_C1,sklearn_regularized,42,3,l1,1,0.5732355110370653,0.7734375,0.6833333333333333,0.6415094339622641
lasso_poly3_C3,sklearn_regularized,42,3,l1,3,0.5772915963312066,0.7756696428571428,0.6666666666666666,0.6153846153846154
lasso_poly3_C10,sklearn_regularized,42,3,l1,10,0.5804637282643629,0.7712053571428572,0.65,0.5882352941176471
lasso_poly3_C30,sklearn_regularized,42,3,l1,30,0.5814629877735743,0.7723214285714285,0.65,0.5882352941176471
lasso_poly3_C100,sklearn_regularized,42,3,l1,100,0.581833433041009,0.7723214285714285,0.65,0.5882352941176471
lasso_poly4_C0.01,sklearn_regularized,42,4,l1,0.01,0.6931471805599454,0.5,0.4666666666666667,0.6363636363636364
lasso_poly4_C0.03,sklearn_regularized,42,4,l1,0.03,0.6452233041106373,0.7578125,0.6333333333333333,0.6206896551724138
lasso_poly4_C0.1,sklearn_regularized,42,4,l1,0.1,0.5741441314033133,0.7734375,0.65,0.631578947368421
lasso_poly4_C0.3,sklearn_regularized,42,4,l1,0.3,0.5671750836793035,0.7734375000000001,0.6833333333333333,0.6545454545454545
lasso_poly4_C1,sklearn_regularized,42,4,l1,1,0.613853990731931,0.7645089285714285,0.6833333333333333,0.6415094339622641
lasso_poly4_C3,sklearn_regularized,42,4,l1,3,0.7041196820309155,0.7399553571428571,0.65,0.6037735849056604
lasso_poly4_C10,sklearn_regularized,42,4,l1,10,0.7477437454407402,0.7265625,0.65,0.5882352941176471
lasso_poly4_C30,sklearn_regularized,42,4,l1,30,0.7839187902992767,0.7053571428571428,0.6333333333333333,0.5769230769230769
lasso_poly4_C100,sklearn_regularized,42,4,l1,100,0.8015287188950192,0.7020089285714286,0.6333333333333333,0.5769230769230769
lasso_poly5_C0.01,sklearn_regularized,42,5,l1,0.01,0.6931471805599454,0.5,0.4666666666666667,0.6363636363636364
lasso_poly5_C0.03,sklearn_regularized,42,5,l1,0.03,0.6452208304837634,0.7578125,0.6333333333333333,0.6206896551724138
lasso_poly5_C0.1,sklearn_regularized,42,5,l1,0.1,0.5740479495090788,0.7734375,0.65,0.631578947368421
lasso_poly5_C0.3,sklearn_regularized,42,5,l1,0.3,0.5681877257253602,0.7700892857142858,0.6833333333333333,0.6545454545454545
lasso_poly5_C1,sklearn_regularized,42,5,l1,1,0.6265527836147027,0.7555803571428571,0.6666666666666666,0.6296296296296297
lasso_poly5_C3,sklearn_regularized,42,5,l1,3,0.6930517747516185,0.7477678571428572,0.6833333333333333,0.6545454545454545
lasso_poly5_C10,sklearn_regularized,42,5,l1,10,0.9861297875606745,0.7109375,0.6833333333333333,0.6545454545454545
lasso_poly5_C30,sklearn_regularized,42,5,l1,30,1.6410279991571064,0.6919642857142857,0.6666666666666666,0.6153846153846154
lasso_poly5_C100,sklearn_regularized,42,5,l1,100,2.401559528106176,0.66796875,0.6333333333333333,0.5925925925925926
lasso_poly6_C0.01,sklearn_regularized,42,6,l1,0.01,0.6931471805599454,0.5,0.4666666666666667,0.6363636363636364
lasso_poly6_C0.03,sklearn_regularized,42,6,l1,0.03,0.6452216825497111,0.7578125,0.6333333333333333,0.6206896551724138
lasso_poly6_C0.1,sklearn_regularized,42,6,l1,0.1,0.5740470742683516,0.7734375,0.65,0.631578947368421
lasso_poly6_C0.3,sklearn_regularized,42,6,l1,0.3,0.5678407916426026,0.7700892857142858,0.6833333333333333,0.6545454545454545
lasso_poly6_C1,sklearn_regularized,42,6,l1,1,0.6385754823861544,0.7533482142857142,0.6833333333333333,0.6545454545454545
lasso_poly6_C3,sklearn_regularized,42,6,l1,3,0.6998984882629845,0.7433035714285713,0.6833333333333333,0.6415094339622641
lasso_poly6_C10,sklearn_regularized,42,6,l1,10,1.0310797934328872,0.7098214285714286,0.6833333333333333,0.6415094339622641
lasso_poly6_C30,sklearn_regularized,42,6,l1,30,2.240481678188067,0.6685267857142858,0.6,0.5862068965517241
lasso_poly6_C100,sklearn_regularized,42,6,l1,100,2.9453635929828033,0.6718749999999999,0.5833333333333334,0.576271186440678
glm_current_simple,statsmodels_glm,43,,none,,0.43114896273937703,0.890625,0.8,0.7857142857142857
glm_best_subset,statsmodels_glm,43,,none,,0.4171254990320136,0.9051339285714286,0.8333333333333334,0.8275862068965517
glm_full_degree2,statsmodels_glm,43,,none,,0.4223207720562782,0.8962053571428571,0.8333333333333334,0.8275862068965517
ridge_poly1_C0.01,sklearn_regularized,43,1,l2,0.01,0.6472093115220827,0.7600446428571428,0.6333333333333333,0.5416666666666666
ridge_poly1_C0.03,sklearn_regularized,43,1,l2,0.03,0.6212825604157218,0.7622767857142857,0.6833333333333333,0.6274509803921569
ridge_poly1_C0.1,sklearn_regularized,43,1,l2,0.1,0.6028276514862967,0.7633928571428571,0.6666666666666666,0.6296296296296297
ridge_poly1_C0.3,sklearn_regularized,43,1,l2,0.3,0.5955000684601005,0.7622767857142857,0.6666666666666666,0.6296296296296297
ridge_poly1_C1,sklearn_regularized,43,1,l2,1,0.5926150344296748,0.7611607142857143,0.6666666666666666,0.6296296296296297
ridge_poly1_C3,sklearn_regularized,43,1,l2,3,0.5917552376958307,0.7611607142857143,0.6666666666666666,0.6296296296296297
ridge_poly1_C10,sklearn_regularized,43,1,l2,10,0.5914503599638811,0.7611607142857143,0.6666666666666666,0.6296296296296297
ridge_poly1_C30,sklearn_regularized,43,1,l2,30,0.591362869082279,0.7611607142857143,0.6666666666666666,0.6296296296296297
ridge_poly1_C100,sklearn_regularized,43,1,l2,100,0.5913322068152062,0.7611607142857143,0.6666666666666666,0.6296296296296297
ridge_poly2_C0.01,sklearn_regularized,43,2,l2,0.01,0.5753762718244596,0.8995535714285714,0.75,0.6938775510204082
ridge_poly2_C0.03,sklearn_regularized,43,2,l2,0.03,0.5095018801615518,0.9051339285714286,0.8,0.7777777777777778
ridge_poly2_C0.1,sklearn_regularized,43,2,l2,0.1,0.4591786471582228,0.9006696428571428,0.8166666666666667,0.8070175438596491
ridge_poly2_C0.3,sklearn_regularized,43,2,l2,0.3,0.43656582151252915,0.9006696428571428,0.85,0.8421052631578947
ridge_poly2_C1,sklearn_regularized,43,2,l2,1,0.4268947041687981,0.8973214285714286,0.85,0.8421052631578947
ridge_poly2_C3,sklearn_regularized,43,2,l2,3,0.4239152566047266,0.8973214285714286,0.85,0.8421052631578947
ridge_poly2_C10,sklearn_regularized,43,2,l2,10,0.42277489283451225,0.8962053571428571,0.8333333333333334,0.8275862068965517
ridge_poly2_C30,sklearn_regularized,43,2,l2,30,0.42246439901320504,0.8962053571428571,0.8333333333333334,0.8275862068965517
ridge_poly2_C100,sklearn_regularized,43,2,l2,100,0.42235546156997833,0.8962053571428571,0.8333333333333334,0.8275862068965517
ridge_poly3_C0.01,sklearn_regularized,43,3,l2,0.01,0.5658398269871054,0.9073660714285714,0.7833333333333333,0.7450980392156863
ridge_poly3_C0.03,sklearn_regularized,43,3,l2,0.03,0.5046497935672635,0.9040178571428572,0.8166666666666667,0.8
ridge_poly3_C0.1,sklearn_regularized,43,3,l2,0.1,0.46236496822124107,0.8895089285714286,0.7666666666666667,0.75
ridge_poly3_C0.3,sklearn_regularized,43,3,l2,0.3,0.4494542054825017,0.8794642857142857,0.7666666666666667,0.75
ridge_poly3_C1,sklearn_regularized,43,3,l2,1,0.45442519036619455,0.8671875,0.75,0.7272727272727273
ridge_poly3_C3,sklearn_regularized,43,3,l2,3,0.46249580411845215,0.8493303571428572,0.7333333333333333,0.7142857142857143
ridge_poly3_C10,sklearn_regularized,43,3,l2,10,0.4673369494779737,0.8415178571428572,0.7333333333333333,0.7142857142857143
ridge_poly3_C30,sklearn_regularized,43,3,l2,30,0.46905525795672637,0.8404017857142858,0.7333333333333333,0.7142857142857143
ridge_poly3_C100,sklearn_regularized,43,3,l2,100,0.4697027870760494,0.8392857142857143,0.7333333333333333,0.7142857142857143
ridge_poly4_C0.01,sklearn_regularized,43,4,l2,0.01,0.5336736089408347,0.90625,0.75,0.6938775510204082
ridge_poly4_C0.03,sklearn_regularized,43,4,l2,0.03,0.4805108100149619,0.9073660714285714,0.8,0.7777777777777778
ridge_poly4_C0.1,sklearn_regularized,43,4,l2,0.1,0.4476320851970686,0.8984375,0.7833333333333333,0.7636363636363637
ridge_poly4_C0.3,sklearn_regularized,43,4,l2,0.3,0.4445638681997279,0.8917410714285714,0.7833333333333333,0.7719298245614035
ridge_poly4_C1,sklearn_regularized,43,4,l2,1,0.49798504354482476,0.8404017857142858,0.7333333333333333,0.7333333333333333
ridge_poly4_C3,sklearn_regularized,43,4,l2,3,0.5746555055947834,0.8225446428571428,0.7166666666666667,0.711864406779661
ridge_poly4_C10,sklearn_regularized,43,4,l2,10,0.6322936489827663,0.8214285714285714,0.7333333333333333,0.7333333333333333
ridge_poly4_C30,sklearn_regularized,43,4,l2,30,0.6569795311510042,0.8180803571428572,0.7333333333333333,0.7333333333333333
ridge_poly4_C100,sklearn_regularized,43,4,l2,100,0.6681498759873499,0.8225446428571428,0.7333333333333333,0.7333333333333333
ridge_poly5_C0.01,sklearn_regularized,43,5,l2,0.01,0.5367727508121438,0.9073660714285714,0.7833333333333333,0.7450980392156863
ridge_poly5_C0.03,sklearn_regularized,43,5,l2,0.03,0.487404908794555,0.9040178571428572,0.8,0.7692307692307693
ridge_poly5_C0.1,sklearn_regularized,43,5,l2,0.1,0.46058014584868456,0.8928571428571429,0.8,0.7777777777777778
ridge_poly5_C0.3,sklearn_regularized,43,5,l2,0.3,0.4612422653484829,0.8738839285714286,0.7666666666666667,0.7307692307692307
ridge_poly5_C1,sklearn_regularized,43,5,l2,1,0.49080204918831083,0.8247767857142857,0.75,0.7368421052631579
ridge_poly5_C3,sklearn_regularized,43,5,l2,3,0.5234970635095837,0.8136160714285714,0.7333333333333333,0.7241379310344828
ridge_poly5_C10,sklearn_regularized,43,5,l2,10,0.5680551400077605,0.8191964285714287,0.7333333333333333,0.7142857142857143
ridge_poly5_C30,sklearn_regularized,43,5,l2,30,0.7206046138699331,0.7957589285714286,0.7333333333333333,0.7142857142857143
ridge_poly5_C100,sklearn_regularized,43,5,l2,100,1.0443018127627839,0.7377232142857143,0.6833333333333333,0.6545454545454545
ridge_poly6_C0.01,sklearn_regularized,43,6,l2,0.01,0.5235545908897937,0.9095982142857143,0.7833333333333333,0.7450980392156863
ridge_poly6_C0.03,sklearn_regularized,43,6,l2,0.03,0.47736162226572415,0.9051339285714286,0.8166666666666667,0.7924528301886793
ridge_poly6_C0.1,sklearn_regularized,43,6,l2,0.1,0.44953891426440495,0.8917410714285714,0.8,0.7777777777777778
ridge_poly6_C0.3,sklearn_regularized,43,6,l2,0.3,0.45189369283505015,0.8694196428571429,0.8,0.7777777777777778
ridge_poly6_C1,sklearn_regularized,43,6,l2,1,0.5069920891034406,0.8270089285714286,0.75,0.7368421052631579
ridge_poly6_C3,sklearn_regularized,43,6,l2,3,0.5662831861873859,0.8013392857142858,0.7333333333333333,0.7241379310344828
ridge_poly6_C10,sklearn_regularized,43,6,l2,10,0.6090827438562845,0.8046875,0.7166666666666667,0.7017543859649122
ridge_poly6_C30,sklearn_regularized,43,6,l2,30,0.7645484620929471,0.8125,0.7166666666666667,0.7017543859649122
ridge_poly6_C100,sklearn_regularized,43,6,l2,100,1.1551198967396792,0.7706473214285715,0.7,0.6785714285714286
lasso_poly2_C0.01,sklearn_regularized,43,2,l1,0.01,0.6931471805599454,0.5,0.4666666666666667,0.6363636363636364
lasso_poly2_C0.03,sklearn_regularized,43,2,l1,0.03,0.6413913511829127,0.8526785714285714,0.7166666666666667,0.711864406779661
lasso_poly2_C0.1,sklearn_regularized,43,2,l1,0.1,0.48370721613636025,0.8973214285714286,0.8166666666666667,0.8070175438596491
lasso_poly2_C0.3,sklearn_regularized,43,2,l1,0.3,0.4438736408020389,0.8973214285714286,0.8333333333333334,0.8275862068965517
lasso_poly2_C1,sklearn_regularized,43,2,l1,1,0.42959277483452435,0.9006696428571428,0.8333333333333334,0.8275862068965517
lasso_poly2_C3,sklearn_regularized,43,2,l1,3,0.4248669416588032,0.8984375,0.85,0.8421052631578947
lasso_poly2_C10,sklearn_regularized,43,2,l1,10,0.4230737455708074,0.8973214285714286,0.8333333333333334,0.8275862068965517
lasso_poly2_C30,sklearn_regularized,43,2,l1,30,0.4225732428790908,0.8962053571428571,0.8333333333333334,0.8275862068965517
lasso_poly2_C100,sklearn_regularized,43,2,l1,100,0.42239937918016096,0.8962053571428571,0.8333333333333334,0.8275862068965517
lasso_poly3_C0.01,sklearn_regularized,43,3,l1,0.01,0.6931471805599454,0.5,0.4666666666666667,0.6363636363636364
lasso_poly3_C0.03,sklearn_regularized,43,3,l1,0.03,0.6413909632222572,0.8526785714285714,0.7166666666666667,0.711864406779661
lasso_poly3_C0.1,sklearn_regularized,43,3,l1,0.1,0.4847274421190027,0.8962053571428572,0.8166666666666667,0.8070175438596491
lasso_poly3_C0.3,sklearn_regularized,43,3,l1,0.3,0.45229289442850157,0.8950892857142857,0.8,0.7931034482758621
lasso_poly3_C1,sklearn_regularized,43,3,l1,1,0.44369474902472195,0.8850446428571428,0.7666666666666667,0.75
lasso_poly3_C3,sklearn_regularized,43,3,l1,3,0.45701872461251797,0.8537946428571428,0.75,0.7272727272727273
lasso_poly3_C10,sklearn_regularized,43,3,l1,10,0.46559950610960693,0.84375,0.7333333333333333,0.7142857142857143
lasso_poly3_C30,sklearn_regularized,43,3,l1,30,0.46839257263420314,0.8415178571428572,0.7333333333333333,0.7142857142857143
lasso_poly3_C100,sklearn_regularized,43,3,l1,100,0.4694188514534711,0.8392857142857143,0.7333333333333333,0.7142857142857143
lasso_poly4_C0.01,sklearn_regularized,43,4,l1,0.01,0.6931471805599454,0.5,0.4666666666666667,0.6363636363636364
lasso_poly4_C0.03,sklearn_regularized,43,4,l1,0.03,0.6413910872262084,0.8526785714285714,0.7166666666666667,0.711864406779661
lasso_poly4_C0.1,sklearn_regularized,43,4,l1,0.1,0.4845879517332722,0.8995535714285714,0.8166666666666667,0.8070175438596491
lasso_poly4_C0.3,sklearn_regularized,43,4,l1,0.3,0.45461327696609993,0.8962053571428572,0.8333333333333334,0.8275862068965517
lasso_poly4_C1,sklearn_regularized,43,4,l1,1,0.44694712249765023,0.8805803571428571,0.7333333333333333,0.7419354838709677
lasso_poly4_C3,sklearn_regularized,43,4,l1,3,0.5778427898787079,0.8169642857142857,0.75,0.7540983606557377
lasso_poly4_C10,sklearn_regularized,43,4,l1,10,0.6531754887291595,0.8113839285714286,0.7333333333333333,0.7333333333333333
lasso_poly4_C30,sklearn_regularized,43,4,l1,30,0.6670256933247676,0.8191964285714286,0.7333333333333333,0.7333333333333333
lasso_poly4_C100,sklearn_regularized,43,4,l1,100,0.6725531014081331,0.8225446428571428,0.7333333333333333,0.7333333333333333
lasso_poly5_C0.01,sklearn_regularized,43,5,l1,0.01,0.6931471805599454,0.5,0.4666666666666667,0.6363636363636364
lasso_poly5_C0.03,sklearn_regularized,43,5,l1,0.03,0.6413908155499141,0.8526785714285714,0.7166666666666667,0.711864406779661
lasso_poly5_C0.1,sklearn_regularized,43,5,l1,0.1,0.484591379904341,0.8995535714285714,0.8166666666666667,0.8070175438596491
lasso_poly5_C0.3,sklearn_regularized,43,5,l1,0.3,0.4558868813677905,0.8973214285714286,0.8333333333333334,0.8275862068965517
lasso_poly5_C1,sklearn_regularized,43,5,l1,1,0.5553290584014788,0.7879464285714286,0.7666666666666667,0.7407407407407407
lasso_poly5_C3,sklearn_regularized,43,5,l1,3,0.6160174632808133,0.7857142857142858,0.6833333333333333,0.6779661016949152
lasso_poly5_C10,sklearn_regularized,43,5,l1,10,0.7040279710666729,0.7912946428571429,0.7166666666666667,0.6909090909090909
lasso_poly5_C30,sklearn_regularized,43,5,l1,30,1.2077404304755508,0.7287946428571429,0.6833333333333333,0.6545454545454545
lasso_poly5_C100,sklearn_regularized,43,5,l1,100,1.880071596045262,0.6785714285714285,0.65,0.6181818181818182
lasso_poly6_C0.01,sklearn_regularized,43,6,l1,0.01,0.6931471805599454,0.5,0.4666666666666667,0.6363636363636364
lasso_poly6_C0.03,sklearn_regularized,43,6,l1,0.03,0.6413908986662339,0.8526785714285714,0.7166666666666667,0.711864406779661
lasso_poly6_C0.1,sklearn_regularized,43,6,l1,0.1,0.4845739332257288,0.8995535714285714,0.8166666666666667,0.8070175438596491
lasso_poly6_C0.3,sklearn_regularized,43,6,l1,0.3,0.45056334076378046,0.8984375,0.8333333333333334,0.8275862068965517
lasso_poly6_C1,sklearn_regularized,43,6,l1,1,0.523292835351075,0.8191964285714286,0.75,0.7272727272727273
lasso_poly6_C3,sklearn_regularized,43,6,l1,3,0.693298355547392,0.7633928571428572,0.6833333333333333,0.6779661016949152
lasso_poly6_C10,sklearn_regularized,43,6,l1,10,0.8692812583564843,0.7845982142857142,0.7,0.6785714285714286
lasso_poly6_C30,sklearn_regularized,43,6,l1,30,1.3469268067331845,0.7338169642857144,0.6666666666666666,0.6551724137931034
lasso_poly6_C100,sklearn_regularized,43,6,l1,100,3.0252030422063574,0.71484375,0.6333333333333333,0.6206896551724138
glm_current_simple,statsmodels_glm,44,,none,,0.5627059538879066,0.7953281423804226,0.7,0.7096774193548387
glm_best_subset,statsmodels_glm,44,,none,,0.588048788992029,0.7764182424916575,0.65,0.631578947368421
glm_full_degree2,statsmodels_glm,44,,none,,0.5853934264757013,0.7797552836484983,0.6666666666666666,0.6428571428571429
ridge_poly1_C0.01,sklearn_regularized,44,1,l2,0.01,0.6595872505939547,0.6818687430478308,0.6166666666666667,0.5306122448979592
ridge_poly1_C0.03,sklearn_regularized,44,1,l2,0.03,0.647214493898482,0.6774193548387096,0.6166666666666667,0.5818181818181818
ridge_poly1_C0.1,sklearn_regularized,44,1,l2,0.1,0.6447916411713994,0.6774193548387096,0.6666666666666666,0.6551724137931034
ridge_poly1_C0.3,sklearn_regularized,44,1,l2,0.3,0.6465140671848416,0.6774193548387096,0.65,0.6440677966101694
ridge_poly1_C1,sklearn_regularized,44,1,l2,1,0.647854909965459,0.6785317018909901,0.6666666666666666,0.6666666666666666
ridge_poly1_C3,sklearn_regularized,44,1,l2,3,0.6483436846390668,0.6785317018909901,0.6666666666666666,0.6666666666666666
ridge_poly1_C10,sklearn_regularized,44,1,l2,10,0.648527657431592,0.6785317018909901,0.6666666666666666,0.6666666666666666
ridge_poly1_C30,sklearn_regularized,44,1,l2,30,0.6485815102958287,0.6785317018909901,0.6666666666666666,0.6666666666666666
ridge_poly1_C100,sklearn_regularized,44,1,l2,100,0.6486004964178428,0.6785317018909901,0.6666666666666666,0.6666666666666666
ridge_poly2_C0.01,sklearn_regularized,44,2,l2,0.01,0.6118007935730012,0.8053392658509455,0.7666666666666667,0.7407407407407407
ridge_poly2_C0.03,sklearn_regularized,44,2,l2,0.03,0.5744445793565649,0.7975528364849833,0.7166666666666667,0.711864406779661
ridge_poly2_C0.1,sklearn_regularized,44,2,l2,0.1,0.5610134715186132,0.7819799777530589,0.6666666666666666,0.6551724137931034
ridge_poly2_C0.3,sklearn_regularized,44,2,l2,0.3,0.5682833621510238,0.7797552836484982,0.6666666666666666,0.6428571428571429
ridge_poly2_C1,sklearn_regularized,44,2,l2,1,0.5782278901893803,0.7797552836484983,0.6666666666666666,0.6428571428571429
ridge_poly2_C3,sklearn_regularized,44,2,l2,3,0.5826904540534927,0.7808676307007786,0.6666666666666666,0.6428571428571429
ridge_poly2_C10,sklearn_regularized,44,2,l2,10,0.584590988821541,0.7808676307007786,0.6666666666666666,0.6428571428571429
ridge_poly2_C30,sklearn_regularized,44,2,l2,30,0.5851668135150416,0.7797552836484983,0.6666666666666666,0.6428571428571429
ridge_poly2_C100,sklearn_regularized,44,2,l2,100,0.5853720043170818,0.7797552836484983,0.6666666666666666,0.6428571428571429
ridge_poly3_C0.01,sklearn_regularized,44,3,l2,0.01,0.6120160320623539,0.7875417130144604,0.7333333333333333,0.68
ridge_poly3_C0.03,sklearn_regularized,44,3,l2,0.03,0.5899008448311507,0.7730812013348164,0.7,0.6785714285714286
ridge_poly3_C0.1,sklearn_regularized,44,3,l2,0.1,0.6019695879464635,0.7586206896551724,0.6833333333333333,0.6666666666666666
ridge_poly3_C0.3,sklearn_regularized,44,3,l2,0.3,0.6467659879210026,0.7541713014460512,0.7,0.6896551724137931
ridge_poly3_C1,sklearn_regularized,44,3,l2,1,0.7157797149697009,0.7486095661846496,0.6833333333333333,0.6545454545454545
ridge_poly3_C3,sklearn_regularized,44,3,l2,3,0.7693926279774559,0.7419354838709677,0.7166666666666667,0.6792452830188679
ridge_poly3_C10,sklearn_regularized,44,3,l2,10,0.8013069779295298,0.7452725250278087,0.7,0.6538461538461539
ridge_poly3_C30,sklearn_regularized,44,3,l2,30,0.812905157830453,0.7441601779755284,0.7,0.6538461538461539
ridge_poly3_C100,sklearn_regularized,44,3,l2,100,0.8172990046456214,0.7441601779755284,0.7,0.6538461538461539
ridge_poly4_C0.01,sklearn_regularized,44,4,l2,0.01,0.5917260088721632,0.7853170189098999,0.7,0.6666666666666666
ridge_poly4_C0.03,sklearn_regularized,44,4,l2,0.03,0.5803706371892978,0.7652947719688543,0.6666666666666666,0.6428571428571429
ridge_poly4_C0.1,sklearn_regularized,44,4,l2,0.1,0.6148318726032382,0.7374860956618465,0.6666666666666666,0.6551724137931034
ridge_poly4_C0.3,sklearn_regularized,44,4,l2,0.3,0.7025223629264814,0.7063403781979978,0.6666666666666666,0.6551724137931034
ridge_poly4_C1,sklearn_regularized,44,4,l2,1,0.8836068093974063,0.6740823136818688,0.6833333333333333,0.6666666666666666
ridge_poly4_C3,sklearn_regularized,44,4,l2,3,1.1384481399722417,0.6329254727474973,0.65,0.6440677966101694
ridge_poly4_C10,sklearn_regularized,44,4,l2,10,1.4845592235817473,0.6195773081201336,0.6333333333333333,0.6333333333333333
ridge_poly4_C30,sklearn_regularized,44,4,l2,30,1.7987045864881621,0.6240266963292547,0.6333333333333333,0.6333333333333333
ridge_poly4_C100,sklearn_regularized,44,4,l2,100,2.059757688383285,0.6295884315906564,0.65,0.6557377049180327
ridge_poly5_C0.01,sklearn_regularized,44,5,l2,0.01,0.5976295288943216,0.7775305895439376,0.7,0.6666666666666666
ridge_poly5_C0.03,sklearn_regularized,44,5,l2,0.03,0.5884926143450103,0.7597330367074527,0.6666666666666666,0.6428571428571429
ridge_poly5_C0.1,sklearn_regularized,44,5,l2,0.1,0.625534054647496,0.7397107897664071,0.6666666666666666,0.6551724137931034
ridge_poly5_C0.3,sklearn_regularized,44,5,l2,0.3,0.7145439233430155,0.7152391546162401,0.6666666666666666,0.6551724137931034
ridge_poly5_C1,sklearn_regularized,44,5,l2,1,0.8666940317206165,0.6718576195773082,0.6666666666666666,0.6551724137931034
ridge_poly5_C3,sklearn_regularized,44,5,l2,3,1.050457601686204,0.6507230255839822,0.65,0.6440677966101694
ridge_poly5_C10,sklearn_regularized,44,5,l2,10,1.3995978311636663,0.6351501668520577,0.6166666666666667,0.5964912280701754
ridge_poly5_C30,sklearn_regularized,44,5,l2,30,1.979843779213717,0.6351501668520579,0.6166666666666667,0.5964912280701754
ridge_poly5_C100,sklearn_regularized,44,5,l2,100,2.9677473071629157,0.6301446051167965,0.6,0.5714285714285714
ridge_poly6_C0.01,sklearn_regularized,44,6,l2,0.01,0.5926899214676741,0.7664071190211347,0.6666666666666666,0.6428571428571429
ridge_poly6_C0.03,sklearn_regularized,44,6,l2,0.03,0.5917402330910876,0.7497219132369297,0.6666666666666666,0.6428571428571429
ridge_poly6_C0.1,sklearn_regularized,44,6,l2,0.1,0.6419684476606746,0.7263626251390434,0.6666666666666666,0.6551724137931034
ridge_poly6_C0.3,sklearn_regularized,44,6,l2,0.3,0.7467098951552248,0.7085650723025584,0.6666666666666666,0.6551724137931034
ridge_poly6_C1,sklearn_regularized,44,6,l2,1,0.9105748591153007,0.671857619577308,0.6666666666666666,0.6551724137931034
ridge_poly6_C3,sklearn_regularized,44,6,l2,3,1.115826615856729,0.6596218020022246,0.65,0.631578947368421
ridge_poly6_C10,sklearn_regularized,44,6,l2,10,1.5245338681228233,0.6473859844271411,0.6,0.5714285714285714
ridge_poly6_C30,sklearn_regularized,44,6,l2,30,2.1780606423181155,0.6373748609566185,0.6333333333333333,0.6071428571428571
ridge_poly6_C100,sklearn_regularized,44,6,l2,100,2.9248549450358974,0.6462736373748609,0.6166666666666667,0.5660377358490566
lasso_poly2_C0.01,sklearn_regularized,44,2,l1,0.01,0.6931471805599454,0.5,0.48333333333333334,0.651685393258427
lasso_poly2_C0.03,sklearn_regularized,44,2,l1,0.03,0.6353385113180501,0.7753058954393771,0.7333333333333333,0.7419354838709677
lasso_poly2_C0.1,sklearn_regularized,44,2,l1,0.1,0.5735684904924748,0.7753058954393772,0.7,0.71875
lasso_poly2_C0.3,sklearn_regularized,44,2,l1,0.3,0.5692315961448101,0.7853170189098999,0.6833333333333333,0.6779661016949152
lasso_poly2_C1,sklearn_regularized,44,2,l1,1,0.57677351636595,0.7797552836484982,0.6333333333333333,0.6206896551724138
lasso_poly2_C3,sklearn_regularized,44,2,l1,3,0.5831972317244704,0.7797552836484983,0.6333333333333333,0.6206896551724138
lasso_poly2_C10,sklearn_regularized,44,2,l1,10,0.584944388251031,0.7786429365962181,0.6666666666666666,0.6428571428571429
lasso_poly2_C30,sklearn_regularized,44,2,l1,30,0.5852362465984126,0.7797552836484983,0.6666666666666666,0.6428571428571429
lasso_poly2_C100,sklearn_regularized,44,2,l1,100,0.5853423650131664,0.7797552836484983,0.6666666666666666,0.6428571428571429
lasso_poly3_C0.01,sklearn_regularized,44,3,l1,0.01,0.6931471805599454,0.5,0.48333333333333334,0.651685393258427
lasso_poly3_C0.03,sklearn_regularized,44,3,l1,0.03,0.6353384548875685,0.7753058954393771,0.7333333333333333,0.7419354838709677
lasso_poly3_C0.1,sklearn_regularized,44,3,l1,0.1,0.5755912673048741,0.7730812013348164,0.6833333333333333,0.6984126984126984
lasso_poly3_C0.3,sklearn_regularized,44,3,l1,0.3,0.5925994104590624,0.7675194660734149,0.6666666666666666,0.6551724137931034
lasso_poly3_C1,sklearn_regularized,44,3,l1,1,0.6719211598322307,0.7497219132369298,0.6666666666666666,0.6551724137931034
lasso_poly3_C3,sklearn_regularized,44,3,l1,3,0.7419032705721197,0.7519466073414905,0.7166666666666667,0.6909090909090909
lasso_poly3_C10,sklearn_regularized,44,3,l1,10,0.7936060273403738,0.746384872080089,0.7166666666666667,0.6792452830188679
lasso_poly3_C30,sklearn_regularized,44,3,l1,30,0.8102675949662832,0.7452725250278087,0.7,0.6538461538461539
lasso_poly3_C100,sklearn_regularized,44,3,l1,100,0.8163190012065442,0.743047830923248,0.7,0.6538461538461539
lasso_poly4_C0.01,sklearn_regularized,44,4,l1,0.01,0.6931471805599454,0.5,0.48333333333333334,0.651685393258427
lasso_poly4_C0.03,sklearn_regularized,44,4,l1,0.03,0.6353385931617708,0.7753058954393771,0.7333333333333333,0.7419354838709677
lasso_poly4_C0.1,sklearn_regularized,44,4,l1,0.1,0.5755909864867148,0.7730812013348164,0.6833333333333333,0.6984126984126984
lasso_poly4_C0.3,sklearn_regularized,44,4,l1,0.3,0.5865218078611079,0.7686318131256953,0.6666666666666666,0.6551724137931034
lasso_poly4_C1,sklearn_regularized,44,4,l1,1,0.781716454095439,0.699666295884316,0.6666666666666666,0.6551724137931034
lasso_poly4_C3,sklearn_regularized,44,4,l1,3,1.1908887832350155,0.6429365962180199,0.6166666666666667,0.5964912280701754
lasso_poly4_C10,sklearn_regularized,44,4,l1,10,1.7536842855894554,0.6340378197997776,0.6333333333333333,0.6333333333333333
lasso_poly4_C30,sklearn_regularized,44,4,l1,30,2.0693197641252175,0.6373748609566185,0.6666666666666666,0.6666666666666666
lasso_poly4_C100,sklearn_regularized,44,4,l1,100,2.1706161602516856,0.6373748609566185,0.6666666666666666,0.6666666666666666
lasso_poly5_C0.01,sklearn_regularized,44,5,l1,0.01,0.6931471805599454,0.5,0.48333333333333334,0.651685393258427
lasso_poly5_C0.03,sklearn_regularized,44,5,l1,0.03,0.6353383904711963,0.7753058954393771,0.7333333333333333,0.7419354838709677
lasso_poly5_C0.1,sklearn_regularized,44,5,l1,0.1,0.5755930483045915,0.7730812013348164,0.6833333333333333,0.6984126984126984
lasso_poly5_C0.3,sklearn_regularized,44,5,l1,0.3,0.5813189765795548,0.7697441601779756,0.6666666666666666,0.6551724137931034
lasso_poly5_C1,sklearn_regularized,44,5,l1,1,0.7410239819556128,0.7018909899888764,0.6666666666666666,0.6551724137931034
lasso_poly5_C3,sklearn_regularized,44,5,l1,3,1.1616042953512518,0.64293659621802,0.65,0.6440677966101694
lasso_poly5_C10,sklearn_regularized,44,5,l1,10,1.9301669227293157,0.6340378197997776,0.6166666666666667,0.5964912280701754
lasso_poly5_C30,sklearn_regularized,44,5,l1,30,3.5657428680372325,0.635706340378198,0.6166666666666667,0.5964912280701754
lasso_poly5_C100,sklearn_regularized,44,5,l1,100,4.369585037056516,0.6245828698553948,0.6,0.5714285714285714
lasso_poly6_C0.01,sklearn_regularized,44,6,l1,0.01,0.6931471805599454,0.5,0.48333333333333334,0.651685393258427
lasso_poly6_C0.03,sklearn_regularized,44,6,l1,0.03,0.6353384042544821,0.7753058954393771,0.7333333333333333,0.7419354838709677
lasso_poly6_C0.1,sklearn_regularized,44,6,l1,0.1,0.5755927846285727,0.7730812013348164,0.6833333333333333,0.6984126984126984
lasso_poly6_C0.3,sklearn_regularized,44,6,l1,0.3,0.581336339386358,0.7697441601779756,0.6666666666666666,0.6551724137931034
lasso_poly6_C1,sklearn_regularized,44,6,l1,1,0.7213033747111078,0.7152391546162403,0.6666666666666666,0.6551724137931034
lasso_poly6_C3,sklearn_regularized,44,6,l1,3,1.1278194283868272,0.6763070077864294,0.6666666666666666,0.6428571428571429
lasso_poly6_C10,sklearn_regularized,44,6,l1,10,2.17088967720458,0.6446051167964405,0.6333333333333333,0.6206896551724138
lasso_poly6_C30,sklearn_regularized,44,6,l1,30,3.449984334327325,0.6763070077864294,0.6166666666666667,0.5964912280701754
lasso_poly6_C100,sklearn_regularized,44,6,l1,100,4.619959065282851,0.6451612903225806,0.65,0.6181818181818182
glm_current_simple,statsmodels_glm,45,,none,,0.5681948096392113,0.7786429365962181,0.7333333333333333,0.7241379310344828
glm_best_subset,statsmodels_glm,45,,none,,0.5906655710828376,0.7697441601779755,0.7,0.7096774193548387
glm_full_degree2,statsmodels_glm,45,,none,,0.5852989874091228,0.7675194660734149,0.7166666666666667,0.7301587301587301
ridge_poly1_C0.01,sklearn_regularized,45,1,l2,0.01,0.6411013075047859,0.7808676307007787,0.7166666666666667,0.6666666666666666
ridge_poly1_C0.03,sklearn_regularized,45,1,l2,0.03,0.6126867330794735,0.7808676307007787,0.7333333333333333,0.7241379310344828
ridge_poly1_C0.1,sklearn_regularized,45,1,l2,0.1,0.5942112079843151,0.7808676307007787,0.7166666666666667,0.711864406779661
ridge_poly1_C0.3,sklearn_regularized,45,1,l2,0.3,0.5876054444681481,0.778642936596218,0.7333333333333333,0.7333333333333333
ridge_poly1_C1,sklearn_regularized,45,1,l2,1,0.5851442809994014,0.778642936596218,0.7333333333333333,0.7333333333333333
ridge_poly1_C3,sklearn_regularized,45,1,l2,3,0.5844315165847244,0.778642936596218,0.7333333333333333,0.7333333333333333
ridge_poly1_C10,sklearn_regularized,45,1,l2,10,0.5841812663070743,0.778642936596218,0.7333333333333333,0.7333333333333333
ridge_poly1_C30,sklearn_regularized,45,1,l2,30,0.5841096995075127,0.778642936596218,0.7333333333333333,0.7333333333333333
ridge_poly1_C100,sklearn_regularized,45,1,l2,100,0.5840846444147701,0.778642936596218,0.7333333333333333,0.7333333333333333
ridge_poly2_C0.01,sklearn_regularized,45,2,l2,0.01,0.6266120152633464,0.7619577308120133,0.7333333333333333,0.7037037037037037
ridge_poly2_C0.03,sklearn_regularized,45,2,l2,0.03,0.5920277574853113,0.764182424916574,0.75,0.7540983606557377
ridge_poly2_C0.1,sklearn_regularized,45,2,l2,0.1,0.5724458938128424,0.7719688542825361,0.75,0.7540983606557377
ridge_poly2_C0.3,sklearn_regularized,45,2,l2,0.3,0.5722353761043203,0.7775305895439377,0.7166666666666667,0.7301587301587301
ridge_poly2_C1,sklearn_regularized,45,2,l2,1,0.5786084929738325,0.7719688542825361,0.7166666666666667,0.7301587301587301
ridge_poly2_C3,sklearn_regularized,45,2,l2,3,0.5825902825097182,0.7697441601779755,0.7166666666666667,0.7301587301587301
ridge_poly2_C10,sklearn_regularized,45,2,l2,10,0.5844291801058253,0.7686318131256953,0.7166666666666667,0.7301587301587301
ridge_poly2_C30,sklearn_regularized,45,2,l2,30,0.5850020331021489,0.7675194660734149,0.7166666666666667,0.7301587301587301
ridge_poly2_C100,sklearn_regularized,45,2,l2,100,0.5852084848456566,0.7675194660734149,0.7166666666666667,0.7301587301587301
ridge_poly3_C0.01,sklearn_regularized,45,3,l2,0.01,0.6114569727529765,0.7686318131256952,0.6833333333333333,0.6274509803921569
ridge_poly3_C0.03,sklearn_regularized,45,3,l2,0.03,0.5820790437978979,0.7686318131256952,0.7333333333333333,0.7333333333333333
ridge_poly3_C0.1,sklearn_regularized,45,3,l2,0.1,0.5705991208673906,0.7775305895439376,0.75,0.7540983606557377
ridge_poly3_C0.3,sklearn_regularized,45,3,l2,0.3,0.57342293778253,0.7819799777530589,0.7333333333333333,0.7419354838709677
ridge_poly3_C1,sklearn_regularized,45,3,l2,1,0.5719440033223554,0.7886540600667408,0.75,0.7540983606557377
ridge_poly3_C3,sklearn_regularized,45,3,l2,3,0.5737306495737052,0.7953281423804227,0.7666666666666667,0.7666666666666667
ridge_poly3_C10,sklearn_regularized,45,3,l2,10,0.5789498891605248,0.7875417130144604,0.7666666666666667,0.7586206896551724
ridge_poly3_C30,sklearn_regularized,45,3,l2,30,0.58149418786642,0.7864293659621802,0.7666666666666667,0.7586206896551724
ridge_poly3_C100,sklearn_regularized,45,3,l2,100,0.5825280879303798,0.7842046718576196,0.7666666666666667,0.7586206896551724
ridge_poly4_C0.01,sklearn_regularized,45,4,l2,0.01,0.6036030596203095,0.7808676307007786,0.7166666666666667,0.6666666666666666
ridge_poly4_C0.03,sklearn_regularized,45,4,l2,0.03,0.5799954945731961,0.7775305895439377,0.7666666666666667,0.7586206896551724
ridge_poly4_C0.1,sklearn_regularized,45,4,l2,0.1,0.5753686773620179,0.7775305895439377,0.75,0.7540983606557377
ridge_poly4_C0.3,sklearn_regularized,45,4,l2,0.3,0.5741687532894133,0.7875417130144605,0.75,0.7540983606557377
ridge_poly4_C1,sklearn_regularized,45,4,l2,1,0.5837893724692507,0.7864293659621803,0.75,0.7540983606557377
ridge_poly4_C3,sklearn_regularized,45,4,l2,3,0.6633914410370455,0.7719688542825361,0.7166666666666667,0.711864406779661
ridge_poly4_C10,sklearn_regularized,45,4,l2,10,0.7684443809319811,0.7764182424916575,0.7333333333333333,0.7241379310344828
ridge_poly4_C30,sklearn_regularized,45,4,l2,30,0.8331903256710399,0.7775305895439377,0.7333333333333333,0.7241379310344828
ridge_poly4_C100,sklearn_regularized,45,4,l2,100,0.8706627147813788,0.7753058954393771,0.7333333333333333,0.7241379310344828
ridge_poly5_C0.01,sklearn_regularized,45,5,l2,0.01,0.5990362413302458,0.7808676307007786,0.7166666666666667,0.6666666666666666
ridge_poly5_C0.03,sklearn_regularized,45,5,l2,0.03,0.577286351524061,0.7741935483870968,0.7666666666666667,0.7586206896551724
ridge_poly5_C0.1,sklearn_regularized,45,5,l2,0.1,0.5674956775834897,0.7808676307007787,0.75,0.7540983606557377
ridge_poly5_C0.3,sklearn_regularized,45,5,l2,0.3,0.5394684134681342,0.8086763070077865,0.75,0.7540983606557377
ridge_poly5_C1,sklearn_regularized,45,5,l2,1,0.5450720550244664,0.8031145717463848,0.75,0.7457627118644068
ridge_poly5_C3,sklearn_regularized,45,5,l2,3,0.7031803370152904,0.7964404894327031,0.75,0.7368421052631579
ridge_poly5_C10,sklearn_regularized,45,5,l2,10,0.9890141750548798,0.7864293659621802,0.7333333333333333,0.7142857142857143
ridge_poly5_C30,sklearn_regularized,45,5,l2,30,1.065458624471294,0.7769744160177976,0.7166666666666667,0.7017543859649122
ridge_poly5_C100,sklearn_regularized,45,5,l2,100,1.163861454994497,0.7614015572858732,0.7333333333333333,0.7241379310344828
ridge_poly6_C0.01,sklearn_regularized,45,6,l2,0.01,0.5989374247474062,0.7753058954393771,0.6833333333333333,0.6274509803921569
ridge_poly6_C0.03,sklearn_regularized,45,6,l2,0.03,0.5820927170589733,0.7686318131256953,0.7666666666666667,0.7586206896551724
ridge_poly6_C0.1,sklearn_regularized,45,6,l2,0.1,0.576605762176148,0.7808676307007786,0.7666666666666667,0.7666666666666667
ridge_poly6_C0.3,sklearn_regularized,45,6,l2,0.3,0.5581059440668732,0.7942157953281423,0.7833333333333333,0.7868852459016393
ridge_poly6_C1,sklearn_regularized,45,6,l2,1,0.5820044046359969,0.796440489432703,0.7833333333333333,0.7796610169491526
ridge_poly6_C3,sklearn_regularized,45,6,l2,3,0.7374531576498937,0.7664071190211347,0.7,0.6785714285714286
ridge_poly6_C10,sklearn_regularized,45,6,l2,10,1.1697314897523972,0.7352614015572859,0.7,0.6785714285714286
ridge_poly6_C30,sklearn_regularized,45,6,l2,30,1.5851775751178272,0.7196885428253615,0.7166666666666667,0.711864406779661
ridge_poly6_C100,sklearn_regularized,45,6,l2,100,1.913273803863325,0.7096774193548386,0.7,0.7096774193548387
lasso_poly2_C0.01,sklearn_regularized,45,2,l1,0.01,0.6931471805599454,0.5,0.48333333333333334,0.651685393258427
lasso_poly2_C0.03,sklearn_regularized,45,2,l1,0.03,0.6595958082727679,0.7030033370411568,0.65,0.6440677966101694
lasso_poly2_C0.1,sklearn_regularized,45,2,l1,0.1,0.5803361743155587,0.7675194660734149,0.7166666666666667,0.7213114754098361
lasso_poly2_C0.3,sklearn_regularized,45,2,l1,0.3,0.5669589912619337,0.778642936596218,0.7166666666666667,0.7301587301587301
lasso_poly2_C1,sklearn_regularized,45,2,l1,1,0.576452451713589,0.7664071190211346,0.7166666666666667,0.7301587301587301
lasso_poly2_C3,sklearn_regularized,45,2,l1,3,0.5818465934858218,0.7719688542825361,0.7166666666666667,0.7301587301587301
lasso_poly2_C10,sklearn_regularized,45,2,l1,10,0.5842012876534789,0.7697441601779755,0.7166666666666667,0.7301587301587301
lasso_poly2_C30,sklearn_regularized,45,2,l1,30,0.5849242654516166,0.7675194660734149,0.7166666666666667,0.7301587301587301
lasso_poly2_C100,sklearn_regularized,45,2,l1,100,0.5851827274925172,0.7675194660734149,0.7166666666666667,0.7301587301587301
lasso_poly3_C0.01,sklearn_regularized,45,3,l1,0.01,0.6931471805599454,0.5,0.48333333333333334,0.651685393258427
lasso_poly3_C0.03,sklearn_regularized,45,3,l1,0.03,0.6595964557602748,0.7030033370411568,0.65,0.6440677966101694
lasso_poly3_C0.1,sklearn_regularized,45,3,l1,0.1,0.5803390688762095,0.7675194660734149,0.7166666666666667,0.7213114754098361
lasso_poly3_C0.3,sklearn_regularized,45,3,l1,0.3,0.5669671395708573,0.7830923248053393,0.7166666666666667,0.7301587301587301
lasso_poly3_C1,sklearn_regularized,45,3,l1,1,0.5922721077707406,0.7675194660734149,0.7333333333333333,0.7419354838709677
lasso_poly3_C3,sklearn_regularized,45,3,l1,3,0.5775041432070175,0.7842046718576196,0.75,0.7540983606557377
lasso_poly3_C10,sklearn_regularized,45,3,l1,10,0.5775838808304268,0.7919911012235817,0.7666666666666667,0.7666666666666667
lasso_poly3_C30,sklearn_regularized,45,3,l1,30,0.5809658961254996,0.7875417130144604,0.7666666666666667,0.7586206896551724
lasso_poly3_C100,sklearn_regularized,45,3,l1,100,0.5825305197333347,0.7864293659621802,0.7666666666666667,0.7586206896551724
lasso_poly4_C0.01,sklearn_regularized,45,4,l1,0.01,0.6931471805599454,0.5,0.48333333333333334,0.651685393258427
lasso_poly4_C0.03,sklearn_regularized,45,4,l1,0.03,0.6595956544205369,0.7030033370411568,0.65,0.6440677966101694
lasso_poly4_C0.1,sklearn_regularized,45,4,l1,0.1,0.5794199322458272,0.7719688542825363,0.75,0.7457627118644068
lasso_poly4_C0.3,sklearn_regularized,45,4,l1,0.3,0.5604164800938585,0.7886540600667409,0.7333333333333333,0.7333333333333333
lasso_poly4_C1,sklearn_regularized,45,4,l1,1,0.5640060464807547,0.7797552836484984,0.7666666666666667,0.7586206896551724
lasso_poly4_C3,sklearn_regularized,45,4,l1,3,0.5917818560259247,0.7864293659621803,0.75,0.7540983606557377
lasso_poly4_C10,sklearn_regularized,45,4,l1,10,0.7560736857885774,0.7775305895439377,0.7166666666666667,0.711864406779661
lasso_poly4_C30,sklearn_regularized,45,4,l1,30,0.8430590138802223,0.7764182424916575,0.7333333333333333,0.7241379310344828
lasso_poly4_C100,sklearn_regularized,45,4,l1,100,0.8779104698853739,0.7753058954393771,0.7333333333333333,0.7241379310344828
lasso_poly5_C0.01,sklearn_regularized,45,5,l1,0.01,0.6931471805599454,0.5,0.48333333333333334,0.651685393258427
lasso_poly5_C0.03,sklearn_regularized,45,5,l1,0.03,0.6595955944557459,0.7030033370411568,0.65,0.6440677966101694
lasso_poly5_C0.1,sklearn_regularized,45,5,l1,0.1,0.5794158857286019,0.7719688542825363,0.75,0.7457627118644068
lasso_poly5_C0.3,sklearn_regularized,45,5,l1,0.3,0.5604087388426373,0.7886540600667409,0.7333333333333333,0.7333333333333333
lasso_poly5_C1,sklearn_regularized,45,5,l1,1,0.5502424071464713,0.8031145717463849,0.75,0.7457627118644068
lasso_poly5_C3,sklearn_regularized,45,5,l1,3,0.7090966936262616,0.8064516129032258,0.7666666666666667,0.7586206896551724
lasso_poly5_C10,sklearn_regularized,45,5,l1,10,1.0256777918586288,0.7814238042269188,0.7166666666666667,0.7017543859649122
lasso_poly5_C30,sklearn_regularized,45,5,l1,30,1.2061074445211895,0.7491657397107898,0.7,0.6896551724137931
lasso_poly5_C100,sklearn_regularized,45,5,l1,100,1.329562009058663,0.7402669632925473,0.7166666666666667,0.711864406779661
lasso_poly6_C0.01,sklearn_regularized,45,6,l1,0.01,0.6931471805599454,0.5,0.48333333333333334,0.651685393258427
lasso_poly6_C0.03,sklearn_regularized,45,6,l1,0.03,0.6595963791669817,0.7030033370411568,0.65,0.6440677966101694
lasso_poly6_C0.1,sklearn_regularized,45,6,l1,0.1,0.5794205883303771,0.7719688542825363,0.75,0.7457627118644068
lasso_poly6_C0.3,sklearn_regularized,45,6,l1,0.3,0.560392972585454,0.7886540600667409,0.7333333333333333,0.7333333333333333
lasso_poly6_C1,sklearn_regularized,45,6,l1,1,0.5556001533726529,0.7908787541713015,0.7666666666666667,0.7586206896551724
lasso_poly6_C3,sklearn_regularized,45,6,l1,3,0.7584918551822167,0.7886540600667409,0.75,0.7457627118644068
lasso_poly6_C10,sklearn_regularized,45,6,l1,10,1.4425775272322003,0.7480533926585095,0.7166666666666667,0.7017543859649122
lasso_poly6_C30,sklearn_regularized,45,6,l1,30,2.330175202430097,0.6946607341490545,0.7,0.7
lasso_poly6_C100,sklearn_regularized,45,6,l1,100,2.9924183983057806,0.7091212458286985,0.6833333333333333,0.6779661016949152
glm_current_simple,statsmodels_glm,46,,none,,0.6033619168492168,0.7399553571428571,0.6333333333333333,0.6071428571428571
glm_best_subset,statsmodels_glm,46,,none,,0.6441184163262023,0.7354910714285714,0.6666666666666666,0.6666666666666666
glm_full_degree2,statsmodels_glm,46,,none,,0.647799586685258,0.7377232142857142,0.6666666666666666,0.6666666666666666
ridge_poly1_C0.01,sklearn_regularized,46,1,l2,0.01,0.6764387170417562,0.6194196428571429,0.5333333333333333,0.4166666666666667
ridge_poly1_C0.03,sklearn_regularized,46,1,l2,0.03,0.6754129459876899,0.6183035714285714,0.55,0.47058823529411764
ridge_poly1_C0.1,sklearn_regularized,46,1,l2,0.1,0.682306723539542,0.6227678571428572,0.55,0.47058823529411764
ridge_poly1_C0.3,sklearn_regularized,46,1,l2,0.3,0.6886270451127244,0.6205357142857142,0.55,0.47058823529411764
ridge_poly1_C1,sklearn_regularized,46,1,l2,1,0.6921001378194842,0.6205357142857142,0.55,0.47058823529411764
ridge_poly1_C3,sklearn_regularized,46,1,l2,3,0.693278923151615,0.6205357142857142,0.55,0.47058823529411764
ridge_poly1_C10,sklearn_regularized,46,1,l2,10,0.6937145280728133,0.6205357142857142,0.55,0.47058823529411764
ridge_poly1_C30,sklearn_regularized,46,1,l2,30,0.6938412816224625,0.6205357142857142,0.55,0.47058823529411764
ridge_poly1_C100,sklearn_regularized,46,1,l2,100,0.6938858899495535,0.6205357142857142,0.55,0.47058823529411764
ridge_poly2_C0.01,sklearn_regularized,46,2,l2,0.01,0.6244108480089613,0.7410714285714285,0.6666666666666666,0.6296296296296297
ridge_poly2_C0.03,sklearn_regularized,46,2,l2,0.03,0.5989621471182299,0.7433035714285714,0.6833333333333333,0.6666666666666666
ridge_poly2_C0.1,sklearn_regularized,46,2,l2,0.1,0.598498772866744,0.7410714285714286,0.65,0.6440677966101694
ridge_poly2_C0.3,sklearn_regularized,46,2,l2,0.3,0.6157012544126613,0.7399553571428571,0.65,0.6440677966101694
ridge_poly2_C1,sklearn_regularized,46,2,l2,1,0.6337910522451254,0.7377232142857142,0.65,0.6440677966101694
ridge_poly2_C3,sklearn_regularized,46,2,l2,3,0.6424128119857673,0.7377232142857143,0.6666666666666666,0.6666666666666666
ridge_poly2_C10,sklearn_regularized,46,2,l2,10,0.6460804535085898,0.7399553571428571,0.6666666666666666,0.6666666666666666
ridge_poly2_C30,sklearn_regularized,46,2,l2,30,0.6472059538357869,0.7399553571428571,0.6666666666666666,0.6666666666666666
ridge_poly2_C100,sklearn_regularized,46,2,l2,100,0.6476087384453868,0.7388392857142857,0.6666666666666666,0.6666666666666666
ridge_poly3_C0.01,sklearn_regularized,46,3,l2,0.01,0.6228967077751312,0.7410714285714286,0.6666666666666666,0.6153846153846154
ridge_poly3_C0.03,sklearn_regularized,46,3,l2,0.03,0.6038820577459667,0.7388392857142857,0.7,0.6785714285714286
ridge_poly3_C0.1,sklearn_regularized,46,3,l2,0.1,0.61347003594843,0.7299107142857143,0.6666666666666666,0.6428571428571429
ridge_poly3_C0.3,sklearn_regularized,46,3,l2,0.3,0.6407514528932693,0.7276785714285714,0.6833333333333333,0.6666666666666666
ridge_poly3_C1,sklearn_regularized,46,3,l2,1,0.6722387871048474,0.7232142857142858,0.6666666666666666,0.6428571428571429
ridge_poly3_C3,sklearn_regularized,46,3,l2,3,0.6924022065661147,0.71875,0.6666666666666666,0.6428571428571429
ridge_poly3_C10,sklearn_regularized,46,3,l2,10,0.7027350435717595,0.7176339285714286,0.6666666666666666,0.6428571428571429
ridge_poly3_C30,sklearn_regularized,46,3,l2,30,0.7062122716442948,0.71875,0.6666666666666666,0.6428571428571429
ridge_poly3_C100,sklearn_regularized,46,3,l2,100,0.7074945221710045,0.7176339285714286,0.6666666666666666,0.6428571428571429
ridge_poly4_C0.01,sklearn_regularized,46,4,l2,0.01,0.603654121460402,0.7511160714285714,0.6666666666666666,0.6153846153846154
ridge_poly4_C0.03,sklearn_regularized,46,4,l2,0.03,0.589514548764382,0.7455357142857142,0.6833333333333333,0.6545454545454545
ridge_poly4_C0.1,sklearn_regularized,46,4,l2,0.1,0.6007729734534031,0.7488839285714285,0.6833333333333333,0.6666666666666666
ridge_poly4_C0.3,sklearn_regularized,46,4,l2,0.3,0.6234745680560253,0.7522321428571428,0.7,0.6896551724137931
ridge_poly4_C1,sklearn_regularized,46,4,l2,1,0.6502536247461069,0.7488839285714286,0.7166666666666667,0.711864406779661
ridge_poly4_C3,sklearn_regularized,46,4,l2,3,0.6783886124760151,0.7533482142857143,0.7166666666666667,0.711864406779661
ridge_poly4_C10,sklearn_regularized,46,4,l2,10,0.7198346317214703,0.7566964285714286,0.7,0.6896551724137931
ridge_poly4_C30,sklearn_regularized,46,4,l2,30,0.765576323879408,0.7555803571428571,0.7,0.6896551724137931
ridge_poly4_C100,sklearn_regularized,46,4,l2,100,0.7991126606502371,0.7466517857142857,0.7,0.6896551724137931
ridge_poly5_C0.01,sklearn_regularized,46,5,l2,0.01,0.606150035437405,0.75,0.6666666666666666,0.6153846153846154
ridge_poly5_C0.03,sklearn_regularized,46,5,l2,0.03,0.5942806897979087,0.7410714285714286,0.6833333333333333,0.6545454545454545
ridge_poly5_C0.1,sklearn_regularized,46,5,l2,0.1,0.6075147845815417,0.7444196428571428,0.6833333333333333,0.6666666666666666
ridge_poly5_C0.3,sklearn_regularized,46,5,l2,0.3,0.6311514576134116,0.7366071428571428,0.6666666666666666,0.6428571428571429
ridge_poly5_C1,sklearn_regularized,46,5,l2,1,0.6519859656729613,0.7332589285714286,0.6833333333333333,0.6666666666666666
ridge_poly5_C3,sklearn_regularized,46,5,l2,3,0.6632089556832109,0.7321428571428571,0.6833333333333333,0.6545454545454545
ridge_poly5_C10,sklearn_regularized,46,5,l2,10,0.7057944130483076,0.7299107142857143,0.6833333333333333,0.6545454545454545
ridge_poly5_C30,sklearn_regularized,46,5,l2,30,0.803015913175448,0.7299107142857143,0.6833333333333333,0.6545454545454545
ridge_poly5_C100,sklearn_regularized,46,5,l2,100,1.5051841774246528,0.6808035714285714,0.7166666666666667,0.6792452830188679
ridge_poly6_C0.01,sklearn_regularized,46,6,l2,0.01,0.6011408497734966,0.7444196428571429,0.65,0.5882352941176471
ridge_poly6_C0.03,sklearn_regularized,46,6,l2,0.03,0.5920516266917121,0.7444196428571429,0.6666666666666666,0.6428571428571429
ridge_poly6_C0.1,sklearn_regularized,46,6,l2,0.1,0.6088973427591918,0.7466517857142857,0.6666666666666666,0.6428571428571429
ridge_poly6_C0.3,sklearn_regularized,46,6,l2,0.3,0.6399921267301604,0.7299107142857143,0.6666666666666666,0.6428571428571429
ridge_poly6_C1,sklearn_regularized,46,6,l2,1,0.6795258890638394,0.7254464285714286,0.6833333333333333,0.6666666666666666
ridge_poly6_C3,sklearn_regularized,46,6,l2,3,0.7325898438062352,0.7243303571428572,0.6666666666666666,0.6428571428571429
ridge_poly6_C10,sklearn_regularized,46,6,l2,10,0.8482076644916622,0.7209821428571428,0.6666666666666666,0.6428571428571429
ridge_poly6_C30,sklearn_regularized,46,6,l2,30,1.0524129588425852,0.7265624999999999,0.6666666666666666,0.6428571428571429
ridge_poly6_C100,sklearn_regularized,46,6,l2,100,1.5793191206263006,0.6908482142857143,0.6833333333333333,0.6415094339622641
lasso_poly2_C0.01,sklearn_regularized,46,2,l1,0.01,0.6931471805599454,0.5,0.4666666666666667,0.6363636363636364
lasso_poly2_C0.03,sklearn_regularized,46,2,l1,0.03,0.6459032992835454,0.7265625,0.6333333333333333,0.6071428571428571
lasso_poly2_C0.1,sklearn_regularized,46,2,l1,0.1,0.6065680945410528,0.7265625,0.6333333333333333,0.6071428571428571
lasso_poly2_C0.3,sklearn_regularized,46,2,l1,0.3,0.6173408527171431,0.7354910714285714,0.6333333333333333,0.6206896551724138
lasso_poly2_C1,sklearn_regularized,46,2,l1,1,0.6335889746090504,0.7388392857142857,0.65,0.6440677966101694
lasso_poly2_C3,sklearn_regularized,46,2,l1,3,0.6423166258943321,0.7354910714285714,0.65,0.6440677966101694
lasso_poly2_C10,sklearn_regularized,46,2,l1,10,0.6460603273194917,0.7354910714285713,0.6666666666666666,0.6666666666666666
lasso_poly2_C30,sklearn_regularized,46,2,l1,30,0.6472031705292138,0.7388392857142857,0.6666666666666666,0.6666666666666666
lasso_poly2_C100,sklearn_regularized,46,2,l1,100,0.64761136976223,0.7377232142857142,0.6666666666666666,0.6666666666666666
lasso_poly3_C0.01,sklearn_regularized,46,3,l1,0.01,0.6931471805599454,0.5,0.4666666666666667,0.6363636363636364
lasso_poly3_C0.03,sklearn_regularized,46,3,l1,0.03,0.6459028255275403,0.7265625,0.6333333333333333,0.6071428571428571
lasso_poly3_C0.1,sklearn_regularized,46,3,l1,0.1,0.6065678461862809,0.7265625,0.6333333333333333,0.6071428571428571
lasso_poly3_C0.3,sklearn_regularized,46,3,l1,0.3,0.6201902378957302,0.734375,0.6833333333333333,0.6666666666666666
lasso_poly3_C1,sklearn_regularized,46,3,l1,1,0.6646495577278023,0.7198660714285714,0.6666666666666666,0.6428571428571429
lasso_poly3_C3,sklearn_regularized,46,3,l1,3,0.6896180010304176,0.7176339285714286,0.6666666666666666,0.6428571428571429
lasso_poly3_C10,sklearn_regularized,46,3,l1,10,0.7024129554206006,0.71875,0.6666666666666666,0.6428571428571429
lasso_poly3_C30,sklearn_regularized,46,3,l1,30,0.7064683767032125,0.7176339285714286,0.6666666666666666,0.6428571428571429
lasso_poly3_C100,sklearn_regularized,46,3,l1,100,0.7079501196577048,0.7176339285714286,0.6666666666666666,0.6428571428571429
lasso_poly4_C0.01,sklearn_regularized,46,4,l1,0.01,0.6931471805599454,0.5,0.4666666666666667,0.6363636363636364
lasso_poly4_C0.03,sklearn_regularized,46,4,l1,0.03,0.6459027089444228,0.7265625,0.6333333333333333,0.6071428571428571
lasso_poly4_C0.1,sklearn_regularized,46,4,l1,0.1,0.6064484363308452,0.7265625,0.6333333333333333,0.6071428571428571
lasso_poly4_C0.3,sklearn_regularized,46,4,l1,0.3,0.6187236200669121,0.734375,0.6666666666666666,0.6428571428571429
lasso_poly4_C1,sklearn_regularized,46,4,l1,1,0.6428054190070729,0.7433035714285714,0.7166666666666667,0.711864406779661
lasso_poly4_C3,sklearn_regularized,46,4,l1,3,0.6853231150659717,0.7544642857142856,0.7166666666666667,0.711864406779661
lasso_poly4_C10,sklearn_regularized,46,4,l1,10,0.7468332335827842,0.7522321428571428,0.7,0.6896551724137931
lasso_poly4_C30,sklearn_regularized,46,4,l1,30,0.7904716993748117,0.7455357142857143,0.7,0.6896551724137931
lasso_poly4_C100,sklearn_regularized,46,4,l1,100,0.8124807594585245,0.7399553571428571,0.7,0.6896551724137931
lasso_poly5_C0.01,sklearn_regularized,46,5,l1,0.01,0.6931471805599454,0.5,0.4666666666666667,0.6363636363636364
lasso_poly5_C0.03,sklearn_regularized,46,5,l1,0.03,0.6459026370927515,0.7265625,0.6333333333333333,0.6071428571428571
lasso_poly5_C0.1,sklearn_regularized,46,5,l1,0.1,0.6062958009318485,0.7265625,0.6333333333333333,0.6071428571428571
lasso_poly5_C0.3,sklearn_regularized,46,5,l1,0.3,0.6197989187009391,0.734375,0.6833333333333333,0.6666666666666666
lasso_poly5_C1,sklearn_regularized,46,5,l1,1,0.6423464098926901,0.7466517857142857,0.7166666666666667,0.711864406779661
lasso_poly5_C3,sklearn_regularized,46,5,l1,3,0.6828172160858623,0.7366071428571428,0.65,0.6037735849056604
lasso_poly5_C10,sklearn_regularized,46,5,l1,10,0.8536025475882619,0.7354910714285714,0.7,0.6785714285714286
lasso_poly5_C30,sklearn_regularized,46,5,l1,30,1.750877018873422,0.6607142857142857,0.6666666666666666,0.6153846153846154
lasso_poly5_C100,sklearn_regularized,46,5,l1,100,3.0390641035505435,0.5775669642857143,0.55,0.49056603773584906
lasso_poly6_C0.01,sklearn_regularized,46,6,l1,0.01,0.6931471805599454,0.5,0.4666666666666667,0.6363636363636364
lasso_poly6_C0.03,sklearn_regularized,46,6,l1,0.03,0.6459026257700574,0.7265625,0.6333333333333333,0.6071428571428571
lasso_poly6_C0.1,sklearn_regularized,46,6,l1,0.1,0.6062960125308244,0.7265625,0.6333333333333333,0.6071428571428571
lasso_poly6_C0.3,sklearn_regularized,46,6,l1,0.3,0.6197770542783779,0.7354910714285714,0.6833333333333333,0.6666666666666666
lasso_poly6_C1,sklearn_regularized,46,6,l1,1,0.6445671469351267,0.7388392857142857,0.7333333333333333,0.7241379310344828
lasso_poly6_C3,sklearn_regularized,46,6,l1,3,0.7295043072287082,0.7176339285714286,0.65,0.6181818181818182
lasso_poly6_C10,sklearn_regularized,46,6,l1,10,1.03398925549053,0.7232142857142857,0.7,0.6666666666666666
lasso_poly6_C30,sklearn_regularized,46,6,l1,30,2.622392502022747,0.6450892857142858,0.6333333333333333,0.5925925925925926
lasso_poly6_C100,sklearn_regularized,46,6,l1,100,3.882275840094665,0.6607142857142858,0.6333333333333333,0.5769230769230769
glm_current_simple,statsmodels_glm,47,,none,,0.5383338015208154,0.7946428571428571,0.6833333333333333,0.6545454545454545
glm_best_subset,statsmodels_glm,47,,none,,0.5338048705945869,0.8035714285714286,0.65,0.631578947368421
glm_full_degree2,statsmodels_glm,47,,none,,0.5332330298798788,0.796875,0.6833333333333333,0.6415094339622641
ridge_poly1_C0.01,sklearn_regularized,47,1,l2,0.01,0.6624663407765197,0.6517857142857143,0.6,0.5
ridge_poly1_C0.03,sklearn_regularized,47,1,l2,0.03,0.6532324988863089,0.6506696428571429,0.5833333333333334,0.5098039215686274
ridge_poly1_C0.1,sklearn_regularized,47,1,l2,0.1,0.6538314470999826,0.6506696428571429,0.5666666666666667,0.5
ridge_poly1_C0.3,sklearn_regularized,47,1,l2,0.3,0.6572733144730794,0.6484375,0.55,0.49056603773584906
ridge_poly1_C1,sklearn_regularized,47,1,l2,1,0.6593821182667181,0.6484375,0.55,0.49056603773584906
ridge_poly1_C3,sklearn_regularized,47,1,l2,3,0.6601274097987827,0.6484375,0.55,0.49056603773584906
ridge_poly1_C10,sklearn_regularized,47,1,l2,10,0.6604061524905255,0.6484375,0.55,0.49056603773584906
ridge_poly1_C30,sklearn_regularized,47,1,l2,30,0.6604875847108055,0.6473214285714286,0.55,0.49056603773584906
ridge_poly1_C100,sklearn_regularized,47,1,l2,100,0.6605162771389701,0.6473214285714286,0.55,0.49056603773584906
ridge_poly2_C0.01,sklearn_regularized,47,2,l2,0.01,0.6146488088248803,0.7857142857142857,0.7,0.625
ridge_poly2_C0.03,sklearn_regularized,47,2,l2,0.03,0.5743956607122496,0.7879464285714286,0.6666666666666666,0.6153846153846154
ridge_poly2_C0.1,sklearn_regularized,47,2,l2,0.1,0.5474567321830224,0.7924107142857142,0.6833333333333333,0.6415094339622641
ridge_poly2_C0.3,sklearn_regularized,47,2,l2,0.3,0.5377933839951398,0.7912946428571429,0.6833333333333333,0.6415094339622641
ridge_poly2_C1,sklearn_regularized,47,2,l2,1,0.5344835156649008,0.7935267857142857,0.6833333333333333,0.6415094339622641
ridge_poly2_C3,sklearn_regularized,47,2,l2,3,0.5336621393333487,0.796875,0.6833333333333333,0.6415094339622641
ridge_poly2_C10,sklearn_regularized,47,2,l2,10,0.5333957297438888,0.796875,0.6833333333333333,0.6415094339622641
ridge_poly2_C30,sklearn_regularized,47,2,l2,30,0.53332207210187,0.796875,0.6833333333333333,0.6415094339622641
ridge_poly2_C100,sklearn_regularized,47,2,l2,100,0.5332965692260744,0.796875,0.6833333333333333,0.6415094339622641
ridge_poly3_C0.01,sklearn_regularized,47,3,l2,0.01,0.606329733352336,0.7823660714285714,0.6666666666666666,0.6
ridge_poly3_C0.03,sklearn_regularized,47,3,l2,0.03,0.5680872370303125,0.7857142857142858,0.6666666666666666,0.6153846153846154
ridge_poly3_C0.1,sklearn_regularized,47,3,l2,0.1,0.5456106119851244,0.7890625,0.6833333333333333,0.6545454545454545
ridge_poly3_C0.3,sklearn_regularized,47,3,l2,0.3,0.5444729164060278,0.7901785714285714,0.6833333333333333,0.6545454545454545
ridge_poly3_C1,sklearn_regularized,47,3,l2,1,0.5527986675556472,0.7845982142857143,0.6833333333333333,0.6545454545454545
ridge_poly3_C3,sklearn_regularized,47,3,l2,3,0.5592053995739218,0.7801339285714286,0.6833333333333333,0.6545454545454545
ridge_poly3_C10,sklearn_regularized,47,3,l2,10,0.5624254669623087,0.7779017857142857,0.6833333333333333,0.6545454545454545
ridge_poly3_C30,sklearn_regularized,47,3,l2,30,0.5635137924688979,0.7779017857142857,0.6833333333333333,0.6545454545454545
ridge_poly3_C100,sklearn_regularized,47,3,l2,100,0.5639151506703948,0.7779017857142857,0.6833333333333333,0.6545454545454545
ridge_poly4_C0.01,sklearn_regularized,47,4,l2,0.01,0.5891688310321032,0.8013392857142857,0.6833333333333333,0.6122448979591837
ridge_poly4_C0.03,sklearn_regularized,47,4,l2,0.03,0.5548633530595395,0.7991071428571428,0.7,0.6538461538461539
ridge_poly4_C0.1,sklearn_regularized,47,4,l2,0.1,0.5324034043441613,0.8024553571428572,0.6833333333333333,0.6415094339622641
ridge_poly4_C0.3,sklearn_regularized,47,4,l2,0.3,0.5192754635119609,0.8080357142857142,0.6666666666666666,0.6296296296296297
ridge_poly4_C1,sklearn_regularized,47,4,l2,1,0.5226529956840624,0.8035714285714285,0.7,0.6666666666666666
ridge_poly4_C3,sklearn_regularized,47,4,l2,3,0.5740975290074257,0.7935267857142856,0.6833333333333333,0.6666666666666666
ridge_poly4_C10,sklearn_regularized,47,4,l2,10,0.6228773000496065,0.7935267857142858,0.6833333333333333,0.6666666666666666
ridge_poly4_C30,sklearn_regularized,47,4,l2,30,0.6507887150200208,0.7935267857142857,0.6666666666666666,0.6551724137931034
ridge_poly4_C100,sklearn_regularized,47,4,l2,100,0.6652688047490974,0.7912946428571429,0.6666666666666666,0.6666666666666666
ridge_poly5_C0.01,sklearn_regularized,47,5,l2,0.01,0.5903981683628328,0.8024553571428572,0.6833333333333333,0.6122448979591837
ridge_poly5_C0.03,sklearn_regularized,47,5,l2,0.03,0.5575270928797246,0.8002232142857142,0.7,0.6538461538461539
ridge_poly5_C0.1,sklearn_regularized,47,5,l2,0.1,0.5362043712654357,0.7946428571428571,0.6833333333333333,0.6415094339622641
ridge_poly5_C0.3,sklearn_regularized,47,5,l2,0.3,0.5286979534486045,0.7935267857142857,0.6833333333333333,0.6415094339622641
ridge_poly5_C1,sklearn_regularized,47,5,l2,1,0.6350554430909318,0.7477678571428571,0.6666666666666666,0.6296296296296297
ridge_poly5_C3,sklearn_regularized,47,5,l2,3,0.8348980459280144,0.7566964285714286,0.6833333333333333,0.6545454545454545
ridge_poly5_C10,sklearn_regularized,47,5,l2,10,1.02333062918682,0.7611607142857143,0.6833333333333333,0.6545454545454545
ridge_poly5_C30,sklearn_regularized,47,5,l2,30,1.0327055415490587,0.7689732142857143,0.7166666666666667,0.711864406779661
ridge_poly5_C100,sklearn_regularized,47,5,l2,100,0.9719954536116998,0.7589285714285715,0.6833333333333333,0.6984126984126984
ridge_poly6_C0.01,sklearn_regularized,47,6,l2,0.01,0.5872323140113459,0.8013392857142857,0.6833333333333333,0.6122448979591837
ridge_poly6_C0.03,sklearn_regularized,47,6,l2,0.03,0.5561649568917856,0.7879464285714286,0.7,0.6538461538461539
ridge_poly6_C0.1,sklearn_regularized,47,6,l2,0.1,0.5346958677717579,0.7890625,0.6833333333333333,0.6415094339622641
ridge_poly6_C0.3,sklearn_regularized,47,6,l2,0.3,0.5313548569554712,0.7901785714285714,0.6833333333333333,0.6415094339622641
ridge_poly6_C1,sklearn_regularized,47,6,l2,1,0.6567884382931548,0.7466517857142857,0.65,0.6181818181818182
ridge_poly6_C3,sklearn_regularized,47,6,l2,3,0.8108012115588221,0.75,0.65,0.631578947368421
ridge_poly6_C10,sklearn_regularized,47,6,l2,10,0.9475203790763677,0.7254464285714286,0.65,0.631578947368421
ridge_poly6_C30,sklearn_regularized,47,6,l2,30,1.0889502970536793,0.7488839285714286,0.6666666666666666,0.6551724137931034
ridge_poly6_C100,sklearn_regularized,47,6,l2,100,1.1486085706219948,0.7550223214285715,0.7,0.7
lasso_poly2_C0.01,sklearn_regularized,47,2,l1,0.01,0.6931471805599454,0.5,0.4666666666666667,0.6363636363636364
lasso_poly2_C0.03,sklearn_regularized,47,2,l1,0.03,0.6403621936837302,0.8002232142857143,0.7,0.6785714285714286
lasso_poly2_C0.1,sklearn_regularized,47,2,l1,0.1,0.553360452572143,0.8002232142857143,0.7,0.6785714285714286
lasso_poly2_C0.3,sklearn_regularized,47,2,l1,0.3,0.540862566307744,0.7957589285714286,0.7166666666666667,0.6909090909090909
lasso_poly2_C1,sklearn_regularized,47,2,l1,1,0.5345725701059181,0.7935267857142858,0.7,0.6666666666666666
lasso_poly2_C3,sklearn_regularized,47,2,l1,3,0.5335553057629229,0.7957589285714285,0.6833333333333333,0.6415094339622641
lasso_poly2_C10,sklearn_regularized,47,2,l1,10,0.5333162600099236,0.7957589285714285,0.6833333333333333,0.6415094339622641
lasso_poly2_C30,sklearn_regularized,47,2,l1,30,0.5332604869485281,0.796875,0.6833333333333333,0.6415094339622641
lasso_poly2_C100,sklearn_regularized,47,2,l1,100,0.5332423411037238,0.796875,0.6833333333333333,0.6415094339622641
lasso_poly3_C0.01,sklearn_regularized,47,3,l1,0.01,0.6931471805599454,0.5,0.4666666666666667,0.6363636363636364
lasso_poly3_C0.03,sklearn_regularized,47,3,l1,0.03,0.6403620511509802,0.8002232142857143,0.7,0.6785714285714286
lasso_poly3_C0.1,sklearn_regularized,47,3,l1,0.1,0.5533604536999014,0.8002232142857143,0.7,0.6785714285714286
lasso_poly3_C0.3,sklearn_regularized,47,3,l1,0.3,0.5361270346757885,0.8013392857142857,0.7166666666666667,0.6909090909090909
lasso_poly3_C1,sklearn_regularized,47,3,l1,1,0.5490003591224721,0.7834821428571428,0.6833333333333333,0.6545454545454545
lasso_poly3_C3,sklearn_regularized,47,3,l1,3,0.5563998386327281,0.7790178571428571,0.6833333333333333,0.6545454545454545
lasso_poly3_C10,sklearn_regularized,47,3,l1,10,0.5612592384387958,0.7790178571428572,0.6833333333333333,0.6545454545454545
lasso_poly3_C30,sklearn_regularized,47,3,l1,30,0.5631620893772202,0.7790178571428572,0.6833333333333333,0.6545454545454545
lasso_poly3_C100,sklearn_regularized,47,3,l1,100,0.563859868863,0.7790178571428571,0.6833333333333333,0.6545454545454545
lasso_poly4_C0.01,sklearn_regularized,47,4,l1,0.01,0.6931471805599454,0.5,0.4666666666666667,0.6363636363636364
lasso_poly4_C0.03,sklearn_regularized,47,4,l1,0.03,0.6403622561813226,0.8002232142857143,0.7,0.6785714285714286
lasso_poly4_C0.1,sklearn_regularized,47,4,l1,0.1,0.5536879130217528,0.7979910714285714,0.7166666666666667,0.6909090909090909
lasso_poly4_C0.3,sklearn_regularized,47,4,l1,0.3,0.5425325853528509,0.7890625,0.7,0.6666666666666666
lasso_poly4_C1,sklearn_regularized,47,4,l1,1,0.5307877839411256,0.7868303571428571,0.7,0.6666666666666666
lasso_poly4_C3,sklearn_regularized,47,4,l1,3,0.5618667606989514,0.7868303571428571,0.6666666666666666,0.6551724137931034
lasso_poly4_C10,sklearn_regularized,47,4,l1,10,0.6300538009277229,0.7935267857142857,0.6833333333333333,0.6666666666666666
lasso_poly4_C30,sklearn_regularized,47,4,l1,30,0.6574283304788378,0.7946428571428571,0.65,0.6440677966101694
lasso_poly4_C100,sklearn_regularized,47,4,l1,100,0.669074775577892,0.7901785714285714,0.6666666666666666,0.6666666666666666
lasso_poly5_C0.01,sklearn_regularized,47,5,l1,0.01,0.6931471805599454,0.5,0.4666666666666667,0.6363636363636364
lasso_poly5_C0.03,sklearn_regularized,47,5,l1,0.03,0.6403618744506975,0.8002232142857143,0.7,0.6785714285714286
lasso_poly5_C0.1,sklearn_regularized,47,5,l1,0.1,0.5537137420386025,0.796875,0.7166666666666667,0.6909090909090909
lasso_poly5_C0.3,sklearn_regularized,47,5,l1,0.3,0.542137310223988,0.7890625,0.7,0.6666666666666666
lasso_poly5_C1,sklearn_regularized,47,5,l1,1,0.5468889705786274,0.7834821428571429,0.7,0.6666666666666666
lasso_poly5_C3,sklearn_regularized,47,5,l1,3,0.8437459503987731,0.7578125,0.6833333333333333,0.6545454545454545
lasso_poly5_C10,sklearn_regularized,47,5,l1,10,0.9797593500610027,0.7767857142857143,0.7166666666666667,0.7213114754098361
lasso_poly5_C30,sklearn_regularized,47,5,l1,30,0.8436604085996906,0.7533482142857142,0.7,0.7272727272727273
lasso_poly5_C100,sklearn_regularized,47,5,l1,100,0.8135683582371255,0.7243303571428572,0.7166666666666667,0.746268656716418
lasso_poly6_C0.01,sklearn_regularized,47,6,l1,0.01,0.6931471805599454,0.5,0.4666666666666667,0.6363636363636364
lasso_poly6_C0.03,sklearn_regularized,47,6,l1,0.03,0.6403618856385348,0.8002232142857143,0.7,0.6785714285714286
lasso_poly6_C0.1,sklearn_regularized,47,6,l1,0.1,0.5538528765173506,0.7957589285714286,0.7166666666666667,0.6909090909090909
lasso_poly6_C0.3,sklearn_regularized,47,6,l1,0.3,0.5422711789961882,0.7935267857142857,0.7,0.6666666666666666
lasso_poly6_C1,sklearn_regularized,47,6,l1,1,0.6100941427956498,0.7566964285714286,0.6666666666666666,0.6296296296296297
lasso_poly6_C3,sklearn_regularized,47,6,l1,3,0.6961542082332974,0.7566964285714286,0.6666666666666666,0.6428571428571429
lasso_poly6_C10,sklearn_regularized,47,6,l1,10,0.9631325169034142,0.7589285714285714,0.65,0.6440677966101694
lasso_poly6_C30,sklearn_regularized,47,6,l1,30,1.4822965153881533,0.7215401785714286,0.6333333333333333,0.6333333333333333
lasso_poly6_C100,sklearn_regularized,47,6,l1,100,2.1341768141616857,0.703125,0.65,0.6666666666666666
glm_current_simple,statsmodels_glm,48,,none,,0.5221469978366053,0.8125,0.7666666666666667,0.7586206896551724
glm_best_subset,statsmodels_glm,48,,none,,0.5135426165347324,0.8247767857142858,0.7,0.71875
glm_full_degree2,statsmodels_glm,48,,none,,0.524418695831245,0.8058035714285714,0.7166666666666667,0.7213114754098361
ridge_poly1_C0.01,sklearn_regularized,48,1,l2,0.01,0.6525133103245541,0.7165178571428572,0.6666666666666666,0.5652173913043478
ridge_poly1_C0.03,sklearn_regularized,48,1,l2,0.03,0.6336642170353779,0.7142857142857142,0.6666666666666666,0.6
ridge_poly1_C0.1,sklearn_regularized,48,1,l2,0.1,0.623417757770609,0.7120535714285714,0.6333333333333333,0.5769230769230769
ridge_poly1_C0.3,sklearn_regularized,48,1,l2,0.3,0.6206068476326548,0.7120535714285714,0.65,0.6037735849056604
ridge_poly1_C1,sklearn_regularized,48,1,l2,1,0.6197905350605943,0.7120535714285714,0.65,0.6037735849056604
ridge_poly1_C3,sklearn_regularized,48,1,l2,3,0.6195858847038559,0.7120535714285714,0.65,0.6037735849056604
ridge_poly1_C10,sklearn_regularized,48,1,l2,10,0.619517932094381,0.7120535714285714,0.65,0.6037735849056604
ridge_poly1_C30,sklearn_regularized,48,1,l2,30,0.619498889554666,0.7120535714285714,0.65,0.6037735849056604
ridge_poly1_C100,sklearn_regularized,48,1,l2,100,0.619492264607977,0.7120535714285714,0.65,0.6037735849056604
ridge_poly2_C0.01,sklearn_regularized,48,2,l2,0.01,0.6063916879832744,0.8147321428571428,0.7333333333333333,0.7241379310344828
ridge_poly2_C0.03,sklearn_regularized,48,2,l2,0.03,0.559601465600318,0.8236607142857143,0.75,0.7540983606557377
ridge_poly2_C0.1,sklearn_regularized,48,2,l2,0.1,0.5288569197457158,0.8180803571428571,0.7333333333333333,0.7333333333333333
ridge_poly2_C0.3,sklearn_regularized,48,2,l2,0.3,0.5210687888715893,0.8147321428571428,0.7166666666666667,0.7213114754098361
ridge_poly2_C1,sklearn_regularized,48,2,l2,1,0.5219123778269597,0.8091517857142858,0.7166666666666667,0.7213114754098361
ridge_poly2_C3,sklearn_regularized,48,2,l2,3,0.5234209493376943,0.8058035714285714,0.7166666666666667,0.7213114754098361
ridge_poly2_C10,sklearn_regularized,48,2,l2,10,0.5240654993982454,0.8058035714285714,0.7166666666666667,0.7213114754098361
ridge_poly2_C30,sklearn_regularized,48,2,l2,30,0.5243100835997194,0.8069196428571428,0.7166666666666667,0.7213114754098361
ridge_poly2_C100,sklearn_regularized,48,2,l2,100,0.5243989627644485,0.8058035714285714,0.7166666666666667,0.7213114754098361
ridge_poly3_C0.01,sklearn_regularized,48,3,l2,0.01,0.6027538050608783,0.7935267857142857,0.65,0.6037735849056604
ridge_poly3_C0.03,sklearn_regularized,48,3,l2,0.03,0.5584947068018168,0.8113839285714286,0.7166666666666667,0.7017543859649122
ridge_poly3_C0.1,sklearn_regularized,48,3,l2,0.1,0.5342982034952343,0.7912946428571428,0.7,0.7096774193548387
ridge_poly3_C0.3,sklearn_regularized,48,3,l2,0.3,0.5394892797799294,0.7756696428571429,0.6833333333333333,0.6885245901639344
ridge_poly3_C1,sklearn_regularized,48,3,l2,1,0.5583578178240749,0.7611607142857143,0.6833333333333333,0.6885245901639344
ridge_poly3_C3,sklearn_regularized,48,3,l2,3,0.5719730039105825,0.7589285714285715,0.6833333333333333,0.6885245901639344
ridge_poly3_C10,sklearn_regularized,48,3,l2,10,0.5789953765127323,0.7589285714285715,0.6833333333333333,0.6885245901639344
ridge_poly3_C30,sklearn_regularized,48,3,l2,30,0.5813157480708236,0.7589285714285715,0.6833333333333333,0.6885245901639344
ridge_poly3_C100,sklearn_regularized,48,3,l2,100,0.5821655251571702,0.7589285714285715,0.6833333333333333,0.6885245901639344
ridge_poly4_C0.01,sklearn_regularized,48,4,l2,0.01,0.5700827266897134,0.8292410714285714,0.75,0.7272727272727273
ridge_poly4_C0.03,sklearn_regularized,48,4,l2,0.03,0.5307578236342778,0.828125,0.75,0.7457627118644068
ridge_poly4_C0.1,sklearn_regularized,48,4,l2,0.1,0.5092364572762439,0.8247767857142857,0.7166666666666667,0.7213114754098361
ridge_poly4_C0.3,sklearn_regularized,48,4,l2,0.3,0.5058332266748554,0.8147321428571429,0.7166666666666667,0.7301587301587301
ridge_poly4_C1,sklearn_regularized,48,4,l2,1,0.5148306183003789,0.8013392857142858,0.7166666666666667,0.7213114754098361
ridge_poly4_C3,sklearn_regularized,48,4,l2,3,0.5297545224913515,0.7823660714285714,0.6666666666666666,0.6666666666666666
ridge_poly4_C10,sklearn_regularized,48,4,l2,10,0.5699911105383609,0.765625,0.6833333333333333,0.6779661016949152
ridge_poly4_C30,sklearn_regularized,48,4,l2,30,0.6306569418089215,0.7589285714285714,0.7,0.7
ridge_poly4_C100,sklearn_regularized,48,4,l2,100,0.6853877436682533,0.7589285714285714,0.7,0.7
ridge_poly5_C0.01,sklearn_regularized,48,5,l2,0.01,0.5694452030257355,0.8303571428571428,0.75,0.7272727272727273
ridge_poly5_C0.03,sklearn_regularized,48,5,l2,0.03,0.5291582031682789,0.8348214285714285,0.7666666666666667,0.7666666666666667
ridge_poly5_C0.1,sklearn_regularized,48,5,l2,0.1,0.5078353804297377,0.8236607142857142,0.7166666666666667,0.7213114754098361
ridge_poly5_C0.3,sklearn_regularized,48,5,l2,0.3,0.5050922997154517,0.8091517857142857,0.7166666666666667,0.7213114754098361
ridge_poly5_C1,sklearn_regularized,48,5,l2,1,0.5172603039612033,0.7957589285714286,0.6666666666666666,0.6551724137931034
ridge_poly5_C3,sklearn_regularized,48,5,l2,3,0.5444989090464295,0.7890625,0.6833333333333333,0.6779661016949152
ridge_poly5_C10,sklearn_regularized,48,5,l2,10,0.6046616674922819,0.7734375,0.7,0.7
ridge_poly5_C30,sklearn_regularized,48,5,l2,30,0.6896473494731019,0.7566964285714285,0.7,0.7
ridge_poly5_C100,sklearn_regularized,48,5,l2,100,0.8487409248650405,0.7544642857142858,0.6833333333333333,0.6779661016949152
ridge_poly6_C0.01,sklearn_regularized,48,6,l2,0.01,0.5578645103273837,0.8448660714285714,0.75,0.7272727272727273
ridge_poly6_C0.03,sklearn_regularized,48,6,l2,0.03,0.5218005747645325,0.8381696428571429,0.7833333333333333,0.7796610169491526
ridge_poly6_C0.1,sklearn_regularized,48,6,l2,0.1,0.5011756177065927,0.8314732142857142,0.75,0.7540983606557377
ridge_poly6_C0.3,sklearn_regularized,48,6,l2,0.3,0.4986576241259402,0.8113839285714285,0.7333333333333333,0.7419354838709677
ridge_poly6_C1,sklearn_regularized,48,6,l2,1,0.5119161418915585,0.8002232142857143,0.6333333333333333,0.6333333333333333
ridge_poly6_C3,sklearn_regularized,48,6,l2,3,0.5408987012628875,0.7890625,0.65,0.6440677966101694
ridge_poly6_C10,sklearn_regularized,48,6,l2,10,0.5933912325678261,0.7767857142857142,0.6833333333333333,0.6885245901639344
ridge_poly6_C30,sklearn_regularized,48,6,l2,30,0.6629464289026312,0.7767857142857143,0.6833333333333333,0.6779661016949152
ridge_poly6_C100,sklearn_regularized,48,6,l2,100,0.8669376702955311,0.7466517857142857,0.6833333333333333,0.6666666666666666
lasso_poly2_C0.01,sklearn_regularized,48,2,l1,0.01,0.6931471805599454,0.5,0.4666666666666667,0.6363636363636364
lasso_poly2_C0.03,sklearn_regularized,48,2,l1,0.03,0.6399623032441873,0.8325892857142857,0.75,0.7540983606557377
lasso_poly2_C0.1,sklearn_regularized,48,2,l1,0.1,0.5349144673305156,0.8370535714285714,0.7666666666666667,0.7666666666666667
lasso_poly2_C0.3,sklearn_regularized,48,2,l1,0.3,0.5187695518778578,0.8292410714285714,0.7333333333333333,0.7419354838709677
lasso_poly2_C1,sklearn_regularized,48,2,l1,1,0.5187180975662345,0.8180803571428572,0.7333333333333333,0.7419354838709677
lasso_poly2_C3,sklearn_regularized,48,2,l1,3,0.5219114998971056,0.8102678571428572,0.7166666666666667,0.7213114754098361
lasso_poly2_C10,sklearn_regularized,48,2,l1,10,0.5235930042990835,0.8069196428571428,0.7166666666666667,0.7213114754098361
lasso_poly2_C30,sklearn_regularized,48,2,l1,30,0.5241359262793311,0.8069196428571428,0.7166666666666667,0.7213114754098361
lasso_poly2_C100,sklearn_regularized,48,2,l1,100,0.5243323221280412,0.8058035714285714,0.7166666666666667,0.7213114754098361
lasso_poly3_C0.01,sklearn_regularized,48,3,l1,0.01,0.6931471805599454,0.5,0.4666666666666667,0.6363636363636364
lasso_poly3_C0.03,sklearn_regularized,48,3,l1,0.03,0.6399623032441873,0.8325892857142857,0.75,0.7540983606557377
lasso_poly3_C0.1,sklearn_regularized,48,3,l1,0.1,0.5349119028103769,0.8370535714285714,0.7666666666666667,0.7666666666666667
lasso_poly3_C0.3,sklearn_regularized,48,3,l1,0.3,0.5174307614334209,0.8225446428571429,0.7,0.71875
lasso_poly3_C1,sklearn_regularized,48,3,l1,1,0.5493483729769353,0.7734375,0.6833333333333333,0.6885245901639344
lasso_poly3_C3,sklearn_regularized,48,3,l1,3,0.5681635501930659,0.7633928571428571,0.6833333333333333,0.6885245901639344
lasso_poly3_C10,sklearn_regularized,48,3,l1,10,0.5768334778983104,0.7578125,0.6833333333333333,0.6885245901639344
lasso_poly3_C30,sklearn_regularized,48,3,l1,30,0.5802325693230809,0.7589285714285715,0.6833333333333333,0.6885245901639344
lasso_poly3_C100,sklearn_regularized,48,3,l1,100,0.5814576942413808,0.7589285714285715,0.6833333333333333,0.6885245901639344
lasso_poly4_C0.01,sklearn_regularized,48,4,l1,0.01,0.6931471805599454,0.5,0.4666666666666667,0.6363636363636364
lasso_poly4_C0.03,sklearn_regularized,48,4,l1,0.03,0.6399610044027957,0.8325892857142857,0.75,0.7540983606557377
lasso_poly4_C0.1,sklearn_regularized,48,4,l1,0.1,0.5349126219495959,0.8370535714285714,0.7666666666666667,0.7666666666666667
lasso_poly4_C0.3,sklearn_regularized,48,4,l1,0.3,0.5163925218673964,0.8247767857142858,0.7166666666666667,0.7384615384615385
lasso_poly4_C1,sklearn_regularized,48,4,l1,1,0.517051461502521,0.7957589285714285,0.7,0.7096774193548387
lasso_poly4_C3,sklearn_regularized,48,4,l1,3,0.5396945243136064,0.7767857142857142,0.6833333333333333,0.6885245901639344
lasso_poly4_C10,sklearn_regularized,48,4,l1,10,0.6284364507155978,0.7566964285714286,0.7,0.7
lasso_poly4_C30,sklearn_regularized,48,4,l1,30,0.6861761152000269,0.7589285714285714,0.7,0.7
lasso_poly4_C100,sklearn_regularized,48,4,l1,100,0.7090854136243775,0.7566964285714285,0.6833333333333333,0.6885245901639344
lasso_poly5_C0.01,sklearn_regularized,48,5,l1,0.01,0.6931471805599454,0.5,0.4666666666666667,0.6363636363636364
lasso_poly5_C0.03,sklearn_regularized,48,5,l1,0.03,0.6399616721742803,0.8325892857142857,0.75,0.7540983606557377
lasso_poly5_C0.1,sklearn_regularized,48,5,l1,0.1,0.5349202057578848,0.8370535714285714,0.7666666666666667,0.7666666666666667
lasso_poly5_C0.3,sklearn_regularized,48,5,l1,0.3,0.5161241551816151,0.8236607142857143,0.7166666666666667,0.7384615384615385
lasso_poly5_C1,sklearn_regularized,48,5,l1,1,0.5279724124912202,0.7901785714285713,0.6833333333333333,0.6885245901639344
lasso_poly5_C3,sklearn_regularized,48,5,l1,3,0.6046300556592371,0.7477678571428571,0.65,0.6440677966101694
lasso_poly5_C10,sklearn_regularized,48,5,l1,10,0.7611584535930541,0.7388392857142857,0.65,0.6440677966101694
lasso_poly5_C30,sklearn_regularized,48,5,l1,30,0.8996436899648964,0.7566964285714285,0.6833333333333333,0.6779661016949152
lasso_poly5_C100,sklearn_regularized,48,5,l1,100,1.1079022092632653,0.7466517857142858,0.65,0.6440677966101694
lasso_poly6_C0.01,sklearn_regularized,48,6,l1,0.01,0.6931471805599454,0.5,0.4666666666666667,0.6363636363636364
lasso_poly6_C0.03,sklearn_regularized,48,6,l1,0.03,0.6399623032441873,0.8325892857142857,0.75,0.7540983606557377
lasso_poly6_C0.1,sklearn_regularized,48,6,l1,0.1,0.5349278164278525,0.8370535714285714,0.7666666666666667,0.7666666666666667
lasso_poly6_C0.3,sklearn_regularized,48,6,l1,0.3,0.5184279015628981,0.8203125,0.7166666666666667,0.7384615384615385
lasso_poly6_C1,sklearn_regularized,48,6,l1,1,0.5315843985775363,0.7834821428571429,0.6833333333333333,0.6885245901639344
lasso_poly6_C3,sklearn_regularized,48,6,l1,3,0.6297822047858109,0.7276785714285714,0.6666666666666666,0.6551724137931034
lasso_poly6_C10,sklearn_regularized,48,6,l1,10,0.8888664965740366,0.71875,0.65,0.6440677966101694
lasso_poly6_C30,sklearn_regularized,48,6,l1,30,1.6637473202898634,0.7254464285714286,0.6833333333333333,0.6666666666666666
lasso_poly6_C100,sklearn_regularized,48,6,l1,100,2.5037072083995726,0.7260044642857143,0.6333333333333333,0.6333333333333333
glm_current_simple,statsmodels_glm,49,,none,,0.5459136712499945,0.8197997775305896,0.7666666666666667,0.7407407407407407
glm_best_subset,statsmodels_glm,49,,none,,0.5443838187749489,0.8220244716351501,0.7666666666666667,0.7407407407407407
glm_full_degree2,statsmodels_glm,49,,none,,0.5439754085599949,0.8309232480533926,0.7833333333333333,0.7547169811320755
ridge_poly1_C0.01,sklearn_regularized,49,1,l2,0.01,0.6331042281760731,0.8264738598442715,0.75,0.7058823529411765
ridge_poly1_C0.03,sklearn_regularized,49,1,l2,0.03,0.598440056556616,0.8253615127919911,0.7333333333333333,0.7037037037037037
ridge_poly1_C0.1,sklearn_regularized,49,1,l2,0.1,0.574229155234162,0.8264738598442715,0.7333333333333333,0.7241379310344828
ridge_poly1_C0.3,sklearn_regularized,49,1,l2,0.3,0.5647581225107474,0.8242491657397107,0.7333333333333333,0.7241379310344828
ridge_poly1_C1,sklearn_regularized,49,1,l2,1,0.5611049571259612,0.8242491657397107,0.75,0.7457627118644068
ridge_poly1_C3,sklearn_regularized,49,1,l2,3,0.5600066006838469,0.8242491657397107,0.75,0.7457627118644068
ridge_poly1_C10,sklearn_regularized,49,1,l2,10,0.5596175633746704,0.8242491657397107,0.75,0.7457627118644068
ridge_poly1_C30,sklearn_regularized,49,1,l2,30,0.5595059645384077,0.8242491657397107,0.75,0.7457627118644068
ridge_poly1_C100,sklearn_regularized,49,1,l2,100,0.559466857971895,0.8242491657397107,0.75,0.7457627118644068
ridge_poly2_C0.01,sklearn_regularized,49,2,l2,0.01,0.6089129007273787,0.8264738598442714,0.7333333333333333,0.6923076923076923
ridge_poly2_C0.03,sklearn_regularized,49,2,l2,0.03,0.5643641492307065,0.8387096774193548,0.7666666666666667,0.75
ridge_poly2_C0.1,sklearn_regularized,49,2,l2,0.1,0.536492587081121,0.8375973303670745,0.7666666666666667,0.75
ridge_poly2_C0.3,sklearn_regularized,49,2,l2,0.3,0.5326988091587589,0.8375973303670745,0.7666666666666667,0.7407407407407407
ridge_poly2_C1,sklearn_regularized,49,2,l2,1,0.5378459718836279,0.8331479421579533,0.7833333333333333,0.7547169811320755
ridge_poly2_C3,sklearn_regularized,49,2,l2,3,0.541537789644125,0.8320355951056729,0.7833333333333333,0.7547169811320755
ridge_poly2_C10,sklearn_regularized,49,2,l2,10,0.5431610914560456,0.8309232480533926,0.7833333333333333,0.7547169811320755
ridge_poly2_C30,sklearn_regularized,49,2,l2,30,0.5437048716749353,0.8309232480533926,0.7833333333333333,0.7547169811320755
ridge_poly2_C100,sklearn_regularized,49,2,l2,100,0.5439012480717772,0.8309232480533926,0.7833333333333333,0.7547169811320755
ridge_poly3_C0.01,sklearn_regularized,49,3,l2,0.01,0.5910294886187129,0.846496106785317,0.7333333333333333,0.6923076923076923
ridge_poly3_C0.03,sklearn_regularized,49,3,l2,0.03,0.5558029390040757,0.8487208008898777,0.7666666666666667,0.7407407407407407
ridge_poly3_C0.1,sklearn_regularized,49,3,l2,0.1,0.5427605894681603,0.8353726362625139,0.7833333333333333,0.7547169811320755
ridge_poly3_C0.3,sklearn_regularized,49,3,l2,0.3,0.5548734906453624,0.8253615127919911,0.7833333333333333,0.7547169811320755
ridge_poly3_C1,sklearn_regularized,49,3,l2,1,0.5815497680604287,0.8031145717463848,0.75,0.7058823529411765
ridge_poly3_C3,sklearn_regularized,49,3,l2,3,0.6051748474527884,0.7819799777530589,0.75,0.6938775510204082
ridge_poly3_C10,sklearn_regularized,49,3,l2,10,0.6196807472882727,0.7697441601779755,0.75,0.6938775510204082
ridge_poly3_C30,sklearn_regularized,49,3,l2,30,0.6265307524736055,0.7664071190211346,0.75,0.6938775510204082
ridge_poly3_C100,sklearn_regularized,49,3,l2,100,0.6284686357641778,0.7641824249165738,0.75,0.6938775510204082
ridge_poly4_C0.01,sklearn_regularized,49,4,l2,0.01,0.5825196895217712,0.8298109010011124,0.75,0.7169811320754716
ridge_poly4_C0.03,sklearn_regularized,49,4,l2,0.03,0.5576816297329273,0.8320355951056729,0.7666666666666667,0.7307692307692307
ridge_poly4_C0.1,sklearn_regularized,49,4,l2,0.1,0.5685555111886719,0.8097886540600667,0.75,0.7058823529411765
ridge_poly4_C0.3,sklearn_regularized,49,4,l2,0.3,0.6135717385747343,0.7897664071190211,0.7333333333333333,0.6923076923076923
ridge_poly4_C1,sklearn_regularized,49,4,l2,1,0.6803475126497174,0.7764182424916574,0.75,0.7058823529411765
ridge_poly4_C3,sklearn_regularized,49,4,l2,3,0.751804645075542,0.7686318131256953,0.7333333333333333,0.7037037037037037
ridge_poly4_C10,sklearn_regularized,49,4,l2,10,0.8360333709699584,0.7575083426028921,0.7666666666666667,0.7407407407407407
ridge_poly4_C30,sklearn_regularized,49,4,l2,30,0.8966727059257803,0.7563959955506118,0.7166666666666667,0.6792452830188679
ridge_poly4_C100,sklearn_regularized,49,4,l2,100,0.9335105289666717,0.7508342602892102,0.7,0.6538461538461539
ridge_poly5_C0.01,sklearn_regularized,49,5,l2,0.01,0.5806105258786476,0.8298109010011123,0.75,0.7169811320754716
ridge_poly5_C0.03,sklearn_regularized,49,5,l2,0.03,0.5598074407251418,0.8353726362625139,0.7666666666666667,0.7307692307692307
ridge_poly5_C0.1,sklearn_regularized,49,5,l2,0.1,0.5670238680017904,0.8197997775305895,0.7666666666666667,0.7307692307692307
ridge_poly5_C0.3,sklearn_regularized,49,5,l2,0.3,0.5971396463658775,0.8064516129032258,0.75,0.7169811320754716
ridge_poly5_C1,sklearn_regularized,49,5,l2,1,0.6373250716270495,0.7942157953281425,0.75,0.7169811320754716
ridge_poly5_C3,sklearn_regularized,49,5,l2,3,0.700711367077517,0.7875417130144605,0.7333333333333333,0.7037037037037037
ridge_poly5_C10,sklearn_regularized,49,5,l2,10,0.8611471663577592,0.7775305895439377,0.7166666666666667,0.6792452830188679
ridge_poly5_C30,sklearn_regularized,49,5,l2,30,1.1256305330322391,0.7630700778642937,0.7166666666666667,0.6909090909090909
ridge_poly5_C100,sklearn_regularized,49,5,l2,100,1.7136785431943526,0.7030033370411568,0.7,0.6538461538461539
ridge_poly6_C0.01,sklearn_regularized,49,6,l2,0.01,0.5808025361740821,0.8375973303670745,0.75,0.7058823529411765
ridge_poly6_C0.03,sklearn_regularized,49,6,l2,0.03,0.5656446642743357,0.8264738598442715,0.7333333333333333,0.68
ridge_poly6_C0.1,sklearn_regularized,49,6,l2,0.1,0.5845383974178109,0.7975528364849834,0.7666666666666667,0.7307692307692307
ridge_poly6_C0.3,sklearn_regularized,49,6,l2,0.3,0.6256663138906331,0.7875417130144605,0.75,0.7169811320754716
ridge_poly6_C1,sklearn_regularized,49,6,l2,1,0.6706715520198868,0.7908787541713014,0.7333333333333333,0.7037037037037037
ridge_poly6_C3,sklearn_regularized,49,6,l2,3,0.7636196688548867,0.778642936596218,0.75,0.7272727272727273
ridge_poly6_C10,sklearn_regularized,49,6,l2,10,0.9639030893688459,0.7563959955506118,0.7,0.6666666666666666
ridge_poly6_C30,sklearn_regularized,49,6,l2,30,1.6708999294651574,0.7246941045606228,0.7166666666666667,0.6792452830188679
ridge_poly6_C100,sklearn_regularized,49,6,l2,100,1.9708359048263575,0.7263626251390434,0.6833333333333333,0.6274509803921569
lasso_poly2_C0.01,sklearn_regularized,49,2,l1,0.01,0.6931471805599454,0.5,0.48333333333333334,0.651685393258427
lasso_poly2_C0.03,sklearn_regularized,49,2,l1,0.03,0.6594435627248276,0.7018909899888764,0.5666666666666667,0.5357142857142857
lasso_poly2_C0.1,sklearn_regularized,49,2,l1,0.1,0.5455406644704017,0.8186874304783093,0.7666666666666667,0.7666666666666667
lasso_poly2_C0.3,sklearn_regularized,49,2,l1,0.3,0.5280479858034692,0.8275862068965518,0.7833333333333333,0.7719298245614035
lasso_poly2_C1,sklearn_regularized,49,2,l1,1,0.5320759128341686,0.8342602892102335,0.7666666666666667,0.7407407407407407
lasso_poly2_C3,sklearn_regularized,49,2,l1,3,0.5388018999469111,0.8320355951056728,0.7833333333333333,0.7547169811320755
lasso_poly2_C10,sklearn_regularized,49,2,l1,10,0.5420073140474339,0.8309232480533926,0.7833333333333333,0.7547169811320755
lasso_poly2_C30,sklearn_regularized,49,2,l1,30,0.5432406312937297,0.8309232480533926,0.7833333333333333,0.7547169811320755
lasso_poly2_C100,sklearn_regularized,49,2,l1,100,0.5437478236672981,0.8309232480533926,0.7833333333333333,0.7547169811320755
lasso_poly3_C0.01,sklearn_regularized,49,3,l1,0.01,0.6931471805599454,0.5,0.48333333333333334,0.651685393258427
lasso_poly3_C0.03,sklearn_regularized,49,3,l1,0.03,0.6594434378713604,0.7018909899888764,0.5666666666666667,0.5357142857142857
lasso_poly3_C0.1,sklearn_regularized,49,3,l1,0.1,0.5455399970399822,0.8186874304783093,0.7666666666666667,0.7666666666666667
lasso_poly3_C0.3,sklearn_regularized,49,3,l1,0.3,0.5266137406431182,0.8298109010011123,0.7666666666666667,0.75
lasso_poly3_C1,sklearn_regularized,49,3,l1,1,0.5389375182054952,0.8331479421579533,0.7833333333333333,0.7547169811320755
lasso_poly3_C3,sklearn_regularized,49,3,l1,3,0.5835500459215659,0.7997775305895439,0.75,0.7058823529411765
lasso_poly3_C10,sklearn_regularized,49,3,l1,10,0.6121858165667114,0.778642936596218,0.75,0.6938775510204082
lasso_poly3_C30,sklearn_regularized,49,3,l1,30,0.6232273846308464,0.7664071190211346,0.75,0.6938775510204082
lasso_poly3_C100,sklearn_regularized,49,3,l1,100,0.6274147152409386,0.7652947719688543,0.75,0.6938775510204082
lasso_poly4_C0.01,sklearn_regularized,49,4,l1,0.01,0.6931471805599454,0.5,0.48333333333333334,0.651685393258427
lasso_poly4_C0.03,sklearn_regularized,49,4,l1,0.03,0.6594426888291408,0.7018909899888764,0.5666666666666667,0.5357142857142857
lasso_poly4_C0.1,sklearn_regularized,49,4,l1,0.1,0.547965998701894,0.8153503893214683,0.8,0.8
lasso_poly4_C0.3,sklearn_regularized,49,4,l1,0.3,0.555005435493445,0.8131256952169076,0.7833333333333333,0.7636363636363637
lasso_poly4_C1,sklearn_regularized,49,4,l1,1,0.7332031464315986,0.7497219132369299,0.7666666666666667,0.7307692307692307
lasso_poly4_C3,sklearn_regularized,49,4,l1,3,0.8253190844192605,0.7452725250278086,0.7166666666666667,0.6792452830188679
lasso_poly4_C10,sklearn_regularized,49,4,l1,10,0.9002453628170808,0.746384872080089,0.7166666666666667,0.6792452830188679
lasso_poly4_C30,sklearn_regularized,49,4,l1,30,0.9295643123671001,0.7508342602892103,0.7,0.6538461538461539
lasso_poly4_C100,sklearn_regularized,49,4,l1,100,0.9454664178002335,0.7508342602892102,0.6833333333333333,0.6274509803921569
lasso_poly5_C0.01,sklearn_regularized,49,5,l1,0.01,0.6931471805599454,0.5,0.48333333333333334,0.651685393258427
lasso_poly5_C0.03,sklearn_regularized,49,5,l1,0.03,0.6594426490882591,0.7018909899888764,0.5666666666666667,0.5357142857142857
lasso_poly5_C0.1,sklearn_regularized,49,5,l1,0.1,0.5479750628766425,0.8153503893214683,0.8,0.8
lasso_poly5_C0.3,sklearn_regularized,49,5,l1,0.3,0.5549351122389407,0.8131256952169076,0.7833333333333333,0.7636363636363637
lasso_poly5_C1,sklearn_regularized,49,5,l1,1,0.6912234986162823,0.7619577308120133,0.75,0.7169811320754716
lasso_poly5_C3,sklearn_regularized,49,5,l1,3,0.7274025773227556,0.7842046718576196,0.7666666666666667,0.7586206896551724
lasso_poly5_C10,sklearn_regularized,49,5,l1,10,1.0456894541444777,0.7697441601779754,0.7166666666666667,0.6909090909090909
lasso_poly5_C30,sklearn_regularized,49,5,l1,30,1.7170667449274846,0.7258064516129032,0.7,0.6538461538461539
lasso_poly5_C100,sklearn_regularized,49,5,l1,100,2.211351900413981,0.6852057842046718,0.6833333333333333,0.6274509803921569
lasso_poly6_C0.01,sklearn_regularized,49,6,l1,0.01,0.6931471805599454,0.5,0.48333333333333334,0.651685393258427
lasso_poly6_C0.03,sklearn_regularized,49,6,l1,0.03,0.6594430301335266,0.7018909899888764,0.5666666666666667,0.5357142857142857
lasso_poly6_C0.1,sklearn_regularized,49,6,l1,0.1,0.5479249381416564,0.8153503893214683,0.8,0.8
lasso_poly6_C0.3,sklearn_regularized,49,6,l1,0.3,0.5579073102882541,0.8120133481646273,0.7833333333333333,0.7636363636363637
lasso_poly6_C1,sklearn_regularized,49,6,l1,1,0.7390350245880476,0.757508342602892,0.75,0.7169811320754716
lasso_poly6_C3,sklearn_regularized,49,6,l1,3,0.7889893831097462,0.7819799777530589,0.75,0.7457627118644068
lasso_poly6_C10,sklearn_regularized,49,6,l1,10,2.0435726462059223,0.67853170189099,0.7,0.64
lasso_poly6_C30,sklearn_regularized,49,6,l1,30,2.748915122817409,0.7091212458286986,0.6666666666666666,0.6
lasso_poly6_C100,sklearn_regularized,49,6,l1,100,3.567218781018746,0.710789766407119,0.6833333333333333,0.6415094339622641
glm_current_simple,statsmodels_glm,50,,none,,0.5253760063198607,0.8097886540600667,0.7166666666666667,0.7213114754098361
glm_best_subset,statsmodels_glm,50,,none,,0.5156869794157076,0.8253615127919911,0.8,0.8
glm_full_degree2,statsmodels_glm,50,,none,,0.5092743744382886,0.8309232480533927,0.7833333333333333,0.7796610169491526
ridge_poly1_C0.01,sklearn_regularized,50,1,l2,0.01,0.6634949642075175,0.6562847608453838,0.5666666666666667,0.5185185185185185
ridge_poly1_C0.03,sklearn_regularized,50,1,l2,0.03,0.6540782152666099,0.6529477196885428,0.5666666666666667,0.5357142857142857
ridge_poly1_C0.1,sklearn_regularized,50,1,l2,0.1,0.6548932580518608,0.6518353726362626,0.5666666666666667,0.5517241379310345
ridge_poly1_C0.3,sklearn_regularized,50,1,l2,0.3,0.6585921100917815,0.6507230255839822,0.5833333333333334,0.576271186440678
ridge_poly1_C1,sklearn_regularized,50,1,l2,1,0.6609202361290539,0.6507230255839822,0.5833333333333334,0.576271186440678
ridge_poly1_C3,sklearn_regularized,50,1,l2,3,0.6617349182741389,0.6518353726362625,0.5833333333333334,0.576271186440678
ridge_poly1_C10,sklearn_regularized,50,1,l2,10,0.6620383450534494,0.6518353726362625,0.5833333333333334,0.576271186440678
ridge_poly1_C30,sklearn_regularized,50,1,l2,30,0.6621268638315455,0.6518353726362625,0.5833333333333334,0.576271186440678
ridge_poly1_C100,sklearn_regularized,50,1,l2,100,0.6621580401458177,0.6518353726362625,0.5833333333333334,0.576271186440678
ridge_poly2_C0.01,sklearn_regularized,50,2,l2,0.01,0.6076420452188309,0.8042269187986651,0.7833333333333333,0.7719298245614035
ridge_poly2_C0.03,sklearn_regularized,50,2,l2,0.03,0.5613384754975519,0.8131256952169076,0.8,0.7931034482758621
ridge_poly2_C0.1,sklearn_regularized,50,2,l2,0.1,0.5283561849053692,0.8231368186874305,0.7666666666666667,0.7666666666666667
ridge_poly2_C0.3,sklearn_regularized,50,2,l2,0.3,0.5155729463228597,0.8275862068965517,0.7833333333333333,0.7796610169491526
ridge_poly2_C1,sklearn_regularized,50,2,l2,1,0.5109983815475222,0.8286985539488321,0.7833333333333333,0.7796610169491526
ridge_poly2_C3,sklearn_regularized,50,2,l2,3,0.5098061817608722,0.8286985539488321,0.7833333333333333,0.7796610169491526
ridge_poly2_C10,sklearn_regularized,50,2,l2,10,0.5094139724899935,0.8286985539488321,0.7833333333333333,0.7796610169491526
ridge_poly2_C30,sklearn_regularized,50,2,l2,30,0.5093049414341907,0.8298109010011123,0.7833333333333333,0.7796610169491526
ridge_poly2_C100,sklearn_regularized,50,2,l2,100,0.5092671250847577,0.8298109010011123,0.7833333333333333,0.7796610169491526
ridge_poly3_C0.01,sklearn_regularized,50,3,l2,0.01,0.6132710755409089,0.7819799777530589,0.7833333333333333,0.7719298245614035
ridge_poly3_C0.03,sklearn_regularized,50,3,l2,0.03,0.5766473340223567,0.8020022246941046,0.7666666666666667,0.7586206896551724
ridge_poly3_C0.1,sklearn_regularized,50,3,l2,0.1,0.5604990465819355,0.8008898776418242,0.75,0.7457627118644068
ridge_poly3_C0.3,sklearn_regularized,50,3,l2,0.3,0.5719427335810993,0.793103448275862,0.7333333333333333,0.7333333333333333
ridge_poly3_C1,sklearn_regularized,50,3,l2,1,0.5982624657061273,0.7864293659621802,0.7166666666666667,0.711864406779661
ridge_poly3_C3,sklearn_regularized,50,3,l2,3,0.6185888950886417,0.7819799777530589,0.7,0.6896551724137931
ridge_poly3_C10,sklearn_regularized,50,3,l2,10,0.6312808291803689,0.7830923248053393,0.7,0.6896551724137931
ridge_poly3_C30,sklearn_regularized,50,3,l2,30,0.6357222856733298,0.7808676307007786,0.7,0.6896551724137931
ridge_poly3_C100,sklearn_regularized,50,3,l2,100,0.6374023257318867,0.7797552836484982,0.7,0.6896551724137931
ridge_poly4_C0.01,sklearn_regularized,50,4,l2,0.01,0.5940878873886902,0.8053392658509455,0.7833333333333333,0.7636363636363637
ridge_poly4_C0.03,sklearn_regularized,50,4,l2,0.03,0.563299927828081,0.8064516129032259,0.7666666666666667,0.7586206896551724
ridge_poly4_C0.1,sklearn_regularized,50,4,l2,0.1,0.5598422860336814,0.7919911012235817,0.7166666666666667,0.711864406779661
ridge_poly4_C0.3,sklearn_regularized,50,4,l2,0.3,0.5930749701580287,0.7697441601779755,0.7,0.7
ridge_poly4_C1,sklearn_regularized,50,4,l2,1,0.6858498352766546,0.7330367074527252,0.6833333333333333,0.6779661016949152
ridge_poly4_C3,sklearn_regularized,50,4,l2,3,0.8359629433878104,0.692992213570634,0.6166666666666667,0.6101694915254238
ridge_poly4_C10,sklearn_regularized,50,4,l2,10,1.0127470762857407,0.6740823136818687,0.5833333333333334,0.576271186440678
ridge_poly4_C30,sklearn_regularized,50,4,l2,30,1.1222724661956007,0.6529477196885428,0.5833333333333334,0.576271186440678
ridge_poly4_C100,sklearn_regularized,50,4,l2,100,1.1809713953898369,0.646273637374861,0.6,0.5862068965517241
ridge_poly5_C0.01,sklearn_regularized,50,5,l2,0.01,0.5982892904055087,0.7997775305895439,0.7833333333333333,0.7636363636363637
ridge_poly5_C0.03,sklearn_regularized,50,5,l2,0.03,0.5696729073110408,0.7997775305895439,0.7666666666666667,0.7586206896551724
ridge_poly5_C0.1,sklearn_regularized,50,5,l2,0.1,0.5711232474715054,0.781979977753059,0.7,0.7
ridge_poly5_C0.3,sklearn_regularized,50,5,l2,0.3,0.614257452852473,0.7530589543937708,0.6833333333333333,0.6779661016949152
ridge_poly5_C1,sklearn_regularized,50,5,l2,1,0.7201052474719558,0.7374860956618465,0.6666666666666666,0.6551724137931034
ridge_poly5_C3,sklearn_regularized,50,5,l2,3,0.8444756405402613,0.7296996662958842,0.6166666666666667,0.5964912280701754
ridge_poly5_C10,sklearn_regularized,50,5,l2,10,0.9556385067657908,0.7241379310344827,0.65,0.6181818181818182
ridge_poly5_C30,sklearn_regularized,50,5,l2,30,1.0355394059790608,0.739710789766407,0.6666666666666666,0.6296296296296297
ridge_poly5_C100,sklearn_regularized,50,5,l2,100,1.1366505095905775,0.7519466073414905,0.7,0.6538461538461539
ridge_poly6_C0.01,sklearn_regularized,50,6,l2,0.01,0.5947211450523532,0.8020022246941046,0.75,0.7169811320754716
ridge_poly6_C0.03,sklearn_regularized,50,6,l2,0.03,0.5705041772398368,0.7875417130144605,0.7333333333333333,0.7333333333333333
ridge_poly6_C0.1,sklearn_regularized,50,6,l2,0.1,0.5797977414399119,0.7597330367074527,0.7,0.7
ridge_poly6_C0.3,sklearn_regularized,50,6,l2,0.3,0.6388837481337183,0.7374860956618464,0.6833333333333333,0.6779661016949152
ridge_poly6_C1,sklearn_regularized,50,6,l2,1,0.7666111027288113,0.710789766407119,0.6166666666666667,0.6101694915254238
ridge_poly6_C3,sklearn_regularized,50,6,l2,3,0.8936706443505884,0.7052280311457174,0.5833333333333334,0.5614035087719298
ridge_poly6_C10,sklearn_regularized,50,6,l2,10,0.9510687743776792,0.7130144605116796,0.6333333333333333,0.5925925925925926
ridge_poly6_C30,sklearn_regularized,50,6,l2,30,0.9484770293152878,0.725250278086763,0.65,0.6037735849056604
ridge_poly6_C100,sklearn_regularized,50,6,l2,100,0.9374619992728752,0.6996662958843158,0.6333333333333333,0.56
lasso_poly2_C0.01,sklearn_regularized,50,2,l1,0.01,0.6931471805599454,0.5,0.48333333333333334,0.651685393258427
lasso_poly2_C0.03,sklearn_regularized,50,2,l1,0.03,0.6413016502259546,0.7931034482758621,0.7,0.71875
lasso_poly2_C0.1,sklearn_regularized,50,2,l1,0.1,0.5529328802306235,0.7975528364849834,0.75,0.7540983606557377
lasso_poly2_C0.3,sklearn_regularized,50,2,l1,0.3,0.5316841582945216,0.8053392658509455,0.75,0.7540983606557377
lasso_poly2_C1,sklearn_regularized,50,2,l1,1,0.5177425506284336,0.8286985539488321,0.7666666666666667,0.7666666666666667
lasso_poly2_C3,sklearn_regularized,50,2,l1,3,0.511988275863703,0.8286985539488321,0.7833333333333333,0.7796610169491526
lasso_poly2_C10,sklearn_regularized,50,2,l1,10,0.5100745791756449,0.8298109010011123,0.7833333333333333,0.7796610169491526
lasso_poly2_C30,sklearn_regularized,50,2,l1,30,0.5095400023234353,0.8298109010011123,0.7833333333333333,0.7796610169491526
lasso_poly2_C100,sklearn_regularized,50,2,l1,100,0.5093541001219225,0.8309232480533927,0.7833333333333333,0.7796610169491526
lasso_poly3_C0.01,sklearn_regularized,50,3,l1,0.01,0.6931471805599454,0.5,0.48333333333333334,0.651685393258427
lasso_poly3_C0.03,sklearn_regularized,50,3,l1,0.03,0.6413013180386652,0.7931034482758621,0.7,0.71875
lasso_poly3_C0.1,sklearn_regularized,50,3,l1,0.1,0.5555223907841407,0.7964404894327031,0.75,0.7540983606557377
lasso_poly3_C0.3,sklearn_regularized,50,3,l1,0.3,0.5416901912503259,0.8109010011123471,0.75,0.7540983606557377
lasso_poly3_C1,sklearn_regularized,50,3,l1,1,0.5727221108969229,0.7942157953281425,0.7333333333333333,0.7333333333333333
lasso_poly3_C3,sklearn_regularized,50,3,l1,3,0.6064794605118016,0.7886540600667408,0.7166666666666667,0.711864406779661
lasso_poly3_C10,sklearn_regularized,50,3,l1,10,0.6277621922812251,0.7830923248053393,0.7,0.6896551724137931
lasso_poly3_C30,sklearn_regularized,50,3,l1,30,0.6349445950526075,0.7808676307007786,0.7,0.6896551724137931
lasso_poly3_C100,sklearn_regularized,50,3,l1,100,0.6375800492018299,0.7797552836484983,0.7,0.6896551724137931
lasso_poly4_C0.01,sklearn_regularized,50,4,l1,0.01,0.6931471805599454,0.5,0.48333333333333334,0.651685393258427
lasso_poly4_C0.03,sklearn_regularized,50,4,l1,0.03,0.6413009411847612,0.7931034482758621,0.7,0.71875
lasso_poly4_C0.1,sklearn_regularized,50,4,l1,0.1,0.5566883303680626,0.7964404894327031,0.7333333333333333,0.7419354838709677
lasso_poly4_C0.3,sklearn_regularized,50,4,l1,0.3,0.5461431499469804,0.8086763070077865,0.7333333333333333,0.7419354838709677
lasso_poly4_C1,sklearn_regularized,50,4,l1,1,0.5963412857878452,0.7797552836484982,0.7333333333333333,0.7333333333333333
lasso_poly4_C3,sklearn_regularized,50,4,l1,3,0.8294159451041705,0.692992213570634,0.6166666666666667,0.6101694915254238
lasso_poly4_C10,sklearn_regularized,50,4,l1,10,1.0626940921603385,0.660734149054505,0.5833333333333334,0.576271186440678
lasso_poly4_C30,sklearn_regularized,50,4,l1,30,1.1567828210895643,0.6496106785317018,0.6,0.5862068965517241
lasso_poly4_C100,sklearn_regularized,50,4,l1,100,1.1942484336592163,0.646273637374861,0.6166666666666667,0.5964912280701754
lasso_poly5_C0.01,sklearn_regularized,50,5,l1,0.01,0.6931471805599454,0.5,0.48333333333333334,0.651685393258427
lasso_poly5_C0.03,sklearn_regularized,50,5,l1,0.03,0.6413009502725021,0.7931034482758621,0.7,0.71875
lasso_poly5_C0.1,sklearn_regularized,50,5,l1,0.1,0.5564281062153751,0.7975528364849834,0.7333333333333333,0.7419354838709677
lasso_poly5_C0.3,sklearn_regularized,50,5,l1,0.3,0.5441982936469258,0.8075639599555061,0.7333333333333333,0.7419354838709677
lasso_poly5_C1,sklearn_regularized,50,5,l1,1,0.6267730675949162,0.7619577308120133,0.7166666666666667,0.7213114754098361
lasso_poly5_C3,sklearn_regularized,50,5,l1,3,0.9145402296684648,0.7196885428253615,0.6333333333333333,0.6206896551724138
lasso_poly5_C10,sklearn_regularized,50,5,l1,10,1.0203624870895325,0.7352614015572858,0.65,0.6181818181818182
lasso_poly5_C30,sklearn_regularized,50,5,l1,30,1.1541309866264362,0.7575083426028921,0.6833333333333333,0.6415094339622641
lasso_poly5_C100,sklearn_regularized,50,5,l1,100,1.3315995418450017,0.7508342602892102,0.7166666666666667,0.6666666666666666
lasso_poly6_C0.01,sklearn_regularized,50,6,l1,0.01,0.6931471805599454,0.5,0.48333333333333334,0.651685393258427
lasso_poly6_C0.03,sklearn_regularized,50,6,l1,0.03,0.6413009795518129,0.7931034482758621,0.7,0.71875
lasso_poly6_C0.1,sklearn_regularized,50,6,l1,0.1,0.5564232887100753,0.7975528364849834,0.7333333333333333,0.7419354838709677
lasso_poly6_C0.3,sklearn_regularized,50,6,l1,0.3,0.5441679777150578,0.8086763070077865,0.7333333333333333,0.7419354838709677
lasso_poly6_C1,sklearn_regularized,50,6,l1,1,0.6289817403639428,0.7652947719688543,0.7,0.7096774193548387
lasso_poly6_C3,sklearn_regularized,50,6,l1,3,0.9775186555152175,0.7030033370411568,0.6,0.5862068965517241
lasso_poly6_C10,sklearn_regularized,50,6,l1,10,0.9941256635085023,0.7385984427141268,0.6666666666666666,0.6153846153846154
lasso_poly6_C30,sklearn_regularized,50,6,l1,30,1.59091365683593,0.6763070077864294,0.6333333333333333,0.5769230769230769
lasso_poly6_C100,sklearn_regularized,50,6,l1,100,2.5890150495817887,0.71412680756396,0.6166666666666667,0.5660377358490566
