repeat,outer_fold,task,candidate,placement,n_internal_knots,primary_score,secondary_score
0,0,regression,spline_quantile_m0,quantile,0,19.59098548817277,3.5340692897003607
0,0,regression,spline_quantile_m1,quantile,1,16.869133247469122,3.270288371459799
0,0,regression,spline_quantile_m2,quantile,2,16.73605065669006,3.2315058734122495
0,0,regression,spline_quantile_m3,quantile,3,16.82107464534875,3.242102742578632
0,0,regression,spline_quantile_m4,quantile,4,16.894108018576148,3.238851355863763
0,0,regression,spline_quantile_m5,quantile,5,16.940004581715456,3.2460705334485453
0,0,regression,spline_quantile_m6,quantile,6,17.1300891471431,3.271749539709633
0,0,regression,spline_equal_m1,equal,1,16.846316324733678,3.264859189530827
0,0,regression,spline_equal_m2,equal,2,16.71937321195458,3.2217387455330324
0,0,regression,spline_equal_m3,equal,3,16.84482461724825,3.242158333906513
0,0,regression,spline_equal_m4,equal,4,16.90842315026363,3.2314326764216843
0,0,regression,spline_equal_m5,equal,5,16.9754320576568,3.2504443673323915
0,0,regression,spline_equal_m6,equal,6,17.060169888905904,3.2570664659155204
0,0,classification,spline_quantile_m0,quantile,0,0.35785614793812004,0.11051527179398633
0,0,classification,spline_quantile_m1,quantile,1,0.36031165513570024,0.11104731473573379
0,0,classification,spline_quantile_m2,quantile,2,0.3670704135978105,0.11128522079319288
0,0,classification,spline_quantile_m3,quantile,3,0.38410460662758567,0.114296293672908
0,0,classification,spline_quantile_m4,quantile,4,0.37342216068318895,0.11236543769165319
0,0,classification,spline_quantile_m5,quantile,5,0.3874742422851283,0.11446259146082455
0,0,classification,spline_quantile_m6,quantile,6,0.38809143395061446,0.11076123058724589
0,0,classification,spline_equal_m1,equal,1,0.3613321030972913,0.11125637781571548
0,0,classification,spline_equal_m2,equal,2,0.3702361210635796,0.11184199246845869
0,0,classification,spline_equal_m3,equal,3,0.3870707703493151,0.11436883801464853
0,0,classification,spline_equal_m4,equal,4,0.37915979780279463,0.11337061938549846
0,0,classification,spline_equal_m5,equal,5,0.3969958448728212,0.11489172629057932
0,0,classification,spline_equal_m6,equal,6,0.4146005254468739,0.10846787592907178
0,1,regression,spline_quantile_m0,quantile,0,20.111777448316474,3.2738317117226945
0,1,regression,spline_quantile_m1,quantile,1,18.257047365792104,3.225975470423683
0,1,regression,spline_quantile_m2,quantile,2,18.34051296104809,3.263790796733079
0,1,regression,spline_quantile_m3,quantile,3,18.584482930414953,3.3026322180246286
0,1,regression,spline_quantile_m4,quantile,4,19.87777807724999,3.3839841599451956
0,1,regression,spline_quantile_m5,quantile,5,20.21893400184286,3.421319243519589
0,1,regression,spline_quantile_m6,quantile,6,20.41480601467048,3.4322658784056266
0,1,regression,spline_equal_m1,equal,1,18.27002169325829,3.2283174087175888
0,1,regression,spline_equal_m2,equal,2,18.32743780246389,3.2669495354408444
0,1,regression,spline_equal_m3,equal,3,18.668137722419907,3.3108961971349284
0,1,regression,spline_equal_m4,equal,4,20.116212541721964,3.4121678902567463
0,1,regression,spline_equal_m5,equal,5,20.723066161430026,3.4777352906802963
0,1,regression,spline_equal_m6,equal,6,21.133510206569248,3.4813327396179052
0,1,classification,spline_quantile_m0,quantile,0,0.6033036837498433,0.1807069017279323
0,1,classification,spline_quantile_m1,quantile,1,0.603804949433481,0.1794519660272039
0,1,classification,spline_quantile_m2,quantile,2,0.6183215775801502,0.18381701305987974
0,1,classification,spline_quantile_m3,quantile,3,0.6146457021383082,0.18547354944369207
0,1,classification,spline_quantile_m4,quantile,4,0.6273967945796138,0.18589865487031723
0,1,classification,spline_quantile_m5,quantile,5,0.6473661848022411,0.1833797399122995
0,1,classification,spline_quantile_m6,quantile,6,0.6440799774604598,0.19419751360921736
0,1,classification,spline_equal_m1,equal,1,0.6036560162812566,0.17965563150687092
0,1,classification,spline_equal_m2,equal,2,0.617254340338963,0.1832540838276007
0,1,classification,spline_equal_m3,equal,3,0.6143455333053759,0.18540705900078447
0,1,classification,spline_equal_m4,equal,4,0.6234757166859467,0.18448983795527343
0,1,classification,spline_equal_m5,equal,5,0.6281372671721313,0.18143763709590466
0,1,classification,spline_equal_m6,equal,6,0.6293690369771895,0.19285338823627296
0,2,regression,spline_quantile_m0,quantile,0,22.347470233005694,3.645575418298918
0,2,regression,spline_quantile_m1,quantile,1,22.431317329042496,3.6824363206937862
0,2,regression,spline_quantile_m2,quantile,2,23.102439115253333,3.7861320531021305
0,2,regression,spline_quantile_m3,quantile,3,24.325777675421254,3.856990865595267
0,2,regression,spline_quantile_m4,quantile,4,24.06764276872143,3.8108745853008092
0,2,regression,spline_quantile_m5,quantile,5,24.032575610306324,3.8321743704227846
0,2,regression,spline_quantile_m6,quantile,6,24.31597181516094,3.8382500908878665
0,2,regression,spline_equal_m1,equal,1,22.479586901024454,3.6920815222729444
0,2,regression,spline_equal_m2,equal,2,23.262907720429162,3.7992561403953697
0,2,regression,spline_equal_m3,equal,3,24.316672437261765,3.850394042792487
0,2,regression,spline_equal_m4,equal,4,24.053319795220695,3.807156810637601
0,2,regression,spline_equal_m5,equal,5,24.192293543785144,3.8489475275242087
0,2,regression,spline_equal_m6,equal,6,24.52898851784852,3.8399621234102472
0,2,classification,spline_quantile_m0,quantile,0,0.42288640794106214,0.1344619772051319
0,2,classification,spline_quantile_m1,quantile,1,0.42818786324446123,0.13593113789043898
0,2,classification,spline_quantile_m2,quantile,2,0.4131099509104517,0.13157792054952663
0,2,classification,spline_quantile_m3,quantile,3,0.41855691223971564,0.1316186244271876
0,2,classification,spline_quantile_m4,quantile,4,0.4155179030597136,0.13390785570586114
0,2,classification,spline_quantile_m5,quantile,5,0.41623403457749825,0.13228135298082955
0,2,classification,spline_quantile_m6,quantile,6,0.43254649637693426,0.1419456446246839
0,2,classification,spline_equal_m1,equal,1,0.42813674075468094,0.13591209170779536
0,2,classification,spline_equal_m2,equal,2,0.413922911532552,0.13173520543251768
0,2,classification,spline_equal_m3,equal,3,0.4187243991735481,0.13172469905032286
0,2,classification,spline_equal_m4,equal,4,0.4154944388962934,0.1333898118301712
0,2,classification,spline_equal_m5,equal,5,0.4143711165203652,0.1314720137554101
0,2,classification,spline_equal_m6,equal,6,0.44149405137722075,0.14427189215267358
0,3,regression,spline_quantile_m0,quantile,0,28.62650698960671,4.044583581061065
0,3,regression,spline_quantile_m1,quantile,1,23.6883143747835,3.7012249906938877
0,3,regression,spline_quantile_m2,quantile,2,23.374195138605884,3.682480507406646
0,3,regression,spline_quantile_m3,quantile,3,22.911421986608076,3.6581112847309942
0,3,regression,spline_quantile_m4,quantile,4,22.77346843244708,3.6538189599453004
0,3,regression,spline_quantile_m5,quantile,5,23.320302733012387,3.6749773299884203
0,3,regression,spline_quantile_m6,quantile,6,23.30869452879755,3.6106502309792567
0,3,regression,spline_equal_m1,equal,1,23.562002118707074,3.692151102552314
0,3,regression,spline_equal_m2,equal,2,23.20854269346539,3.672605566801185
0,3,regression,spline_equal_m3,equal,3,22.891786574809895,3.6573138007624597
0,3,regression,spline_equal_m4,equal,4,22.80804310504196,3.6590975522938662
0,3,regression,spline_equal_m5,equal,5,23.34743358214041,3.673359531133465
0,3,regression,spline_equal_m6,equal,6,23.226290006853873,3.5940868825788055
0,3,classification,spline_quantile_m0,quantile,0,0.35629502145406666,0.10681606766415122
0,3,classification,spline_quantile_m1,quantile,1,0.36443040620276945,0.10820704960311979
0,3,classification,spline_quantile_m2,quantile,2,0.3560879649803698,0.10882702118255821
0,3,classification,spline_quantile_m3,quantile,3,0.3894798323909328,0.11696153086028983
0,3,classification,spline_quantile_m4,quantile,4,0.42709269920769644,0.11923805659780634
0,3,classification,spline_quantile_m5,quantile,5,0.4407315053026282,0.11695365664208346
0,3,classification,spline_quantile_m6,quantile,6,0.446729466775739,0.12040914059654739
0,3,classification,spline_equal_m1,equal,1,0.3659093064054432,0.10848056643851361
0,3,classification,spline_equal_m2,equal,2,0.3583228698265931,0.10919732182792878
0,3,classification,spline_equal_m3,equal,3,0.38811985265578797,0.11619747003953991
0,3,classification,spline_equal_m4,equal,4,0.44381514730060884,0.11755702235400448
0,3,classification,spline_equal_m5,equal,5,0.5418790879646241,0.11449809776322507
0,3,classification,spline_equal_m6,equal,6,0.6563758070090522,0.11694828983924055
0,4,regression,spline_quantile_m0,quantile,0,18.890079768053646,3.6836654733282472
0,4,regression,spline_quantile_m1,quantile,1,21.202444294361086,3.8260941569103397
0,4,regression,spline_quantile_m2,quantile,2,20.595099567403686,3.766139174726572
0,4,regression,spline_quantile_m3,quantile,3,20.35985234887559,3.75256867371849
0,4,regression,spline_quantile_m4,quantile,4,20.260318674923635,3.760663213539685
0,4,regression,spline_quantile_m5,quantile,5,20.174356106694567,3.761974887041424
0,4,regression,spline_quantile_m6,quantile,6,20.182706956425545,3.738285279305757
0,4,regression,spline_equal_m1,equal,1,21.19044433996024,3.818953841298586
0,4,regression,spline_equal_m2,equal,2,20.573473606308436,3.7653286749761348
0,4,regression,spline_equal_m3,equal,3,20.38486694595656,3.750620701528432
0,4,regression,spline_equal_m4,equal,4,20.259859992998777,3.7624318477088186
0,4,regression,spline_equal_m5,equal,5,20.29235947367062,3.7591071587328355
0,4,regression,spline_equal_m6,equal,6,20.2489732277138,3.7523594367417217
0,4,classification,spline_quantile_m0,quantile,0,0.5636002072622912,0.18762061984320325
0,4,classification,spline_quantile_m1,quantile,1,0.5741078891843293,0.18911470506751166
0,4,classification,spline_quantile_m2,quantile,2,0.5902550748397182,0.19670506609142852
0,4,classification,spline_quantile_m3,quantile,3,0.6046032722090244,0.20089437373472163
0,4,classification,spline_quantile_m4,quantile,4,0.5919310726774658,0.19851645343431784
0,4,classification,spline_quantile_m5,quantile,5,0.5915349158211918,0.19786385964744277
0,4,classification,spline_quantile_m6,quantile,6,0.5876235391194902,0.19673580490704992
0,4,classification,spline_equal_m1,equal,1,0.5734591592050791,0.18896058221913747
0,4,classification,spline_equal_m2,equal,2,0.5957962894180305,0.19853218884701238
0,4,classification,spline_equal_m3,equal,3,0.6039750204921226,0.20074444657396012
0,4,classification,spline_equal_m4,equal,4,0.5896064480847754,0.19771708370505403
0,4,classification,spline_equal_m5,equal,5,0.5931449010480648,0.19762024405693812
0,4,classification,spline_equal_m6,equal,6,0.5894759797362095,0.1973901344261358
1,0,regression,spline_quantile_m0,quantile,0,33.566433935169314,4.799256527811782
1,0,regression,spline_quantile_m1,quantile,1,30.78642301815408,4.620793295988826
1,0,regression,spline_quantile_m2,quantile,2,31.19036680455849,4.718073096107715
1,0,regression,spline_quantile_m3,quantile,3,30.930970226204966,4.774226604135132
1,0,regression,spline_quantile_m4,quantile,4,30.515773631683487,4.742563677959307
1,0,regression,spline_quantile_m5,quantile,5,31.02823165895589,4.774934522938321
1,0,regression,spline_quantile_m6,quantile,6,32.11473377376695,4.815662465681635
1,0,regression,spline_equal_m1,equal,1,30.831990943572873,4.6267837034784485
1,0,regression,spline_equal_m2,equal,2,31.129665073792175,4.738082080556692
1,0,regression,spline_equal_m3,equal,3,30.748779271478032,4.7638048448604895
1,0,regression,spline_equal_m4,equal,4,30.550559090959833,4.728241150249713
1,0,regression,spline_equal_m5,equal,5,31.38818259086993,4.795334485738497
1,0,regression,spline_equal_m6,equal,6,32.25895918201001,4.837542236305739
1,0,classification,spline_quantile_m0,quantile,0,0.3799390177153463,0.11560015035371929
1,0,classification,spline_quantile_m1,quantile,1,0.38464390972188534,0.11715626469492722
1,0,classification,spline_quantile_m2,quantile,2,0.38470675415073713,0.12160543041020755
1,0,classification,spline_quantile_m3,quantile,3,0.3859802671835482,0.12233725990770593
1,0,classification,spline_quantile_m4,quantile,4,0.37741981974059385,0.12014350330253698
1,0,classification,spline_quantile_m5,quantile,5,0.3839486129305576,0.12143731128638667
1,0,classification,spline_quantile_m6,quantile,6,0.3733574832391026,0.11951042918377894
1,0,classification,spline_equal_m1,equal,1,0.3842244939310966,0.11695494011283944
1,0,classification,spline_equal_m2,equal,2,0.38602386789682536,0.12197412779100775
1,0,classification,spline_equal_m3,equal,3,0.38868527705408135,0.122947948018932
1,0,classification,spline_equal_m4,equal,4,0.37866366699452025,0.12059301394362125
1,0,classification,spline_equal_m5,equal,5,0.3856278795057401,0.12200461860396533
1,0,classification,spline_equal_m6,equal,6,0.3729881668062267,0.11968266518813822
1,1,regression,spline_quantile_m0,quantile,0,9.745687922003967,2.6463772418118787
1,1,regression,spline_quantile_m1,quantile,1,10.478850026995804,2.6806426656684152
1,1,regression,spline_quantile_m2,quantile,2,10.846594423059901,2.689839221315789
1,1,regression,spline_quantile_m3,quantile,3,11.235571254780046,2.721701874680229
1,1,regression,spline_quantile_m4,quantile,4,11.923945707377225,2.840937911123554
1,1,regression,spline_quantile_m5,quantile,5,12.51764762248969,2.904491237879865
1,1,regression,spline_quantile_m6,quantile,6,12.71651037861982,2.9359025278777993
1,1,regression,spline_equal_m1,equal,1,10.570655021962171,2.683037859009461
1,1,regression,spline_equal_m2,equal,2,10.89290140966951,2.691739768216262
1,1,regression,spline_equal_m3,equal,3,11.433049052581271,2.7510489878004187
1,1,regression,spline_equal_m4,equal,4,12.232951757876515,2.8758488293983895
1,1,regression,spline_equal_m5,equal,5,13.076535041899481,2.9526063905526563
1,1,regression,spline_equal_m6,equal,6,13.684350227975223,3.0071906041900336
1,1,classification,spline_quantile_m0,quantile,0,0.5794175886782115,0.18182983411795514
1,1,classification,spline_quantile_m1,quantile,1,0.5838289608120073,0.18084900584768676
1,1,classification,spline_quantile_m2,quantile,2,0.6518301882403676,0.1968219641613757
1,1,classification,spline_quantile_m3,quantile,3,0.7132373915451111,0.20630612297066064
1,1,classification,spline_quantile_m4,quantile,4,0.7106537370619809,0.20363703357903454
1,1,classification,spline_quantile_m5,quantile,5,0.7212089539341158,0.20479641348298416
1,1,classification,spline_quantile_m6,quantile,6,0.7377993235229031,0.20342512619656816
1,1,classification,spline_equal_m1,equal,1,0.5820272884253863,0.18097343701869387
1,1,classification,spline_equal_m2,equal,2,0.6558821606992109,0.19787612905926097
1,1,classification,spline_equal_m3,equal,3,0.7139214500370573,0.2068234443166544
1,1,classification,spline_equal_m4,equal,4,0.7153178793180586,0.20397989055020038
1,1,classification,spline_equal_m5,equal,5,0.7348191624117257,0.20562835358708373
1,1,classification,spline_equal_m6,equal,6,0.8094463978720522,0.20409994969805495
1,2,regression,spline_quantile_m0,quantile,0,18.057728811052662,3.234859627627597
1,2,regression,spline_quantile_m1,quantile,1,15.741729089616125,3.0632906807565337
1,2,regression,spline_quantile_m2,quantile,2,15.540537716982012,3.0482467950288914
1,2,regression,spline_quantile_m3,quantile,3,15.494576550199058,3.068047266748445
1,2,regression,spline_quantile_m4,quantile,4,15.477161922952178,3.061241807417824
1,2,regression,spline_quantile_m5,quantile,5,16.241422249440017,3.121838443458035
1,2,regression,spline_quantile_m6,quantile,6,16.450678994064848,3.1407169070443515
1,2,regression,spline_equal_m1,equal,1,15.701589236860206,3.0595124832720924
1,2,regression,spline_equal_m2,equal,2,15.575873155644036,3.0557352794809676
1,2,regression,spline_equal_m3,equal,3,15.438660648963028,3.057303821564767
1,2,regression,spline_equal_m4,equal,4,15.579184562670683,3.0700804004340263
1,2,regression,spline_equal_m5,equal,5,16.677818666186518,3.1734760729732283
1,2,regression,spline_equal_m6,equal,6,15.969245429522587,3.0905481210070507
1,2,classification,spline_quantile_m0,quantile,0,0.3890520118492976,0.12132528594625988
1,2,classification,spline_quantile_m1,quantile,1,0.3888558208154375,0.12075071741476157
1,2,classification,spline_quantile_m2,quantile,2,0.37709173412020497,0.11606746792683552
1,2,classification,spline_quantile_m3,quantile,3,0.37926873034665076,0.11711755056744494
1,2,classification,spline_quantile_m4,quantile,4,0.38006081787797086,0.11861536462826844
1,2,classification,spline_quantile_m5,quantile,5,0.37385049491912914,0.11634613143181381
1,2,classification,spline_quantile_m6,quantile,6,0.4005973172870263,0.12795879723931414
1,2,classification,spline_equal_m1,equal,1,0.3889495953908413,0.12088341011125527
1,2,classification,spline_equal_m2,equal,2,0.3789199894158909,0.1168604948480025
1,2,classification,spline_equal_m3,equal,3,0.3793485877044033,0.11720604255931065
1,2,classification,spline_equal_m4,equal,4,0.3771535039190648,0.11713267329311726
1,2,classification,spline_equal_m5,equal,5,0.3769569561532324,0.11632548357711085
1,2,classification,spline_equal_m6,equal,6,0.38757277835767745,0.12275025737110118
1,3,regression,spline_quantile_m0,quantile,0,25.742062481070025,4.020475664197928
1,3,regression,spline_quantile_m1,quantile,1,23.078552551107983,3.7870405293259943
1,3,regression,spline_quantile_m2,quantile,2,23.94665770265463,3.870395074202229
1,3,regression,spline_quantile_m3,quantile,3,23.33765121289452,3.77423092042789
1,3,regression,spline_quantile_m4,quantile,4,24.05245509109569,3.7782491866515984
1,3,regression,spline_quantile_m5,quantile,5,24.701802199756248,3.819562256531322
1,3,regression,spline_quantile_m6,quantile,6,24.70480367046645,3.7913979343309334
1,3,regression,spline_equal_m1,equal,1,22.712614975531547,3.7491293913478945
1,3,regression,spline_equal_m2,equal,2,23.558805806870613,3.823190574451496
1,3,regression,spline_equal_m3,equal,3,23.328720556468156,3.751857041314837
1,3,regression,spline_equal_m4,equal,4,24.689797520082617,3.8134748510700387
1,3,regression,spline_equal_m5,equal,5,24.957861821701965,3.8400748881838456
1,3,regression,spline_equal_m6,equal,6,24.363156442138244,3.766553988172325
1,3,classification,spline_quantile_m0,quantile,0,0.5705782764684858,0.1900599183601014
1,3,classification,spline_quantile_m1,quantile,1,0.5711489109212317,0.18985963344864032
1,3,classification,spline_quantile_m2,quantile,2,0.5596204118776076,0.18812814867326022
1,3,classification,spline_quantile_m3,quantile,3,0.5566457901991871,0.1866132693309478
1,3,classification,spline_quantile_m4,quantile,4,0.5638764973044327,0.1895051094065872
1,3,classification,spline_quantile_m5,quantile,5,0.5575032376278023,0.18754629526420552
1,3,classification,spline_quantile_m6,quantile,6,0.5777246552997757,0.19150122245146034
1,3,classification,spline_equal_m1,equal,1,0.5712498054043337,0.1899326970915809
1,3,classification,spline_equal_m2,equal,2,0.5597762760028535,0.1879294413336765
1,3,classification,spline_equal_m3,equal,3,0.5606639168382306,0.18763642213241785
1,3,classification,spline_equal_m4,equal,4,0.5574102444361916,0.18763774845627604
1,3,classification,spline_equal_m5,equal,5,0.5584634030179582,0.18610387973947312
1,3,classification,spline_equal_m6,equal,6,0.5753630538496289,0.19279974498397892
1,4,regression,spline_quantile_m0,quantile,0,19.849960961669186,3.392678804745176
1,4,regression,spline_quantile_m1,quantile,1,17.546887043821897,3.1979258932139967
1,4,regression,spline_quantile_m2,quantile,2,17.541799282397402,3.2142278216305273
1,4,regression,spline_quantile_m3,quantile,3,17.355268092580925,3.178732006827546
1,4,regression,spline_quantile_m4,quantile,4,17.21062175121772,3.168845921652314
1,4,regression,spline_quantile_m5,quantile,5,17.660105667756,3.195438733810601
1,4,regression,spline_quantile_m6,quantile,6,17.631353259892254,3.1737562851990453
1,4,regression,spline_equal_m1,equal,1,17.549402782463936,3.19809551415997
1,4,regression,spline_equal_m2,equal,2,17.580884535643037,3.216768102168769
1,4,regression,spline_equal_m3,equal,3,17.372653549027817,3.183460946015109
1,4,regression,spline_equal_m4,equal,4,17.225446054812544,3.1718668376067685
1,4,regression,spline_equal_m5,equal,5,17.827155714870294,3.204886689515323
1,4,regression,spline_equal_m6,equal,6,17.78687708649723,3.189849187430397
1,4,classification,spline_quantile_m0,quantile,0,0.31627693892727554,0.09154747649282846
1,4,classification,spline_quantile_m1,quantile,1,0.3299956424469629,0.09305532340829174
1,4,classification,spline_quantile_m2,quantile,2,0.31722757355583353,0.09061330770378556
1,4,classification,spline_quantile_m3,quantile,3,0.33248582065929533,0.09260135049238122
1,4,classification,spline_quantile_m4,quantile,4,0.3610784663765944,0.09598725081655403
1,4,classification,spline_quantile_m5,quantile,5,0.43352501263412513,0.09809289469920196
1,4,classification,spline_quantile_m6,quantile,6,0.48509282542190485,0.09830831628473485
1,4,classification,spline_equal_m1,equal,1,0.33001297322047884,0.0930556468918467
1,4,classification,spline_equal_m2,equal,2,0.31764583075967,0.09069793063870729
1,4,classification,spline_equal_m3,equal,3,0.3341960440488376,0.09278552382603164
1,4,classification,spline_equal_m4,equal,4,0.37467505862231204,0.09664774079428971
1,4,classification,spline_equal_m5,equal,5,0.516997811211829,0.09869490625154516
1,4,classification,spline_equal_m6,equal,6,0.8142150867479557,0.098979366589812
2,0,regression,spline_quantile_m0,quantile,0,26.52157242821009,4.081871525476019
2,0,regression,spline_quantile_m1,quantile,1,23.494392499546723,3.8446883390478233
2,0,regression,spline_quantile_m2,quantile,2,23.054476049953454,3.8148363566573766
2,0,regression,spline_quantile_m3,quantile,3,22.76806162242539,3.7667970748028807
2,0,regression,spline_quantile_m4,quantile,4,22.74310677652482,3.773671662698667
2,0,regression,spline_quantile_m5,quantile,5,22.704661677399013,3.784666123133976
2,0,regression,spline_quantile_m6,quantile,6,23.20667683799722,3.7399184887428145
2,0,regression,spline_equal_m1,equal,1,23.424162592099457,3.842566172710653
2,0,regression,spline_equal_m2,equal,2,22.971745462753464,3.804266831183205
2,0,regression,spline_equal_m3,equal,3,22.761035787907325,3.7634033051343727
2,0,regression,spline_equal_m4,equal,4,22.729829133539408,3.764437698934919
2,0,regression,spline_equal_m5,equal,5,22.785702977338648,3.7585694075265765
2,0,regression,spline_equal_m6,equal,6,23.50054150554541,3.760203519382007
2,0,classification,spline_quantile_m0,quantile,0,0.48499777681844414,0.15828242623018093
2,0,classification,spline_quantile_m1,quantile,1,0.48604156187215153,0.15747292623136816
2,0,classification,spline_quantile_m2,quantile,2,0.48702974316534237,0.1609100089150317
2,0,classification,spline_quantile_m3,quantile,3,0.48659553776072284,0.15666591618575249
2,0,classification,spline_quantile_m4,quantile,4,0.48349335478559174,0.16006435785197645
2,0,classification,spline_quantile_m5,quantile,5,0.5119962893197253,0.165164477333577
2,0,classification,spline_quantile_m6,quantile,6,0.4779161318917854,0.15837367629469107
2,0,classification,spline_equal_m1,equal,1,0.48590304289867825,0.15760190033279625
2,0,classification,spline_equal_m2,equal,2,0.48745523550766234,0.16091229085468148
2,0,classification,spline_equal_m3,equal,3,0.48559933062768496,0.15644726109881557
2,0,classification,spline_equal_m4,equal,4,0.48453611521288387,0.16011599415594333
2,0,classification,spline_equal_m5,equal,5,0.5068917218606238,0.16362078633771993
2,0,classification,spline_equal_m6,equal,6,0.47915011705678806,0.1584922322991747
2,1,regression,spline_quantile_m0,quantile,0,22.801603552644316,3.869730832047533
2,1,regression,spline_quantile_m1,quantile,1,20.892306093918364,3.6268776955288744
2,1,regression,spline_quantile_m2,quantile,2,21.13859944193872,3.639742269649016
2,1,regression,spline_quantile_m3,quantile,3,20.634417445731998,3.6075238202422693
2,1,regression,spline_quantile_m4,quantile,4,20.679334820585154,3.5988520242939286
2,1,regression,spline_quantile_m5,quantile,5,21.058528418412685,3.623046539202727
2,1,regression,spline_quantile_m6,quantile,6,20.357477537887714,3.555592885100562
2,1,regression,spline_equal_m1,equal,1,20.763764487158273,3.61629889000311
2,1,regression,spline_equal_m2,equal,2,21.091284616149046,3.635547267726177
2,1,regression,spline_equal_m3,equal,3,20.624591722716605,3.607359362011026
2,1,regression,spline_equal_m4,equal,4,20.668582698185247,3.6011622412508832
2,1,regression,spline_equal_m5,equal,5,20.91601290540536,3.615234092759744
2,1,regression,spline_equal_m6,equal,6,20.304965907761982,3.5637342616857772
2,1,classification,spline_quantile_m0,quantile,0,0.4754788307269618,0.14190228596575005
2,1,classification,spline_quantile_m1,quantile,1,0.4749158245590024,0.1415371703603614
2,1,classification,spline_quantile_m2,quantile,2,0.466293100476182,0.1409083671390527
2,1,classification,spline_quantile_m3,quantile,3,0.4742263958922443,0.14268718713319176
2,1,classification,spline_quantile_m4,quantile,4,0.4657663358706441,0.14112957134106455
2,1,classification,spline_quantile_m5,quantile,5,0.4827146210596158,0.14105083448217082
2,1,classification,spline_quantile_m6,quantile,6,0.4782214062118485,0.13922172798773308
2,1,classification,spline_equal_m1,equal,1,0.47513355961820075,0.14166353706218507
2,1,classification,spline_equal_m2,equal,2,0.46716109433158026,0.14105158667105047
2,1,classification,spline_equal_m3,equal,3,0.47494307311703016,0.1427468724487178
2,1,classification,spline_equal_m4,equal,4,0.4682900883875647,0.14131331137556985
2,1,classification,spline_equal_m5,equal,5,0.4914676345931949,0.1410140240549554
2,1,classification,spline_equal_m6,equal,6,0.5043018320353443,0.13898380453837467
2,2,regression,spline_quantile_m0,quantile,0,23.167643682422007,3.525825139415845
2,2,regression,spline_quantile_m1,quantile,1,20.590711728899436,3.436585468983314
2,2,regression,spline_quantile_m2,quantile,2,19.994298899879904,3.3989703924784505
2,2,regression,spline_quantile_m3,quantile,3,19.749623039068375,3.386711689171636
2,2,regression,spline_quantile_m4,quantile,4,19.517817565592686,3.368117674385543
2,2,regression,spline_quantile_m5,quantile,5,19.9626957393481,3.4370701708541933
2,2,regression,spline_quantile_m6,quantile,6,22.130326817846953,3.519372004233398
2,2,regression,spline_equal_m1,equal,1,20.582159378817074,3.4358042295210818
2,2,regression,spline_equal_m2,equal,2,19.83643749306895,3.390604716560057
2,2,regression,spline_equal_m3,equal,3,19.744429160816754,3.3885275888939748
2,2,regression,spline_equal_m4,equal,4,19.605099906239907,3.3932589361631575
2,2,regression,spline_equal_m5,equal,5,20.606037669407073,3.4970768550704183
2,2,regression,spline_equal_m6,equal,6,22.202393549235385,3.544728605409887
2,2,classification,spline_quantile_m0,quantile,0,0.3882180913061431,0.12177520456571721
2,2,classification,spline_quantile_m1,quantile,1,0.38855100744946847,0.12186989899374033
2,2,classification,spline_quantile_m2,quantile,2,0.386076429311084,0.12091757299388269
2,2,classification,spline_quantile_m3,quantile,3,0.38620964448773715,0.12125052870153587
2,2,classification,spline_quantile_m4,quantile,4,0.37757062020769827,0.1211100110050588
2,2,classification,spline_quantile_m5,quantile,5,0.40369785334175995,0.12822262310442095
2,2,classification,spline_quantile_m6,quantile,6,0.3982663744195519,0.1271925575232406
2,2,classification,spline_equal_m1,equal,1,0.388686121580256,0.1219083288164253
2,2,classification,spline_equal_m2,equal,2,0.3874258544885394,0.12105923609989237
2,2,classification,spline_equal_m3,equal,3,0.3856942819914027,0.12120218184824992
2,2,classification,spline_equal_m4,equal,4,0.3794114282746653,0.12224012881426653
2,2,classification,spline_equal_m5,equal,5,0.40570457665744625,0.12800835045994127
2,2,classification,spline_equal_m6,equal,6,0.3897309650950377,0.12427570228346652
2,3,regression,spline_quantile_m0,quantile,0,14.725236744324873,3.0007742172342704
2,3,regression,spline_quantile_m1,quantile,1,14.664901961597952,3.1308427810762542
2,3,regression,spline_quantile_m2,quantile,2,15.183471610192028,3.1384631445648283
2,3,regression,spline_quantile_m3,quantile,3,15.938793812404356,3.1976268976635214
2,3,regression,spline_quantile_m4,quantile,4,16.710648687188396,3.3020682425702863
2,3,regression,spline_quantile_m5,quantile,5,16.88600197701176,3.3186348686530085
2,3,regression,spline_quantile_m6,quantile,6,16.84745391235461,3.2983184122591616
2,3,regression,spline_equal_m1,equal,1,14.734343351375081,3.132571638854733
2,3,regression,spline_equal_m2,equal,2,15.372795831619914,3.150166384635264
2,3,regression,spline_equal_m3,equal,3,16.230556545704008,3.2239472290738984
2,3,regression,spline_equal_m4,equal,4,16.93699031586894,3.308315575619302
2,3,regression,spline_equal_m5,equal,5,17.1853901689998,3.3306007382534712
2,3,regression,spline_equal_m6,equal,6,17.04740300080529,3.29891497555032
2,3,classification,spline_quantile_m0,quantile,0,0.4425974011013975,0.13964198263269065
2,3,classification,spline_quantile_m1,quantile,1,0.45855793166701814,0.14320596068095173
2,3,classification,spline_quantile_m2,quantile,2,0.46413528825750316,0.14445064876996078
2,3,classification,spline_quantile_m3,quantile,3,0.48272817989786093,0.14939433517799208
2,3,classification,spline_quantile_m4,quantile,4,0.48845966857461903,0.14833063620092982
2,3,classification,spline_quantile_m5,quantile,5,0.48418245815242505,0.14739404406847834
2,3,classification,spline_quantile_m6,quantile,6,0.5166262110511978,0.15507714520960916
2,3,classification,spline_equal_m1,equal,1,0.4569957533828283,0.1428308976412823
2,3,classification,spline_equal_m2,equal,2,0.46130984153678223,0.14394794038006212
2,3,classification,spline_equal_m3,equal,3,0.4764593445738634,0.14831493812156896
2,3,classification,spline_equal_m4,equal,4,0.47970102586864316,0.1462102022802788
2,3,classification,spline_equal_m5,equal,5,0.48029756619065567,0.1468617094410775
2,3,classification,spline_equal_m6,equal,6,0.5067130040637408,0.15342421103133014
2,4,regression,spline_quantile_m0,quantile,0,21.194330415743323,3.608095786045557
2,4,regression,spline_quantile_m1,quantile,1,20.079305040665,3.4328409851816644
2,4,regression,spline_quantile_m2,quantile,2,21.80893202598154,3.563109511693877
2,4,regression,spline_quantile_m3,quantile,3,23.108838314047212,3.726876287714952
2,4,regression,spline_quantile_m4,quantile,4,23.593564647255185,3.772810234406356
2,4,regression,spline_quantile_m5,quantile,5,23.551011611789612,3.7734925108604993
2,4,regression,spline_quantile_m6,quantile,6,23.531645458369088,3.780522665267948
2,4,regression,spline_equal_m1,equal,1,20.177763637144935,3.4362171427158352
2,4,regression,spline_equal_m2,equal,2,22.05036961621369,3.593555938060521
2,4,regression,spline_equal_m3,equal,3,23.152651095630926,3.730453564026967
2,4,regression,spline_equal_m4,equal,4,23.614243909045914,3.768043436214553
2,4,regression,spline_equal_m5,equal,5,23.663327201060802,3.7824832004192928
2,4,regression,spline_equal_m6,equal,6,23.470960790148496,3.7708408015843524
2,4,classification,spline_quantile_m0,quantile,0,0.4350263840870895,0.13893034939306434
2,4,classification,spline_quantile_m1,quantile,1,0.44855700570603213,0.14070845939968096
2,4,classification,spline_quantile_m2,quantile,2,0.4304832225998057,0.13722792356331764
2,4,classification,spline_quantile_m3,quantile,3,0.44350645531708216,0.1377269303209912
2,4,classification,spline_quantile_m4,quantile,4,0.46637226357528483,0.1353577305678601
2,4,classification,spline_quantile_m5,quantile,5,0.47239020611336857,0.13351711098508473
2,4,classification,spline_quantile_m6,quantile,6,0.4878083034821449,0.1496091592163603
2,4,classification,spline_equal_m1,equal,1,0.4491510359824246,0.14075797850715704
2,4,classification,spline_equal_m2,equal,2,0.43366663796836585,0.13774461966681212
2,4,classification,spline_equal_m3,equal,3,0.444362853889418,0.13791252578192612
2,4,classification,spline_equal_m4,equal,4,0.4705613618502293,0.13349697242941846
2,4,classification,spline_equal_m5,equal,5,0.5388448813820509,0.1317697586774552
2,4,classification,spline_equal_m6,equal,6,0.6174534928413672,0.1426752160796994
3,0,regression,spline_quantile_m0,quantile,0,22.776398381073605,3.7372624926095224
3,0,regression,spline_quantile_m1,quantile,1,18.408452967668445,3.4199459394782146
3,0,regression,spline_quantile_m2,quantile,2,18.183926341595896,3.416551294204196
3,0,regression,spline_quantile_m3,quantile,3,18.79971376347079,3.4727267649202465
3,0,regression,spline_quantile_m4,quantile,4,18.666946961858116,3.4739034547217402
3,0,regression,spline_quantile_m5,quantile,5,18.76895050931718,3.500016166240176
3,0,regression,spline_quantile_m6,quantile,6,18.6691639317655,3.4591284998013903
3,0,regression,spline_equal_m1,equal,1,18.379353526340296,3.418793910692193
3,0,regression,spline_equal_m2,equal,2,18.22304706654652,3.4112739510151733
3,0,regression,spline_equal_m3,equal,3,18.799323142245008,3.465326197927951
3,0,regression,spline_equal_m4,equal,4,18.67929025023797,3.4659271072234286
3,0,regression,spline_equal_m5,equal,5,18.818766982479858,3.479449799220595
3,0,regression,spline_equal_m6,equal,6,18.48716981302392,3.4311299843592367
3,0,classification,spline_quantile_m0,quantile,0,0.44694394581229263,0.132483344514319
3,0,classification,spline_quantile_m1,quantile,1,0.48657124250989825,0.13811810734095736
3,0,classification,spline_quantile_m2,quantile,2,0.5039248096661173,0.147826511956293
3,0,classification,spline_quantile_m3,quantile,3,0.534501008240868,0.15068257950124386
3,0,classification,spline_quantile_m4,quantile,4,0.5225496498981003,0.14954389788776498
3,0,classification,spline_quantile_m5,quantile,5,0.5278376774881363,0.14989577230302148
3,0,classification,spline_quantile_m6,quantile,6,0.5315113366322879,0.1512155677431641
3,0,classification,spline_equal_m1,equal,1,0.4846912059925723,0.13770551406010453
3,0,classification,spline_equal_m2,equal,2,0.49468955698148215,0.14550463861449145
3,0,classification,spline_equal_m3,equal,3,0.5356213546696089,0.15073959293833966
3,0,classification,spline_equal_m4,equal,4,0.5159421251234293,0.14825278394335745
3,0,classification,spline_equal_m5,equal,5,0.5333166540849268,0.15017618276799305
3,0,classification,spline_equal_m6,equal,6,0.5275653233135644,0.15066156503905456
3,1,regression,spline_quantile_m0,quantile,0,22.055648003683892,3.544674742292787
3,1,regression,spline_quantile_m1,quantile,1,22.240333842729378,3.5420646641595708
3,1,regression,spline_quantile_m2,quantile,2,23.21900258584139,3.6527691361660675
3,1,regression,spline_quantile_m3,quantile,3,23.563900094576443,3.6615164591546243
3,1,regression,spline_quantile_m4,quantile,4,23.766125732994766,3.69214082569313
3,1,regression,spline_quantile_m5,quantile,5,23.840740015354708,3.6931840205531783
3,1,regression,spline_quantile_m6,quantile,6,23.58701572104136,3.6547069025837864
3,1,regression,spline_equal_m1,equal,1,22.268161446459377,3.545484866198515
3,1,regression,spline_equal_m2,equal,2,23.215191767935238,3.6483221678084443
3,1,regression,spline_equal_m3,equal,3,23.597557678018052,3.665102028239873
3,1,regression,spline_equal_m4,equal,4,23.798163528283467,3.6932141879810314
3,1,regression,spline_equal_m5,equal,5,23.80307826134538,3.682509113445221
3,1,regression,spline_equal_m6,equal,6,23.37833958859332,3.634976177023054
3,1,classification,spline_quantile_m0,quantile,0,0.38557362341763385,0.12164955374813369
3,1,classification,spline_quantile_m1,quantile,1,0.38906433669440404,0.12262945948374553
3,1,classification,spline_quantile_m2,quantile,2,0.4204905401652585,0.1372165386223019
3,1,classification,spline_quantile_m3,quantile,3,0.4151557494886982,0.13452299221307495
3,1,classification,spline_quantile_m4,quantile,4,0.4163048128521528,0.13718447241611237
3,1,classification,spline_quantile_m5,quantile,5,0.42262334598489076,0.13796087488320496
3,1,classification,spline_quantile_m6,quantile,6,0.41586197965079863,0.136706811415445
3,1,classification,spline_equal_m1,equal,1,0.3892976285063753,0.12270035008587675
3,1,classification,spline_equal_m2,equal,2,0.42156221182282744,0.13719665551194193
3,1,classification,spline_equal_m3,equal,3,0.4144470526610302,0.13420474266029095
3,1,classification,spline_equal_m4,equal,4,0.41749976468568856,0.13749251739555832
3,1,classification,spline_equal_m5,equal,5,0.42709258184132276,0.13889178657248238
3,1,classification,spline_equal_m6,equal,6,0.41479002447269464,0.1364502725908004
3,2,regression,spline_quantile_m0,quantile,0,30.816464556470816,4.097742516612081
3,2,regression,spline_quantile_m1,quantile,1,25.813267675720798,3.7142452951742553
3,2,regression,spline_quantile_m2,quantile,2,25.174875003129664,3.6742533301368354
3,2,regression,spline_quantile_m3,quantile,3,24.688055139448206,3.644851340624987
3,2,regression,spline_quantile_m4,quantile,4,24.358636966596784,3.6476969999565174
3,2,regression,spline_quantile_m5,quantile,5,24.381630472746128,3.6487470357421325
3,2,regression,spline_quantile_m6,quantile,6,24.41528285050056,3.6129100646465924
3,2,regression,spline_equal_m1,equal,1,25.758365942181435,3.712030249318586
3,2,regression,spline_equal_m2,equal,2,24.98293073377649,3.661644867212224
3,2,regression,spline_equal_m3,equal,3,24.621175777075567,3.645986450439423
3,2,regression,spline_equal_m4,equal,4,24.333620529387687,3.6515779180843895
3,2,regression,spline_equal_m5,equal,5,24.32274005611124,3.6579672141415904
3,2,regression,spline_equal_m6,equal,6,24.094315508728993,3.628927449550996
3,2,classification,spline_quantile_m0,quantile,0,0.4925147789207544,0.15315628924992952
3,2,classification,spline_quantile_m1,quantile,1,0.49456349433090613,0.15425800993690478
3,2,classification,spline_quantile_m2,quantile,2,0.48834604644026414,0.15253582597158033
3,2,classification,spline_quantile_m3,quantile,3,0.504709027841932,0.1554372481046015
3,2,classification,spline_quantile_m4,quantile,4,0.5208893355575145,0.1612720126921051
3,2,classification,spline_quantile_m5,quantile,5,0.5771152871172279,0.16602267512026547
3,2,classification,spline_quantile_m6,quantile,6,0.6237502013172178,0.16726560248584468
3,2,classification,spline_equal_m1,equal,1,0.49496013018013785,0.15434302935270255
3,2,classification,spline_equal_m2,equal,2,0.49104845677659215,0.1532114787999193
3,2,classification,spline_equal_m3,equal,3,0.5078559308245081,0.15607977312531326
3,2,classification,spline_equal_m4,equal,4,0.543164291862286,0.16336642582631059
3,2,classification,spline_equal_m5,equal,5,0.656071952690026,0.16755077245179456
3,2,classification,spline_equal_m6,equal,6,1.0050684238606429,0.16775187114605233
3,3,regression,spline_quantile_m0,quantile,0,19.990394616773486,3.6016854586451346
3,3,regression,spline_quantile_m1,quantile,1,18.02593299820175,3.46334122920567
3,3,regression,spline_quantile_m2,quantile,2,17.673112820390124,3.4124676228902526
3,3,regression,spline_quantile_m3,quantile,3,17.43618522633522,3.394991382568013
3,3,regression,spline_quantile_m4,quantile,4,17.23437757535684,3.405278405152068
3,3,regression,spline_quantile_m5,quantile,5,17.152627795458365,3.389448110932564
3,3,regression,spline_quantile_m6,quantile,6,17.458164479097366,3.4278882384008464
3,3,regression,spline_equal_m1,equal,1,17.98524823651839,3.4525163191078105
3,3,regression,spline_equal_m2,equal,2,17.532185403146357,3.400063546203396
3,3,regression,spline_equal_m3,equal,3,17.349091322840355,3.394839398538281
3,3,regression,spline_equal_m4,equal,4,17.200065110961344,3.393696000929231
3,3,regression,spline_equal_m5,equal,5,17.175439194208433,3.386932846972761
3,3,regression,spline_equal_m6,equal,6,17.64824112693261,3.427324777419875
3,3,classification,spline_quantile_m0,quantile,0,0.4160348439288256,0.1352277319730686
3,3,classification,spline_quantile_m1,quantile,1,0.4155137688022258,0.1350707941663029
3,3,classification,spline_quantile_m2,quantile,2,0.4254727086964416,0.14159578166095088
3,3,classification,spline_quantile_m3,quantile,3,0.4225005996459635,0.14042009534087505
3,3,classification,spline_quantile_m4,quantile,4,0.4147528274488214,0.13738410540336393
3,3,classification,spline_quantile_m5,quantile,5,0.4176691559777725,0.13854033716459066
3,3,classification,spline_quantile_m6,quantile,6,0.4103748450805094,0.1364217625840882
3,3,classification,spline_equal_m1,equal,1,0.4160899155080051,0.1352457922421874
3,3,classification,spline_equal_m2,equal,2,0.4264846624529241,0.1419111568648862
3,3,classification,spline_equal_m3,equal,3,0.4247850185046319,0.14129708438151187
3,3,classification,spline_equal_m4,equal,4,0.4159867700662982,0.137919173289353
3,3,classification,spline_equal_m5,equal,5,0.4178520960904222,0.1386604358157696
3,3,classification,spline_equal_m6,equal,6,0.41059906722906575,0.13642544136925186
3,4,regression,spline_quantile_m0,quantile,0,14.744591319194681,3.211121029982908
3,4,regression,spline_quantile_m1,quantile,1,14.967930600347126,3.256141040905676
3,4,regression,spline_quantile_m2,quantile,2,15.002094251840287,3.256372739755928
3,4,regression,spline_quantile_m3,quantile,3,15.330638524960419,3.2963888612908177
3,4,regression,spline_quantile_m4,quantile,4,15.201653475840073,3.2626962187246793
3,4,regression,spline_quantile_m5,quantile,5,15.69532942069032,3.3275242070534086
3,4,regression,spline_quantile_m6,quantile,6,15.61316660875509,3.31555911429959
3,4,regression,spline_equal_m1,equal,1,14.828789422622142,3.2411597703747583
3,4,regression,spline_equal_m2,equal,2,15.072268011389944,3.2689055862694274
3,4,regression,spline_equal_m3,equal,3,15.344106827071911,3.2966605630499823
3,4,regression,spline_equal_m4,equal,4,15.055709048475917,3.2452080537386525
3,4,regression,spline_equal_m5,equal,5,15.723390667612737,3.334622912850278
3,4,regression,spline_equal_m6,equal,6,15.574096152879875,3.3152986166857623
3,4,classification,spline_quantile_m0,quantile,0,0.47202054304207286,0.15776381077517274
3,4,classification,spline_quantile_m1,quantile,1,0.4830062693117746,0.16156564069689686
3,4,classification,spline_quantile_m2,quantile,2,0.4753411140593196,0.1570285722240483
3,4,classification,spline_quantile_m3,quantile,3,0.4765927419030065,0.15763684721544052
3,4,classification,spline_quantile_m4,quantile,4,0.47331596642716733,0.15557093526031754
3,4,classification,spline_quantile_m5,quantile,5,0.473420837047136,0.15540471239830128
3,4,classification,spline_quantile_m6,quantile,6,0.6002036615386082,0.1841368835739329
3,4,classification,spline_equal_m1,equal,1,0.4847459908474341,0.1620771329626468
3,4,classification,spline_equal_m2,equal,2,0.47616604172189125,0.15762255021876154
3,4,classification,spline_equal_m3,equal,3,0.4772850272845388,0.15798744531044875
3,4,classification,spline_equal_m4,equal,4,0.47075892150657517,0.1546948798176362
3,4,classification,spline_equal_m5,equal,5,0.4764186415271577,0.15398473949925884
3,4,classification,spline_equal_m6,equal,6,0.6747653125593749,0.18796638146333616
4,0,regression,spline_quantile_m0,quantile,0,14.111529610161979,2.9860015492102536
4,0,regression,spline_quantile_m1,quantile,1,14.532592655956293,2.861054960859405
4,0,regression,spline_quantile_m2,quantile,2,14.24090491067198,2.8211371695995218
4,0,regression,spline_quantile_m3,quantile,3,13.933035451620292,2.8046162723807004
4,0,regression,spline_quantile_m4,quantile,4,13.727573785465298,2.813023206386413
4,0,regression,spline_quantile_m5,quantile,5,13.733536773508087,2.8056936961590124
4,0,regression,spline_quantile_m6,quantile,6,14.089325997599135,2.7832119410491494
4,0,regression,spline_equal_m1,equal,1,14.503409442984644,2.859179365173436
4,0,regression,spline_equal_m2,equal,2,14.132065607491638,2.8135238385865278
4,0,regression,spline_equal_m3,equal,3,13.885028339502973,2.8075368863764187
4,0,regression,spline_equal_m4,equal,4,13.730966128612366,2.814991393725957
4,0,regression,spline_equal_m5,equal,5,13.80078486564817,2.805506796357982
4,0,regression,spline_equal_m6,equal,6,14.277533180072366,2.7971419395925006
4,0,classification,spline_quantile_m0,quantile,0,0.48670983787430644,0.16383231852476107
4,0,classification,spline_quantile_m1,quantile,1,0.489917105197899,0.16479351249013058
4,0,classification,spline_quantile_m2,quantile,2,0.49319357117641305,0.16636113733537097
4,0,classification,spline_quantile_m3,quantile,3,0.49397858955010837,0.16581908163480383
4,0,classification,spline_quantile_m4,quantile,4,0.4852259321746313,0.16401653777126995
4,0,classification,spline_quantile_m5,quantile,5,0.4944556816216306,0.1645488591790107
4,0,classification,spline_quantile_m6,quantile,6,0.5069619726787207,0.16344104537599644
4,0,classification,spline_equal_m1,equal,1,0.49084215873570636,0.16507417547010017
4,0,classification,spline_equal_m2,equal,2,0.4939253417063499,0.16638118774602995
4,0,classification,spline_equal_m3,equal,3,0.49691908837359805,0.16631807342028662
4,0,classification,spline_equal_m4,equal,4,0.48656311050743495,0.16388928781277134
4,0,classification,spline_equal_m5,equal,5,0.508573104307194,0.16538326212507548
4,0,classification,spline_equal_m6,equal,6,0.5537346977871489,0.16387042269779356
4,1,regression,spline_quantile_m0,quantile,0,19.986447287843905,3.618601710214618
4,1,regression,spline_quantile_m1,quantile,1,15.716418234780189,3.142879420038349
4,1,regression,spline_quantile_m2,quantile,2,15.350656393889528,3.113485692064833
4,1,regression,spline_quantile_m3,quantile,3,15.262002499019946,3.1383987645035902
4,1,regression,spline_quantile_m4,quantile,4,15.280722337539359,3.170851470073598
4,1,regression,spline_quantile_m5,quantile,5,15.454839763911123,3.207862832292123
4,1,regression,spline_quantile_m6,quantile,6,15.349624637620359,3.198718963594448
4,1,regression,spline_equal_m1,equal,1,15.706303407360345,3.1420697970513776
4,1,regression,spline_equal_m2,equal,2,15.343873434973897,3.1081834152114105
4,1,regression,spline_equal_m3,equal,3,15.266701256661188,3.1318503924710255
4,1,regression,spline_equal_m4,equal,4,15.272719831407356,3.169516600386796
4,1,regression,spline_equal_m5,equal,5,15.299894322529802,3.158313557356921
4,1,regression,spline_equal_m6,equal,6,15.281287657184212,3.1646018496817807
4,1,classification,spline_quantile_m0,quantile,0,0.4149575892128765,0.13021195314055234
4,1,classification,spline_quantile_m1,quantile,1,0.41634282830713987,0.1301174611338132
4,1,classification,spline_quantile_m2,quantile,2,0.42413900631951973,0.1279407556455072
4,1,classification,spline_quantile_m3,quantile,3,0.4192037970258527,0.12784572946571482
4,1,classification,spline_quantile_m4,quantile,4,0.4229653424492083,0.1272734245436909
4,1,classification,spline_quantile_m5,quantile,5,0.42332626958260583,0.12523754936631748
4,1,classification,spline_quantile_m6,quantile,6,0.42174581999899075,0.12949451495968767
4,1,classification,spline_equal_m1,equal,1,0.4162485016699252,0.13012841550858464
4,1,classification,spline_equal_m2,equal,2,0.4240146487055064,0.1280394028826607
4,1,classification,spline_equal_m3,equal,3,0.4190128969879731,0.12788733708912753
4,1,classification,spline_equal_m4,equal,4,0.4208418419714403,0.1261233090647439
4,1,classification,spline_equal_m5,equal,5,0.4173736642059086,0.12486179914171254
4,1,classification,spline_equal_m6,equal,6,0.431010618560273,0.13143165738796236
4,2,regression,spline_quantile_m0,quantile,0,23.62461281406579,3.7754946490772388
4,2,regression,spline_quantile_m1,quantile,1,21.405549920256053,3.7058843077677146
4,2,regression,spline_quantile_m2,quantile,2,21.232653239852382,3.7440518261166007
4,2,regression,spline_quantile_m3,quantile,3,21.16405426410235,3.74288126827069
4,2,regression,spline_quantile_m4,quantile,4,21.337612518297355,3.710525491175677
4,2,regression,spline_quantile_m5,quantile,5,21.33570943383258,3.7362039284793265
4,2,regression,spline_quantile_m6,quantile,6,22.12349480124114,3.7946607226090325
4,2,regression,spline_equal_m1,equal,1,21.260516726074385,3.709552613697958
4,2,regression,spline_equal_m2,equal,2,21.2123316025784,3.747142304498894
4,2,regression,spline_equal_m3,equal,3,21.18706553804803,3.741860689700316
4,2,regression,spline_equal_m4,equal,4,21.252401434638603,3.7047281907806937
4,2,regression,spline_equal_m5,equal,5,21.41252692751626,3.7508140809651427
4,2,regression,spline_equal_m6,equal,6,21.51211122013512,3.7247766005259417
4,2,classification,spline_quantile_m0,quantile,0,0.2850721163502753,0.08154418579586474
4,2,classification,spline_quantile_m1,quantile,1,0.28644566947219396,0.08285964088127139
4,2,classification,spline_quantile_m2,quantile,2,0.29624178577476673,0.08558307097620946
4,2,classification,spline_quantile_m3,quantile,3,0.2884309059216104,0.08366362143472406
4,2,classification,spline_quantile_m4,quantile,4,0.3253460862677726,0.09835026859909755
4,2,classification,spline_quantile_m5,quantile,5,0.3191982898388312,0.09668591124069939
4,2,classification,spline_quantile_m6,quantile,6,0.32442576928137307,0.09691201059044006
4,2,classification,spline_equal_m1,equal,1,0.28556622079416594,0.08218609333968382
4,2,classification,spline_equal_m2,equal,2,0.29442943130996807,0.08492481245111141
4,2,classification,spline_equal_m3,equal,3,0.2850718559953089,0.0819653136821323
4,2,classification,spline_equal_m4,equal,4,0.32441515754839967,0.09832444541542402
4,2,classification,spline_equal_m5,equal,5,0.31558591842736344,0.09491923815526887
4,2,classification,spline_equal_m6,equal,6,0.32776068248512336,0.09866157519595581
4,3,regression,spline_quantile_m0,quantile,0,24.055790996302377,4.117822983111115
4,3,regression,spline_quantile_m1,quantile,1,24.19573350029655,4.1342371805124225
4,3,regression,spline_quantile_m2,quantile,2,25.911868799735842,4.269183345086438
4,3,regression,spline_quantile_m3,quantile,3,26.61256032048254,4.2848004929140675
4,3,regression,spline_quantile_m4,quantile,4,27.446993006102645,4.297472630518595
4,3,regression,spline_quantile_m5,quantile,5,28.284061350008145,4.357940084092893
4,3,regression,spline_quantile_m6,quantile,6,28.325096272598454,4.340898807754577
4,3,regression,spline_equal_m1,equal,1,24.469687960240954,4.159138596658226
4,3,regression,spline_equal_m2,equal,2,26.176072042890024,4.274509506735333
4,3,regression,spline_equal_m3,equal,3,27.129780269542362,4.310794119930227
4,3,regression,spline_equal_m4,equal,4,28.197241783250156,4.351113740683286
4,3,regression,spline_equal_m5,equal,5,28.870013644135614,4.424214336324176
4,3,regression,spline_equal_m6,equal,6,28.6670245844898,4.370868861853422
4,3,classification,spline_quantile_m0,quantile,0,0.5390259982107828,0.169824484641025
4,3,classification,spline_quantile_m1,quantile,1,0.5559197180313852,0.17072058276791835
4,3,classification,spline_quantile_m2,quantile,2,0.5379616314554218,0.17032027709326805
4,3,classification,spline_quantile_m3,quantile,3,0.567054754644737,0.17459843801613648
4,3,classification,spline_quantile_m4,quantile,4,0.5593324246006053,0.17389682945006452
4,3,classification,spline_quantile_m5,quantile,5,0.579720580030989,0.1764703257197733
4,3,classification,spline_quantile_m6,quantile,6,0.5587284458874099,0.1783447274997658
4,3,classification,spline_equal_m1,equal,1,0.556359545719366,0.17070567098001962
4,3,classification,spline_equal_m2,equal,2,0.5370685886066018,0.1705219955166515
4,3,classification,spline_equal_m3,equal,3,0.5737599967200872,0.17612838626670124
4,3,classification,spline_equal_m4,equal,4,0.5543932479832807,0.17301318851710124
4,3,classification,spline_equal_m5,equal,5,0.5781627509365048,0.1758487260496873
4,3,classification,spline_equal_m6,equal,6,0.5591012001713052,0.17587658355836344
4,4,regression,spline_quantile_m0,quantile,0,26.461277237129785,3.626697718987559
4,4,regression,spline_quantile_m1,quantile,1,23.870038386001976,3.6485143803783204
4,4,regression,spline_quantile_m2,quantile,2,23.488924046844595,3.6443511235498067
4,4,regression,spline_quantile_m3,quantile,3,23.433887375976575,3.6755127992816705
4,4,regression,spline_quantile_m4,quantile,4,23.221861783963956,3.654515142123425
4,4,regression,spline_quantile_m5,quantile,5,23.2214967822674,3.6593786230712118
4,4,regression,spline_quantile_m6,quantile,6,23.774858257086766,3.730639804217619
4,4,regression,spline_equal_m1,equal,1,23.871942629223604,3.648692096589033
4,4,regression,spline_equal_m2,equal,2,23.54751510568149,3.6526084020866216
4,4,regression,spline_equal_m3,equal,3,23.423594933154323,3.6697162562385883
4,4,regression,spline_equal_m4,equal,4,23.172235975504524,3.648383279557389
4,4,regression,spline_equal_m5,equal,5,23.523951451201892,3.6989366317632504
4,4,regression,spline_equal_m6,equal,6,23.485299066418378,3.687590194924459
4,4,classification,spline_quantile_m0,quantile,0,0.5014071356343297,0.15593019201602862
4,4,classification,spline_quantile_m1,quantile,1,0.5128642520939425,0.1584341391110008
4,4,classification,spline_quantile_m2,quantile,2,0.4964272668856984,0.15565429297554284
4,4,classification,spline_quantile_m3,quantile,3,0.5055000241009783,0.15782997119742592
4,4,classification,spline_quantile_m4,quantile,4,0.5193025916428455,0.15939539614813902
4,4,classification,spline_quantile_m5,quantile,5,0.554822625155072,0.158202012907796
4,4,classification,spline_quantile_m6,quantile,6,0.5582013763570014,0.15984965054899217
4,4,classification,spline_equal_m1,equal,1,0.5128230861741043,0.1584251858193656
4,4,classification,spline_equal_m2,equal,2,0.49919171391438083,0.1561375641933358
4,4,classification,spline_equal_m3,equal,3,0.5089339780917396,0.15833776568112792
4,4,classification,spline_equal_m4,equal,4,0.5440757574597995,0.15881975675887064
4,4,classification,spline_equal_m5,equal,5,0.8181967194091498,0.15721566992953076
4,4,classification,spline_equal_m6,equal,6,0.9910782666088751,0.15879379575369826
5,0,regression,spline_quantile_m0,quantile,0,21.29677226422127,3.8295517386282154
5,0,regression,spline_quantile_m1,quantile,1,19.15444952347627,3.4650613494336437
5,0,regression,spline_quantile_m2,quantile,2,19.07059117356355,3.4593456374856344
5,0,regression,spline_quantile_m3,quantile,3,19.548670739085768,3.538423761141266
5,0,regression,spline_quantile_m4,quantile,4,19.37690380300004,3.5271007657535187
5,0,regression,spline_quantile_m5,quantile,5,19.432253373948576,3.532787306300807
5,0,regression,spline_quantile_m6,quantile,6,19.4218289260961,3.555850525706656
5,0,regression,spline_equal_m1,equal,1,19.1378323052062,3.4610674024879757
5,0,regression,spline_equal_m2,equal,2,19.1092951925329,3.465108493598839
5,0,regression,spline_equal_m3,equal,3,19.560617108669593,3.539644989975547
5,0,regression,spline_equal_m4,equal,4,19.395784937505088,3.528845587761248
5,0,regression,spline_equal_m5,equal,5,19.52365778151316,3.547693590272537
5,0,regression,spline_equal_m6,equal,6,19.3632757875494,3.5575983975549104
5,0,classification,spline_quantile_m0,quantile,0,0.3615311294093732,0.1042108529548226
5,0,classification,spline_quantile_m1,quantile,1,0.3614555709307218,0.10422864673894869
5,0,classification,spline_quantile_m2,quantile,2,0.34774854295114205,0.10087597918684242
5,0,classification,spline_quantile_m3,quantile,3,0.38832061091602355,0.107971793957775
5,0,classification,spline_quantile_m4,quantile,4,0.42855503171759723,0.10957532862200563
5,0,classification,spline_quantile_m5,quantile,5,0.4952561184967398,0.1121932321973582
5,0,classification,spline_quantile_m6,quantile,6,0.5225528036308924,0.11655199150255553
5,0,classification,spline_equal_m1,equal,1,0.36163802921901383,0.10417923220068526
5,0,classification,spline_equal_m2,equal,2,0.35092703613112475,0.10140656957953136
5,0,classification,spline_equal_m3,equal,3,0.39030606960751685,0.10807870637416253
5,0,classification,spline_equal_m4,equal,4,0.4439395953584851,0.10974317282578892
5,0,classification,spline_equal_m5,equal,5,0.6433183324653349,0.11271411652276798
5,0,classification,spline_equal_m6,equal,6,0.870077586089481,0.11708917649718247
5,1,regression,spline_quantile_m0,quantile,0,14.876533257394078,2.9826297999328544
5,1,regression,spline_quantile_m1,quantile,1,13.70820543848942,2.7692917175741787
5,1,regression,spline_quantile_m2,quantile,2,13.425329909993284,2.728831213714908
5,1,regression,spline_quantile_m3,quantile,3,13.349214759266365,2.7084390140181696
5,1,regression,spline_quantile_m4,quantile,4,13.241412802227313,2.661976773408088
5,1,regression,spline_quantile_m5,quantile,5,13.170298052184926,2.666909730608461
5,1,regression,spline_quantile_m6,quantile,6,13.131368204839077,2.647725802219471
5,1,regression,spline_equal_m1,equal,1,13.720342201102367,2.772554707761255
5,1,regression,spline_equal_m2,equal,2,13.373914927954118,2.7255305863296946
5,1,regression,spline_equal_m3,equal,3,13.323357918889577,2.706886051645854
5,1,regression,spline_equal_m4,equal,4,13.22523700767862,2.662622216257293
5,1,regression,spline_equal_m5,equal,5,13.141255862129448,2.669652482187764
5,1,regression,spline_equal_m6,equal,6,13.07072660532177,2.64387997398602
5,1,classification,spline_quantile_m0,quantile,0,0.4707322788841064,0.15189109955257396
5,1,classification,spline_quantile_m1,quantile,1,0.4756181040396063,0.15379321466352497
5,1,classification,spline_quantile_m2,quantile,2,0.5179836808282168,0.16328076530552416
5,1,classification,spline_quantile_m3,quantile,3,0.5345454772017191,0.1654897006921064
5,1,classification,spline_quantile_m4,quantile,4,0.5263981133006357,0.16515445098994566
5,1,classification,spline_quantile_m5,quantile,5,0.5413999545006386,0.16709890796780932
5,1,classification,spline_quantile_m6,quantile,6,0.5701330819890784,0.16987351918267218
5,1,classification,spline_equal_m1,equal,1,0.4769005562627013,0.1542590317860647
5,1,classification,spline_equal_m2,equal,2,0.5167035530001185,0.16275621653353511
5,1,classification,spline_equal_m3,equal,3,0.5354637178541987,0.16538009993574476
5,1,classification,spline_equal_m4,equal,4,0.5334165378036028,0.16594413554741463
5,1,classification,spline_equal_m5,equal,5,0.5615906030156703,0.1676370429752947
5,1,classification,spline_equal_m6,equal,6,0.6556673518726562,0.17166547046399913
5,2,regression,spline_quantile_m0,quantile,0,18.84381851244821,3.6608009543767084
5,2,regression,spline_quantile_m1,quantile,1,18.79572076166153,3.654923239548107
5,2,regression,spline_quantile_m2,quantile,2,19.09766295150946,3.6754373843669237
5,2,regression,spline_quantile_m3,quantile,3,19.53963757546477,3.6950607325534066
5,2,regression,spline_quantile_m4,quantile,4,19.189058768045424,3.68668374861414
5,2,regression,spline_quantile_m5,quantile,5,20.31095244159959,3.752287227983336
5,2,regression,spline_quantile_m6,quantile,6,19.754710487689916,3.7155544101260944
5,2,regression,spline_equal_m1,equal,1,18.777212835968044,3.652602861069182
5,2,regression,spline_equal_m2,equal,2,19.18390897497966,3.6798981898987044
5,2,regression,spline_equal_m3,equal,3,19.441396793955324,3.692643995653264
5,2,regression,spline_equal_m4,equal,4,19.103805403933023,3.671640514636478
5,2,regression,spline_equal_m5,equal,5,20.09811792755996,3.743139635455632
5,2,regression,spline_equal_m6,equal,6,19.378310484758664,3.691419355368581
5,2,classification,spline_quantile_m0,quantile,0,0.5258233410035801,0.16179438903025395
5,2,classification,spline_quantile_m1,quantile,1,0.5407676994555538,0.16295183787196382
5,2,classification,spline_quantile_m2,quantile,2,0.5352249920483387,0.16822944816331237
5,2,classification,spline_quantile_m3,quantile,3,0.5527288433130664,0.17133185327122413
5,2,classification,spline_quantile_m4,quantile,4,0.540036442504865,0.1692531973145016
5,2,classification,spline_quantile_m5,quantile,5,0.5390554428196578,0.16842732703419458
5,2,classification,spline_quantile_m6,quantile,6,0.534574149137269,0.16837967656516878
5,2,classification,spline_equal_m1,equal,1,0.5400835378963784,0.16272190214839927
5,2,classification,spline_equal_m2,equal,2,0.536927260920432,0.1685766282109838
5,2,classification,spline_equal_m3,equal,3,0.5557526242899814,0.17140425951144495
5,2,classification,spline_equal_m4,equal,4,0.5396874833662446,0.16886912719661118
5,2,classification,spline_equal_m5,equal,5,0.542175652636897,0.1693021001835078
5,2,classification,spline_equal_m6,equal,6,0.5517304959606898,0.1725288663807283
5,3,regression,spline_quantile_m0,quantile,0,22.657060028269367,3.657626280196062
5,3,regression,spline_quantile_m1,quantile,1,19.3405172891405,3.4753049206698403
5,3,regression,spline_quantile_m2,quantile,2,18.893100770915222,3.4212325632748315
5,3,regression,spline_quantile_m3,quantile,3,18.548128782407648,3.354301456140941
5,3,regression,spline_quantile_m4,quantile,4,19.013175395967497,3.3795615657023164
5,3,regression,spline_quantile_m5,quantile,5,18.984450168918382,3.4007743733589937
5,3,regression,spline_quantile_m6,quantile,6,18.81630862029021,3.3436085248662253
5,3,regression,spline_equal_m1,equal,1,19.320321474548873,3.4731609756376063
5,3,regression,spline_equal_m2,equal,2,18.76923062263596,3.4055056679028497
5,3,regression,spline_equal_m3,equal,3,18.539956026062832,3.3549582900688004
5,3,regression,spline_equal_m4,equal,4,19.00562840746282,3.3867328883849153
5,3,regression,spline_equal_m5,equal,5,18.930276932948225,3.3899200364740163
5,3,regression,spline_equal_m6,equal,6,18.749697530334338,3.295508436184077
5,3,classification,spline_quantile_m0,quantile,0,0.4665275014187326,0.15134189205374532
5,3,classification,spline_quantile_m1,quantile,1,0.46631785425149713,0.15126957976811115
5,3,classification,spline_quantile_m2,quantile,2,0.4643015036790127,0.14940387669821303
5,3,classification,spline_quantile_m3,quantile,3,0.46197842497976366,0.14953530784205213
5,3,classification,spline_quantile_m4,quantile,4,0.46541605578881345,0.14793742534955848
5,3,classification,spline_quantile_m5,quantile,5,0.48205034173622147,0.1499056520949777
5,3,classification,spline_quantile_m6,quantile,6,0.52630364257594,0.16797765746381763
5,3,classification,spline_equal_m1,equal,1,0.4663561757209561,0.15128342204690445
5,3,classification,spline_equal_m2,equal,2,0.46441142984366224,0.14956078186525082
5,3,classification,spline_equal_m3,equal,3,0.4608183686678234,0.14934687646552516
5,3,classification,spline_equal_m4,equal,4,0.4625315200039337,0.1469693314950767
5,3,classification,spline_equal_m5,equal,5,0.4697828757941822,0.14819735917939478
5,3,classification,spline_equal_m6,equal,6,0.5274174749378149,0.16962537686198526
5,4,regression,spline_quantile_m0,quantile,0,32.17972870214825,4.180580874507346
5,4,regression,spline_quantile_m1,quantile,1,29.071406718144463,4.1581863503230805
5,4,regression,spline_quantile_m2,quantile,2,28.81533999237919,4.2087036614701905
5,4,regression,spline_quantile_m3,quantile,3,28.530999358855833,4.215346592492396
5,4,regression,spline_quantile_m4,quantile,4,28.21661125582809,4.2014784135111345
5,4,regression,spline_quantile_m5,quantile,5,28.731014492398185,4.257261651189272
5,4,regression,spline_quantile_m6,quantile,6,29.534399255967127,4.289074171937041
5,4,regression,spline_equal_m1,equal,1,29.062414378917858,4.169225554746909
5,4,regression,spline_equal_m2,equal,2,28.65587063143182,4.2086297887588415
5,4,regression,spline_equal_m3,equal,3,28.461101013538077,4.217671542473
5,4,regression,spline_equal_m4,equal,4,28.382275241418586,4.2251936104648165
5,4,regression,spline_equal_m5,equal,5,29.277892107426982,4.314798634785655
5,4,regression,spline_equal_m6,equal,6,30.005419388475524,4.35732443443612
5,4,classification,spline_quantile_m0,quantile,0,0.4171700183084161,0.13450344506764045
5,4,classification,spline_quantile_m1,quantile,1,0.4166008318101948,0.13438559043845294
5,4,classification,spline_quantile_m2,quantile,2,0.4164854066314285,0.13404977340968321
5,4,classification,spline_quantile_m3,quantile,3,0.40863906336786004,0.13134757912281117
5,4,classification,spline_quantile_m4,quantile,4,0.4319129466662799,0.13947286743865903
5,4,classification,spline_quantile_m5,quantile,5,0.43403366438864516,0.1397403890143805
5,4,classification,spline_quantile_m6,quantile,6,0.4281861364309836,0.13878580281470976
5,4,classification,spline_equal_m1,equal,1,0.4168643483409334,0.13443903009234523
5,4,classification,spline_equal_m2,equal,2,0.41544754783293314,0.13368081254662684
5,4,classification,spline_equal_m3,equal,3,0.41108619555244447,0.13227696027048702
5,4,classification,spline_equal_m4,equal,4,0.43531020126496345,0.14026245653798453
5,4,classification,spline_equal_m5,equal,5,0.43755500757385407,0.14146086654790666
5,4,classification,spline_equal_m6,equal,6,0.4311511941080117,0.1404501204167636
6,0,regression,spline_quantile_m0,quantile,0,16.37567889201485,3.1009830143827073
6,0,regression,spline_quantile_m1,quantile,1,13.096871370827678,2.87805181702645
6,0,regression,spline_quantile_m2,quantile,2,13.651068802754986,2.8838074729739858
6,0,regression,spline_quantile_m3,quantile,3,14.563026723878092,2.964087192208991
6,0,regression,spline_quantile_m4,quantile,4,15.633111135439474,3.0798748941527565
6,0,regression,spline_quantile_m5,quantile,5,16.16968992021805,3.141461176153289
6,0,regression,spline_quantile_m6,quantile,6,15.929133403417019,3.097792783544737
6,0,regression,spline_equal_m1,equal,1,13.136597373730028,2.8738767634351405
6,0,regression,spline_equal_m2,equal,2,13.83136369346077,2.902267526602968
6,0,regression,spline_equal_m3,equal,3,14.921018014989713,2.995326751887561
6,0,regression,spline_equal_m4,equal,4,16.086759382947747,3.0946842519426343
6,0,regression,spline_equal_m5,equal,5,16.64394041391691,3.1511509100506627
6,0,regression,spline_equal_m6,equal,6,16.76334025556662,3.1409551624989938
6,0,classification,spline_quantile_m0,quantile,0,0.38135896294189486,0.1181215429150249
6,0,classification,spline_quantile_m1,quantile,1,0.3818104517454116,0.11794829635512448
6,0,classification,spline_quantile_m2,quantile,2,0.37977111452151213,0.12029274033500079
6,0,classification,spline_quantile_m3,quantile,3,0.3797452202994772,0.12138805698068517
6,0,classification,spline_quantile_m4,quantile,4,0.3786193486163989,0.1222432833012845
6,0,classification,spline_quantile_m5,quantile,5,0.38301926641511075,0.1226474998266074
6,0,classification,spline_quantile_m6,quantile,6,0.37156899454378284,0.12010009974383382
6,0,classification,spline_equal_m1,equal,1,0.38173839031204837,0.11796903544754694
6,0,classification,spline_equal_m2,equal,2,0.3804645836140606,0.12055705060245214
6,0,classification,spline_equal_m3,equal,3,0.3796701721790444,0.12055983085726839
6,0,classification,spline_equal_m4,equal,4,0.37915508088751787,0.12241224970910437
6,0,classification,spline_equal_m5,equal,5,0.38494347712640625,0.12259627926740613
6,0,classification,spline_equal_m6,equal,6,0.37180213980813437,0.12078451465795309
6,1,regression,spline_quantile_m0,quantile,0,28.4135411445654,4.545742795280184
6,1,regression,spline_quantile_m1,quantile,1,27.280465981408177,4.379122466420572
6,1,regression,spline_quantile_m2,quantile,2,26.60036415278073,4.343307068829636
6,1,regression,spline_quantile_m3,quantile,3,26.545612190370697,4.3533455333194375
6,1,regression,spline_quantile_m4,quantile,4,26.923829134300508,4.359150346686515
6,1,regression,spline_quantile_m5,quantile,5,27.070570879793475,4.386803611167789
6,1,regression,spline_quantile_m6,quantile,6,28.55911854143977,4.454321276979246
6,1,regression,spline_equal_m1,equal,1,27.27712969863689,4.378875497777454
6,1,regression,spline_equal_m2,equal,2,26.5395248398573,4.344735636644185
6,1,regression,spline_equal_m3,equal,3,26.560908930124274,4.35545600339319
6,1,regression,spline_equal_m4,equal,4,26.804569788165765,4.359344104420644
6,1,regression,spline_equal_m5,equal,5,27.456668781902568,4.433197057127075
6,1,regression,spline_equal_m6,equal,6,28.531341987644918,4.445381785174491
6,1,classification,spline_quantile_m0,quantile,0,0.37941869046603577,0.120265946486295
6,1,classification,spline_quantile_m1,quantile,1,0.37965615626379495,0.12043295588344641
6,1,classification,spline_quantile_m2,quantile,2,0.36877464602457627,0.11760452553083295
6,1,classification,spline_quantile_m3,quantile,3,0.37598307542087794,0.11870833605023468
6,1,classification,spline_quantile_m4,quantile,4,0.36217484264949834,0.11594279481441586
6,1,classification,spline_quantile_m5,quantile,5,0.37389858335630277,0.11826442423983352
6,1,classification,spline_quantile_m6,quantile,6,0.3924256548322028,0.1285074744677009
6,1,classification,spline_equal_m1,equal,1,0.37966761384783004,0.12044136917685686
6,1,classification,spline_equal_m2,equal,2,0.3699936493434719,0.11806072741021016
6,1,classification,spline_equal_m3,equal,3,0.375438545588949,0.11855750142063527
6,1,classification,spline_equal_m4,equal,4,0.36076589873670406,0.1152608355731492
6,1,classification,spline_equal_m5,equal,5,0.38224021227935445,0.1205813472680955
6,1,classification,spline_equal_m6,equal,6,0.3895720422066829,0.1277232854368498
6,2,regression,spline_quantile_m0,quantile,0,20.071412778227245,3.50478706841507
6,2,regression,spline_quantile_m1,quantile,1,19.924051705787296,3.615537461979735
6,2,regression,spline_quantile_m2,quantile,2,20.92943548978414,3.6314534037120296
6,2,regression,spline_quantile_m3,quantile,3,21.113955683094595,3.5699566990533653
6,2,regression,spline_quantile_m4,quantile,4,20.7047549442411,3.5325464479752045
6,2,regression,spline_quantile_m5,quantile,5,21.311997208952675,3.593584720056525
6,2,regression,spline_quantile_m6,quantile,6,20.77145196559159,3.52529266115536
6,2,regression,spline_equal_m1,equal,1,20.135085254820762,3.625255775882126
6,2,regression,spline_equal_m2,equal,2,20.94530678674437,3.624640546343741
6,2,regression,spline_equal_m3,equal,3,20.95881338043025,3.5504850039638054
6,2,regression,spline_equal_m4,equal,4,20.710482932292244,3.536912270286868
6,2,regression,spline_equal_m5,equal,5,21.224590097702986,3.580023008578006
6,2,regression,spline_equal_m6,equal,6,20.691059978343787,3.5180034312877293
6,2,classification,spline_quantile_m0,quantile,0,0.4021650022176361,0.12500003390521727
6,2,classification,spline_quantile_m1,quantile,1,0.40456684998298703,0.12553379585262595
6,2,classification,spline_quantile_m2,quantile,2,0.3924860837820643,0.12212821571805861
6,2,classification,spline_quantile_m3,quantile,3,0.40994475531744684,0.12711966975870614
6,2,classification,spline_quantile_m4,quantile,4,0.3995308117131677,0.12462135211375296
6,2,classification,spline_quantile_m5,quantile,5,0.4110976628138057,0.12710058708567706
6,2,classification,spline_quantile_m6,quantile,6,0.41755247063449824,0.1331744887719131
6,2,classification,spline_equal_m1,equal,1,0.40441710757334326,0.1255100330918631
6,2,classification,spline_equal_m2,equal,2,0.39270801115427034,0.12217004280650105
6,2,classification,spline_equal_m3,equal,3,0.40770417021222477,0.126357222492209
6,2,classification,spline_equal_m4,equal,4,0.3985265630901447,0.12415487660119115
6,2,classification,spline_equal_m5,equal,5,0.40890161912526735,0.12642737446725077
6,2,classification,spline_equal_m6,equal,6,0.4178240766511447,0.1322107868342526
6,3,regression,spline_quantile_m0,quantile,0,22.806590316693896,3.5900384027813077
6,3,regression,spline_quantile_m1,quantile,1,18.2582953429173,3.1450419466365735
6,3,regression,spline_quantile_m2,quantile,2,17.996733650437246,3.1246719113942047
6,3,regression,spline_quantile_m3,quantile,3,17.779841650781997,3.1470508930087955
6,3,regression,spline_quantile_m4,quantile,4,17.795643099399783,3.1646039901734757
6,3,regression,spline_quantile_m5,quantile,5,17.850099935791135,3.170278773560517
6,3,regression,spline_quantile_m6,quantile,6,17.762762973978383,3.1642795168952715
6,3,regression,spline_equal_m1,equal,1,18.209550501896906,3.1424394078222373
6,3,regression,spline_equal_m2,equal,2,17.932845532067386,3.1186606246528203
6,3,regression,spline_equal_m3,equal,3,17.778663017900914,3.1454872123072937
6,3,regression,spline_equal_m4,equal,4,17.849363794184786,3.1647038512276335
6,3,regression,spline_equal_m5,equal,5,17.891515283976176,3.1641361073355467
6,3,regression,spline_equal_m6,equal,6,17.79964725197098,3.1701898037972365
6,3,classification,spline_quantile_m0,quantile,0,0.4175592838318975,0.12473490563079861
6,3,classification,spline_quantile_m1,quantile,1,0.41819420970189386,0.12538284767742539
6,3,classification,spline_quantile_m2,quantile,2,0.5327926805263753,0.1528990337738017
6,3,classification,spline_quantile_m3,quantile,3,0.5259113218666829,0.14999492997473585
6,3,classification,spline_quantile_m4,quantile,4,0.5470044072312671,0.15498130792171463
6,3,classification,spline_quantile_m5,quantile,5,0.6197123104104548,0.1622933705961028
6,3,classification,spline_quantile_m6,quantile,6,0.6354961032223315,0.1588309983593607
6,3,classification,spline_equal_m1,equal,1,0.41787376190020575,0.12521610203465933
6,3,classification,spline_equal_m2,equal,2,0.5293013693410923,0.15181076909092794
6,3,classification,spline_equal_m3,equal,3,0.5219974638672843,0.14925905045789614
6,3,classification,spline_equal_m4,equal,4,0.5542801989379922,0.15711667960837628
6,3,classification,spline_equal_m5,equal,5,0.6231029009469853,0.16524670326660942
6,3,classification,spline_equal_m6,equal,6,0.6927342653397508,0.15952334798073284
6,4,regression,spline_quantile_m0,quantile,0,20.905154208483253,3.448386011244562
6,4,regression,spline_quantile_m1,quantile,1,19.947487888274814,3.396680287257713
6,4,regression,spline_quantile_m2,quantile,2,19.716953025408937,3.386833352276949
6,4,regression,spline_quantile_m3,quantile,3,19.391376605475283,3.3853398944745954
6,4,regression,spline_quantile_m4,quantile,4,19.179428205369035,3.374685860659081
6,4,regression,spline_quantile_m5,quantile,5,19.33452236910745,3.389645312089611
6,4,regression,spline_quantile_m6,quantile,6,19.40510224519033,3.396810750812346
6,4,regression,spline_equal_m1,equal,1,19.943086287974996,3.3960350238387282
6,4,regression,spline_equal_m2,equal,2,19.634478538722476,3.3902108654215546
6,4,regression,spline_equal_m3,equal,3,19.368847856609964,3.3825854042807397
6,4,regression,spline_equal_m4,equal,4,19.18564799033871,3.3719291549494623
6,4,regression,spline_equal_m5,equal,5,19.36484749554338,3.385411482472656
6,4,regression,spline_equal_m6,equal,6,19.25599527754629,3.38542899162092
6,4,classification,spline_quantile_m0,quantile,0,0.6452376160233451,0.2070908562238405
6,4,classification,spline_quantile_m1,quantile,1,0.6472923822274252,0.20743333668603953
6,4,classification,spline_quantile_m2,quantile,2,0.6378072642962593,0.20616614176397818
6,4,classification,spline_quantile_m3,quantile,3,0.6447470583779235,0.20495275285258505
6,4,classification,spline_quantile_m4,quantile,4,0.6382774312506936,0.20191052975664403
6,4,classification,spline_quantile_m5,quantile,5,0.6781232668462122,0.20451391230472662
6,4,classification,spline_quantile_m6,quantile,6,0.7482287294637808,0.21240357901669119
6,4,classification,spline_equal_m1,equal,1,0.6474615455934654,0.20747885278027214
6,4,classification,spline_equal_m2,equal,2,0.6399368595588913,0.2063944202084863
6,4,classification,spline_equal_m3,equal,3,0.6463169203233231,0.20546275685033155
6,4,classification,spline_equal_m4,equal,4,0.6520507830537823,0.201712423186175
6,4,classification,spline_equal_m5,equal,5,0.8403664345047802,0.20688882669663367
6,4,classification,spline_equal_m6,equal,6,1.1565684057568901,0.21619119473395595
7,0,regression,spline_quantile_m0,quantile,0,21.670556216555607,3.747696353534798
7,0,regression,spline_quantile_m1,quantile,1,21.022946551680878,3.574976032185233
7,0,regression,spline_quantile_m2,quantile,2,21.09866480234246,3.579604921349036
7,0,regression,spline_quantile_m3,quantile,3,21.418610788073106,3.6292313208292204
7,0,regression,spline_quantile_m4,quantile,4,21.569850932810514,3.6385397827187584
7,0,regression,spline_quantile_m5,quantile,5,21.715429674883993,3.6435091462114286
7,0,regression,spline_quantile_m6,quantile,6,21.83646421091023,3.661856752775332
7,0,regression,spline_equal_m1,equal,1,21.021556333253884,3.574429512218468
7,0,regression,spline_equal_m2,equal,2,21.12441615053399,3.584195360181578
7,0,regression,spline_equal_m3,equal,3,21.411140294995075,3.628838609269636
7,0,regression,spline_equal_m4,equal,4,21.683832861876112,3.649035396584948
7,0,regression,spline_equal_m5,equal,5,22.035381590931383,3.679100530555222
7,0,regression,spline_equal_m6,equal,6,22.194180745230852,3.6760969831380605
7,0,classification,spline_quantile_m0,quantile,0,0.5295184529296306,0.17264191036433782
7,0,classification,spline_quantile_m1,quantile,1,0.5896967689063551,0.1822808700794546
7,0,classification,spline_quantile_m2,quantile,2,0.5589765447269882,0.17832182327073084
7,0,classification,spline_quantile_m3,quantile,3,0.5681127822467466,0.1801601382545269
7,0,classification,spline_quantile_m4,quantile,4,0.5631384772734496,0.17444156396765334
7,0,classification,spline_quantile_m5,quantile,5,0.6186573334729006,0.1722629830739361
7,0,classification,spline_quantile_m6,quantile,6,0.6827361865460094,0.1703673075155336
7,0,classification,spline_equal_m1,equal,1,0.5894649738270523,0.1822431451136463
7,0,classification,spline_equal_m2,equal,2,0.5617125862980965,0.17885556854095389
7,0,classification,spline_equal_m3,equal,3,0.567758483821878,0.18005555529043982
7,0,classification,spline_equal_m4,equal,4,0.5709492808470941,0.17409628696291798
7,0,classification,spline_equal_m5,equal,5,0.688181913174812,0.17225906012112482
7,0,classification,spline_equal_m6,equal,6,1.0265129083593427,0.16992378527563964
7,1,regression,spline_quantile_m0,quantile,0,16.31903577588068,3.223404529000928
7,1,regression,spline_quantile_m1,quantile,1,15.940139565018491,3.3459581872524744
7,1,regression,spline_quantile_m2,quantile,2,16.151060954345322,3.357496528594585
7,1,regression,spline_quantile_m3,quantile,3,16.91113208313749,3.4517926317986145
7,1,regression,spline_quantile_m4,quantile,4,16.959222426189356,3.4479442539868987
7,1,regression,spline_quantile_m5,quantile,5,17.016511227382832,3.467483089710272
7,1,regression,spline_quantile_m6,quantile,6,17.04555600007728,3.4613453620757504
7,1,regression,spline_equal_m1,equal,1,15.945394825469892,3.3456467926480173
7,1,regression,spline_equal_m2,equal,2,16.25313861143545,3.376655866247504
7,1,regression,spline_equal_m3,equal,3,17.02335595659129,3.458245088529873
7,1,regression,spline_equal_m4,equal,4,17.084439065275063,3.456171629893644
7,1,regression,spline_equal_m5,equal,5,17.23730550929046,3.4754603620000264
7,1,regression,spline_equal_m6,equal,6,16.788076637426816,3.4192020381714747
7,1,classification,spline_quantile_m0,quantile,0,0.46450269888503937,0.14975107881142322
7,1,classification,spline_quantile_m1,quantile,1,0.46858606470804604,0.15110255545251058
7,1,classification,spline_quantile_m2,quantile,2,0.5291964780791504,0.17293314847968358
7,1,classification,spline_quantile_m3,quantile,3,0.5410614496379256,0.17628165379516372
7,1,classification,spline_quantile_m4,quantile,4,0.5500679474150909,0.17563745904048583
7,1,classification,spline_quantile_m5,quantile,5,0.5994707611050633,0.1791256198579704
7,1,classification,spline_quantile_m6,quantile,6,0.64904564224028,0.17666335908996014
7,1,classification,spline_equal_m1,equal,1,0.46822707725336116,0.15097458188558593
7,1,classification,spline_equal_m2,equal,2,0.5287447948592002,0.1726995215039302
7,1,classification,spline_equal_m3,equal,3,0.5424852333623982,0.17646826293619763
7,1,classification,spline_equal_m4,equal,4,0.5472075485261405,0.1751372523823369
7,1,classification,spline_equal_m5,equal,5,0.5937566290331343,0.17948818557879143
7,1,classification,spline_equal_m6,equal,6,0.6562847028571513,0.17579699770405746
7,2,regression,spline_quantile_m0,quantile,0,23.925757723517794,3.8193065309241008
7,2,regression,spline_quantile_m1,quantile,1,20.967281587297418,3.6280410273025177
7,2,regression,spline_quantile_m2,quantile,2,20.524903771661755,3.581319378473154
7,2,regression,spline_quantile_m3,quantile,3,20.17011204083887,3.533339330422021
7,2,regression,spline_quantile_m4,quantile,4,20.966415707796326,3.60367016960984
7,2,regression,spline_quantile_m5,quantile,5,21.868920751074942,3.728679473945262
7,2,regression,spline_quantile_m6,quantile,6,22.820668399438144,3.8503012879953955
7,2,regression,spline_equal_m1,equal,1,20.800541017375227,3.597331609924779
7,2,regression,spline_equal_m2,equal,2,20.42449100269418,3.5739516775214724
7,2,regression,spline_equal_m3,equal,3,20.090234726859475,3.525744719717746
7,2,regression,spline_equal_m4,equal,4,20.537790150037505,3.5561661748155147
7,2,regression,spline_equal_m5,equal,5,22.06116323071126,3.7480445391342307
7,2,regression,spline_equal_m6,equal,6,21.777011115931437,3.7140827570050385
7,2,classification,spline_quantile_m0,quantile,0,0.4608080314198595,0.13872714043692155
7,2,classification,spline_quantile_m1,quantile,1,0.47441109170486256,0.14077247886973568
7,2,classification,spline_quantile_m2,quantile,2,0.45876873835534554,0.13799999202523275
7,2,classification,spline_quantile_m3,quantile,3,0.46603535952688524,0.1381850600184629
7,2,classification,spline_quantile_m4,quantile,4,0.4521966671270103,0.13618091441378
7,2,classification,spline_quantile_m5,quantile,5,0.46310636973988667,0.13702114304981533
7,2,classification,spline_quantile_m6,quantile,6,0.4598223906937846,0.14186715897492116
7,2,classification,spline_equal_m1,equal,1,0.4751252987405762,0.1409193741942879
7,2,classification,spline_equal_m2,equal,2,0.45857636489710885,0.13791613186689022
7,2,classification,spline_equal_m3,equal,3,0.4677392890046871,0.1385054493665207
7,2,classification,spline_equal_m4,equal,4,0.4543894446617413,0.13627226040452953
7,2,classification,spline_equal_m5,equal,5,0.4661338656752642,0.13904105351353363
7,2,classification,spline_equal_m6,equal,6,0.4778758356317501,0.14768421473776644
7,3,regression,spline_quantile_m0,quantile,0,29.830740071695768,4.083894192447884
7,3,regression,spline_quantile_m1,quantile,1,27.401294840030594,3.9107515077578876
7,3,regression,spline_quantile_m2,quantile,2,26.83859188074431,3.8620413163532925
7,3,regression,spline_quantile_m3,quantile,3,26.831486282006022,3.8587751896277456
7,3,regression,spline_quantile_m4,quantile,4,27.33799258496773,3.869648161723239
7,3,regression,spline_quantile_m5,quantile,5,27.264734274890262,3.886649079348291
7,3,regression,spline_quantile_m6,quantile,6,27.381857055015907,3.803789544357059
7,3,regression,spline_equal_m1,equal,1,27.320848456846246,3.9141685442167438
7,3,regression,spline_equal_m2,equal,2,26.789262464400586,3.855098690000815
7,3,regression,spline_equal_m3,equal,3,26.796779959759416,3.851163336202075
7,3,regression,spline_equal_m4,equal,4,27.29173903173877,3.8767358202528497
7,3,regression,spline_equal_m5,equal,5,26.81271123652508,3.846717983017564
7,3,regression,spline_equal_m6,equal,6,27.767151628809614,3.853120690230936
7,3,classification,spline_quantile_m0,quantile,0,0.4246460485959727,0.12994579893260655
7,3,classification,spline_quantile_m1,quantile,1,0.43324230441321454,0.13140981639580082
7,3,classification,spline_quantile_m2,quantile,2,0.42021005999893674,0.12935983648327823
7,3,classification,spline_quantile_m3,quantile,3,0.425566485066758,0.12849002669366308
7,3,classification,spline_quantile_m4,quantile,4,0.4161303916483102,0.1311100371245117
7,3,classification,spline_quantile_m5,quantile,5,0.42438487439482997,0.1319153203371817
7,3,classification,spline_quantile_m6,quantile,6,0.41247623101385594,0.13063347559409158
7,3,classification,spline_equal_m1,equal,1,0.4330608494413344,0.1313388233179884
7,3,classification,spline_equal_m2,equal,2,0.420049069491388,0.1291911082287562
7,3,classification,spline_equal_m3,equal,3,0.4260764149278622,0.12826006852706767
7,3,classification,spline_equal_m4,equal,4,0.41788370241910067,0.13144980918504456
7,3,classification,spline_equal_m5,equal,5,0.4254666722396442,0.13180921274205645
7,3,classification,spline_equal_m6,equal,6,0.41322322180802606,0.13074928948151204
7,4,regression,spline_quantile_m0,quantile,0,20.758608316289788,3.6198077829310598
7,4,regression,spline_quantile_m1,quantile,1,18.569040310242986,3.36768009203324
7,4,regression,spline_quantile_m2,quantile,2,18.282562793774296,3.325151980536811
7,4,regression,spline_quantile_m3,quantile,3,18.39259835376669,3.3874353858833772
7,4,regression,spline_quantile_m4,quantile,4,18.614577466356426,3.431885023733598
7,4,regression,spline_quantile_m5,quantile,5,19.406289166157823,3.469650800901822
7,4,regression,spline_quantile_m6,quantile,6,19.19883549044338,3.398767179380574
7,4,regression,spline_equal_m1,equal,1,18.565965480929336,3.3613145055570497
7,4,regression,spline_equal_m2,equal,2,18.251425565706644,3.3357596463507684
7,4,regression,spline_equal_m3,equal,3,18.52510077546706,3.402998731273724
7,4,regression,spline_equal_m4,equal,4,18.81196926486361,3.4427818939634385
7,4,regression,spline_equal_m5,equal,5,19.55686699988279,3.4603700860784623
7,4,regression,spline_equal_m6,equal,6,19.196602332605618,3.38473937072011
7,4,classification,spline_quantile_m0,quantile,0,0.37760740384516284,0.11950339254510726
7,4,classification,spline_quantile_m1,quantile,1,0.38039548994974853,0.12060180392115712
7,4,classification,spline_quantile_m2,quantile,2,0.37635337352020193,0.11823760480610022
7,4,classification,spline_quantile_m3,quantile,3,0.37198126274735066,0.11852854191167404
7,4,classification,spline_quantile_m4,quantile,4,0.38494347556081265,0.12389236501289107
7,4,classification,spline_quantile_m5,quantile,5,0.3824035182533514,0.12179095665003475
7,4,classification,spline_quantile_m6,quantile,6,0.38245770598995343,0.1252057551782352
7,4,classification,spline_equal_m1,equal,1,0.38112696651900874,0.12088083505278807
7,4,classification,spline_equal_m2,equal,2,0.3768027916689472,0.1183431355443141
7,4,classification,spline_equal_m3,equal,3,0.3722195769248691,0.11835772809296538
7,4,classification,spline_equal_m4,equal,4,0.38283638802777403,0.12277021413918061
7,4,classification,spline_equal_m5,equal,5,0.3779064162941227,0.11962481571547037
7,4,classification,spline_equal_m6,equal,6,0.383351925455543,0.1258035106685197
8,0,regression,spline_quantile_m0,quantile,0,21.046336771459334,3.616923094517434
8,0,regression,spline_quantile_m1,quantile,1,17.831010158293036,3.4074520442539193
8,0,regression,spline_quantile_m2,quantile,2,18.22411522884669,3.481339227790195
8,0,regression,spline_quantile_m3,quantile,3,18.34937344105692,3.5036878323353067
8,0,regression,spline_quantile_m4,quantile,4,18.65455422833712,3.5123747853510827
8,0,regression,spline_quantile_m5,quantile,5,18.663546533413275,3.512822735811936
8,0,regression,spline_quantile_m6,quantile,6,18.25397920840259,3.4738346270655764
8,0,regression,spline_equal_m1,equal,1,17.929371271609458,3.425987720037133
8,0,regression,spline_equal_m2,equal,2,18.160569902054544,3.4809727320638446
8,0,regression,spline_equal_m3,equal,3,18.349604422253634,3.5042392750825884
8,0,regression,spline_equal_m4,equal,4,18.671308653126754,3.517754520881858
8,0,regression,spline_equal_m5,equal,5,18.535967405138894,3.506708852006652
8,0,regression,spline_equal_m6,equal,6,18.117582899143805,3.4615237243767325
8,0,classification,spline_quantile_m0,quantile,0,0.5980261027112156,0.1928832834498777
8,0,classification,spline_quantile_m1,quantile,1,0.6159676537228452,0.19383949560270658
8,0,classification,spline_quantile_m2,quantile,2,0.604910352811399,0.1970127626166599
8,0,classification,spline_quantile_m3,quantile,3,0.6153853188905846,0.19708569419007366
8,0,classification,spline_quantile_m4,quantile,4,0.5991172816895158,0.1957193754766309
8,0,classification,spline_quantile_m5,quantile,5,0.6095873560987923,0.1969573541133411
8,0,classification,spline_quantile_m6,quantile,6,0.5922527716309854,0.19483241917439742
8,0,classification,spline_equal_m1,equal,1,0.6149230936297244,0.1936214961490046
8,0,classification,spline_equal_m2,equal,2,0.6059504855455372,0.19708347756487185
8,0,classification,spline_equal_m3,equal,3,0.6183382205412863,0.19704837414133472
8,0,classification,spline_equal_m4,equal,4,0.6033204533896313,0.1964637031397614
8,0,classification,spline_equal_m5,equal,5,0.6120569161202748,0.19774964948714926
8,0,classification,spline_equal_m6,equal,6,0.5966410544938071,0.1960392166735418
8,1,regression,spline_quantile_m0,quantile,0,27.142531591933516,4.025832990716934
8,1,regression,spline_quantile_m1,quantile,1,26.514136982253675,4.087219954298785
8,1,regression,spline_quantile_m2,quantile,2,26.895228436918757,4.144208754288388
8,1,regression,spline_quantile_m3,quantile,3,27.61883939201225,4.2004260816289865
8,1,regression,spline_quantile_m4,quantile,4,27.635168652517383,4.182567982307838
8,1,regression,spline_quantile_m5,quantile,5,28.10631737924307,4.208819269283832
8,1,regression,spline_quantile_m6,quantile,6,28.557619242997493,4.177845009940495
8,1,regression,spline_equal_m1,equal,1,26.501270802259135,4.085271076283139
8,1,regression,spline_equal_m2,equal,2,26.966334663963792,4.146309708388504
8,1,regression,spline_equal_m3,equal,3,27.68910753466171,4.202484867633155
8,1,regression,spline_equal_m4,equal,4,27.885685622243514,4.200442780214058
8,1,regression,spline_equal_m5,equal,5,28.581987730954975,4.233921005646528
8,1,regression,spline_equal_m6,equal,6,28.64557629422115,4.1596619016797725
8,1,classification,spline_quantile_m0,quantile,0,0.3593141754923736,0.115357989809067
8,1,classification,spline_quantile_m1,quantile,1,0.3594081196485186,0.11544173288000303
8,1,classification,spline_quantile_m2,quantile,2,0.3558053200279504,0.11565989749480492
8,1,classification,spline_quantile_m3,quantile,3,0.3591322058915585,0.11677038038028503
8,1,classification,spline_quantile_m4,quantile,4,0.3472656921635102,0.11310150532980374
8,1,classification,spline_quantile_m5,quantile,5,0.35246110546605836,0.11465691586244624
8,1,classification,spline_quantile_m6,quantile,6,0.3527685405891745,0.11769070782300377
8,1,classification,spline_equal_m1,equal,1,0.3594100065768325,0.11544833758519601
8,1,classification,spline_equal_m2,equal,2,0.35770874726422164,0.1161506599846463
8,1,classification,spline_equal_m3,equal,3,0.3599033092594492,0.11706159962514226
8,1,classification,spline_equal_m4,equal,4,0.3497612869064983,0.11383228780039444
8,1,classification,spline_equal_m5,equal,5,0.3555422112371712,0.1156905344494625
8,1,classification,spline_equal_m6,equal,6,0.347139487367812,0.11520414877837132
8,2,regression,spline_quantile_m0,quantile,0,15.058113414687243,3.21282562254037
8,2,regression,spline_quantile_m1,quantile,1,16.3239561539665,3.353211197511337
8,2,regression,spline_quantile_m2,quantile,2,16.31353874746086,3.351871129454497
8,2,regression,spline_quantile_m3,quantile,3,15.775242334416477,3.3164232951358805
8,2,regression,spline_quantile_m4,quantile,4,15.85313065910937,3.339004011558327
8,2,regression,spline_quantile_m5,quantile,5,17.12225420889426,3.4426803805665056
8,2,regression,spline_quantile_m6,quantile,6,16.13743179536169,3.370649217011527
8,2,regression,spline_equal_m1,equal,1,16.206240549707708,3.3385469911379455
8,2,regression,spline_equal_m2,equal,2,16.232187909232575,3.3457859602701454
8,2,regression,spline_equal_m3,equal,3,15.689866914500328,3.307642251958436
8,2,regression,spline_equal_m4,equal,4,15.818832444204338,3.334823675113863
8,2,regression,spline_equal_m5,equal,5,16.725632175912448,3.4054899174501503
8,2,regression,spline_equal_m6,equal,6,15.685091806656635,3.328882701695771
8,2,classification,spline_quantile_m0,quantile,0,0.45190202237377436,0.14127318012193416
8,2,classification,spline_quantile_m1,quantile,1,0.45152119675358277,0.14124816896511613
8,2,classification,spline_quantile_m2,quantile,2,0.45083193448714676,0.13980812704589618
8,2,classification,spline_quantile_m3,quantile,3,0.44337476658213704,0.14022415600516847
8,2,classification,spline_quantile_m4,quantile,4,0.4884045293654,0.15502675928809134
8,2,classification,spline_quantile_m5,quantile,5,0.49461908107350305,0.15571687145436044
8,2,classification,spline_quantile_m6,quantile,6,0.4873958608862127,0.15508269480683856
8,2,classification,spline_equal_m1,equal,1,0.4519225072790796,0.14127444793278446
8,2,classification,spline_equal_m2,equal,2,0.4499645344513419,0.13952038373868703
8,2,classification,spline_equal_m3,equal,3,0.4428032195334321,0.13994797317550156
8,2,classification,spline_equal_m4,equal,4,0.4909056550996126,0.15528094702469766
8,2,classification,spline_equal_m5,equal,5,0.4961567291900318,0.15496057771870209
8,2,classification,spline_equal_m6,equal,6,0.49116353182254663,0.1550394643084438
8,3,regression,spline_quantile_m0,quantile,0,28.6581542170889,4.081003759498227
8,3,regression,spline_quantile_m1,quantile,1,25.424210737710258,3.7421795791126216
8,3,regression,spline_quantile_m2,quantile,2,25.03619950839737,3.7116941697915604
8,3,regression,spline_quantile_m3,quantile,3,24.689528990364884,3.7148702736245487
8,3,regression,spline_quantile_m4,quantile,4,24.420001447009614,3.718063081460768
8,3,regression,spline_quantile_m5,quantile,5,24.451838486879346,3.718514319898955
8,3,regression,spline_quantile_m6,quantile,6,24.23007816383751,3.679975749405878
8,3,regression,spline_equal_m1,equal,1,25.40694612159609,3.73690847452404
8,3,regression,spline_equal_m2,equal,2,24.953445253663148,3.7088536506182863
8,3,regression,spline_equal_m3,equal,3,24.728410978611848,3.71409757185695
8,3,regression,spline_equal_m4,equal,4,24.439539968440602,3.7194350691415496
8,3,regression,spline_equal_m5,equal,5,24.48977840600066,3.720479414464794
8,3,regression,spline_equal_m6,equal,6,24.26154997970491,3.68636838288397
8,3,classification,spline_quantile_m0,quantile,0,0.3659741473269439,0.11102749492208558
8,3,classification,spline_quantile_m1,quantile,1,0.36620252170892004,0.1108605405069269
8,3,classification,spline_quantile_m2,quantile,2,0.35931600487989485,0.1097029808079609
8,3,classification,spline_quantile_m3,quantile,3,0.35828749388288345,0.10914132241967528
8,3,classification,spline_quantile_m4,quantile,4,0.35284122781458416,0.10793534107361584
8,3,classification,spline_quantile_m5,quantile,5,0.3533850548400918,0.10770318216569792
8,3,classification,spline_quantile_m6,quantile,6,0.35932636187079064,0.11013717993689967
8,3,classification,spline_equal_m1,equal,1,0.3662175645945173,0.11091780866533328
8,3,classification,spline_equal_m2,equal,2,0.3602046312122701,0.10988014301343102
8,3,classification,spline_equal_m3,equal,3,0.35878518485931166,0.10928178108649876
8,3,classification,spline_equal_m4,equal,4,0.3525367862954068,0.10781672914523326
8,3,classification,spline_equal_m5,equal,5,0.35398255858068295,0.10771307738100352
8,3,classification,spline_equal_m6,equal,6,0.35515461091907496,0.10915820652394745
8,4,regression,spline_quantile_m0,quantile,0,21.271208734367374,3.5368573804529144
8,4,regression,spline_quantile_m1,quantile,1,18.553382928819737,3.1964870934067626
8,4,regression,spline_quantile_m2,quantile,2,18.336747874729827,3.1975488062246575
8,4,regression,spline_quantile_m3,quantile,3,18.159905618232475,3.2135101732583666
8,4,regression,spline_quantile_m4,quantile,4,17.963623256832822,3.1867681945274744
8,4,regression,spline_quantile_m5,quantile,5,17.977735264230013,3.1974431888197885
8,4,regression,spline_quantile_m6,quantile,6,18.24875294849451,3.2350979481698805
8,4,regression,spline_equal_m1,equal,1,18.549000874800402,3.1962047875960407
8,4,regression,spline_equal_m2,equal,2,18.27318054608007,3.1993331839953747
8,4,regression,spline_equal_m3,equal,3,18.152999640634835,3.2119505876736425
8,4,regression,spline_equal_m4,equal,4,17.973751784451977,3.18692198323544
8,4,regression,spline_equal_m5,equal,5,18.042380575363573,3.2039363770933647
8,4,regression,spline_equal_m6,equal,6,18.288681357600943,3.2371022444378683
8,4,classification,spline_quantile_m0,quantile,0,0.49020172156181224,0.15384853769680562
8,4,classification,spline_quantile_m1,quantile,1,0.49907298670729494,0.15600971533926755
8,4,classification,spline_quantile_m2,quantile,2,0.48587713139399297,0.15250102220826037
8,4,classification,spline_quantile_m3,quantile,3,0.5229461372220502,0.15655937676610768
8,4,classification,spline_quantile_m4,quantile,4,0.5822298159095206,0.1575784427119093
8,4,classification,spline_quantile_m5,quantile,5,0.7155266744697424,0.15660225729645347
8,4,classification,spline_quantile_m6,quantile,6,0.7653060009389757,0.16751645056692016
8,4,classification,spline_equal_m1,equal,1,0.4992167724205992,0.15604016460193348
8,4,classification,spline_equal_m2,equal,2,0.4891102851858845,0.15332431177054429
8,4,classification,spline_equal_m3,equal,3,0.525247152311095,0.1567230239933186
8,4,classification,spline_equal_m4,equal,4,0.5982357744665864,0.15726946837425818
8,4,classification,spline_equal_m5,equal,5,0.8565304615600254,0.1573598066577611
8,4,classification,spline_equal_m6,equal,6,1.123037210492006,0.1734164119859376
9,0,regression,spline_quantile_m0,quantile,0,31.33125740450941,4.271930966245211
9,0,regression,spline_quantile_m1,quantile,1,26.731786607463683,4.033422831371828
9,0,regression,spline_quantile_m2,quantile,2,26.352598610296788,4.002693019416406
9,0,regression,spline_quantile_m3,quantile,3,26.15512323530597,3.976135840085425
9,0,regression,spline_quantile_m4,quantile,4,26.23966560856283,3.986865301812352
9,0,regression,spline_quantile_m5,quantile,5,26.801297805964296,4.0416051146509355
9,0,regression,spline_quantile_m6,quantile,6,26.350616410639706,3.9721984287654397
9,0,regression,spline_equal_m1,equal,1,26.668812710762225,4.0308347988512825
9,0,regression,spline_equal_m2,equal,2,26.253211855366363,3.991930012637223
9,0,regression,spline_equal_m3,equal,3,26.186720271276876,3.9779964040202844
9,0,regression,spline_equal_m4,equal,4,26.333663187242017,3.9933871027095136
9,0,regression,spline_equal_m5,equal,5,26.76471808422125,4.029579341520572
9,0,regression,spline_equal_m6,equal,6,26.105425552545192,3.9451642306160335
9,0,classification,spline_quantile_m0,quantile,0,0.37328518975203956,0.12009154174200219
9,0,classification,spline_quantile_m1,quantile,1,0.3729617100048013,0.11998360854539422
9,0,classification,spline_quantile_m2,quantile,2,0.3710569331075215,0.11860152620572631
9,0,classification,spline_quantile_m3,quantile,3,0.36661109504194245,0.11778596346423703
9,0,classification,spline_quantile_m4,quantile,4,0.37059793194383267,0.11986996641468871
9,0,classification,spline_quantile_m5,quantile,5,0.3696799322012788,0.11877787619703847
9,0,classification,spline_quantile_m6,quantile,6,0.36567891654772916,0.11912397027022852
9,0,classification,spline_equal_m1,equal,1,0.3732450318709094,0.12007825573306768
9,0,classification,spline_equal_m2,equal,2,0.3717152352566492,0.11871209696298694
9,0,classification,spline_equal_m3,equal,3,0.3673900361852691,0.11794014973731155
9,0,classification,spline_equal_m4,equal,4,0.3695798833204625,0.11946085090024429
9,0,classification,spline_equal_m5,equal,5,0.3697114076434094,0.11841000951474463
9,0,classification,spline_equal_m6,equal,6,0.3672214206864034,0.1196486171237802
9,1,regression,spline_quantile_m0,quantile,0,17.902199519469374,3.2647751158118683
9,1,regression,spline_quantile_m1,quantile,1,19.759922153701588,3.462973715918896
9,1,regression,spline_quantile_m2,quantile,2,19.84131770365912,3.4973933238658774
9,1,regression,spline_quantile_m3,quantile,3,19.799564952022564,3.5086870062175564
9,1,regression,spline_quantile_m4,quantile,4,19.845504525364174,3.511043730910243
9,1,regression,spline_quantile_m5,quantile,5,19.605213255163534,3.4698591834411507
9,1,regression,spline_quantile_m6,quantile,6,19.95224134257186,3.5089761894364115
9,1,regression,spline_equal_m1,equal,1,19.787242153052915,3.4717622305653713
9,1,regression,spline_equal_m2,equal,2,19.85441291396515,3.5008075913272223
9,1,regression,spline_equal_m3,equal,3,19.75505316687056,3.5098830531685645
9,1,regression,spline_equal_m4,equal,4,19.646212679199458,3.4949426021519203
9,1,regression,spline_equal_m5,equal,5,19.53812118420341,3.469301974118949
9,1,regression,spline_equal_m6,equal,6,20.290017208088265,3.5578306394167805
9,1,classification,spline_quantile_m0,quantile,0,0.43358398221235794,0.13614152816941172
9,1,classification,spline_quantile_m1,quantile,1,0.43646182607235207,0.13673362662727787
9,1,classification,spline_quantile_m2,quantile,2,0.42687411028687505,0.13656038569929474
9,1,classification,spline_quantile_m3,quantile,3,0.43265004050701605,0.137675867482034
9,1,classification,spline_quantile_m4,quantile,4,0.4254631529540687,0.13739725714495346
9,1,classification,spline_quantile_m5,quantile,5,0.432387851178871,0.13721549338100378
9,1,classification,spline_quantile_m6,quantile,6,0.4274613438253965,0.13574991305783482
9,1,classification,spline_equal_m1,equal,1,0.4363095340571253,0.13667104320353013
9,1,classification,spline_equal_m2,equal,2,0.4283732939457273,0.13674206301262826
9,1,classification,spline_equal_m3,equal,3,0.4355809133592794,0.1384698063031961
9,1,classification,spline_equal_m4,equal,4,0.4226471262235535,0.1362830671803313
9,1,classification,spline_equal_m5,equal,5,0.44033265894886,0.13913410105738233
9,1,classification,spline_equal_m6,equal,6,0.43626465645113394,0.13985787545014472
9,2,regression,spline_quantile_m0,quantile,0,22.302348322524768,3.485533124147123
9,2,regression,spline_quantile_m1,quantile,1,19.693431652748192,3.076481241110453
9,2,regression,spline_quantile_m2,quantile,2,19.765045170338606,3.0756054807875195
9,2,regression,spline_quantile_m3,quantile,3,21.525695085928756,3.2557022007504806
9,2,regression,spline_quantile_m4,quantile,4,23.095572918645644,3.324253303713204
9,2,regression,spline_quantile_m5,quantile,5,23.21544578943941,3.3278750296814485
9,2,regression,spline_quantile_m6,quantile,6,23.77306986115085,3.3663442508976082
9,2,regression,spline_equal_m1,equal,1,19.664818096515027,3.0717628948360622
9,2,regression,spline_equal_m2,equal,2,19.91810910319259,3.0865122165527463
9,2,regression,spline_equal_m3,equal,3,21.586757513433472,3.259369109978573
9,2,regression,spline_equal_m4,equal,4,23.17927191378319,3.3203069293509238
9,2,regression,spline_equal_m5,equal,5,23.289967042830796,3.3131881183180547
9,2,regression,spline_equal_m6,equal,6,23.96553080851097,3.3551263350942104
9,2,classification,spline_quantile_m0,quantile,0,0.4762383850508342,0.1460134361379331
9,2,classification,spline_quantile_m1,quantile,1,0.48250587163576086,0.14654252222645445
9,2,classification,spline_quantile_m2,quantile,2,0.47337414233361,0.1485818789408696
9,2,classification,spline_quantile_m3,quantile,3,0.4974149866612729,0.15505043178304057
9,2,classification,spline_quantile_m4,quantile,4,0.5264069714433646,0.15579952982033746
9,2,classification,spline_quantile_m5,quantile,5,0.5818471898286419,0.15757688352680513
9,2,classification,spline_quantile_m6,quantile,6,0.6265688659178944,0.15601547112530392
9,2,classification,spline_equal_m1,equal,1,0.4839363798327359,0.14667684414963764
9,2,classification,spline_equal_m2,equal,2,0.4752126435776909,0.14859141328084072
9,2,classification,spline_equal_m3,equal,3,0.5016624841911829,0.15525659863275842
9,2,classification,spline_equal_m4,equal,4,0.5616151785026022,0.15645143901446537
9,2,classification,spline_equal_m5,equal,5,0.9362952891660022,0.1587657416812285
9,2,classification,spline_equal_m6,equal,6,1.0109722492693636,0.1641364266361974
9,3,regression,spline_quantile_m0,quantile,0,18.240383940776265,3.637562546428793
9,3,regression,spline_quantile_m1,quantile,1,16.18868148439234,3.50284172249731
9,3,regression,spline_quantile_m2,quantile,2,16.62162079363405,3.5796388987090593
9,3,regression,spline_quantile_m3,quantile,3,17.141181993781075,3.691154681887432
9,3,regression,spline_quantile_m4,quantile,4,16.925754685314,3.6591838156847314
9,3,regression,spline_quantile_m5,quantile,5,17.44419321571875,3.7278479186519498
9,3,regression,spline_quantile_m6,quantile,6,17.396394521244375,3.726921205667829
9,3,regression,spline_equal_m1,equal,1,16.21025482412063,3.506621280119749
9,3,regression,spline_equal_m2,equal,2,16.636629217551587,3.587040875740278
9,3,regression,spline_equal_m3,equal,3,17.105139238467864,3.6828410930604347
9,3,regression,spline_equal_m4,equal,4,16.935767769659133,3.6579220611876027
9,3,regression,spline_equal_m5,equal,5,17.487956840741376,3.738050574109771
9,3,regression,spline_equal_m6,equal,6,16.921279483406433,3.660378929190248
9,3,classification,spline_quantile_m0,quantile,0,0.502770629775781,0.16135573865237113
9,3,classification,spline_quantile_m1,quantile,1,0.5022552738784613,0.16124325691934088
9,3,classification,spline_quantile_m2,quantile,2,0.515430006914031,0.16456857896614674
9,3,classification,spline_quantile_m3,quantile,3,0.50906570852979,0.16344712202738335
9,3,classification,spline_quantile_m4,quantile,4,0.5273099993240199,0.16463421809370998
9,3,classification,spline_quantile_m5,quantile,5,0.5235377747484495,0.1617005194152002
9,3,classification,spline_quantile_m6,quantile,6,0.536500359357768,0.16713223962203272
9,3,classification,spline_equal_m1,equal,1,0.5023239891065782,0.16125758176894078
9,3,classification,spline_equal_m2,equal,2,0.5144790213389897,0.16444762845131178
9,3,classification,spline_equal_m3,equal,3,0.5081433320715799,0.16350560617346752
9,3,classification,spline_equal_m4,equal,4,0.5245677931503896,0.16402959642826745
9,3,classification,spline_equal_m5,equal,5,0.5176140527068039,0.16203015083492836
9,3,classification,spline_equal_m6,equal,6,0.5322177913143553,0.16569055716682693
9,4,regression,spline_quantile_m0,quantile,0,20.15628684310702,3.601963689112678
9,4,regression,spline_quantile_m1,quantile,1,20.019981087883615,3.596767023511004
9,4,regression,spline_quantile_m2,quantile,2,19.139151152853795,3.4870681601310873
9,4,regression,spline_quantile_m3,quantile,3,19.336904567332148,3.4959941598621938
9,4,regression,spline_quantile_m4,quantile,4,19.127075229099614,3.4788362072747616
9,4,regression,spline_quantile_m5,quantile,5,20.381916744604776,3.5624823003145134
9,4,regression,spline_quantile_m6,quantile,6,20.564389501887895,3.5540800294743713
9,4,regression,spline_equal_m1,equal,1,20.018777925859194,3.5934488475613193
9,4,regression,spline_equal_m2,equal,2,19.161986097490185,3.4907521250959985
9,4,regression,spline_equal_m3,equal,3,19.31877456710534,3.4922734429357245
9,4,regression,spline_equal_m4,equal,4,19.205922075610637,3.4851856249105158
9,4,regression,spline_equal_m5,equal,5,20.412167320334394,3.5656615353977275
9,4,regression,spline_equal_m6,equal,6,20.66262150629248,3.5625494064420735
9,4,classification,spline_quantile_m0,quantile,0,0.4367489620492042,0.13359933040477515
9,4,classification,spline_quantile_m1,quantile,1,0.4364075006285534,0.13260440696151657
9,4,classification,spline_quantile_m2,quantile,2,0.43019647518366694,0.13317978316745716
9,4,classification,spline_quantile_m3,quantile,3,0.5352686691589603,0.15143683303261046
9,4,classification,spline_quantile_m4,quantile,4,0.5182923045917919,0.14884453439028586
9,4,classification,spline_quantile_m5,quantile,5,0.5767001718658258,0.15424607550490216
9,4,classification,spline_quantile_m6,quantile,6,0.5519801147060324,0.15145243916955173
9,4,classification,spline_equal_m1,equal,1,0.4365876585074842,0.13275940656575855
9,4,classification,spline_equal_m2,equal,2,0.43017385012463377,0.13319630790733034
9,4,classification,spline_equal_m3,equal,3,0.5403120961049127,0.1517984675189585
9,4,classification,spline_equal_m4,equal,4,0.5188451972881714,0.14847796910991862
9,4,classification,spline_equal_m5,equal,5,0.5872853438383582,0.15404873781530998
9,4,classification,spline_equal_m6,equal,6,0.5718914335939943,0.1510384642902293
10,0,regression,spline_quantile_m0,quantile,0,29.76245103292695,4.217931402189684
10,0,regression,spline_quantile_m1,quantile,1,26.009442964097506,3.9145805040988044
10,0,regression,spline_quantile_m2,quantile,2,25.42508755736005,3.882919878897295
10,0,regression,spline_quantile_m3,quantile,3,25.19662886522506,3.866609112615811
10,0,regression,spline_quantile_m4,quantile,4,25.388994421744016,3.8993240369168323
10,0,regression,spline_quantile_m5,quantile,5,25.704469811327655,3.952091551570508
10,0,regression,spline_quantile_m6,quantile,6,25.450774311732836,3.910136401969311
10,0,regression,spline_equal_m1,equal,1,25.917968992566816,3.905513630672202
10,0,regression,spline_equal_m2,equal,2,25.212960270749168,3.8728290395861706
10,0,regression,spline_equal_m3,equal,3,25.172133491285084,3.864320646947156
10,0,regression,spline_equal_m4,equal,4,25.451072127376648,3.905458643871822
10,0,regression,spline_equal_m5,equal,5,25.729977895812212,3.9501500255537785
10,0,regression,spline_equal_m6,equal,6,25.147630085871434,3.877453520493611
10,0,classification,spline_quantile_m0,quantile,0,0.37662726522090706,0.11692569422715797
10,0,classification,spline_quantile_m1,quantile,1,0.37853330316991424,0.11801924194628721
10,0,classification,spline_quantile_m2,quantile,2,0.394159992523428,0.1221445848185386
10,0,classification,spline_quantile_m3,quantile,3,0.3855502927529184,0.12071380173881156
10,0,classification,spline_quantile_m4,quantile,4,0.3886941459419483,0.11993035349461832
10,0,classification,spline_quantile_m5,quantile,5,0.390976259770252,0.12131878137169767
10,0,classification,spline_quantile_m6,quantile,6,0.3926388798214388,0.1254814514907575
10,0,classification,spline_equal_m1,equal,1,0.3778988980045676,0.11770574953900353
10,0,classification,spline_equal_m2,equal,2,0.39316276789288607,0.12176060581136262
10,0,classification,spline_equal_m3,equal,3,0.38576116973310454,0.12063284029651472
10,0,classification,spline_equal_m4,equal,4,0.3887575221261713,0.11993387114503
10,0,classification,spline_equal_m5,equal,5,0.3870900564442036,0.11934794063833644
10,0,classification,spline_equal_m6,equal,6,0.39227822436498777,0.12481933316761162
10,1,regression,spline_quantile_m0,quantile,0,15.766855682284028,3.261792363033249
10,1,regression,spline_quantile_m1,quantile,1,14.866278083561827,3.193369975838177
10,1,regression,spline_quantile_m2,quantile,2,16.061659491207987,3.275177669013342
10,1,regression,spline_quantile_m3,quantile,3,15.828146794406667,3.24499952047463
10,1,regression,spline_quantile_m4,quantile,4,15.960041813787445,3.251800440463322
10,1,regression,spline_quantile_m5,quantile,5,16.28117774193945,3.269462668106911
10,1,regression,spline_quantile_m6,quantile,6,16.646779779910148,3.2897569650501417
10,1,regression,spline_equal_m1,equal,1,14.89875930953387,3.1964709413557983
10,1,regression,spline_equal_m2,equal,2,15.947276619649612,3.258275200802187
10,1,regression,spline_equal_m3,equal,3,15.83709960992634,3.2444446914588725
10,1,regression,spline_equal_m4,equal,4,16.008567328453182,3.250341769298023
10,1,regression,spline_equal_m5,equal,5,16.498073505818383,3.2727799365262946
10,1,regression,spline_equal_m6,equal,6,17.144933255687086,3.3128787197721836
10,1,classification,spline_quantile_m0,quantile,0,0.5420319948017982,0.16769868348810107
10,1,classification,spline_quantile_m1,quantile,1,0.5418642286501746,0.16753708127478847
10,1,classification,spline_quantile_m2,quantile,2,0.5242254884953457,0.16314537951030622
10,1,classification,spline_quantile_m3,quantile,3,0.5604757393308798,0.17054311370034092
10,1,classification,spline_quantile_m4,quantile,4,0.6016422163686318,0.1698848131813381
10,1,classification,spline_quantile_m5,quantile,5,0.6847654425590946,0.1721036109162504
10,1,classification,spline_quantile_m6,quantile,6,0.6461881770593283,0.17071936980152141
10,1,classification,spline_equal_m1,equal,1,0.5419127005547923,0.16755250070040936
10,1,classification,spline_equal_m2,equal,2,0.5253285929270888,0.16377562426462067
10,1,classification,spline_equal_m3,equal,3,0.5684785789224663,0.17092989363414712
10,1,classification,spline_equal_m4,equal,4,0.6442823959030379,0.16947805712806627
10,1,classification,spline_equal_m5,equal,5,0.8702512756871904,0.16713323535648159
10,1,classification,spline_equal_m6,equal,6,1.0328826909963984,0.16574454183550344
10,2,regression,spline_quantile_m0,quantile,0,19.785906133488805,3.5625410656619643
10,2,regression,spline_quantile_m1,quantile,1,21.20071634355918,3.8214824482094825
10,2,regression,spline_quantile_m2,quantile,2,20.987602504809043,3.853676114598388
10,2,regression,spline_quantile_m3,quantile,3,21.14040012732775,3.8865076182662968
10,2,regression,spline_quantile_m4,quantile,4,22.644062591793208,3.9931757756275825
10,2,regression,spline_quantile_m5,quantile,5,22.24069334058261,3.954253346104569
10,2,regression,spline_quantile_m6,quantile,6,22.02683029675016,3.9300543850819984
10,2,regression,spline_equal_m1,equal,1,21.070156730467744,3.8124372379040063
10,2,regression,spline_equal_m2,equal,2,20.99808219720795,3.859136041710285
10,2,regression,spline_equal_m3,equal,3,21.26537874416015,3.9013643699071485
10,2,regression,spline_equal_m4,equal,4,22.638947775760535,3.9816498188014577
10,2,regression,spline_equal_m5,equal,5,22.020470851172064,3.946573458957133
10,2,regression,spline_equal_m6,equal,6,22.353066898078215,3.951109143458568
10,2,classification,spline_quantile_m0,quantile,0,0.3750403140585211,0.11407626356423646
10,2,classification,spline_quantile_m1,quantile,1,0.3753689434394032,0.11417987556900659
10,2,classification,spline_quantile_m2,quantile,2,0.39731141836413736,0.12139399392423524
10,2,classification,spline_quantile_m3,quantile,3,0.42745893536504403,0.12706871548318163
10,2,classification,spline_quantile_m4,quantile,4,0.42225862756644766,0.12748857325127694
10,2,classification,spline_quantile_m5,quantile,5,0.4360396395863114,0.12840617493014797
10,2,classification,spline_quantile_m6,quantile,6,0.46537716745525487,0.12775336955620703
10,2,classification,spline_equal_m1,equal,1,0.37660139979240254,0.11457254365161956
10,2,classification,spline_equal_m2,equal,2,0.3976773941326181,0.12135328095690413
10,2,classification,spline_equal_m3,equal,3,0.428590105925848,0.12633856626136303
10,2,classification,spline_equal_m4,equal,4,0.4264445412944897,0.12796162618659015
10,2,classification,spline_equal_m5,equal,5,0.444821265574021,0.12804108331760403
10,2,classification,spline_equal_m6,equal,6,0.49930884567998923,0.12889629073772604
10,3,regression,spline_quantile_m0,quantile,0,16.97112747291963,3.2135184848447045
10,3,regression,spline_quantile_m1,quantile,1,14.061047777754373,2.9410231425273117
10,3,regression,spline_quantile_m2,quantile,2,13.92517219063466,2.9122765394988104
10,3,regression,spline_quantile_m3,quantile,3,14.147210689953717,2.9517682594732118
10,3,regression,spline_quantile_m4,quantile,4,14.138058909839565,2.9552707329149626
10,3,regression,spline_quantile_m5,quantile,5,14.293368272094087,2.9689903084596936
10,3,regression,spline_quantile_m6,quantile,6,14.14931662971961,2.9723970915366675
10,3,regression,spline_equal_m1,equal,1,13.987964643919565,2.9319874982543643
10,3,regression,spline_equal_m2,equal,2,13.914016636248762,2.906156257494865
10,3,regression,spline_equal_m3,equal,3,14.161988237955923,2.9541618531213913
10,3,regression,spline_equal_m4,equal,4,14.210158332378514,2.96798837077635
10,3,regression,spline_equal_m5,equal,5,14.397055711807774,2.990793117014195
10,3,regression,spline_equal_m6,equal,6,14.18344852894121,2.977675961821579
10,3,classification,spline_quantile_m0,quantile,0,0.5744934945369102,0.17480966934651182
10,3,classification,spline_quantile_m1,quantile,1,0.5736904690891711,0.17414310231212954
10,3,classification,spline_quantile_m2,quantile,2,0.5600582601031739,0.1726305960931741
10,3,classification,spline_quantile_m3,quantile,3,0.5586706336621009,0.17146507629781665
10,3,classification,spline_quantile_m4,quantile,4,0.5564068842992607,0.17568581870496394
10,3,classification,spline_quantile_m5,quantile,5,0.5615058995243364,0.1757938920206543
10,3,classification,spline_quantile_m6,quantile,6,0.5480850315280473,0.17380079946674867
10,3,classification,spline_equal_m1,equal,1,0.5739165548149278,0.17425857126408284
10,3,classification,spline_equal_m2,equal,2,0.5617293198406629,0.172803236686521
10,3,classification,spline_equal_m3,equal,3,0.5600998579817726,0.17160323745928907
10,3,classification,spline_equal_m4,equal,4,0.5582381323135105,0.17598355253966144
10,3,classification,spline_equal_m5,equal,5,0.5631949923968037,0.1754501608134446
10,3,classification,spline_equal_m6,equal,6,0.5482031320314015,0.17393161096717996
10,4,regression,spline_quantile_m0,quantile,0,26.562680973666634,3.871626639880016
10,4,regression,spline_quantile_m1,quantile,1,24.194567527694886,3.665234013041046
10,4,regression,spline_quantile_m2,quantile,2,25.28512812637932,3.7948355855952034
10,4,regression,spline_quantile_m3,quantile,3,25.57384925460253,3.7892465661544907
10,4,regression,spline_quantile_m4,quantile,4,25.03928946612267,3.6861107714878556
10,4,regression,spline_quantile_m5,quantile,5,25.452110639600825,3.7752404558689956
10,4,regression,spline_quantile_m6,quantile,6,29.28958847723254,4.085685658696999
10,4,regression,spline_equal_m1,equal,1,24.270877246720566,3.6764034007898503
10,4,regression,spline_equal_m2,equal,2,25.367051458050224,3.7929987036242987
10,4,regression,spline_equal_m3,equal,3,25.45239199870951,3.7644689202569412
10,4,regression,spline_equal_m4,equal,4,25.04580372802709,3.7121369104416715
10,4,regression,spline_equal_m5,equal,5,26.158990269348998,3.8702686171879632
10,4,regression,spline_equal_m6,equal,6,29.582503840148526,4.078621786095601
10,4,classification,spline_quantile_m0,quantile,0,0.41778470361533865,0.13687072564192285
10,4,classification,spline_quantile_m1,quantile,1,0.41759890033519803,0.13683893176092282
10,4,classification,spline_quantile_m2,quantile,2,0.41048602719130173,0.13418023739444276
10,4,classification,spline_quantile_m3,quantile,3,0.4177222493245334,0.13621374153469523
10,4,classification,spline_quantile_m4,quantile,4,0.41023467078359316,0.13430333178070047
10,4,classification,spline_quantile_m5,quantile,5,0.41300482682240003,0.13498791235101343
10,4,classification,spline_quantile_m6,quantile,6,0.42685650801706915,0.13964415252282392
10,4,classification,spline_equal_m1,equal,1,0.41803640416788246,0.13691236790879965
10,4,classification,spline_equal_m2,equal,2,0.4114546850509264,0.13445670741000415
10,4,classification,spline_equal_m3,equal,3,0.4207215314041708,0.13702358008442295
10,4,classification,spline_equal_m4,equal,4,0.40694944011942935,0.13340347277924583
10,4,classification,spline_equal_m5,equal,5,0.42121071236497615,0.1377184233161696
10,4,classification,spline_equal_m6,equal,6,0.4298383303870763,0.14077403925089566
11,0,regression,spline_quantile_m0,quantile,0,12.355184361366385,2.794521014907484
11,0,regression,spline_quantile_m1,quantile,1,12.026183430755484,2.6898443133339525
11,0,regression,spline_quantile_m2,quantile,2,11.888861616816547,2.667658302628954
11,0,regression,spline_quantile_m3,quantile,3,12.241925616796715,2.770729029616443
11,0,regression,spline_quantile_m4,quantile,4,12.992645588081452,2.8275774974129124
11,0,regression,spline_quantile_m5,quantile,5,13.224883603856307,2.8504411283072177
11,0,regression,spline_quantile_m6,quantile,6,13.664861591658143,2.8660021623427565
11,0,regression,spline_equal_m1,equal,1,11.993003237295584,2.6771577703088756
11,0,regression,spline_equal_m2,equal,2,11.902644742637744,2.6835062677986508
11,0,regression,spline_equal_m3,equal,3,12.199342959511299,2.7628556415518846
11,0,regression,spline_equal_m4,equal,4,13.001496555048886,2.8390931231027876
11,0,regression,spline_equal_m5,equal,5,13.379458435094138,2.863831264543574
11,0,regression,spline_equal_m6,equal,6,13.849781094716928,2.8836352123296844
11,0,classification,spline_quantile_m0,quantile,0,0.6015981696675208,0.19078014107059652
11,0,classification,spline_quantile_m1,quantile,1,0.6200041595293506,0.1925382054018511
11,0,classification,spline_quantile_m2,quantile,2,0.5992244001090117,0.18861327974116157
11,0,classification,spline_quantile_m3,quantile,3,0.6037346421632555,0.19001368346452413
11,0,classification,spline_quantile_m4,quantile,4,0.5979467982865977,0.18635957965251637
11,0,classification,spline_quantile_m5,quantile,5,0.6788016805987119,0.19084042803959572
11,0,classification,spline_quantile_m6,quantile,6,0.7439379692870332,0.19582230566719583
11,0,classification,spline_equal_m1,equal,1,0.6210727824671557,0.19259382818890602
11,0,classification,spline_equal_m2,equal,2,0.601098535430971,0.18895055542508082
11,0,classification,spline_equal_m3,equal,3,0.6036599555191718,0.189995953620302
11,0,classification,spline_equal_m4,equal,4,0.6140790659341475,0.18621514724647745
11,0,classification,spline_equal_m5,equal,5,0.8120335740767107,0.1922125229694129
11,0,classification,spline_equal_m6,equal,6,1.1326930460468945,0.1968713988474964
11,1,regression,spline_quantile_m0,quantile,0,23.660729467853965,3.830077423542461
11,1,regression,spline_quantile_m1,quantile,1,22.99597818234831,3.774345281202991
11,1,regression,spline_quantile_m2,quantile,2,22.71786301008317,3.7507251692551704
11,1,regression,spline_quantile_m3,quantile,3,22.397791795128043,3.7149801295906872
11,1,regression,spline_quantile_m4,quantile,4,22.286731128783945,3.6712465611730836
11,1,regression,spline_quantile_m5,quantile,5,22.340918438902317,3.6841339399018045
11,1,regression,spline_quantile_m6,quantile,6,22.086628959230897,3.6557710128966026
11,1,regression,spline_equal_m1,equal,1,22.854417163245888,3.759724609218996
11,1,regression,spline_equal_m2,equal,2,22.573093922144093,3.7325051857231624
11,1,regression,spline_equal_m3,equal,3,22.364861076920707,3.711258257573958
11,1,regression,spline_equal_m4,equal,4,22.34459068650118,3.682250947072494
11,1,regression,spline_equal_m5,equal,5,22.345161641132105,3.7004876441064964
11,1,regression,spline_equal_m6,equal,6,22.0072718239668,3.6413357388460996
11,1,classification,spline_quantile_m0,quantile,0,0.48606403144534194,0.15986808385473433
11,1,classification,spline_quantile_m1,quantile,1,0.48892599965095046,0.16131830237927003
11,1,classification,spline_quantile_m2,quantile,2,0.4985959203700592,0.16524837748062385
11,1,classification,spline_quantile_m3,quantile,3,0.5318302851807829,0.1723664880630661
11,1,classification,spline_quantile_m4,quantile,4,0.5251132711727152,0.1697416097145789
11,1,classification,spline_quantile_m5,quantile,5,0.5353557978528182,0.1710082721047078
11,1,classification,spline_quantile_m6,quantile,6,0.5398401817210716,0.17057358669289358
11,1,classification,spline_equal_m1,equal,1,0.4900013491552994,0.16186794900676257
11,1,classification,spline_equal_m2,equal,2,0.5027684050400967,0.16641762768244991
11,1,classification,spline_equal_m3,equal,3,0.53969436757834,0.17368373052572722
11,1,classification,spline_equal_m4,equal,4,0.5289522142170715,0.16904990849601906
11,1,classification,spline_equal_m5,equal,5,0.5448260431671056,0.17035090755252413
11,1,classification,spline_equal_m6,equal,6,0.5722562459715541,0.16700429196596484
11,2,regression,spline_quantile_m0,quantile,0,18.38196510077989,3.4991307189287744
11,2,regression,spline_quantile_m1,quantile,1,15.845920116374591,3.2290856144179427
11,2,regression,spline_quantile_m2,quantile,2,16.029157123958484,3.187808445082806
11,2,regression,spline_quantile_m3,quantile,3,16.09663360026808,3.1925723256894396
11,2,regression,spline_quantile_m4,quantile,4,15.902065576197126,3.202137070433032
11,2,regression,spline_quantile_m5,quantile,5,16.157924084875948,3.1995026067157784
11,2,regression,spline_quantile_m6,quantile,6,16.638958666950806,3.276085664252742
11,2,regression,spline_equal_m1,equal,1,15.850001193670003,3.224583945367618
11,2,regression,spline_equal_m2,equal,2,16.047951268591195,3.1849844331986983
11,2,regression,spline_equal_m3,equal,3,16.056548521712863,3.191467881373312
11,2,regression,spline_equal_m4,equal,4,15.821405187934607,3.1964399998174566
11,2,regression,spline_equal_m5,equal,5,16.126250312628382,3.194875229386215
11,2,regression,spline_equal_m6,equal,6,16.40332416330255,3.2453840989667837
11,2,classification,spline_quantile_m0,quantile,0,0.38843005673272013,0.11931467110636897
11,2,classification,spline_quantile_m1,quantile,1,0.3932561336429003,0.12087226626387937
11,2,classification,spline_quantile_m2,quantile,2,0.37967498289359447,0.11782073812063805
11,2,classification,spline_quantile_m3,quantile,3,0.3802140473579855,0.11811100879344677
11,2,classification,spline_quantile_m4,quantile,4,0.3740144606402989,0.1181857363169035
11,2,classification,spline_quantile_m5,quantile,5,0.3818433898416598,0.11864511323038882
11,2,classification,spline_quantile_m6,quantile,6,0.40855900649843724,0.1279416328162754
11,2,classification,spline_equal_m1,equal,1,0.3933019523206391,0.1208452303452511
11,2,classification,spline_equal_m2,equal,2,0.38120155293450525,0.1180501849640334
11,2,classification,spline_equal_m3,equal,3,0.38145054139958157,0.11823324784394652
11,2,classification,spline_equal_m4,equal,4,0.37323032733887085,0.11772191491836732
11,2,classification,spline_equal_m5,equal,5,0.3865907348335987,0.11958367578382616
11,2,classification,spline_equal_m6,equal,6,0.4045262652385718,0.12812480241932467
11,3,regression,spline_quantile_m0,quantile,0,23.74673537991316,3.823256379288803
11,3,regression,spline_quantile_m1,quantile,1,20.492522522372415,3.608412626276829
11,3,regression,spline_quantile_m2,quantile,2,20.251044597396874,3.6266228698291325
11,3,regression,spline_quantile_m3,quantile,3,20.02828138058412,3.6069068873898993
11,3,regression,spline_quantile_m4,quantile,4,20.35832275980946,3.6379011290147707
11,3,regression,spline_quantile_m5,quantile,5,21.254837180567122,3.7570248918394076
11,3,regression,spline_quantile_m6,quantile,6,20.41088464663987,3.6440969656602196
11,3,regression,spline_equal_m1,equal,1,20.493531091387567,3.608336027016072
11,3,regression,spline_equal_m2,equal,2,20.217009532759274,3.6230360766536354
11,3,regression,spline_equal_m3,equal,3,20.02320585051084,3.6060691585314935
11,3,regression,spline_equal_m4,equal,4,20.4185176714514,3.646889991666257
11,3,regression,spline_equal_m5,equal,5,20.91631241375649,3.7196378760316176
11,3,regression,spline_equal_m6,equal,6,20.109197861148026,3.602307529689597
11,3,classification,spline_quantile_m0,quantile,0,0.34421200463500895,0.10434234217205363
11,3,classification,spline_quantile_m1,quantile,1,0.34400613552881304,0.10437615839891469
11,3,classification,spline_quantile_m2,quantile,2,0.3581555014825289,0.11245575929014842
11,3,classification,spline_quantile_m3,quantile,3,0.35165990400667907,0.1096842044519507
11,3,classification,spline_quantile_m4,quantile,4,0.35849240597036947,0.1129026409940468
11,3,classification,spline_quantile_m5,quantile,5,0.35831143935880616,0.11205780486038913
11,3,classification,spline_quantile_m6,quantile,6,0.353634855089254,0.11211916206380222
11,3,classification,spline_equal_m1,equal,1,0.3440034588941417,0.10437760849796517
11,3,classification,spline_equal_m2,equal,2,0.3577690279426898,0.11191672223966094
11,3,classification,spline_equal_m3,equal,3,0.3512228294263423,0.10951271806314665
11,3,classification,spline_equal_m4,equal,4,0.35908382602253824,0.11264288565856923
11,3,classification,spline_equal_m5,equal,5,0.3620605118605467,0.11268334050526443
11,3,classification,spline_equal_m6,equal,6,0.3553910725941254,0.11214953600132901
11,4,regression,spline_quantile_m0,quantile,0,31.556691691043678,4.276625163126933
11,4,regression,spline_quantile_m1,quantile,1,29.293774346120543,4.2330415498279566
11,4,regression,spline_quantile_m2,quantile,2,30.140922779914195,4.310165415128507
11,4,regression,spline_quantile_m3,quantile,3,29.970025787717884,4.3052078372897435
11,4,regression,spline_quantile_m4,quantile,4,29.99362227270833,4.306218201696913
11,4,regression,spline_quantile_m5,quantile,5,30.05459588332021,4.310660054855508
11,4,regression,spline_quantile_m6,quantile,6,29.760627424090032,4.283824354630766
11,4,regression,spline_equal_m1,equal,1,29.503927642984806,4.261097134757213
11,4,regression,spline_equal_m2,equal,2,30.087205105913217,4.3084817190665605
11,4,regression,spline_equal_m3,equal,3,29.970561045790465,4.305221154674453
11,4,regression,spline_equal_m4,equal,4,30.00725762332972,4.307000210547701
11,4,regression,spline_equal_m5,equal,5,30.13362086547793,4.318144706935593
11,4,regression,spline_equal_m6,equal,6,29.901092443367833,4.296975439970179
11,4,classification,spline_quantile_m0,quantile,0,0.4505724635804831,0.13570768863641447
11,4,classification,spline_quantile_m1,quantile,1,0.4619171770024332,0.1365908508617064
11,4,classification,spline_quantile_m2,quantile,2,0.4535189524440538,0.13558202378721435
11,4,classification,spline_quantile_m3,quantile,3,0.46701182309905925,0.13734967635087375
11,4,classification,spline_quantile_m4,quantile,4,0.4662136102912632,0.13757547892721045
11,4,classification,spline_quantile_m5,quantile,5,0.47502642146007923,0.14097909176258827
11,4,classification,spline_quantile_m6,quantile,6,0.4790155208598864,0.1405614930005116
11,4,classification,spline_equal_m1,equal,1,0.46076877667514426,0.13652084889144264
11,4,classification,spline_equal_m2,equal,2,0.45407640958811535,0.13569204100115706
11,4,classification,spline_equal_m3,equal,3,0.464519509797284,0.13670613603976603
11,4,classification,spline_equal_m4,equal,4,0.4669784423773754,0.13801204261409145
11,4,classification,spline_equal_m5,equal,5,0.4729626795328452,0.14007651709161761
11,4,classification,spline_equal_m6,equal,6,0.4750522818383979,0.14055637045557384
12,0,regression,spline_quantile_m0,quantile,0,21.69759072717761,3.683664892487761
12,0,regression,spline_quantile_m1,quantile,1,18.79746536890426,3.3817344521839225
12,0,regression,spline_quantile_m2,quantile,2,18.433963435176615,3.3561157454106625
12,0,regression,spline_quantile_m3,quantile,3,18.41534838018257,3.397794218755785
12,0,regression,spline_quantile_m4,quantile,4,19.528369566125967,3.5425910596366452
12,0,regression,spline_quantile_m5,quantile,5,19.1066345039035,3.507327682477895
12,0,regression,spline_quantile_m6,quantile,6,19.54271984266401,3.5356401960106547
12,0,regression,spline_equal_m1,equal,1,18.799683565146598,3.3819098555296874
12,0,regression,spline_equal_m2,equal,2,18.398871168437534,3.3558239523230027
12,0,regression,spline_equal_m3,equal,3,18.40220937998881,3.3935678928254753
12,0,regression,spline_equal_m4,equal,4,19.417672320644634,3.5332866562009393
12,0,regression,spline_equal_m5,equal,5,18.94428579073324,3.4866178516748274
12,0,regression,spline_equal_m6,equal,6,19.298406483176283,3.489342792600932
12,0,classification,spline_quantile_m0,quantile,0,0.38492775780861344,0.12245648037673743
12,0,classification,spline_quantile_m1,quantile,1,0.38462283266895236,0.12241368137637151
12,0,classification,spline_quantile_m2,quantile,2,0.37661488051041525,0.11962637874774242
12,0,classification,spline_quantile_m3,quantile,3,0.3743798996680824,0.11906426006560887
12,0,classification,spline_quantile_m4,quantile,4,0.4136116865097804,0.13369150174544248
12,0,classification,spline_quantile_m5,quantile,5,0.4106937632992431,0.13154633209426436
12,0,classification,spline_quantile_m6,quantile,6,0.4129135829230232,0.1340188583491658
12,0,classification,spline_equal_m1,equal,1,0.3846163676682383,0.1224126610293087
12,0,classification,spline_equal_m2,equal,2,0.3771820384138612,0.1196481064079943
12,0,classification,spline_equal_m3,equal,3,0.374562595383791,0.11920477203871631
12,0,classification,spline_equal_m4,equal,4,0.40974148752389417,0.1317301791297149
12,0,classification,spline_equal_m5,equal,5,0.41034954099826826,0.13036127315601378
12,0,classification,spline_equal_m6,equal,6,0.4137164741748958,0.13431486656385488
12,1,regression,spline_quantile_m0,quantile,0,29.3881933599311,3.8594240192920153
12,1,regression,spline_quantile_m1,quantile,1,26.16237354947874,3.697797351718712
12,1,regression,spline_quantile_m2,quantile,2,25.75122521835999,3.6670144760887924
12,1,regression,spline_quantile_m3,quantile,3,25.40102016748976,3.6451164621208263
12,1,regression,spline_quantile_m4,quantile,4,25.681505449035647,3.645457993293851
12,1,regression,spline_quantile_m5,quantile,5,25.7658780286677,3.6564996180118463
12,1,regression,spline_quantile_m6,quantile,6,25.46289965610919,3.623649534326984
12,1,regression,spline_equal_m1,equal,1,25.982937696147168,3.6856012793918302
12,1,regression,spline_equal_m2,equal,2,25.558802935236145,3.6547241403281463
12,1,regression,spline_equal_m3,equal,3,25.344060426019485,3.6486347033305253
12,1,regression,spline_equal_m4,equal,4,25.64000305303104,3.6582216839596886
12,1,regression,spline_equal_m5,equal,5,25.75048754547865,3.665633240844002
12,1,regression,spline_equal_m6,equal,6,25.425706241483248,3.637534264827342
12,1,classification,spline_quantile_m0,quantile,0,0.4814712869146655,0.15567484075394236
12,1,classification,spline_quantile_m1,quantile,1,0.49520981923705215,0.15765538248513927
12,1,classification,spline_quantile_m2,quantile,2,0.4977806908566943,0.16025968299427223
12,1,classification,spline_quantile_m3,quantile,3,0.5231752012486165,0.164017945182861
12,1,classification,spline_quantile_m4,quantile,4,0.5589548297461685,0.16220286481133678
12,1,classification,spline_quantile_m5,quantile,5,0.5806921103105275,0.16290068058504864
12,1,classification,spline_quantile_m6,quantile,6,0.6562931924595943,0.16922821541965294
12,1,classification,spline_equal_m1,equal,1,0.49952693993847974,0.15830773340802484
12,1,classification,spline_equal_m2,equal,2,0.5014083271595428,0.16129235254223734
12,1,classification,spline_equal_m3,equal,3,0.5249692297591373,0.16492215883689126
12,1,classification,spline_equal_m4,equal,4,0.5733387909438921,0.16358413493484514
12,1,classification,spline_equal_m5,equal,5,0.7836782608337031,0.16362344947234791
12,1,classification,spline_equal_m6,equal,6,1.0727771121307974,0.16598609462690703
12,2,regression,spline_quantile_m0,quantile,0,14.722422516951605,2.9860507761781174
12,2,regression,spline_quantile_m1,quantile,1,16.88050027001199,3.1977910215225234
12,2,regression,spline_quantile_m2,quantile,2,18.5430871301327,3.3721223910711857
12,2,regression,spline_quantile_m3,quantile,3,18.4608000304141,3.3925705097354655
12,2,regression,spline_quantile_m4,quantile,4,18.78523235273203,3.4193205012315944
12,2,regression,spline_quantile_m5,quantile,5,19.311556971423496,3.467029030582249
12,2,regression,spline_quantile_m6,quantile,6,19.322948230087494,3.4374630823948977
12,2,regression,spline_equal_m1,equal,1,17.367968164538205,3.245120623935829
12,2,regression,spline_equal_m2,equal,2,18.555880856978312,3.3809545859370216
12,2,regression,spline_equal_m3,equal,3,18.526234912947743,3.402722137591344
12,2,regression,spline_equal_m4,equal,4,18.910600442858062,3.4342018493916964
12,2,regression,spline_equal_m5,equal,5,19.52621772560185,3.489048581242138
12,2,regression,spline_equal_m6,equal,6,19.701985594430536,3.469991601617922
12,2,classification,spline_quantile_m0,quantile,0,0.4528299147785313,0.13896514420986303
12,2,classification,spline_quantile_m1,quantile,1,0.47858873686417497,0.14345768242157975
12,2,classification,spline_quantile_m2,quantile,2,0.470421643392155,0.1443895869433261
12,2,classification,spline_quantile_m3,quantile,3,0.48540314359509984,0.1460588981426026
12,2,classification,spline_quantile_m4,quantile,4,0.4694784114163676,0.1435690261706693
12,2,classification,spline_quantile_m5,quantile,5,0.4822354035843766,0.14521054099934866
12,2,classification,spline_quantile_m6,quantile,6,0.4656248654332854,0.1442687007628057
12,2,classification,spline_equal_m1,equal,1,0.47650811936010257,0.14286181072554804
12,2,classification,spline_equal_m2,equal,2,0.4712853356730274,0.1445285664187683
12,2,classification,spline_equal_m3,equal,3,0.4879071751515018,0.14634397584410697
12,2,classification,spline_equal_m4,equal,4,0.4697453389334574,0.14350897770439974
12,2,classification,spline_equal_m5,equal,5,0.48346236637303996,0.14510850151042054
12,2,classification,spline_equal_m6,equal,6,0.46704754287760397,0.14461182194794758
12,3,regression,spline_quantile_m0,quantile,0,15.83969088270312,3.181531646867535
12,3,regression,spline_quantile_m1,quantile,1,15.210460871285047,3.1346849483191055
12,3,regression,spline_quantile_m2,quantile,2,14.943390581267774,3.0819452544016688
12,3,regression,spline_quantile_m3,quantile,3,14.68800840953255,3.05837515078764
12,3,regression,spline_quantile_m4,quantile,4,14.826127467365348,3.0899071099777102
12,3,regression,spline_quantile_m5,quantile,5,14.687850359653153,3.0775683188797807
12,3,regression,spline_quantile_m6,quantile,6,15.280012208797002,3.1093701265144933
12,3,regression,spline_equal_m1,equal,1,15.205953013337648,3.131573048005115
12,3,regression,spline_equal_m2,equal,2,14.827110306047423,3.069325894694968
12,3,regression,spline_equal_m3,equal,3,14.678571111230879,3.0565057715518513
12,3,regression,spline_equal_m4,equal,4,14.766962531576814,3.081600395257991
12,3,regression,spline_equal_m5,equal,5,14.568339348793351,3.0613211539401135
12,3,regression,spline_equal_m6,equal,6,15.338189802520674,3.109730281241109
12,3,classification,spline_quantile_m0,quantile,0,0.49395393841859886,0.15639773734107107
12,3,classification,spline_quantile_m1,quantile,1,0.4953539146351026,0.1569931801259662
12,3,classification,spline_quantile_m2,quantile,2,0.4912837071026505,0.1590531223648049
12,3,classification,spline_quantile_m3,quantile,3,0.49847861301654844,0.16061177054609577
12,3,classification,spline_quantile_m4,quantile,4,0.4845578085654411,0.1573015180121027
12,3,classification,spline_quantile_m5,quantile,5,0.4944015888750217,0.15720735897656807
12,3,classification,spline_quantile_m6,quantile,6,0.48272179870855647,0.15537698782102544
12,3,classification,spline_equal_m1,equal,1,0.49567717856894,0.15714103456850884
12,3,classification,spline_equal_m2,equal,2,0.49396060975312056,0.15964510420970535
12,3,classification,spline_equal_m3,equal,3,0.4983317542596156,0.1606914116265154
12,3,classification,spline_equal_m4,equal,4,0.4842216023565865,0.15712721282379738
12,3,classification,spline_equal_m5,equal,5,0.4974112366377059,0.1577247249278344
12,3,classification,spline_equal_m6,equal,6,0.48467319296151745,0.15563809754514835
12,4,regression,spline_quantile_m0,quantile,0,28.627860382895225,4.350518199062462
12,4,regression,spline_quantile_m1,quantile,1,23.83198312785875,4.030779701673853
12,4,regression,spline_quantile_m2,quantile,2,23.428652031343354,3.99540654967126
12,4,regression,spline_quantile_m3,quantile,3,23.53801455339026,4.004999627817606
12,4,regression,spline_quantile_m4,quantile,4,23.259009772303585,3.9739050904950854
12,4,regression,spline_quantile_m5,quantile,5,23.526730479613697,4.0298614939940665
12,4,regression,spline_quantile_m6,quantile,6,23.288744544855195,3.99020304387966
12,4,regression,spline_equal_m1,equal,1,23.795116387847386,4.027434799315195
12,4,regression,spline_equal_m2,equal,2,23.37520883995883,3.989841171760054
12,4,regression,spline_equal_m3,equal,3,23.499756160928634,3.9996197218613916
12,4,regression,spline_equal_m4,equal,4,23.254423202963938,3.966458809450657
12,4,regression,spline_equal_m5,equal,5,23.563475173248,4.013905163259944
12,4,regression,spline_equal_m6,equal,6,23.13300244266788,3.971299501784842
12,4,classification,spline_quantile_m0,quantile,0,0.41184220323286247,0.1273022481033129
12,4,classification,spline_quantile_m1,quantile,1,0.413935629616124,0.127383180331615
12,4,classification,spline_quantile_m2,quantile,2,0.4008477005775459,0.12394196918026422
12,4,classification,spline_quantile_m3,quantile,3,0.403754008463821,0.12492058594729837
12,4,classification,spline_quantile_m4,quantile,4,0.39903145022958353,0.12664355225038457
12,4,classification,spline_quantile_m5,quantile,5,0.40198210150791724,0.12781827693042877
12,4,classification,spline_quantile_m6,quantile,6,0.41088707371841493,0.13207585346750764
12,4,classification,spline_equal_m1,equal,1,0.41396894615046614,0.1274264366917287
12,4,classification,spline_equal_m2,equal,2,0.40207462262938093,0.12415448795619984
12,4,classification,spline_equal_m3,equal,3,0.4044126293720135,0.12504473290325424
12,4,classification,spline_equal_m4,equal,4,0.39946818042793436,0.12673771467051095
12,4,classification,spline_equal_m5,equal,5,0.40400889636188275,0.12805437801609976
12,4,classification,spline_equal_m6,equal,6,0.4117552504846112,0.13258236339951077
13,0,regression,spline_quantile_m0,quantile,0,16.304401186566288,2.9484008417776915
13,0,regression,spline_quantile_m1,quantile,1,14.621919933337105,2.9425222921381122
13,0,regression,spline_quantile_m2,quantile,2,14.973089789514553,2.963303916982417
13,0,regression,spline_quantile_m3,quantile,3,15.041582199361642,2.9294767755250986
13,0,regression,spline_quantile_m4,quantile,4,15.330149270967468,2.996099988043758
13,0,regression,spline_quantile_m5,quantile,5,15.35841066275298,3.050730376222928
13,0,regression,spline_quantile_m6,quantile,6,15.236918009442281,2.9707262359050217
13,0,regression,spline_equal_m1,equal,1,14.620552737935423,2.942370758646888
13,0,regression,spline_equal_m2,equal,2,14.924885800388079,2.9607691602237383
13,0,regression,spline_equal_m3,equal,3,15.058198602523946,2.9313472492231707
13,0,regression,spline_equal_m4,equal,4,15.303411058393865,2.989715925089373
13,0,regression,spline_equal_m5,equal,5,15.147623624162165,2.972887293755276
13,0,regression,spline_equal_m6,equal,6,15.218412302952789,2.9584726569499704
13,0,classification,spline_quantile_m0,quantile,0,0.5308605590141867,0.17308188439099179
13,0,classification,spline_quantile_m1,quantile,1,0.5311015957252909,0.17282222860470248
13,0,classification,spline_quantile_m2,quantile,2,0.5191325504824281,0.16717100396342605
13,0,classification,spline_quantile_m3,quantile,3,0.5198948630076664,0.16789717225016124
13,0,classification,spline_quantile_m4,quantile,4,0.5224105584231911,0.1665615184527932
13,0,classification,spline_quantile_m5,quantile,5,0.533859329516313,0.16914712188664577
13,0,classification,spline_quantile_m6,quantile,6,0.5607558223156267,0.18079824012731088
13,0,classification,spline_equal_m1,equal,1,0.5311017087653271,0.1728189804961758
13,0,classification,spline_equal_m2,equal,2,0.5217732900999019,0.16845419023194616
13,0,classification,spline_equal_m3,equal,3,0.5184012144491065,0.16728479908279273
13,0,classification,spline_equal_m4,equal,4,0.5221844122714543,0.16622898439202902
13,0,classification,spline_equal_m5,equal,5,0.5196889279141336,0.1653409453695739
13,0,classification,spline_equal_m6,equal,6,0.5692263144001473,0.18202775158320034
13,1,regression,spline_quantile_m0,quantile,0,24.978512703523656,3.985396690885647
13,1,regression,spline_quantile_m1,quantile,1,22.159555395075337,3.7150523281574688
13,1,regression,spline_quantile_m2,quantile,2,21.7624803800361,3.669696089101251
13,1,regression,spline_quantile_m3,quantile,3,21.393837494405165,3.659168517890157
13,1,regression,spline_quantile_m4,quantile,4,21.132051244834805,3.6087097181879604
13,1,regression,spline_quantile_m5,quantile,5,21.44762908077964,3.6572172199855366
13,1,regression,spline_quantile_m6,quantile,6,21.51563955138767,3.6732310786728037
13,1,regression,spline_equal_m1,equal,1,22.106499074662782,3.710139055161442
13,1,regression,spline_equal_m2,equal,2,21.634635877599862,3.659573946278231
13,1,regression,spline_equal_m3,equal,3,21.33649894214953,3.6508634025237052
13,1,regression,spline_equal_m4,equal,4,21.18153837441235,3.6189558942302678
13,1,regression,spline_equal_m5,equal,5,21.624710518978254,3.6821536613660664
13,1,regression,spline_equal_m6,equal,6,21.19002499487111,3.633827319930441
13,1,classification,spline_quantile_m0,quantile,0,0.4818161907641055,0.15977025671991757
13,1,classification,spline_quantile_m1,quantile,1,0.48964069559915574,0.16099507516235534
13,1,classification,spline_quantile_m2,quantile,2,0.5034641117550245,0.17217448316962172
13,1,classification,spline_quantile_m3,quantile,3,0.49608435345077084,0.16872153669317758
13,1,classification,spline_quantile_m4,quantile,4,0.5011228245329694,0.17131073869740948
13,1,classification,spline_quantile_m5,quantile,5,0.50259042799476,0.171415818135033
13,1,classification,spline_quantile_m6,quantile,6,0.48692832998073043,0.1668561260977872
13,1,classification,spline_equal_m1,equal,1,0.488710742770441,0.16073274175527683
13,1,classification,spline_equal_m2,equal,2,0.5030949842166738,0.1718058429509571
13,1,classification,spline_equal_m3,equal,3,0.49570236759201736,0.1682476848087839
13,1,classification,spline_equal_m4,equal,4,0.5023809162096743,0.1715119753644691
13,1,classification,spline_equal_m5,equal,5,0.5045380488151308,0.17170087109880391
13,1,classification,spline_equal_m6,equal,6,0.49891461635759904,0.1701663035919778
13,2,regression,spline_quantile_m0,quantile,0,20.502448536625835,3.5803046310829387
13,2,regression,spline_quantile_m1,quantile,1,19.84970133742252,3.6050064162387234
13,2,regression,spline_quantile_m2,quantile,2,19.346190526574183,3.5576752637079743
13,2,regression,spline_quantile_m3,quantile,3,19.034470643600997,3.508253659538812
13,2,regression,spline_quantile_m4,quantile,4,19.986151737353733,3.6094512163216965
13,2,regression,spline_quantile_m5,quantile,5,19.53753764027243,3.5667623136511692
13,2,regression,spline_quantile_m6,quantile,6,20.352154631529018,3.6196666321397752
13,2,regression,spline_equal_m1,equal,1,19.683090353203124,3.5910890375916362
13,2,regression,spline_equal_m2,equal,2,19.254238647526577,3.5460730021718985
13,2,regression,spline_equal_m3,equal,3,18.96615076839575,3.496222308962802
13,2,regression,spline_equal_m4,equal,4,19.918913498147887,3.5993735399575293
13,2,regression,spline_equal_m5,equal,5,19.37379824405415,3.54888655036759
13,2,regression,spline_equal_m6,equal,6,20.12470802040437,3.6028836096559207
13,2,classification,spline_quantile_m0,quantile,0,0.48592664321551704,0.15916961171217517
13,2,classification,spline_quantile_m1,quantile,1,0.4861527942681422,0.15925785595525885
13,2,classification,spline_quantile_m2,quantile,2,0.47918386950136826,0.15726387304198666
13,2,classification,spline_quantile_m3,quantile,3,0.5120731954868322,0.16397483495937246
13,2,classification,spline_quantile_m4,quantile,4,0.49311383624178445,0.15922339647304443
13,2,classification,spline_quantile_m5,quantile,5,0.5097602225944133,0.16421745457042483
13,2,classification,spline_quantile_m6,quantile,6,0.5293478856929599,0.161197646797207
13,2,classification,spline_equal_m1,equal,1,0.4867831139403668,0.1595138965134398
13,2,classification,spline_equal_m2,equal,2,0.48130401729865846,0.15770898332840916
13,2,classification,spline_equal_m3,equal,3,0.5120372872396584,0.16397159740042555
13,2,classification,spline_equal_m4,equal,4,0.4935142998832107,0.15945295465003814
13,2,classification,spline_equal_m5,equal,5,0.5116094834726502,0.1631484777564271
13,2,classification,spline_equal_m6,equal,6,0.5340928455500692,0.16166816008567866
13,3,regression,spline_quantile_m0,quantile,0,27.17666980904528,3.867448780655834
13,3,regression,spline_quantile_m1,quantile,1,24.193118725484922,3.5315229319093704
13,3,regression,spline_quantile_m2,quantile,2,23.74196233900526,3.52398957717386
13,3,regression,spline_quantile_m3,quantile,3,23.74619626696667,3.6078213300080626
13,3,regression,spline_quantile_m4,quantile,4,23.70314886355146,3.635460945097228
13,3,regression,spline_quantile_m5,quantile,5,24.22391388180754,3.700365371352136
13,3,regression,spline_quantile_m6,quantile,6,23.932850866037544,3.6487201944702012
13,3,regression,spline_equal_m1,equal,1,24.128811496253597,3.5256421480547377
13,3,regression,spline_equal_m2,equal,2,23.659222766537777,3.5306490802524717
13,3,regression,spline_equal_m3,equal,3,23.722888861788515,3.612863131658735
13,3,regression,spline_equal_m4,equal,4,23.80182543471535,3.654367722555015
13,3,regression,spline_equal_m5,equal,5,24.368058678714764,3.72631556962412
13,3,regression,spline_equal_m6,equal,6,24.248139508087608,3.7108945555682777
13,3,classification,spline_quantile_m0,quantile,0,0.4033907296388285,0.11472007749648826
13,3,classification,spline_quantile_m1,quantile,1,0.4026998367745774,0.11491457086224292
13,3,classification,spline_quantile_m2,quantile,2,0.3859921228330219,0.11237985146871303
13,3,classification,spline_quantile_m3,quantile,3,0.4002772555457204,0.11614516806414216
13,3,classification,spline_quantile_m4,quantile,4,0.4194191910147032,0.11505482029492399
13,3,classification,spline_quantile_m5,quantile,5,0.5378675999655459,0.12128878134435098
13,3,classification,spline_quantile_m6,quantile,6,0.6986062223337712,0.12088754743285172
13,3,classification,spline_equal_m1,equal,1,0.4031808969570416,0.11478891155644798
13,3,classification,spline_equal_m2,equal,2,0.38755659205173487,0.11264199706747922
13,3,classification,spline_equal_m3,equal,3,0.399199606554992,0.11611507302169093
13,3,classification,spline_equal_m4,equal,4,0.426717186493394,0.11562119699213574
13,3,classification,spline_equal_m5,equal,5,0.6276507279214215,0.12182770263199737
13,3,classification,spline_equal_m6,equal,6,0.8989572258406503,0.12027548808091396
13,4,regression,spline_quantile_m0,quantile,0,22.247115893598394,3.971552673573482
13,4,regression,spline_quantile_m1,quantile,1,19.693307413933933,3.7159387858029844
13,4,regression,spline_quantile_m2,quantile,2,20.377244624103426,3.7639697899398517
13,4,regression,spline_quantile_m3,quantile,3,21.080427989416844,3.8053336703805445
13,4,regression,spline_quantile_m4,quantile,4,20.85822745431405,3.785418134759922
13,4,regression,spline_quantile_m5,quantile,5,20.99220773293436,3.804668775544045
13,4,regression,spline_quantile_m6,quantile,6,20.988267975215514,3.7965447916712547
13,4,regression,spline_equal_m1,equal,1,19.749116720337078,3.7194004722291845
13,4,regression,spline_equal_m2,equal,2,20.431003688091177,3.75662035374729
13,4,regression,spline_equal_m3,equal,3,21.066409873004062,3.806182085248529
13,4,regression,spline_equal_m4,equal,4,21.030319720536454,3.8168877903587743
13,4,regression,spline_equal_m5,equal,5,21.26081464252062,3.844638739196828
13,4,regression,spline_equal_m6,equal,6,21.409098171735426,3.833905268286319
13,4,classification,spline_quantile_m0,quantile,0,0.3703430767630046,0.11445278465484571
13,4,classification,spline_quantile_m1,quantile,1,0.3702997959407773,0.11451586838203691
13,4,classification,spline_quantile_m2,quantile,2,0.3615771524443634,0.11095979143672716
13,4,classification,spline_quantile_m3,quantile,3,0.35873131320489265,0.11194113271827072
13,4,classification,spline_quantile_m4,quantile,4,0.3510252566090704,0.10882289245574545
13,4,classification,spline_quantile_m5,quantile,5,0.35359390795924306,0.10954515807396752
13,4,classification,spline_quantile_m6,quantile,6,0.3579349251026397,0.11295019052440658
13,4,classification,spline_equal_m1,equal,1,0.37033804456306396,0.11450501230849727
13,4,classification,spline_equal_m2,equal,2,0.36182298810612434,0.11115082549471116
13,4,classification,spline_equal_m3,equal,3,0.36030133444017237,0.11246686628339793
13,4,classification,spline_equal_m4,equal,4,0.350798833562176,0.10870151042397856
13,4,classification,spline_equal_m5,equal,5,0.3541934197156699,0.10961911704470463
13,4,classification,spline_equal_m6,equal,6,0.35711846627130833,0.11156851777226415
14,0,regression,spline_quantile_m0,quantile,0,18.359112847273312,3.309105147464677
14,0,regression,spline_quantile_m1,quantile,1,15.468277574128855,2.989898803666193
14,0,regression,spline_quantile_m2,quantile,2,15.909175838868538,3.050876034259243
14,0,regression,spline_quantile_m3,quantile,3,15.832380914213905,3.0483327579546375
14,0,regression,spline_quantile_m4,quantile,4,16.17821741366597,3.0504977611412647
14,0,regression,spline_quantile_m5,quantile,5,17.28608597100216,3.151351037307803
14,0,regression,spline_quantile_m6,quantile,6,16.444893207787015,3.0687650868744707
14,0,regression,spline_equal_m1,equal,1,15.477127697487003,2.99166929794869
14,0,regression,spline_equal_m2,equal,2,15.908439176959867,3.0501164916182493
14,0,regression,spline_equal_m3,equal,3,15.862248668150057,3.0537194316111833
14,0,regression,spline_equal_m4,equal,4,16.26674324306703,3.057472000374085
14,0,regression,spline_equal_m5,equal,5,17.05958924175961,3.12514097555532
14,0,regression,spline_equal_m6,equal,6,16.238195969912603,3.0634658562181745
14,0,classification,spline_quantile_m0,quantile,0,0.40686191133853605,0.12429101358429621
14,0,classification,spline_quantile_m1,quantile,1,0.40728991129846503,0.12439691894698278
14,0,classification,spline_quantile_m2,quantile,2,0.3989387457637882,0.12247691747127618
14,0,classification,spline_quantile_m3,quantile,3,0.39958565168949145,0.12241787597721258
14,0,classification,spline_quantile_m4,quantile,4,0.39465791260520766,0.12178769621206863
14,0,classification,spline_quantile_m5,quantile,5,0.40362599055504456,0.12194162395801049
14,0,classification,spline_quantile_m6,quantile,6,0.4149943389766414,0.12811302655873658
14,0,classification,spline_equal_m1,equal,1,0.40727267466902867,0.1243912885561695
14,0,classification,spline_equal_m2,equal,2,0.4012517598247005,0.12299856471455214
14,0,classification,spline_equal_m3,equal,3,0.3991448389590388,0.12235232491089658
14,0,classification,spline_equal_m4,equal,4,0.3954785592908003,0.12182150058714683
14,0,classification,spline_equal_m5,equal,5,0.4014729773081329,0.12155200652743055
14,0,classification,spline_equal_m6,equal,6,0.4150693249893021,0.12747324582380515
14,1,regression,spline_quantile_m0,quantile,0,20.90324160743155,3.58443578125892
14,1,regression,spline_quantile_m1,quantile,1,19.62576952837088,3.6267997300539476
14,1,regression,spline_quantile_m2,quantile,2,19.638427642211653,3.6830293736446755
14,1,regression,spline_quantile_m3,quantile,3,19.797194514628323,3.7097151815727223
14,1,regression,spline_quantile_m4,quantile,4,20.25623702334476,3.7414878855496903
14,1,regression,spline_quantile_m5,quantile,5,20.668735335368034,3.7739151993951907
14,1,regression,spline_quantile_m6,quantile,6,20.843775408117622,3.75004531939687
14,1,regression,spline_equal_m1,equal,1,19.663474676660822,3.6432859368689376
14,1,regression,spline_equal_m2,equal,2,19.632589030646336,3.684931267433659
14,1,regression,spline_equal_m3,equal,3,19.96996605144824,3.725616384753893
14,1,regression,spline_equal_m4,equal,4,20.539202031184132,3.756591865738295
14,1,regression,spline_equal_m5,equal,5,21.1250484411142,3.7857398279482344
14,1,regression,spline_equal_m6,equal,6,21.260386692925294,3.7497886986598554
14,1,classification,spline_quantile_m0,quantile,0,0.6045161251726401,0.19029139298570208
14,1,classification,spline_quantile_m1,quantile,1,0.613594023969887,0.19463740464476445
14,1,classification,spline_quantile_m2,quantile,2,0.5964750711182155,0.19180849061981
14,1,classification,spline_quantile_m3,quantile,3,0.6329356793049941,0.19042903066272668
14,1,classification,spline_quantile_m4,quantile,4,0.6220037220435467,0.18898899285182122
14,1,classification,spline_quantile_m5,quantile,5,0.6405495714170981,0.18971816731548788
14,1,classification,spline_quantile_m6,quantile,6,0.6473963884161655,0.1887403421217147
14,1,classification,spline_equal_m1,equal,1,0.6161829278990132,0.19487120358540758
14,1,classification,spline_equal_m2,equal,2,0.5961614777032864,0.19168891629488427
14,1,classification,spline_equal_m3,equal,3,0.635855769025557,0.19172092939591423
14,1,classification,spline_equal_m4,equal,4,0.6357355480249915,0.18928229843839742
14,1,classification,spline_equal_m5,equal,5,0.6932693538864005,0.189979928797398
14,1,classification,spline_equal_m6,equal,6,0.8257091813143015,0.18949403471683202
14,2,regression,spline_quantile_m0,quantile,0,24.88243463672513,3.9942555139728335
14,2,regression,spline_quantile_m1,quantile,1,23.86890792560933,4.002697937745966
14,2,regression,spline_quantile_m2,quantile,2,23.551569415907483,3.9920989529522735
14,2,regression,spline_quantile_m3,quantile,3,23.323090366523097,3.9801111232111435
14,2,regression,spline_quantile_m4,quantile,4,23.22750254882291,3.9681787327155074
14,2,regression,spline_quantile_m5,quantile,5,23.34259185287981,3.9819288745023993
14,2,regression,spline_quantile_m6,quantile,6,23.920524321760055,4.016965235170647
14,2,regression,spline_equal_m1,equal,1,23.873001180929364,4.002832672991908
14,2,regression,spline_equal_m2,equal,2,23.54446406400372,3.9923744474651657
14,2,regression,spline_equal_m3,equal,3,23.395264135212887,3.9867420207745767
14,2,regression,spline_equal_m4,equal,4,23.269585827655074,3.9724436790777338
14,2,regression,spline_equal_m5,equal,5,23.595070417464214,4.000228458773856
14,2,regression,spline_equal_m6,equal,6,23.931408994632,4.018277588701745
14,2,classification,spline_quantile_m0,quantile,0,0.45134631092576805,0.14402136332659857
14,2,classification,spline_quantile_m1,quantile,1,0.45165990745001117,0.1441648679568148
14,2,classification,spline_quantile_m2,quantile,2,0.43789927179329174,0.14138880670362317
14,2,classification,spline_quantile_m3,quantile,3,0.4413475698218787,0.14157848817466545
14,2,classification,spline_quantile_m4,quantile,4,0.4307110991774378,0.14033553342809327
14,2,classification,spline_quantile_m5,quantile,5,0.43338878721405444,0.13825093959596085
14,2,classification,spline_quantile_m6,quantile,6,0.4376674960829943,0.1455849427271244
14,2,classification,spline_equal_m1,equal,1,0.45160973536882215,0.14414060787297148
14,2,classification,spline_equal_m2,equal,2,0.439975776463723,0.1418761898318199
14,2,classification,spline_equal_m3,equal,3,0.4405317256155552,0.14138771327478014
14,2,classification,spline_equal_m4,equal,4,0.43059655307612404,0.13993927809268
14,2,classification,spline_equal_m5,equal,5,0.43336782731756557,0.1385495881222582
14,2,classification,spline_equal_m6,equal,6,0.4383612103026088,0.14534989395466605
14,3,regression,spline_quantile_m0,quantile,0,25.134615294655468,3.5181582867459475
14,3,regression,spline_quantile_m1,quantile,1,23.12227778848825,3.408709624415451
14,3,regression,spline_quantile_m2,quantile,2,22.94883893617337,3.3856545662267234
14,3,regression,spline_quantile_m3,quantile,3,22.927257678095547,3.408424008934728
14,3,regression,spline_quantile_m4,quantile,4,22.878112400100562,3.4635587052911605
14,3,regression,spline_quantile_m5,quantile,5,23.05537715865751,3.485963098362207
14,3,regression,spline_quantile_m6,quantile,6,22.726143188868846,3.449853161272728
14,3,regression,spline_equal_m1,equal,1,23.085170011296086,3.3981943715138265
14,3,regression,spline_equal_m2,equal,2,22.908240960738635,3.3862477294133835
14,3,regression,spline_equal_m3,equal,3,22.908392461937268,3.4112652563247043
14,3,regression,spline_equal_m4,equal,4,22.85847746105703,3.4533024192594297
14,3,regression,spline_equal_m5,equal,5,22.928799990212177,3.453169572753577
14,3,regression,spline_equal_m6,equal,6,22.662813348079222,3.428362879743745
14,3,classification,spline_quantile_m0,quantile,0,0.3932329691333708,0.12295687274361193
14,3,classification,spline_quantile_m1,quantile,1,0.3932033706811269,0.12314527192267452
14,3,classification,spline_quantile_m2,quantile,2,0.38410937381502386,0.11930306514182658
14,3,classification,spline_quantile_m3,quantile,3,0.40468032112479263,0.13164956345908824
14,3,classification,spline_quantile_m4,quantile,4,0.41761948994556314,0.13577480477414874
14,3,classification,spline_quantile_m5,quantile,5,0.42258076173990794,0.13768660336828295
14,3,classification,spline_quantile_m6,quantile,6,0.41471864511680406,0.1355226098493724
14,3,classification,spline_equal_m1,equal,1,0.3932592663164074,0.12312376404772268
14,3,classification,spline_equal_m2,equal,2,0.38455809027589666,0.11952150090115815
14,3,classification,spline_equal_m3,equal,3,0.4038109468520446,0.1314768923696551
14,3,classification,spline_equal_m4,equal,4,0.4223346105193052,0.13753316522227668
14,3,classification,spline_equal_m5,equal,5,0.42696949826575326,0.13869721852929204
14,3,classification,spline_equal_m6,equal,6,0.41750084075381005,0.13520994757917937
14,4,regression,spline_quantile_m0,quantile,0,19.303442823616678,3.736803118200655
14,4,regression,spline_quantile_m1,quantile,1,16.04853754561489,3.296398317020271
14,4,regression,spline_quantile_m2,quantile,2,15.613670502535577,3.2280584374922863
14,4,regression,spline_quantile_m3,quantile,3,15.382914625921249,3.171266166538049
14,4,regression,spline_quantile_m4,quantile,4,15.265859639356448,3.1588867083773136
14,4,regression,spline_quantile_m5,quantile,5,15.339153808953855,3.1713188600705644
14,4,regression,spline_quantile_m6,quantile,6,15.121492162774764,3.134813679436771
14,4,regression,spline_equal_m1,equal,1,15.961648304149518,3.290356724710134
14,4,regression,spline_equal_m2,equal,2,15.503244272095328,3.2043010312110822
14,4,regression,spline_equal_m3,equal,3,15.35402498751675,3.1719182140676008
14,4,regression,spline_equal_m4,equal,4,15.287077898919476,3.1666314536300213
14,4,regression,spline_equal_m5,equal,5,15.289299799488363,3.1721424031042313
14,4,regression,spline_equal_m6,equal,6,15.376171633268413,3.181079945509871
14,4,classification,spline_quantile_m0,quantile,0,0.4803677101056436,0.15996960758713705
14,4,classification,spline_quantile_m1,quantile,1,0.48772244540888354,0.163309651408665
14,4,classification,spline_quantile_m2,quantile,2,0.5551229965798785,0.18127786503589222
14,4,classification,spline_quantile_m3,quantile,3,0.5574051278585073,0.18517876446466727
14,4,classification,spline_quantile_m4,quantile,4,0.5557973469117227,0.18145281789421766
14,4,classification,spline_quantile_m5,quantile,5,0.5653246170882233,0.18247638370547004
14,4,classification,spline_quantile_m6,quantile,6,0.5850622971953221,0.18185481775581036
14,4,classification,spline_equal_m1,equal,1,0.4901791931108052,0.16432924061167586
14,4,classification,spline_equal_m2,equal,2,0.5573873367999477,0.18255317204257435
14,4,classification,spline_equal_m3,equal,3,0.561160392171142,0.18540941243200262
14,4,classification,spline_equal_m4,equal,4,0.5614929822194357,0.1834160718956844
14,4,classification,spline_equal_m5,equal,5,0.5862287628684215,0.18358405964668953
14,4,classification,spline_equal_m6,equal,6,0.6448925105798865,0.1842122284373739
15,0,regression,spline_quantile_m0,quantile,0,22.777346447463557,3.6615679749034915
15,0,regression,spline_quantile_m1,quantile,1,20.929989266659685,3.6072960843441653
15,0,regression,spline_quantile_m2,quantile,2,20.52365065919374,3.55396541066527
15,0,regression,spline_quantile_m3,quantile,3,20.34786561025459,3.4938493640050363
15,0,regression,spline_quantile_m4,quantile,4,20.603031640463954,3.563155459009737
15,0,regression,spline_quantile_m5,quantile,5,20.67231764078422,3.583602873918878
15,0,regression,spline_quantile_m6,quantile,6,20.320795449313554,3.5310967927135777
15,0,regression,spline_equal_m1,equal,1,20.89857311495353,3.6026337413908815
15,0,regression,spline_equal_m2,equal,2,20.549508229034664,3.5523824756070725
15,0,regression,spline_equal_m3,equal,3,20.331136857012833,3.4909427730542024
15,0,regression,spline_equal_m4,equal,4,20.60878328881691,3.560808607951725
15,0,regression,spline_equal_m5,equal,5,20.621985895261574,3.5580857637295584
15,0,regression,spline_equal_m6,equal,6,20.186264060926533,3.517341630283551
15,0,classification,spline_quantile_m0,quantile,0,0.3856241867894704,0.12226248699026884
15,0,classification,spline_quantile_m1,quantile,1,0.3892618976825364,0.12288877050587008
15,0,classification,spline_quantile_m2,quantile,2,0.3760485535415529,0.11905719055218031
15,0,classification,spline_quantile_m3,quantile,3,0.37750107120618337,0.11895156284128942
15,0,classification,spline_quantile_m4,quantile,4,0.37187149263575053,0.12010541944680765
15,0,classification,spline_quantile_m5,quantile,5,0.37277700502212496,0.11932641049202637
15,0,classification,spline_quantile_m6,quantile,6,0.36279497795947135,0.11868568841557506
15,0,classification,spline_equal_m1,equal,1,0.38925788767422737,0.12289920304789055
15,0,classification,spline_equal_m2,equal,2,0.37760539464943377,0.11951892828100436
15,0,classification,spline_equal_m3,equal,3,0.37743697240829505,0.1189394459487745
15,0,classification,spline_equal_m4,equal,4,0.3717937346423596,0.1198947153981371
15,0,classification,spline_equal_m5,equal,5,0.3735249434295037,0.11918127231477033
15,0,classification,spline_equal_m6,equal,6,0.36316915250385884,0.11882495567641199
15,1,regression,spline_quantile_m0,quantile,0,22.627995077471493,3.668507126095115
15,1,regression,spline_quantile_m1,quantile,1,18.40937455870445,3.2000409246146653
15,1,regression,spline_quantile_m2,quantile,2,18.115152340339876,3.158058127246887
15,1,regression,spline_quantile_m3,quantile,3,18.16521799638328,3.1393115774466933
15,1,regression,spline_quantile_m4,quantile,4,18.883632028711112,3.1717633603934248
15,1,regression,spline_quantile_m5,quantile,5,18.690292374307784,3.177064517143989
15,1,regression,spline_quantile_m6,quantile,6,19.30657543932783,3.216100295526604
15,1,regression,spline_equal_m1,equal,1,18.403108817449997,3.199247279817499
15,1,regression,spline_equal_m2,equal,2,18.086676944191446,3.1524247941200567
15,1,regression,spline_equal_m3,equal,3,18.185308058863548,3.1431615366842185
15,1,regression,spline_equal_m4,equal,4,18.636232096987154,3.152246939488017
15,1,regression,spline_equal_m5,equal,5,18.271240729110993,3.1337843697713783
15,1,regression,spline_equal_m6,equal,6,19.714817329044987,3.2183910220960934
15,1,classification,spline_quantile_m0,quantile,0,0.4399238218834971,0.13401004896033591
15,1,classification,spline_quantile_m1,quantile,1,0.43981441528271653,0.13395273344936917
15,1,classification,spline_quantile_m2,quantile,2,0.4541271010338664,0.1445368179546317
15,1,classification,spline_quantile_m3,quantile,3,0.4869472687157886,0.15376245746599054
15,1,classification,spline_quantile_m4,quantile,4,0.4879950311305977,0.1564840798876058
15,1,classification,spline_quantile_m5,quantile,5,0.5154360430337553,0.1592535719512442
15,1,classification,spline_quantile_m6,quantile,6,0.5653509215447257,0.16170466969847547
15,1,classification,spline_equal_m1,equal,1,0.4398796877330284,0.13398676945320234
15,1,classification,spline_equal_m2,equal,2,0.4528283993589449,0.143445652909082
15,1,classification,spline_equal_m3,equal,3,0.48775938473536995,0.15398968503609434
15,1,classification,spline_equal_m4,equal,4,0.49632512811339835,0.15765254297165968
15,1,classification,spline_equal_m5,equal,5,0.5307586119993651,0.15807772108226953
15,1,classification,spline_equal_m6,equal,6,0.6162047377688535,0.15911263029626005
15,2,regression,spline_quantile_m0,quantile,0,15.004839127841183,3.2823017328753883
15,2,regression,spline_quantile_m1,quantile,1,14.898665744982225,3.302098320073948
15,2,regression,spline_quantile_m2,quantile,2,15.101312281524713,3.3259227018448945
15,2,regression,spline_quantile_m3,quantile,3,15.42690855031877,3.3602749552430606
15,2,regression,spline_quantile_m4,quantile,4,15.298699807681187,3.3624695703612293
15,2,regression,spline_quantile_m5,quantile,5,15.478115790064226,3.3585798703482395
15,2,regression,spline_quantile_m6,quantile,6,15.53014644332375,3.3451412770635933
15,2,regression,spline_equal_m1,equal,1,14.923881339742575,3.3036261623505734
15,2,regression,spline_equal_m2,equal,2,15.152001359440087,3.3322811795913463
15,2,regression,spline_equal_m3,equal,3,15.397912339136091,3.364281223570131
15,2,regression,spline_equal_m4,equal,4,15.48734345047653,3.373425507931507
15,2,regression,spline_equal_m5,equal,5,15.773527134450326,3.3765582210719627
15,2,regression,spline_equal_m6,equal,6,15.486817971723731,3.3314953285333093
15,2,classification,spline_quantile_m0,quantile,0,0.41489917831024714,0.125717047722581
15,2,classification,spline_quantile_m1,quantile,1,0.42065518763225,0.12641408149526365
15,2,classification,spline_quantile_m2,quantile,2,0.44076535403745637,0.1324069138083183
15,2,classification,spline_quantile_m3,quantile,3,0.44946610145666005,0.1361327295475873
15,2,classification,spline_quantile_m4,quantile,4,0.45779689864026807,0.1351669069000633
15,2,classification,spline_quantile_m5,quantile,5,0.45711495582046796,0.13561959499420448
15,2,classification,spline_quantile_m6,quantile,6,0.462323089596659,0.13465466241072682
15,2,classification,spline_equal_m1,equal,1,0.41988165494978263,0.1262948614116914
15,2,classification,spline_equal_m2,equal,2,0.4382467044765264,0.13195088887938217
15,2,classification,spline_equal_m3,equal,3,0.44656265461619105,0.13556989147085996
15,2,classification,spline_equal_m4,equal,4,0.45573723910046454,0.13500952245172954
15,2,classification,spline_equal_m5,equal,5,0.45561101678887594,0.1358805663202929
15,2,classification,spline_equal_m6,equal,6,0.45913328016974037,0.13513038017805745
15,3,regression,spline_quantile_m0,quantile,0,29.45884579435616,4.333639487133782
15,3,regression,spline_quantile_m1,quantile,1,26.740705820859258,4.158331533893355
15,3,regression,spline_quantile_m2,quantile,2,26.967817879940004,4.187469206774213
15,3,regression,spline_quantile_m3,quantile,3,27.108732326838403,4.2139161042877165
15,3,regression,spline_quantile_m4,quantile,4,27.676637702880075,4.216613903867243
15,3,regression,spline_quantile_m5,quantile,5,28.104951114454288,4.2565863086690285
15,3,regression,spline_quantile_m6,quantile,6,27.902673735134712,4.204589759866649
15,3,regression,spline_equal_m1,equal,1,26.768140222854758,4.163523194000877
15,3,regression,spline_equal_m2,equal,2,26.95788825416805,4.19187887018138
15,3,regression,spline_equal_m3,equal,3,27.227220382225447,4.222268798321427
15,3,regression,spline_equal_m4,equal,4,27.849562365850456,4.228773053983841
15,3,regression,spline_equal_m5,equal,5,28.320441772560294,4.280984096973593
15,3,regression,spline_equal_m6,equal,6,28.356363735255737,4.242691490371584
15,3,classification,spline_quantile_m0,quantile,0,0.3832008976794129,0.12217446519402551
15,3,classification,spline_quantile_m1,quantile,1,0.38293221077955264,0.12221838943437127
15,3,classification,spline_quantile_m2,quantile,2,0.37602948293664634,0.1198876720012589
15,3,classification,spline_quantile_m3,quantile,3,0.37696166142525284,0.11978057641820225
15,3,classification,spline_quantile_m4,quantile,4,0.37457645814089296,0.1209558098661706
15,3,classification,spline_quantile_m5,quantile,5,0.38099305768251235,0.12211546118175873
15,3,classification,spline_quantile_m6,quantile,6,0.3741077039225759,0.1214755711880789
15,3,classification,spline_equal_m1,equal,1,0.38308484048621544,0.12219679606991582
15,3,classification,spline_equal_m2,equal,2,0.3766944650612304,0.11995379560901023
15,3,classification,spline_equal_m3,equal,3,0.3794325678123445,0.12059174070707954
15,3,classification,spline_equal_m4,equal,4,0.37327227642880656,0.12028720305917175
15,3,classification,spline_equal_m5,equal,5,0.3846294554459003,0.12298074107072476
15,3,classification,spline_equal_m6,equal,6,0.3783716482890084,0.12354914569220632
15,4,regression,spline_quantile_m0,quantile,0,18.66344922237015,3.129653520377967
15,4,regression,spline_quantile_m1,quantile,1,18.477996202534342,3.2502490166491556
15,4,regression,spline_quantile_m2,quantile,2,18.09321567234082,3.225253621207486
15,4,regression,spline_quantile_m3,quantile,3,17.704897087162998,3.224048292032094
15,4,regression,spline_quantile_m4,quantile,4,17.442244973573267,3.219437581672246
15,4,regression,spline_quantile_m5,quantile,5,17.69229420141528,3.2398061250455448
15,4,regression,spline_quantile_m6,quantile,6,17.4693033942018,3.2223059264134957
15,4,regression,spline_equal_m1,equal,1,18.42936200331745,3.2483389942661893
15,4,regression,spline_equal_m2,equal,2,17.92442859689528,3.222493872973385
15,4,regression,spline_equal_m3,equal,3,17.64013942452076,3.2235866895232856
15,4,regression,spline_equal_m4,equal,4,17.498648723423404,3.21656591251377
15,4,regression,spline_equal_m5,equal,5,17.759669040072414,3.2434030806662393
15,4,regression,spline_equal_m6,equal,6,17.714227401659834,3.24735214477369
15,4,classification,spline_quantile_m0,quantile,0,0.6155502565176887,0.1993546261875664
15,4,classification,spline_quantile_m1,quantile,1,0.6250910249188629,0.2006651467281602
15,4,classification,spline_quantile_m2,quantile,2,0.6069192950603334,0.19805815177480848
15,4,classification,spline_quantile_m3,quantile,3,0.6527170519702915,0.20428177819362667
15,4,classification,spline_quantile_m4,quantile,4,0.6941652788376443,0.19871523747266273
15,4,classification,spline_quantile_m5,quantile,5,0.7124389504826891,0.19964232807843799
15,4,classification,spline_quantile_m6,quantile,6,0.7980069479949432,0.2018862454071831
15,4,classification,spline_equal_m1,equal,1,0.6274973894361868,0.20094231020942505
15,4,classification,spline_equal_m2,equal,2,0.6106384641359424,0.19888329575301378
15,4,classification,spline_equal_m3,equal,3,0.6471129668722863,0.20468076083804135
15,4,classification,spline_equal_m4,equal,4,0.7073412544325508,0.1985774126079553
15,4,classification,spline_equal_m5,equal,5,1.0242302144593585,0.1998490772985124
15,4,classification,spline_equal_m6,equal,6,1.1283044324651692,0.20739667148501043
16,0,regression,spline_quantile_m0,quantile,0,14.073885906908789,3.0622610069672356
16,0,regression,spline_quantile_m1,quantile,1,14.664173828140164,3.172626149313658
16,0,regression,spline_quantile_m2,quantile,2,14.733877342498852,3.191114566876574
16,0,regression,spline_quantile_m3,quantile,3,14.597782720480453,3.172577536880987
16,0,regression,spline_quantile_m4,quantile,4,14.737256533923585,3.166147894411314
16,0,regression,spline_quantile_m5,quantile,5,14.637962088225565,3.189121020717279
16,0,regression,spline_quantile_m6,quantile,6,14.726214109507008,3.17677705032952
16,0,regression,spline_equal_m1,equal,1,14.661125795507457,3.1724393342670125
16,0,regression,spline_equal_m2,equal,2,14.733385620794975,3.191046921391045
16,0,regression,spline_equal_m3,equal,3,14.675162023498478,3.180723240573064
16,0,regression,spline_equal_m4,equal,4,14.649426611040766,3.1676550471866824
16,0,regression,spline_equal_m5,equal,5,14.539066719867355,3.1656666233209996
16,0,regression,spline_equal_m6,equal,6,15.033288501108945,3.161871179273545
16,0,classification,spline_quantile_m0,quantile,0,0.46974495757080864,0.15477673595688482
16,0,classification,spline_quantile_m1,quantile,1,0.47050994141275504,0.15513822872065527
16,0,classification,spline_quantile_m2,quantile,2,0.46094925628325145,0.15192659774390424
16,0,classification,spline_quantile_m3,quantile,3,0.4658429099616719,0.15355676049046607
16,0,classification,spline_quantile_m4,quantile,4,0.46712802163208417,0.15476750073264722
16,0,classification,spline_quantile_m5,quantile,5,0.46874073783647063,0.15414702864768592
16,0,classification,spline_quantile_m6,quantile,6,0.47817450601997885,0.1607981199453822
16,0,classification,spline_equal_m1,equal,1,0.47048698712523596,0.155127148605827
16,0,classification,spline_equal_m2,equal,2,0.4618230999597156,0.15218903206907042
16,0,classification,spline_equal_m3,equal,3,0.46682875879356467,0.1538930499663074
16,0,classification,spline_equal_m4,equal,4,0.45952084151647116,0.15139479717639298
16,0,classification,spline_equal_m5,equal,5,0.4748422905684307,0.15571246633130761
16,0,classification,spline_equal_m6,equal,6,0.4749100114867039,0.1603981977986878
16,1,regression,spline_quantile_m0,quantile,0,29.940326205892493,4.066961043923721
16,1,regression,spline_quantile_m1,quantile,1,27.01957686765926,3.9217576829010055
16,1,regression,spline_quantile_m2,quantile,2,26.72023712525415,3.912733061755924
16,1,regression,spline_quantile_m3,quantile,3,26.53653866281472,3.921546661534447
16,1,regression,spline_quantile_m4,quantile,4,26.396658148703267,3.940533872709771
16,1,regression,spline_quantile_m5,quantile,5,26.40871917166113,3.925052553614159
16,1,regression,spline_quantile_m6,quantile,6,26.92357186277684,3.9263624481524557
16,1,regression,spline_equal_m1,equal,1,26.754281742187217,3.908596287286814
16,1,regression,spline_equal_m2,equal,2,26.572978607330906,3.9072370036117094
16,1,regression,spline_equal_m3,equal,3,26.48901432084482,3.935329778693384
16,1,regression,spline_equal_m4,equal,4,26.33501650236502,3.9338503385256227
16,1,regression,spline_equal_m5,equal,5,26.594151249308393,3.9231321694556236
16,1,regression,spline_equal_m6,equal,6,27.15967442147313,3.9844653499572296
16,1,classification,spline_quantile_m0,quantile,0,0.3969232901619286,0.12248873600430064
16,1,classification,spline_quantile_m1,quantile,1,0.423280812952447,0.12944300651438845
16,1,classification,spline_quantile_m2,quantile,2,0.43242331531223,0.1325379309117985
16,1,classification,spline_quantile_m3,quantile,3,0.4338414066986202,0.13163898123556927
16,1,classification,spline_quantile_m4,quantile,4,0.4342139079901491,0.1300807522568252
16,1,classification,spline_quantile_m5,quantile,5,0.43284057375487295,0.1305687152716758
16,1,classification,spline_quantile_m6,quantile,6,0.4467347403042849,0.13209290961529507
16,1,classification,spline_equal_m1,equal,1,0.41817525710674297,0.12802977099539914
16,1,classification,spline_equal_m2,equal,2,0.4330097561875301,0.13258072501556048
16,1,classification,spline_equal_m3,equal,3,0.4355147660438955,0.13376946971504414
16,1,classification,spline_equal_m4,equal,4,0.43352098772124775,0.13021260152285538
16,1,classification,spline_equal_m5,equal,5,0.43550905683046937,0.13309977262058745
16,1,classification,spline_equal_m6,equal,6,0.4370923143729522,0.1315260483317707
16,2,regression,spline_quantile_m0,quantile,0,19.11959514144095,3.2770606704316787
16,2,regression,spline_quantile_m1,quantile,1,16.572526824745616,3.141602473481484
16,2,regression,spline_quantile_m2,quantile,2,16.64626994164681,3.1941854502721254
16,2,regression,spline_quantile_m3,quantile,3,16.67636979255756,3.198743126777626
16,2,regression,spline_quantile_m4,quantile,4,16.54416435002613,3.15509029295874
16,2,regression,spline_quantile_m5,quantile,5,16.440834278003706,3.160512698548745
16,2,regression,spline_quantile_m6,quantile,6,16.28472854913035,3.13325166413906
16,2,regression,spline_equal_m1,equal,1,16.58933591300698,3.148093213672487
16,2,regression,spline_equal_m2,equal,2,16.6290831979067,3.1928979813995806
16,2,regression,spline_equal_m3,equal,3,16.689031929404273,3.2071379222343364
16,2,regression,spline_equal_m4,equal,4,16.533908846234265,3.1487960248138767
16,2,regression,spline_equal_m5,equal,5,16.46664975538991,3.1574007591697146
16,2,regression,spline_equal_m6,equal,6,16.290569143993036,3.125332045977264
16,2,classification,spline_quantile_m0,quantile,0,0.5001385057041705,0.1539721864300685
16,2,classification,spline_quantile_m1,quantile,1,0.501712029412597,0.15343775124970244
16,2,classification,spline_quantile_m2,quantile,2,0.48555243364920925,0.1500501309331436
16,2,classification,spline_quantile_m3,quantile,3,0.4885089423264269,0.15088701915899994
16,2,classification,spline_quantile_m4,quantile,4,0.47213305490995017,0.14793736618369172
16,2,classification,spline_quantile_m5,quantile,5,0.4949977750378693,0.1508127412601207
16,2,classification,spline_quantile_m6,quantile,6,0.527730463756473,0.16246736244783727
16,2,classification,spline_equal_m1,equal,1,0.5018868361252342,0.15353766640299193
16,2,classification,spline_equal_m2,equal,2,0.4877881308078503,0.15049385379085073
16,2,classification,spline_equal_m3,equal,3,0.48870572646896837,0.15091081260274858
16,2,classification,spline_equal_m4,equal,4,0.4740204667192522,0.1480595966956693
16,2,classification,spline_equal_m5,equal,5,0.5004509163262836,0.15152487701353068
16,2,classification,spline_equal_m6,equal,6,0.5317542538593137,0.16369870434512512
16,3,regression,spline_quantile_m0,quantile,0,21.65855281221592,3.899836176373769
16,3,regression,spline_quantile_m1,quantile,1,17.977634272946574,3.4311584143410503
16,3,regression,spline_quantile_m2,quantile,2,17.911121911872478,3.4153975670368855
16,3,regression,spline_quantile_m3,quantile,3,17.84093765761713,3.39782481036728
16,3,regression,spline_quantile_m4,quantile,4,17.877789110001977,3.420358805108705
16,3,regression,spline_quantile_m5,quantile,5,17.965128530150707,3.4282691888404417
16,3,regression,spline_quantile_m6,quantile,6,18.063246173821355,3.413289635564179
16,3,regression,spline_equal_m1,equal,1,17.84673321976662,3.4156708906888174
16,3,regression,spline_equal_m2,equal,2,17.80802333898423,3.3995942769603062
16,3,regression,spline_equal_m3,equal,3,17.827374362611135,3.4011555729510694
16,3,regression,spline_equal_m4,equal,4,17.869486281406854,3.4219607251508655
16,3,regression,spline_equal_m5,equal,5,17.93596312456869,3.424667307981372
16,3,regression,spline_equal_m6,equal,6,17.901469647220907,3.4020384088768285
16,3,classification,spline_quantile_m0,quantile,0,0.36395962978305635,0.11235002422077517
16,3,classification,spline_quantile_m1,quantile,1,0.3640001038958735,0.1123586602915053
16,3,classification,spline_quantile_m2,quantile,2,0.3886129053881459,0.12347587581457788
16,3,classification,spline_quantile_m3,quantile,3,0.40160082082007476,0.1268180238001731
16,3,classification,spline_quantile_m4,quantile,4,0.40196482917856413,0.12926128897790642
16,3,classification,spline_quantile_m5,quantile,5,0.41417185982413934,0.13223539787675245
16,3,classification,spline_quantile_m6,quantile,6,0.4240308179419958,0.12901994621363116
16,3,classification,spline_equal_m1,equal,1,0.3647893606091132,0.11254193627615221
16,3,classification,spline_equal_m2,equal,2,0.3903294523977792,0.12378310183615712
16,3,classification,spline_equal_m3,equal,3,0.4026886587937487,0.126084733663309
16,3,classification,spline_equal_m4,equal,4,0.40872389127634123,0.13060853980332873
16,3,classification,spline_equal_m5,equal,5,0.43153409714547863,0.1334550443894936
16,3,classification,spline_equal_m6,equal,6,0.46900733311942816,0.12878229730448015
16,4,regression,spline_quantile_m0,quantile,0,24.7247275218449,4.016836347318569
16,4,regression,spline_quantile_m1,quantile,1,23.510074756201284,3.8661447005877054
16,4,regression,spline_quantile_m2,quantile,2,23.94918863673263,3.7865226732256643
16,4,regression,spline_quantile_m3,quantile,3,24.13724965071156,3.7896942900545207
16,4,regression,spline_quantile_m4,quantile,4,24.48879837463081,3.8171696417826575
16,4,regression,spline_quantile_m5,quantile,5,25.032456289148016,3.86762354809612
16,4,regression,spline_quantile_m6,quantile,6,25.543067214069193,3.913378483308729
16,4,regression,spline_equal_m1,equal,1,23.568088471016807,3.8598048373307345
16,4,regression,spline_equal_m2,equal,2,23.927969330987153,3.7840101463412386
16,4,regression,spline_equal_m3,equal,3,24.1759110140796,3.789853004839908
16,4,regression,spline_equal_m4,equal,4,24.723228228434653,3.838328151848119
16,4,regression,spline_equal_m5,equal,5,25.494926593180427,3.9083496093919803
16,4,regression,spline_equal_m6,equal,6,26.295417197252142,3.9763652420092717
16,4,classification,spline_quantile_m0,quantile,0,0.4997328082580669,0.15784549320623723
16,4,classification,spline_quantile_m1,quantile,1,0.5075295161536267,0.15895891432806458
16,4,classification,spline_quantile_m2,quantile,2,0.49030184431253737,0.15737007118561278
16,4,classification,spline_quantile_m3,quantile,3,0.4957756482966935,0.15698475037118942
16,4,classification,spline_quantile_m4,quantile,4,0.5265188942618967,0.15946079151507578
16,4,classification,spline_quantile_m5,quantile,5,0.59161020583408,0.16031552449451322
16,4,classification,spline_quantile_m6,quantile,6,0.7131087376319346,0.16001240793979796
16,4,classification,spline_equal_m1,equal,1,0.5080943803399887,0.15904740068227363
16,4,classification,spline_equal_m2,equal,2,0.4926617070632766,0.15766760893838955
16,4,classification,spline_equal_m3,equal,3,0.49785640341929316,0.15711675571433217
16,4,classification,spline_equal_m4,equal,4,0.5378833549925066,0.15981342645208035
16,4,classification,spline_equal_m5,equal,5,0.7359316345426063,0.16122943873589723
16,4,classification,spline_equal_m6,equal,6,0.9928062966819958,0.16287191073091978
17,0,regression,spline_quantile_m0,quantile,0,17.521743743312815,3.259213454036222
17,0,regression,spline_quantile_m1,quantile,1,16.06216574154353,3.14892647537496
17,0,regression,spline_quantile_m2,quantile,2,15.583204287656518,3.115720667578677
17,0,regression,spline_quantile_m3,quantile,3,15.605404119675006,3.128798046906907
17,0,regression,spline_quantile_m4,quantile,4,15.689853210548693,3.091942732820809
17,0,regression,spline_quantile_m5,quantile,5,15.647627365225219,3.098259808208939
17,0,regression,spline_quantile_m6,quantile,6,15.830890238368642,3.0963662034892945
17,0,regression,spline_equal_m1,equal,1,16.05503720770137,3.1481756820821314
17,0,regression,spline_equal_m2,equal,2,15.623221515264552,3.125115312358151
17,0,regression,spline_equal_m3,equal,3,15.600156076863033,3.132975251769176
17,0,regression,spline_equal_m4,equal,4,15.647738940369786,3.095694324012685
17,0,regression,spline_equal_m5,equal,5,15.770441030455427,3.1215923655341906
17,0,regression,spline_equal_m6,equal,6,15.502588952445048,3.0293704541758393
17,0,classification,spline_quantile_m0,quantile,0,0.5190295633280584,0.16094876932863347
17,0,classification,spline_quantile_m1,quantile,1,0.5194598045197047,0.16031601507495494
17,0,classification,spline_quantile_m2,quantile,2,0.5091109441867223,0.1586267496712141
17,0,classification,spline_quantile_m3,quantile,3,0.5148945515359372,0.15975215051981867
17,0,classification,spline_quantile_m4,quantile,4,0.5048645279385068,0.15779344662800363
17,0,classification,spline_quantile_m5,quantile,5,0.5034816694226532,0.1553663320553157
17,0,classification,spline_quantile_m6,quantile,6,0.49614063411701975,0.15644490363734367
17,0,classification,spline_equal_m1,equal,1,0.5194638756524629,0.16034455046390664
17,0,classification,spline_equal_m2,equal,2,0.5098905723824202,0.15865791308172608
17,0,classification,spline_equal_m3,equal,3,0.5142131883854612,0.15977286347431602
17,0,classification,spline_equal_m4,equal,4,0.5035180240275752,0.1568917826322754
17,0,classification,spline_equal_m5,equal,5,0.5062496657418964,0.15549660165458398
17,0,classification,spline_equal_m6,equal,6,0.49323051699524184,0.15682053529815806
17,1,regression,spline_quantile_m0,quantile,0,27.47787861962207,4.048236308314523
17,1,regression,spline_quantile_m1,quantile,1,26.675515837477654,3.982653980206231
17,1,regression,spline_quantile_m2,quantile,2,26.42746326604343,3.9401970175068435
17,1,regression,spline_quantile_m3,quantile,3,26.0866906012104,3.8835510996990705
17,1,regression,spline_quantile_m4,quantile,4,25.77565424116191,3.8607032714648453
17,1,regression,spline_quantile_m5,quantile,5,25.853997470292075,3.858756511938529
17,1,regression,spline_quantile_m6,quantile,6,25.526615295568135,3.855447344783846
17,1,regression,spline_equal_m1,equal,1,26.65687982321361,3.97949483293061
17,1,regression,spline_equal_m2,equal,2,26.311210714792093,3.923056435342172
17,1,regression,spline_equal_m3,equal,3,25.993167611663907,3.875550213275949
17,1,regression,spline_equal_m4,equal,4,25.78386151657448,3.8642374284886376
17,1,regression,spline_equal_m5,equal,5,25.829964191172007,3.8572165199832007
17,1,regression,spline_equal_m6,equal,6,25.494745180908662,3.849158722435267
17,1,classification,spline_quantile_m0,quantile,0,0.34279826244975814,0.10604273111906362
17,1,classification,spline_quantile_m1,quantile,1,0.34377894933069775,0.10683455258705274
17,1,classification,spline_quantile_m2,quantile,2,0.33161493049626684,0.10202456060636794
17,1,classification,spline_quantile_m3,quantile,3,0.3291245140452386,0.10120603924124508
17,1,classification,spline_quantile_m4,quantile,4,0.3709244066463876,0.11916535619798443
17,1,classification,spline_quantile_m5,quantile,5,0.36435977672974945,0.11690774890903413
17,1,classification,spline_quantile_m6,quantile,6,0.366221991159587,0.11679921963622636
17,1,classification,spline_equal_m1,equal,1,0.3438887540705793,0.10679379171344333
17,1,classification,spline_equal_m2,equal,2,0.3315522079872793,0.1019993298069496
17,1,classification,spline_equal_m3,equal,3,0.33422814390459193,0.10296677319165047
17,1,classification,spline_equal_m4,equal,4,0.36572669200193964,0.1173760609813489
17,1,classification,spline_equal_m5,equal,5,0.34798406429588014,0.10991618788127244
17,1,classification,spline_equal_m6,equal,6,0.383019451720591,0.12291213064678218
17,2,regression,spline_quantile_m0,quantile,0,21.476028153214525,3.7760178752665
17,2,regression,spline_quantile_m1,quantile,1,20.25328169118416,3.7339460613936337
17,2,regression,spline_quantile_m2,quantile,2,20.55780678300544,3.746588937707993
17,2,regression,spline_quantile_m3,quantile,3,20.618070938424335,3.767465999185317
17,2,regression,spline_quantile_m4,quantile,4,20.43321673629182,3.7686049847414065
17,2,regression,spline_quantile_m5,quantile,5,20.741024039555285,3.78671523125811
17,2,regression,spline_quantile_m6,quantile,6,21.00014061682761,3.7701145869199286
17,2,regression,spline_equal_m1,equal,1,20.278337463394966,3.733946886715445
17,2,regression,spline_equal_m2,equal,2,20.56937875617923,3.7449136746436475
17,2,regression,spline_equal_m3,equal,3,20.632906140332853,3.769701866993918
17,2,regression,spline_equal_m4,equal,4,20.63355443216506,3.782685595148954
17,2,regression,spline_equal_m5,equal,5,20.992368478594734,3.7978030329957284
17,2,regression,spline_equal_m6,equal,6,21.23625776980272,3.781485314898227
17,2,classification,spline_quantile_m0,quantile,0,0.4614202040909614,0.1496036097136629
17,2,classification,spline_quantile_m1,quantile,1,0.46436022035232294,0.15024571405882298
17,2,classification,spline_quantile_m2,quantile,2,0.46794561462598677,0.1532894640103708
17,2,classification,spline_quantile_m3,quantile,3,0.46527824324181893,0.15213447876148092
17,2,classification,spline_quantile_m4,quantile,4,0.47159296256966066,0.1558153982089451
17,2,classification,spline_quantile_m5,quantile,5,0.4774088667031583,0.15869854319933252
17,2,classification,spline_quantile_m6,quantile,6,0.46718083990688286,0.15722356339317176
17,2,classification,spline_equal_m1,equal,1,0.4640770196971413,0.1501644020592933
17,2,classification,spline_equal_m2,equal,2,0.46760064342901586,0.15299863941195807
17,2,classification,spline_equal_m3,equal,3,0.46481998555159537,0.1519873803179484
17,2,classification,spline_equal_m4,equal,4,0.4754302564977928,0.1573185532902179
17,2,classification,spline_equal_m5,equal,5,0.47862297685718347,0.1584403204669931
17,2,classification,spline_equal_m6,equal,6,0.46842778554335995,0.15648413810393866
17,3,regression,spline_quantile_m0,quantile,0,30.26735836722578,4.1283176713030745
17,3,regression,spline_quantile_m1,quantile,1,25.935663917197207,3.7147988918350423
17,3,regression,spline_quantile_m2,quantile,2,25.81160867688871,3.7316185731054787
17,3,regression,spline_quantile_m3,quantile,3,25.19505041362318,3.7008097901898425
17,3,regression,spline_quantile_m4,quantile,4,25.280736674625047,3.7210077216185287
17,3,regression,spline_quantile_m5,quantile,5,25.44789957286732,3.7515370314286374
17,3,regression,spline_quantile_m6,quantile,6,25.170710360929867,3.7011211965786335
17,3,regression,spline_equal_m1,equal,1,25.72782888135139,3.698355361054025
17,3,regression,spline_equal_m2,equal,2,25.58176357661581,3.7293820516077534
17,3,regression,spline_equal_m3,equal,3,25.146146160121766,3.703954220303068
17,3,regression,spline_equal_m4,equal,4,25.282300788799844,3.716277700951796
17,3,regression,spline_equal_m5,equal,5,25.40695826648383,3.7500400779268284
17,3,regression,spline_equal_m6,equal,6,25.275651247159022,3.7218144713228503
17,3,classification,spline_quantile_m0,quantile,0,0.3296080145085877,0.09611841785955236
17,3,classification,spline_quantile_m1,quantile,1,0.33414999615472957,0.09731103091791893
17,3,classification,spline_quantile_m2,quantile,2,0.35279406642374334,0.1065564205238902
17,3,classification,spline_quantile_m3,quantile,3,0.40115361355109036,0.11754504768780097
17,3,classification,spline_quantile_m4,quantile,4,0.38726018625706776,0.11439655455852814
17,3,classification,spline_quantile_m5,quantile,5,0.4062358459199654,0.11762034502653881
17,3,classification,spline_quantile_m6,quantile,6,0.4119448702646743,0.11287125052404877
17,3,classification,spline_equal_m1,equal,1,0.33309231728985667,0.09696932660473141
17,3,classification,spline_equal_m2,equal,2,0.3548809197329758,0.10695652602010267
17,3,classification,spline_equal_m3,equal,3,0.40210313397991426,0.11758069452527159
17,3,classification,spline_equal_m4,equal,4,0.39059954552005904,0.11486761303786971
17,3,classification,spline_equal_m5,equal,5,0.4112346245849258,0.11799673281710668
17,3,classification,spline_equal_m6,equal,6,0.44063672873660503,0.11355887885039406
17,4,regression,spline_quantile_m0,quantile,0,15.665040455127325,3.217969123006226
17,4,regression,spline_quantile_m1,quantile,1,13.222522897833283,3.0149998870074177
17,4,regression,spline_quantile_m2,quantile,2,14.004056470209862,3.110901087285109
17,4,regression,spline_quantile_m3,quantile,3,14.615183054794526,3.1573916583960058
17,4,regression,spline_quantile_m4,quantile,4,14.821225401860156,3.1882731671024502
17,4,regression,spline_quantile_m5,quantile,5,14.988520759104487,3.2283920043759893
17,4,regression,spline_quantile_m6,quantile,6,14.92249029640736,3.202525721100254
17,4,regression,spline_equal_m1,equal,1,13.281475829926684,3.025448282967661
17,4,regression,spline_equal_m2,equal,2,14.16918430420513,3.1221149351860835
17,4,regression,spline_equal_m3,equal,3,14.660970031987105,3.1603178980323827
17,4,regression,spline_equal_m4,equal,4,14.73691909422019,3.1608517225835704
17,4,regression,spline_equal_m5,equal,5,15.019520957304712,3.2082723769517956
17,4,regression,spline_equal_m6,equal,6,14.908907439562006,3.160868607660744
17,4,classification,spline_quantile_m0,quantile,0,0.5701513123618646,0.18345387188116874
17,4,classification,spline_quantile_m1,quantile,1,0.5926060763033117,0.187714279501661
17,4,classification,spline_quantile_m2,quantile,2,0.5750804814249395,0.18475700149443378
17,4,classification,spline_quantile_m3,quantile,3,0.5958887296188261,0.18947542277727575
17,4,classification,spline_quantile_m4,quantile,4,0.6713516383716808,0.18777164705429428
17,4,classification,spline_quantile_m5,quantile,5,0.7829058792551328,0.18795372352496753
17,4,classification,spline_quantile_m6,quantile,6,0.7886180217003111,0.18835169108602387
17,4,classification,spline_equal_m1,equal,1,0.5937381090073245,0.1879112208837387
17,4,classification,spline_equal_m2,equal,2,0.5780747722154451,0.18568736506045894
17,4,classification,spline_equal_m3,equal,3,0.5983206637535649,0.1899691618046452
17,4,classification,spline_equal_m4,equal,4,0.6902801945293103,0.18824241533499697
17,4,classification,spline_equal_m5,equal,5,1.078956264764906,0.18811492837284713
17,4,classification,spline_equal_m6,equal,6,1.0694842111525622,0.18533652589135508
18,0,regression,spline_quantile_m0,quantile,0,18.353521952761085,3.600032330720095
18,0,regression,spline_quantile_m1,quantile,1,14.528068226860801,3.2646628394122605
18,0,regression,spline_quantile_m2,quantile,2,14.010609130576581,3.2307002280805808
18,0,regression,spline_quantile_m3,quantile,3,14.141155844672173,3.256483366089164
18,0,regression,spline_quantile_m4,quantile,4,15.207270409719808,3.3603316408361827
18,0,regression,spline_quantile_m5,quantile,5,14.741727920753574,3.2888607377813015
18,0,regression,spline_quantile_m6,quantile,6,15.886130000209546,3.4168558792934713
18,0,regression,spline_equal_m1,equal,1,14.101961754265169,3.2184107143301497
18,0,regression,spline_equal_m2,equal,2,13.929682074916986,3.2291954478326734
18,0,regression,spline_equal_m3,equal,3,14.465976778431479,3.288094160311325
18,0,regression,spline_equal_m4,equal,4,14.88660556378908,3.307251735878562
18,0,regression,spline_equal_m5,equal,5,15.069798445668043,3.3451462120537463
18,0,regression,spline_equal_m6,equal,6,15.46375642582385,3.362987732536059
18,0,classification,spline_quantile_m0,quantile,0,0.30206895390920246,0.08772435408152844
18,0,classification,spline_quantile_m1,quantile,1,0.300677282606789,0.08738672603088736
18,0,classification,spline_quantile_m2,quantile,2,0.295053544691168,0.0839562961507741
18,0,classification,spline_quantile_m3,quantile,3,0.2851504319060765,0.08208948103863112
18,0,classification,spline_quantile_m4,quantile,4,0.2964114510205388,0.08542882850787942
18,0,classification,spline_quantile_m5,quantile,5,0.28704440572732226,0.08297278723129105
18,0,classification,spline_quantile_m6,quantile,6,0.31695717742559937,0.09286209242733635
18,0,classification,spline_equal_m1,equal,1,0.3023085292478511,0.08777119875788539
18,0,classification,spline_equal_m2,equal,2,0.29259748495841337,0.08334221666642551
18,0,classification,spline_equal_m3,equal,3,0.2897360188602895,0.0830630791676294
18,0,classification,spline_equal_m4,equal,4,0.2924601274799429,0.08454606443817994
18,0,classification,spline_equal_m5,equal,5,0.29020439481299887,0.08320609411178678
18,0,classification,spline_equal_m6,equal,6,0.3448180731904018,0.10452969621490953
18,1,regression,spline_quantile_m0,quantile,0,19.459008738072423,3.7020819991933056
18,1,regression,spline_quantile_m1,quantile,1,19.15928227900336,3.535502722901516
18,1,regression,spline_quantile_m2,quantile,2,18.929203980771554,3.516703544064709
18,1,regression,spline_quantile_m3,quantile,3,19.02001657816332,3.565684432811638
18,1,regression,spline_quantile_m4,quantile,4,19.34250045677095,3.5747925264604667
18,1,regression,spline_quantile_m5,quantile,5,19.239734498909772,3.5610397018478706
18,1,regression,spline_quantile_m6,quantile,6,19.16451194449427,3.55355422352033
18,1,regression,spline_equal_m1,equal,1,19.137619223771587,3.5346387636493013
18,1,regression,spline_equal_m2,equal,2,18.908258294351903,3.5191336279324874
18,1,regression,spline_equal_m3,equal,3,18.991107568280782,3.5637068999312698
18,1,regression,spline_equal_m4,equal,4,19.34478148287549,3.5773424332678325
18,1,regression,spline_equal_m5,equal,5,19.239945873810786,3.5690401489645165
18,1,regression,spline_equal_m6,equal,6,19.05632886047041,3.542602628179555
18,1,classification,spline_quantile_m0,quantile,0,0.6220471147475356,0.20171868524099515
18,1,classification,spline_quantile_m1,quantile,1,0.6241350950314939,0.2012699212071146
18,1,classification,spline_quantile_m2,quantile,2,0.6376696153307605,0.20282999753570216
18,1,classification,spline_quantile_m3,quantile,3,0.6336598849115173,0.20492456553876934
18,1,classification,spline_quantile_m4,quantile,4,0.6616484223926623,0.20800922775896144
18,1,classification,spline_quantile_m5,quantile,5,0.6574589388885107,0.20543186470887875
18,1,classification,spline_quantile_m6,quantile,6,0.671516340469802,0.2097674681649613
18,1,classification,spline_equal_m1,equal,1,0.6240082908342571,0.2012915246631784
18,1,classification,spline_equal_m2,equal,2,0.6354142617794796,0.2025823288221091
18,1,classification,spline_equal_m3,equal,3,0.6337903157618019,0.2050384452490222
18,1,classification,spline_equal_m4,equal,4,0.6568874198505757,0.20671043584301768
18,1,classification,spline_equal_m5,equal,5,0.6465358121470122,0.20400214692319985
18,1,classification,spline_equal_m6,equal,6,0.6705572083487716,0.2099005215608968
18,2,regression,spline_quantile_m0,quantile,0,17.40479561745229,3.1488199247866517
18,2,regression,spline_quantile_m1,quantile,1,18.22176526234095,3.4123464134800554
18,2,regression,spline_quantile_m2,quantile,2,17.833587483807424,3.3576042781229343
18,2,regression,spline_quantile_m3,quantile,3,17.467635855569892,3.3321905711306568
18,2,regression,spline_quantile_m4,quantile,4,17.541960720576046,3.360053137558038
18,2,regression,spline_quantile_m5,quantile,5,17.787740527650584,3.3867105810102887
18,2,regression,spline_quantile_m6,quantile,6,17.584103949579266,3.3550598081603975
18,2,regression,spline_equal_m1,equal,1,18.21682277279021,3.4088777124846423
18,2,regression,spline_equal_m2,equal,2,17.647247168882785,3.3437418730973794
18,2,regression,spline_equal_m3,equal,3,17.491241726264825,3.3321735506138372
18,2,regression,spline_equal_m4,equal,4,17.611154338467312,3.3770879604893946
18,2,regression,spline_equal_m5,equal,5,17.75511670916872,3.399564225617025
18,2,regression,spline_equal_m6,equal,6,17.105228358239934,3.2684849620279253
18,2,classification,spline_quantile_m0,quantile,0,0.4344429502261641,0.13063702836919913
18,2,classification,spline_quantile_m1,quantile,1,0.43554104160942086,0.13071218655739816
18,2,classification,spline_quantile_m2,quantile,2,0.4196818310092866,0.1274510139165544
18,2,classification,spline_quantile_m3,quantile,3,0.4740374312308387,0.13908974617460154
18,2,classification,spline_quantile_m4,quantile,4,0.48959709572565574,0.13570522515085945
18,2,classification,spline_quantile_m5,quantile,5,0.5087450723383102,0.13377140816272529
18,2,classification,spline_quantile_m6,quantile,6,0.49481793479391023,0.1452486332953405
18,2,classification,spline_equal_m1,equal,1,0.43566930175688506,0.13071063394587049
18,2,classification,spline_equal_m2,equal,2,0.4245835221950825,0.12835563938470643
18,2,classification,spline_equal_m3,equal,3,0.47597424400128324,0.13850229076541887
18,2,classification,spline_equal_m4,equal,4,0.5087292320320581,0.13358785688651903
18,2,classification,spline_equal_m5,equal,5,0.5976387261630116,0.13244199784752744
18,2,classification,spline_equal_m6,equal,6,0.7117223421543819,0.13908894792211463
18,3,regression,spline_quantile_m0,quantile,0,32.38659510995723,4.052507548681156
18,3,regression,spline_quantile_m1,quantile,1,30.05146594223065,3.9731092020793373
18,3,regression,spline_quantile_m2,quantile,2,29.64309431061708,3.9448412687246535
18,3,regression,spline_quantile_m3,quantile,3,29.573873753452016,3.909955422080214
18,3,regression,spline_quantile_m4,quantile,4,30.32356293596156,3.9317353654593785
18,3,regression,spline_quantile_m5,quantile,5,30.295456629215604,3.9727931408067367
18,3,regression,spline_quantile_m6,quantile,6,30.03216657967585,3.9270298355560764
18,3,regression,spline_equal_m1,equal,1,30.043966074504183,3.9726520844110387
18,3,regression,spline_equal_m2,equal,2,29.59388469538952,3.941903317400044
18,3,regression,spline_equal_m3,equal,3,29.606353930082147,3.908376481132215
18,3,regression,spline_equal_m4,equal,4,30.307049170600024,3.9392396695396803
18,3,regression,spline_equal_m5,equal,5,30.03334195322652,3.9460465536239666
18,3,regression,spline_equal_m6,equal,6,29.588562117525044,3.8725302087186164
18,3,classification,spline_quantile_m0,quantile,0,0.6841705522767658,0.22249534123093417
18,3,classification,spline_quantile_m1,quantile,1,0.6886770315539488,0.2237228195240082
18,3,classification,spline_quantile_m2,quantile,2,0.7934419065274603,0.24151804030032337
18,3,classification,spline_quantile_m3,quantile,3,0.8129002857945831,0.2422489027064249
18,3,classification,spline_quantile_m4,quantile,4,0.7937695391137279,0.24027364194277762
18,3,classification,spline_quantile_m5,quantile,5,0.8294698140086567,0.24165214214182185
18,3,classification,spline_quantile_m6,quantile,6,0.8493199650244045,0.24086768101904357
18,3,classification,spline_equal_m1,equal,1,0.6893171973433819,0.2238907655177237
18,3,classification,spline_equal_m2,equal,2,0.797250148807679,0.24287189634543435
18,3,classification,spline_equal_m3,equal,3,0.8117087867227534,0.24132201353843422
18,3,classification,spline_equal_m4,equal,4,0.7976618310860336,0.23989502338706942
18,3,classification,spline_equal_m5,equal,5,0.8626791366302637,0.2429708905181083
18,3,classification,spline_equal_m6,equal,6,0.9550458395039471,0.24130810268561717
18,4,regression,spline_quantile_m0,quantile,0,22.48776408944111,3.7180951255654806
18,4,regression,spline_quantile_m1,quantile,1,20.177402330102385,3.5604170244798636
18,4,regression,spline_quantile_m2,quantile,2,21.208665621200456,3.7231967044152934
18,4,regression,spline_quantile_m3,quantile,3,21.438895168066747,3.7366330575004736
18,4,regression,spline_quantile_m4,quantile,4,21.902875013386833,3.7887629933930436
18,4,regression,spline_quantile_m5,quantile,5,22.575123371100617,3.868188501336371
18,4,regression,spline_quantile_m6,quantile,6,22.70821332931457,3.8633899157017413
18,4,regression,spline_equal_m1,equal,1,20.328969813909968,3.5869751486112555
18,4,regression,spline_equal_m2,equal,2,21.170507749887328,3.72127013223977
18,4,regression,spline_equal_m3,equal,3,21.345414102033207,3.729660952666795
18,4,regression,spline_equal_m4,equal,4,22.060605581515667,3.8045743992604764
18,4,regression,spline_equal_m5,equal,5,22.924799073580694,3.905167858084754
18,4,regression,spline_equal_m6,equal,6,22.994135121513814,3.8944669164654475
18,4,classification,spline_quantile_m0,quantile,0,0.3564099339127639,0.10913023407530577
18,4,classification,spline_quantile_m1,quantile,1,0.36443336810419963,0.11206247004897728
18,4,classification,spline_quantile_m2,quantile,2,0.34883861091927143,0.10685290332483875
18,4,classification,spline_quantile_m3,quantile,3,0.35938001558744687,0.1102310083438773
18,4,classification,spline_quantile_m4,quantile,4,0.353568686638471,0.10943972043949593
18,4,classification,spline_quantile_m5,quantile,5,0.36195733705281186,0.11148134885529705
18,4,classification,spline_quantile_m6,quantile,6,0.35122098653667794,0.10945482036764949
18,4,classification,spline_equal_m1,equal,1,0.36461728030440876,0.11209097293613857
18,4,classification,spline_equal_m2,equal,2,0.3497717500304083,0.10710906865427595
18,4,classification,spline_equal_m3,equal,3,0.35888644480770165,0.11004528894742699
18,4,classification,spline_equal_m4,equal,4,0.3545527361004465,0.10970788550510333
18,4,classification,spline_equal_m5,equal,5,0.3618241603208952,0.11146341848982332
18,4,classification,spline_equal_m6,equal,6,0.35243680937865796,0.10965416919058754
19,0,regression,spline_quantile_m0,quantile,0,20.476551183227162,3.4480078680466786
19,0,regression,spline_quantile_m1,quantile,1,16.672160875695162,3.2445680637846572
19,0,regression,spline_quantile_m2,quantile,2,16.581030441632684,3.243184910062672
19,0,regression,spline_quantile_m3,quantile,3,16.625960339377617,3.2443039898178063
19,0,regression,spline_quantile_m4,quantile,4,16.941910637655887,3.2718407902658773
19,0,regression,spline_quantile_m5,quantile,5,16.807686558626955,3.269113251385978
19,0,regression,spline_quantile_m6,quantile,6,16.836047255133984,3.2223265875088547
19,0,regression,spline_equal_m1,equal,1,16.686070937638316,3.2469756131117915
19,0,regression,spline_equal_m2,equal,2,16.51801890496471,3.23742878952653
19,0,regression,spline_equal_m3,equal,3,16.62069263923667,3.243783565858986
19,0,regression,spline_equal_m4,equal,4,16.793096335745002,3.265458812689955
19,0,regression,spline_equal_m5,equal,5,16.73671429828389,3.252572351052138
19,0,regression,spline_equal_m6,equal,6,16.755426406281437,3.2063259127307857
19,0,classification,spline_quantile_m0,quantile,0,0.4280577695699455,0.13395829287788946
19,0,classification,spline_quantile_m1,quantile,1,0.4284636680634819,0.13399812999515182
19,0,classification,spline_quantile_m2,quantile,2,0.4175247290232837,0.13080576945075081
19,0,classification,spline_quantile_m3,quantile,3,0.45537245854574737,0.1373253761804213
19,0,classification,spline_quantile_m4,quantile,4,0.4649642916875614,0.13734134478512888
19,0,classification,spline_quantile_m5,quantile,5,0.5089947002054436,0.13916792267732825
19,0,classification,spline_quantile_m6,quantile,6,0.5560355839227362,0.1407476300349625
19,0,classification,spline_equal_m1,equal,1,0.42856516665428723,0.13399280741686492
19,0,classification,spline_equal_m2,equal,2,0.42079081386288114,0.13157153742609404
19,0,classification,spline_equal_m3,equal,3,0.4574256334201196,0.13751584827380567
19,0,classification,spline_equal_m4,equal,4,0.5010160120881421,0.13862138984719907
19,0,classification,spline_equal_m5,equal,5,0.6783444693207579,0.13990508522166226
19,0,classification,spline_equal_m6,equal,6,0.9211646250980666,0.13929423409708006
19,1,regression,spline_quantile_m0,quantile,0,13.344706808411184,2.849297086283782
19,1,regression,spline_quantile_m1,quantile,1,13.397513478438519,2.7426872772016524
19,1,regression,spline_quantile_m2,quantile,2,13.916533442082319,2.7279494793217327
19,1,regression,spline_quantile_m3,quantile,3,14.073460752786884,2.789664445237308
19,1,regression,spline_quantile_m4,quantile,4,13.90713837473937,2.785780681674065
19,1,regression,spline_quantile_m5,quantile,5,14.035035912400167,2.8022227531047315
19,1,regression,spline_quantile_m6,quantile,6,13.923644606332207,2.790996672690015
19,1,regression,spline_equal_m1,equal,1,13.418151123930071,2.7403043865144014
19,1,regression,spline_equal_m2,equal,2,13.930516834419388,2.734957036204502
19,1,regression,spline_equal_m3,equal,3,14.113543842329054,2.7891385867916063
19,1,regression,spline_equal_m4,equal,4,13.910776461814422,2.786970633997001
19,1,regression,spline_equal_m5,equal,5,14.151381830731328,2.808409260442369
19,1,regression,spline_equal_m6,equal,6,13.731608612050763,2.7778376409990324
19,1,classification,spline_quantile_m0,quantile,0,0.36494196801793727,0.10838006565359602
19,1,classification,spline_quantile_m1,quantile,1,0.3656003846600829,0.10841822309962662
19,1,classification,spline_quantile_m2,quantile,2,0.38103244859912627,0.1122695729495059
19,1,classification,spline_quantile_m3,quantile,3,0.4156947212347964,0.12227581277720523
19,1,classification,spline_quantile_m4,quantile,4,0.4071733811239995,0.12092582214257357
19,1,classification,spline_quantile_m5,quantile,5,0.42676563626244957,0.1222048488937216
19,1,classification,spline_quantile_m6,quantile,6,0.48389390048956393,0.13413715035799437
19,1,classification,spline_equal_m1,equal,1,0.36554544826072394,0.10841478635394038
19,1,classification,spline_equal_m2,equal,2,0.3759453301783612,0.11052010557372538
19,1,classification,spline_equal_m3,equal,3,0.4132109129900156,0.12177458226613766
19,1,classification,spline_equal_m4,equal,4,0.41101601581664965,0.12115924931424901
19,1,classification,spline_equal_m5,equal,5,0.4361063341982521,0.123225229147043
19,1,classification,spline_equal_m6,equal,6,0.517895593456377,0.13169030780997007
19,2,regression,spline_quantile_m0,quantile,0,25.55741963660488,3.9940393100445806
19,2,regression,spline_quantile_m1,quantile,1,24.520159191979737,3.883185490577044
19,2,regression,spline_quantile_m2,quantile,2,24.642311332575424,3.8901354437255646
19,2,regression,spline_quantile_m3,quantile,3,24.96422879704332,3.9177766211456695
19,2,regression,spline_quantile_m4,quantile,4,26.66757584337965,4.016032346391943
19,2,regression,spline_quantile_m5,quantile,5,26.841326689834833,4.061226879673878
19,2,regression,spline_quantile_m6,quantile,6,26.37296635413516,4.009807658272896
19,2,regression,spline_equal_m1,equal,1,24.519936350901407,3.8827388332750923
19,2,regression,spline_equal_m2,equal,2,24.664440573089284,3.8929302748549293
19,2,regression,spline_equal_m3,equal,3,24.986412104061397,3.913975393704657
19,2,regression,spline_equal_m4,equal,4,26.655701397793926,4.021799087205939
19,2,regression,spline_equal_m5,equal,5,26.366370057576248,4.019389258451545
19,2,regression,spline_equal_m6,equal,6,26.235984153500205,3.995409588972098
19,2,classification,spline_quantile_m0,quantile,0,0.5601027740484112,0.1867042634437654
19,2,classification,spline_quantile_m1,quantile,1,0.5608691323511852,0.18707318978775958
19,2,classification,spline_quantile_m2,quantile,2,0.5544894125472194,0.18547055384975988
19,2,classification,spline_quantile_m3,quantile,3,0.5829795981642496,0.193367572285699
19,2,classification,spline_quantile_m4,quantile,4,0.5686882414874165,0.19019411880073495
19,2,classification,spline_quantile_m5,quantile,5,0.5733212964439328,0.19006192318898227
19,2,classification,spline_quantile_m6,quantile,6,0.5591509993121998,0.19171359914658279
19,2,classification,spline_equal_m1,equal,1,0.5609595248387068,0.1871178115655373
19,2,classification,spline_equal_m2,equal,2,0.5586033597983155,0.18649868331437033
19,2,classification,spline_equal_m3,equal,3,0.5860729596963988,0.19467587733614294
19,2,classification,spline_equal_m4,equal,4,0.5694159799445949,0.19057500812391584
19,2,classification,spline_equal_m5,equal,5,0.5755326348428532,0.1905736081579699
19,2,classification,spline_equal_m6,equal,6,0.5606076248072259,0.19077787512742753
19,3,regression,spline_quantile_m0,quantile,0,21.521089663143567,3.630395225106869
19,3,regression,spline_quantile_m1,quantile,1,19.775956049798584,3.50120904362443
19,3,regression,spline_quantile_m2,quantile,2,19.489403977561913,3.4865886276141334
19,3,regression,spline_quantile_m3,quantile,3,19.610613667742722,3.4984760706437776
19,3,regression,spline_quantile_m4,quantile,4,19.565349734929136,3.4972865803684443
19,3,regression,spline_quantile_m5,quantile,5,19.615647736722902,3.503375394517281
19,3,regression,spline_quantile_m6,quantile,6,19.64952946035883,3.4990711206431553
19,3,regression,spline_equal_m1,equal,1,19.7136767732017,3.497671165518872
19,3,regression,spline_equal_m2,equal,2,19.514092758514398,3.488293871044296
19,3,regression,spline_equal_m3,equal,3,19.639566117547883,3.503042453930891
19,3,regression,spline_equal_m4,equal,4,19.605745735832272,3.499498664992275
19,3,regression,spline_equal_m5,equal,5,19.779749924839,3.5145562164997193
19,3,regression,spline_equal_m6,equal,6,19.866068063623402,3.511033148976978
19,3,classification,spline_quantile_m0,quantile,0,0.4845044823267451,0.15611745172816105
19,3,classification,spline_quantile_m1,quantile,1,0.48662547666197303,0.156466472393527
19,3,classification,spline_quantile_m2,quantile,2,0.47711664167605716,0.15844579218897206
19,3,classification,spline_quantile_m3,quantile,3,0.4762052965579977,0.15740177635013897
19,3,classification,spline_quantile_m4,quantile,4,0.4753723552223799,0.15871982662449735
19,3,classification,spline_quantile_m5,quantile,5,0.48486357105271694,0.16159128392007083
19,3,classification,spline_quantile_m6,quantile,6,0.4949255910541816,0.16159418881641618
19,3,classification,spline_equal_m1,equal,1,0.48639748844735686,0.15638078672973904
19,3,classification,spline_equal_m2,equal,2,0.47852509029920753,0.15863045745712323
19,3,classification,spline_equal_m3,equal,3,0.476142453139625,0.15730008499531448
19,3,classification,spline_equal_m4,equal,4,0.47556261876316347,0.15890700940538927
19,3,classification,spline_equal_m5,equal,5,0.48742249333810356,0.1622202008860799
19,3,classification,spline_equal_m6,equal,6,0.48958182649072024,0.16039456455805895
19,4,regression,spline_quantile_m0,quantile,0,29.3429600633301,4.241258953877655
19,4,regression,spline_quantile_m1,quantile,1,26.385557818928405,4.140729018431836
19,4,regression,spline_quantile_m2,quantile,2,25.872727234291602,4.123029912139368
19,4,regression,spline_quantile_m3,quantile,3,25.459481776419455,4.088579367158057
19,4,regression,spline_quantile_m4,quantile,4,25.416214532623744,4.080466568192207
19,4,regression,spline_quantile_m5,quantile,5,25.76358513814207,4.111259320863298
19,4,regression,spline_quantile_m6,quantile,6,26.289676050023782,4.122424075805631
19,4,regression,spline_equal_m1,equal,1,26.16556268444692,4.152418794737588
19,4,regression,spline_equal_m2,equal,2,25.5072666746706,4.088989727051958
19,4,regression,spline_equal_m3,equal,3,25.476578841357668,4.090374982758928
19,4,regression,spline_equal_m4,equal,4,25.788572517022555,4.118437002566523
19,4,regression,spline_equal_m5,equal,5,26.234369999855403,4.140688643778425
19,4,regression,spline_equal_m6,equal,6,26.51007162763036,4.138664752588582
19,4,classification,spline_quantile_m0,quantile,0,0.38575954459920425,0.1193845659390154
19,4,classification,spline_quantile_m1,quantile,1,0.3955707491984745,0.12206884923208705
19,4,classification,spline_quantile_m2,quantile,2,0.4073724279482949,0.12472509661540945
19,4,classification,spline_quantile_m3,quantile,3,0.4221148683238536,0.13204123672213686
19,4,classification,spline_quantile_m4,quantile,4,0.4261273699175746,0.12735086001801033
19,4,classification,spline_quantile_m5,quantile,5,0.4265312342349653,0.13070852248632145
19,4,classification,spline_quantile_m6,quantile,6,0.4366485658681106,0.1266589829980855
19,4,classification,spline_equal_m1,equal,1,0.3920249419190128,0.12109351764006741
19,4,classification,spline_equal_m2,equal,2,0.41027221659702656,0.126205560961017
19,4,classification,spline_equal_m3,equal,3,0.41176182034614234,0.12905373574673054
19,4,classification,spline_equal_m4,equal,4,0.42676855969527483,0.12907668222260635
19,4,classification,spline_equal_m5,equal,5,0.42906197093453946,0.13182449768238796
19,4,classification,spline_equal_m6,equal,6,0.42714964834071595,0.1285557800209813
20,0,regression,spline_quantile_m0,quantile,0,20.82297103486201,3.427404492007305
20,0,regression,spline_quantile_m1,quantile,1,20.19880803386171,3.4416738491110666
20,0,regression,spline_quantile_m2,quantile,2,20.306187394307,3.520944798836297
20,0,regression,spline_quantile_m3,quantile,3,20.342421807228938,3.534956252310067
20,0,regression,spline_quantile_m4,quantile,4,20.22510119706254,3.4994577207065367
20,0,regression,spline_quantile_m5,quantile,5,20.17945303138155,3.5141320604570034
20,0,regression,spline_quantile_m6,quantile,6,19.748976681831238,3.471664978415114
20,0,regression,spline_equal_m1,equal,1,20.294109379512598,3.462788730016969
20,0,regression,spline_equal_m2,equal,2,20.302549368990896,3.5209334461442676
20,0,regression,spline_equal_m3,equal,3,20.325398137880487,3.5391855748357166
20,0,regression,spline_equal_m4,equal,4,20.234619539000363,3.5008614069223363
20,0,regression,spline_equal_m5,equal,5,20.169609915652416,3.512463326680113
20,0,regression,spline_equal_m6,equal,6,19.814844705385312,3.479458323308342
20,0,classification,spline_quantile_m0,quantile,0,0.47890624287725986,0.14223228733251558
20,0,classification,spline_quantile_m1,quantile,1,0.4807064131984935,0.14222196272081022
20,0,classification,spline_quantile_m2,quantile,2,0.4698142734299233,0.14371562918048938
20,0,classification,spline_quantile_m3,quantile,3,0.4789838291442659,0.1461914407499628
20,0,classification,spline_quantile_m4,quantile,4,0.4682470002969354,0.14524040471366104
20,0,classification,spline_quantile_m5,quantile,5,0.47237189630429816,0.14590596719274995
20,0,classification,spline_quantile_m6,quantile,6,0.46138931082459705,0.14358626658972268
20,0,classification,spline_equal_m1,equal,1,0.4806465467672203,0.14221000224800975
20,0,classification,spline_equal_m2,equal,2,0.4700415108910284,0.14347406478504873
20,0,classification,spline_equal_m3,equal,3,0.47903703082982624,0.14625991194902216
20,0,classification,spline_equal_m4,equal,4,0.4687959745890392,0.14537709358683146
20,0,classification,spline_equal_m5,equal,5,0.4714950499730086,0.145407408325653
20,0,classification,spline_equal_m6,equal,6,0.46304310931410436,0.14414294213402365
20,1,regression,spline_quantile_m0,quantile,0,31.17656950121257,4.192334555575563
20,1,regression,spline_quantile_m1,quantile,1,25.01681741161209,3.736238786192825
20,1,regression,spline_quantile_m2,quantile,2,24.533315161412148,3.701276530606661
20,1,regression,spline_quantile_m3,quantile,3,24.852617905204667,3.7243071557934546
20,1,regression,spline_quantile_m4,quantile,4,24.303205643855808,3.700753665070035
20,1,regression,spline_quantile_m5,quantile,5,24.4192649302102,3.691982439845713
20,1,regression,spline_quantile_m6,quantile,6,26.129229601916613,3.827368305213713
20,1,regression,spline_equal_m1,equal,1,24.899461624817608,3.7267357141917143
20,1,regression,spline_equal_m2,equal,2,24.187057817618985,3.6742177799472016
20,1,regression,spline_equal_m3,equal,3,24.82655111608434,3.7192323469916846
20,1,regression,spline_equal_m4,equal,4,24.308250454481698,3.693603617216636
20,1,regression,spline_equal_m5,equal,5,24.464371458840727,3.6906507317893853
20,1,regression,spline_equal_m6,equal,6,26.357576678969895,3.83420134820828
20,1,classification,spline_quantile_m0,quantile,0,0.4366417373892596,0.14378391363827278
20,1,classification,spline_quantile_m1,quantile,1,0.43857432599118273,0.14475642269163969
20,1,classification,spline_quantile_m2,quantile,2,0.4516875460936379,0.14543505800055712
20,1,classification,spline_quantile_m3,quantile,3,0.44858274090133066,0.14569106525763595
20,1,classification,spline_quantile_m4,quantile,4,0.45864493218949726,0.14459011730546484
20,1,classification,spline_quantile_m5,quantile,5,0.46026397625995413,0.14449486535566122
20,1,classification,spline_quantile_m6,quantile,6,0.4595641570984372,0.1450866611201464
20,1,classification,spline_equal_m1,equal,1,0.4393359943346379,0.14511636608160466
20,1,classification,spline_equal_m2,equal,2,0.45009107979135743,0.14531959628204597
20,1,classification,spline_equal_m3,equal,3,0.4517957130440429,0.14633600625389015
20,1,classification,spline_equal_m4,equal,4,0.45778316221488297,0.14526829243208872
20,1,classification,spline_equal_m5,equal,5,0.4614252065538838,0.14544898250009664
20,1,classification,spline_equal_m6,equal,6,0.4574705058595967,0.14698495984017285
20,2,regression,spline_quantile_m0,quantile,0,19.3360438721679,3.43193218571719
20,2,regression,spline_quantile_m1,quantile,1,18.072920415467692,3.2339709715735596
20,2,regression,spline_quantile_m2,quantile,2,18.362964212538923,3.2306709146421557
20,2,regression,spline_quantile_m3,quantile,3,20.328575361456195,3.397940469007225
20,2,regression,spline_quantile_m4,quantile,4,19.890952431520972,3.3534110753682707
20,2,regression,spline_quantile_m5,quantile,5,20.281131961188326,3.385609244553012
20,2,regression,spline_quantile_m6,quantile,6,20.50915234163861,3.4103075746371814
20,2,regression,spline_equal_m1,equal,1,18.023663749407902,3.2239378330172075
20,2,regression,spline_equal_m2,equal,2,18.56724764634177,3.238335678772686
20,2,regression,spline_equal_m3,equal,3,20.22353996335707,3.3868861831523702
20,2,regression,spline_equal_m4,equal,4,19.89590825024622,3.353103862436519
20,2,regression,spline_equal_m5,equal,5,20.517311863861163,3.4118132447106797
20,2,regression,spline_equal_m6,equal,6,20.67468215730202,3.447662860758163
20,2,classification,spline_quantile_m0,quantile,0,0.5688328275985317,0.18481504978039773
20,2,classification,spline_quantile_m1,quantile,1,0.5689336039959353,0.18484307410011716
20,2,classification,spline_quantile_m2,quantile,2,0.5575770861027596,0.18203374359500418
20,2,classification,spline_quantile_m3,quantile,3,0.6590790294764938,0.19543225449459975
20,2,classification,spline_quantile_m4,quantile,4,0.664789267174529,0.1966710225602668
20,2,classification,spline_quantile_m5,quantile,5,0.7014030594631965,0.19828726573529376
20,2,classification,spline_quantile_m6,quantile,6,0.723177270070773,0.20030020198215412
20,2,classification,spline_equal_m1,equal,1,0.5691258485621012,0.1848977124544489
20,2,classification,spline_equal_m2,equal,2,0.561832940295819,0.182940224136449
20,2,classification,spline_equal_m3,equal,3,0.6645593009326458,0.1962295792656726
20,2,classification,spline_equal_m4,equal,4,0.7086177629152552,0.19861628150744617
20,2,classification,spline_equal_m5,equal,5,0.8244116112081613,0.200386952030215
20,2,classification,spline_equal_m6,equal,6,1.007879221859511,0.19952895507060497
20,3,regression,spline_quantile_m0,quantile,0,18.12363837104841,3.4724714326736112
20,3,regression,spline_quantile_m1,quantile,1,19.08763603988456,3.56467282368209
20,3,regression,spline_quantile_m2,quantile,2,19.132663902315038,3.5619796486603703
20,3,regression,spline_quantile_m3,quantile,3,18.75805926695646,3.519296174167642
20,3,regression,spline_quantile_m4,quantile,4,18.78397929084632,3.494764202550316
20,3,regression,spline_quantile_m5,quantile,5,19.4572720836178,3.5727245855558647
20,3,regression,spline_quantile_m6,quantile,6,19.501492083932813,3.5753844653164837
20,3,regression,spline_equal_m1,equal,1,19.112573721250534,3.5656780563794643
20,3,regression,spline_equal_m2,equal,2,19.082553623509384,3.5583368474477233
20,3,regression,spline_equal_m3,equal,3,18.804408608475775,3.523334781488079
20,3,regression,spline_equal_m4,equal,4,18.930327258022796,3.5079139019411216
20,3,regression,spline_equal_m5,equal,5,19.77649288725625,3.604926581923897
20,3,regression,spline_equal_m6,equal,6,19.174843537464433,3.5347004995713256
20,3,classification,spline_quantile_m0,quantile,0,0.3966659195701384,0.12625494170776322
20,3,classification,spline_quantile_m1,quantile,1,0.3967250772086407,0.1264334098447325
20,3,classification,spline_quantile_m2,quantile,2,0.39242118253700875,0.12297424266224904
20,3,classification,spline_quantile_m3,quantile,3,0.39311259682867283,0.12333683215651949
20,3,classification,spline_quantile_m4,quantile,4,0.38790338987258643,0.12268887130993933
20,3,classification,spline_quantile_m5,quantile,5,0.4002018386681949,0.12346032788052753
20,3,classification,spline_quantile_m6,quantile,6,0.416782880412484,0.13411885843419946
20,3,classification,spline_equal_m1,equal,1,0.39672085075104596,0.12641115335394632
20,3,classification,spline_equal_m2,equal,2,0.39395946239418855,0.12324606011159599
20,3,classification,spline_equal_m3,equal,3,0.3923477623331997,0.12334166521108456
20,3,classification,spline_equal_m4,equal,4,0.388140838649277,0.12205525757166731
20,3,classification,spline_equal_m5,equal,5,0.40485553507609723,0.12433975252637705
20,3,classification,spline_equal_m6,equal,6,0.42140955919898737,0.13410220763064765
20,4,regression,spline_quantile_m0,quantile,0,23.587820248726594,3.8545403584344307
20,4,regression,spline_quantile_m1,quantile,1,20.308463908331372,3.6159408525305103
20,4,regression,spline_quantile_m2,quantile,2,20.054954855949862,3.580869390636473
20,4,regression,spline_quantile_m3,quantile,3,19.97828846231238,3.5894769892558025
20,4,regression,spline_quantile_m4,quantile,4,20.209716369987472,3.645388779171663
20,4,regression,spline_quantile_m5,quantile,5,20.21733433263414,3.6505232176801146
20,4,regression,spline_quantile_m6,quantile,6,20.538472584444417,3.646538638350674
20,4,regression,spline_equal_m1,equal,1,20.298491408345264,3.614394038182634
20,4,regression,spline_equal_m2,equal,2,20.007994438067065,3.5771331147665784
20,4,regression,spline_equal_m3,equal,3,19.983244961756178,3.585806807880149
20,4,regression,spline_equal_m4,equal,4,20.161668763250162,3.641338142554356
20,4,regression,spline_equal_m5,equal,5,20.301524344582816,3.6610229086629
20,4,regression,spline_equal_m6,equal,6,20.73137765375762,3.6818005018371913
20,4,classification,spline_quantile_m0,quantile,0,0.4133657435271274,0.12556579419731906
20,4,classification,spline_quantile_m1,quantile,1,0.417636818296004,0.1274685836129466
20,4,classification,spline_quantile_m2,quantile,2,0.43617264999468036,0.13863069407379963
20,4,classification,spline_quantile_m3,quantile,3,0.4339423871574612,0.13679672499569365
20,4,classification,spline_quantile_m4,quantile,4,0.42804603964181903,0.13758483267068236
20,4,classification,spline_quantile_m5,quantile,5,0.43376359195610936,0.1385747821450825
20,4,classification,spline_quantile_m6,quantile,6,0.42287305461889624,0.1365065644356375
20,4,classification,spline_equal_m1,equal,1,0.41698385635500157,0.12713754812216035
20,4,classification,spline_equal_m2,equal,2,0.4369342612407296,0.1384274180917321
20,4,classification,spline_equal_m3,equal,3,0.4335266172757985,0.1365428423572334
20,4,classification,spline_equal_m4,equal,4,0.4291218036895401,0.13771967216708497
20,4,classification,spline_equal_m5,equal,5,0.4359090977205801,0.13892918025868217
20,4,classification,spline_equal_m6,equal,6,0.42564211326482715,0.13753948927187148
21,0,regression,spline_quantile_m0,quantile,0,22.203263386280994,3.7310875291886925
21,0,regression,spline_quantile_m1,quantile,1,20.99813405774697,3.761994765624635
21,0,regression,spline_quantile_m2,quantile,2,21.306727287593205,3.77651795579586
21,0,regression,spline_quantile_m3,quantile,3,21.020764509969553,3.721245626120541
21,0,regression,spline_quantile_m4,quantile,4,20.94812169315225,3.7157280578096534
21,0,regression,spline_quantile_m5,quantile,5,21.084154832339706,3.7320892667747154
21,0,regression,spline_quantile_m6,quantile,6,21.041876098232247,3.6546915436586094
21,0,regression,spline_equal_m1,equal,1,21.04113485649448,3.7702752256581085
21,0,regression,spline_equal_m2,equal,2,21.278491296331893,3.771255820566604
21,0,regression,spline_equal_m3,equal,3,21.049797599113536,3.7245461957889834
21,0,regression,spline_equal_m4,equal,4,20.908037174419743,3.70773400619995
21,0,regression,spline_equal_m5,equal,5,20.9561053109352,3.7125101813779136
21,0,regression,spline_equal_m6,equal,6,20.913951585129002,3.6347075529770634
21,0,classification,spline_quantile_m0,quantile,0,0.3604279903436675,0.10735549768041086
21,0,classification,spline_quantile_m1,quantile,1,0.3618823884336612,0.10789480167504928
21,0,classification,spline_quantile_m2,quantile,2,0.366282737132952,0.11176450864212532
21,0,classification,spline_quantile_m3,quantile,3,0.37422377029781784,0.11377150764332536
21,0,classification,spline_quantile_m4,quantile,4,0.36023462004092094,0.11033053718811775
21,0,classification,spline_quantile_m5,quantile,5,0.3666406538163157,0.11134414134615442
21,0,classification,spline_quantile_m6,quantile,6,0.35431142914535413,0.1095192876468062
21,0,classification,spline_equal_m1,equal,1,0.3616729383366603,0.10779421050654563
21,0,classification,spline_equal_m2,equal,2,0.3693890719639541,0.11255193955876386
21,0,classification,spline_equal_m3,equal,3,0.3743122619226884,0.11380763347016132
21,0,classification,spline_equal_m4,equal,4,0.3585799903235323,0.1097932346997283
21,0,classification,spline_equal_m5,equal,5,0.36796285205609175,0.11165546702194094
21,0,classification,spline_equal_m6,equal,6,0.35495015916128325,0.10967658396870514
21,1,regression,spline_quantile_m0,quantile,0,15.042820512453815,3.0226351038407335
21,1,regression,spline_quantile_m1,quantile,1,11.546131448058135,2.645255487126708
21,1,regression,spline_quantile_m2,quantile,2,11.27548353112026,2.6134520598310336
21,1,regression,spline_quantile_m3,quantile,3,11.449821764107137,2.639322228177471
21,1,regression,spline_quantile_m4,quantile,4,11.30822092737317,2.6572667281540605
21,1,regression,spline_quantile_m5,quantile,5,11.41259662324758,2.6640283524646384
21,1,regression,spline_quantile_m6,quantile,6,11.331256273862897,2.6354855972025586
21,1,regression,spline_equal_m1,equal,1,11.468453283290655,2.6317084821117196
21,1,regression,spline_equal_m2,equal,2,11.257011848119014,2.611667121579471
21,1,regression,spline_equal_m3,equal,3,11.448379717313724,2.640775740088626
21,1,regression,spline_equal_m4,equal,4,11.34740629700365,2.6603942954685147
21,1,regression,spline_equal_m5,equal,5,11.498544997291624,2.671496953047435
21,1,regression,spline_equal_m6,equal,6,11.4113845548254,2.6517872081365375
21,1,classification,spline_quantile_m0,quantile,0,0.4674267388854138,0.14430518482157342
21,1,classification,spline_quantile_m1,quantile,1,0.46698124667836927,0.14394867665767816
21,1,classification,spline_quantile_m2,quantile,2,0.4624875115852757,0.141798426497922
21,1,classification,spline_quantile_m3,quantile,3,0.5083284679884996,0.15614893722065953
21,1,classification,spline_quantile_m4,quantile,4,0.5076840031363559,0.15813046889224344
21,1,classification,spline_quantile_m5,quantile,5,0.5187267017392732,0.15768463868837204
21,1,classification,spline_quantile_m6,quantile,6,0.5424345244550632,0.16192975072799548
21,1,classification,spline_equal_m1,equal,1,0.46711365327495535,0.1440312163250262
21,1,classification,spline_equal_m2,equal,2,0.4636277721112389,0.14193004051381536
21,1,classification,spline_equal_m3,equal,3,0.5106119232296749,0.15611363753651764
21,1,classification,spline_equal_m4,equal,4,0.5141818740966417,0.15850929506377265
21,1,classification,spline_equal_m5,equal,5,0.5446268481459771,0.1585903884761948
21,1,classification,spline_equal_m6,equal,6,0.6260332667960666,0.1647648779665991
21,2,regression,spline_quantile_m0,quantile,0,27.294480203196557,3.9147279858929447
21,2,regression,spline_quantile_m1,quantile,1,27.095584218634166,4.027532388382506
21,2,regression,spline_quantile_m2,quantile,2,26.517293514170948,3.9899175353199303
21,2,regression,spline_quantile_m3,quantile,3,26.372592334593328,3.977042017807563
21,2,regression,spline_quantile_m4,quantile,4,26.75997855807983,4.014796660496599
21,2,regression,spline_quantile_m5,quantile,5,27.049947944327403,4.048993941421478
21,2,regression,spline_quantile_m6,quantile,6,26.660090110824758,4.01654099115934
21,2,regression,spline_equal_m1,equal,1,27.033838848622835,4.021114853648717
21,2,regression,spline_equal_m2,equal,2,26.170473491988513,3.9680042261778703
21,2,regression,spline_equal_m3,equal,3,26.369090640122504,3.9754404507359955
21,2,regression,spline_equal_m4,equal,4,26.83817712307315,4.027102842976573
21,2,regression,spline_equal_m5,equal,5,26.798914652875947,4.03014186773779
21,2,regression,spline_equal_m6,equal,6,26.195717504944355,3.9786558704266723
21,2,classification,spline_quantile_m0,quantile,0,0.6311653008951209,0.20719800210978107
21,2,classification,spline_quantile_m1,quantile,1,0.633134705291492,0.20800737373652273
21,2,classification,spline_quantile_m2,quantile,2,0.6200540521754604,0.206813068254614
21,2,classification,spline_quantile_m3,quantile,3,0.663602701211891,0.2112165430952318
21,2,classification,spline_quantile_m4,quantile,4,0.6642166740617788,0.21020269124166346
21,2,classification,spline_quantile_m5,quantile,5,0.6951264156182113,0.21248378786356387
21,2,classification,spline_quantile_m6,quantile,6,0.6941199279322323,0.20977074012523306
21,2,classification,spline_equal_m1,equal,1,0.6334281706953093,0.20816120259559104
21,2,classification,spline_equal_m2,equal,2,0.623920247177893,0.20773097740934987
21,2,classification,spline_equal_m3,equal,3,0.6626809907371409,0.21083330036050518
21,2,classification,spline_equal_m4,equal,4,0.6914187451150327,0.21055576326840764
21,2,classification,spline_equal_m5,equal,5,0.7957480773589377,0.211357926989264
21,2,classification,spline_equal_m6,equal,6,1.1169760670793678,0.20963920853950355
21,3,regression,spline_quantile_m0,quantile,0,22.177218321291143,3.5576493174836843
21,3,regression,spline_quantile_m1,quantile,1,20.953202327489997,3.5646234720230723
21,3,regression,spline_quantile_m2,quantile,2,20.96805615103398,3.623721154877285
21,3,regression,spline_quantile_m3,quantile,3,21.265184515061843,3.6444094850831608
21,3,regression,spline_quantile_m4,quantile,4,21.266527870486115,3.631367074259805
21,3,regression,spline_quantile_m5,quantile,5,21.390002865905114,3.6485873289164346
21,3,regression,spline_quantile_m6,quantile,6,21.5912438780026,3.668696349837597
21,3,regression,spline_equal_m1,equal,1,20.95301768629987,3.565536253031655
21,3,regression,spline_equal_m2,equal,2,20.96357847085713,3.619827243677039
21,3,regression,spline_equal_m3,equal,3,21.287028022074654,3.6497790842263256
21,3,regression,spline_equal_m4,equal,4,21.30016329216003,3.6353738000432
21,3,regression,spline_equal_m5,equal,5,21.54808385336798,3.660980521217114
21,3,regression,spline_equal_m6,equal,6,21.585373146309074,3.6643551738946987
21,3,classification,spline_quantile_m0,quantile,0,0.38110369421800244,0.1227705720245962
21,3,classification,spline_quantile_m1,quantile,1,0.385985631288578,0.12464330664172449
21,3,classification,spline_quantile_m2,quantile,2,0.39257512751458634,0.12530233545672295
21,3,classification,spline_quantile_m3,quantile,3,0.3829973827710989,0.12311444321557262
21,3,classification,spline_quantile_m4,quantile,4,0.40836633414171075,0.12833695383878746
21,3,classification,spline_quantile_m5,quantile,5,0.40217079052722615,0.12519609847101543
21,3,classification,spline_quantile_m6,quantile,6,0.4199753863902519,0.1314070610813052
21,3,classification,spline_equal_m1,equal,1,0.3862093315093295,0.12472640608937718
21,3,classification,spline_equal_m2,equal,2,0.39383599317117335,0.1257515395929373
21,3,classification,spline_equal_m3,equal,3,0.38308892549509194,0.12321489338172106
21,3,classification,spline_equal_m4,equal,4,0.4066488560584418,0.12781885058167478
21,3,classification,spline_equal_m5,equal,5,0.39709822717341575,0.12506351654928133
21,3,classification,spline_equal_m6,equal,6,0.4170901991940481,0.13131691896568207
21,4,regression,spline_quantile_m0,quantile,0,21.928927166830317,3.8151476423375787
21,4,regression,spline_quantile_m1,quantile,1,18.762573677357008,3.5223768607608776
21,4,regression,spline_quantile_m2,quantile,2,18.974036966730196,3.4943686167610934
21,4,regression,spline_quantile_m3,quantile,3,19.79918874907016,3.535091601021485
21,4,regression,spline_quantile_m4,quantile,4,20.691000143007468,3.606474639676809
21,4,regression,spline_quantile_m5,quantile,5,20.702742940907086,3.6039198761671747
21,4,regression,spline_quantile_m6,quantile,6,20.314047130895723,3.5690937062273758
21,4,regression,spline_equal_m1,equal,1,18.7511145480373,3.5064116809755372
21,4,regression,spline_equal_m2,equal,2,19.07081917460198,3.4985090183851675
21,4,regression,spline_equal_m3,equal,3,20.133221537841106,3.547280702533799
21,4,regression,spline_equal_m4,equal,4,20.579466228589844,3.5835153708136365
21,4,regression,spline_equal_m5,equal,5,20.473905792911882,3.5736043045001127
21,4,regression,spline_equal_m6,equal,6,20.21608784149544,3.55707167481812
21,4,classification,spline_quantile_m0,quantile,0,0.39761794863843564,0.1276865193460483
21,4,classification,spline_quantile_m1,quantile,1,0.4018226185194533,0.1298335264584662
21,4,classification,spline_quantile_m2,quantile,2,0.39840624102595745,0.12888477244918456
21,4,classification,spline_quantile_m3,quantile,3,0.3926407735547922,0.12753781004351297
21,4,classification,spline_quantile_m4,quantile,4,0.40172260937584725,0.1284286107152141
21,4,classification,spline_quantile_m5,quantile,5,0.40245139003489855,0.12970496447191424
21,4,classification,spline_quantile_m6,quantile,6,0.41311859679956997,0.13417155703280392
21,4,classification,spline_equal_m1,equal,1,0.4009485578127002,0.12937371503592104
21,4,classification,spline_equal_m2,equal,2,0.39758098458204927,0.12869791251480422
21,4,classification,spline_equal_m3,equal,3,0.39678029940558673,0.12877200278434076
21,4,classification,spline_equal_m4,equal,4,0.4019412370435824,0.1288588472993444
21,4,classification,spline_equal_m5,equal,5,0.39885608588290006,0.12797126770033004
21,4,classification,spline_equal_m6,equal,6,0.40473139017918286,0.13082393154525837
22,0,regression,spline_quantile_m0,quantile,0,19.994161705764803,3.832562270531937
22,0,regression,spline_quantile_m1,quantile,1,18.354868918808013,3.6050802973270777
22,0,regression,spline_quantile_m2,quantile,2,18.957483828672096,3.704090642469225
22,0,regression,spline_quantile_m3,quantile,3,19.05091507445332,3.749777963306089
22,0,regression,spline_quantile_m4,quantile,4,18.68738345379466,3.7222519946164323
22,0,regression,spline_quantile_m5,quantile,5,19.165199762504173,3.7652479361002174
22,0,regression,spline_quantile_m6,quantile,6,19.10648234049812,3.7559169292168018
22,0,regression,spline_equal_m1,equal,1,18.398460698590885,3.6107093178317884
22,0,regression,spline_equal_m2,equal,2,18.9794048934944,3.7113455143405525
22,0,regression,spline_equal_m3,equal,3,19.01446064147848,3.748200235197593
22,0,regression,spline_equal_m4,equal,4,18.62379104542827,3.710080466765943
22,0,regression,spline_equal_m5,equal,5,19.074582867902805,3.7453134964674155
22,0,regression,spline_equal_m6,equal,6,19.039990585097776,3.751021505670562
22,0,classification,spline_quantile_m0,quantile,0,0.4210035186664923,0.13659920653642313
22,0,classification,spline_quantile_m1,quantile,1,0.42290768108482907,0.13718149213305522
22,0,classification,spline_quantile_m2,quantile,2,0.4338855930671185,0.14022223280256246
22,0,classification,spline_quantile_m3,quantile,3,0.442379312619974,0.14099939604265388
22,0,classification,spline_quantile_m4,quantile,4,0.44698298462159813,0.14621316487560995
22,0,classification,spline_quantile_m5,quantile,5,0.44307257634775304,0.14338114299801266
22,0,classification,spline_quantile_m6,quantile,6,0.47325825366236707,0.14967250180477676
22,0,classification,spline_equal_m1,equal,1,0.4236244034460115,0.13740076231937276
22,0,classification,spline_equal_m2,equal,2,0.4331830292067644,0.1398071513065739
22,0,classification,spline_equal_m3,equal,3,0.4418996489512843,0.14056373161866792
22,0,classification,spline_equal_m4,equal,4,0.4444893897476128,0.1445110305204262
22,0,classification,spline_equal_m5,equal,5,0.44087776739851425,0.14061016337998541
22,0,classification,spline_equal_m6,equal,6,0.5019071389634586,0.14836759889185727
22,1,regression,spline_quantile_m0,quantile,0,22.25431153430023,3.667511995413071
22,1,regression,spline_quantile_m1,quantile,1,21.86378020772293,3.6938983396729816
22,1,regression,spline_quantile_m2,quantile,2,21.66909724270852,3.6725801404688267
22,1,regression,spline_quantile_m3,quantile,3,21.304319765137553,3.638803104087006
22,1,regression,spline_quantile_m4,quantile,4,21.199096434120165,3.6088440412835827
22,1,regression,spline_quantile_m5,quantile,5,21.183182180066236,3.6059099119413616
22,1,regression,spline_quantile_m6,quantile,6,21.88186471805485,3.6644131240270092
22,1,regression,spline_equal_m1,equal,1,21.762802709325815,3.6800761342218675
22,1,regression,spline_equal_m2,equal,2,21.563239730410363,3.6653372662206043
22,1,regression,spline_equal_m3,equal,3,21.23499544234403,3.628312105153317
22,1,regression,spline_equal_m4,equal,4,21.183020749625555,3.6106886225405286
22,1,regression,spline_equal_m5,equal,5,21.192848798468525,3.612050644292687
22,1,regression,spline_equal_m6,equal,6,21.36083267538618,3.6007340939410404
22,1,classification,spline_quantile_m0,quantile,0,0.3732687290164992,0.11675684463438303
22,1,classification,spline_quantile_m1,quantile,1,0.3739964596278945,0.11697652095285621
22,1,classification,spline_quantile_m2,quantile,2,0.3666108979220786,0.11523527826838423
22,1,classification,spline_quantile_m3,quantile,3,0.37643014632042743,0.12105283476747132
22,1,classification,spline_quantile_m4,quantile,4,0.36991468841887065,0.11876181723676153
22,1,classification,spline_quantile_m5,quantile,5,0.37848044344755843,0.12292407117365425
22,1,classification,spline_quantile_m6,quantile,6,0.3888971708079629,0.12966340592885275
22,1,classification,spline_equal_m1,equal,1,0.37437414812786257,0.1170904326217706
22,1,classification,spline_equal_m2,equal,2,0.3682967375819182,0.11578202101036988
22,1,classification,spline_equal_m3,equal,3,0.37979571396416184,0.12259938174983753
22,1,classification,spline_equal_m4,equal,4,0.3735663100401383,0.12045519933915362
22,1,classification,spline_equal_m5,equal,5,0.3811939582991935,0.12386440729111864
22,1,classification,spline_equal_m6,equal,6,0.3795989708650809,0.12490285860633298
22,2,regression,spline_quantile_m0,quantile,0,23.97525218368506,3.7136312455796894
22,2,regression,spline_quantile_m1,quantile,1,20.11803898465035,3.3576872280646084
22,2,regression,spline_quantile_m2,quantile,2,19.872336551898737,3.309866300860386
22,2,regression,spline_quantile_m3,quantile,3,20.31517042825269,3.349970396781442
22,2,regression,spline_quantile_m4,quantile,4,20.66603422137614,3.3508223399731554
22,2,regression,spline_quantile_m5,quantile,5,20.81146269218558,3.399870357064797
22,2,regression,spline_quantile_m6,quantile,6,20.77380314836587,3.343346295587068
22,2,regression,spline_equal_m1,equal,1,20.071478596668882,3.344351001474215
22,2,regression,spline_equal_m2,equal,2,19.839170866353943,3.3087773721927065
22,2,regression,spline_equal_m3,equal,3,20.340464267778064,3.347851233210839
22,2,regression,spline_equal_m4,equal,4,20.73611132493777,3.3651899422778966
22,2,regression,spline_equal_m5,equal,5,20.871902233355403,3.4059911120062587
22,2,regression,spline_equal_m6,equal,6,20.826997571056573,3.3345957205283776
22,2,classification,spline_quantile_m0,quantile,0,0.428567389349658,0.13681820068502154
22,2,classification,spline_quantile_m1,quantile,1,0.4418859269781768,0.138742445314299
22,2,classification,spline_quantile_m2,quantile,2,0.43628320361840167,0.13896047147811777
22,2,classification,spline_quantile_m3,quantile,3,0.4316840180987523,0.1373000581140401
22,2,classification,spline_quantile_m4,quantile,4,0.4783622839342558,0.1423398019544601
22,2,classification,spline_quantile_m5,quantile,5,0.5924367697067905,0.14491373927222476
22,2,classification,spline_quantile_m6,quantile,6,0.6052642196029414,0.1436304992440065
22,2,classification,spline_equal_m1,equal,1,0.4437759952774011,0.1390241612315487
22,2,classification,spline_equal_m2,equal,2,0.43551651038714523,0.13882913831954555
22,2,classification,spline_equal_m3,equal,3,0.4325093728744281,0.1374198401759768
22,2,classification,spline_equal_m4,equal,4,0.5076916713430244,0.1429191874251689
22,2,classification,spline_equal_m5,equal,5,0.763529418567573,0.1443767739025156
22,2,classification,spline_equal_m6,equal,6,0.9535111325289662,0.14352890043483044
22,3,regression,spline_quantile_m0,quantile,0,24.809101476279974,3.6659046495909853
22,3,regression,spline_quantile_m1,quantile,1,25.3396141852504,3.9742174038639972
22,3,regression,spline_quantile_m2,quantile,2,24.39311073606372,3.9379233025667792
22,3,regression,spline_quantile_m3,quantile,3,24.78354045166486,3.9751124119817827
22,3,regression,spline_quantile_m4,quantile,4,24.53437604441733,3.952732675158385
22,3,regression,spline_quantile_m5,quantile,5,24.687897498327857,3.975733379538512
22,3,regression,spline_quantile_m6,quantile,6,24.185194304253645,3.8859863219390935
22,3,regression,spline_equal_m1,equal,1,25.344755932903446,3.981006293447223
22,3,regression,spline_equal_m2,equal,2,24.387019829747352,3.9375375042855016
22,3,regression,spline_equal_m3,equal,3,24.78335687389107,3.973773522066277
22,3,regression,spline_equal_m4,equal,4,24.53972877832647,3.9547570615648313
22,3,regression,spline_equal_m5,equal,5,24.65998094792953,3.974415221350606
22,3,regression,spline_equal_m6,equal,6,24.304488580386415,3.8978203547090056
22,3,classification,spline_quantile_m0,quantile,0,0.5206452750997939,0.1572236229241679
22,3,classification,spline_quantile_m1,quantile,1,0.5262148221775952,0.1569726824081955
22,3,classification,spline_quantile_m2,quantile,2,0.5116244495448499,0.1539795396387874
22,3,classification,spline_quantile_m3,quantile,3,0.5205957460597344,0.15336247503769754
22,3,classification,spline_quantile_m4,quantile,4,0.512273169741679,0.1563610630787296
22,3,classification,spline_quantile_m5,quantile,5,0.5283562718703753,0.15826696123942452
22,3,classification,spline_quantile_m6,quantile,6,0.5148324893330658,0.1568797255742383
22,3,classification,spline_equal_m1,equal,1,0.5262520090950299,0.15704659514398112
22,3,classification,spline_equal_m2,equal,2,0.5117329746293281,0.15401046042566127
22,3,classification,spline_equal_m3,equal,3,0.5215060379418089,0.15348700840137217
22,3,classification,spline_equal_m4,equal,4,0.5146279134218305,0.15694838751359366
22,3,classification,spline_equal_m5,equal,5,0.5292866104068547,0.15840703250391985
22,3,classification,spline_equal_m6,equal,6,0.5128153657409422,0.15675013127784496
22,4,regression,spline_quantile_m0,quantile,0,17.737296797227387,3.2679542840700164
22,4,regression,spline_quantile_m1,quantile,1,15.123157714672182,2.9757570573839383
22,4,regression,spline_quantile_m2,quantile,2,15.437470200971784,2.9540263683046657
22,4,regression,spline_quantile_m3,quantile,3,15.903809358318638,3.0225143755938415
22,4,regression,spline_quantile_m4,quantile,4,15.819165988689907,3.055269500573759
22,4,regression,spline_quantile_m5,quantile,5,16.04410851291932,3.0604058010216244
22,4,regression,spline_quantile_m6,quantile,6,15.878951906287744,3.0820657661684585
22,4,regression,spline_equal_m1,equal,1,15.160277106619796,2.9755680491892833
22,4,regression,spline_equal_m2,equal,2,15.45382538864025,2.959257395828723
22,4,regression,spline_equal_m3,equal,3,15.908982124126394,3.0330079770386877
22,4,regression,spline_equal_m4,equal,4,15.929336982178713,3.0594396148813097
22,4,regression,spline_equal_m5,equal,5,16.297620022457796,3.0778308555964844
22,4,regression,spline_equal_m6,equal,6,16.372234843762087,3.12343288284748
22,4,classification,spline_quantile_m0,quantile,0,0.49165114157142287,0.15227091310094087
22,4,classification,spline_quantile_m1,quantile,1,0.5165543400662641,0.15840779128319143
22,4,classification,spline_quantile_m2,quantile,2,0.5027370872201379,0.15786867677545274
22,4,classification,spline_quantile_m3,quantile,3,0.5030899539135637,0.15696729057973932
22,4,classification,spline_quantile_m4,quantile,4,0.49244961997721065,0.15496696983407138
22,4,classification,spline_quantile_m5,quantile,5,0.49638429276977886,0.15544574527705138
22,4,classification,spline_quantile_m6,quantile,6,0.492608892863229,0.15563711687475265
22,4,classification,spline_equal_m1,equal,1,0.5158410796928957,0.15804367190496835
22,4,classification,spline_equal_m2,equal,2,0.5041210142024315,0.15806228986546808
22,4,classification,spline_equal_m3,equal,3,0.5053914925854591,0.15744388570918352
22,4,classification,spline_equal_m4,equal,4,0.4938310661466353,0.15515974145892752
22,4,classification,spline_equal_m5,equal,5,0.498411156839442,0.15565192330870847
22,4,classification,spline_equal_m6,equal,6,0.4912871132941133,0.15581907451731525
23,0,regression,spline_quantile_m0,quantile,0,22.813583667808143,3.803404278944577
23,0,regression,spline_quantile_m1,quantile,1,18.849897563092703,3.5677958039554185
23,0,regression,spline_quantile_m2,quantile,2,18.93617318702415,3.566147819035125
23,0,regression,spline_quantile_m3,quantile,3,19.247594838627062,3.585410764798279
23,0,regression,spline_quantile_m4,quantile,4,18.97262249446098,3.5487501536519797
23,0,regression,spline_quantile_m5,quantile,5,19.003430943803213,3.572358649276816
23,0,regression,spline_quantile_m6,quantile,6,18.936150075848953,3.528232439577213
23,0,regression,spline_equal_m1,equal,1,18.848628334970144,3.567599068322553
23,0,regression,spline_equal_m2,equal,2,18.925078016549097,3.5685637559130736
23,0,regression,spline_equal_m3,equal,3,19.21827535665477,3.5741532454281666
23,0,regression,spline_equal_m4,equal,4,19.005157875187297,3.54208618944602
23,0,regression,spline_equal_m5,equal,5,19.133634784646276,3.576116211908385
23,0,regression,spline_equal_m6,equal,6,18.880108288903266,3.509364185015977
23,0,classification,spline_quantile_m0,quantile,0,0.5298804438551223,0.16476567778660478
23,0,classification,spline_quantile_m1,quantile,1,0.5320142159884634,0.16447233342908288
23,0,classification,spline_quantile_m2,quantile,2,0.5179960715810269,0.1613498702516739
23,0,classification,spline_quantile_m3,quantile,3,0.5224032727189946,0.16231733975908294
23,0,classification,spline_quantile_m4,quantile,4,0.5139140887569499,0.16228151187614906
23,0,classification,spline_quantile_m5,quantile,5,0.5151392147853993,0.16130327069491687
23,0,classification,spline_quantile_m6,quantile,6,0.511981140525325,0.16489371210300946
23,0,classification,spline_equal_m1,equal,1,0.5322456446079071,0.1645647290012144
23,0,classification,spline_equal_m2,equal,2,0.5201398565142544,0.16181716074895525
23,0,classification,spline_equal_m3,equal,3,0.5233532932376614,0.16243910202470335
23,0,classification,spline_equal_m4,equal,4,0.5135628169824329,0.1614077832603018
23,0,classification,spline_equal_m5,equal,5,0.5162446196574939,0.16085705919913398
23,0,classification,spline_equal_m6,equal,6,0.5121707169106515,0.16450399753722458
23,1,regression,spline_quantile_m0,quantile,0,26.54861420185096,4.101560092649555
23,1,regression,spline_quantile_m1,quantile,1,24.286307558926655,3.8903625895827934
23,1,regression,spline_quantile_m2,quantile,2,24.924771239991525,3.9650163757730765
23,1,regression,spline_quantile_m3,quantile,3,25.701872088884134,4.0562660683356615
23,1,regression,spline_quantile_m4,quantile,4,27.446331641386397,4.189613051761816
23,1,regression,spline_quantile_m5,quantile,5,27.627494447359005,4.2204628985129435
23,1,regression,spline_quantile_m6,quantile,6,27.181261468645047,4.168153360712102
23,1,regression,spline_equal_m1,equal,1,24.2973896701975,3.8910652380933612
23,1,regression,spline_equal_m2,equal,2,25.05219627634011,3.9798138405919135
23,1,regression,spline_equal_m3,equal,3,25.932996283071052,4.077133335212765
23,1,regression,spline_equal_m4,equal,4,27.51675140931876,4.198343938041327
23,1,regression,spline_equal_m5,equal,5,27.547142696182554,4.2172643686539155
23,1,regression,spline_equal_m6,equal,6,27.06391908157957,4.160111869784579
23,1,classification,spline_quantile_m0,quantile,0,0.4882609621323375,0.15413185635572532
23,1,classification,spline_quantile_m1,quantile,1,0.5073731644078302,0.15667309926455567
23,1,classification,spline_quantile_m2,quantile,2,0.5102065522859108,0.15952252959346963
23,1,classification,spline_quantile_m3,quantile,3,0.5014794354130401,0.1587475462230534
23,1,classification,spline_quantile_m4,quantile,4,0.5615033737607237,0.16375935892904545
23,1,classification,spline_quantile_m5,quantile,5,0.7420723782553749,0.1659360334988923
23,1,classification,spline_quantile_m6,quantile,6,0.8782925876875707,0.16351515732676705
23,1,classification,spline_equal_m1,equal,1,0.5081122986458382,0.15677742076772272
23,1,classification,spline_equal_m2,equal,2,0.5100353532248385,0.1594980739238266
23,1,classification,spline_equal_m3,equal,3,0.5010642968529327,0.15835253936780672
23,1,classification,spline_equal_m4,equal,4,0.569266413134188,0.16410606377197898
23,1,classification,spline_equal_m5,equal,5,0.9333985687838116,0.16578319184469414
23,1,classification,spline_equal_m6,equal,6,1.0536226930412964,0.16406313723719662
23,2,regression,spline_quantile_m0,quantile,0,23.426795567303067,3.488229956063609
23,2,regression,spline_quantile_m1,quantile,1,20.8442455532942,3.2448300350488815
23,2,regression,spline_quantile_m2,quantile,2,20.886651252970196,3.2838923953978383
23,2,regression,spline_quantile_m3,quantile,3,20.38490406142023,3.2830136889015655
23,2,regression,spline_quantile_m4,quantile,4,20.416586732223383,3.2801483507353657
23,2,regression,spline_quantile_m5,quantile,5,20.642904676994185,3.299570690865878
23,2,regression,spline_quantile_m6,quantile,6,20.59797245177965,3.3075648931256585
23,2,regression,spline_equal_m1,equal,1,20.881516073425413,3.2483952438157484
23,2,regression,spline_equal_m2,equal,2,20.786584013145585,3.287692665199215
23,2,regression,spline_equal_m3,equal,3,20.461539706261757,3.2905628521472794
23,2,regression,spline_equal_m4,equal,4,20.50453563747638,3.2870230392462
23,2,regression,spline_equal_m5,equal,5,20.81278485815533,3.3136034814786757
23,2,regression,spline_equal_m6,equal,6,20.772225306601413,3.3227400608706965
23,2,classification,spline_quantile_m0,quantile,0,0.3591459497596691,0.11346277470947085
23,2,classification,spline_quantile_m1,quantile,1,0.3600767628030205,0.11371957825204655
23,2,classification,spline_quantile_m2,quantile,2,0.36359126715988793,0.11659842699334638
23,2,classification,spline_quantile_m3,quantile,3,0.3571546507162246,0.11400909241683095
23,2,classification,spline_quantile_m4,quantile,4,0.35947552574687264,0.11493144156764606
23,2,classification,spline_quantile_m5,quantile,5,0.3578158694844872,0.114365714447208
23,2,classification,spline_quantile_m6,quantile,6,0.36329899652009984,0.11640069426814299
23,2,classification,spline_equal_m1,equal,1,0.3608945473172266,0.11395511449157969
23,2,classification,spline_equal_m2,equal,2,0.36266325457543347,0.11622304525666198
23,2,classification,spline_equal_m3,equal,3,0.35849464938851183,0.11449948021291709
23,2,classification,spline_equal_m4,equal,4,0.35971204609209934,0.1150275019933965
23,2,classification,spline_equal_m5,equal,5,0.35568815215779276,0.1133400807708433
23,2,classification,spline_equal_m6,equal,6,0.3667230045931722,0.11749183011305897
23,3,regression,spline_quantile_m0,quantile,0,15.891115841910741,3.171082945078484
23,3,regression,spline_quantile_m1,quantile,1,16.221163319396133,3.3654485324126777
23,3,regression,spline_quantile_m2,quantile,2,16.40206413524448,3.424972857400229
23,3,regression,spline_quantile_m3,quantile,3,17.346870387306943,3.5044734896492433
23,3,regression,spline_quantile_m4,quantile,4,17.39436472984321,3.4745960412472074
23,3,regression,spline_quantile_m5,quantile,5,17.501974369848497,3.497989383770053
23,3,regression,spline_quantile_m6,quantile,6,17.845342182987714,3.493003039224925
23,3,regression,spline_equal_m1,equal,1,16.213810645461308,3.366182434229888
23,3,regression,spline_equal_m2,equal,2,16.514511619580375,3.437750611760035
23,3,regression,spline_equal_m3,equal,3,17.358513571404167,3.5100540416444352
23,3,regression,spline_equal_m4,equal,4,17.593441347461884,3.486688288316704
23,3,regression,spline_equal_m5,equal,5,17.90421696890658,3.512255160972423
23,3,regression,spline_equal_m6,equal,6,17.859269887269086,3.4681396919366483
23,3,classification,spline_quantile_m0,quantile,0,0.3617892854353404,0.11084970747810116
23,3,classification,spline_quantile_m1,quantile,1,0.36624407122930885,0.11213145100732624
23,3,classification,spline_quantile_m2,quantile,2,0.3630501831688104,0.11304825437074656
23,3,classification,spline_quantile_m3,quantile,3,0.36454953071969454,0.11332380616619395
23,3,classification,spline_quantile_m4,quantile,4,0.354813103975607,0.10973467998508823
23,3,classification,spline_quantile_m5,quantile,5,0.3586066833861494,0.10987246248880425
23,3,classification,spline_quantile_m6,quantile,6,0.3496057011430835,0.10938511129098372
23,3,classification,spline_equal_m1,equal,1,0.36610163850859256,0.11208194044273062
23,3,classification,spline_equal_m2,equal,2,0.36448403746044167,0.1134588524995845
23,3,classification,spline_equal_m3,equal,3,0.3642477703386103,0.11321644035905891
23,3,classification,spline_equal_m4,equal,4,0.35591042550892077,0.10984414693904596
23,3,classification,spline_equal_m5,equal,5,0.3598791433250673,0.11065021130378959
23,3,classification,spline_equal_m6,equal,6,0.34987628903728707,0.10819815823363699
23,4,regression,spline_quantile_m0,quantile,0,22.32607929475354,3.6375297259825583
23,4,regression,spline_quantile_m1,quantile,1,22.383963051890078,3.550023487899856
23,4,regression,spline_quantile_m2,quantile,2,21.857421941511564,3.4984371030269266
23,4,regression,spline_quantile_m3,quantile,3,21.82364820232435,3.48847380852769
23,4,regression,spline_quantile_m4,quantile,4,21.861949699394863,3.4885959235375505
23,4,regression,spline_quantile_m5,quantile,5,21.681526064819206,3.481962969936111
23,4,regression,spline_quantile_m6,quantile,6,22.09768809511505,3.4542136178487293
23,4,regression,spline_equal_m1,equal,1,22.01022865308482,3.5124166087680933
23,4,regression,spline_equal_m2,equal,2,21.758299910914335,3.4850783384371833
23,4,regression,spline_equal_m3,equal,3,21.579903926784436,3.465408978095228
23,4,regression,spline_equal_m4,equal,4,21.83850176894693,3.491337828168184
23,4,regression,spline_equal_m5,equal,5,21.566271999854315,3.4763252617145923
23,4,regression,spline_equal_m6,equal,6,21.874914554846892,3.4666026638900793
23,4,classification,spline_quantile_m0,quantile,0,0.45347995473757513,0.14537070738865587
23,4,classification,spline_quantile_m1,quantile,1,0.4568222339610755,0.1448641515705761
23,4,classification,spline_quantile_m2,quantile,2,0.4497225310734866,0.14452256222521861
23,4,classification,spline_quantile_m3,quantile,3,0.5161896127348234,0.16239248114571248
23,4,classification,spline_quantile_m4,quantile,4,0.5149510250989887,0.16440036630542437
23,4,classification,spline_quantile_m5,quantile,5,0.5264770174500486,0.16425104863932052
23,4,classification,spline_quantile_m6,quantile,6,0.5253264694022834,0.16627790412913776
23,4,classification,spline_equal_m1,equal,1,0.45655493911723005,0.14499007151014548
23,4,classification,spline_equal_m2,equal,2,0.4533794671118166,0.1456768077490245
23,4,classification,spline_equal_m3,equal,3,0.5269547708411702,0.16457075179052905
23,4,classification,spline_equal_m4,equal,4,0.5197497695905625,0.16507805609779636
23,4,classification,spline_equal_m5,equal,5,0.5491634874129748,0.16742491727385622
23,4,classification,spline_equal_m6,equal,6,0.5901468489464734,0.16903448129897566
24,0,regression,spline_quantile_m0,quantile,0,18.43286014497396,3.3631236140331584
24,0,regression,spline_quantile_m1,quantile,1,16.458736763830288,3.119496293947984
24,0,regression,spline_quantile_m2,quantile,2,16.576499101569365,3.180063726569271
24,0,regression,spline_quantile_m3,quantile,3,16.824477794476262,3.2348087300876904
24,0,regression,spline_quantile_m4,quantile,4,16.744155640617205,3.19516105683099
24,0,regression,spline_quantile_m5,quantile,5,16.75630623223931,3.21366716811764
24,0,regression,spline_quantile_m6,quantile,6,17.270359100458915,3.234312202622824
24,0,regression,spline_equal_m1,equal,1,16.460960035311352,3.127803167411896
24,0,regression,spline_equal_m2,equal,2,16.608526645955116,3.186582061641997
24,0,regression,spline_equal_m3,equal,3,16.862495113716953,3.2417407065953614
24,0,regression,spline_equal_m4,equal,4,16.721539421880532,3.1967253242386744
24,0,regression,spline_equal_m5,equal,5,16.80405657807119,3.2289935585957505
24,0,regression,spline_equal_m6,equal,6,17.28999910554616,3.2417982857395473
24,0,classification,spline_quantile_m0,quantile,0,0.522529094002868,0.1776993849571977
24,0,classification,spline_quantile_m1,quantile,1,0.544098863706026,0.18282197499315647
24,0,classification,spline_quantile_m2,quantile,2,0.5346251862787035,0.18052879552129592
24,0,classification,spline_quantile_m3,quantile,3,0.554468289544106,0.18231942295730783
24,0,classification,spline_quantile_m4,quantile,4,0.6144349669428824,0.18630289134061187
24,0,classification,spline_quantile_m5,quantile,5,0.6929022588906393,0.1840189477291413
24,0,classification,spline_quantile_m6,quantile,6,0.8337712347812406,0.1878383406313942
24,0,classification,spline_equal_m1,equal,1,0.5439181410655638,0.18277751499362657
24,0,classification,spline_equal_m2,equal,2,0.5376006417658684,0.1810687160698485
24,0,classification,spline_equal_m3,equal,3,0.5568868911024105,0.18264041099178488
24,0,classification,spline_equal_m4,equal,4,0.6345810049461916,0.18563121953120099
24,0,classification,spline_equal_m5,equal,5,1.0310918024346014,0.1854222188857001
24,0,classification,spline_equal_m6,equal,6,1.0496321412965384,0.19240815136930348
24,1,regression,spline_quantile_m0,quantile,0,18.672185057975376,3.6370897074036423
24,1,regression,spline_quantile_m1,quantile,1,16.26145475161379,3.3408815625392596
24,1,regression,spline_quantile_m2,quantile,2,17.19610532668058,3.432648552362504
24,1,regression,spline_quantile_m3,quantile,3,18.027626863077458,3.584742811509545
24,1,regression,spline_quantile_m4,quantile,4,17.528573209584057,3.5268502596574
24,1,regression,spline_quantile_m5,quantile,5,18.053967465824893,3.5932921975711816
24,1,regression,spline_quantile_m6,quantile,6,18.078359291082155,3.5844856068007287
24,1,regression,spline_equal_m1,equal,1,16.31005827492457,3.3433877469482094
24,1,regression,spline_equal_m2,equal,2,17.258200675358268,3.4422069796825587
24,1,regression,spline_equal_m3,equal,3,17.980225174430334,3.579948682373965
24,1,regression,spline_equal_m4,equal,4,17.516710928322798,3.5253599239416036
24,1,regression,spline_equal_m5,equal,5,18.141511829235455,3.6000890731107558
24,1,regression,spline_equal_m6,equal,6,17.957599513588445,3.559561037664316
24,1,classification,spline_quantile_m0,quantile,0,0.393308235569918,0.12242699865030936
24,1,classification,spline_quantile_m1,quantile,1,0.39691141654968815,0.12407912304014845
24,1,classification,spline_quantile_m2,quantile,2,0.40465051273369823,0.12709541404992275
24,1,classification,spline_quantile_m3,quantile,3,0.4035900249220717,0.12702180568108046
24,1,classification,spline_quantile_m4,quantile,4,0.41617684237706853,0.12911459500517145
24,1,classification,spline_quantile_m5,quantile,5,0.43681228223100077,0.13151072323795313
24,1,classification,spline_quantile_m6,quantile,6,0.4383993631332159,0.1317981985323644
24,1,classification,spline_equal_m1,equal,1,0.3963571067415178,0.1238301397481705
24,1,classification,spline_equal_m2,equal,2,0.4048411263530668,0.12723548642068572
24,1,classification,spline_equal_m3,equal,3,0.40410003659869836,0.12716891481776701
24,1,classification,spline_equal_m4,equal,4,0.4136460879241538,0.12856000711295976
24,1,classification,spline_equal_m5,equal,5,0.43478920439692353,0.1330912355017041
24,1,classification,spline_equal_m6,equal,6,0.4356053189751962,0.13229166878514742
24,2,regression,spline_quantile_m0,quantile,0,30.845288504513118,4.105618745626274
24,2,regression,spline_quantile_m1,quantile,1,27.791806811320452,3.974183298945917
24,2,regression,spline_quantile_m2,quantile,2,27.181504636254058,3.9322418254859683
24,2,regression,spline_quantile_m3,quantile,3,26.93239470209392,3.9149879553525238
24,2,regression,spline_quantile_m4,quantile,4,26.665083168024125,3.9233088629993342
24,2,regression,spline_quantile_m5,quantile,5,26.731413155899403,3.916146986009481
24,2,regression,spline_quantile_m6,quantile,6,26.777679474019816,3.9324946807403647
24,2,regression,spline_equal_m1,equal,1,27.71597088710819,3.9638298575458437
24,2,regression,spline_equal_m2,equal,2,26.94685056950839,3.9182405462409076
24,2,regression,spline_equal_m3,equal,3,26.870172036161037,3.9124924813148723
24,2,regression,spline_equal_m4,equal,4,26.682739155843645,3.9218660079063232
24,2,regression,spline_equal_m5,equal,5,26.806320416427692,3.9141370778683413
24,2,regression,spline_equal_m6,equal,6,26.756574483959334,3.9336115894637746
24,2,classification,spline_quantile_m0,quantile,0,0.37255185990509404,0.11276340090277728
24,2,classification,spline_quantile_m1,quantile,1,0.374480147499682,0.11317703025970874
24,2,classification,spline_quantile_m2,quantile,2,0.3755356656084179,0.11477304273547113
24,2,classification,spline_quantile_m3,quantile,3,0.3857949399326708,0.1200235342034498
24,2,classification,spline_quantile_m4,quantile,4,0.3770081159448963,0.11745745041940238
24,2,classification,spline_quantile_m5,quantile,5,0.3818531081549588,0.1187186411510082
24,2,classification,spline_quantile_m6,quantile,6,0.371779390694703,0.11706818253318478
24,2,classification,spline_equal_m1,equal,1,0.374254483288751,0.11311531465980539
24,2,classification,spline_equal_m2,equal,2,0.3772751116445713,0.11529175414188667
24,2,classification,spline_equal_m3,equal,3,0.3880390538423737,0.12092858083749712
24,2,classification,spline_equal_m4,equal,4,0.3777547555440283,0.11772037702964118
24,2,classification,spline_equal_m5,equal,5,0.38418860121690634,0.11937989605228885
24,2,classification,spline_equal_m6,equal,6,0.3740423871831032,0.11801281650715499
24,3,regression,spline_quantile_m0,quantile,0,18.86876576876321,3.2511149314983476
24,3,regression,spline_quantile_m1,quantile,1,17.43841900048768,3.304936428146176
24,3,regression,spline_quantile_m2,quantile,2,17.034839141110403,3.250778401512104
24,3,regression,spline_quantile_m3,quantile,3,16.68235396127644,3.1883901073075096
24,3,regression,spline_quantile_m4,quantile,4,16.58244052174507,3.1882645009416293
24,3,regression,spline_quantile_m5,quantile,5,16.86881300328226,3.223442441151681
24,3,regression,spline_quantile_m6,quantile,6,16.757748497390413,3.1760637625633525
24,3,regression,spline_equal_m1,equal,1,17.290830778550283,3.2856325842722613
24,3,regression,spline_equal_m2,equal,2,16.816838171294513,3.2157389704101704
24,3,regression,spline_equal_m3,equal,3,16.614156500446615,3.1732606052016177
24,3,regression,spline_equal_m4,equal,4,16.691874951374214,3.2005240735478906
24,3,regression,spline_equal_m5,equal,5,17.091925690874714,3.245310084126227
24,3,regression,spline_equal_m6,equal,6,16.99506206040443,3.2090866149934847
24,3,classification,spline_quantile_m0,quantile,0,0.5186621500777837,0.1583566116611342
24,3,classification,spline_quantile_m1,quantile,1,0.5227243467777626,0.1591239751655886
24,3,classification,spline_quantile_m2,quantile,2,0.5225236413048708,0.1612955531240439
24,3,classification,spline_quantile_m3,quantile,3,0.5664526803425929,0.16871381666689791
24,3,classification,spline_quantile_m4,quantile,4,0.5592077271156787,0.16962214620572638
24,3,classification,spline_quantile_m5,quantile,5,0.5785938689599225,0.1714776777983715
24,3,classification,spline_quantile_m6,quantile,6,0.5929784175774265,0.17035156648064034
24,3,classification,spline_equal_m1,equal,1,0.5223569233259733,0.1590128212253215
24,3,classification,spline_equal_m2,equal,2,0.5239597006739399,0.16121900625578167
24,3,classification,spline_equal_m3,equal,3,0.5725408636428689,0.1687425308708695
24,3,classification,spline_equal_m4,equal,4,0.572207350899138,0.17117175067286375
24,3,classification,spline_equal_m5,equal,5,0.6078538626630696,0.17302342474366564
24,3,classification,spline_equal_m6,equal,6,0.6949346411774221,0.17279578930083406
24,4,regression,spline_quantile_m0,quantile,0,19.998952298470048,3.6263424778315865
24,4,regression,spline_quantile_m1,quantile,1,19.794832542101794,3.5751404456699847
24,4,regression,spline_quantile_m2,quantile,2,20.447657456011335,3.6085908984401476
24,4,regression,spline_quantile_m3,quantile,3,21.04644979409471,3.644228126227064
24,4,regression,spline_quantile_m4,quantile,4,20.984226800918794,3.5893241871615054
24,4,regression,spline_quantile_m5,quantile,5,21.032701107275333,3.628035191571572
24,4,regression,spline_quantile_m6,quantile,6,20.79874259671198,3.5822997580569096
24,4,regression,spline_equal_m1,equal,1,19.84036709949575,3.5762874123444406
24,4,regression,spline_equal_m2,equal,2,20.463863513125354,3.6163383277840833
24,4,regression,spline_equal_m3,equal,3,21.049751581044255,3.6419708017631627
24,4,regression,spline_equal_m4,equal,4,21.06346430900536,3.608378836403805
24,4,regression,spline_equal_m5,equal,5,21.142590143189988,3.6495459062932842
24,4,regression,spline_equal_m6,equal,6,20.92177444142507,3.575267349702406
24,4,classification,spline_quantile_m0,quantile,0,0.3704600125059394,0.11558247357291221
24,4,classification,spline_quantile_m1,quantile,1,0.3705759209084251,0.11513567165029678
24,4,classification,spline_quantile_m2,quantile,2,0.379640260631089,0.11931516076728002
24,4,classification,spline_quantile_m3,quantile,3,0.38462610521561097,0.12096885588482319
24,4,classification,spline_quantile_m4,quantile,4,0.3735943843859936,0.11829696366456345
24,4,classification,spline_quantile_m5,quantile,5,0.38286849796757283,0.12032263971975697
24,4,classification,spline_quantile_m6,quantile,6,0.39588091943141973,0.12769643766480415
24,4,classification,spline_equal_m1,equal,1,0.3705370144789699,0.11523008272213284
24,4,classification,spline_equal_m2,equal,2,0.3788784586076043,0.11894980120959006
24,4,classification,spline_equal_m3,equal,3,0.38462609552949156,0.12091426740962383
24,4,classification,spline_equal_m4,equal,4,0.37247960376682343,0.11755454356277047
24,4,classification,spline_equal_m5,equal,5,0.3905232090464261,0.12253559981631862
24,4,classification,spline_equal_m6,equal,6,0.40070387892276943,0.12855014399792666
25,0,regression,spline_quantile_m0,quantile,0,22.829936147526663,3.668746882493494
25,0,regression,spline_quantile_m1,quantile,1,21.116046591755772,3.6499288285317233
25,0,regression,spline_quantile_m2,quantile,2,21.016189515423694,3.6703187844936362
25,0,regression,spline_quantile_m3,quantile,3,20.672037406610965,3.6512627891836913
25,0,regression,spline_quantile_m4,quantile,4,20.33226766142578,3.60372263316047
25,0,regression,spline_quantile_m5,quantile,5,21.128869592423204,3.6956084751735294
25,0,regression,spline_quantile_m6,quantile,6,20.729935296853263,3.6071160499391
25,0,regression,spline_equal_m1,equal,1,21.104998828946076,3.6532176786331223
25,0,regression,spline_equal_m2,equal,2,20.936837223407583,3.6683069672536597
25,0,regression,spline_equal_m3,equal,3,20.59787534104762,3.644041028206227
25,0,regression,spline_equal_m4,equal,4,20.38372855187242,3.6131314943373227
25,0,regression,spline_equal_m5,equal,5,20.928092457916065,3.6700737621486836
25,0,regression,spline_equal_m6,equal,6,20.550269619545634,3.5806274411820755
25,0,classification,spline_quantile_m0,quantile,0,0.40967087455630463,0.13353095161756337
25,0,classification,spline_quantile_m1,quantile,1,0.41173436423873144,0.13430069469576036
25,0,classification,spline_quantile_m2,quantile,2,0.4315208622078848,0.14084838387432594
25,0,classification,spline_quantile_m3,quantile,3,0.4366587049483888,0.14238894064968408
25,0,classification,spline_quantile_m4,quantile,4,0.42491143773945284,0.13869771521528118
25,0,classification,spline_quantile_m5,quantile,5,0.4298023869634933,0.1403658217755328
25,0,classification,spline_quantile_m6,quantile,6,0.4232876777209894,0.14006228313093705
25,0,classification,spline_equal_m1,equal,1,0.4127381933685125,0.1346683044389277
25,0,classification,spline_equal_m2,equal,2,0.43360260939271994,0.1414448762389023
25,0,classification,spline_equal_m3,equal,3,0.4397298969286008,0.14330990043229785
25,0,classification,spline_equal_m4,equal,4,0.4273403847832494,0.13949817159679834
25,0,classification,spline_equal_m5,equal,5,0.43067913478990616,0.1402358570436133
25,0,classification,spline_equal_m6,equal,6,0.42243734136444017,0.13898583640244758
25,1,regression,spline_quantile_m0,quantile,0,25.823055586236727,3.700402110826795
25,1,regression,spline_quantile_m1,quantile,1,22.609060016916104,3.503704298570409
25,1,regression,spline_quantile_m2,quantile,2,22.46970819661726,3.5379632445618374
25,1,regression,spline_quantile_m3,quantile,3,22.293595888887754,3.5483896856992585
25,1,regression,spline_quantile_m4,quantile,4,22.68383776996144,3.6065995610729233
25,1,regression,spline_quantile_m5,quantile,5,23.788018989122566,3.72611078303716
25,1,regression,spline_quantile_m6,quantile,6,24.338723078093853,3.785981443557704
25,1,regression,spline_equal_m1,equal,1,22.59577571390537,3.50627909613573
25,1,regression,spline_equal_m2,equal,2,22.410362597415105,3.539999125560014
25,1,regression,spline_equal_m3,equal,3,22.28684601134452,3.5493042503722823
25,1,regression,spline_equal_m4,equal,4,22.61065679333553,3.591608323469793
25,1,regression,spline_equal_m5,equal,5,23.496360732760373,3.6742206385639418
25,1,regression,spline_equal_m6,equal,6,23.958784447664662,3.75547952627197
25,1,classification,spline_quantile_m0,quantile,0,0.4142787633635331,0.13685693558379414
25,1,classification,spline_quantile_m1,quantile,1,0.41457357268062983,0.13696828284975723
25,1,classification,spline_quantile_m2,quantile,2,0.4239650209381135,0.14222950491053268
25,1,classification,spline_quantile_m3,quantile,3,0.41825312376332263,0.14012739036070798
25,1,classification,spline_quantile_m4,quantile,4,0.42770430364742235,0.1435708267181323
25,1,classification,spline_quantile_m5,quantile,5,0.42834677137572413,0.14347271344903947
25,1,classification,spline_quantile_m6,quantile,6,0.4249599030455144,0.1434678422963555
25,1,classification,spline_equal_m1,equal,1,0.41502631782305854,0.13714271966505456
25,1,classification,spline_equal_m2,equal,2,0.42368800976696364,0.1419501872834785
25,1,classification,spline_equal_m3,equal,3,0.4189319002154843,0.1402172205346562
25,1,classification,spline_equal_m4,equal,4,0.4283859809847458,0.1437376822837615
25,1,classification,spline_equal_m5,equal,5,0.43107704996720897,0.14416877181651244
25,1,classification,spline_equal_m6,equal,6,0.4272399821370842,0.14391457363404558
25,2,regression,spline_quantile_m0,quantile,0,18.546838512641685,3.34242273282142
25,2,regression,spline_quantile_m1,quantile,1,15.527921301361923,2.9741130467707477
25,2,regression,spline_quantile_m2,quantile,2,15.052312630006433,2.90484275420752
25,2,regression,spline_quantile_m3,quantile,3,14.71687750442664,2.8765921829980994
25,2,regression,spline_quantile_m4,quantile,4,14.560717474748635,2.8610008579887745
25,2,regression,spline_quantile_m5,quantile,5,14.778964876788745,2.8582768562514853
25,2,regression,spline_quantile_m6,quantile,6,14.89250789333133,2.84759321286625
25,2,regression,spline_equal_m1,equal,1,15.503583671461092,2.9671836540828225
25,2,regression,spline_equal_m2,equal,2,14.929394388885065,2.8971473495468807
25,2,regression,spline_equal_m3,equal,3,14.736377039430504,2.876399554406431
25,2,regression,spline_equal_m4,equal,4,14.653938801401306,2.858295858655282
25,2,regression,spline_equal_m5,equal,5,14.967694218426985,2.8597088801119357
25,2,regression,spline_equal_m6,equal,6,15.02790291155231,2.8445498986612234
25,2,classification,spline_quantile_m0,quantile,0,0.5178429986322868,0.15267765855256984
25,2,classification,spline_quantile_m1,quantile,1,0.5276299378998908,0.1543335714396896
25,2,classification,spline_quantile_m2,quantile,2,0.5222364259893059,0.15515239412056944
25,2,classification,spline_quantile_m3,quantile,3,0.5641203270370652,0.16558443196394518
25,2,classification,spline_quantile_m4,quantile,4,0.5764440416911574,0.16625858494448775
25,2,classification,spline_quantile_m5,quantile,5,0.7587612027807371,0.17715052823098687
25,2,classification,spline_quantile_m6,quantile,6,0.887169577357792,0.17601529607024824
25,2,classification,spline_equal_m1,equal,1,0.5286444351515225,0.1545039193147814
25,2,classification,spline_equal_m2,equal,2,0.5253203619032188,0.1557461274556084
25,2,classification,spline_equal_m3,equal,3,0.5660339351206134,0.16576346310660214
25,2,classification,spline_equal_m4,equal,4,0.6140211183508556,0.169247947498058
25,2,classification,spline_equal_m5,equal,5,0.9665601031123933,0.17887884757631017
25,2,classification,spline_equal_m6,equal,6,1.239403272846919,0.17869039987941057
25,3,regression,spline_quantile_m0,quantile,0,23.002919346863276,3.795266350117206
25,3,regression,spline_quantile_m1,quantile,1,21.522077383053556,3.6325658336860935
25,3,regression,spline_quantile_m2,quantile,2,21.659981046144527,3.6220542488721956
25,3,regression,spline_quantile_m3,quantile,3,23.144287033727377,3.7324707078400623
25,3,regression,spline_quantile_m4,quantile,4,24.456166068176636,3.7977728058899642
25,3,regression,spline_quantile_m5,quantile,5,26.392906987460947,3.9611103304947064
25,3,regression,spline_quantile_m6,quantile,6,27.144536284835603,4.0529135311767
25,3,regression,spline_equal_m1,equal,1,21.533447226675477,3.6249685301867602
25,3,regression,spline_equal_m2,equal,2,21.866649040538228,3.6334457104838185
25,3,regression,spline_equal_m3,equal,3,23.744858440845622,3.7699330935253403
25,3,regression,spline_equal_m4,equal,4,25.715908594289495,3.905347812563468
25,3,regression,spline_equal_m5,equal,5,27.420708591850968,4.0773491685110494
25,3,regression,spline_equal_m6,equal,6,27.656969840838457,4.09307537096393
25,3,classification,spline_quantile_m0,quantile,0,0.48059332326643583,0.1492178851800796
25,3,classification,spline_quantile_m1,quantile,1,0.5195880395020133,0.15601257532880564
25,3,classification,spline_quantile_m2,quantile,2,0.49499141524867873,0.15095936418800615
25,3,classification,spline_quantile_m3,quantile,3,0.5648032196374495,0.1581764895735584
25,3,classification,spline_quantile_m4,quantile,4,0.5314986408280657,0.15795696273323906
25,3,classification,spline_quantile_m5,quantile,5,0.6135303025090701,0.15816115984435358
25,3,classification,spline_quantile_m6,quantile,6,0.5453276618763527,0.1586724151243844
25,3,classification,spline_equal_m1,equal,1,0.5205091317862317,0.15619203423971784
25,3,classification,spline_equal_m2,equal,2,0.4928182418017114,0.1505366720462225
25,3,classification,spline_equal_m3,equal,3,0.5597306242168314,0.15814137619939803
25,3,classification,spline_equal_m4,equal,4,0.5277532566316319,0.15716113888118277
25,3,classification,spline_equal_m5,equal,5,0.5854433942774758,0.1570139701758163
25,3,classification,spline_equal_m6,equal,6,0.5457834883196427,0.1650138280901116
25,4,regression,spline_quantile_m0,quantile,0,17.91441756767631,3.567863322677495
25,4,regression,spline_quantile_m1,quantile,1,17.3858654457121,3.5602614506706654
25,4,regression,spline_quantile_m2,quantile,2,17.03572693047076,3.5145160392540946
25,4,regression,spline_quantile_m3,quantile,3,16.951504226650442,3.499938651614538
25,4,regression,spline_quantile_m4,quantile,4,17.10164774278054,3.520406498940261
25,4,regression,spline_quantile_m5,quantile,5,17.029631421518594,3.5145504857113874
25,4,regression,spline_quantile_m6,quantile,6,17.396585101896708,3.5259843749149757
25,4,regression,spline_equal_m1,equal,1,17.337098999454238,3.5556659292911843
25,4,regression,spline_equal_m2,equal,2,17.04361549653602,3.516006696695198
25,4,regression,spline_equal_m3,equal,3,16.94030914963291,3.497592790152372
25,4,regression,spline_equal_m4,equal,4,17.111177641354953,3.5226242731866386
25,4,regression,spline_equal_m5,equal,5,17.0179666988935,3.5094932949196345
25,4,regression,spline_equal_m6,equal,6,17.29575361082448,3.528719512334983
25,4,classification,spline_quantile_m0,quantile,0,0.4214298318550367,0.132438750807139
25,4,classification,spline_quantile_m1,quantile,1,0.4225457380199233,0.1328367930834952
25,4,classification,spline_quantile_m2,quantile,2,0.4133110007388964,0.12955568474307025
25,4,classification,spline_quantile_m3,quantile,3,0.41139318322894497,0.12932409272066367
25,4,classification,spline_quantile_m4,quantile,4,0.41290951758540273,0.12887260968191097
25,4,classification,spline_quantile_m5,quantile,5,0.4141341216534463,0.12854817156534654
25,4,classification,spline_quantile_m6,quantile,6,0.43384165340598757,0.1359273438419523
25,4,classification,spline_equal_m1,equal,1,0.42248953833911346,0.13281223445311274
25,4,classification,spline_equal_m2,equal,2,0.4128191462900738,0.12937302114888627
25,4,classification,spline_equal_m3,equal,3,0.4112819897968428,0.12923794009356843
25,4,classification,spline_equal_m4,equal,4,0.4116176350781941,0.12882686971704904
25,4,classification,spline_equal_m5,equal,5,0.4171286124952701,0.12896301781770358
25,4,classification,spline_equal_m6,equal,6,0.430563383673991,0.13644757916085076
26,0,regression,spline_quantile_m0,quantile,0,21.636572190251357,3.7205806570231403
26,0,regression,spline_quantile_m1,quantile,1,18.973356883667204,3.3441055639167017
26,0,regression,spline_quantile_m2,quantile,2,18.69263564486573,3.2918285754970134
26,0,regression,spline_quantile_m3,quantile,3,18.292931729671256,3.2394291429374635
26,0,regression,spline_quantile_m4,quantile,4,18.0575631982674,3.208930934690087
26,0,regression,spline_quantile_m5,quantile,5,18.163232109532196,3.2161856617261684
26,0,regression,spline_quantile_m6,quantile,6,18.323352857900225,3.2651205345846144
26,0,regression,spline_equal_m1,equal,1,18.970504055346098,3.3428174278731317
26,0,regression,spline_equal_m2,equal,2,18.555724536251578,3.2732484045708508
26,0,regression,spline_equal_m3,equal,3,18.26819652601256,3.2346031034104787
26,0,regression,spline_equal_m4,equal,4,18.07874799177629,3.2056300563272493
26,0,regression,spline_equal_m5,equal,5,18.298030816234203,3.2308409086629046
26,0,regression,spline_equal_m6,equal,6,18.37723363203329,3.272819440365657
26,0,classification,spline_quantile_m0,quantile,0,0.5388962214334239,0.16270007876427703
26,0,classification,spline_quantile_m1,quantile,1,0.6007040045152039,0.18078528864564025
26,0,classification,spline_quantile_m2,quantile,2,0.5810199602207821,0.175429820096354
26,0,classification,spline_quantile_m3,quantile,3,0.6156192655806815,0.1874002873152395
26,0,classification,spline_quantile_m4,quantile,4,0.610308738122987,0.18708988669130103
26,0,classification,spline_quantile_m5,quantile,5,0.6128656998793581,0.18765865532021558
26,0,classification,spline_quantile_m6,quantile,6,0.6224374789556572,0.19270481237097825
26,0,classification,spline_equal_m1,equal,1,0.5997485306596739,0.18044753171702804
26,0,classification,spline_equal_m2,equal,2,0.5776016512543755,0.1742553631151001
26,0,classification,spline_equal_m3,equal,3,0.6148196452767174,0.1871068866404668
26,0,classification,spline_equal_m4,equal,4,0.6110671796492878,0.18749096686628325
26,0,classification,spline_equal_m5,equal,5,0.6132583581732203,0.1882171948859998
26,0,classification,spline_equal_m6,equal,6,0.6202186413116016,0.19214370107555453
26,1,regression,spline_quantile_m0,quantile,0,21.164222598262935,3.5973007591813286
26,1,regression,spline_quantile_m1,quantile,1,19.535412374621487,3.4518023367639143
26,1,regression,spline_quantile_m2,quantile,2,19.801198809615695,3.4410005595012167
26,1,regression,spline_quantile_m3,quantile,3,21.05675250174784,3.541731680577316
26,1,regression,spline_quantile_m4,quantile,4,23.414993974023155,3.7141770956099176
26,1,regression,spline_quantile_m5,quantile,5,23.204123177393193,3.7370575057792053
26,1,regression,spline_quantile_m6,quantile,6,23.305702672326657,3.6699316317387702
26,1,regression,spline_equal_m1,equal,1,19.533110316462572,3.445532412565647
26,1,regression,spline_equal_m2,equal,2,19.961004376632392,3.450488443495828
26,1,regression,spline_equal_m3,equal,3,21.299958278388694,3.5579489398286537
26,1,regression,spline_equal_m4,equal,4,23.382204017262556,3.7206699375683194
26,1,regression,spline_equal_m5,equal,5,22.828553613398537,3.711764972619359
26,1,regression,spline_equal_m6,equal,6,22.956911612204184,3.6387675494718787
26,1,classification,spline_quantile_m0,quantile,0,0.5174205834547173,0.1742509462528415
26,1,classification,spline_quantile_m1,quantile,1,0.5202302107653264,0.17540866065556315
26,1,classification,spline_quantile_m2,quantile,2,0.5375491486386216,0.18317069921344345
26,1,classification,spline_quantile_m3,quantile,3,0.5412581978266936,0.18319260147506633
26,1,classification,spline_quantile_m4,quantile,4,0.530654652031129,0.1816708903891267
26,1,classification,spline_quantile_m5,quantile,5,0.5341444331757063,0.18198398628705853
26,1,classification,spline_quantile_m6,quantile,6,0.5229201727029367,0.1789424183574159
26,1,classification,spline_equal_m1,equal,1,0.5215543745531714,0.17595629818820147
26,1,classification,spline_equal_m2,equal,2,0.5401258286932091,0.18366750509153162
26,1,classification,spline_equal_m3,equal,3,0.5425953445996067,0.18337123861399257
26,1,classification,spline_equal_m4,equal,4,0.530645914100255,0.18174350933082464
26,1,classification,spline_equal_m5,equal,5,0.5379924570244458,0.18247741896478914
26,1,classification,spline_equal_m6,equal,6,0.5250958982823812,0.17957891760373026
26,2,regression,spline_quantile_m0,quantile,0,25.03218840333652,4.202521187644816
26,2,regression,spline_quantile_m1,quantile,1,24.772933086313024,4.209828481973821
26,2,regression,spline_quantile_m2,quantile,2,24.34334529590701,4.134455336143361
26,2,regression,spline_quantile_m3,quantile,3,24.350199424989693,4.1363355604677885
26,2,regression,spline_quantile_m4,quantile,4,24.31447272664991,4.136519077927927
26,2,regression,spline_quantile_m5,quantile,5,24.174616855382236,4.121834433608596
26,2,regression,spline_quantile_m6,quantile,6,24.17744817300913,4.124346278537518
26,2,regression,spline_equal_m1,equal,1,24.711367963732435,4.2061565757682935
26,2,regression,spline_equal_m2,equal,2,24.402525785220536,4.140886498946046
26,2,regression,spline_equal_m3,equal,3,24.39859433643713,4.139535156290892
26,2,regression,spline_equal_m4,equal,4,24.251632019893073,4.1325384784525925
26,2,regression,spline_equal_m5,equal,5,24.244310471464487,4.125506773618133
26,2,regression,spline_equal_m6,equal,6,23.852821080835184,4.066436774198657
26,2,classification,spline_quantile_m0,quantile,0,0.4571453976217997,0.1441584345823454
26,2,classification,spline_quantile_m1,quantile,1,0.4595661489975617,0.14474954544224825
26,2,classification,spline_quantile_m2,quantile,2,0.44971456187629094,0.14115631976390028
26,2,classification,spline_quantile_m3,quantile,3,0.45642345923352523,0.14375493313069895
26,2,classification,spline_quantile_m4,quantile,4,0.4587293473680616,0.14493596871125045
26,2,classification,spline_quantile_m5,quantile,5,0.4700665516498412,0.15109574885949995
26,2,classification,spline_quantile_m6,quantile,6,0.4647359193761954,0.1487451776449104
26,2,classification,spline_equal_m1,equal,1,0.4597259392409861,0.14478518861250647
26,2,classification,spline_equal_m2,equal,2,0.4501004023376965,0.14112824315463382
26,2,classification,spline_equal_m3,equal,3,0.4583212269488836,0.1443119538493969
26,2,classification,spline_equal_m4,equal,4,0.4685287990857343,0.1486686787725189
26,2,classification,spline_equal_m5,equal,5,0.4735550732349694,0.14949401209039928
26,2,classification,spline_equal_m6,equal,6,0.45940861184622717,0.1475749044106287
26,3,regression,spline_quantile_m0,quantile,0,16.754962161063673,3.159401461215852
26,3,regression,spline_quantile_m1,quantile,1,13.998905347186192,2.8836431357742276
26,3,regression,spline_quantile_m2,quantile,2,14.252861367026485,2.9689472042271383
26,3,regression,spline_quantile_m3,quantile,3,15.333452042383513,3.1725930892018277
26,3,regression,spline_quantile_m4,quantile,4,15.44278013179345,3.1064842188234945
26,3,regression,spline_quantile_m5,quantile,5,15.625714249487046,3.1741651940876956
26,3,regression,spline_quantile_m6,quantile,6,15.918642292490926,3.199569498632075
26,3,regression,spline_equal_m1,equal,1,13.978252474955411,2.890143019050639
26,3,regression,spline_equal_m2,equal,2,14.454316792643533,3.0128463700266583
26,3,regression,spline_equal_m3,equal,3,15.436154745160342,3.1793616893902947
26,3,regression,spline_equal_m4,equal,4,15.209054598402334,3.088987888720759
26,3,regression,spline_equal_m5,equal,5,15.716634372051818,3.207546606048463
26,3,regression,spline_equal_m6,equal,6,15.866339884097815,3.1717431645266148
26,3,classification,spline_quantile_m0,quantile,0,0.3749208293546758,0.11776837026263215
26,3,classification,spline_quantile_m1,quantile,1,0.3742092956388485,0.1175557726279783
26,3,classification,spline_quantile_m2,quantile,2,0.3715271484831485,0.11572883727371815
26,3,classification,spline_quantile_m3,quantile,3,0.3621251759214262,0.11233076122696925
26,3,classification,spline_quantile_m4,quantile,4,0.3751990166679188,0.11702313824362422
26,3,classification,spline_quantile_m5,quantile,5,0.37304863687709267,0.11625088191331184
26,3,classification,spline_quantile_m6,quantile,6,0.40136854333306965,0.12757414836811484
26,3,classification,spline_equal_m1,equal,1,0.37479043570513254,0.11773126342869818
26,3,classification,spline_equal_m2,equal,2,0.3694362668695513,0.11501402024617406
26,3,classification,spline_equal_m3,equal,3,0.36414269933656435,0.11318463734037618
26,3,classification,spline_equal_m4,equal,4,0.37616808718137557,0.11742474497696512
26,3,classification,spline_equal_m5,equal,5,0.3647284940612607,0.11294770830696038
26,3,classification,spline_equal_m6,equal,6,0.41097795504345314,0.13085000904281088
26,4,regression,spline_quantile_m0,quantile,0,24.770173064034907,3.6222788443624596
26,4,regression,spline_quantile_m1,quantile,1,22.12906878758016,3.573296845053686
26,4,regression,spline_quantile_m2,quantile,2,21.750404182530605,3.5532744343797
26,4,regression,spline_quantile_m3,quantile,3,21.314576011642245,3.540380999661731
26,4,regression,spline_quantile_m4,quantile,4,21.120189475921403,3.5777880602683787
26,4,regression,spline_quantile_m5,quantile,5,21.200087280534884,3.5813006084230103
26,4,regression,spline_quantile_m6,quantile,6,21.037089168469446,3.578831943150129
26,4,regression,spline_equal_m1,equal,1,21.880272469486446,3.5425857724846437
26,4,regression,spline_equal_m2,equal,2,21.598654058811036,3.546966544968422
26,4,regression,spline_equal_m3,equal,3,21.251210017652816,3.543504250173801
26,4,regression,spline_equal_m4,equal,4,21.16202086312046,3.588466481320331
26,4,regression,spline_equal_m5,equal,5,21.293031495885185,3.597204362368505
26,4,regression,spline_equal_m6,equal,6,21.38205027148357,3.623724132985408
26,4,classification,spline_quantile_m0,quantile,0,0.37402877666819767,0.1171338894629094
26,4,classification,spline_quantile_m1,quantile,1,0.4015237211267305,0.12383145369816226
26,4,classification,spline_quantile_m2,quantile,2,0.39638929320601873,0.1237217528847442
26,4,classification,spline_quantile_m3,quantile,3,0.4373768009281554,0.12838429409645694
26,4,classification,spline_quantile_m4,quantile,4,0.4514414344676605,0.12497035805644736
26,4,classification,spline_quantile_m5,quantile,5,0.49066163431475446,0.12487029813998816
26,4,classification,spline_quantile_m6,quantile,6,0.5595189220515138,0.12311545692368969
26,4,classification,spline_equal_m1,equal,1,0.40316911451758847,0.12429708804723892
26,4,classification,spline_equal_m2,equal,2,0.39750101007746025,0.12400047935220879
26,4,classification,spline_equal_m3,equal,3,0.4386941387844639,0.12895847940782013
26,4,classification,spline_equal_m4,equal,4,0.46366087607088086,0.12502747963197586
26,4,classification,spline_equal_m5,equal,5,0.5929500331125808,0.1224109195848365
26,4,classification,spline_equal_m6,equal,6,0.9052052767437189,0.11962357057109052
27,0,regression,spline_quantile_m0,quantile,0,20.734316689003336,3.7717079694124913
27,0,regression,spline_quantile_m1,quantile,1,18.07073173239909,3.4946467571574344
27,0,regression,spline_quantile_m2,quantile,2,19.004856136506604,3.6045149904965683
27,0,regression,spline_quantile_m3,quantile,3,19.520766828480042,3.662156978526015
27,0,regression,spline_quantile_m4,quantile,4,19.98209410033204,3.7208751948830576
27,0,regression,spline_quantile_m5,quantile,5,19.425962796794646,3.65349305279422
27,0,regression,spline_quantile_m6,quantile,6,20.722044787892806,3.7402075079974164
27,0,regression,spline_equal_m1,equal,1,18.12192033925156,3.499755547585051
27,0,regression,spline_equal_m2,equal,2,19.11780691387521,3.615532676825991
27,0,regression,spline_equal_m3,equal,3,19.52483774391163,3.6606664660775676
27,0,regression,spline_equal_m4,equal,4,19.86324147562658,3.7056316487715835
27,0,regression,spline_equal_m5,equal,5,19.32480047768935,3.6345860847112563
27,0,regression,spline_equal_m6,equal,6,21.09018953241197,3.7657117475588264
27,0,classification,spline_quantile_m0,quantile,0,0.4316544274721105,0.14163235115476427
27,0,classification,spline_quantile_m1,quantile,1,0.4323952383956247,0.1417032276319606
27,0,classification,spline_quantile_m2,quantile,2,0.43687134291567253,0.14606472025940356
27,0,classification,spline_quantile_m3,quantile,3,0.43601257367315605,0.14491934108765744
27,0,classification,spline_quantile_m4,quantile,4,0.4261217472474238,0.14270192035068482
27,0,classification,spline_quantile_m5,quantile,5,0.42777079910522553,0.1426525046929746
27,0,classification,spline_quantile_m6,quantile,6,0.4272094817299496,0.1433563024881556
27,0,classification,spline_equal_m1,equal,1,0.43224624800844275,0.14166137334558562
27,0,classification,spline_equal_m2,equal,2,0.43714462910676005,0.14604241595840864
27,0,classification,spline_equal_m3,equal,3,0.43662322258032193,0.14512763630057024
27,0,classification,spline_equal_m4,equal,4,0.42633910292059113,0.14268014885918476
27,0,classification,spline_equal_m5,equal,5,0.42781663223417626,0.1427378765066993
27,0,classification,spline_equal_m6,equal,6,0.42968887903269537,0.14383206677420912
27,1,regression,spline_quantile_m0,quantile,0,16.31868462467277,3.1806638531188955
27,1,regression,spline_quantile_m1,quantile,1,16.38326460426604,3.2655713327978475
27,1,regression,spline_quantile_m2,quantile,2,16.29425527363308,3.223818540452164
27,1,regression,spline_quantile_m3,quantile,3,15.930253807522886,3.1858086523015943
27,1,regression,spline_quantile_m4,quantile,4,15.759888031815708,3.170389301511624
27,1,regression,spline_quantile_m5,quantile,5,15.72945556087281,3.173648313159749
27,1,regression,spline_quantile_m6,quantile,6,15.625220344348355,3.1161410330546584
27,1,regression,spline_equal_m1,equal,1,16.392667774596283,3.2662583612758542
27,1,regression,spline_equal_m2,equal,2,16.23314992620696,3.217750764934691
27,1,regression,spline_equal_m3,equal,3,15.972130827504223,3.1884578137796935
27,1,regression,spline_equal_m4,equal,4,15.762096072623159,3.171904832311917
27,1,regression,spline_equal_m5,equal,5,15.80585348699021,3.175887320131726
27,1,regression,spline_equal_m6,equal,6,15.534339829127939,3.0970490779355804
27,1,classification,spline_quantile_m0,quantile,0,0.4136091282798934,0.1270806008477956
27,1,classification,spline_quantile_m1,quantile,1,0.41342606222686257,0.1266515964883318
27,1,classification,spline_quantile_m2,quantile,2,0.4209011330422188,0.13107539730799558
27,1,classification,spline_quantile_m3,quantile,3,0.41947973237565445,0.12998246104132793
27,1,classification,spline_quantile_m4,quantile,4,0.43648831056455917,0.13648003936370437
27,1,classification,spline_quantile_m5,quantile,5,0.4335892921929359,0.13345544130304196
27,1,classification,spline_quantile_m6,quantile,6,0.43414696651192697,0.13586279039708818
27,1,classification,spline_equal_m1,equal,1,0.4134335547675985,0.12667652536851132
27,1,classification,spline_equal_m2,equal,2,0.4193658605454974,0.13046476474657515
27,1,classification,spline_equal_m3,equal,3,0.42115368335563125,0.13075718829305535
27,1,classification,spline_equal_m4,equal,4,0.43351300050322794,0.13511569819113112
27,1,classification,spline_equal_m5,equal,5,0.4287118053633325,0.13328569858658598
27,1,classification,spline_equal_m6,equal,6,0.432882492491246,0.13568318286044245
27,2,regression,spline_quantile_m0,quantile,0,22.802568581540886,3.4053783537056637
27,2,regression,spline_quantile_m1,quantile,1,19.725736374224383,3.3364057750009537
27,2,regression,spline_quantile_m2,quantile,2,19.483505838511714,3.3399466536235956
27,2,regression,spline_quantile_m3,quantile,3,19.542507736544195,3.412803549672875
27,2,regression,spline_quantile_m4,quantile,4,19.190872901372256,3.4293273185022044
27,2,regression,spline_quantile_m5,quantile,5,19.356435774196097,3.4381035211426276
27,2,regression,spline_quantile_m6,quantile,6,19.24901139416881,3.4168985921037542
27,2,regression,spline_equal_m1,equal,1,19.583752680569784,3.318298426145775
27,2,regression,spline_equal_m2,equal,2,19.37401965037549,3.347502565662464
27,2,regression,spline_equal_m3,equal,3,19.44792061356778,3.418007090325424
27,2,regression,spline_equal_m4,equal,4,19.27107045000928,3.4124438258864167
27,2,regression,spline_equal_m5,equal,5,19.425939457435042,3.4289325930711247
27,2,regression,spline_equal_m6,equal,6,19.086396673159257,3.393542615049813
27,2,classification,spline_quantile_m0,quantile,0,0.5255949064613451,0.1689020394741047
27,2,classification,spline_quantile_m1,quantile,1,0.5253308224816752,0.1689055446643067
27,2,classification,spline_quantile_m2,quantile,2,0.5097480915959077,0.16697873732509952
27,2,classification,spline_quantile_m3,quantile,3,0.5219863660806877,0.1681717010715823
27,2,classification,spline_quantile_m4,quantile,4,0.5210828653371133,0.16389328599470512
27,2,classification,spline_quantile_m5,quantile,5,0.5320827270463372,0.16446298208790147
27,2,classification,spline_quantile_m6,quantile,6,0.5464237296203089,0.16242486666263126
27,2,classification,spline_equal_m1,equal,1,0.5262238293023037,0.16887994143429147
27,2,classification,spline_equal_m2,equal,2,0.5115659673350319,0.16739679057515067
27,2,classification,spline_equal_m3,equal,3,0.5236448555967015,0.16943158161695418
27,2,classification,spline_equal_m4,equal,4,0.532133748806454,0.16398861377543375
27,2,classification,spline_equal_m5,equal,5,0.5877985340249673,0.16413860750331466
27,2,classification,spline_equal_m6,equal,6,0.7124498703313484,0.1629324732173387
27,3,regression,spline_quantile_m0,quantile,0,24.899298305837487,3.862618931775833
27,3,regression,spline_quantile_m1,quantile,1,21.93155427450693,3.5280893016773933
27,3,regression,spline_quantile_m2,quantile,2,21.66574504640839,3.465855489553971
27,3,regression,spline_quantile_m3,quantile,3,21.637801726120777,3.419967170057561
27,3,regression,spline_quantile_m4,quantile,4,22.432512160194328,3.4721317015444937
27,3,regression,spline_quantile_m5,quantile,5,22.730825951903743,3.5111767529866245
27,3,regression,spline_quantile_m6,quantile,6,22.382554060245546,3.462409001465443
27,3,regression,spline_equal_m1,equal,1,21.777909428062262,3.5099819335619067
27,3,regression,spline_equal_m2,equal,2,21.58750553665324,3.449824088591047
27,3,regression,spline_equal_m3,equal,3,21.777964522260508,3.4254618860996104
27,3,regression,spline_equal_m4,equal,4,22.666896665449247,3.4993589081743695
27,3,regression,spline_equal_m5,equal,5,22.734707181313233,3.5371907093784904
27,3,regression,spline_equal_m6,equal,6,22.21338418193285,3.4551709297234185
27,3,classification,spline_quantile_m0,quantile,0,0.46911183065258943,0.15174183678071942
27,3,classification,spline_quantile_m1,quantile,1,0.4686737648377004,0.15118648953779712
27,3,classification,spline_quantile_m2,quantile,2,0.4560563803345739,0.1469749882886595
27,3,classification,spline_quantile_m3,quantile,3,0.45486988661406946,0.14663594777958622
27,3,classification,spline_quantile_m4,quantile,4,0.4490034347703508,0.14614947335627654
27,3,classification,spline_quantile_m5,quantile,5,0.4542376232346425,0.1467230848818369
27,3,classification,spline_quantile_m6,quantile,6,0.4415771263309445,0.1459350778003417
27,3,classification,spline_equal_m1,equal,1,0.46894335592716985,0.15143930614371556
27,3,classification,spline_equal_m2,equal,2,0.45722185809577176,0.14732761888021007
27,3,classification,spline_equal_m3,equal,3,0.45650940680803986,0.14707211330544503
27,3,classification,spline_equal_m4,equal,4,0.45049583832464607,0.1461815750009346
27,3,classification,spline_equal_m5,equal,5,0.45287075253511305,0.1458725003957726
27,3,classification,spline_equal_m6,equal,6,0.4453908098701575,0.14650575694317547
27,4,regression,spline_quantile_m0,quantile,0,22.924723223500873,3.747051925404908
27,4,regression,spline_quantile_m1,quantile,1,22.401594904582417,3.707198587667932
27,4,regression,spline_quantile_m2,quantile,2,21.987434256373508,3.7125179075077774
27,4,regression,spline_quantile_m3,quantile,3,21.719972819623017,3.7036300495121104
27,4,regression,spline_quantile_m4,quantile,4,21.617001846700763,3.6802984105667336
27,4,regression,spline_quantile_m5,quantile,5,21.680673839346326,3.7221150288937666
27,4,regression,spline_quantile_m6,quantile,6,21.567105198879432,3.6871403127204134
27,4,regression,spline_equal_m1,equal,1,22.397257190281845,3.7066393244734366
27,4,regression,spline_equal_m2,equal,2,22.065508827552925,3.7225226130695237
27,4,regression,spline_equal_m3,equal,3,21.75872039282084,3.7067822126618974
27,4,regression,spline_equal_m4,equal,4,21.65727736624248,3.690226185952753
27,4,regression,spline_equal_m5,equal,5,21.761055627937466,3.732966211098801
27,4,regression,spline_equal_m6,equal,6,21.495591911782995,3.6786813410876764
27,4,classification,spline_quantile_m0,quantile,0,0.4102155607799819,0.12352924922158749
27,4,classification,spline_quantile_m1,quantile,1,0.40998430032846583,0.12352048816381717
27,4,classification,spline_quantile_m2,quantile,2,0.4101794212608661,0.12187734989902096
27,4,classification,spline_quantile_m3,quantile,3,0.4130775311481392,0.12183151665508739
27,4,classification,spline_quantile_m4,quantile,4,0.4059013457403779,0.12227545891076026
27,4,classification,spline_quantile_m5,quantile,5,0.43165950009774945,0.12389117873452195
27,4,classification,spline_quantile_m6,quantile,6,0.4600276294141421,0.13025510256732484
27,4,classification,spline_equal_m1,equal,1,0.41000478771654864,0.12352206567027478
27,4,classification,spline_equal_m2,equal,2,0.4107501533557641,0.12197406605665409
27,4,classification,spline_equal_m3,equal,3,0.4118449728569523,0.1217528536044266
27,4,classification,spline_equal_m4,equal,4,0.4085050347868379,0.12216162525445162
27,4,classification,spline_equal_m5,equal,5,0.43443662872776606,0.12343987878332595
27,4,classification,spline_equal_m6,equal,6,0.4950164620348151,0.1305689523938241
28,0,regression,spline_quantile_m0,quantile,0,22.708807767977657,3.6208995491991334
28,0,regression,spline_quantile_m1,quantile,1,23.191665475951883,3.726293972782934
28,0,regression,spline_quantile_m2,quantile,2,22.821956568734766,3.7036536362301637
28,0,regression,spline_quantile_m3,quantile,3,22.428093655453587,3.703693630092413
28,0,regression,spline_quantile_m4,quantile,4,22.219769886753138,3.6720441491425846
28,0,regression,spline_quantile_m5,quantile,5,22.31194770582738,3.683951523921523
28,0,regression,spline_quantile_m6,quantile,6,21.95701152840721,3.645410993740518
28,0,regression,spline_equal_m1,equal,1,22.993441988965383,3.70780212663581
28,0,regression,spline_equal_m2,equal,2,22.63747592803897,3.6980404879212814
28,0,regression,spline_equal_m3,equal,3,22.35032701644738,3.7044680432698742
28,0,regression,spline_equal_m4,equal,4,22.268687208971595,3.686085103909286
28,0,regression,spline_equal_m5,equal,5,22.325553645318724,3.6962273375796553
28,0,regression,spline_equal_m6,equal,6,22.020652103892044,3.6763279607202968
28,0,classification,spline_quantile_m0,quantile,0,0.39018958489090577,0.12258205765619894
28,0,classification,spline_quantile_m1,quantile,1,0.3912680964702655,0.12296863099705707
28,0,classification,spline_quantile_m2,quantile,2,0.38495711976227553,0.12112812870570078
28,0,classification,spline_quantile_m3,quantile,3,0.3893374590669915,0.12395397963065297
28,0,classification,spline_quantile_m4,quantile,4,0.383625216520577,0.12190775118159189
28,0,classification,spline_quantile_m5,quantile,5,0.3852009130173018,0.12252388377304674
28,0,classification,spline_quantile_m6,quantile,6,0.429964307541205,0.13997503886075707
28,0,classification,spline_equal_m1,equal,1,0.3911498165439798,0.12291861762236608
28,0,classification,spline_equal_m2,equal,2,0.38523735451373936,0.12125327311877557
28,0,classification,spline_equal_m3,equal,3,0.39181840855420885,0.12474985947882139
28,0,classification,spline_equal_m4,equal,4,0.38671014451020436,0.12330451391023227
28,0,classification,spline_equal_m5,equal,5,0.3978408834383787,0.12789077191808
28,0,classification,spline_equal_m6,equal,6,0.46466859724695075,0.15488437870786836
28,1,regression,spline_quantile_m0,quantile,0,22.482460716122073,3.8770068739218466
28,1,regression,spline_quantile_m1,quantile,1,22.250360493642496,3.769259346202523
28,1,regression,spline_quantile_m2,quantile,2,22.419599030086705,3.7065083396716134
28,1,regression,spline_quantile_m3,quantile,3,22.704181183376008,3.724518472125303
28,1,regression,spline_quantile_m4,quantile,4,23.23312233230058,3.7919367421305537
28,1,regression,spline_quantile_m5,quantile,5,22.92061057126638,3.752071831295997
28,1,regression,spline_quantile_m6,quantile,6,23.58112628154161,3.831100093603991
28,1,regression,spline_equal_m1,equal,1,22.27690311370941,3.76275030035947
28,1,regression,spline_equal_m2,equal,2,22.452307240347647,3.7039521185208377
28,1,regression,spline_equal_m3,equal,3,22.673814880482986,3.7196549992010306
28,1,regression,spline_equal_m4,equal,4,23.11184989313822,3.7777646050096827
28,1,regression,spline_equal_m5,equal,5,22.6933643344984,3.7272387490783405
28,1,regression,spline_equal_m6,equal,6,23.624543043916987,3.8337125580631324
28,1,classification,spline_quantile_m0,quantile,0,0.4047056325265639,0.12649602453886155
28,1,classification,spline_quantile_m1,quantile,1,0.40595260805948447,0.1268419876412595
28,1,classification,spline_quantile_m2,quantile,2,0.41399947179632235,0.12952572835712506
28,1,classification,spline_quantile_m3,quantile,3,0.4137897634477064,0.12918809170182446
28,1,classification,spline_quantile_m4,quantile,4,0.4053284345586709,0.12678870566679332
28,1,classification,spline_quantile_m5,quantile,5,0.40836909414454825,0.12715106997528522
28,1,classification,spline_quantile_m6,quantile,6,0.39738354829849803,0.12535128462806439
28,1,classification,spline_equal_m1,equal,1,0.40573783189634083,0.1267780825207362
28,1,classification,spline_equal_m2,equal,2,0.41521634010306163,0.12979363231401378
28,1,classification,spline_equal_m3,equal,3,0.41418539263285864,0.12929139906719284
28,1,classification,spline_equal_m4,equal,4,0.4066338827845646,0.12695524120734109
28,1,classification,spline_equal_m5,equal,5,0.41281697031299425,0.1282382122331394
28,1,classification,spline_equal_m6,equal,6,0.4022770887822882,0.12635737193119728
28,2,regression,spline_quantile_m0,quantile,0,18.507819287335057,3.45258823808903
28,2,regression,spline_quantile_m1,quantile,1,16.237196287983412,3.28808322211663
28,2,regression,spline_quantile_m2,quantile,2,16.9290438767871,3.3492907321607794
28,2,regression,spline_quantile_m3,quantile,3,16.889925373455604,3.3195699363088527
28,2,regression,spline_quantile_m4,quantile,4,16.66461008703806,3.309281464585171
28,2,regression,spline_quantile_m5,quantile,5,17.019489841503155,3.3337510136164337
28,2,regression,spline_quantile_m6,quantile,6,16.803525943610758,3.3024141136095135
28,2,regression,spline_equal_m1,equal,1,16.290654240155888,3.295328629413201
28,2,regression,spline_equal_m2,equal,2,16.91989553454799,3.345837036092312
28,2,regression,spline_equal_m3,equal,3,16.886295318953074,3.3189032667161538
28,2,regression,spline_equal_m4,equal,4,16.746748683005674,3.3100295765145376
28,2,regression,spline_equal_m5,equal,5,17.015289772576693,3.3244934700893816
28,2,regression,spline_equal_m6,equal,6,16.92264083415135,3.321389727698518
28,2,classification,spline_quantile_m0,quantile,0,0.4491304155540366,0.1348393450896161
28,2,classification,spline_quantile_m1,quantile,1,0.45063979573585355,0.1351484939172817
28,2,classification,spline_quantile_m2,quantile,2,0.43899252868729727,0.13399461524317635
28,2,classification,spline_quantile_m3,quantile,3,0.4735014862070585,0.13812871682419284
28,2,classification,spline_quantile_m4,quantile,4,0.48884129749598415,0.14026077853079885
28,2,classification,spline_quantile_m5,quantile,5,0.5701566671208504,0.1437596131152649
28,2,classification,spline_quantile_m6,quantile,6,0.681062447298308,0.1431008797504727
28,2,classification,spline_equal_m1,equal,1,0.4508578408918801,0.1352008366647528
28,2,classification,spline_equal_m2,equal,2,0.43974048954659695,0.13410207743775746
28,2,classification,spline_equal_m3,equal,3,0.47435247375372314,0.13805864218266375
28,2,classification,spline_equal_m4,equal,4,0.5207719918785366,0.14156596584741055
28,2,classification,spline_equal_m5,equal,5,0.6898633277285487,0.14383934130098072
28,2,classification,spline_equal_m6,equal,6,0.945962292695762,0.14307388554611028
28,3,regression,spline_quantile_m0,quantile,0,24.15253984532822,3.769008418879139
28,3,regression,spline_quantile_m1,quantile,1,19.911695112236384,3.4327243968192334
28,3,regression,spline_quantile_m2,quantile,2,19.247323913854363,3.412284450588049
28,3,regression,spline_quantile_m3,quantile,3,18.980528895143653,3.400976399778181
28,3,regression,spline_quantile_m4,quantile,4,18.889094225593944,3.3782576633989163
28,3,regression,spline_quantile_m5,quantile,5,18.864233637043426,3.4106340243909106
28,3,regression,spline_quantile_m6,quantile,6,19.04063325414802,3.37367718923902
28,3,regression,spline_equal_m1,equal,1,19.826189421286884,3.4320887883497817
28,3,regression,spline_equal_m2,equal,2,19.254628127041357,3.4135238005084103
28,3,regression,spline_equal_m3,equal,3,18.99111932143576,3.403497771255083
28,3,regression,spline_equal_m4,equal,4,18.876478633423766,3.3800037157412657
28,3,regression,spline_equal_m5,equal,5,18.855114070825103,3.4030026793155304
28,3,regression,spline_equal_m6,equal,6,19.09346633486631,3.3666654204774873
28,3,classification,spline_quantile_m0,quantile,0,0.4205316984973585,0.1303502099628725
28,3,classification,spline_quantile_m1,quantile,1,0.4238954927339879,0.13036427684758953
28,3,classification,spline_quantile_m2,quantile,2,0.4133732144534946,0.12979503197158354
28,3,classification,spline_quantile_m3,quantile,3,0.41786985158715984,0.1316433513251113
28,3,classification,spline_quantile_m4,quantile,4,0.4094037448516766,0.1309305797236231
28,3,classification,spline_quantile_m5,quantile,5,0.4243478113232932,0.1346748558601506
28,3,classification,spline_quantile_m6,quantile,6,0.41116172219853797,0.13166696111624465
28,3,classification,spline_equal_m1,equal,1,0.42372172344578096,0.13037805272317196
28,3,classification,spline_equal_m2,equal,2,0.41440482498180864,0.12975392861395352
28,3,classification,spline_equal_m3,equal,3,0.41792316133781493,0.1315351320798195
28,3,classification,spline_equal_m4,equal,4,0.41123374920058103,0.13139894426174253
28,3,classification,spline_equal_m5,equal,5,0.4243733482803729,0.1343079574161366
28,3,classification,spline_equal_m6,equal,6,0.41035798712685007,0.13121624694281564
28,4,regression,spline_quantile_m0,quantile,0,21.025630642058978,3.4446910440430156
28,4,regression,spline_quantile_m1,quantile,1,18.40106255994256,3.2612797194018475
28,4,regression,spline_quantile_m2,quantile,2,18.140535635836095,3.236929283698129
28,4,regression,spline_quantile_m3,quantile,3,18.29084893551662,3.2641414650583913
28,4,regression,spline_quantile_m4,quantile,4,18.479858418602397,3.2821859583667585
28,4,regression,spline_quantile_m5,quantile,5,18.6747522771988,3.2964696271094063
28,4,regression,spline_quantile_m6,quantile,6,18.62894277958218,3.276407177732074
28,4,regression,spline_equal_m1,equal,1,18.390832568198906,3.259743979944287
28,4,regression,spline_equal_m2,equal,2,18.130925678741868,3.2381525366710067
28,4,regression,spline_equal_m3,equal,3,18.357180421042987,3.2638711528221553
28,4,regression,spline_equal_m4,equal,4,18.605428696036846,3.290606315758603
28,4,regression,spline_equal_m5,equal,5,18.822630230976575,3.30198780953654
28,4,regression,spline_equal_m6,equal,6,18.686462161900792,3.286518715728371
28,4,classification,spline_quantile_m0,quantile,0,0.5000142298406527,0.1661024497343088
28,4,classification,spline_quantile_m1,quantile,1,0.5046033556803673,0.16766399902140644
28,4,classification,spline_quantile_m2,quantile,2,0.5694897694102959,0.1782992698148865
28,4,classification,spline_quantile_m3,quantile,3,0.5730612234688244,0.17649622817563784
28,4,classification,spline_quantile_m4,quantile,4,0.56220671012986,0.1744319839796971
28,4,classification,spline_quantile_m5,quantile,5,0.5729306846609729,0.17286157790840737
28,4,classification,spline_quantile_m6,quantile,6,0.6004581706492472,0.17435972377052675
28,4,classification,spline_equal_m1,equal,1,0.5050067844423548,0.1677919757273458
28,4,classification,spline_equal_m2,equal,2,0.5686272352479156,0.17829047840119494
28,4,classification,spline_equal_m3,equal,3,0.5741926131190939,0.17634282852796052
28,4,classification,spline_equal_m4,equal,4,0.5644858007482854,0.17438897878512655
28,4,classification,spline_equal_m5,equal,5,0.5780356409287815,0.17336057795830226
28,4,classification,spline_equal_m6,equal,6,0.6501151259215131,0.1729156559487138
29,0,regression,spline_quantile_m0,quantile,0,15.746128708475094,3.1150225420384596
29,0,regression,spline_quantile_m1,quantile,1,13.336220428297844,2.801780696266623
29,0,regression,spline_quantile_m2,quantile,2,13.250182188699,2.7718151403726323
29,0,regression,spline_quantile_m3,quantile,3,13.540058093000106,2.8264032316661654
29,0,regression,spline_quantile_m4,quantile,4,13.757587984616645,2.9043963976376816
29,0,regression,spline_quantile_m5,quantile,5,13.925610233475187,2.890628772853818
29,0,regression,spline_quantile_m6,quantile,6,13.524222089549328,2.8582634580120843
29,0,regression,spline_equal_m1,equal,1,13.324830806533814,2.783970288071172
29,0,regression,spline_equal_m2,equal,2,13.263872401095657,2.779381572830799
29,0,regression,spline_equal_m3,equal,3,13.661530509661777,2.8497231147514532
29,0,regression,spline_equal_m4,equal,4,13.890309156875928,2.897958064809651
29,0,regression,spline_equal_m5,equal,5,13.91553306653721,2.877237451468474
29,0,regression,spline_equal_m6,equal,6,13.61671127093979,2.8586671836040467
29,0,classification,spline_quantile_m0,quantile,0,0.47677118396267687,0.16147365188984023
29,0,classification,spline_quantile_m1,quantile,1,0.5050412592937111,0.17135582793808285
29,0,classification,spline_quantile_m2,quantile,2,0.6236811921894453,0.20712844969534092
29,0,classification,spline_quantile_m3,quantile,3,0.6613363283915958,0.21551210096475393
29,0,classification,spline_quantile_m4,quantile,4,0.6587265594371092,0.21280115836422417
29,0,classification,spline_quantile_m5,quantile,5,0.6720126212643747,0.2130133907808499
29,0,classification,spline_quantile_m6,quantile,6,0.6991672283613352,0.21330518568984835
29,0,classification,spline_equal_m1,equal,1,0.5129387975407669,0.17401486144372533
29,0,classification,spline_equal_m2,equal,2,0.6321821561139721,0.20920427338217376
29,0,classification,spline_equal_m3,equal,3,0.6692443651799661,0.21570897895196497
29,0,classification,spline_equal_m4,equal,4,0.6671509321065023,0.21342355328461207
29,0,classification,spline_equal_m5,equal,5,0.6990312377145612,0.21261765253737575
29,0,classification,spline_equal_m6,equal,6,0.7848548049018932,0.21278313549838482
29,1,regression,spline_quantile_m0,quantile,0,24.75117375240164,4.021104357238809
29,1,regression,spline_quantile_m1,quantile,1,25.544209392729286,4.151943243041719
29,1,regression,spline_quantile_m2,quantile,2,25.39705953133559,4.150830793267997
29,1,regression,spline_quantile_m3,quantile,3,25.087812875531178,4.138201657739786
29,1,regression,spline_quantile_m4,quantile,4,25.26710271662149,4.152262403909263
29,1,regression,spline_quantile_m5,quantile,5,25.19002510602893,4.149767548140682
29,1,regression,spline_quantile_m6,quantile,6,25.288903452958976,4.149399277274778
29,1,regression,spline_equal_m1,equal,1,25.464655233138537,4.142148810531612
29,1,regression,spline_equal_m2,equal,2,25.312794080586063,4.147913879303963
29,1,regression,spline_equal_m3,equal,3,25.02188264530883,4.1270888167724555
29,1,regression,spline_equal_m4,equal,4,25.267425312650044,4.1551529272619
29,1,regression,spline_equal_m5,equal,5,25.082186724786187,4.151209273308988
29,1,regression,spline_equal_m6,equal,6,25.302479639352836,4.110493483855054
29,1,classification,spline_quantile_m0,quantile,0,0.3893081866181881,0.1168051703227556
29,1,classification,spline_quantile_m1,quantile,1,0.4139196097004494,0.12290052249900653
29,1,classification,spline_quantile_m2,quantile,2,0.40138269398396886,0.11920042970925637
29,1,classification,spline_quantile_m3,quantile,3,0.4375120714268209,0.1277374677749743
29,1,classification,spline_quantile_m4,quantile,4,0.4185066334028696,0.12477859678956595
29,1,classification,spline_quantile_m5,quantile,5,0.4347338373823883,0.12594076471395887
29,1,classification,spline_quantile_m6,quantile,6,0.4274673382693849,0.12755055436166485
29,1,classification,spline_equal_m1,equal,1,0.4135632779954806,0.12280821362200882
29,1,classification,spline_equal_m2,equal,2,0.39940192739398717,0.11858077938835423
29,1,classification,spline_equal_m3,equal,3,0.43626633933917125,0.12744540609825145
29,1,classification,spline_equal_m4,equal,4,0.4150763581315108,0.12339881935238763
29,1,classification,spline_equal_m5,equal,5,0.4390602471154415,0.12647542037586904
29,1,classification,spline_equal_m6,equal,6,0.42632427076980334,0.12871001612325184
29,2,regression,spline_quantile_m0,quantile,0,19.526217641537137,3.4911380744837652
29,2,regression,spline_quantile_m1,quantile,1,16.852801140567262,3.2915205095234383
29,2,regression,spline_quantile_m2,quantile,2,17.501289905172627,3.3814891843090935
29,2,regression,spline_quantile_m3,quantile,3,17.432241588176,3.3816262600000004
29,2,regression,spline_quantile_m4,quantile,4,17.44335378255326,3.3470097346993257
29,2,regression,spline_quantile_m5,quantile,5,17.794221837470044,3.396987787733634
29,2,regression,spline_quantile_m6,quantile,6,17.54234174758492,3.358983124133084
29,2,regression,spline_equal_m1,equal,1,16.89827394915171,3.2995324584621404
29,2,regression,spline_equal_m2,equal,2,17.474754959004304,3.3842869440117265
29,2,regression,spline_equal_m3,equal,3,17.44623925668139,3.3816611665493013
29,2,regression,spline_equal_m4,equal,4,17.519780177718154,3.3588145119883235
29,2,regression,spline_equal_m5,equal,5,17.92904397629645,3.4121403227687086
29,2,regression,spline_equal_m6,equal,6,17.593370851119293,3.3650554310728067
29,2,classification,spline_quantile_m0,quantile,0,0.5168084583844458,0.15914176290981324
29,2,classification,spline_quantile_m1,quantile,1,0.5188897164562428,0.1591928413545203
29,2,classification,spline_quantile_m2,quantile,2,0.5144297566683586,0.162090259105437
29,2,classification,spline_quantile_m3,quantile,3,0.510913111812443,0.16105423849895828
29,2,classification,spline_quantile_m4,quantile,4,0.5578058924111593,0.16629454308020505
29,2,classification,spline_quantile_m5,quantile,5,0.7476197140289262,0.1836894764196565
29,2,classification,spline_quantile_m6,quantile,6,0.9721167492098605,0.1848829204180533
29,2,classification,spline_equal_m1,equal,1,0.5198279062506006,0.15922636944266114
29,2,classification,spline_equal_m2,equal,2,0.5142014674088385,0.16192742800589494
29,2,classification,spline_equal_m3,equal,3,0.5119388385150575,0.16104788417016982
29,2,classification,spline_equal_m4,equal,4,0.5847526345630353,0.16825136565533602
29,2,classification,spline_equal_m5,equal,5,1.1401927972764139,0.18843977478382215
29,2,classification,spline_equal_m6,equal,6,1.1115845554725394,0.18717314730911158
29,3,regression,spline_quantile_m0,quantile,0,20.583187964475737,3.487375891396574
29,3,regression,spline_quantile_m1,quantile,1,17.569467174087546,3.3355924096626444
29,3,regression,spline_quantile_m2,quantile,2,17.404257744662115,3.3490647898971724
29,3,regression,spline_quantile_m3,quantile,3,17.7913657833704,3.414949811204733
29,3,regression,spline_quantile_m4,quantile,4,17.641803612892566,3.404699907801196
29,3,regression,spline_quantile_m5,quantile,5,17.825341125064018,3.4254281162349387
29,3,regression,spline_quantile_m6,quantile,6,17.623383463970967,3.40267588220553
29,3,regression,spline_equal_m1,equal,1,17.55597705460722,3.336550011175925
29,3,regression,spline_equal_m2,equal,2,17.399550768181133,3.353662972623647
29,3,regression,spline_equal_m3,equal,3,17.765640496569613,3.414512623731785
29,3,regression,spline_equal_m4,equal,4,17.708533733495596,3.413448275879397
29,3,regression,spline_equal_m5,equal,5,17.99556547644589,3.4469910240022967
29,3,regression,spline_equal_m6,equal,6,18.21854550855989,3.4622964785273895
29,3,classification,spline_quantile_m0,quantile,0,0.4742691140301918,0.14821356642032543
29,3,classification,spline_quantile_m1,quantile,1,0.4842282798820721,0.14934501137297784
29,3,classification,spline_quantile_m2,quantile,2,0.4715654268315938,0.146859941029371
29,3,classification,spline_quantile_m3,quantile,3,0.47263611975195646,0.14552828077268853
29,3,classification,spline_quantile_m4,quantile,4,0.46113862079933526,0.14332550733456154
29,3,classification,spline_quantile_m5,quantile,5,0.4727734851605696,0.14616193191747912
29,3,classification,spline_quantile_m6,quantile,6,0.46671685439531463,0.14987182002290983
29,3,classification,spline_equal_m1,equal,1,0.48449770535588743,0.14941121016486414
29,3,classification,spline_equal_m2,equal,2,0.47329356478295426,0.14731391682116257
29,3,classification,spline_equal_m3,equal,3,0.4734337784628368,0.14581922658046764
29,3,classification,spline_equal_m4,equal,4,0.46211057636194797,0.14342227854517073
29,3,classification,spline_equal_m5,equal,5,0.4747771318469344,0.14643237273238185
29,3,classification,spline_equal_m6,equal,6,0.4622629583573518,0.14745137402791986
29,4,regression,spline_quantile_m0,quantile,0,30.000108025482337,4.201146606911297
29,4,regression,spline_quantile_m1,quantile,1,27.506162107086592,3.98725611155445
29,4,regression,spline_quantile_m2,quantile,2,26.972116589623393,3.948504368302596
29,4,regression,spline_quantile_m3,quantile,3,26.696747921338886,3.9208453265754257
29,4,regression,spline_quantile_m4,quantile,4,26.485772143638314,3.8895343866255505
29,4,regression,spline_quantile_m5,quantile,5,26.404590867538726,3.8902668877712836
29,4,regression,spline_quantile_m6,quantile,6,29.182874399649876,4.139759753758649
29,4,regression,spline_equal_m1,equal,1,27.43320858185288,3.9860648909497782
29,4,regression,spline_equal_m2,equal,2,26.827575994272205,3.9346093363457437
29,4,regression,spline_equal_m3,equal,3,26.63860715399648,3.914177634389832
29,4,regression,spline_equal_m4,equal,4,26.431374056225113,3.8895877963687155
29,4,regression,spline_equal_m5,equal,5,26.581064824496547,3.904135133170464
29,4,regression,spline_equal_m6,equal,6,29.365004721026022,4.178240161204288
29,4,classification,spline_quantile_m0,quantile,0,0.3439907935116722,0.10877557025469037
29,4,classification,spline_quantile_m1,quantile,1,0.3433443308819328,0.10864213993909483
29,4,classification,spline_quantile_m2,quantile,2,0.332989497197886,0.10423397137707675
29,4,classification,spline_quantile_m3,quantile,3,0.32997529812137605,0.10356573993144177
29,4,classification,spline_quantile_m4,quantile,4,0.3488583095670938,0.11295066334151006
29,4,classification,spline_quantile_m5,quantile,5,0.345934230003634,0.11119400339339715
29,4,classification,spline_quantile_m6,quantile,6,0.34969366290150034,0.11508986311858525
29,4,classification,spline_equal_m1,equal,1,0.3436680619124437,0.10872227007591816
29,4,classification,spline_equal_m2,equal,2,0.3328526266993251,0.10414026033321785
29,4,classification,spline_equal_m3,equal,3,0.3314115076987967,0.10392849032632281
29,4,classification,spline_equal_m4,equal,4,0.3483133776985779,0.11259486816146358
29,4,classification,spline_equal_m5,equal,5,0.34708793647309477,0.11212107491123648
29,4,classification,spline_equal_m6,equal,6,0.3526369007962895,0.11651262355768155
