repeat,outer_fold,task,pipeline,model,primary_score,secondary_score
0,0,regression,nested_minimum,spline_equal_m1,16.846316324733678,3.264859189530827
0,0,regression,nested_one_se,spline_quantile_m0,19.59098548817277,3.5340692897003607
0,0,regression,current_solution,spline_quantile_m2,16.73605065669006,3.2315058734122495
0,0,regression,null,null,105.45586906371346,7.700121862729094
0,0,regression,linear,linear,80.83188558378515,6.96409137155201
0,0,regression,cubic_polynomial,cubic_polynomial,19.590985488172773,3.5340692897003576
0,0,classification,nested_minimum,spline_quantile_m0,0.35785614793812004,0.11051527179398633
0,0,classification,nested_one_se,spline_quantile_m0,0.35785614793812004,0.11051527179398633
0,0,classification,current_solution,spline_quantile_m0,0.35785614793812004,0.11051527179398633
0,0,classification,null,null,0.5879719404883346,0.19879999999999998
0,0,classification,linear,linear,0.5643943738030365,0.18772454262387886
0,0,classification,cubic_polynomial,cubic_polynomial,0.3578561485110982,0.11051527206225749
0,1,regression,nested_minimum,spline_quantile_m1,18.257047365792104,3.225975470423683
0,1,regression,nested_one_se,spline_quantile_m0,20.111777448316474,3.2738317117226945
0,1,regression,current_solution,spline_quantile_m2,18.34051296104809,3.263790796733079
0,1,regression,null,null,100.07962781075166,8.155184602408179
0,1,regression,linear,linear,79.70977833007856,7.457419297802213
0,1,regression,cubic_polynomial,cubic_polynomial,20.11177744831648,3.2738317117226967
0,1,classification,nested_minimum,spline_quantile_m2,0.6183215775801502,0.18381701305987974
0,1,classification,nested_one_se,spline_quantile_m0,0.6033036837498433,0.1807069017279323
0,1,classification,current_solution,spline_quantile_m0,0.6033036837498433,0.1807069017279323
0,1,classification,null,null,0.7125400453013581,0.25799999999999995
0,1,classification,linear,linear,0.7758014793245204,0.2812016100240055
0,1,classification,cubic_polynomial,cubic_polynomial,0.6033036853052021,0.18070690211355864
0,2,regression,nested_minimum,spline_quantile_m3,24.325777675421254,3.856990865595267
0,2,regression,nested_one_se,spline_quantile_m1,22.431317329042496,3.6824363206937862
0,2,regression,current_solution,spline_quantile_m2,23.102439115253333,3.7861320531021305
0,2,regression,null,null,69.18756751559089,6.455928847158643
0,2,regression,linear,linear,58.11698682652306,5.9024838204403185
0,2,regression,cubic_polynomial,cubic_polynomial,22.34747023300561,3.645575418298921
0,2,classification,nested_minimum,spline_quantile_m0,0.42288640794106214,0.1344619772051319
0,2,classification,nested_one_se,spline_quantile_m0,0.42288640794106214,0.1344619772051319
0,2,classification,current_solution,spline_quantile_m0,0.42288640794106214,0.1344619772051319
0,2,classification,null,null,0.6129330839744711,0.21090000000000003
0,2,classification,linear,linear,0.6015934647543407,0.20616901462466813
0,2,classification,cubic_polynomial,cubic_polynomial,0.42288640923673854,0.13446197759419057
0,3,regression,nested_minimum,spline_quantile_m3,22.911421986608076,3.6581112847309942
0,3,regression,nested_one_se,spline_quantile_m0,28.62650698960671,4.044583581061065
0,3,regression,current_solution,spline_quantile_m2,23.374195138605884,3.682480507406646
0,3,regression,null,null,123.3956446517934,7.471542783837354
0,3,regression,linear,linear,99.54948024900428,7.312487854388565
0,3,regression,cubic_polynomial,cubic_polynomial,28.626506989606856,4.0445835810610795
0,3,classification,nested_minimum,spline_quantile_m0,0.35629502145406666,0.10681606766415122
0,3,classification,nested_one_se,spline_quantile_m0,0.35629502145406666,0.10681606766415122
0,3,classification,current_solution,spline_quantile_m0,0.35629502145406666,0.10681606766415122
0,3,classification,null,null,0.6580010725170851,0.23242500000000008
0,3,classification,linear,linear,0.6470666922508563,0.22757665692039752
0,3,classification,cubic_polynomial,cubic_polynomial,0.356295020845292,0.10681606743987684
0,4,regression,nested_minimum,spline_equal_m2,20.573473606308436,3.7653286749761348
0,4,regression,nested_one_se,spline_quantile_m1,21.202444294361086,3.8260941569103397
0,4,regression,current_solution,spline_quantile_m2,20.595099567403686,3.766139174726572
0,4,regression,null,null,71.86079260799448,6.737679674351646
0,4,regression,linear,linear,66.73424074491531,6.303589651313082
0,4,regression,cubic_polynomial,cubic_polynomial,18.890079768053646,3.6836654733282432
0,4,classification,nested_minimum,spline_equal_m2,0.5957962894180305,0.19853218884701238
0,4,classification,nested_one_se,spline_quantile_m0,0.5636002072622912,0.18762061984320325
0,4,classification,current_solution,spline_quantile_m0,0.5636002072622912,0.18762061984320325
0,4,classification,null,null,0.5999520607989035,0.20462500000000006
0,4,classification,linear,linear,0.583882047394006,0.19846483551454025
0,4,classification,cubic_polynomial,cubic_polynomial,0.5636002082635878,0.18762062014460462
1,0,regression,nested_minimum,spline_equal_m2,31.129665073792175,4.738082080556692
1,0,regression,nested_one_se,spline_quantile_m0,33.566433935169314,4.799256527811782
1,0,regression,current_solution,spline_quantile_m2,31.19036680455849,4.718073096107715
1,0,regression,null,null,135.53233316048815,8.832446735644446
1,0,regression,linear,linear,99.81461538210242,7.51835068950528
1,0,regression,cubic_polynomial,cubic_polynomial,33.566433935169364,4.799256527811789
1,0,classification,nested_minimum,spline_quantile_m0,0.3799390177153463,0.11560015035371929
1,0,classification,nested_one_se,spline_quantile_m0,0.3799390177153463,0.11560015035371929
1,0,classification,current_solution,spline_quantile_m0,0.3799390177153463,0.11560015035371929
1,0,classification,null,null,0.6129330839744711,0.21090000000000003
1,0,classification,linear,linear,0.6254217936187633,0.2171846391139725
1,0,classification,cubic_polynomial,cubic_polynomial,0.3799390176427251,0.11560015033445722
1,1,regression,nested_minimum,spline_equal_m1,10.570655021962171,2.683037859009461
1,1,regression,nested_one_se,spline_quantile_m1,10.478850026995804,2.6806426656684152
1,1,regression,current_solution,spline_quantile_m2,10.846594423059901,2.689839221315789
1,1,regression,null,null,102.99125286455768,7.728186215304907
1,1,regression,linear,linear,80.90994811510929,6.988842405030607
1,1,regression,cubic_polynomial,cubic_polynomial,9.745687922003958,2.646377241811875
1,1,classification,nested_minimum,spline_quantile_m2,0.6518301882403676,0.1968219641613757
1,1,classification,nested_one_se,spline_quantile_m0,0.5794175886782115,0.18182983411795514
1,1,classification,current_solution,spline_quantile_m0,0.5794175886782115,0.18182983411795514
1,1,classification,null,null,0.641944893619954,0.2248
1,1,classification,linear,linear,0.6661264023991029,0.234847389583216
1,1,classification,cubic_polynomial,cubic_polynomial,0.579417596940814,0.18182983485298812
1,2,regression,nested_minimum,spline_equal_m1,15.701589236860206,3.0595124832720924
1,2,regression,nested_one_se,spline_quantile_m0,18.057728811052662,3.234859627627597
1,2,regression,current_solution,spline_quantile_m2,15.540537716982012,3.0482467950288914
1,2,regression,null,null,101.06523109864968,7.542537132372005
1,2,regression,linear,linear,100.91483789147276,7.894901066395172
1,2,regression,cubic_polynomial,cubic_polynomial,18.05772881105264,3.234859627627596
1,2,classification,nested_minimum,spline_quantile_m0,0.3890520118492976,0.12132528594625988
1,2,classification,nested_one_se,spline_quantile_m0,0.3890520118492976,0.12132528594625988
1,2,classification,current_solution,spline_quantile_m0,0.3890520118492976,0.12132528594625988
1,2,classification,null,null,0.7543669705920031,0.2773
1,2,classification,linear,linear,0.769884538461863,0.2808861115396803
1,2,classification,cubic_polynomial,cubic_polynomial,0.3890520162583428,0.12132528726385622
1,3,regression,nested_minimum,spline_quantile_m1,23.078552551107983,3.7870405293259943
1,3,regression,nested_one_se,spline_quantile_m1,23.078552551107983,3.7870405293259943
1,3,regression,current_solution,spline_quantile_m2,23.94665770265463,3.870395074202229
1,3,regression,null,null,80.15010009217765,6.4291359539362745
1,3,regression,linear,linear,63.69096054005624,6.370476566188152
1,3,regression,cubic_polynomial,cubic_polynomial,25.74206248107001,4.020475664197929
1,3,classification,nested_minimum,spline_quantile_m0,0.5705782764684858,0.1900599183601014
1,3,classification,nested_one_se,spline_quantile_m0,0.5705782764684858,0.1900599183601014
1,3,classification,current_solution,spline_quantile_m0,0.5705782764684858,0.1900599183601014
1,3,classification,null,null,0.6751090154334349,0.24049999999999996
1,3,classification,linear,linear,0.683109603237493,0.2413197509121343
1,3,classification,cubic_polynomial,cubic_polynomial,0.5705782829340026,0.19005992031905372
1,4,regression,nested_minimum,spline_equal_m2,17.580884535643037,3.216768102168769
1,4,regression,nested_one_se,spline_quantile_m0,19.849960961669186,3.392678804745176
1,4,regression,current_solution,spline_quantile_m2,17.541799282397402,3.2142278216305273
1,4,regression,null,null,53.83885823831897,6.066352228548459
1,4,regression,linear,linear,53.234565085078245,5.782317963440689
1,4,regression,cubic_polynomial,cubic_polynomial,19.849960961669105,3.3926788047451675
1,4,classification,nested_minimum,spline_quantile_m0,0.31627693892727554,0.09154747649282846
1,4,classification,nested_one_se,spline_quantile_m0,0.31627693892727554,0.09154747649282846
1,4,classification,current_solution,spline_quantile_m0,0.31627693892727554,0.09154747649282846
1,4,classification,null,null,0.5365458135211819,0.17330000000000007
1,4,classification,linear,linear,0.5157360653799913,0.16504931479192378
1,4,classification,cubic_polynomial,cubic_polynomial,0.31627693652063377,0.0915474759770336
2,0,regression,nested_minimum,spline_equal_m1,23.424162592099457,3.842566172710653
2,0,regression,nested_one_se,spline_quantile_m0,26.52157242821009,4.081871525476019
2,0,regression,current_solution,spline_quantile_m2,23.054476049953454,3.8148363566573766
2,0,regression,null,null,67.15125005945683,6.332956085920441
2,0,regression,linear,linear,74.20769559672844,6.599476651250078
2,0,regression,cubic_polynomial,cubic_polynomial,26.52157242821014,4.081871525476021
2,0,classification,nested_minimum,spline_quantile_m2,0.48702974316534237,0.1609100089150317
2,0,classification,nested_one_se,spline_quantile_m0,0.48499777681844414,0.15828242623018093
2,0,classification,current_solution,spline_quantile_m0,0.48499777681844414,0.15828242623018093
2,0,classification,null,null,0.658001072517085,0.23242500000000008
2,0,classification,linear,linear,0.6416982943917511,0.22455039879635863
2,0,classification,cubic_polynomial,cubic_polynomial,0.48499777799867017,0.15828242659240227
2,1,regression,nested_minimum,spline_quantile_m1,20.892306093918364,3.6268776955288744
2,1,regression,nested_one_se,spline_quantile_m1,20.892306093918364,3.6268776955288744
2,1,regression,current_solution,spline_quantile_m2,21.13859944193872,3.639742269649016
2,1,regression,null,null,91.43286123170721,7.605557644482584
2,1,regression,linear,linear,74.52107288588292,6.634629171415984
2,1,regression,cubic_polynomial,cubic_polynomial,22.801603552644323,3.869730832047539
2,1,classification,nested_minimum,spline_quantile_m0,0.4754788307269618,0.14190228596575005
2,1,classification,nested_one_se,spline_quantile_m0,0.4754788307269618,0.14190228596575005
2,1,classification,current_solution,spline_quantile_m0,0.4754788307269618,0.14190228596575005
2,1,classification,null,null,0.5879719404883346,0.19879999999999998
2,1,classification,linear,linear,0.6123141549402902,0.21096371083122303
2,1,classification,cubic_polynomial,cubic_polynomial,0.4754788292500731,0.14190228575302427
2,2,regression,nested_minimum,spline_equal_m6,22.202393549235385,3.544728605409887
2,2,regression,nested_one_se,spline_quantile_m0,23.167643682422007,3.525825139415845
2,2,regression,current_solution,spline_quantile_m2,19.994298899879904,3.3989703924784505
2,2,regression,null,null,107.15433981015791,7.178092957891551
2,2,regression,linear,linear,84.60747485132612,6.750054849044439
2,2,regression,cubic_polynomial,cubic_polynomial,23.167643682422078,3.5258251394158515
2,2,classification,nested_minimum,spline_quantile_m0,0.3882180913061431,0.12177520456571721
2,2,classification,nested_one_se,spline_quantile_m0,0.3882180913061431,0.12177520456571721
2,2,classification,current_solution,spline_quantile_m0,0.3882180913061431,0.12177520456571721
2,2,classification,null,null,0.6419448936199541,0.22479999999999997
2,2,classification,linear,linear,0.6511512242109166,0.2277138341173002
2,2,classification,cubic_polynomial,cubic_polynomial,0.3882180938861735,0.12177520489729134
2,3,regression,nested_minimum,spline_equal_m4,16.93699031586894,3.308315575619302
2,3,regression,nested_one_se,spline_quantile_m1,14.664901961597952,3.1308427810762542
2,3,regression,current_solution,spline_quantile_m2,15.183471610192028,3.1384631445648283
2,3,regression,null,null,105.56885533068048,8.001215666179492
2,3,regression,linear,linear,76.41741185567969,7.045728655099271
2,3,regression,cubic_polynomial,cubic_polynomial,14.72523674432488,3.0007742172342695
2,3,classification,nested_minimum,spline_quantile_m0,0.4425974011013975,0.13964198263269065
2,3,classification,nested_one_se,spline_quantile_m0,0.4425974011013975,0.13964198263269065
2,3,classification,current_solution,spline_quantile_m0,0.4425974011013975,0.13964198263269065
2,3,classification,null,null,0.658001072517085,0.23242500000000002
2,3,classification,linear,linear,0.6809592948674856,0.23975985182624435
2,3,classification,cubic_polynomial,cubic_polynomial,0.4425974043920422,0.1396419839415935
2,4,regression,nested_minimum,spline_quantile_m4,23.593564647255185,3.772810234406356
2,4,regression,nested_one_se,spline_quantile_m1,20.079305040665,3.4328409851816644
2,4,regression,current_solution,spline_quantile_m2,21.80893202598154,3.563109511693877
2,4,regression,null,null,100.79199534752169,7.515999637586279
2,4,regression,linear,linear,90.01641186432138,7.690603066519477
2,4,regression,cubic_polynomial,cubic_polynomial,21.194330415743366,3.6080957860455602
2,4,classification,nested_minimum,spline_quantile_m0,0.4350263840870895,0.13893034939306434
2,4,classification,nested_one_se,spline_quantile_m0,0.4350263840870895,0.13893034939306434
2,4,classification,current_solution,spline_quantile_m0,0.4350263840870895,0.13893034939306434
2,4,classification,null,null,0.6129330839744711,0.2109
2,4,classification,linear,linear,0.5826446990937701,0.19776259942526597
2,4,classification,cubic_polynomial,cubic_polynomial,0.43502638315830316,0.13893034905469662
3,0,regression,nested_minimum,spline_quantile_m3,18.79971376347079,3.4727267649202465
3,0,regression,nested_one_se,spline_quantile_m0,22.776398381073605,3.7372624926095224
3,0,regression,current_solution,spline_quantile_m2,18.183926341595896,3.416551294204196
3,0,regression,null,null,64.65438706272693,6.657651741621451
3,0,regression,linear,linear,88.70434487329695,7.621803732771268
3,0,regression,cubic_polynomial,cubic_polynomial,22.77639838107362,3.7372624926095144
3,0,classification,nested_minimum,spline_quantile_m0,0.44694394581229263,0.132483344514319
3,0,classification,nested_one_se,spline_quantile_m0,0.44694394581229263,0.132483344514319
3,0,classification,current_solution,spline_quantile_m0,0.44694394581229263,0.132483344514319
3,0,classification,null,null,0.6419448936199541,0.22479999999999997
3,0,classification,linear,linear,0.6521351171244746,0.22805447670900683
3,0,classification,cubic_polynomial,cubic_polynomial,0.4469439419415499,0.1324833438822798
3,1,regression,nested_minimum,spline_quantile_m2,23.21900258584139,3.6527691361660675
3,1,regression,nested_one_se,spline_quantile_m1,22.240333842729378,3.5420646641595708
3,1,regression,current_solution,spline_quantile_m2,23.21900258584139,3.6527691361660675
3,1,regression,null,null,89.68677467912818,7.164796309046964
3,1,regression,linear,linear,69.00252475860448,6.309717147156199
3,1,regression,cubic_polynomial,cubic_polynomial,22.05564800368397,3.5446747422927904
3,1,classification,nested_minimum,spline_equal_m2,0.42156221182282744,0.13719665551194193
3,1,classification,nested_one_se,spline_quantile_m0,0.38557362341763385,0.12164955374813369
3,1,classification,current_solution,spline_quantile_m0,0.38557362341763385,0.12164955374813369
3,1,classification,null,null,0.5999520607989035,0.20462500000000006
3,1,classification,linear,linear,0.6012026557063571,0.20577323354466273
3,1,classification,cubic_polynomial,cubic_polynomial,0.3855736296902873,0.12164955558905435
3,2,regression,nested_minimum,spline_equal_m1,25.758365942181435,3.712030249318586
3,2,regression,nested_one_se,spline_quantile_m0,30.816464556470816,4.097742516612081
3,2,regression,current_solution,spline_quantile_m2,25.174875003129664,3.6742533301368354
3,2,regression,null,null,144.6738251287227,8.589994135357593
3,2,regression,linear,linear,107.85025509096154,7.8774512364908835
3,2,regression,cubic_polynomial,cubic_polynomial,30.8164645564708,4.09774251661208
3,2,classification,nested_minimum,spline_quantile_m0,0.4925147789207544,0.15315628924992952
3,2,classification,nested_one_se,spline_quantile_m0,0.4925147789207544,0.15315628924992952
3,2,classification,current_solution,spline_quantile_m0,0.4925147789207544,0.15315628924992952
3,2,classification,null,null,0.658001072517085,0.23242500000000002
3,2,classification,linear,linear,0.658271705651815,0.23060808221948814
3,2,classification,cubic_polynomial,cubic_polynomial,0.4925147789081781,0.15315628926189645
3,3,regression,nested_minimum,spline_equal_m1,17.98524823651839,3.4525163191078105
3,3,regression,nested_one_se,spline_quantile_m1,18.02593299820175,3.46334122920567
3,3,regression,current_solution,spline_quantile_m2,17.673112820390124,3.4124676228902526
3,3,regression,null,null,94.15815748369836,7.222085035064701
3,3,regression,linear,linear,64.39674170932395,5.99024020153121
3,3,regression,cubic_polynomial,cubic_polynomial,19.99039461677344,3.6016854586451332
3,3,classification,nested_minimum,spline_quantile_m0,0.4160348439288256,0.1352277319730686
3,3,classification,nested_one_se,spline_quantile_m0,0.4160348439288256,0.1352277319730686
3,3,classification,current_solution,spline_quantile_m0,0.4160348439288256,0.1352277319730686
3,3,classification,null,null,0.6419448936199541,0.22479999999999997
3,3,classification,linear,linear,0.6204310784758789,0.21536464412724515
3,3,classification,cubic_polynomial,cubic_polynomial,0.41603484087686204,0.13522773059224963
3,4,regression,nested_minimum,spline_equal_m1,14.828789422622142,3.2411597703747583
3,4,regression,nested_one_se,spline_quantile_m0,14.744591319194681,3.211121029982908
3,4,regression,current_solution,spline_quantile_m2,15.002094251840287,3.256372739755928
3,4,regression,null,null,77.78705181991896,6.970992898417894
3,4,regression,linear,linear,73.43546718223728,6.969555458312888
3,4,regression,cubic_polynomial,cubic_polynomial,14.744591319194681,3.2111210299829067
3,4,classification,nested_minimum,spline_quantile_m0,0.47202054304207286,0.15776381077517274
3,4,classification,nested_one_se,spline_quantile_m0,0.47202054304207286,0.15776381077517274
3,4,classification,current_solution,spline_quantile_m0,0.47202054304207286,0.15776381077517274
3,4,classification,null,null,0.6129330839744711,0.21090000000000003
3,4,classification,linear,linear,0.6498961782805955,0.2274288200393459
3,4,classification,cubic_polynomial,cubic_polynomial,0.4720205427996947,0.15776381051422886
4,0,regression,nested_minimum,spline_equal_m1,14.503409442984644,2.859179365173436
4,0,regression,nested_one_se,spline_quantile_m0,14.111529610161979,2.9860015492102536
4,0,regression,current_solution,spline_quantile_m2,14.24090491067198,2.8211371695995218
4,0,regression,null,null,95.25630466307258,7.431492325138604
4,0,regression,linear,linear,68.63649147718276,6.384924640195639
4,0,regression,cubic_polynomial,cubic_polynomial,14.111529610161938,2.9860015492102496
4,0,classification,nested_minimum,spline_quantile_m0,0.48670983787430644,0.16383231852476107
4,0,classification,nested_one_se,spline_quantile_m0,0.48670983787430644,0.16383231852476107
4,0,classification,current_solution,spline_quantile_m0,0.48670983787430644,0.16383231852476107
4,0,classification,null,null,0.658001072517085,0.23242500000000002
4,0,classification,linear,linear,0.6601314747493622,0.23360333090802235
4,0,classification,cubic_polynomial,cubic_polynomial,0.48670983934965945,0.16383231899963335
4,1,regression,nested_minimum,spline_quantile_m3,15.262002499019946,3.1383987645035902
4,1,regression,nested_one_se,spline_quantile_m0,19.986447287843905,3.618601710214618
4,1,regression,current_solution,spline_quantile_m2,15.350656393889528,3.113485692064833
4,1,regression,null,null,65.05146643898419,5.77890624979411
4,1,regression,linear,linear,91.76630534371199,7.199482297117499
4,1,regression,cubic_polynomial,cubic_polynomial,19.986447287843777,3.618601710214616
4,1,classification,nested_minimum,spline_quantile_m0,0.4149575892128765,0.13021195314055234
4,1,classification,nested_one_se,spline_quantile_m0,0.4149575892128765,0.13021195314055234
4,1,classification,current_solution,spline_quantile_m0,0.4149575892128765,0.13021195314055234
4,1,classification,null,null,0.6269265908433007,0.21762499999999999
4,1,classification,linear,linear,0.6673603837811198,0.233695645100382
4,1,classification,cubic_polynomial,cubic_polynomial,0.4149575904557672,0.13021195366650706
4,2,regression,nested_minimum,spline_equal_m2,21.2123316025784,3.747142304498894
4,2,regression,nested_one_se,spline_quantile_m0,23.62461281406579,3.7754946490772388
4,2,regression,current_solution,spline_quantile_m2,21.232653239852382,3.7440518261166007
4,2,regression,null,null,85.21131166895124,6.971654396177061
4,2,regression,linear,linear,71.33578198448552,6.792509199879109
4,2,regression,cubic_polynomial,cubic_polynomial,23.62461281406579,3.77549464907724
4,2,classification,nested_minimum,spline_quantile_m2,0.29624178577476673,0.08558307097620946
4,2,classification,nested_one_se,spline_quantile_m0,0.2850721163502753,0.08154418579586474
4,2,classification,current_solution,spline_quantile_m0,0.2850721163502753,0.08154418579586474
4,2,classification,null,null,0.5498526487110607,0.18
4,2,classification,linear,linear,0.5179891790985043,0.1660332388767259
4,2,classification,cubic_polynomial,cubic_polynomial,0.28507211701537705,0.08154418593421427
4,3,regression,nested_minimum,spline_equal_m5,28.870013644135614,4.424214336324176
4,3,regression,nested_one_se,spline_quantile_m1,24.19573350029655,4.1342371805124225
4,3,regression,current_solution,spline_quantile_m2,25.911868799735842,4.269183345086438
4,3,regression,null,null,120.77199642853724,8.662411226529828
4,3,regression,linear,linear,92.01626254522111,7.695118257870739
4,3,regression,cubic_polynomial,cubic_polynomial,24.0557909963024,4.117822983111113
4,3,classification,nested_minimum,spline_quantile_m0,0.5390259982107828,0.169824484641025
4,3,classification,nested_one_se,spline_quantile_m0,0.5390259982107828,0.169824484641025
4,3,classification,current_solution,spline_quantile_m0,0.5390259982107828,0.169824484641025
4,3,classification,null,null,0.7125400453013581,0.258
4,3,classification,linear,linear,0.7365134018810838,0.2653558974732925
4,3,classification,cubic_polynomial,cubic_polynomial,0.5390259968144026,0.16982448387370458
4,4,regression,nested_minimum,spline_quantile_m2,23.488924046844595,3.6443511235498067
4,4,regression,nested_one_se,spline_quantile_m0,26.461277237129785,3.626697718987559
4,4,regression,current_solution,spline_quantile_m2,23.488924046844595,3.6443511235498067
4,4,regression,null,null,106.09067527577292,7.8369428554982665
4,4,regression,linear,linear,79.0995898176932,6.823591843762147
4,4,regression,cubic_polynomial,cubic_polynomial,26.46127723712981,3.626697718987556
4,4,classification,nested_minimum,spline_quantile_m0,0.5014071356343297,0.15593019201602862
4,4,classification,nested_one_se,spline_quantile_m0,0.5014071356343297,0.15593019201602862
4,4,classification,current_solution,spline_quantile_m0,0.5014071356343297,0.15593019201602862
4,4,classification,null,null,0.6419448936199541,0.2248
4,4,classification,linear,linear,0.6390342199704239,0.22282681946405944
4,4,classification,cubic_polynomial,cubic_polynomial,0.501407137511584,0.15593019266903807
5,0,regression,nested_minimum,spline_quantile_m3,19.548670739085768,3.538423761141266
5,0,regression,nested_one_se,spline_quantile_m0,21.29677226422127,3.8295517386282154
5,0,regression,current_solution,spline_quantile_m2,19.07059117356355,3.4593456374856344
5,0,regression,null,null,73.48969213961185,7.173925812792749
5,0,regression,linear,linear,77.46611688763177,6.8366177713983465
5,0,regression,cubic_polynomial,cubic_polynomial,21.29677226422125,3.8295517386282136
5,0,classification,nested_minimum,spline_quantile_m0,0.3615311294093732,0.1042108529548226
5,0,classification,nested_one_se,spline_quantile_m0,0.3615311294093732,0.1042108529548226
5,0,classification,current_solution,spline_quantile_m0,0.3615311294093732,0.1042108529548226
5,0,classification,null,null,0.5669715419418234,0.1885
5,0,classification,linear,linear,0.5367678860285414,0.17527345899611557
5,0,classification,cubic_polynomial,cubic_polynomial,0.3615311292448871,0.10421085292404923
5,1,regression,nested_minimum,spline_quantile_m1,13.70820543848942,2.7692917175741787
5,1,regression,nested_one_se,spline_quantile_m0,14.876533257394078,2.9826297999328544
5,1,regression,current_solution,spline_quantile_m2,13.425329909993284,2.728831213714908
5,1,regression,null,null,86.79803443687038,7.357805234728093
5,1,regression,linear,linear,64.44310101689388,6.31119909054581
5,1,regression,cubic_polynomial,cubic_polynomial,14.87653325739402,2.9826297999328473
5,1,classification,nested_minimum,spline_quantile_m0,0.4707322788841064,0.15189109955257396
5,1,classification,nested_one_se,spline_quantile_m0,0.4707322788841064,0.15189109955257396
5,1,classification,current_solution,spline_quantile_m0,0.4707322788841064,0.15189109955257396
5,1,classification,null,null,0.6419448936199541,0.22479999999999997
5,1,classification,linear,linear,0.6432127110536454,0.2249979949312939
5,1,classification,cubic_polynomial,cubic_polynomial,0.47073227903758796,0.15189109955495683
5,2,regression,nested_minimum,spline_equal_m2,19.18390897497966,3.6798981898987044
5,2,regression,nested_one_se,spline_quantile_m1,18.79572076166153,3.654923239548107
5,2,regression,current_solution,spline_quantile_m2,19.09766295150946,3.6754373843669237
5,2,regression,null,null,66.21953125558517,6.422043705798647
5,2,regression,linear,linear,57.034821301588345,6.01719364873666
5,2,regression,cubic_polynomial,cubic_polynomial,18.843818512448216,3.660800954376707
5,2,classification,nested_minimum,spline_quantile_m0,0.5258233410035801,0.16179438903025395
5,2,classification,nested_one_se,spline_quantile_m0,0.5258233410035801,0.16179438903025395
5,2,classification,current_solution,spline_quantile_m0,0.5258233410035801,0.16179438903025395
5,2,classification,null,null,0.6580010725170848,0.232425
5,2,classification,linear,linear,0.6962279351281292,0.24596482528344177
5,2,classification,cubic_polynomial,cubic_polynomial,0.5258233410844257,0.16179438902768173
5,3,regression,nested_minimum,spline_equal_m2,18.76923062263596,3.4055056679028497
5,3,regression,nested_one_se,spline_quantile_m0,22.657060028269367,3.657626280196062
5,3,regression,current_solution,spline_quantile_m2,18.893100770915222,3.4212325632748315
5,3,regression,null,null,114.21368974729153,7.900476550392727
5,3,regression,linear,linear,91.22141189023264,7.269904576035543
5,3,regression,cubic_polynomial,cubic_polynomial,22.657060028269367,3.6576262801960633
5,3,classification,nested_minimum,spline_quantile_m0,0.4665275014187326,0.15134189205374532
5,3,classification,nested_one_se,spline_quantile_m0,0.4665275014187326,0.15134189205374532
5,3,classification,current_solution,spline_quantile_m0,0.4665275014187326,0.15134189205374532
5,3,classification,null,null,0.675109015433435,0.24049999999999996
5,3,classification,linear,linear,0.7136589021674858,0.2544371577265919
5,3,classification,cubic_polynomial,cubic_polynomial,0.4665275028098339,0.1513418926581536
5,4,regression,nested_minimum,spline_equal_m1,29.062414378917858,4.169225554746909
5,4,regression,nested_one_se,spline_quantile_m1,29.071406718144463,4.1581863503230805
5,4,regression,current_solution,spline_quantile_m2,28.81533999237919,4.2087036614701905
5,4,regression,null,null,131.45682745885108,7.715336934625441
5,4,regression,linear,linear,106.37336002130169,7.91827708949034
5,4,regression,cubic_polynomial,cubic_polynomial,32.1797287021483,4.180580874507351
5,4,classification,nested_minimum,spline_quantile_m0,0.4171700183084161,0.13450344506764045
5,4,classification,nested_one_se,spline_quantile_m0,0.4171700183084161,0.13450344506764045
5,4,classification,current_solution,spline_quantile_m0,0.4171700183084161,0.13450344506764045
5,4,classification,null,null,0.6269265908433007,0.21762499999999999
5,4,classification,linear,linear,0.6069409959696839,0.209311685690752
5,4,classification,cubic_polynomial,cubic_polynomial,0.41717001843282125,0.13450344505692793
6,0,regression,nested_minimum,spline_quantile_m3,14.563026723878092,2.964087192208991
6,0,regression,nested_one_se,spline_quantile_m1,13.096871370827678,2.87805181702645
6,0,regression,current_solution,spline_quantile_m2,13.651068802754986,2.8838074729739858
6,0,regression,null,null,126.15262532885694,8.464869895179348
6,0,regression,linear,linear,91.02601364765054,7.44348805464924
6,0,regression,cubic_polynomial,cubic_polynomial,16.375678892014854,3.1009830143827126
6,0,classification,nested_minimum,spline_quantile_m0,0.38135896294189486,0.1181215429150249
6,0,classification,nested_one_se,spline_quantile_m0,0.38135896294189486,0.1181215429150249
6,0,classification,current_solution,spline_quantile_m0,0.38135896294189486,0.1181215429150249
6,0,classification,null,null,0.7125400453013581,0.25799999999999995
6,0,classification,linear,linear,0.7091878580385518,0.2547086164052999
6,0,classification,cubic_polynomial,cubic_polynomial,0.3813589622576443,0.11812154384675747
6,1,regression,nested_minimum,spline_quantile_m1,27.280465981408177,4.379122466420572
6,1,regression,nested_one_se,spline_quantile_m1,27.280465981408177,4.379122466420572
6,1,regression,current_solution,spline_quantile_m2,26.60036415278073,4.343307068829636
6,1,regression,null,null,72.68737259335855,7.080812149666944
6,1,regression,linear,linear,70.26123433568911,6.4649507433817375
6,1,regression,cubic_polynomial,cubic_polynomial,28.41354114456542,4.545742795280184
6,1,classification,nested_minimum,spline_quantile_m0,0.37941869046603577,0.120265946486295
6,1,classification,nested_one_se,spline_quantile_m0,0.37941869046603577,0.120265946486295
6,1,classification,current_solution,spline_quantile_m0,0.37941869046603577,0.120265946486295
6,1,classification,null,null,0.6129330839744711,0.2109
6,1,classification,linear,linear,0.6215911117810243,0.21333559869080088
6,1,classification,cubic_polynomial,cubic_polynomial,0.37941869041940934,0.12026594646484551
6,2,regression,nested_minimum,spline_equal_m1,20.135085254820762,3.625255775882126
6,2,regression,nested_one_se,spline_quantile_m0,20.071412778227245,3.50478706841507
6,2,regression,current_solution,spline_quantile_m2,20.92943548978414,3.6314534037120296
6,2,regression,null,null,66.48290328985611,6.279409068779577
6,2,regression,linear,linear,52.77513892576258,5.698870055589344
6,2,regression,cubic_polynomial,cubic_polynomial,20.071412778227234,3.5047870684150695
6,2,classification,nested_minimum,spline_quantile_m0,0.4021650022176361,0.12500003390521727
6,2,classification,nested_one_se,spline_quantile_m0,0.4021650022176361,0.12500003390521727
6,2,classification,current_solution,spline_quantile_m0,0.4021650022176361,0.12500003390521727
6,2,classification,null,null,0.5769818398118192,0.193425
6,2,classification,linear,linear,0.5699880633002705,0.19085004977172473
6,2,classification,cubic_polynomial,cubic_polynomial,0.40216500245988196,0.12500003395594106
6,3,regression,nested_minimum,spline_quantile_m1,18.2582953429173,3.1450419466365735
6,3,regression,nested_one_se,spline_quantile_m0,22.806590316693896,3.5900384027813077
6,3,regression,current_solution,spline_quantile_m2,17.996733650437246,3.1246719113942047
6,3,regression,null,null,127.11190911858745,8.198408851860554
6,3,regression,linear,linear,109.16908208377704,7.962931336391026
6,3,regression,cubic_polynomial,cubic_polynomial,22.806590316693917,3.590038402781313
6,3,classification,nested_minimum,spline_quantile_m2,0.5327926805263753,0.1528990337738017
6,3,classification,nested_one_se,spline_quantile_m0,0.4175592838318975,0.12473490563079861
6,3,classification,current_solution,spline_quantile_m0,0.4175592838318975,0.12473490563079861
6,3,classification,null,null,0.5999520607989035,0.20462500000000006
6,3,classification,linear,linear,0.6293384138645417,0.21766866411286587
6,3,classification,cubic_polynomial,cubic_polynomial,0.4175592840058057,0.12473490549830231
6,4,regression,nested_minimum,spline_equal_m2,19.634478538722476,3.3902108654215546
6,4,regression,nested_one_se,spline_quantile_m1,19.947487888274814,3.396680287257713
6,4,regression,current_solution,spline_quantile_m2,19.716953025408937,3.386833352276949
6,4,regression,null,null,80.92294603959074,6.638329333599829
6,4,regression,linear,linear,71.43576640317343,6.60649911204717
6,4,regression,cubic_polynomial,cubic_polynomial,20.905154208483268,3.448386011244559
6,4,classification,nested_minimum,spline_quantile_m0,0.6452376160233451,0.2070908562238405
6,4,classification,nested_one_se,spline_quantile_m0,0.6452376160233451,0.2070908562238405
6,4,classification,current_solution,spline_quantile_m0,0.6452376160233451,0.2070908562238405
6,4,classification,null,null,0.6751090154334349,0.24049999999999996
6,4,classification,linear,linear,0.6535786402785217,0.23089671844949347
6,4,classification,cubic_polynomial,cubic_polynomial,0.6452376159909952,0.20709085622184686
7,0,regression,nested_minimum,spline_quantile_m3,21.418610788073106,3.6292313208292204
7,0,regression,nested_one_se,spline_quantile_m0,21.670556216555607,3.747696353534798
7,0,regression,current_solution,spline_quantile_m2,21.09866480234246,3.579604921349036
7,0,regression,null,null,83.08794376181051,7.2593229577771785
7,0,regression,linear,linear,67.38454654762923,6.4750688262452805
7,0,regression,cubic_polynomial,cubic_polynomial,21.670556216555745,3.747696353534806
7,0,classification,nested_minimum,spline_quantile_m0,0.5295184529296306,0.17264191036433782
7,0,classification,nested_one_se,spline_quantile_m0,0.5295184529296306,0.17264191036433782
7,0,classification,current_solution,spline_quantile_m0,0.5295184529296306,0.17264191036433782
7,0,classification,null,null,0.6419448936199541,0.2248
7,0,classification,linear,linear,0.6625232775607318,0.23460422724568564
7,0,classification,cubic_polynomial,cubic_polynomial,0.5295184545326787,0.17264191082536043
7,1,regression,nested_minimum,spline_equal_m2,16.25313861143545,3.376655866247504
7,1,regression,nested_one_se,spline_quantile_m1,15.940139565018491,3.3459581872524744
7,1,regression,current_solution,spline_quantile_m2,16.151060954345322,3.357496528594585
7,1,regression,null,null,76.93057364300503,6.6305758980317435
7,1,regression,linear,linear,74.57787704501098,6.784502393708971
7,1,regression,cubic_polynomial,cubic_polynomial,16.31903577588066,3.223404529000929
7,1,classification,nested_minimum,spline_quantile_m2,0.5291964780791504,0.17293314847968358
7,1,classification,nested_one_se,spline_quantile_m0,0.46450269888503937,0.14975107881142322
7,1,classification,current_solution,spline_quantile_m0,0.46450269888503937,0.14975107881142322
7,1,classification,null,null,0.5879719404883345,0.19880000000000003
7,1,classification,linear,linear,0.5644370861905055,0.188563854098005
7,1,classification,cubic_polynomial,cubic_polynomial,0.4645026985803733,0.14975107755462144
7,2,regression,nested_minimum,spline_equal_m1,20.800541017375227,3.597331609924779
7,2,regression,nested_one_se,spline_quantile_m0,23.925757723517794,3.8193065309241008
7,2,regression,current_solution,spline_quantile_m2,20.524903771661755,3.581319378473154
7,2,regression,null,null,86.77961206676017,7.0934372614250005
7,2,regression,linear,linear,77.86805635483161,6.623734621592743
7,2,regression,cubic_polynomial,cubic_polynomial,23.92575772351773,3.8193065309240986
7,2,classification,nested_minimum,spline_quantile_m0,0.4608080314198595,0.13872714043692155
7,2,classification,nested_one_se,spline_quantile_m0,0.4608080314198595,0.13872714043692155
7,2,classification,current_solution,spline_quantile_m0,0.4608080314198595,0.13872714043692155
7,2,classification,null,null,0.693283461000297,0.24902500000000002
7,2,classification,linear,linear,0.6825020470895139,0.24380460488567177
7,2,classification,cubic_polynomial,cubic_polynomial,0.4608080315175244,0.1387271403636798
7,3,regression,nested_minimum,spline_equal_m1,27.320848456846246,3.9141685442167438
7,3,regression,nested_one_se,spline_quantile_m1,27.401294840030594,3.9107515077578876
7,3,regression,current_solution,spline_quantile_m2,26.83859188074431,3.8620413163532925
7,3,regression,null,null,119.92505502193418,7.899116610999403
7,3,regression,linear,linear,102.74872158183703,7.581356075500038
7,3,regression,cubic_polynomial,cubic_polynomial,29.83074007169591,4.0838941924478895
7,3,classification,nested_minimum,spline_quantile_m0,0.4246460485959727,0.12994579893260655
7,3,classification,nested_one_se,spline_quantile_m0,0.4246460485959727,0.12994579893260655
7,3,classification,current_solution,spline_quantile_m0,0.4246460485959727,0.12994579893260655
7,3,classification,null,null,0.6129330839744711,0.2109
7,3,classification,linear,linear,0.6745707416298535,0.23638344327689972
7,3,classification,cubic_polynomial,cubic_polynomial,0.42464604836034175,0.12994579887845492
7,4,regression,nested_minimum,spline_quantile_m1,18.569040310242986,3.36768009203324
7,4,regression,nested_one_se,spline_quantile_m0,20.758608316289788,3.6198077829310598
7,4,regression,current_solution,spline_quantile_m2,18.282562793774296,3.325151980536811
7,4,regression,null,null,104.18855059535959,7.76903344739433
7,4,regression,linear,linear,78.27844974768131,7.189564219143572
7,4,regression,cubic_polynomial,cubic_polynomial,20.758608316289724,3.619807782931052
7,4,classification,nested_minimum,spline_quantile_m0,0.37760740384516284,0.11950339254510726
7,4,classification,nested_one_se,spline_quantile_m0,0.37760740384516284,0.11950339254510726
7,4,classification,current_solution,spline_quantile_m0,0.37760740384516284,0.11950339254510726
7,4,classification,null,null,0.6269265908433007,0.21762500000000004
7,4,classification,linear,linear,0.6033751435256629,0.20645455968668633
7,4,classification,cubic_polynomial,cubic_polynomial,0.37760740373727836,0.119503392474384
8,0,regression,nested_minimum,spline_equal_m2,18.160569902054544,3.4809727320638446
8,0,regression,nested_one_se,spline_quantile_m0,21.046336771459334,3.616923094517434
8,0,regression,current_solution,spline_quantile_m2,18.22411522884669,3.481339227790195
8,0,regression,null,null,114.83402381681624,8.444182330968633
8,0,regression,linear,linear,94.28123681194924,7.951735811871236
8,0,regression,cubic_polynomial,cubic_polynomial,21.046336771459394,3.616923094517445
8,0,classification,nested_minimum,spline_quantile_m1,0.6159676537228452,0.19383949560270658
8,0,classification,nested_one_se,spline_quantile_m0,0.5980261027112156,0.1928832834498777
8,0,classification,current_solution,spline_quantile_m0,0.5980261027112156,0.1928832834498777
8,0,classification,null,null,0.8007348713924618,0.2984
8,0,classification,linear,linear,0.805668459046394,0.29767460574182303
8,0,classification,cubic_polynomial,cubic_polynomial,0.5980261037242994,0.19288328386909445
8,1,regression,nested_minimum,spline_equal_m2,26.966334663963792,4.146309708388504
8,1,regression,nested_one_se,spline_quantile_m0,27.142531591933516,4.025832990716934
8,1,regression,current_solution,spline_quantile_m2,26.895228436918757,4.144208754288388
8,1,regression,null,null,97.3875470875392,7.080101651189727
8,1,regression,linear,linear,84.34799853785903,6.8198623824595765
8,1,regression,cubic_polynomial,cubic_polynomial,27.14253159193349,4.025832990716928
8,1,classification,nested_minimum,spline_quantile_m0,0.3593141754923736,0.115357989809067
8,1,classification,nested_one_se,spline_quantile_m0,0.3593141754923736,0.115357989809067
8,1,classification,current_solution,spline_quantile_m0,0.3593141754923736,0.115357989809067
8,1,classification,null,null,0.6129330839744711,0.21090000000000003
8,1,classification,linear,linear,0.6070486337813662,0.2086804692129993
8,1,classification,cubic_polynomial,cubic_polynomial,0.35931417895178014,0.11535799174345769
8,2,regression,nested_minimum,spline_quantile_m1,16.3239561539665,3.353211197511337
8,2,regression,nested_one_se,spline_quantile_m0,15.058113414687243,3.21282562254037
8,2,regression,current_solution,spline_quantile_m2,16.31353874746086,3.351871129454497
8,2,regression,null,null,53.872132872362236,5.970997155630248
8,2,regression,linear,linear,50.730674601430785,5.769113330581096
8,2,regression,cubic_polynomial,cubic_polynomial,15.058113414687238,3.212825622540362
8,2,classification,nested_minimum,spline_quantile_m0,0.45190202237377436,0.14127318012193416
8,2,classification,nested_one_se,spline_quantile_m0,0.45190202237377436,0.14127318012193416
8,2,classification,current_solution,spline_quantile_m0,0.45190202237377436,0.14127318012193416
8,2,classification,null,null,0.5579314676504359,0.18402500000000002
8,2,classification,linear,linear,0.6163116147271617,0.21186679278203413
8,2,classification,cubic_polynomial,cubic_polynomial,0.4519020188613406,0.1412731791869304
8,3,regression,nested_minimum,spline_equal_m2,24.953445253663148,3.7088536506182863
8,3,regression,nested_one_se,spline_quantile_m0,28.6581542170889,4.081003759498227
8,3,regression,current_solution,spline_quantile_m2,25.03619950839737,3.7116941697915604
8,3,regression,null,null,132.6079895675425,8.752896399859765
8,3,regression,linear,linear,102.50983051406799,7.806690814741379
8,3,regression,cubic_polynomial,cubic_polynomial,28.65815421708885,4.081003759498225
8,3,classification,nested_minimum,spline_quantile_m0,0.3659741473269439,0.11102749492208558
8,3,classification,nested_one_se,spline_quantile_m0,0.3659741473269439,0.11102749492208558
8,3,classification,current_solution,spline_quantile_m0,0.3659741473269439,0.11102749492208558
8,3,classification,null,null,0.6129330839744711,0.2109
8,3,classification,linear,linear,0.5975381215769131,0.20397292187106633
8,3,classification,cubic_polynomial,cubic_polynomial,0.36597414772808967,0.11102749519290965
8,4,regression,nested_minimum,spline_equal_m1,18.549000874800402,3.1962047875960407
8,4,regression,nested_one_se,spline_quantile_m0,21.271208734367374,3.5368573804529144
8,4,regression,current_solution,spline_quantile_m2,18.336747874729827,3.1975488062246575
8,4,regression,null,null,72.92739122958686,6.414988376778058
8,4,regression,linear,linear,67.0292398755743,6.225223159479937
8,4,regression,cubic_polynomial,cubic_polynomial,21.27120873436737,3.536857380452923
8,4,classification,nested_minimum,spline_quantile_m0,0.49020172156181224,0.15384853769680562
8,4,classification,nested_one_se,spline_quantile_m0,0.49020172156181224,0.15384853769680562
8,4,classification,current_solution,spline_quantile_m0,0.49020172156181224,0.15384853769680562
8,4,classification,null,null,0.6269265908433007,0.21762500000000004
8,4,classification,linear,linear,0.6086955022668057,0.21033832219169935
8,4,classification,cubic_polynomial,cubic_polynomial,0.49020172066837825,0.15384853739877463
9,0,regression,nested_minimum,spline_quantile_m1,26.731786607463683,4.033422831371828
9,0,regression,nested_one_se,spline_quantile_m0,31.33125740450941,4.271930966245211
9,0,regression,current_solution,spline_quantile_m2,26.352598610296788,4.002693019416406
9,0,regression,null,null,127.87335430137252,8.184218524826957
9,0,regression,linear,linear,106.99057988854982,7.570697161705997
9,0,regression,cubic_polynomial,cubic_polynomial,31.331257404509447,4.271930966245215
9,0,classification,nested_minimum,spline_quantile_m0,0.37328518975203956,0.12009154174200219
9,0,classification,nested_one_se,spline_quantile_m0,0.37328518975203956,0.12009154174200219
9,0,classification,current_solution,spline_quantile_m0,0.37328518975203956,0.12009154174200219
9,0,classification,null,null,0.6419448936199541,0.22479999999999997
9,0,classification,linear,linear,0.6206657241745597,0.21531433839949782
9,0,classification,cubic_polynomial,cubic_polynomial,0.3732851906194963,0.12009154193418362
9,1,regression,nested_minimum,spline_quantile_m1,19.759922153701588,3.462973715918896
9,1,regression,nested_one_se,spline_quantile_m0,17.902199519469374,3.2647751158118683
9,1,regression,current_solution,spline_quantile_m2,19.84131770365912,3.4973933238658774
9,1,regression,null,null,98.74340869401048,7.802320744685593
9,1,regression,linear,linear,77.47272562166486,7.1157380101468455
9,1,regression,cubic_polynomial,cubic_polynomial,17.902199519469438,3.264775115811871
9,1,classification,nested_minimum,spline_quantile_m0,0.43358398221235794,0.13614152816941172
9,1,classification,nested_one_se,spline_quantile_m0,0.43358398221235794,0.13614152816941172
9,1,classification,current_solution,spline_quantile_m0,0.43358398221235794,0.13614152816941172
9,1,classification,null,null,0.7125400453013581,0.258
9,1,classification,linear,linear,0.682800564827841,0.24445848443637935
9,1,classification,cubic_polynomial,cubic_polynomial,0.4335839824626308,0.13614152829510023
9,2,regression,nested_minimum,spline_equal_m4,23.17927191378319,3.3203069293509238
9,2,regression,nested_one_se,spline_quantile_m1,19.693431652748192,3.076481241110453
9,2,regression,current_solution,spline_quantile_m2,19.765045170338606,3.0756054807875195
9,2,regression,null,null,77.85073447009222,6.4883192021876095
9,2,regression,linear,linear,67.65548153509845,6.44112007192289
9,2,regression,cubic_polynomial,cubic_polynomial,22.302348322524722,3.4855331241471172
9,2,classification,nested_minimum,spline_quantile_m0,0.4762383850508342,0.1460134361379331
9,2,classification,nested_one_se,spline_quantile_m0,0.4762383850508342,0.1460134361379331
9,2,classification,current_solution,spline_quantile_m0,0.4762383850508342,0.1460134361379331
9,2,classification,null,null,0.6129330839744711,0.2109
9,2,classification,linear,linear,0.6058449483346886,0.20734516507751638
9,2,classification,cubic_polynomial,cubic_polynomial,0.4762383920777004,0.14601343756685406
9,3,regression,nested_minimum,spline_equal_m2,16.636629217551587,3.587040875740278
9,3,regression,nested_one_se,spline_quantile_m1,16.18868148439234,3.50284172249731
9,3,regression,current_solution,spline_quantile_m2,16.62162079363405,3.5796388987090593
9,3,regression,null,null,81.37447848354508,7.1042233962441115
9,3,regression,linear,linear,64.5614951229485,6.328349186511421
9,3,regression,cubic_polynomial,cubic_polynomial,18.240383940776244,3.63756254642879
9,3,classification,nested_minimum,spline_quantile_m0,0.502770629775781,0.16135573865237113
9,3,classification,nested_one_se,spline_quantile_m0,0.502770629775781,0.16135573865237113
9,3,classification,current_solution,spline_quantile_m0,0.502770629775781,0.16135573865237113
9,3,classification,null,null,0.5999520607989035,0.20462500000000006
9,3,classification,linear,linear,0.6589619657052413,0.2319684056804773
9,3,classification,cubic_polynomial,cubic_polynomial,0.5027706294215405,0.16135573869543365
9,4,regression,nested_minimum,spline_equal_m1,20.018777925859194,3.5934488475613193
9,4,regression,nested_one_se,spline_quantile_m1,20.019981087883615,3.596767023511004
9,4,regression,current_solution,spline_quantile_m2,19.139151152853795,3.4870681601310873
9,4,regression,null,null,83.8673492413344,7.008329817757484
9,4,regression,linear,linear,74.67538688668998,6.823882243627039
9,4,regression,cubic_polynomial,cubic_polynomial,20.15628684310692,3.6019636891126616
9,4,classification,nested_minimum,spline_quantile_m0,0.4367489620492042,0.13359933040477515
9,4,classification,nested_one_se,spline_quantile_m0,0.4367489620492042,0.13359933040477515
9,4,classification,current_solution,spline_quantile_m0,0.4367489620492042,0.13359933040477515
9,4,classification,null,null,0.5999520607989035,0.20462500000000006
9,4,classification,linear,linear,0.5725992238130122,0.19297508268145078
9,4,classification,cubic_polynomial,cubic_polynomial,0.43674896176951217,0.13359933033122712
10,0,regression,nested_minimum,spline_equal_m1,25.917968992566816,3.905513630672202
10,0,regression,nested_one_se,spline_quantile_m1,26.009442964097506,3.9145805040988044
10,0,regression,current_solution,spline_quantile_m2,25.42508755736005,3.882919878897295
10,0,regression,null,null,117.53011106124521,7.657140824443904
10,0,regression,linear,linear,84.63662115767686,6.590923127564136
10,0,regression,cubic_polynomial,cubic_polynomial,29.762451032927018,4.2179314021896905
10,0,classification,nested_minimum,spline_quantile_m2,0.394159992523428,0.1221445848185386
10,0,classification,nested_one_se,spline_quantile_m0,0.37662726522090706,0.11692569422715797
10,0,classification,current_solution,spline_quantile_m0,0.37662726522090706,0.11692569422715797
10,0,classification,null,null,0.5999520607989035,0.20462500000000006
10,0,classification,linear,linear,0.586813658735776,0.1993467781608106
10,0,classification,cubic_polynomial,cubic_polynomial,0.37662726342740244,0.11692569388775455
10,1,regression,nested_minimum,spline_quantile_m2,16.061659491207987,3.275177669013342
10,1,regression,nested_one_se,spline_quantile_m0,15.766855682284028,3.261792363033249
10,1,regression,current_solution,spline_quantile_m2,16.061659491207987,3.275177669013342
10,1,regression,null,null,72.494461066016,6.324005226027708
10,1,regression,linear,linear,83.20490946367578,6.911236569682461
10,1,regression,cubic_polynomial,cubic_polynomial,15.766855682284092,3.2617923630332495
10,1,classification,nested_minimum,spline_quantile_m0,0.5420319948017982,0.16769868348810107
10,1,classification,nested_one_se,spline_quantile_m0,0.5420319948017982,0.16769868348810107
10,1,classification,current_solution,spline_quantile_m0,0.5420319948017982,0.16769868348810107
10,1,classification,null,null,0.693283461000297,0.24902500000000002
10,1,classification,linear,linear,0.694733114795172,0.24747657982440788
10,1,classification,cubic_polynomial,cubic_polynomial,0.5420319963081979,0.16769868359580964
10,2,regression,nested_minimum,spline_equal_m4,22.638947775760535,3.9816498188014577
10,2,regression,nested_one_se,spline_quantile_m1,21.20071634355918,3.8214824482094825
10,2,regression,current_solution,spline_quantile_m2,20.987602504809043,3.853676114598388
10,2,regression,null,null,85.40070940613897,7.728287595663687
10,2,regression,linear,linear,69.98756893755666,7.1023193771689845
10,2,regression,cubic_polynomial,cubic_polynomial,19.785906133488787,3.562541065661965
10,2,classification,nested_minimum,spline_quantile_m0,0.3750403140585211,0.11407626356423646
10,2,classification,nested_one_se,spline_quantile_m0,0.3750403140585211,0.11407626356423646
10,2,classification,current_solution,spline_quantile_m0,0.3750403140585211,0.11407626356423646
10,2,classification,null,null,0.5579314676504359,0.18402500000000002
10,2,classification,linear,linear,0.5260356347496372,0.17035470431340688
10,2,classification,cubic_polynomial,cubic_polynomial,0.3750403144254261,0.11407626355267635
10,3,regression,nested_minimum,spline_equal_m1,13.987964643919565,2.9319874982543643
10,3,regression,nested_one_se,spline_quantile_m1,14.061047777754373,2.9410231425273117
10,3,regression,current_solution,spline_quantile_m2,13.92517219063466,2.9122765394988104
10,3,regression,null,null,74.02588039417931,6.795401046487611
10,3,regression,linear,linear,66.83429047691573,6.548147752838826
10,3,regression,cubic_polynomial,cubic_polynomial,16.97112747291965,3.2135184848447063
10,3,classification,nested_minimum,spline_quantile_m0,0.5744934945369102,0.17480966934651182
10,3,classification,nested_one_se,spline_quantile_m0,0.5744934945369102,0.17480966934651182
10,3,classification,current_solution,spline_quantile_m0,0.5744934945369102,0.17480966934651182
10,3,classification,null,null,0.6269265908433007,0.21762500000000004
10,3,classification,linear,linear,0.6427244372984185,0.22387885685788753
10,3,classification,cubic_polynomial,cubic_polynomial,0.574493495320133,0.17480966954369098
10,4,regression,nested_minimum,spline_equal_m2,25.367051458050224,3.7929987036242987
10,4,regression,nested_one_se,spline_quantile_m0,26.562680973666634,3.871626639880016
10,4,regression,current_solution,spline_quantile_m2,25.28512812637932,3.7948355855952034
10,4,regression,null,null,124.96933405303915,8.267987355090622
10,4,regression,linear,linear,101.41002329731444,7.624289103085179
10,4,regression,cubic_polynomial,cubic_polynomial,26.562680973666616,3.8716266398800165
10,4,classification,nested_minimum,spline_quantile_m0,0.41778470361533865,0.13687072564192285
10,4,classification,nested_one_se,spline_quantile_m0,0.41778470361533865,0.13687072564192285
10,4,classification,current_solution,spline_quantile_m0,0.41778470361533865,0.13687072564192285
10,4,classification,null,null,0.7125400453013581,0.258
10,4,classification,linear,linear,0.716279842439479,0.25849740770102353
10,4,classification,cubic_polynomial,cubic_polynomial,0.41778470279406876,0.13687072532044295
11,0,regression,nested_minimum,spline_equal_m3,12.199342959511299,2.7628556415518846
11,0,regression,nested_one_se,spline_quantile_m1,12.026183430755484,2.6898443133339525
11,0,regression,current_solution,spline_quantile_m2,11.888861616816547,2.667658302628954
11,0,regression,null,null,65.97008618338387,5.861459984971799
11,0,regression,linear,linear,66.55719043220762,6.499690341880396
11,0,regression,cubic_polynomial,cubic_polynomial,12.355184361366303,2.7945210149074797
11,0,classification,nested_minimum,spline_quantile_m0,0.6015981696675208,0.19078014107059652
11,0,classification,nested_one_se,spline_quantile_m0,0.6015981696675208,0.19078014107059652
11,0,classification,current_solution,spline_quantile_m0,0.6015981696675208,0.19078014107059652
11,0,classification,null,null,0.6751090154334349,0.24050000000000002
11,0,classification,linear,linear,0.6552513752707766,0.23058220095850057
11,0,classification,cubic_polynomial,cubic_polynomial,0.6015981701242544,0.19078014119028322
11,1,regression,nested_minimum,spline_quantile_m1,22.99597818234831,3.774345281202991
11,1,regression,nested_one_se,spline_quantile_m1,22.99597818234831,3.774345281202991
11,1,regression,current_solution,spline_quantile_m2,22.71786301008317,3.7507251692551704
11,1,regression,null,null,101.95376216860645,7.74581272049173
11,1,regression,linear,linear,84.89626551986775,7.087783466695302
11,1,regression,cubic_polynomial,cubic_polynomial,23.660729467853976,3.830077423542463
11,1,classification,nested_minimum,spline_quantile_m2,0.4985959203700592,0.16524837748062385
11,1,classification,nested_one_se,spline_quantile_m0,0.48606403144534194,0.15986808385473433
11,1,classification,current_solution,spline_quantile_m0,0.48606403144534194,0.15986808385473433
11,1,classification,null,null,0.6751090154334349,0.24049999999999996
11,1,classification,linear,linear,0.6593155170705393,0.23365893738130264
11,1,classification,cubic_polynomial,cubic_polynomial,0.4860640363301447,0.1598680859841829
11,2,regression,nested_minimum,spline_equal_m1,15.850001193670003,3.224583945367618
11,2,regression,nested_one_se,spline_quantile_m0,18.38196510077989,3.4991307189287744
11,2,regression,current_solution,spline_quantile_m2,16.029157123958484,3.187808445082806
11,2,regression,null,null,94.40894574144518,7.950535296618054
11,2,regression,linear,linear,70.6483406314096,6.582052648415225
11,2,regression,cubic_polynomial,cubic_polynomial,18.38196510077995,3.499130718928783
11,2,classification,nested_minimum,spline_quantile_m1,0.3932561336429003,0.12087226626387937
11,2,classification,nested_one_se,spline_quantile_m0,0.38843005673272013,0.11931467110636897
11,2,classification,current_solution,spline_quantile_m0,0.38843005673272013,0.11931467110636897
11,2,classification,null,null,0.6129330839744711,0.2109
11,2,classification,linear,linear,0.5953543737993496,0.20305648726162187
11,2,classification,cubic_polynomial,cubic_polynomial,0.3884300565042383,0.11931467090257286
11,3,regression,nested_minimum,spline_quantile_m2,20.251044597396874,3.6266228698291325
11,3,regression,nested_one_se,spline_quantile_m0,23.74673537991316,3.823256379288803
11,3,regression,current_solution,spline_quantile_m2,20.251044597396874,3.6266228698291325
11,3,regression,null,null,68.88530616576972,6.3002884681041476
11,3,regression,linear,linear,68.3646721305423,6.604986305142294
11,3,regression,cubic_polynomial,cubic_polynomial,23.746735379913165,3.8232563792887957
11,3,classification,nested_minimum,spline_quantile_m0,0.34421200463500895,0.10434234217205363
11,3,classification,nested_one_se,spline_quantile_m0,0.34421200463500895,0.10434234217205363
11,3,classification,current_solution,spline_quantile_m0,0.34421200463500895,0.10434234217205363
11,3,classification,null,null,0.5999520607989034,0.20462500000000006
11,3,classification,linear,linear,0.604124372212022,0.20839682841745413
11,3,classification,cubic_polynomial,cubic_polynomial,0.3442120052034682,0.1043423420048784
11,4,regression,nested_minimum,spline_equal_m3,29.970561045790465,4.305221154674453
11,4,regression,nested_one_se,spline_quantile_m1,29.293774346120543,4.2330415498279566
11,4,regression,current_solution,spline_quantile_m2,30.140922779914195,4.310165415128507
11,4,regression,null,null,137.56394710991796,8.660275786695117
11,4,regression,linear,linear,107.60545847402454,7.7713773240633826
11,4,regression,cubic_polynomial,cubic_polynomial,31.55669169104354,4.276625163126929
11,4,classification,nested_minimum,spline_quantile_m1,0.4619171770024332,0.1365908508617064
11,4,classification,nested_one_se,spline_quantile_m0,0.4505724635804831,0.13570768863641447
11,4,classification,current_solution,spline_quantile_m0,0.4505724635804831,0.13570768863641447
11,4,classification,null,null,0.5999520607989034,0.20462500000000006
11,4,classification,linear,linear,0.6198470451518105,0.21391202512109872
11,4,classification,cubic_polynomial,cubic_polynomial,0.45057246320595423,0.13570768852632983
12,0,regression,nested_minimum,spline_equal_m1,18.799683565146598,3.3819098555296874
12,0,regression,nested_one_se,spline_quantile_m1,18.79746536890426,3.3817344521839225
12,0,regression,current_solution,spline_quantile_m2,18.433963435176615,3.3561157454106625
12,0,regression,null,null,97.67664754049511,7.67546016401953
12,0,regression,linear,linear,73.78541716131792,6.593846168770126
12,0,regression,cubic_polynomial,cubic_polynomial,21.6975907271776,3.6836648924877586
12,0,classification,nested_minimum,spline_quantile_m0,0.38492775780861344,0.12245648037673743
12,0,classification,nested_one_se,spline_quantile_m0,0.38492775780861344,0.12245648037673743
12,0,classification,current_solution,spline_quantile_m0,0.38492775780861344,0.12245648037673743
12,0,classification,null,null,0.5999520607989035,0.20462500000000006
12,0,classification,linear,linear,0.5740918268687163,0.19322540011168493
12,0,classification,cubic_polynomial,cubic_polynomial,0.3849277576440398,0.12245648002774426
12,1,regression,nested_minimum,spline_equal_m1,25.982937696147168,3.6856012793918302
12,1,regression,nested_one_se,spline_quantile_m0,29.3881933599311,3.8594240192920153
12,1,regression,current_solution,spline_quantile_m2,25.75122521835999,3.6670144760887924
12,1,regression,null,null,162.44868666523035,9.198706087151002
12,1,regression,linear,linear,130.0314592628297,8.68571361083676
12,1,regression,cubic_polynomial,cubic_polynomial,29.388193359931087,3.8594240192920095
12,1,classification,nested_minimum,spline_quantile_m4,0.5589548297461685,0.16220286481133678
12,1,classification,nested_one_se,spline_quantile_m0,0.4814712869146655,0.15567484075394236
12,1,classification,current_solution,spline_quantile_m0,0.4814712869146655,0.15567484075394236
12,1,classification,null,null,0.658001072517085,0.23242500000000002
12,1,classification,linear,linear,0.66235250240614,0.23281314276413925
12,1,classification,cubic_polynomial,cubic_polynomial,0.4814712872044059,0.15567484087941635
12,2,regression,nested_minimum,spline_equal_m2,18.555880856978312,3.3809545859370216
12,2,regression,nested_one_se,spline_quantile_m1,16.88050027001199,3.1977910215225234
12,2,regression,current_solution,spline_quantile_m2,18.5430871301327,3.3721223910711857
12,2,regression,null,null,89.27619666663259,7.324983624916073
12,2,regression,linear,linear,69.70199041903197,6.876374242687728
12,2,regression,cubic_polynomial,cubic_polynomial,14.722422516951596,2.9860507761781183
12,2,classification,nested_minimum,spline_quantile_m0,0.4528299147785313,0.13896514420986303
12,2,classification,nested_one_se,spline_quantile_m0,0.4528299147785313,0.13896514420986303
12,2,classification,current_solution,spline_quantile_m0,0.4528299147785313,0.13896514420986303
12,2,classification,null,null,0.6269265908433007,0.21762499999999999
12,2,classification,linear,linear,0.6271178657840492,0.21705910016216187
12,2,classification,cubic_polynomial,cubic_polynomial,0.45282991171074266,0.1389651431609289
12,3,regression,nested_minimum,spline_equal_m2,14.827110306047423,3.069325894694968
12,3,regression,nested_one_se,spline_quantile_m1,15.210460871285047,3.1346849483191055
12,3,regression,current_solution,spline_quantile_m2,14.943390581267774,3.0819452544016688
12,3,regression,null,null,50.81713517571199,5.856271030365642
12,3,regression,linear,linear,42.233647867106356,5.439594704791194
12,3,regression,cubic_polynomial,cubic_polynomial,15.839690882703064,3.1815316468675277
12,3,classification,nested_minimum,spline_quantile_m0,0.49395393841859886,0.15639773734107107
12,3,classification,nested_one_se,spline_quantile_m0,0.49395393841859886,0.15639773734107107
12,3,classification,current_solution,spline_quantile_m0,0.49395393841859886,0.15639773734107107
12,3,classification,null,null,0.5999520607989035,0.20462500000000006
12,3,classification,linear,linear,0.6086056858776111,0.20896665303132939
12,3,classification,cubic_polynomial,cubic_polynomial,0.49395394247152546,0.15639773746001548
12,4,regression,nested_minimum,spline_equal_m1,23.795116387847386,4.027434799315195
12,4,regression,nested_one_se,spline_quantile_m0,28.627860382895225,4.350518199062462
12,4,regression,current_solution,spline_quantile_m2,23.428652031343354,3.99540654967126
12,4,regression,null,null,77.6537011035858,6.808550646601016
12,4,regression,linear,linear,89.05297876432232,7.228363763631972
12,4,regression,cubic_polynomial,cubic_polynomial,28.62786038289528,4.350518199062468
12,4,classification,nested_minimum,spline_quantile_m0,0.41184220323286247,0.1273022481033129
12,4,classification,nested_one_se,spline_quantile_m0,0.41184220323286247,0.1273022481033129
12,4,classification,current_solution,spline_quantile_m0,0.41184220323286247,0.1273022481033129
12,4,classification,null,null,0.6751090154334349,0.24049999999999996
12,4,classification,linear,linear,0.6618157513165619,0.23506122406531912
12,4,classification,cubic_polynomial,cubic_polynomial,0.4118422022798831,0.12730224809764235
13,0,regression,nested_minimum,spline_quantile_m2,14.973089789514553,2.963303916982417
13,0,regression,nested_one_se,spline_quantile_m0,16.304401186566288,2.9484008417776915
13,0,regression,current_solution,spline_quantile_m2,14.973089789514553,2.963303916982417
13,0,regression,null,null,42.81586962233725,5.051767205311431
13,0,regression,linear,linear,40.495939851718205,5.081539010638947
13,0,regression,cubic_polynomial,cubic_polynomial,16.304401186566274,2.948400841777687
13,0,classification,nested_minimum,spline_quantile_m2,0.5191325504824281,0.16717100396342605
13,0,classification,nested_one_se,spline_quantile_m0,0.5308605590141867,0.17308188439099179
13,0,classification,current_solution,spline_quantile_m0,0.5308605590141867,0.17308188439099179
13,0,classification,null,null,0.6269265908433007,0.21762499999999999
13,0,classification,linear,linear,0.606905752193944,0.20871064610409806
13,0,classification,cubic_polynomial,cubic_polynomial,0.5308605581892536,0.17308188412591805
13,1,regression,nested_minimum,spline_quantile_m1,22.159555395075337,3.7150523281574688
13,1,regression,nested_one_se,spline_quantile_m0,24.978512703523656,3.985396690885647
13,1,regression,current_solution,spline_quantile_m2,21.7624803800361,3.669696089101251
13,1,regression,null,null,134.24348923180648,8.765308857458207
13,1,regression,linear,linear,113.44786260363213,8.357595184643069
13,1,regression,cubic_polynomial,cubic_polynomial,24.97851270352364,3.985396690885647
13,1,classification,nested_minimum,spline_quantile_m0,0.4818161907641055,0.15977025671991757
13,1,classification,nested_one_se,spline_quantile_m0,0.4818161907641055,0.15977025671991757
13,1,classification,current_solution,spline_quantile_m0,0.4818161907641055,0.15977025671991757
13,1,classification,null,null,0.7769735502523009,0.287625
13,1,classification,linear,linear,0.7632909604036068,0.27946751193078956
13,1,classification,cubic_polynomial,cubic_polynomial,0.4818161915511645,0.15977025714057713
13,2,regression,nested_minimum,spline_equal_m2,19.254238647526577,3.5460730021718985
13,2,regression,nested_one_se,spline_quantile_m0,20.502448536625835,3.5803046310829387
13,2,regression,current_solution,spline_quantile_m2,19.346190526574183,3.5576752637079743
13,2,regression,null,null,59.74968199635784,6.3378043629141265
13,2,regression,linear,linear,47.63775490185506,5.566116571892273
13,2,regression,cubic_polynomial,cubic_polynomial,20.50244853662584,3.5803046310829405
13,2,classification,nested_minimum,spline_quantile_m0,0.48592664321551704,0.15916961171217517
13,2,classification,nested_one_se,spline_quantile_m0,0.48592664321551704,0.15916961171217517
13,2,classification,current_solution,spline_quantile_m0,0.48592664321551704,0.15916961171217517
13,2,classification,null,null,0.5769818398118192,0.19342499999999999
13,2,classification,linear,linear,0.6293809787836844,0.21605205609258948
13,2,classification,cubic_polynomial,cubic_polynomial,0.4859266465932209,0.15916961273650873
13,3,regression,nested_minimum,spline_equal_m1,24.128811496253597,3.5256421480547377
13,3,regression,nested_one_se,spline_quantile_m1,24.193118725484922,3.5315229319093704
13,3,regression,current_solution,spline_quantile_m2,23.74196233900526,3.52398957717386
13,3,regression,null,null,159.72825735192325,10.02457661112275
13,3,regression,linear,linear,122.93076854294583,9.061257746160836
13,3,regression,cubic_polynomial,cubic_polynomial,27.17666980904512,3.8674487806558187
13,3,classification,nested_minimum,spline_quantile_m0,0.4033907296388285,0.11472007749648826
13,3,classification,nested_one_se,spline_quantile_m0,0.4033907296388285,0.11472007749648826
13,3,classification,current_solution,spline_quantile_m0,0.4033907296388285,0.11472007749648826
13,3,classification,null,null,0.5999520607989035,0.20462500000000006
13,3,classification,linear,linear,0.5869230948439091,0.19955637136883891
13,3,classification,cubic_polynomial,cubic_polynomial,0.4033907304933062,0.11472007742092627
13,4,regression,nested_minimum,spline_equal_m3,21.066409873004062,3.806182085248529
13,4,regression,nested_one_se,spline_quantile_m1,19.693307413933933,3.7159387858029844
13,4,regression,current_solution,spline_quantile_m2,20.377244624103426,3.7639697899398517
13,4,regression,null,null,77.22977255961108,6.498654476281858
13,4,regression,linear,linear,72.85602560352879,6.338012521741536
13,4,regression,cubic_polynomial,cubic_polynomial,22.247115893598316,3.9715526735734756
13,4,classification,nested_minimum,spline_quantile_m0,0.3703430767630046,0.11445278465484571
13,4,classification,nested_one_se,spline_quantile_m0,0.3703430767630046,0.11445278465484571
13,4,classification,current_solution,spline_quantile_m0,0.3703430767630046,0.11445278465484571
13,4,classification,null,null,0.6129330839744711,0.2109
13,4,classification,linear,linear,0.6304845595080485,0.21824667865797326
13,4,classification,cubic_polynomial,cubic_polynomial,0.37034307894521284,0.11445278554572219
14,0,regression,nested_minimum,spline_quantile_m2,15.909175838868538,3.050876034259243
14,0,regression,nested_one_se,spline_quantile_m1,15.468277574128855,2.989898803666193
14,0,regression,current_solution,spline_quantile_m2,15.909175838868538,3.050876034259243
14,0,regression,null,null,81.11831403344765,7.633857235034006
14,0,regression,linear,linear,59.15690890361894,6.209841991420738
14,0,regression,cubic_polynomial,cubic_polynomial,18.35911284727347,3.3091051474647024
14,0,classification,nested_minimum,spline_quantile_m0,0.40686191133853605,0.12429101358429621
14,0,classification,nested_one_se,spline_quantile_m0,0.40686191133853605,0.12429101358429621
14,0,classification,current_solution,spline_quantile_m0,0.40686191133853605,0.12429101358429621
14,0,classification,null,null,0.5769818398118192,0.193425
14,0,classification,linear,linear,0.5677829562587086,0.19006485983286134
14,0,classification,cubic_polynomial,cubic_polynomial,0.40686191121611714,0.1242910133044875
14,1,regression,nested_minimum,spline_equal_m1,19.663474676660822,3.6432859368689376
14,1,regression,nested_one_se,spline_quantile_m0,20.90324160743155,3.58443578125892
14,1,regression,current_solution,spline_quantile_m2,19.638427642211653,3.6830293736446755
14,1,regression,null,null,76.49931399685188,6.968170976768693
14,1,regression,linear,linear,74.54974038124763,6.73569622131478
14,1,regression,cubic_polynomial,cubic_polynomial,20.903241607431536,3.5844357812589225
14,1,classification,nested_minimum,spline_quantile_m0,0.6045161251726401,0.19029139298570208
14,1,classification,nested_one_se,spline_quantile_m0,0.6045161251726401,0.19029139298570208
14,1,classification,current_solution,spline_quantile_m0,0.6045161251726401,0.19029139298570208
14,1,classification,null,null,0.6129330839744711,0.2109
14,1,classification,linear,linear,0.6303021397930053,0.2195307709990235
14,1,classification,cubic_polynomial,cubic_polynomial,0.6045161151298855,0.19029139045540058
14,2,regression,nested_minimum,spline_equal_m1,23.873001180929364,4.002832672991908
14,2,regression,nested_one_se,spline_quantile_m1,23.86890792560933,4.002697937745966
14,2,regression,current_solution,spline_quantile_m2,23.551569415907483,3.9920989529522735
14,2,regression,null,null,56.79577365572339,6.288294045244946
14,2,regression,linear,linear,56.64554679449297,5.912068175417594
14,2,regression,cubic_polynomial,cubic_polynomial,24.882434636725048,3.994255513972826
14,2,classification,nested_minimum,spline_quantile_m0,0.45134631092576805,0.14402136332659857
14,2,classification,nested_one_se,spline_quantile_m0,0.45134631092576805,0.14402136332659857
14,2,classification,current_solution,spline_quantile_m0,0.45134631092576805,0.14402136332659857
14,2,classification,null,null,0.5769818398118192,0.193425
14,2,classification,linear,linear,0.5646397154893008,0.18830130048127267
14,2,classification,cubic_polynomial,cubic_polynomial,0.4513463111970914,0.1440213633961738
14,3,regression,nested_minimum,spline_equal_m2,22.908240960738635,3.3862477294133835
14,3,regression,nested_one_se,spline_quantile_m0,25.134615294655468,3.5181582867459475
14,3,regression,current_solution,spline_quantile_m2,22.94883893617337,3.3856545662267234
14,3,regression,null,null,118.04093710651932,7.514657395673288
14,3,regression,linear,linear,95.20640273066304,7.635128895500747
14,3,regression,cubic_polynomial,cubic_polynomial,25.134615294655497,3.5181582867459475
14,3,classification,nested_minimum,spline_quantile_m0,0.3932329691333708,0.12295687274361193
14,3,classification,nested_one_se,spline_quantile_m0,0.3932329691333708,0.12295687274361193
14,3,classification,current_solution,spline_quantile_m0,0.3932329691333708,0.12295687274361193
14,3,classification,null,null,0.6269265908433007,0.21762500000000004
14,3,classification,linear,linear,0.6474515468688486,0.22534845338538748
14,3,classification,cubic_polynomial,cubic_polynomial,0.39323296582381917,0.12295687151969659
14,4,regression,nested_minimum,spline_equal_m1,15.961648304149518,3.290356724710134
14,4,regression,nested_one_se,spline_quantile_m0,19.303442823616678,3.736803118200655
14,4,regression,current_solution,spline_quantile_m2,15.613670502535577,3.2280584374922863
14,4,regression,null,null,152.99994850994443,8.874505138450573
14,4,regression,linear,linear,118.74629078012434,8.332417289339054
14,4,regression,cubic_polynomial,cubic_polynomial,19.30344282361664,3.736803118200653
14,4,classification,nested_minimum,spline_quantile_m2,0.5551229965798785,0.18127786503589222
14,4,classification,nested_one_se,spline_quantile_m0,0.4803677101056436,0.15996960758713705
14,4,classification,current_solution,spline_quantile_m0,0.4803677101056436,0.15996960758713705
14,4,classification,null,null,0.8256719138652759,0.30962500000000004
14,4,classification,linear,linear,0.8422363996569388,0.3127652616060978
14,4,classification,cubic_polynomial,cubic_polynomial,0.4803677152082294,0.15996961009790278
15,0,regression,nested_minimum,spline_quantile_m2,20.52365065919374,3.55396541066527
15,0,regression,nested_one_se,spline_quantile_m0,22.777346447463557,3.6615679749034915
15,0,regression,current_solution,spline_quantile_m2,20.52365065919374,3.55396541066527
15,0,regression,null,null,98.9680486501315,7.970618787140751
15,0,regression,linear,linear,92.65600626963533,7.906165679406652
15,0,regression,cubic_polynomial,cubic_polynomial,22.77734644746351,3.6615679749034915
15,0,classification,nested_minimum,spline_quantile_m1,0.3892618976825364,0.12288877050587008
15,0,classification,nested_one_se,spline_quantile_m0,0.3856241867894704,0.12226248699026884
15,0,classification,current_solution,spline_quantile_m0,0.3856241867894704,0.12226248699026884
15,0,classification,null,null,0.5999520607989035,0.20462500000000006
15,0,classification,linear,linear,0.582170443420501,0.19782252736452788
15,0,classification,cubic_polynomial,cubic_polynomial,0.3856241889123674,0.1222624880549953
15,1,regression,nested_minimum,spline_equal_m2,18.086676944191446,3.1524247941200567
15,1,regression,nested_one_se,spline_quantile_m0,22.627995077471493,3.668507126095115
15,1,regression,current_solution,spline_quantile_m2,18.115152340339876,3.158058127246887
15,1,regression,null,null,100.8191043842145,7.909138563990025
15,1,regression,linear,linear,86.52499925964186,7.045316079990418
15,1,regression,cubic_polynomial,cubic_polynomial,22.627995077471564,3.6685071260951196
15,1,classification,nested_minimum,spline_quantile_m0,0.4399238218834971,0.13401004896033591
15,1,classification,nested_one_se,spline_quantile_m0,0.4399238218834971,0.13401004896033591
15,1,classification,current_solution,spline_quantile_m0,0.4399238218834971,0.13401004896033591
15,1,classification,null,null,0.658001072517085,0.23242500000000008
15,1,classification,linear,linear,0.6664947068940351,0.23508204438316752
15,1,classification,cubic_polynomial,cubic_polynomial,0.4399238189576243,0.1340100474521792
15,2,regression,nested_minimum,spline_equal_m2,15.152001359440087,3.3322811795913463
15,2,regression,nested_one_se,spline_quantile_m1,14.898665744982225,3.302098320073948
15,2,regression,current_solution,spline_quantile_m2,15.101312281524713,3.3259227018448945
15,2,regression,null,null,105.72592721537656,7.6291276307625875
15,2,regression,linear,linear,79.21214500121616,6.924911985836555
15,2,regression,cubic_polynomial,cubic_polynomial,15.00483912784123,3.282301732875395
15,2,classification,nested_minimum,spline_quantile_m0,0.41489917831024714,0.125717047722581
15,2,classification,nested_one_se,spline_quantile_m0,0.41489917831024714,0.125717047722581
15,2,classification,current_solution,spline_quantile_m0,0.41489917831024714,0.125717047722581
15,2,classification,null,null,0.6751090154334349,0.24049999999999996
15,2,classification,linear,linear,0.6710297129786162,0.237628805193833
15,2,classification,cubic_polynomial,cubic_polynomial,0.41489917802452536,0.12571704759402713
15,3,regression,nested_minimum,spline_equal_m2,26.95788825416805,4.19187887018138
15,3,regression,nested_one_se,spline_quantile_m0,29.45884579435616,4.333639487133782
15,3,regression,current_solution,spline_quantile_m2,26.967817879940004,4.187469206774213
15,3,regression,null,null,68.808079675211,6.377144551167978
15,3,regression,linear,linear,60.08749517930694,6.056695298670116
15,3,regression,cubic_polynomial,cubic_polynomial,29.45884579435615,4.333639487133784
15,3,classification,nested_minimum,spline_quantile_m0,0.3832008976794129,0.12217446519402551
15,3,classification,nested_one_se,spline_quantile_m0,0.3832008976794129,0.12217446519402551
15,3,classification,current_solution,spline_quantile_m0,0.3832008976794129,0.12217446519402551
15,3,classification,null,null,0.5769818398118192,0.19342499999999999
15,3,classification,linear,linear,0.5585513117449037,0.18650637938678594
15,3,classification,cubic_polynomial,cubic_polynomial,0.3832008978421556,0.122174465434993
15,4,regression,nested_minimum,spline_equal_m2,17.92442859689528,3.222493872973385
15,4,regression,nested_one_se,spline_quantile_m0,18.66344922237015,3.129653520377967
15,4,regression,current_solution,spline_quantile_m2,18.09321567234082,3.225253621207486
15,4,regression,null,null,98.62013065403649,6.843284406564408
15,4,regression,linear,linear,81.9285521802263,6.631502979726502
15,4,regression,cubic_polynomial,cubic_polynomial,18.663449222370136,3.1296535203779645
15,4,classification,nested_minimum,spline_quantile_m0,0.6155502565176887,0.1993546261875664
15,4,classification,nested_one_se,spline_quantile_m0,0.6155502565176887,0.1993546261875664
15,4,classification,current_solution,spline_quantile_m0,0.6155502565176887,0.1993546261875664
15,4,classification,null,null,0.658001072517085,0.23242500000000008
15,4,classification,linear,linear,0.6997831478678027,0.2483780318626709
15,4,classification,cubic_polynomial,cubic_polynomial,0.6155502590384225,0.19935462643162938
16,0,regression,nested_minimum,spline_equal_m2,14.733385620794975,3.191046921391045
16,0,regression,nested_one_se,spline_quantile_m1,14.664173828140164,3.172626149313658
16,0,regression,current_solution,spline_quantile_m2,14.733877342498852,3.191114566876574
16,0,regression,null,null,62.731663150173,6.409570631903582
16,0,regression,linear,linear,66.31891684369701,6.62614424690426
16,0,regression,cubic_polynomial,cubic_polynomial,14.073885906908815,3.062261006967239
16,0,classification,nested_minimum,spline_quantile_m0,0.46974495757080864,0.15477673595688482
16,0,classification,nested_one_se,spline_quantile_m0,0.46974495757080864,0.15477673595688482
16,0,classification,current_solution,spline_quantile_m0,0.46974495757080864,0.15477673595688482
16,0,classification,null,null,0.6269265908433007,0.21762500000000004
16,0,classification,linear,linear,0.6914297469211814,0.24303012466550314
16,0,classification,cubic_polynomial,cubic_polynomial,0.469744956837213,0.15477673582011073
16,1,regression,nested_minimum,spline_equal_m6,27.15967442147313,3.9844653499572296
16,1,regression,nested_one_se,spline_quantile_m0,29.940326205892493,4.066961043923721
16,1,regression,current_solution,spline_quantile_m2,26.72023712525415,3.912733061755924
16,1,regression,null,null,115.60004654042149,7.538823846068664
16,1,regression,linear,linear,104.55428186113481,7.985722682121739
16,1,regression,cubic_polynomial,cubic_polynomial,29.940326205892553,4.0669610439237225
16,1,classification,nested_minimum,spline_quantile_m2,0.43242331531223,0.1325379309117985
16,1,classification,nested_one_se,spline_quantile_m0,0.3969232901619286,0.12248873600430064
16,1,classification,current_solution,spline_quantile_m0,0.3969232901619286,0.12248873600430064
16,1,classification,null,null,0.6269265908433007,0.21762500000000004
16,1,classification,linear,linear,0.620287155647238,0.21483341552954485
16,1,classification,cubic_polynomial,cubic_polynomial,0.3969232898122324,0.12248873610082849
16,2,regression,nested_minimum,spline_quantile_m3,16.67636979255756,3.198743126777626
16,2,regression,nested_one_se,spline_quantile_m0,19.11959514144095,3.2770606704316787
16,2,regression,current_solution,spline_quantile_m2,16.64626994164681,3.1941854502721254
16,2,regression,null,null,70.93490489689967,6.788626774951923
16,2,regression,linear,linear,71.19874666492937,6.7807387820150105
16,2,regression,cubic_polynomial,cubic_polynomial,19.119595141440968,3.27706067043168
16,2,classification,nested_minimum,spline_quantile_m0,0.5001385057041705,0.1539721864300685
16,2,classification,nested_one_se,spline_quantile_m0,0.5001385057041705,0.1539721864300685
16,2,classification,current_solution,spline_quantile_m0,0.5001385057041705,0.1539721864300685
16,2,classification,null,null,0.693283461000297,0.24902500000000008
16,2,classification,linear,linear,0.6691785990461148,0.23805526876509686
16,2,classification,cubic_polynomial,cubic_polynomial,0.5001385142333633,0.15397218503639984
16,3,regression,nested_minimum,spline_quantile_m2,17.911121911872478,3.4153975670368855
16,3,regression,nested_one_se,spline_quantile_m0,21.65855281221592,3.899836176373769
16,3,regression,current_solution,spline_quantile_m2,17.911121911872478,3.4153975670368855
16,3,regression,null,null,117.1277958890303,8.224986745270296
16,3,regression,linear,linear,82.47614318695716,6.568020063649608
16,3,regression,cubic_polynomial,cubic_polynomial,21.65855281221594,3.899836176373774
16,3,classification,nested_minimum,spline_quantile_m0,0.36395962978305635,0.11235002422077517
16,3,classification,nested_one_se,spline_quantile_m0,0.36395962978305635,0.11235002422077517
16,3,classification,current_solution,spline_quantile_m0,0.36395962978305635,0.11235002422077517
16,3,classification,null,null,0.6129330839744711,0.2109
16,3,classification,linear,linear,0.6234324754763388,0.21567942878335472
16,3,classification,cubic_polynomial,cubic_polynomial,0.3639596262864485,0.11235002327254509
16,4,regression,nested_minimum,spline_quantile_m1,23.510074756201284,3.8661447005877054
16,4,regression,nested_one_se,spline_quantile_m0,24.7247275218449,4.016836347318569
16,4,regression,current_solution,spline_quantile_m2,23.94918863673263,3.7865226732256643
16,4,regression,null,null,102.20802763050914,7.551399950427906
16,4,regression,linear,linear,78.4758012835773,6.651747476814512
16,4,regression,cubic_polynomial,cubic_polynomial,24.72472752184487,4.016836347318563
16,4,classification,nested_minimum,spline_quantile_m0,0.4997328082580669,0.15784549320623723
16,4,classification,nested_one_se,spline_quantile_m0,0.4997328082580669,0.15784549320623723
16,4,classification,current_solution,spline_quantile_m0,0.4997328082580669,0.15784549320623723
16,4,classification,null,null,0.5999520607989035,0.20462500000000006
16,4,classification,linear,linear,0.6046080037134162,0.20707779805490895
16,4,classification,cubic_polynomial,cubic_polynomial,0.4997328084558956,0.15784549319947586
17,0,regression,nested_minimum,spline_equal_m2,15.623221515264552,3.125115312358151
17,0,regression,nested_one_se,spline_quantile_m1,16.06216574154353,3.14892647537496
17,0,regression,current_solution,spline_quantile_m2,15.583204287656518,3.115720667578677
17,0,regression,null,null,71.7332339556296,6.617984888156395
17,0,regression,linear,linear,68.67515883563694,6.725298201844626
17,0,regression,cubic_polynomial,cubic_polynomial,17.52174374331281,3.259213454036222
17,0,classification,nested_minimum,spline_quantile_m0,0.5190295633280584,0.16094876932863347
17,0,classification,nested_one_se,spline_quantile_m0,0.5190295633280584,0.16094876932863347
17,0,classification,current_solution,spline_quantile_m0,0.5190295633280584,0.16094876932863347
17,0,classification,null,null,0.6419448936199541,0.2248
17,0,classification,linear,linear,0.63640226907184,0.2214031393088295
17,0,classification,cubic_polynomial,cubic_polynomial,0.5190295633054425,0.16094876946926098
17,1,regression,nested_minimum,spline_equal_m2,26.311210714792093,3.923056435342172
17,1,regression,nested_one_se,spline_quantile_m1,26.675515837477654,3.982653980206231
17,1,regression,current_solution,spline_quantile_m2,26.42746326604343,3.9401970175068435
17,1,regression,null,null,99.93304236325183,8.144698886724646
17,1,regression,linear,linear,81.04878408920852,7.514805070107843
17,1,regression,cubic_polynomial,cubic_polynomial,27.47787861962203,4.048236308314518
17,1,classification,nested_minimum,spline_quantile_m0,0.34279826244975814,0.10604273111906362
17,1,classification,nested_one_se,spline_quantile_m0,0.34279826244975814,0.10604273111906362
17,1,classification,current_solution,spline_quantile_m0,0.34279826244975814,0.10604273111906362
17,1,classification,null,null,0.6129330839744711,0.2109
17,1,classification,linear,linear,0.6015962395836429,0.20734291801956897
17,1,classification,cubic_polynomial,cubic_polynomial,0.34279826892714055,0.10604273356437945
17,2,regression,nested_minimum,spline_equal_m1,20.278337463394966,3.733946886715445
17,2,regression,nested_one_se,spline_quantile_m0,21.476028153214525,3.7760178752665
17,2,regression,current_solution,spline_quantile_m2,20.55780678300544,3.746588937707993
17,2,regression,null,null,86.92248168250028,6.996776529852973
17,2,regression,linear,linear,61.760623098405475,5.957392701809458
17,2,regression,cubic_polynomial,cubic_polynomial,21.476028153214514,3.776017875266499
17,2,classification,nested_minimum,spline_quantile_m1,0.46436022035232294,0.15024571405882298
17,2,classification,nested_one_se,spline_quantile_m0,0.4614202040909614,0.1496036097136629
17,2,classification,current_solution,spline_quantile_m0,0.4614202040909614,0.1496036097136629
17,2,classification,null,null,0.6269265908433007,0.21762499999999999
17,2,classification,linear,linear,0.6236613635517607,0.21603672238024185
17,2,classification,cubic_polynomial,cubic_polynomial,0.46142020395509176,0.14960360971591088
17,3,regression,nested_minimum,spline_equal_m1,25.72782888135139,3.698355361054025
17,3,regression,nested_one_se,spline_quantile_m0,30.26735836722578,4.1283176713030745
17,3,regression,current_solution,spline_quantile_m2,25.81160867688871,3.7316185731054787
17,3,regression,null,null,130.23841729987683,7.9101800259607025
17,3,regression,linear,linear,111.95578292157957,7.884659671961424
17,3,regression,cubic_polynomial,cubic_polynomial,30.26735836722584,4.128317671303081
17,3,classification,nested_minimum,spline_quantile_m0,0.3296080145085877,0.09611841785955236
17,3,classification,nested_one_se,spline_quantile_m0,0.3296080145085877,0.09611841785955236
17,3,classification,current_solution,spline_quantile_m0,0.3296080145085877,0.09611841785955236
17,3,classification,null,null,0.5879719404883346,0.19879999999999998
17,3,classification,linear,linear,0.5653231011228755,0.18925040679988506
17,3,classification,cubic_polynomial,cubic_polynomial,0.32960801595407074,0.09611841777479187
17,4,regression,nested_minimum,spline_equal_m3,14.660970031987105,3.1603178980323827
17,4,regression,nested_one_se,spline_quantile_m1,13.222522897833283,3.0149998870074177
17,4,regression,current_solution,spline_quantile_m2,14.004056470209862,3.110901087285109
17,4,regression,null,null,80.30127282046641,6.889141902891766
17,4,regression,linear,linear,71.60571398655529,6.40386445075658
17,4,regression,cubic_polynomial,cubic_polynomial,15.665040455127341,3.2179691230062257
17,4,classification,nested_minimum,spline_quantile_m0,0.5701513123618646,0.18345387188116874
17,4,classification,nested_one_se,spline_quantile_m0,0.5701513123618646,0.18345387188116874
17,4,classification,current_solution,spline_quantile_m0,0.5701513123618646,0.18345387188116874
17,4,classification,null,null,0.693283461000297,0.24902500000000008
17,4,classification,linear,linear,0.6995204493686069,0.25022222034199904
17,4,classification,cubic_polynomial,cubic_polynomial,0.5701513121738729,0.1834538698950247
18,0,regression,nested_minimum,spline_equal_m1,14.101961754265169,3.2184107143301497
18,0,regression,nested_one_se,spline_quantile_m0,18.353521952761085,3.600032330720095
18,0,regression,current_solution,spline_quantile_m2,14.010609130576581,3.2307002280805808
18,0,regression,null,null,77.1536302379052,6.83940431855712
18,0,regression,linear,linear,78.89660089439812,7.398857594775551
18,0,regression,cubic_polynomial,cubic_polynomial,18.353521952761106,3.6000323307201008
18,0,classification,nested_minimum,spline_quantile_m0,0.30206895390920246,0.08772435408152844
18,0,classification,nested_one_se,spline_quantile_m0,0.30206895390920246,0.08772435408152844
18,0,classification,current_solution,spline_quantile_m0,0.30206895390920246,0.08772435408152844
18,0,classification,null,null,0.5999520607989034,0.20462500000000006
18,0,classification,linear,linear,0.6022241619801766,0.20693747980818766
18,0,classification,cubic_polynomial,cubic_polynomial,0.3020689534936397,0.08772435379325945
18,1,regression,nested_minimum,spline_quantile_m3,19.02001657816332,3.565684432811638
18,1,regression,nested_one_se,spline_quantile_m1,19.15928227900336,3.535502722901516
18,1,regression,current_solution,spline_quantile_m2,18.929203980771554,3.516703544064709
18,1,regression,null,null,84.05417449420655,7.2119066799018325
18,1,regression,linear,linear,68.78369885835515,6.494032236824388
18,1,regression,cubic_polynomial,cubic_polynomial,19.45900873807249,3.7020819991933136
18,1,classification,nested_minimum,spline_quantile_m2,0.6376696153307605,0.20282999753570216
18,1,classification,nested_one_se,spline_quantile_m0,0.6220471147475356,0.20171868524099515
18,1,classification,current_solution,spline_quantile_m0,0.6220471147475356,0.20171868524099515
18,1,classification,null,null,0.658001072517085,0.23242500000000002
18,1,classification,linear,linear,0.7132569975882208,0.2536000192337684
18,1,classification,cubic_polynomial,cubic_polynomial,0.6220471150923997,0.2017186851365008
18,2,regression,nested_minimum,spline_equal_m1,18.21682277279021,3.4088777124846423
18,2,regression,nested_one_se,spline_quantile_m0,17.40479561745229,3.1488199247866517
18,2,regression,current_solution,spline_quantile_m2,17.833587483807424,3.3576042781229343
18,2,regression,null,null,88.35264347522609,6.505543069563112
18,2,regression,linear,linear,74.91719502876121,6.473426051380322
18,2,regression,cubic_polynomial,cubic_polynomial,17.404795617452308,3.1488199247866557
18,2,classification,nested_minimum,spline_quantile_m0,0.4344429502261641,0.13063702836919913
18,2,classification,nested_one_se,spline_quantile_m0,0.4344429502261641,0.13063702836919913
18,2,classification,current_solution,spline_quantile_m0,0.4344429502261641,0.13063702836919913
18,2,classification,null,null,0.641944893619954,0.22479999999999997
18,2,classification,linear,linear,0.6577958556694158,0.23081237865029472
18,2,classification,cubic_polynomial,cubic_polynomial,0.434442953745579,0.13063702952774214
18,3,regression,nested_minimum,spline_equal_m1,30.043966074504183,3.9726520844110387
18,3,regression,nested_one_se,spline_quantile_m1,30.05146594223065,3.9731092020793373
18,3,regression,current_solution,spline_quantile_m2,29.64309431061708,3.9448412687246535
18,3,regression,null,null,136.51532723925345,8.857048535397364
18,3,regression,linear,linear,107.78679090488151,7.83907295743932
18,3,regression,cubic_polynomial,cubic_polynomial,32.38659510995723,4.052507548681156
18,3,classification,nested_minimum,spline_quantile_m0,0.6841705522767658,0.22249534123093417
18,3,classification,nested_one_se,spline_quantile_m0,0.6841705522767658,0.22249534123093417
18,3,classification,current_solution,spline_quantile_m0,0.6841705522767658,0.22249534123093417
18,3,classification,null,null,0.6751090154334349,0.24049999999999996
18,3,classification,linear,linear,0.6673288589535673,0.23744189087056855
18,3,classification,cubic_polynomial,cubic_polynomial,0.6841705567531902,0.2224953451333617
18,4,regression,nested_minimum,spline_quantile_m3,21.438895168066747,3.7366330575004736
18,4,regression,nested_one_se,spline_quantile_m1,20.177402330102385,3.5604170244798636
18,4,regression,current_solution,spline_quantile_m2,21.208665621200456,3.7231967044152934
18,4,regression,null,null,84.88339855758106,7.144336487907818
18,4,regression,linear,linear,67.1921453450359,6.547410837378774
18,4,regression,cubic_polynomial,cubic_polynomial,22.48776408944108,3.718095125565479
18,4,classification,nested_minimum,spline_quantile_m0,0.3564099339127639,0.10913023407530577
18,4,classification,nested_one_se,spline_quantile_m0,0.3564099339127639,0.10913023407530577
18,4,classification,current_solution,spline_quantile_m0,0.3564099339127639,0.10913023407530577
18,4,classification,null,null,0.5879719404883345,0.19879999999999998
18,4,classification,linear,linear,0.5607656086659472,0.18685160425136924
18,4,classification,cubic_polynomial,cubic_polynomial,0.3564099337126255,0.10913023395583958
19,0,regression,nested_minimum,spline_equal_m2,16.51801890496471,3.23742878952653
19,0,regression,nested_one_se,spline_quantile_m0,20.476551183227162,3.4480078680466786
19,0,regression,current_solution,spline_quantile_m2,16.581030441632684,3.243184910062672
19,0,regression,null,null,61.965638885073325,6.24127472607509
19,0,regression,linear,linear,80.2546389022918,7.13724901799535
19,0,regression,cubic_polynomial,cubic_polynomial,20.476551183227137,3.4480078680466772
19,0,classification,nested_minimum,spline_quantile_m0,0.4280577695699455,0.13395829287788946
19,0,classification,nested_one_se,spline_quantile_m0,0.4280577695699455,0.13395829287788946
19,0,classification,current_solution,spline_quantile_m0,0.4280577695699455,0.13395829287788946
19,0,classification,null,null,0.6129330839744711,0.2109
19,0,classification,linear,linear,0.616386465556987,0.21186818704860005
19,0,classification,cubic_polynomial,cubic_polynomial,0.4280577707520733,0.1339582941573086
19,1,regression,nested_minimum,spline_equal_m2,13.930516834419388,2.734957036204502
19,1,regression,nested_one_se,spline_quantile_m1,13.397513478438519,2.7426872772016524
19,1,regression,current_solution,spline_quantile_m2,13.916533442082319,2.7279494793217327
19,1,regression,null,null,94.41619349028069,7.7132922570591935
19,1,regression,linear,linear,76.6709044441911,7.287684626438135
19,1,regression,cubic_polynomial,cubic_polynomial,13.344706808411228,2.849297086283783
19,1,classification,nested_minimum,spline_quantile_m0,0.36494196801793727,0.10838006565359602
19,1,classification,nested_one_se,spline_quantile_m0,0.36494196801793727,0.10838006565359602
19,1,classification,current_solution,spline_quantile_m0,0.36494196801793727,0.10838006565359602
19,1,classification,null,null,0.5879719404883345,0.19880000000000003
19,1,classification,linear,linear,0.5823842149645415,0.19626459507488495
19,1,classification,cubic_polynomial,cubic_polynomial,0.3649419676784699,0.10838006553637086
19,2,regression,nested_minimum,spline_equal_m2,24.664440573089284,3.8929302748549293
19,2,regression,nested_one_se,spline_quantile_m0,25.55741963660488,3.9940393100445806
19,2,regression,current_solution,spline_quantile_m2,24.642311332575424,3.8901354437255646
19,2,regression,null,null,112.48537388387595,7.5195991615375
19,2,regression,linear,linear,78.14882687015081,6.515564519438717
19,2,regression,cubic_polynomial,cubic_polynomial,25.557419636605115,3.994039310044599
19,2,classification,nested_minimum,spline_quantile_m0,0.5601027740484112,0.1867042634437654
19,2,classification,nested_one_se,spline_quantile_m0,0.5601027740484112,0.1867042634437654
19,2,classification,current_solution,spline_quantile_m0,0.5601027740484112,0.1867042634437654
19,2,classification,null,null,0.6751090154334349,0.24050000000000002
19,2,classification,linear,linear,0.6549012270794948,0.23103717768348314
19,2,classification,cubic_polynomial,cubic_polynomial,0.5601027704096351,0.18670426275081853
19,3,regression,nested_minimum,spline_quantile_m2,19.489403977561913,3.4865886276141334
19,3,regression,nested_one_se,spline_quantile_m1,19.775956049798584,3.50120904362443
19,3,regression,current_solution,spline_quantile_m2,19.489403977561913,3.4865886276141334
19,3,regression,null,null,72.5744486085699,7.0237998954746255
19,3,regression,linear,linear,63.88072886881052,6.670330752518755
19,3,regression,cubic_polynomial,cubic_polynomial,21.521089663143833,3.630395225106891
19,3,classification,nested_minimum,spline_quantile_m0,0.4845044823267451,0.15611745172816105
19,3,classification,nested_one_se,spline_quantile_m0,0.4845044823267451,0.15611745172816105
19,3,classification,current_solution,spline_quantile_m0,0.4845044823267451,0.15611745172816105
19,3,classification,null,null,0.6269265908433007,0.21762500000000004
19,3,classification,linear,linear,0.6350094340033648,0.22308415802938714
19,3,classification,cubic_polynomial,cubic_polynomial,0.48450447993004303,0.1561174512742318
19,4,regression,nested_minimum,spline_quantile_m2,25.872727234291602,4.123029912139368
19,4,regression,nested_one_se,spline_quantile_m1,26.385557818928405,4.140729018431836
19,4,regression,current_solution,spline_quantile_m2,25.872727234291602,4.123029912139368
19,4,regression,null,null,134.4646586474051,8.300872546695416
19,4,regression,linear,linear,100.83005017730615,7.089428284379926
19,4,regression,cubic_polynomial,cubic_polynomial,29.342960063330125,4.241258953877656
19,4,classification,nested_minimum,spline_quantile_m2,0.4073724279482949,0.12472509661540945
19,4,classification,nested_one_se,spline_quantile_m0,0.38575954459920425,0.1193845659390154
19,4,classification,current_solution,spline_quantile_m0,0.38575954459920425,0.1193845659390154
19,4,classification,null,null,0.658001072517085,0.23242500000000008
19,4,classification,linear,linear,0.6712539290097682,0.23603026986526562
19,4,classification,cubic_polynomial,cubic_polynomial,0.3857595431732826,0.1193845653941315
20,0,regression,nested_minimum,spline_quantile_m2,20.306187394307,3.520944798836297
20,0,regression,nested_one_se,spline_quantile_m1,20.19880803386171,3.4416738491110666
20,0,regression,current_solution,spline_quantile_m2,20.306187394307,3.520944798836297
20,0,regression,null,null,73.73830730652978,7.079473394223892
20,0,regression,linear,linear,53.633316052819616,6.024169611334065
20,0,regression,cubic_polynomial,cubic_polynomial,20.822971034862007,3.4274044920073
20,0,classification,nested_minimum,spline_quantile_m0,0.47890624287725986,0.14223228733251558
20,0,classification,nested_one_se,spline_quantile_m0,0.47890624287725986,0.14223228733251558
20,0,classification,current_solution,spline_quantile_m0,0.47890624287725986,0.14223228733251558
20,0,classification,null,null,0.5427267033390774,0.17642499999999994
20,0,classification,linear,linear,0.559754059188281,0.1861803161144496
20,0,classification,cubic_polynomial,cubic_polynomial,0.4789062415506901,0.14223228683009181
20,1,regression,nested_minimum,spline_equal_m1,24.899461624817608,3.7267357141917143
20,1,regression,nested_one_se,spline_quantile_m0,31.17656950121257,4.192334555575563
20,1,regression,current_solution,spline_quantile_m2,24.533315161412148,3.701276530606661
20,1,regression,null,null,165.67805794657525,8.792070862020752
20,1,regression,linear,linear,132.6149628370878,8.509265055516751
20,1,regression,cubic_polynomial,cubic_polynomial,31.176569501212562,4.192334555575561
20,1,classification,nested_minimum,spline_quantile_m0,0.4366417373892596,0.14378391363827278
20,1,classification,nested_one_se,spline_quantile_m0,0.4366417373892596,0.14378391363827278
20,1,classification,current_solution,spline_quantile_m0,0.4366417373892596,0.14378391363827278
20,1,classification,null,null,0.7328953526177457,0.2674250000000001
20,1,classification,linear,linear,0.7098202534070821,0.2572082088774489
20,1,classification,cubic_polynomial,cubic_polynomial,0.43664173564919645,0.14378391289819936
20,2,regression,nested_minimum,spline_quantile_m3,20.328575361456195,3.397940469007225
20,2,regression,nested_one_se,spline_quantile_m1,18.072920415467692,3.2339709715735596
20,2,regression,current_solution,spline_quantile_m2,18.362964212538923,3.2306709146421557
20,2,regression,null,null,87.1818558836309,7.388117670046789
20,2,regression,linear,linear,76.97442743896009,6.727931703702452
20,2,regression,cubic_polynomial,cubic_polynomial,19.336043872167892,3.431932185717189
20,2,classification,nested_minimum,spline_quantile_m0,0.5688328275985317,0.18481504978039773
20,2,classification,nested_one_se,spline_quantile_m0,0.5688328275985317,0.18481504978039773
20,2,classification,current_solution,spline_quantile_m0,0.5688328275985317,0.18481504978039773
20,2,classification,null,null,0.693283461000297,0.24902500000000002
20,2,classification,linear,linear,0.6594346381094256,0.23448757765391726
20,2,classification,cubic_polynomial,cubic_polynomial,0.5688328271054126,0.18481504959303924
20,3,regression,nested_minimum,spline_equal_m1,19.112573721250534,3.5656780563794643
20,3,regression,nested_one_se,spline_quantile_m0,18.12363837104841,3.4724714326736112
20,3,regression,current_solution,spline_quantile_m2,19.132663902315038,3.5619796486603703
20,3,regression,null,null,59.611454190429804,6.460096768033899
20,3,regression,linear,linear,70.84794404962628,6.603984752961262
20,3,regression,cubic_polynomial,cubic_polynomial,18.123638371048393,3.472471432673608
20,3,classification,nested_minimum,spline_quantile_m0,0.3966659195701384,0.12625494170776322
20,3,classification,nested_one_se,spline_quantile_m0,0.3966659195701384,0.12625494170776322
20,3,classification,current_solution,spline_quantile_m0,0.3966659195701384,0.12625494170776322
20,3,classification,null,null,0.6751090154334349,0.24049999999999996
20,3,classification,linear,linear,0.7483884468942654,0.26656478239672127
20,3,classification,cubic_polynomial,cubic_polynomial,0.3966659202771886,0.12625494197421905
20,4,regression,nested_minimum,spline_equal_m1,20.298491408345264,3.614394038182634
20,4,regression,nested_one_se,spline_quantile_m0,23.587820248726594,3.8545403584344307
20,4,regression,current_solution,spline_quantile_m2,20.054954855949862,3.580869390636473
20,4,regression,null,null,92.71146019990043,7.199791954854492
20,4,regression,linear,linear,70.10955116422645,6.812614366144113
20,4,regression,cubic_polynomial,cubic_polynomial,23.587820248726608,3.854540358434426
20,4,classification,nested_minimum,spline_quantile_m0,0.4133657435271274,0.12556579419731906
20,4,classification,nested_one_se,spline_quantile_m0,0.4133657435271274,0.12556579419731906
20,4,classification,current_solution,spline_quantile_m0,0.4133657435271274,0.12556579419731906
20,4,classification,null,null,0.5769818398118192,0.19342499999999999
20,4,classification,linear,linear,0.5930187917835759,0.20025193204915623
20,4,classification,cubic_polynomial,cubic_polynomial,0.41336574476772553,0.12556579463551676
21,0,regression,nested_minimum,spline_equal_m2,21.278491296331893,3.771255820566604
21,0,regression,nested_one_se,spline_quantile_m0,22.203263386280994,3.7310875291886925
21,0,regression,current_solution,spline_quantile_m2,21.306727287593205,3.77651795579586
21,0,regression,null,null,81.43779085246801,7.105475766853963
21,0,regression,linear,linear,86.41062248587774,7.585232187741796
21,0,regression,cubic_polynomial,cubic_polynomial,22.203263386281034,3.7310875291886942
21,0,classification,nested_minimum,spline_quantile_m0,0.3604279903436675,0.10735549768041086
21,0,classification,nested_one_se,spline_quantile_m0,0.3604279903436675,0.10735549768041086
21,0,classification,current_solution,spline_quantile_m0,0.3604279903436675,0.10735549768041086
21,0,classification,null,null,0.5999520607989034,0.20462500000000006
21,0,classification,linear,linear,0.6034526603970773,0.20658365141186963
21,0,classification,cubic_polynomial,cubic_polynomial,0.3604279911038514,0.10735549770624013
21,1,regression,nested_minimum,spline_equal_m1,11.468453283290655,2.6317084821117196
21,1,regression,nested_one_se,spline_quantile_m0,15.042820512453815,3.0226351038407335
21,1,regression,current_solution,spline_quantile_m2,11.27548353112026,2.6134520598310336
21,1,regression,null,null,116.7325550655116,8.21148463722717
21,1,regression,linear,linear,83.75161158888903,7.010513081222419
21,1,regression,cubic_polynomial,cubic_polynomial,15.042820512453803,3.022635103840733
21,1,classification,nested_minimum,spline_quantile_m0,0.4674267388854138,0.14430518482157342
21,1,classification,nested_one_se,spline_quantile_m0,0.4674267388854138,0.14430518482157342
21,1,classification,current_solution,spline_quantile_m0,0.4674267388854138,0.14430518482157342
21,1,classification,null,null,0.6419448936199541,0.22479999999999997
21,1,classification,linear,linear,0.6434875462630507,0.22462700800719795
21,1,classification,cubic_polynomial,cubic_polynomial,0.4674267391561136,0.14430518485202615
21,2,regression,nested_minimum,spline_equal_m1,27.033838848622835,4.021114853648717
21,2,regression,nested_one_se,spline_quantile_m0,27.294480203196557,3.9147279858929447
21,2,regression,current_solution,spline_quantile_m2,26.517293514170948,3.9899175353199303
21,2,regression,null,null,107.09407328001797,7.425252645617713
21,2,regression,linear,linear,87.61557472405072,6.566357698826998
21,2,regression,cubic_polynomial,cubic_polynomial,27.294480203196613,3.9147279858929496
21,2,classification,nested_minimum,spline_quantile_m0,0.6311653008951209,0.20719800210978107
21,2,classification,nested_one_se,spline_quantile_m0,0.6311653008951209,0.20719800210978107
21,2,classification,current_solution,spline_quantile_m0,0.6311653008951209,0.20719800210978107
21,2,classification,null,null,0.7543669705920031,0.27729999999999994
21,2,classification,linear,linear,0.7342473930501189,0.26823539436296157
21,2,classification,cubic_polynomial,cubic_polynomial,0.6311652984946828,0.20719800110609907
21,3,regression,nested_minimum,spline_quantile_m3,21.265184515061843,3.6444094850831608
21,3,regression,nested_one_se,spline_quantile_m1,20.953202327489997,3.5646234720230723
21,3,regression,current_solution,spline_quantile_m2,20.96805615103398,3.623721154877285
21,3,regression,null,null,60.080374453306895,6.325531120315495
21,3,regression,linear,linear,52.638026473832184,6.0655299948784815
21,3,regression,cubic_polynomial,cubic_polynomial,22.177218321291022,3.557649317483671
21,3,classification,nested_minimum,spline_quantile_m0,0.38110369421800244,0.1227705720245962
21,3,classification,nested_one_se,spline_quantile_m0,0.38110369421800244,0.1227705720245962
21,3,classification,current_solution,spline_quantile_m0,0.38110369421800244,0.1227705720245962
21,3,classification,null,null,0.6129330839744711,0.2109
21,3,classification,linear,linear,0.5897901127364957,0.20105414023156074
21,3,classification,cubic_polynomial,cubic_polynomial,0.38110369440112235,0.12277057224003178
21,4,regression,nested_minimum,spline_equal_m3,20.133221537841106,3.547280702533799
21,4,regression,nested_one_se,spline_quantile_m0,21.928927166830317,3.8151476423375787
21,4,regression,current_solution,spline_quantile_m2,18.974036966730196,3.4943686167610934
21,4,regression,null,null,106.7971269217489,7.549216581907713
21,4,regression,linear,linear,87.13930398055048,7.309249155568183
21,4,regression,cubic_polynomial,cubic_polynomial,21.92892716683034,3.81514764233758
21,4,classification,nested_minimum,spline_quantile_m0,0.39761794863843564,0.1276865193460483
21,4,classification,nested_one_se,spline_quantile_m0,0.39761794863843564,0.1276865193460483
21,4,classification,current_solution,spline_quantile_m0,0.39761794863843564,0.1276865193460483
21,4,classification,null,null,0.5769818398118192,0.193425
21,4,classification,linear,linear,0.604103454560462,0.20639201076217795
21,4,classification,cubic_polynomial,cubic_polynomial,0.3976179492054813,0.12768651956181104
22,0,regression,nested_minimum,spline_equal_m2,18.9794048934944,3.7113455143405525
22,0,regression,nested_one_se,spline_quantile_m0,19.994161705764803,3.832562270531937
22,0,regression,current_solution,spline_quantile_m2,18.957483828672096,3.704090642469225
22,0,regression,null,null,93.46002954331881,7.595984354997109
22,0,regression,linear,linear,72.59951235143609,6.983975495742209
22,0,regression,cubic_polynomial,cubic_polynomial,19.99416170576478,3.832562270531937
22,0,classification,nested_minimum,spline_quantile_m0,0.4210035186664923,0.13659920653642313
22,0,classification,nested_one_se,spline_quantile_m0,0.4210035186664923,0.13659920653642313
22,0,classification,current_solution,spline_quantile_m0,0.4210035186664923,0.13659920653642313
22,0,classification,null,null,0.6269265908433007,0.21762500000000004
22,0,classification,linear,linear,0.6215956361290936,0.2154767732591775
22,0,classification,cubic_polynomial,cubic_polynomial,0.42100351812296793,0.1365992063691432
22,1,regression,nested_minimum,spline_quantile_m1,21.86378020772293,3.6938983396729816
22,1,regression,nested_one_se,spline_quantile_m1,21.86378020772293,3.6938983396729816
22,1,regression,current_solution,spline_quantile_m2,21.66909724270852,3.6725801404688267
22,1,regression,null,null,89.37725343086748,7.016782946722522
22,1,regression,linear,linear,70.17415456918248,6.396981427022938
22,1,regression,cubic_polynomial,cubic_polynomial,22.254311534300168,3.667511995413065
22,1,classification,nested_minimum,spline_quantile_m0,0.3732687290164992,0.11675684463438303
22,1,classification,nested_one_se,spline_quantile_m0,0.3732687290164992,0.11675684463438303
22,1,classification,current_solution,spline_quantile_m0,0.3732687290164992,0.11675684463438303
22,1,classification,null,null,0.6751090154334349,0.24049999999999996
22,1,classification,linear,linear,0.6660641556164579,0.23640324645782393
22,1,classification,cubic_polynomial,cubic_polynomial,0.373268726031856,0.11675684326807519
22,2,regression,nested_minimum,spline_quantile_m1,20.11803898465035,3.3576872280646084
22,2,regression,nested_one_se,spline_quantile_m0,23.97525218368506,3.7136312455796894
22,2,regression,current_solution,spline_quantile_m2,19.872336551898737,3.309866300860386
22,2,regression,null,null,102.26963719735767,7.153227253012567
22,2,regression,linear,linear,95.0787349117086,7.541369826758795
22,2,regression,cubic_polynomial,cubic_polynomial,23.975252183685058,3.713631245579687
22,2,classification,nested_minimum,spline_quantile_m0,0.428567389349658,0.13681820068502154
22,2,classification,nested_one_se,spline_quantile_m0,0.428567389349658,0.13681820068502154
22,2,classification,current_solution,spline_quantile_m0,0.428567389349658,0.13681820068502154
22,2,classification,null,null,0.641944893619954,0.22479999999999997
22,2,classification,linear,linear,0.6063059709429353,0.20912730897781462
22,2,classification,cubic_polynomial,cubic_polynomial,0.4285673895527353,0.13681820082978685
22,3,regression,nested_minimum,spline_equal_m1,25.344755932903446,3.981006293447223
22,3,regression,nested_one_se,spline_quantile_m1,25.3396141852504,3.9742174038639972
22,3,regression,current_solution,spline_quantile_m2,24.39311073606372,3.9379233025667792
22,3,regression,null,null,106.09336649976807,7.7089061266841075
22,3,regression,linear,linear,83.14635503458871,7.091697851122367
22,3,regression,cubic_polynomial,cubic_polynomial,24.809101476280063,3.665904649590993
22,3,classification,nested_minimum,spline_quantile_m0,0.5206452750997939,0.1572236229241679
22,3,classification,nested_one_se,spline_quantile_m0,0.5206452750997939,0.1572236229241679
22,3,classification,current_solution,spline_quantile_m0,0.5206452750997939,0.1572236229241679
22,3,classification,null,null,0.5999520607989034,0.20462500000000006
22,3,classification,linear,linear,0.6139658171140169,0.21038622771489857
22,3,classification,cubic_polynomial,cubic_polynomial,0.520645275300812,0.15722362304876494
22,4,regression,nested_minimum,spline_equal_m3,15.908982124126394,3.0330079770386877
22,4,regression,nested_one_se,spline_quantile_m1,15.123157714672182,2.9757570573839383
22,4,regression,current_solution,spline_quantile_m2,15.437470200971784,2.9540263683046657
22,4,regression,null,null,80.45956648409292,7.2291819571730445
22,4,regression,linear,linear,70.77420145990799,6.338922870859103
22,4,regression,cubic_polynomial,cubic_polynomial,17.737296797227387,3.267954284070015
22,4,classification,nested_minimum,spline_equal_m1,0.5158410796928957,0.15804367190496835
22,4,classification,nested_one_se,spline_quantile_m0,0.49165114157142287,0.15227091310094087
22,4,classification,current_solution,spline_quantile_m0,0.49165114157142287,0.15227091310094087
22,4,classification,null,null,0.6129330839744711,0.21090000000000003
22,4,classification,linear,linear,0.6427676316116567,0.22416266948198899
22,4,classification,cubic_polynomial,cubic_polynomial,0.49165114110246705,0.15227091378276753
23,0,regression,nested_minimum,spline_equal_m1,18.848628334970144,3.567599068322553
23,0,regression,nested_one_se,spline_quantile_m0,22.813583667808143,3.803404278944577
23,0,regression,current_solution,spline_quantile_m2,18.93617318702415,3.566147819035125
23,0,regression,null,null,70.15589138099615,6.13114774479143
23,0,regression,linear,linear,50.42383693073903,5.702635344496772
23,0,regression,cubic_polynomial,cubic_polynomial,22.813583667808185,3.803404278944577
23,0,classification,nested_minimum,spline_quantile_m0,0.5298804438551223,0.16476567778660478
23,0,classification,nested_one_se,spline_quantile_m0,0.5298804438551223,0.16476567778660478
23,0,classification,current_solution,spline_quantile_m0,0.5298804438551223,0.16476567778660478
23,0,classification,null,null,0.6269265908433009,0.21762500000000004
23,0,classification,linear,linear,0.6155196904140813,0.21315513774889946
23,0,classification,cubic_polynomial,cubic_polynomial,0.5298804404246696,0.16476567830331304
23,1,regression,nested_minimum,spline_quantile_m4,27.446331641386397,4.189613051761816
23,1,regression,nested_one_se,spline_quantile_m1,24.286307558926655,3.8903625895827934
23,1,regression,current_solution,spline_quantile_m2,24.924771239991525,3.9650163757730765
23,1,regression,null,null,122.72196469263379,8.582513154005007
23,1,regression,linear,linear,107.24342835629255,8.017538917864314
23,1,regression,cubic_polynomial,cubic_polynomial,26.548614201850953,4.101560092649555
23,1,classification,nested_minimum,spline_quantile_m0,0.4882609621323375,0.15413185635572532
23,1,classification,nested_one_se,spline_quantile_m0,0.4882609621323375,0.15413185635572532
23,1,classification,current_solution,spline_quantile_m0,0.4882609621323375,0.15413185635572532
23,1,classification,null,null,0.675109015433435,0.24050000000000002
23,1,classification,linear,linear,0.6835436742299146,0.24346123624637164
23,1,classification,cubic_polynomial,cubic_polynomial,0.48826096439997374,0.15413185723337558
23,2,regression,nested_minimum,spline_equal_m1,20.881516073425413,3.2483952438157484
23,2,regression,nested_one_se,spline_quantile_m1,20.8442455532942,3.2448300350488815
23,2,regression,current_solution,spline_quantile_m2,20.886651252970196,3.2838923953978383
23,2,regression,null,null,96.46198460762629,7.080841619630759
23,2,regression,linear,linear,82.09001014766086,6.725002401649316
23,2,regression,cubic_polynomial,cubic_polynomial,23.426795567303028,3.48822995606361
23,2,classification,nested_minimum,spline_quantile_m0,0.3591459497596691,0.11346277470947085
23,2,classification,nested_one_se,spline_quantile_m0,0.3591459497596691,0.11346277470947085
23,2,classification,current_solution,spline_quantile_m0,0.3591459497596691,0.11346277470947085
23,2,classification,null,null,0.5879719404883346,0.19880000000000003
23,2,classification,linear,linear,0.5746921325679386,0.1934216995210566
23,2,classification,cubic_polynomial,cubic_polynomial,0.35914595172515434,0.11346277444747357
23,3,regression,nested_minimum,spline_quantile_m4,17.39436472984321,3.4745960412472074
23,3,regression,nested_one_se,spline_quantile_m0,15.891115841910741,3.171082945078484
23,3,regression,current_solution,spline_quantile_m2,16.40206413524448,3.424972857400229
23,3,regression,null,null,69.61577490434598,6.717233979408069
23,3,regression,linear,linear,74.58985517456932,6.877518901962431
23,3,regression,cubic_polynomial,cubic_polynomial,15.891115841910759,3.171082945078483
23,3,classification,nested_minimum,spline_quantile_m0,0.3617892854353404,0.11084970747810116
23,3,classification,nested_one_se,spline_quantile_m0,0.3617892854353404,0.11084970747810116
23,3,classification,current_solution,spline_quantile_m0,0.3617892854353404,0.11084970747810116
23,3,classification,null,null,0.6129330839744711,0.2109
23,3,classification,linear,linear,0.6170989434679328,0.2113992473323934
23,3,classification,cubic_polynomial,cubic_polynomial,0.361789276026768,0.11084970433286907
23,4,regression,nested_minimum,spline_quantile_m1,22.383963051890078,3.550023487899856
23,4,regression,nested_one_se,spline_quantile_m1,22.383963051890078,3.550023487899856
23,4,regression,current_solution,spline_quantile_m2,21.857421941511564,3.4984371030269266
23,4,regression,null,null,110.1557813893952,8.030322224077961
23,4,regression,linear,linear,83.00267529480517,7.272377389463731
23,4,regression,cubic_polynomial,cubic_polynomial,22.326079294753516,3.637529725982556
23,4,classification,nested_minimum,spline_quantile_m3,0.5161896127348234,0.16239248114571248
23,4,classification,nested_one_se,spline_quantile_m0,0.45347995473757513,0.14537070738865587
23,4,classification,current_solution,spline_quantile_m0,0.45347995473757513,0.14537070738865587
23,4,classification,null,null,0.658001072517085,0.232425
23,4,classification,linear,linear,0.6685761893897988,0.23653821456924937
23,4,classification,cubic_polynomial,cubic_polynomial,0.45347995842894584,0.14537070947897035
24,0,regression,nested_minimum,spline_equal_m1,16.460960035311352,3.127803167411896
24,0,regression,nested_one_se,spline_quantile_m1,16.458736763830288,3.119496293947984
24,0,regression,current_solution,spline_quantile_m2,16.576499101569365,3.180063726569271
24,0,regression,null,null,68.63289803627617,6.459748342487103
24,0,regression,linear,linear,57.543358632314245,5.9133865984727985
24,0,regression,cubic_polynomial,cubic_polynomial,18.43286014497397,3.363123614033159
24,0,classification,nested_minimum,spline_quantile_m0,0.522529094002868,0.1776993849571977
24,0,classification,nested_one_se,spline_quantile_m0,0.522529094002868,0.1776993849571977
24,0,classification,current_solution,spline_quantile_m0,0.522529094002868,0.1776993849571977
24,0,classification,null,null,0.6269265908433007,0.21762499999999999
24,0,classification,linear,linear,0.6260425048762405,0.2163660702869001
24,0,classification,cubic_polynomial,cubic_polynomial,0.5225290956500657,0.17769938559901008
24,1,regression,nested_minimum,spline_quantile_m3,18.027626863077458,3.584742811509545
24,1,regression,nested_one_se,spline_quantile_m0,18.672185057975376,3.6370897074036423
24,1,regression,current_solution,spline_quantile_m2,17.19610532668058,3.432648552362504
24,1,regression,null,null,88.38877058274416,7.33156014317095
24,1,regression,linear,linear,67.77211092400634,6.497465570339355
24,1,regression,cubic_polynomial,cubic_polynomial,18.67218505797533,3.637089707403635
24,1,classification,nested_minimum,spline_quantile_m0,0.393308235569918,0.12242699865030936
24,1,classification,nested_one_se,spline_quantile_m0,0.393308235569918,0.12242699865030936
24,1,classification,current_solution,spline_quantile_m0,0.393308235569918,0.12242699865030936
24,1,classification,null,null,0.6129330839744711,0.21090000000000003
24,1,classification,linear,linear,0.5834908773473589,0.19803746559029933
24,1,classification,cubic_polynomial,cubic_polynomial,0.39330823601168047,0.1224269988802911
24,2,regression,nested_minimum,spline_equal_m1,27.71597088710819,3.9638298575458437
24,2,regression,nested_one_se,spline_quantile_m1,27.791806811320452,3.974183298945917
24,2,regression,current_solution,spline_quantile_m2,27.181504636254058,3.9322418254859683
24,2,regression,null,null,139.40566794772548,8.77090540058235
24,2,regression,linear,linear,101.58669075204506,7.537091894799346
24,2,regression,cubic_polynomial,cubic_polynomial,30.845288504513075,4.105618745626272
24,2,classification,nested_minimum,spline_quantile_m0,0.37255185990509404,0.11276340090277728
24,2,classification,nested_one_se,spline_quantile_m0,0.37255185990509404,0.11276340090277728
24,2,classification,current_solution,spline_quantile_m0,0.37255185990509404,0.11276340090277728
24,2,classification,null,null,0.641944893619954,0.22479999999999997
24,2,classification,linear,linear,0.6345031138376118,0.22132293237514974
24,2,classification,cubic_polynomial,cubic_polynomial,0.3725518542404046,0.1127633986918128
24,3,regression,nested_minimum,spline_quantile_m1,17.43841900048768,3.304936428146176
24,3,regression,nested_one_se,spline_quantile_m1,17.43841900048768,3.304936428146176
24,3,regression,current_solution,spline_quantile_m2,17.034839141110403,3.250778401512104
24,3,regression,null,null,100.96511798001207,7.215626969593786
24,3,regression,linear,linear,83.84563262610978,6.992860262492895
24,3,regression,cubic_polynomial,cubic_polynomial,18.86876576876327,3.2511149314983534
24,3,classification,nested_minimum,spline_quantile_m0,0.5186621500777837,0.1583566116611342
24,3,classification,nested_one_se,spline_quantile_m0,0.5186621500777837,0.1583566116611342
24,3,classification,current_solution,spline_quantile_m0,0.5186621500777837,0.1583566116611342
24,3,classification,null,null,0.6419448936199541,0.22479999999999997
24,3,classification,linear,linear,0.6555681955214816,0.23082726626433783
24,3,classification,cubic_polynomial,cubic_polynomial,0.5186621499173046,0.1583566116559722
24,4,regression,nested_minimum,spline_equal_m1,19.84036709949575,3.5762874123444406
24,4,regression,nested_one_se,spline_quantile_m0,19.998952298470048,3.6263424778315865
24,4,regression,current_solution,spline_quantile_m2,20.447657456011335,3.6085908984401476
24,4,regression,null,null,74.86918019517753,6.967011112498849
24,4,regression,linear,linear,88.56252476402089,7.714687778384413
24,4,regression,cubic_polynomial,cubic_polynomial,19.99895229846996,3.626342477831573
24,4,classification,nested_minimum,spline_quantile_m0,0.3704600125059394,0.11558247357291221
24,4,classification,nested_one_se,spline_quantile_m0,0.3704600125059394,0.11558247357291221
24,4,classification,current_solution,spline_quantile_m0,0.3704600125059394,0.11558247357291221
24,4,classification,null,null,0.6269265908433007,0.21762499999999999
24,4,classification,linear,linear,0.6449109170223075,0.22476736219496893
24,4,classification,cubic_polynomial,cubic_polynomial,0.37046001259239886,0.11558247342189476
25,0,regression,nested_minimum,spline_equal_m2,20.936837223407583,3.6683069672536597
25,0,regression,nested_one_se,spline_quantile_m0,22.829936147526663,3.668746882493494
25,0,regression,current_solution,spline_quantile_m2,21.016189515423694,3.6703187844936362
25,0,regression,null,null,69.53377459371774,6.504249213406012
25,0,regression,linear,linear,73.94796394985735,6.670070539708413
25,0,regression,cubic_polynomial,cubic_polynomial,22.82993614752664,3.6687468824934992
25,0,classification,nested_minimum,spline_quantile_m0,0.40967087455630463,0.13353095161756337
25,0,classification,nested_one_se,spline_quantile_m0,0.40967087455630463,0.13353095161756337
25,0,classification,current_solution,spline_quantile_m0,0.40967087455630463,0.13353095161756337
25,0,classification,null,null,0.6751090154334349,0.24049999999999996
25,0,classification,linear,linear,0.6714345121619059,0.2380627490637562
25,0,classification,cubic_polynomial,cubic_polynomial,0.4096708746319897,0.13353095152953431
25,1,regression,nested_minimum,spline_quantile_m2,22.46970819661726,3.5379632445618374
25,1,regression,nested_one_se,spline_quantile_m0,25.823055586236727,3.700402110826795
25,1,regression,current_solution,spline_quantile_m2,22.46970819661726,3.5379632445618374
25,1,regression,null,null,103.05754461404706,7.60409575474959
25,1,regression,linear,linear,92.47629292595877,7.103360071642751
25,1,regression,cubic_polynomial,cubic_polynomial,25.823055586236652,3.70040211082679
25,1,classification,nested_minimum,spline_quantile_m0,0.4142787633635331,0.13685693558379414
25,1,classification,nested_one_se,spline_quantile_m0,0.4142787633635331,0.13685693558379414
25,1,classification,current_solution,spline_quantile_m0,0.4142787633635331,0.13685693558379414
25,1,classification,null,null,0.641944893619954,0.22479999999999997
25,1,classification,linear,linear,0.6331140761539142,0.22124913480438813
25,1,classification,cubic_polynomial,cubic_polynomial,0.41427876389335355,0.1368569357279785
25,2,regression,nested_minimum,spline_quantile_m1,15.527921301361923,2.9741130467707477
25,2,regression,nested_one_se,spline_quantile_m0,18.546838512641685,3.34242273282142
25,2,regression,current_solution,spline_quantile_m2,15.052312630006433,2.90484275420752
25,2,regression,null,null,106.98215188968089,7.78927106877667
25,2,regression,linear,linear,86.03228821327365,6.928779098460239
25,2,regression,cubic_polynomial,cubic_polynomial,18.54683851264168,3.34242273282142
25,2,classification,nested_minimum,spline_quantile_m0,0.5178429986322868,0.15267765855256984
25,2,classification,nested_one_se,spline_quantile_m0,0.5178429986322868,0.15267765855256984
25,2,classification,current_solution,spline_quantile_m0,0.5178429986322868,0.15267765855256984
25,2,classification,null,null,0.5879719404883346,0.19879999999999998
25,2,classification,linear,linear,0.5849372458278561,0.19710823466994612
25,2,classification,cubic_polynomial,cubic_polynomial,0.5178429954720898,0.15267765820115944
25,3,regression,nested_minimum,spline_equal_m4,25.715908594289495,3.905347812563468
25,3,regression,nested_one_se,spline_quantile_m0,23.002919346863276,3.795266350117206
25,3,regression,current_solution,spline_quantile_m2,21.659981046144527,3.6220542488721956
25,3,regression,null,null,143.98637995801408,8.946195329477996
25,3,regression,linear,linear,101.32745490595295,7.789847499263415
25,3,regression,cubic_polynomial,cubic_polynomial,23.002919346863308,3.795266350117207
25,3,classification,nested_minimum,spline_equal_m1,0.5205091317862317,0.15619203423971784
25,3,classification,nested_one_se,spline_quantile_m0,0.48059332326643583,0.1492178851800796
25,3,classification,current_solution,spline_quantile_m0,0.48059332326643583,0.1492178851800796
25,3,classification,null,null,0.7328953526177457,0.2674250000000001
25,3,classification,linear,linear,0.7257869793405094,0.2628609497254148
25,3,classification,cubic_polynomial,cubic_polynomial,0.48059332346174094,0.1492178852545414
25,4,regression,nested_minimum,spline_quantile_m1,17.3858654457121,3.5602614506706654
25,4,regression,nested_one_se,spline_quantile_m1,17.3858654457121,3.5602614506706654
25,4,regression,current_solution,spline_quantile_m2,17.03572693047076,3.5145160392540946
25,4,regression,null,null,53.887860560499256,6.096902607915304
25,4,regression,linear,linear,52.12412269235909,6.318147416392172
25,4,regression,cubic_polynomial,cubic_polynomial,17.914417567676377,3.567863322677503
25,4,classification,nested_minimum,spline_quantile_m0,0.4214298318550367,0.132438750807139
25,4,classification,nested_one_se,spline_quantile_m0,0.4214298318550367,0.132438750807139
25,4,classification,current_solution,spline_quantile_m0,0.4214298318550367,0.132438750807139
25,4,classification,null,null,0.5579314676504359,0.18402500000000002
25,4,classification,linear,linear,0.5747182724325027,0.19136412028658703
25,4,classification,cubic_polynomial,cubic_polynomial,0.42142983122630284,0.1324387507667663
26,0,regression,nested_minimum,spline_quantile_m2,18.69263564486573,3.2918285754970134
26,0,regression,nested_one_se,spline_quantile_m1,18.973356883667204,3.3441055639167017
26,0,regression,current_solution,spline_quantile_m2,18.69263564486573,3.2918285754970134
26,0,regression,null,null,122.44258940562305,8.231476111471466
26,0,regression,linear,linear,92.50230919579906,7.144101704984077
26,0,regression,cubic_polynomial,cubic_polynomial,21.63657219025135,3.720580657023141
26,0,classification,nested_minimum,spline_quantile_m1,0.6007040045152039,0.18078528864564025
26,0,classification,nested_one_se,spline_quantile_m0,0.5388962214334239,0.16270007876427703
26,0,classification,current_solution,spline_quantile_m0,0.5388962214334239,0.16270007876427703
26,0,classification,null,null,0.6419448936199541,0.2248
26,0,classification,linear,linear,0.7513272732596508,0.2719906706218427
26,0,classification,cubic_polynomial,cubic_polynomial,0.5388962172900235,0.1627000770358418
26,1,regression,nested_minimum,spline_equal_m2,19.961004376632392,3.450488443495828
26,1,regression,nested_one_se,spline_quantile_m0,21.164222598262935,3.5973007591813286
26,1,regression,current_solution,spline_quantile_m2,19.801198809615695,3.4410005595012167
26,1,regression,null,null,89.53880581520842,7.025991611862787
26,1,regression,linear,linear,68.57184236227141,6.359236904524074
26,1,regression,cubic_polynomial,cubic_polynomial,21.164222598263,3.5973007591813384
26,1,classification,nested_minimum,spline_quantile_m0,0.5174205834547173,0.1742509462528415
26,1,classification,nested_one_se,spline_quantile_m0,0.5174205834547173,0.1742509462528415
26,1,classification,current_solution,spline_quantile_m0,0.5174205834547173,0.1742509462528415
26,1,classification,null,null,0.6751090154334349,0.24049999999999996
26,1,classification,linear,linear,0.6444663788380283,0.2267615478567439
26,1,classification,cubic_polynomial,cubic_polynomial,0.5174205806297738,0.17425094552393436
26,2,regression,nested_minimum,spline_quantile_m1,24.772933086313024,4.209828481973821
26,2,regression,nested_one_se,spline_quantile_m1,24.772933086313024,4.209828481973821
26,2,regression,current_solution,spline_quantile_m2,24.34334529590701,4.134455336143361
26,2,regression,null,null,58.80315951558622,6.3197114996769015
26,2,regression,linear,linear,66.86179491867576,6.334056196461488
26,2,regression,cubic_polynomial,cubic_polynomial,25.03218840333656,4.2025211876448205
26,2,classification,nested_minimum,spline_quantile_m0,0.4571453976217997,0.1441584345823454
26,2,classification,nested_one_se,spline_quantile_m0,0.4571453976217997,0.1441584345823454
26,2,classification,current_solution,spline_quantile_m0,0.4571453976217997,0.1441584345823454
26,2,classification,null,null,0.6269265908433007,0.21762500000000004
26,2,classification,linear,linear,0.7429163232131204,0.2648561552493119
26,2,classification,cubic_polynomial,cubic_polynomial,0.45714539671005655,0.14415843395026967
26,3,regression,nested_minimum,spline_equal_m1,13.978252474955411,2.890143019050639
26,3,regression,nested_one_se,spline_quantile_m0,16.754962161063673,3.159401461215852
26,3,regression,current_solution,spline_quantile_m2,14.252861367026485,2.9689472042271383
26,3,regression,null,null,56.03143877020637,5.957400099362826
26,3,regression,linear,linear,55.934823124770695,6.392869496276006
26,3,regression,cubic_polynomial,cubic_polynomial,16.754962161063748,3.15940146121586
26,3,classification,nested_minimum,spline_quantile_m0,0.3749208293546758,0.11776837026263215
26,3,classification,nested_one_se,spline_quantile_m0,0.3749208293546758,0.11776837026263215
26,3,classification,current_solution,spline_quantile_m0,0.3749208293546758,0.11776837026263215
26,3,classification,null,null,0.5879719404883345,0.19880000000000003
26,3,classification,linear,linear,0.5523867279770662,0.18298160368722416
26,3,classification,cubic_polynomial,cubic_polynomial,0.3749208274996381,0.11776836947087817
26,4,regression,nested_minimum,spline_quantile_m1,22.12906878758016,3.573296845053686
26,4,regression,nested_one_se,spline_quantile_m1,22.12906878758016,3.573296845053686
26,4,regression,current_solution,spline_quantile_m2,21.750404182530605,3.5532744343797
26,4,regression,null,null,146.3576336430944,9.05327713789087
26,4,regression,linear,linear,116.84649227445334,8.517234650256245
26,4,regression,cubic_polynomial,cubic_polynomial,24.770173064034893,3.622278844362458
26,4,classification,nested_minimum,spline_equal_m1,0.40316911451758847,0.12429708804723892
26,4,classification,nested_one_se,spline_quantile_m0,0.37402877666819767,0.1171338894629094
26,4,classification,current_solution,spline_quantile_m0,0.37402877666819767,0.1171338894629094
26,4,classification,null,null,0.6269265908433007,0.21762500000000004
26,4,classification,linear,linear,0.6178627544219158,0.214595219027839
26,4,classification,cubic_polynomial,cubic_polynomial,0.3740287773356434,0.11713388957766811
27,0,regression,nested_minimum,spline_equal_m3,19.52483774391163,3.6606664660775676
27,0,regression,nested_one_se,spline_quantile_m0,20.734316689003336,3.7717079694124913
27,0,regression,current_solution,spline_quantile_m2,19.004856136506604,3.6045149904965683
27,0,regression,null,null,67.92882067300721,6.678473627066556
27,0,regression,linear,linear,66.23188060844787,6.505489207908139
27,0,regression,cubic_polynomial,cubic_polynomial,20.73431668900331,3.7717079694124913
27,0,classification,nested_minimum,spline_quantile_m0,0.4316544274721105,0.14163235115476427
27,0,classification,nested_one_se,spline_quantile_m0,0.4316544274721105,0.14163235115476427
27,0,classification,current_solution,spline_quantile_m0,0.4316544274721105,0.14163235115476427
27,0,classification,null,null,0.5669715419418234,0.18849999999999997
27,0,classification,linear,linear,0.5624949014286633,0.18781790726575096
27,0,classification,cubic_polynomial,cubic_polynomial,0.43165442628037715,0.14163235081116735
27,1,regression,nested_minimum,spline_equal_m2,16.23314992620696,3.217750764934691
27,1,regression,nested_one_se,spline_quantile_m1,16.38326460426604,3.2655713327978475
27,1,regression,current_solution,spline_quantile_m2,16.29425527363308,3.223818540452164
27,1,regression,null,null,56.44784224046663,5.9959757598045575
27,1,regression,linear,linear,59.086908451952766,5.902835490953278
27,1,regression,cubic_polynomial,cubic_polynomial,16.318684624672752,3.1806638531188884
27,1,classification,nested_minimum,spline_quantile_m2,0.4209011330422188,0.13107539730799558
27,1,classification,nested_one_se,spline_quantile_m0,0.4136091282798934,0.1270806008477956
27,1,classification,current_solution,spline_quantile_m0,0.4136091282798934,0.1270806008477956
27,1,classification,null,null,0.5879719404883346,0.19879999999999998
27,1,classification,linear,linear,0.590041518093458,0.19972261576429978
27,1,classification,cubic_polynomial,cubic_polynomial,0.41360912711758724,0.12708060045921984
27,2,regression,nested_minimum,spline_equal_m2,19.37401965037549,3.347502565662464
27,2,regression,nested_one_se,spline_quantile_m0,22.802568581540886,3.4053783537056637
27,2,regression,current_solution,spline_quantile_m2,19.483505838511714,3.3399466536235956
27,2,regression,null,null,144.15946087319813,8.565411495790928
27,2,regression,linear,linear,105.8757096323662,7.621619099000314
27,2,regression,cubic_polynomial,cubic_polynomial,22.80256858154084,3.405378353705661
27,2,classification,nested_minimum,spline_quantile_m0,0.5255949064613451,0.1689020394741047
27,2,classification,nested_one_se,spline_quantile_m0,0.5255949064613451,0.1689020394741047
27,2,classification,current_solution,spline_quantile_m0,0.5255949064613451,0.1689020394741047
27,2,classification,null,null,0.6751090154334349,0.24049999999999996
27,2,classification,linear,linear,0.6552042695181828,0.2314137958829658
27,2,classification,cubic_polynomial,cubic_polynomial,0.525594902249451,0.1689020374394486
27,3,regression,nested_minimum,spline_quantile_m1,21.93155427450693,3.5280893016773933
27,3,regression,nested_one_se,spline_quantile_m1,21.93155427450693,3.5280893016773933
27,3,regression,current_solution,spline_quantile_m2,21.66574504640839,3.465855489553971
27,3,regression,null,null,139.78141456498474,8.664234566513674
27,3,regression,linear,linear,103.37465090186163,7.787584904470986
27,3,regression,cubic_polynomial,cubic_polynomial,24.899298305837505,3.862618931775832
27,3,classification,nested_minimum,spline_quantile_m0,0.46911183065258943,0.15174183678071942
27,3,classification,nested_one_se,spline_quantile_m0,0.46911183065258943,0.15174183678071942
27,3,classification,current_solution,spline_quantile_m0,0.46911183065258943,0.15174183678071942
27,3,classification,null,null,0.7543669705920033,0.2773
27,3,classification,linear,linear,0.7489886958885498,0.274531627218575
27,3,classification,cubic_polynomial,cubic_polynomial,0.46911181276558983,0.15174183069329458
27,4,regression,nested_minimum,spline_quantile_m1,22.401594904582417,3.707198587667932
27,4,regression,nested_one_se,spline_quantile_m1,22.401594904582417,3.707198587667932
27,4,regression,current_solution,spline_quantile_m2,21.987434256373508,3.7125179075077774
27,4,regression,null,null,70.05637286074351,6.89015566642581
27,4,regression,linear,linear,74.46261363349308,6.942942987559643
27,4,regression,cubic_polynomial,cubic_polynomial,22.924723223500905,3.7470519254049126
27,4,classification,nested_minimum,spline_quantile_m0,0.4102155607799819,0.12352924922158749
27,4,classification,nested_one_se,spline_quantile_m0,0.4102155607799819,0.12352924922158749
27,4,classification,current_solution,spline_quantile_m0,0.4102155607799819,0.12352924922158749
27,4,classification,null,null,0.6129330839744711,0.2109
27,4,classification,linear,linear,0.6805669388352998,0.2394756325208063
27,4,classification,cubic_polynomial,cubic_polynomial,0.41021556162676076,0.12352924985835038
28,0,regression,nested_minimum,spline_equal_m1,22.993441988965383,3.70780212663581
28,0,regression,nested_one_se,spline_quantile_m1,23.191665475951883,3.726293972782934
28,0,regression,current_solution,spline_quantile_m2,22.821956568734766,3.7036536362301637
28,0,regression,null,null,98.03117282329421,7.8457334654880535
28,0,regression,linear,linear,68.40557167800743,6.65977262954808
28,0,regression,cubic_polynomial,cubic_polynomial,22.708807767977646,3.620899549199136
28,0,classification,nested_minimum,spline_quantile_m0,0.39018958489090577,0.12258205765619894
28,0,classification,nested_one_se,spline_quantile_m0,0.39018958489090577,0.12258205765619894
28,0,classification,current_solution,spline_quantile_m0,0.39018958489090577,0.12258205765619894
28,0,classification,null,null,0.693283461000297,0.24902500000000002
28,0,classification,linear,linear,0.6887681961648602,0.2461253428112425
28,0,classification,cubic_polynomial,cubic_polynomial,0.3901895842973342,0.12258205737820864
28,1,regression,nested_minimum,spline_equal_m2,22.452307240347647,3.7039521185208377
28,1,regression,nested_one_se,spline_quantile_m0,22.482460716122073,3.8770068739218466
28,1,regression,current_solution,spline_quantile_m2,22.419599030086705,3.7065083396716134
28,1,regression,null,null,84.63761895832054,7.571349697285857
28,1,regression,linear,linear,81.25517428523582,7.106501359560396
28,1,regression,cubic_polynomial,cubic_polynomial,22.482460716122063,3.8770068739218453
28,1,classification,nested_minimum,spline_quantile_m0,0.4047056325265639,0.12649602453886155
28,1,classification,nested_one_se,spline_quantile_m0,0.4047056325265639,0.12649602453886155
28,1,classification,current_solution,spline_quantile_m0,0.4047056325265639,0.12649602453886155
28,1,classification,null,null,0.6269265908433007,0.21762500000000004
28,1,classification,linear,linear,0.6346804970887046,0.21997156902258597
28,1,classification,cubic_polynomial,cubic_polynomial,0.40470563317396724,0.12649602460349121
28,2,regression,nested_minimum,spline_equal_m1,16.290654240155888,3.295328629413201
28,2,regression,nested_one_se,spline_quantile_m1,16.237196287983412,3.28808322211663
28,2,regression,current_solution,spline_quantile_m2,16.9290438767871,3.3492907321607794
28,2,regression,null,null,61.492715679361865,6.098813213113972
28,2,regression,linear,linear,60.697351790160354,6.121894201853577
28,2,regression,cubic_polynomial,cubic_polynomial,18.507819287334982,3.4525882380890205
28,2,classification,nested_minimum,spline_quantile_m0,0.4491304155540366,0.1348393450896161
28,2,classification,nested_one_se,spline_quantile_m0,0.4491304155540366,0.1348393450896161
28,2,classification,current_solution,spline_quantile_m0,0.4491304155540366,0.1348393450896161
28,2,classification,null,null,0.5669715419418234,0.18849999999999997
28,2,classification,linear,linear,0.5738903961042225,0.19298469004216315
28,2,classification,cubic_polynomial,cubic_polynomial,0.4491304158024862,0.1348393451452633
28,3,regression,nested_minimum,spline_equal_m1,19.826189421286884,3.4320887883497817
28,3,regression,nested_one_se,spline_quantile_m0,24.15253984532822,3.769008418879139
28,3,regression,current_solution,spline_quantile_m2,19.247323913854363,3.412284450588049
28,3,regression,null,null,97.9445282188381,7.0794589956199685
28,3,regression,linear,linear,85.78737468236315,6.498433517475755
28,3,regression,cubic_polynomial,cubic_polynomial,24.15253984532819,3.76900841887914
28,3,classification,nested_minimum,spline_quantile_m0,0.4205316984973585,0.1303502099628725
28,3,classification,nested_one_se,spline_quantile_m0,0.4205316984973585,0.1303502099628725
28,3,classification,current_solution,spline_quantile_m0,0.4205316984973585,0.1303502099628725
28,3,classification,null,null,0.6269265908433007,0.21762500000000004
28,3,classification,linear,linear,0.5991539338562081,0.205279504867406
28,3,classification,cubic_polynomial,cubic_polynomial,0.4205316980543054,0.13035021011195203
28,4,regression,nested_minimum,spline_equal_m1,18.390832568198906,3.259743979944287
28,4,regression,nested_one_se,spline_quantile_m0,21.025630642058978,3.4446910440430156
28,4,regression,current_solution,spline_quantile_m2,18.140535635836095,3.236929283698129
28,4,regression,null,null,130.36401904743718,8.08917937707032
28,4,regression,linear,linear,105.21992583127016,8.223284571429776
28,4,regression,cubic_polynomial,cubic_polynomial,21.025630642059067,3.444691044043026
28,4,classification,nested_minimum,spline_quantile_m2,0.5694897694102959,0.1782992698148865
28,4,classification,nested_one_se,spline_quantile_m0,0.5000142298406527,0.1661024497343088
28,4,classification,current_solution,spline_quantile_m0,0.5000142298406527,0.1661024497343088
28,4,classification,null,null,0.658001072517085,0.23242500000000008
28,4,classification,linear,linear,0.6741735758753591,0.2386921352228847
28,4,classification,cubic_polynomial,cubic_polynomial,0.5000142311335556,0.16610244991864678
29,0,regression,nested_minimum,spline_equal_m1,13.324830806533814,2.783970288071172
29,0,regression,nested_one_se,spline_quantile_m0,15.746128708475094,3.1150225420384596
29,0,regression,current_solution,spline_quantile_m2,13.250182188699,2.7718151403726323
29,0,regression,null,null,76.47845037638463,6.227409405292717
29,0,regression,linear,linear,51.655110417075136,5.808713623560822
29,0,regression,cubic_polynomial,cubic_polynomial,15.746128708475117,3.11502254203846
29,0,classification,nested_minimum,spline_quantile_m2,0.6236811921894453,0.20712844969534092
29,0,classification,nested_one_se,spline_quantile_m0,0.47677118396267687,0.16147365188984023
29,0,classification,current_solution,spline_quantile_m0,0.47677118396267687,0.16147365188984023
29,0,classification,null,null,0.6419448936199541,0.22479999999999997
29,0,classification,linear,linear,0.6273053674460679,0.21822846829043185
29,0,classification,cubic_polynomial,cubic_polynomial,0.4767711802260356,0.16147365000879674
29,1,regression,nested_minimum,spline_equal_m1,25.464655233138537,4.142148810531612
29,1,regression,nested_one_se,spline_quantile_m0,24.75117375240164,4.021104357238809
29,1,regression,current_solution,spline_quantile_m2,25.39705953133559,4.150830793267997
29,1,regression,null,null,57.751224869157305,6.2775594008650755
29,1,regression,linear,linear,65.5754226196903,6.185491937582452
29,1,regression,cubic_polynomial,cubic_polynomial,24.751173752401666,4.021104357238811
29,1,classification,nested_minimum,spline_quantile_m2,0.40138269398396886,0.11920042970925637
29,1,classification,nested_one_se,spline_quantile_m0,0.3893081866181881,0.1168051703227556
29,1,classification,current_solution,spline_quantile_m0,0.3893081866181881,0.1168051703227556
29,1,classification,null,null,0.6129330839744711,0.21090000000000003
29,1,classification,linear,linear,0.6226586939824903,0.21487062674344595
29,1,classification,cubic_polynomial,cubic_polynomial,0.38930818732952505,0.1168051705817223
29,2,regression,nested_minimum,spline_equal_m2,17.474754959004304,3.3842869440117265
29,2,regression,nested_one_se,spline_quantile_m1,16.852801140567262,3.2915205095234383
29,2,regression,current_solution,spline_quantile_m2,17.501289905172627,3.3814891843090935
29,2,regression,null,null,91.61671139462551,8.156152956453447
29,2,regression,linear,linear,75.99851658045687,7.021273919995229
29,2,regression,cubic_polynomial,cubic_polynomial,19.526217641537063,3.491138074483759
29,2,classification,nested_minimum,spline_quantile_m0,0.5168084583844458,0.15914176290981324
29,2,classification,nested_one_se,spline_quantile_m0,0.5168084583844458,0.15914176290981324
29,2,classification,current_solution,spline_quantile_m0,0.5168084583844458,0.15914176290981324
29,2,classification,null,null,0.6269265908433007,0.21762499999999999
29,2,classification,linear,linear,0.6043707210720498,0.20781569580338088
29,2,classification,cubic_polynomial,cubic_polynomial,0.5168084573273442,0.15914176279413236
29,3,regression,nested_minimum,spline_equal_m1,17.55597705460722,3.336550011175925
29,3,regression,nested_one_se,spline_quantile_m0,20.583187964475737,3.487375891396574
29,3,regression,current_solution,spline_quantile_m2,17.404257744662115,3.3490647898971724
29,3,regression,null,null,115.16004689041827,7.913466384049071
29,3,regression,linear,linear,95.36625398309324,7.697419260362024
29,3,regression,cubic_polynomial,cubic_polynomial,20.583187964475737,3.487375891396569
29,3,classification,nested_minimum,spline_quantile_m0,0.4742691140301918,0.14821356642032543
29,3,classification,nested_one_se,spline_quantile_m0,0.4742691140301918,0.14821356642032543
29,3,classification,current_solution,spline_quantile_m0,0.4742691140301918,0.14821356642032543
29,3,classification,null,null,0.6269265908433007,0.21762500000000004
29,3,classification,linear,linear,0.646464540975726,0.2261795294699146
29,3,classification,cubic_polynomial,cubic_polynomial,0.47426911403635535,0.1482135664935832
29,4,regression,nested_minimum,spline_equal_m1,27.43320858185288,3.9860648909497782
29,4,regression,nested_one_se,spline_quantile_m1,27.506162107086592,3.98725611155445
29,4,regression,current_solution,spline_quantile_m2,26.972116589623393,3.948504368302596
29,4,regression,null,null,128.19063346254552,7.995640157338166
29,4,regression,linear,linear,104.75415110205573,7.44010370569152
29,4,regression,cubic_polynomial,cubic_polynomial,30.000108025482337,4.201146606911295
29,4,classification,nested_minimum,spline_quantile_m0,0.3439907935116722,0.10877557025469037
29,4,classification,nested_one_se,spline_quantile_m0,0.3439907935116722,0.10877557025469037
29,4,classification,current_solution,spline_quantile_m0,0.3439907935116722,0.10877557025469037
29,4,classification,null,null,0.641944893619954,0.22479999999999997
29,4,classification,linear,linear,0.6317655579926821,0.2196184601116825
29,4,classification,cubic_polynomial,cubic_polynomial,0.343990793411006,0.10877557021300474
